condition,contrast,cluster,kind,wavelength_nm,difference,aggregation
B0,B0-M00,1,reflectance,913.1,-0.010904512917138232,difference of equal-sample representative means; not paired
B0,B0-M00,1,reflectance,918.5607450980392,-0.00798367517741616,difference of equal-sample representative means; not paired
B0,B0-M00,1,reflectance,924.0214901960785,-0.007313566514282499,difference of equal-sample representative means; not paired
B0,B0-M00,1,reflectance,929.4822352941177,-0.0058860689025037605,difference of equal-sample representative means; not paired
B0,B0-M00,1,reflectance,934.9429803921569,-0.004828675148192962,difference of equal-sample representative means; not paired
B0,B0-M00,1,reflectance,940.4037254901962,-0.004350394967501892,difference of equal-sample representative means; not paired
B0,B0-M00,1,reflectance,945.8644705882353,-0.0034208605500334333,difference of equal-sample representative means; not paired
B0,B0-M00,1,reflectance,951.3252156862745,-0.002627728600098189,difference of equal-sample representative means; not paired
B0,B0-M00,1,reflectance,956.7859607843137,-0.0018049661898716929,difference of equal-sample representative means; not paired
B0,B0-M00,1,reflectance,962.246705882353,-0.0009690724436667297,difference of equal-sample representative means; not paired
B0,B0-M00,1,reflectance,967.7074509803922,-0.00046938075978375515,difference of equal-sample representative means; not paired
B0,B0-M00,1,reflectance,973.1681960784314,-4.982607014170082e-05,difference of equal-sample representative means; not paired
B0,B0-M00,1,reflectance,978.6289411764706,0.0004316479317586497,difference of equal-sample representative means; not paired
B0,B0-M00,1,reflectance,984.0896862745099,0.0009357782185671626,difference of equal-sample representative means; not paired
B0,B0-M00,1,reflectance,989.550431372549,0.0013940562408137902,difference of equal-sample representative means; not paired
B0,B0-M00,1,reflectance,995.0111764705882,0.0017134327206488331,difference of equal-sample representative means; not paired
B0,B0-M00,1,reflectance,1000.4719215686275,0.001999882212615267,difference of equal-sample representative means; not paired
B0,B0-M00,1,reflectance,1005.9326666666667,0.002347839451340872,difference of equal-sample representative means; not paired
B0,B0-M00,1,reflectance,1011.3934117647059,0.0026630128847187073,difference of equal-sample representative means; not paired
B0,B0-M00,1,reflectance,1016.8541568627452,0.002931421644826959,difference of equal-sample representative means; not paired
B0,B0-M00,1,reflectance,1022.3149019607844,0.0031956001727386774,difference of equal-sample representative means; not paired
B0,B0-M00,1,reflectance,1027.7756470588236,0.003486097887441475,difference of equal-sample representative means; not paired
B0,B0-M00,1,reflectance,1033.2363921568628,0.0037658772692095166,difference of equal-sample representative means; not paired
B0,B0-M00,1,reflectance,1038.697137254902,0.004141472658687362,difference of equal-sample representative means; not paired
B0,B0-M00,1,reflectance,1044.1578823529412,0.004401760416643086,difference of equal-sample representative means; not paired
B0,B0-M00,1,reflectance,1049.6186274509805,0.004684293861035638,difference of equal-sample representative means; not paired
B0,B0-M00,1,reflectance,1055.0793725490196,0.005021616478022128,difference of equal-sample representative means; not paired
B0,B0-M00,1,reflectance,1060.5401176470589,0.005358454211125685,difference of equal-sample representative means; not paired
B0,B0-M00,1,reflectance,1066.0008627450982,0.005649645742060505,difference of equal-sample representative means; not paired
B0,B0-M00,1,reflectance,1071.4616078431372,0.00600479070123161,difference of equal-sample representative means; not paired
B0,B0-M00,1,reflectance,1076.9223529411765,0.006382875849288205,difference of equal-sample representative means; not paired
B0,B0-M00,1,reflectance,1082.3830980392158,0.00669197741337213,difference of equal-sample representative means; not paired
B0,B0-M00,1,reflectance,1087.843843137255,0.006878278665650273,difference of equal-sample representative means; not paired
B0,B0-M00,1,reflectance,1093.3045882352942,0.007061911109958574,difference of equal-sample representative means; not paired
B0,B0-M00,1,reflectance,1098.7653333333333,0.007324671871966615,difference of equal-sample representative means; not paired
B0,B0-M00,1,reflectance,1104.2260784313726,0.007631211196040599,difference of equal-sample representative means; not paired
B0,B0-M00,1,reflectance,1109.6868235294119,0.007868582432941196,difference of equal-sample representative means; not paired
B0,B0-M00,1,reflectance,1115.1475686274512,0.008205770378358346,difference of equal-sample representative means; not paired
B0,B0-M00,1,reflectance,1120.6083137254902,0.008353614487682348,difference of equal-sample representative means; not paired
B0,B0-M00,1,reflectance,1126.0690588235295,0.008454404947420446,difference of equal-sample representative means; not paired
B0,B0-M00,1,reflectance,1131.5298039215686,0.008474884668692395,difference of equal-sample representative means; not paired
B0,B0-M00,1,reflectance,1136.990549019608,0.008411426653918475,difference of equal-sample representative means; not paired
B0,B0-M00,1,reflectance,1142.4512941176472,0.008232309220971623,difference of equal-sample representative means; not paired
B0,B0-M00,1,reflectance,1147.9120392156863,0.00786412296382677,difference of equal-sample representative means; not paired
B0,B0-M00,1,reflectance,1153.3727843137256,0.00750110510683244,difference of equal-sample representative means; not paired
B0,B0-M00,1,reflectance,1158.8335294117649,0.006998896912428387,difference of equal-sample representative means; not paired
B0,B0-M00,1,reflectance,1164.294274509804,0.0065622517569942085,difference of equal-sample representative means; not paired
B0,B0-M00,1,reflectance,1169.7550196078432,0.006227620952957813,difference of equal-sample representative means; not paired
B0,B0-M00,1,reflectance,1175.2157647058825,0.005888614435620609,difference of equal-sample representative means; not paired
B0,B0-M00,1,reflectance,1180.6765098039216,0.005486138388387962,difference of equal-sample representative means; not paired
B0,B0-M00,1,reflectance,1186.137254901961,0.005080659816404043,difference of equal-sample representative means; not paired
B0,B0-M00,1,reflectance,1191.598,0.004748278163250519,difference of equal-sample representative means; not paired
B0,B0-M00,1,reflectance,1197.0587450980393,0.004621166116236308,difference of equal-sample representative means; not paired
B0,B0-M00,1,reflectance,1202.5194901960786,0.004635211944828521,difference of equal-sample representative means; not paired
B0,B0-M00,1,reflectance,1207.9802352941178,0.004745984673943382,difference of equal-sample representative means; not paired
B0,B0-M00,1,reflectance,1213.440980392157,0.004816997759316433,difference of equal-sample representative means; not paired
B0,B0-M00,1,reflectance,1218.9017254901962,0.004899468278984798,difference of equal-sample representative means; not paired
B0,B0-M00,1,reflectance,1224.3624705882353,0.005118679281375216,difference of equal-sample representative means; not paired
B0,B0-M00,1,reflectance,1229.8232156862746,0.005399610516122255,difference of equal-sample representative means; not paired
B0,B0-M00,1,reflectance,1235.2839607843139,0.005712153405884934,difference of equal-sample representative means; not paired
B0,B0-M00,1,reflectance,1240.7447058823532,0.006002449333244897,difference of equal-sample representative means; not paired
B0,B0-M00,1,reflectance,1246.2054509803922,0.00634691355957262,difference of equal-sample representative means; not paired
B0,B0-M00,1,reflectance,1251.6661960784315,0.006651426846809971,difference of equal-sample representative means; not paired
B0,B0-M00,1,reflectance,1257.1269411764706,0.006897654667972319,difference of equal-sample representative means; not paired
B0,B0-M00,1,reflectance,1262.58768627451,0.0070867729939234625,difference of equal-sample representative means; not paired
B0,B0-M00,1,reflectance,1268.0484313725492,0.007207432389412793,difference of equal-sample representative means; not paired
B0,B0-M00,1,reflectance,1273.5091764705883,0.007471152142999649,difference of equal-sample representative means; not paired
B0,B0-M00,1,reflectance,1278.9699215686276,0.007602089777492216,difference of equal-sample representative means; not paired
B0,B0-M00,1,reflectance,1284.4306666666666,0.007877670257909197,difference of equal-sample representative means; not paired
B0,B0-M00,1,reflectance,1289.891411764706,0.008181445929004716,difference of equal-sample representative means; not paired
B0,B0-M00,1,reflectance,1295.3521568627452,0.008507933631136222,difference of equal-sample representative means; not paired
B0,B0-M00,1,reflectance,1300.8129019607845,0.00861305265785084,difference of equal-sample representative means; not paired
B0,B0-M00,1,reflectance,1306.2736470588236,0.008388653464021512,difference of equal-sample representative means; not paired
B0,B0-M00,1,reflectance,1311.734392156863,0.008868795213145653,difference of equal-sample representative means; not paired
B0,B0-M00,1,reflectance,1317.195137254902,0.008674508700045602,difference of equal-sample representative means; not paired
B0,B0-M00,1,reflectance,1322.6558823529413,0.00847369700643108,difference of equal-sample representative means; not paired
B0,B0-M00,1,reflectance,1328.1166274509806,0.008092470459859502,difference of equal-sample representative means; not paired
B0,B0-M00,1,reflectance,1333.5773725490199,0.007534592024889597,difference of equal-sample representative means; not paired
B0,B0-M00,1,reflectance,1339.038117647059,0.006854258807936886,difference of equal-sample representative means; not paired
B0,B0-M00,1,reflectance,1344.4988627450982,0.00607166175438012,difference of equal-sample representative means; not paired
B0,B0-M00,1,reflectance,1349.9596078431373,0.005157628382231438,difference of equal-sample representative means; not paired
B0,B0-M00,1,reflectance,1355.4203529411766,0.0043043850025904495,difference of equal-sample representative means; not paired
B0,B0-M00,1,reflectance,1360.8810980392159,0.0034834989735330613,difference of equal-sample representative means; not paired
B0,B0-M00,1,reflectance,1366.341843137255,0.002826166767565086,difference of equal-sample representative means; not paired
B0,B0-M00,1,reflectance,1371.8025882352943,0.002299390731849593,difference of equal-sample representative means; not paired
B0,B0-M00,1,reflectance,1377.2633333333333,0.0018814115706679013,difference of equal-sample representative means; not paired
B0,B0-M00,1,reflectance,1382.7240784313726,0.0015500925513610708,difference of equal-sample representative means; not paired
B0,B0-M00,1,reflectance,1388.184823529412,0.0012365189448281244,difference of equal-sample representative means; not paired
B0,B0-M00,1,reflectance,1393.6455686274512,0.0007633789034696692,difference of equal-sample representative means; not paired
B0,B0-M00,1,reflectance,1399.1063137254903,0.00014978318419905934,difference of equal-sample representative means; not paired
B0,B0-M00,1,reflectance,1404.5670588235296,-0.00039245955630518026,difference of equal-sample representative means; not paired
B0,B0-M00,1,reflectance,1410.0278039215686,-0.0008478365999448623,difference of equal-sample representative means; not paired
B0,B0-M00,1,reflectance,1415.488549019608,-0.0012350043788459941,difference of equal-sample representative means; not paired
B0,B0-M00,1,reflectance,1420.9492941176472,-0.0015117235471305834,difference of equal-sample representative means; not paired
B0,B0-M00,1,reflectance,1426.4100392156865,-0.0016545984839005379,difference of equal-sample representative means; not paired
B0,B0-M00,1,reflectance,1431.8707843137256,-0.0017953207009344108,difference of equal-sample representative means; not paired
B0,B0-M00,1,reflectance,1437.3315294117647,-0.0018533136466068467,difference of equal-sample representative means; not paired
B0,B0-M00,1,reflectance,1442.792274509804,-0.001895674864490715,difference of equal-sample representative means; not paired
B0,B0-M00,1,reflectance,1448.2530196078433,-0.0018732365511570093,difference of equal-sample representative means; not paired
B0,B0-M00,1,reflectance,1453.7137647058826,-0.0018707614253561933,difference of equal-sample representative means; not paired
B0,B0-M00,1,reflectance,1459.1745098039219,-0.001913955412976398,difference of equal-sample representative means; not paired
B0,B0-M00,1,reflectance,1464.635254901961,-0.0019658371817798947,difference of equal-sample representative means; not paired
B0,B0-M00,1,reflectance,1470.096,-0.0019805641818260167,difference of equal-sample representative means; not paired
B0,B0-M00,1,reflectance,1475.5567450980393,-0.0019812290363586116,difference of equal-sample representative means; not paired
B0,B0-M00,1,reflectance,1481.0174901960786,-0.0020210138320810866,difference of equal-sample representative means; not paired
B0,B0-M00,1,reflectance,1486.478235294118,-0.002079153950533097,difference of equal-sample representative means; not paired
B0,B0-M00,1,reflectance,1491.938980392157,-0.0021382678143386236,difference of equal-sample representative means; not paired
B0,B0-M00,1,reflectance,1497.3997254901963,-0.002183732364613278,difference of equal-sample representative means; not paired
B0,B0-M00,1,reflectance,1502.8604705882353,-0.0022290897688505007,difference of equal-sample representative means; not paired
B0,B0-M00,1,reflectance,1508.3212156862746,-0.002291184591997175,difference of equal-sample representative means; not paired
B0,B0-M00,1,reflectance,1513.781960784314,-0.0023349990477913862,difference of equal-sample representative means; not paired
B0,B0-M00,1,reflectance,1519.2427058823532,-0.002399458939913668,difference of equal-sample representative means; not paired
B0,B0-M00,1,reflectance,1524.7034509803923,-0.002399125304760774,difference of equal-sample representative means; not paired
B0,B0-M00,1,reflectance,1530.1641960784316,-0.0024572642839740255,difference of equal-sample representative means; not paired
B0,B0-M00,1,reflectance,1535.6249411764707,-0.002499345751659665,difference of equal-sample representative means; not paired
B0,B0-M00,1,reflectance,1541.08568627451,-0.002548199040579846,difference of equal-sample representative means; not paired
B0,B0-M00,1,reflectance,1546.5464313725493,-0.0026229719397831697,difference of equal-sample representative means; not paired
B0,B0-M00,1,reflectance,1552.0071764705885,-0.002638447556950807,difference of equal-sample representative means; not paired
B0,B0-M00,1,reflectance,1557.4679215686276,-0.0026740804943886642,difference of equal-sample representative means; not paired
B0,B0-M00,1,reflectance,1562.9286666666667,-0.002837668873332977,difference of equal-sample representative means; not paired
B0,B0-M00,1,reflectance,1568.389411764706,-0.0027973783514005923,difference of equal-sample representative means; not paired
B0,B0-M00,1,reflectance,1573.8501568627453,-0.002780782144620353,difference of equal-sample representative means; not paired
B0,B0-M00,1,reflectance,1579.3109019607846,-0.0028194097786552463,difference of equal-sample representative means; not paired
B0,B0-M00,1,reflectance,1584.7716470588239,-0.002861577675906446,difference of equal-sample representative means; not paired
B0,B0-M00,1,reflectance,1590.232392156863,-0.0028793403897901526,difference of equal-sample representative means; not paired
B0,B0-M00,1,reflectance,1595.693137254902,-0.0028996042239231024,difference of equal-sample representative means; not paired
B0,B0-M00,1,reflectance,1601.1538823529413,-0.002979949808471216,difference of equal-sample representative means; not paired
B0,B0-M00,1,reflectance,1606.6146274509806,-0.002971374753267031,difference of equal-sample representative means; not paired
B0,B0-M00,1,reflectance,1612.07537254902,-0.0029432387544348626,difference of equal-sample representative means; not paired
B0,B0-M00,1,reflectance,1617.536117647059,-0.0029258949203294082,difference of equal-sample representative means; not paired
B0,B0-M00,1,reflectance,1622.9968627450983,-0.0029651926732646716,difference of equal-sample representative means; not paired
B0,B0-M00,1,reflectance,1628.4576078431373,-0.0030504640775325664,difference of equal-sample representative means; not paired
B0,B0-M00,1,reflectance,1633.9183529411766,-0.003082692033994028,difference of equal-sample representative means; not paired
B0,B0-M00,1,reflectance,1639.379098039216,-0.00308760467591801,difference of equal-sample representative means; not paired
B0,B0-M00,1,reflectance,1644.8398431372552,-0.0030884351989036163,difference of equal-sample representative means; not paired
B0,B0-M00,1,reflectance,1650.3005882352943,-0.0030616174318921496,difference of equal-sample representative means; not paired
B0,B0-M00,1,reflectance,1655.7613333333334,-0.0030955133925196776,difference of equal-sample representative means; not paired
B0,B0-M00,1,reflectance,1661.2220784313727,-0.00313114289305666,difference of equal-sample representative means; not paired
B0,B0-M00,1,reflectance,1666.682823529412,-0.003146497910140711,difference of equal-sample representative means; not paired
B0,B0-M00,1,reflectance,1672.1435686274513,-0.0031783590756887525,difference of equal-sample representative means; not paired
B0,B0-M00,1,reflectance,1677.6043137254906,-0.003179472495211555,difference of equal-sample representative means; not paired
B0,B0-M00,1,reflectance,1683.0650588235296,-0.0034130982288066436,difference of equal-sample representative means; not paired
B0,B0-M00,1,reflectance,1688.5258039215687,-0.0036082407892495394,difference of equal-sample representative means; not paired
B0,B0-M00,1,reflectance,1693.986549019608,-0.0037771823550435957,difference of equal-sample representative means; not paired
B0,B0-M00,1,reflectance,1699.4472941176473,-0.003935787195596896,difference of equal-sample representative means; not paired
B0,B0-M00,1,reflectance,1704.9080392156866,-0.004042026708019897,difference of equal-sample representative means; not paired
B0,B0-M00,1,reflectance,1710.3687843137257,-0.004076368513773132,difference of equal-sample representative means; not paired
B0,B0-M00,1,reflectance,1715.829529411765,-0.004080925665516655,difference of equal-sample representative means; not paired
B0,B0-M00,1,reflectance,1721.290274509804,-0.003945556446342979,difference of equal-sample representative means; not paired
B0,B0-M00,1,reflectance,1726.7510196078433,-0.0041212616802445146,difference of equal-sample representative means; not paired
B0,B0-M00,1,reflectance,1732.2117647058826,-0.004087332445957215,difference of equal-sample representative means; not paired
B0,B0-M00,1,reflectance,1737.672509803922,-0.004070072367394817,difference of equal-sample representative means; not paired
B0,B0-M00,1,reflectance,1743.133254901961,-0.004073761715474855,difference of equal-sample representative means; not paired
B0,B0-M00,1,reflectance,1748.594,-0.004064452599056356,difference of equal-sample representative means; not paired
B0,B0-M00,1,reflectance,1754.0547450980393,-0.0040345447184378935,difference of equal-sample representative means; not paired
B0,B0-M00,1,reflectance,1759.5154901960786,-0.003931717559232495,difference of equal-sample representative means; not paired
B0,B0-M00,1,reflectance,1764.976235294118,-0.003871831715944629,difference of equal-sample representative means; not paired
B0,B0-M00,1,reflectance,1770.4369803921572,-0.0038427305003004286,difference of equal-sample representative means; not paired
B0,B0-M00,1,reflectance,1775.8977254901963,-0.003727410073493642,difference of equal-sample representative means; not paired
B0,B0-M00,1,reflectance,1781.3584705882354,-0.003682590358564941,difference of equal-sample representative means; not paired
B0,B0-M00,1,reflectance,1786.8192156862747,-0.003692870996769626,difference of equal-sample representative means; not paired
B0,B0-M00,1,reflectance,1792.279960784314,-0.0037001712465048464,difference of equal-sample representative means; not paired
B0,B0-M00,1,reflectance,1797.7407058823533,-0.003723323151826441,difference of equal-sample representative means; not paired
B0,B0-M00,1,reflectance,1803.2014509803923,-0.0036300932291432053,difference of equal-sample representative means; not paired
B0,B0-M00,1,reflectance,1808.6621960784316,-0.003658453411665985,difference of equal-sample representative means; not paired
B0,B0-M00,1,reflectance,1814.1229411764707,-0.0037370780085893007,difference of equal-sample representative means; not paired
B0,B0-M00,1,reflectance,1819.58368627451,-0.003917220082800321,difference of equal-sample representative means; not paired
B0,B0-M00,1,reflectance,1825.0444313725493,-0.003923936909829895,difference of equal-sample representative means; not paired
B0,B0-M00,1,reflectance,1830.5051764705886,-0.0037949696533197685,difference of equal-sample representative means; not paired
B0,B0-M00,1,reflectance,1835.9659215686277,-0.0037763617326044274,difference of equal-sample representative means; not paired
B0,B0-M00,1,reflectance,1841.4266666666667,-0.003814372616555428,difference of equal-sample representative means; not paired
B0,B0-M00,1,reflectance,1846.887411764706,-0.003784256430201194,difference of equal-sample representative means; not paired
B0,B0-M00,1,reflectance,1852.3481568627453,-0.003608572652567643,difference of equal-sample representative means; not paired
B0,B0-M00,1,reflectance,1857.8089019607846,-0.003626587307322293,difference of equal-sample representative means; not paired
B0,B0-M00,1,reflectance,1863.269647058824,-0.003634497940868897,difference of equal-sample representative means; not paired
B0,B0-M00,1,reflectance,1868.730392156863,-0.003612718222711475,difference of equal-sample representative means; not paired
B0,B0-M00,1,reflectance,1874.191137254902,-0.0035663512676513687,difference of equal-sample representative means; not paired
B0,B0-M00,1,reflectance,1879.6518823529414,-0.003433314965331835,difference of equal-sample representative means; not paired
B0,B0-M00,1,reflectance,1885.1126274509807,-0.0033063596469198875,difference of equal-sample representative means; not paired
B0,B0-M00,1,reflectance,1890.57337254902,-0.0031362657415904827,difference of equal-sample representative means; not paired
B0,B0-M00,1,reflectance,1896.034117647059,-0.003112699031046662,difference of equal-sample representative means; not paired
B0,B0-M00,1,reflectance,1901.4948627450983,-0.0017580983190843003,difference of equal-sample representative means; not paired
B0,B0-M00,1,reflectance,1906.9556078431374,-0.001520111459087814,difference of equal-sample representative means; not paired
B0,B0-M00,1,reflectance,1912.4163529411767,-0.0018385632465444113,difference of equal-sample representative means; not paired
B0,B0-M00,1,reflectance,1917.877098039216,-0.0011697757102795414,difference of equal-sample representative means; not paired
B0,B0-M00,1,reflectance,1923.3378431372553,-0.0008506777416100175,difference of equal-sample representative means; not paired
B0,B0-M00,1,reflectance,1928.7985882352943,-0.0008187252044169202,difference of equal-sample representative means; not paired
B0,B0-M00,1,reflectance,1934.2593333333336,-0.0008045446045645555,difference of equal-sample representative means; not paired
B0,B0-M00,1,reflectance,1939.7200784313727,-0.000795566412654658,difference of equal-sample representative means; not paired
B0,B0-M00,1,reflectance,1945.180823529412,-0.0008571427490205452,difference of equal-sample representative means; not paired
B0,B0-M00,1,reflectance,1950.6415686274513,-0.0009108414213727656,difference of equal-sample representative means; not paired
B0,B0-M00,1,reflectance,1956.1023137254906,-0.0009515064517823246,difference of equal-sample representative means; not paired
B0,B0-M00,1,reflectance,1961.5630588235294,-0.00109633980729118,difference of equal-sample representative means; not paired
B0,B0-M00,1,reflectance,1967.0238039215687,-0.0014160398715650224,difference of equal-sample representative means; not paired
B0,B0-M00,1,reflectance,1972.484549019608,-0.001558473105866931,difference of equal-sample representative means; not paired
B0,B0-M00,1,reflectance,1977.9452941176473,-0.0015652203759780048,difference of equal-sample representative means; not paired
B0,B0-M00,1,reflectance,1983.4060392156866,-0.001688951511270853,difference of equal-sample representative means; not paired
B0,B0-M00,1,reflectance,1988.866784313726,-0.0019292388982736774,difference of equal-sample representative means; not paired
B0,B0-M00,1,reflectance,1994.3275294117648,-0.00212412477241275,difference of equal-sample representative means; not paired
B0,B0-M00,1,reflectance,1999.788274509804,-0.0022758365349201393,difference of equal-sample representative means; not paired
B0,B0-M00,1,reflectance,2005.2490196078434,-0.0025705022760295626,difference of equal-sample representative means; not paired
B0,B0-M00,1,reflectance,2010.7097647058827,-0.0027030321735224683,difference of equal-sample representative means; not paired
B0,B0-M00,1,reflectance,2016.170509803922,-0.002755779180282636,difference of equal-sample representative means; not paired
B0,B0-M00,1,reflectance,2021.6312549019613,-0.0027880321193333724,difference of equal-sample representative means; not paired
B0,B0-M00,1,reflectance,2027.092,-0.002812476144055498,difference of equal-sample representative means; not paired
B0,B0-M00,1,reflectance,2032.5527450980394,-0.002811429538602639,difference of equal-sample representative means; not paired
B0,B0-M00,1,reflectance,2038.0134901960787,-0.002829334070960754,difference of equal-sample representative means; not paired
B0,B0-M00,1,reflectance,2043.474235294118,-0.0028986435761649276,difference of equal-sample representative means; not paired
B0,B0-M00,1,reflectance,2048.9349803921573,-0.0029328418702507797,difference of equal-sample representative means; not paired
B0,B0-M00,1,reflectance,2054.3957254901966,-0.0028336705156227215,difference of equal-sample representative means; not paired
B0,B0-M00,1,reflectance,2059.8564705882354,-0.0029044155298564855,difference of equal-sample representative means; not paired
B0,B0-M00,1,reflectance,2065.3172156862747,-0.002872131664045652,difference of equal-sample representative means; not paired
B0,B0-M00,1,reflectance,2070.777960784314,-0.0027374315193867127,difference of equal-sample representative means; not paired
B0,B0-M00,1,reflectance,2076.2387058823533,-0.002710832621268977,difference of equal-sample representative means; not paired
B0,B0-M00,1,reflectance,2081.6994509803926,-0.002664826127183495,difference of equal-sample representative means; not paired
B0,B0-M00,1,reflectance,2087.1601960784315,-0.0024232371490011118,difference of equal-sample representative means; not paired
B0,B0-M00,1,reflectance,2092.6209411764708,-0.0026521694774938043,difference of equal-sample representative means; not paired
B0,B0-M00,1,reflectance,2098.08168627451,-0.0025841183231544718,difference of equal-sample representative means; not paired
B0,B0-M00,1,reflectance,2103.5424313725493,-0.0025607239716103347,difference of equal-sample representative means; not paired
B0,B0-M00,1,reflectance,2109.0031764705886,-0.0027612640647878273,difference of equal-sample representative means; not paired
B0,B0-M00,1,reflectance,2114.463921568628,-0.0029025498288778873,difference of equal-sample representative means; not paired
B0,B0-M00,1,reflectance,2119.924666666667,-0.0029670308521325683,difference of equal-sample representative means; not paired
B0,B0-M00,1,reflectance,2125.385411764706,-0.0030483475417121264,difference of equal-sample representative means; not paired
B0,B0-M00,1,reflectance,2130.8461568627454,-0.003159310208242616,difference of equal-sample representative means; not paired
B0,B0-M00,1,reflectance,2136.3069019607847,-0.0033813368168584823,difference of equal-sample representative means; not paired
B0,B0-M00,1,reflectance,2141.767647058824,-0.00339690316657415,difference of equal-sample representative means; not paired
B0,B0-M00,1,reflectance,2147.2283921568633,-0.0033470755023744525,difference of equal-sample representative means; not paired
B0,B0-M00,1,reflectance,2152.689137254902,-0.003497020424300168,difference of equal-sample representative means; not paired
B0,B0-M00,1,reflectance,2158.1498823529414,-0.0036499549983679547,difference of equal-sample representative means; not paired
B0,B0-M00,1,reflectance,2163.6106274509807,-0.0036540103290980674,difference of equal-sample representative means; not paired
B0,B0-M00,1,reflectance,2169.07137254902,-0.003615115364692001,difference of equal-sample representative means; not paired
B0,B0-M00,1,reflectance,2174.5321176470593,-0.0037848885150071343,difference of equal-sample representative means; not paired
B0,B0-M00,1,reflectance,2179.992862745098,-0.003914802127777506,difference of equal-sample representative means; not paired
B0,B0-M00,1,reflectance,2185.4536078431374,-0.0040274604336421604,difference of equal-sample representative means; not paired
B0,B0-M00,1,reflectance,2190.9143529411767,-0.004243728866391738,difference of equal-sample representative means; not paired
B0,B0-M00,1,reflectance,2196.375098039216,-0.004417302416709679,difference of equal-sample representative means; not paired
B0,B0-M00,1,reflectance,2201.8358431372553,-0.004361077616889253,difference of equal-sample representative means; not paired
B0,B0-M00,1,reflectance,2207.2965882352946,-0.004358770362140274,difference of equal-sample representative means; not paired
B0,B0-M00,1,reflectance,2212.7573333333335,-0.004686153955299088,difference of equal-sample representative means; not paired
B0,B0-M00,1,reflectance,2218.2180784313728,-0.004746402816533379,difference of equal-sample representative means; not paired
B0,B0-M00,1,reflectance,2223.678823529412,-0.004960456999035745,difference of equal-sample representative means; not paired
B0,B0-M00,1,reflectance,2229.1395686274514,-0.004681323559471873,difference of equal-sample representative means; not paired
B0,B0-M00,1,reflectance,2234.6003137254907,-0.0048363231031810505,difference of equal-sample representative means; not paired
B0,B0-M00,1,reflectance,2240.06105882353,-0.00502951934707041,difference of equal-sample representative means; not paired
B0,B0-M00,1,reflectance,2245.521803921569,-0.005078763991045676,difference of equal-sample representative means; not paired
B0,B0-M00,1,reflectance,2250.982549019608,-0.005048939034704492,difference of equal-sample representative means; not paired
B0,B0-M00,1,reflectance,2256.4432941176474,-0.005108272686057347,difference of equal-sample representative means; not paired
B0,B0-M00,1,reflectance,2261.9040392156867,-0.005443320039933336,difference of equal-sample representative means; not paired
B0,B0-M00,1,reflectance,2267.364784313726,-0.0055559868083598085,difference of equal-sample representative means; not paired
B0,B0-M00,1,reflectance,2272.825529411765,-0.00539384651876329,difference of equal-sample representative means; not paired
B0,B0-M00,1,reflectance,2278.286274509804,-0.005678536371282017,difference of equal-sample representative means; not paired
B0,B0-M00,1,reflectance,2283.7470196078434,-0.006164049667784249,difference of equal-sample representative means; not paired
B0,B0-M00,1,reflectance,2289.2077647058827,-0.006392361992805046,difference of equal-sample representative means; not paired
B0,B0-M00,1,reflectance,2294.668509803922,-0.006642395105677074,difference of equal-sample representative means; not paired
B0,B0-M00,1,reflectance,2300.1292549019613,-0.007778220082200915,difference of equal-sample representative means; not paired
B0,B0-M00,1,reflectance,2305.59,-0.00888080427904836,difference of equal-sample representative means; not paired
B0,B0-M00,1,snv,913.1,-0.10882747310152285,difference of equal-sample representative means; not paired
B0,B0-M00,1,snv,918.5607450980392,-0.09248048191435165,difference of equal-sample representative means; not paired
B0,B0-M00,1,snv,924.0214901960785,-0.08229586154750379,difference of equal-sample representative means; not paired
B0,B0-M00,1,snv,929.4822352941177,-0.06654339827847022,difference of equal-sample representative means; not paired
B0,B0-M00,1,snv,934.9429803921569,-0.05527356188873944,difference of equal-sample representative means; not paired
B0,B0-M00,1,snv,940.4037254901962,-0.050297855167398264,difference of equal-sample representative means; not paired
B0,B0-M00,1,snv,945.8644705882353,-0.044307999868503645,difference of equal-sample representative means; not paired
B0,B0-M00,1,snv,951.3252156862745,-0.03958044040613151,difference of equal-sample representative means; not paired
B0,B0-M00,1,snv,956.7859607843137,-0.034686373971326345,difference of equal-sample representative means; not paired
B0,B0-M00,1,snv,962.246705882353,-0.029427063582822655,difference of equal-sample representative means; not paired
B0,B0-M00,1,snv,967.7074509803922,-0.026496801668870473,difference of equal-sample representative means; not paired
B0,B0-M00,1,snv,973.1681960784314,-0.024200562899626243,difference of equal-sample representative means; not paired
B0,B0-M00,1,snv,978.6289411764706,-0.02146576811201939,difference of equal-sample representative means; not paired
B0,B0-M00,1,snv,984.0896862745099,-0.01837396345156339,difference of equal-sample representative means; not paired
B0,B0-M00,1,snv,989.550431372549,-0.01528698494534253,difference of equal-sample representative means; not paired
B0,B0-M00,1,snv,995.0111764705882,-0.013566441996568646,difference of equal-sample representative means; not paired
B0,B0-M00,1,snv,1000.4719215686275,-0.012181668683274971,difference of equal-sample representative means; not paired
B0,B0-M00,1,snv,1005.9326666666667,-0.00995166265183789,difference of equal-sample representative means; not paired
B0,B0-M00,1,snv,1011.3934117647059,-0.007875566484361718,difference of equal-sample representative means; not paired
B0,B0-M00,1,snv,1016.8541568627452,-0.006422334698554577,difference of equal-sample representative means; not paired
B0,B0-M00,1,snv,1022.3149019607844,-0.005101440539614366,difference of equal-sample representative means; not paired
B0,B0-M00,1,snv,1027.7756470588236,-0.003129132164201298,difference of equal-sample representative means; not paired
B0,B0-M00,1,snv,1033.2363921568628,-0.0017822688851245605,difference of equal-sample representative means; not paired
B0,B0-M00,1,snv,1038.697137254902,0.0009114464023367574,difference of equal-sample representative means; not paired
B0,B0-M00,1,snv,1044.1578823529412,0.002868831325955501,difference of equal-sample representative means; not paired
B0,B0-M00,1,snv,1049.6186274509805,0.004473649250116507,difference of equal-sample representative means; not paired
B0,B0-M00,1,snv,1055.0793725490196,0.006306614040933578,difference of equal-sample representative means; not paired
B0,B0-M00,1,snv,1060.5401176470589,0.008320345167077914,difference of equal-sample representative means; not paired
B0,B0-M00,1,snv,1066.0008627450982,0.010095360415649068,difference of equal-sample representative means; not paired
B0,B0-M00,1,snv,1071.4616078431372,0.01218419441330787,difference of equal-sample representative means; not paired
B0,B0-M00,1,snv,1076.9223529411765,0.014845827261046995,difference of equal-sample representative means; not paired
B0,B0-M00,1,snv,1082.3830980392158,0.016949404158764336,difference of equal-sample representative means; not paired
B0,B0-M00,1,snv,1087.843843137255,0.017994233108272306,difference of equal-sample representative means; not paired
B0,B0-M00,1,snv,1093.3045882352942,0.018927184163515465,difference of equal-sample representative means; not paired
B0,B0-M00,1,snv,1098.7653333333333,0.020624241107883412,difference of equal-sample representative means; not paired
B0,B0-M00,1,snv,1104.2260784313726,0.022886769672401774,difference of equal-sample representative means; not paired
B0,B0-M00,1,snv,1109.6868235294119,0.02431558923491095,difference of equal-sample representative means; not paired
B0,B0-M00,1,snv,1115.1475686274512,0.0265192735775599,difference of equal-sample representative means; not paired
B0,B0-M00,1,snv,1120.6083137254902,0.027331721152299204,difference of equal-sample representative means; not paired
B0,B0-M00,1,snv,1126.0690588235295,0.027962532697595854,difference of equal-sample representative means; not paired
B0,B0-M00,1,snv,1131.5298039215686,0.028086675205931666,difference of equal-sample representative means; not paired
B0,B0-M00,1,snv,1136.990549019608,0.027654233044335452,difference of equal-sample representative means; not paired
B0,B0-M00,1,snv,1142.4512941176472,0.02659485319766053,difference of equal-sample representative means; not paired
B0,B0-M00,1,snv,1147.9120392156863,0.024622700358869487,difference of equal-sample representative means; not paired
B0,B0-M00,1,snv,1153.3727843137256,0.022860549369699168,difference of equal-sample representative means; not paired
B0,B0-M00,1,snv,1158.8335294117649,0.020209877759197248,difference of equal-sample representative means; not paired
B0,B0-M00,1,snv,1164.294274509804,0.017512169931255706,difference of equal-sample representative means; not paired
B0,B0-M00,1,snv,1169.7550196078432,0.01606136328448593,difference of equal-sample representative means; not paired
B0,B0-M00,1,snv,1175.2157647058825,0.014684277956787284,difference of equal-sample representative means; not paired
B0,B0-M00,1,snv,1180.6765098039216,0.012637765497288456,difference of equal-sample representative means; not paired
B0,B0-M00,1,snv,1186.137254901961,0.010625725566714594,difference of equal-sample representative means; not paired
B0,B0-M00,1,snv,1191.598,0.00875944221290026,difference of equal-sample representative means; not paired
B0,B0-M00,1,snv,1197.0587450980393,0.00879463401073488,difference of equal-sample representative means; not paired
B0,B0-M00,1,snv,1202.5194901960786,0.009286802507254888,difference of equal-sample representative means; not paired
B0,B0-M00,1,snv,1207.9802352941178,0.010310348001901337,difference of equal-sample representative means; not paired
B0,B0-M00,1,snv,1213.440980392157,0.010747875599808165,difference of equal-sample representative means; not paired
B0,B0-M00,1,snv,1218.9017254901962,0.011241295456068445,difference of equal-sample representative means; not paired
B0,B0-M00,1,snv,1224.3624705882353,0.012928609112844547,difference of equal-sample representative means; not paired
B0,B0-M00,1,snv,1229.8232156862746,0.014588431668479118,difference of equal-sample representative means; not paired
B0,B0-M00,1,snv,1235.2839607843139,0.016155330758906405,difference of equal-sample representative means; not paired
B0,B0-M00,1,snv,1240.7447058823532,0.0182928615423128,difference of equal-sample representative means; not paired
B0,B0-M00,1,snv,1246.2054509803922,0.02036178138326261,difference of equal-sample representative means; not paired
B0,B0-M00,1,snv,1251.6661960784315,0.022127296397445484,difference of equal-sample representative means; not paired
B0,B0-M00,1,snv,1257.1269411764706,0.02365912904591605,difference of equal-sample representative means; not paired
B0,B0-M00,1,snv,1262.58768627451,0.024824585938787003,difference of equal-sample representative means; not paired
B0,B0-M00,1,snv,1268.0484313725492,0.025383122980664696,difference of equal-sample representative means; not paired
B0,B0-M00,1,snv,1273.5091764705883,0.02712514600181204,difference of equal-sample representative means; not paired
B0,B0-M00,1,snv,1278.9699215686276,0.027937927081293612,difference of equal-sample representative means; not paired
B0,B0-M00,1,snv,1284.4306666666666,0.029357706233932968,difference of equal-sample representative means; not paired
B0,B0-M00,1,snv,1289.891411764706,0.0311977461623274,difference of equal-sample representative means; not paired
B0,B0-M00,1,snv,1295.3521568627452,0.03318702958340136,difference of equal-sample representative means; not paired
B0,B0-M00,1,snv,1300.8129019607845,0.03380495387668825,difference of equal-sample representative means; not paired
B0,B0-M00,1,snv,1306.2736470588236,0.03261158124977359,difference of equal-sample representative means; not paired
B0,B0-M00,1,snv,1311.734392156863,0.03537866636491649,difference of equal-sample representative means; not paired
B0,B0-M00,1,snv,1317.195137254902,0.03429604482074988,difference of equal-sample representative means; not paired
B0,B0-M00,1,snv,1322.6558823529413,0.03314002646905512,difference of equal-sample representative means; not paired
B0,B0-M00,1,snv,1328.1166274509806,0.031124626474620998,difference of equal-sample representative means; not paired
B0,B0-M00,1,snv,1333.5773725490199,0.02801450723646237,difference of equal-sample representative means; not paired
B0,B0-M00,1,snv,1339.038117647059,0.0241758205267808,difference of equal-sample representative means; not paired
B0,B0-M00,1,snv,1344.4988627450982,0.01989076075721552,difference of equal-sample representative means; not paired
B0,B0-M00,1,snv,1349.9596078431373,0.014859362533888865,difference of equal-sample representative means; not paired
B0,B0-M00,1,snv,1355.4203529411766,0.010517366107653525,difference of equal-sample representative means; not paired
B0,B0-M00,1,snv,1360.8810980392159,0.006172217318572315,difference of equal-sample representative means; not paired
B0,B0-M00,1,snv,1366.341843137255,0.003088779627642757,difference of equal-sample representative means; not paired
B0,B0-M00,1,snv,1371.8025882352943,0.0009157957174426024,difference of equal-sample representative means; not paired
B0,B0-M00,1,snv,1377.2633333333333,-0.0006876310567021093,difference of equal-sample representative means; not paired
B0,B0-M00,1,snv,1382.7240784313726,-0.0018613909905606518,difference of equal-sample representative means; not paired
B0,B0-M00,1,snv,1388.184823529412,-0.002722827638274028,difference of equal-sample representative means; not paired
B0,B0-M00,1,snv,1393.6455686274512,-0.00383235485863187,difference of equal-sample representative means; not paired
B0,B0-M00,1,snv,1399.1063137254903,-0.006116331723334728,difference of equal-sample representative means; not paired
B0,B0-M00,1,snv,1404.5670588235296,-0.006261290874013226,difference of equal-sample representative means; not paired
B0,B0-M00,1,snv,1410.0278039215686,-0.005417185372164415,difference of equal-sample representative means; not paired
B0,B0-M00,1,snv,1415.488549019608,-0.004327337719067709,difference of equal-sample representative means; not paired
B0,B0-M00,1,snv,1420.9492941176472,-0.003075684201550466,difference of equal-sample representative means; not paired
B0,B0-M00,1,snv,1426.4100392156865,-0.0016071441925553653,difference of equal-sample representative means; not paired
B0,B0-M00,1,snv,1431.8707843137256,-0.0004644501465710382,difference of equal-sample representative means; not paired
B0,B0-M00,1,snv,1437.3315294117647,0.0006433233134010008,difference of equal-sample representative means; not paired
B0,B0-M00,1,snv,1442.792274509804,0.0016683295370730766,difference of equal-sample representative means; not paired
B0,B0-M00,1,snv,1448.2530196078433,0.0028012960449961266,difference of equal-sample representative means; not paired
B0,B0-M00,1,snv,1453.7137647058826,0.0036931232413144333,difference of equal-sample representative means; not paired
B0,B0-M00,1,snv,1459.1745098039219,0.004140621697870661,difference of equal-sample representative means; not paired
B0,B0-M00,1,snv,1464.635254901961,0.004379752756834887,difference of equal-sample representative means; not paired
B0,B0-M00,1,snv,1470.096,0.0048887741815628605,difference of equal-sample representative means; not paired
B0,B0-M00,1,snv,1475.5567450980393,0.005242329940204238,difference of equal-sample representative means; not paired
B0,B0-M00,1,snv,1481.0174901960786,0.005309442135995379,difference of equal-sample representative means; not paired
B0,B0-M00,1,snv,1486.478235294118,0.004990014649654317,difference of equal-sample representative means; not paired
B0,B0-M00,1,snv,1491.938980392157,0.00456899958328616,difference of equal-sample representative means; not paired
B0,B0-M00,1,snv,1497.3997254901963,0.004162193437173278,difference of equal-sample representative means; not paired
B0,B0-M00,1,snv,1502.8604705882353,0.0036025252638315353,difference of equal-sample representative means; not paired
B0,B0-M00,1,snv,1508.3212156862746,0.0027622107896951853,difference of equal-sample representative means; not paired
B0,B0-M00,1,snv,1513.781960784314,0.002082843233775833,difference of equal-sample representative means; not paired
B0,B0-M00,1,snv,1519.2427058823532,0.0013771466619459938,difference of equal-sample representative means; not paired
B0,B0-M00,1,snv,1524.7034509803923,0.0008976076180288173,difference of equal-sample representative means; not paired
B0,B0-M00,1,snv,1530.1641960784316,0.00029061514143868816,difference of equal-sample representative means; not paired
B0,B0-M00,1,snv,1535.6249411764707,-0.00016289067961194892,difference of equal-sample representative means; not paired
B0,B0-M00,1,snv,1541.08568627451,-0.0007044136371423537,difference of equal-sample representative means; not paired
B0,B0-M00,1,snv,1546.5464313725493,-0.0014362058845672765,difference of equal-sample representative means; not paired
B0,B0-M00,1,snv,1552.0071764705885,-0.0018166672778341941,difference of equal-sample representative means; not paired
B0,B0-M00,1,snv,1557.4679215686276,-0.0023222791215897765,difference of equal-sample representative means; not paired
B0,B0-M00,1,snv,1562.9286666666667,-0.0042740133199954955,difference of equal-sample representative means; not paired
B0,B0-M00,1,snv,1568.389411764706,-0.003973879793159607,difference of equal-sample representative means; not paired
B0,B0-M00,1,snv,1573.8501568627453,-0.003953159393512651,difference of equal-sample representative means; not paired
B0,B0-M00,1,snv,1579.3109019607846,-0.004407886003240269,difference of equal-sample representative means; not paired
B0,B0-M00,1,snv,1584.7716470588239,-0.0048809076595693335,difference of equal-sample representative means; not paired
B0,B0-M00,1,snv,1590.232392156863,-0.005335480094407874,difference of equal-sample representative means; not paired
B0,B0-M00,1,snv,1595.693137254902,-0.00587955018151598,difference of equal-sample representative means; not paired
B0,B0-M00,1,snv,1601.1538823529413,-0.007066178161530989,difference of equal-sample representative means; not paired
B0,B0-M00,1,snv,1606.6146274509806,-0.007760291167721534,difference of equal-sample representative means; not paired
B0,B0-M00,1,snv,1612.07537254902,-0.008487150134281307,difference of equal-sample representative means; not paired
B0,B0-M00,1,snv,1617.536117647059,-0.00921670161314836,difference of equal-sample representative means; not paired
B0,B0-M00,1,snv,1622.9968627450983,-0.010310670297158764,difference of equal-sample representative means; not paired
B0,B0-M00,1,snv,1628.4576078431373,-0.011797941918899435,difference of equal-sample representative means; not paired
B0,B0-M00,1,snv,1633.9183529411766,-0.012818287640267434,difference of equal-sample representative means; not paired
B0,B0-M00,1,snv,1639.379098039216,-0.013262567394231844,difference of equal-sample representative means; not paired
B0,B0-M00,1,snv,1644.8398431372552,-0.014062400545572507,difference of equal-sample representative means; not paired
B0,B0-M00,1,snv,1650.3005882352943,-0.014206193102728526,difference of equal-sample representative means; not paired
B0,B0-M00,1,snv,1655.7613333333334,-0.014627470013360483,difference of equal-sample representative means; not paired
B0,B0-M00,1,snv,1661.2220784313727,-0.015032660693351352,difference of equal-sample representative means; not paired
B0,B0-M00,1,snv,1666.682823529412,-0.015204994983329834,difference of equal-sample representative means; not paired
B0,B0-M00,1,snv,1672.1435686274513,-0.01537523648769712,difference of equal-sample representative means; not paired
B0,B0-M00,1,snv,1677.6043137254906,-0.015453831915348992,difference of equal-sample representative means; not paired
B0,B0-M00,1,snv,1683.0650588235296,-0.016810433565469185,difference of equal-sample representative means; not paired
B0,B0-M00,1,snv,1688.5258039215687,-0.018234239045006317,difference of equal-sample representative means; not paired
B0,B0-M00,1,snv,1693.986549019608,-0.019022557929667894,difference of equal-sample representative means; not paired
B0,B0-M00,1,snv,1699.4472941176473,-0.019690522641549413,difference of equal-sample representative means; not paired
B0,B0-M00,1,snv,1704.9080392156866,-0.020245591518917194,difference of equal-sample representative means; not paired
B0,B0-M00,1,snv,1710.3687843137257,-0.020434591153431603,difference of equal-sample representative means; not paired
B0,B0-M00,1,snv,1715.829529411765,-0.020229270022680323,difference of equal-sample representative means; not paired
B0,B0-M00,1,snv,1721.290274509804,-0.019147028672481192,difference of equal-sample representative means; not paired
B0,B0-M00,1,snv,1726.7510196078433,-0.020098725794117145,difference of equal-sample representative means; not paired
B0,B0-M00,1,snv,1732.2117647058826,-0.019638489855861918,difference of equal-sample representative means; not paired
B0,B0-M00,1,snv,1737.672509803922,-0.01938954713226787,difference of equal-sample representative means; not paired
B0,B0-M00,1,snv,1743.133254901961,-0.019344333453976403,difference of equal-sample representative means; not paired
B0,B0-M00,1,snv,1748.594,-0.019097492054317433,difference of equal-sample representative means; not paired
B0,B0-M00,1,snv,1754.0547450980393,-0.018541590755314197,difference of equal-sample representative means; not paired
B0,B0-M00,1,snv,1759.5154901960786,-0.017695122853087386,difference of equal-sample representative means; not paired
B0,B0-M00,1,snv,1764.976235294118,-0.016802933933195485,difference of equal-sample representative means; not paired
B0,B0-M00,1,snv,1770.4369803921572,-0.01629326403422049,difference of equal-sample representative means; not paired
B0,B0-M00,1,snv,1775.8977254901963,-0.015491058429441151,difference of equal-sample representative means; not paired
B0,B0-M00,1,snv,1781.3584705882354,-0.015103967596599821,difference of equal-sample representative means; not paired
B0,B0-M00,1,snv,1786.8192156862747,-0.015039259917760006,difference of equal-sample representative means; not paired
B0,B0-M00,1,snv,1792.279960784314,-0.015092113765138415,difference of equal-sample representative means; not paired
B0,B0-M00,1,snv,1797.7407058823533,-0.015423259759520525,difference of equal-sample representative means; not paired
B0,B0-M00,1,snv,1803.2014509803923,-0.014981914057012824,difference of equal-sample representative means; not paired
B0,B0-M00,1,snv,1808.6621960784316,-0.015182722752633326,difference of equal-sample representative means; not paired
B0,B0-M00,1,snv,1814.1229411764707,-0.015884854612899624,difference of equal-sample representative means; not paired
B0,B0-M00,1,snv,1819.58368627451,-0.018067072422813024,difference of equal-sample representative means; not paired
B0,B0-M00,1,snv,1825.0444313725493,-0.018178748992127847,difference of equal-sample representative means; not paired
B0,B0-M00,1,snv,1830.5051764705886,-0.016848393256740424,difference of equal-sample representative means; not paired
B0,B0-M00,1,snv,1835.9659215686277,-0.017262963281866606,difference of equal-sample representative means; not paired
B0,B0-M00,1,snv,1841.4266666666667,-0.018162485192135258,difference of equal-sample representative means; not paired
B0,B0-M00,1,snv,1846.887411764706,-0.01839290961521628,difference of equal-sample representative means; not paired
B0,B0-M00,1,snv,1852.3481568627453,-0.01748933293670446,difference of equal-sample representative means; not paired
B0,B0-M00,1,snv,1857.8089019607846,-0.017975423050881123,difference of equal-sample representative means; not paired
B0,B0-M00,1,snv,1863.269647058824,-0.017743971229157218,difference of equal-sample representative means; not paired
B0,B0-M00,1,snv,1868.730392156863,-0.01706805260660743,difference of equal-sample representative means; not paired
B0,B0-M00,1,snv,1874.191137254902,-0.01626750677049016,difference of equal-sample representative means; not paired
B0,B0-M00,1,snv,1879.6518823529414,-0.01426979228047831,difference of equal-sample representative means; not paired
B0,B0-M00,1,snv,1885.1126274509807,-0.010913391102052306,difference of equal-sample representative means; not paired
B0,B0-M00,1,snv,1890.57337254902,-0.006725378462678844,difference of equal-sample representative means; not paired
B0,B0-M00,1,snv,1896.034117647059,-0.0030489866909328978,difference of equal-sample representative means; not paired
B0,B0-M00,1,snv,1901.4948627450983,0.012362767141065767,difference of equal-sample representative means; not paired
B0,B0-M00,1,snv,1906.9556078431374,0.017443682964362717,difference of equal-sample representative means; not paired
B0,B0-M00,1,snv,1912.4163529411767,0.017107727512241988,difference of equal-sample representative means; not paired
B0,B0-M00,1,snv,1917.877098039216,0.024933594354103805,difference of equal-sample representative means; not paired
B0,B0-M00,1,snv,1923.3378431372553,0.028856681901109793,difference of equal-sample representative means; not paired
B0,B0-M00,1,snv,1928.7985882352943,0.030567696790896326,difference of equal-sample representative means; not paired
B0,B0-M00,1,snv,1934.2593333333336,0.03104769835195831,difference of equal-sample representative means; not paired
B0,B0-M00,1,snv,1939.7200784313727,0.0312694823959665,difference of equal-sample representative means; not paired
B0,B0-M00,1,snv,1945.180823529412,0.030592985379880533,difference of equal-sample representative means; not paired
B0,B0-M00,1,snv,1950.6415686274513,0.02959709460747395,difference of equal-sample representative means; not paired
B0,B0-M00,1,snv,1956.1023137254906,0.02848875783274285,difference of equal-sample representative means; not paired
B0,B0-M00,1,snv,1961.5630588235294,0.02650903702420404,difference of equal-sample representative means; not paired
B0,B0-M00,1,snv,1967.0238039215687,0.022922053627782102,difference of equal-sample representative means; not paired
B0,B0-M00,1,snv,1972.484549019608,0.02084096814600178,difference of equal-sample representative means; not paired
B0,B0-M00,1,snv,1977.9452941176473,0.019328115536982216,difference of equal-sample representative means; not paired
B0,B0-M00,1,snv,1983.4060392156866,0.017030416075124677,difference of equal-sample representative means; not paired
B0,B0-M00,1,snv,1988.866784313726,0.014205452841881905,difference of equal-sample representative means; not paired
B0,B0-M00,1,snv,1994.3275294117648,0.011490172262108356,difference of equal-sample representative means; not paired
B0,B0-M00,1,snv,1999.788274509804,0.008814970329717342,difference of equal-sample representative means; not paired
B0,B0-M00,1,snv,2005.2490196078434,0.005598371003646907,difference of equal-sample representative means; not paired
B0,B0-M00,1,snv,2010.7097647058827,0.0032927248349405858,difference of equal-sample representative means; not paired
B0,B0-M00,1,snv,2016.170509803922,0.0023807234019586065,difference of equal-sample representative means; not paired
B0,B0-M00,1,snv,2021.6312549019613,0.001716166926685081,difference of equal-sample representative means; not paired
B0,B0-M00,1,snv,2027.092,0.0011789727821213125,difference of equal-sample representative means; not paired
B0,B0-M00,1,snv,2032.5527450980394,0.001325286492562916,difference of equal-sample representative means; not paired
B0,B0-M00,1,snv,2038.0134901960787,0.0017217049197039147,difference of equal-sample representative means; not paired
B0,B0-M00,1,snv,2043.474235294118,0.0017100705604702338,difference of equal-sample representative means; not paired
B0,B0-M00,1,snv,2048.9349803921573,0.0019096037124235465,difference of equal-sample representative means; not paired
B0,B0-M00,1,snv,2054.3957254901966,0.0034639212050797674,difference of equal-sample representative means; not paired
B0,B0-M00,1,snv,2059.8564705882354,0.00348583236697364,difference of equal-sample representative means; not paired
B0,B0-M00,1,snv,2065.3172156862747,0.00455155627582815,difference of equal-sample representative means; not paired
B0,B0-M00,1,snv,2070.777960784314,0.006048145079859957,difference of equal-sample representative means; not paired
B0,B0-M00,1,snv,2076.2387058823533,0.007040668195325228,difference of equal-sample representative means; not paired
B0,B0-M00,1,snv,2081.6994509803926,0.008149278827490836,difference of equal-sample representative means; not paired
B0,B0-M00,1,snv,2087.1601960784315,0.009941376238113309,difference of equal-sample representative means; not paired
B0,B0-M00,1,snv,2092.6209411764708,0.009228325557480987,difference of equal-sample representative means; not paired
B0,B0-M00,1,snv,2098.08168627451,0.009410880053830173,difference of equal-sample representative means; not paired
B0,B0-M00,1,snv,2103.5424313725493,0.010032838906567143,difference of equal-sample representative means; not paired
B0,B0-M00,1,snv,2109.0031764705886,0.008962980488550043,difference of equal-sample representative means; not paired
B0,B0-M00,1,snv,2114.463921568628,0.008028564388000925,difference of equal-sample representative means; not paired
B0,B0-M00,1,snv,2119.924666666667,0.00749487296402318,difference of equal-sample representative means; not paired
B0,B0-M00,1,snv,2125.385411764706,0.006769979213676169,difference of equal-sample representative means; not paired
B0,B0-M00,1,snv,2130.8461568627454,0.005588046900631527,difference of equal-sample representative means; not paired
B0,B0-M00,1,snv,2136.3069019607847,0.0032287054188739894,difference of equal-sample representative means; not paired
B0,B0-M00,1,snv,2141.767647058824,0.0038129335518291008,difference of equal-sample representative means; not paired
B0,B0-M00,1,snv,2147.2283921568633,0.0037216979169765185,difference of equal-sample representative means; not paired
B0,B0-M00,1,snv,2152.689137254902,0.002515937762857412,difference of equal-sample representative means; not paired
B0,B0-M00,1,snv,2158.1498823529414,0.0011159968072900206,difference of equal-sample representative means; not paired
B0,B0-M00,1,snv,2163.6106274509807,0.0006969008309987146,difference of equal-sample representative means; not paired
B0,B0-M00,1,snv,2169.07137254902,0.000886413889592097,difference of equal-sample representative means; not paired
B0,B0-M00,1,snv,2174.5321176470593,-0.0003977641695001033,difference of equal-sample representative means; not paired
B0,B0-M00,1,snv,2179.992862745098,-0.0007977207516376428,difference of equal-sample representative means; not paired
B0,B0-M00,1,snv,2185.4536078431374,-0.0023397510350895434,difference of equal-sample representative means; not paired
B0,B0-M00,1,snv,2190.9143529411767,-0.0036423121119649737,difference of equal-sample representative means; not paired
B0,B0-M00,1,snv,2196.375098039216,-0.004641279540030907,difference of equal-sample representative means; not paired
B0,B0-M00,1,snv,2201.8358431372553,-0.0042067573808319825,difference of equal-sample representative means; not paired
B0,B0-M00,1,snv,2207.2965882352946,-0.003966042900737987,difference of equal-sample representative means; not paired
B0,B0-M00,1,snv,2212.7573333333335,-0.005819301879125716,difference of equal-sample representative means; not paired
B0,B0-M00,1,snv,2218.2180784313728,-0.006584097234747177,difference of equal-sample representative means; not paired
B0,B0-M00,1,snv,2223.678823529412,-0.009329591172069884,difference of equal-sample representative means; not paired
B0,B0-M00,1,snv,2229.1395686274514,-0.007627872795717305,difference of equal-sample representative means; not paired
B0,B0-M00,1,snv,2234.6003137254907,-0.007720515678870332,difference of equal-sample representative means; not paired
B0,B0-M00,1,snv,2240.06105882353,-0.008744783782436039,difference of equal-sample representative means; not paired
B0,B0-M00,1,snv,2245.521803921569,-0.008386060147440366,difference of equal-sample representative means; not paired
B0,B0-M00,1,snv,2250.982549019608,-0.006503427628056446,difference of equal-sample representative means; not paired
B0,B0-M00,1,snv,2256.4432941176474,-0.004855658127226992,difference of equal-sample representative means; not paired
B0,B0-M00,1,snv,2261.9040392156867,-0.0026449639702827987,difference of equal-sample representative means; not paired
B0,B0-M00,1,snv,2267.364784313726,-0.0013301690916296405,difference of equal-sample representative means; not paired
B0,B0-M00,1,snv,2272.825529411765,0.001948220310509452,difference of equal-sample representative means; not paired
B0,B0-M00,1,snv,2278.286274509804,0.001282489274158527,difference of equal-sample representative means; not paired
B0,B0-M00,1,snv,2283.7470196078434,-0.000572348033657688,difference of equal-sample representative means; not paired
B0,B0-M00,1,snv,2289.2077647058827,6.903938680458133e-05,difference of equal-sample representative means; not paired
B0,B0-M00,1,snv,2294.668509803922,0.0003591009623302721,difference of equal-sample representative means; not paired
B0,B0-M00,1,snv,2300.1292549019613,-0.006654368059300753,difference of equal-sample representative means; not paired
B0,B0-M00,1,snv,2305.59,-0.01105114393323059,difference of equal-sample representative means; not paired
B0,B0-M00,1,second_derivative,913.1,9.494619631414687e-06,difference of equal-sample representative means; not paired
B0,B0-M00,1,second_derivative,918.5607450980392,9.494619631414687e-06,difference of equal-sample representative means; not paired
B0,B0-M00,1,second_derivative,924.0214901960785,9.494619631414687e-06,difference of equal-sample representative means; not paired
B0,B0-M00,1,second_derivative,929.4822352941177,9.494619631414931e-06,difference of equal-sample representative means; not paired
B0,B0-M00,1,second_derivative,934.9429803921569,4.359162004314779e-06,difference of equal-sample representative means; not paired
B0,B0-M00,1,second_derivative,940.4037254901962,4.528610804153649e-06,difference of equal-sample representative means; not paired
B0,B0-M00,1,second_derivative,945.8644705882353,1.913496833146205e-06,difference of equal-sample representative means; not paired
B0,B0-M00,1,second_derivative,951.3252156862745,1.4894964873710914e-06,difference of equal-sample representative means; not paired
B0,B0-M00,1,second_derivative,956.7859607843137,2.92605409428672e-06,difference of equal-sample representative means; not paired
B0,B0-M00,1,second_derivative,962.246705882353,2.75430346112661e-06,difference of equal-sample representative means; not paired
B0,B0-M00,1,second_derivative,967.7074509803922,2.063388694795653e-06,difference of equal-sample representative means; not paired
B0,B0-M00,1,second_derivative,973.1681960784314,6.451085321485306e-07,difference of equal-sample representative means; not paired
B0,B0-M00,1,second_derivative,978.6289411764706,-5.543541587169491e-08,difference of equal-sample representative means; not paired
B0,B0-M00,1,second_derivative,984.0896862745099,4.3396840909089814e-07,difference of equal-sample representative means; not paired
B0,B0-M00,1,second_derivative,989.550431372549,7.638089168211772e-07,difference of equal-sample representative means; not paired
B0,B0-M00,1,second_derivative,995.0111764705882,5.677153074004291e-07,difference of equal-sample representative means; not paired
B0,B0-M00,1,second_derivative,1000.4719215686275,2.499453914502886e-07,difference of equal-sample representative means; not paired
B0,B0-M00,1,second_derivative,1005.9326666666667,1.6891452012519013e-07,difference of equal-sample representative means; not paired
B0,B0-M00,1,second_derivative,1011.3934117647059,2.4723584495371584e-07,difference of equal-sample representative means; not paired
B0,B0-M00,1,second_derivative,1016.8541568627452,3.1344052903467773e-07,difference of equal-sample representative means; not paired
B0,B0-M00,1,second_derivative,1022.3149019607844,-3.0033910074201406e-07,difference of equal-sample representative means; not paired
B0,B0-M00,1,second_derivative,1027.7756470588236,-4.472762065809918e-07,difference of equal-sample representative means; not paired
B0,B0-M00,1,second_derivative,1033.2363921568628,-5.216499260966908e-08,difference of equal-sample representative means; not paired
B0,B0-M00,1,second_derivative,1038.697137254902,2.236662289329356e-07,difference of equal-sample representative means; not paired
B0,B0-M00,1,second_derivative,1044.1578823529412,1.1760376340456595e-07,difference of equal-sample representative means; not paired
B0,B0-M00,1,second_derivative,1049.6186274509805,1.8375619870396736e-07,difference of equal-sample representative means; not paired
B0,B0-M00,1,second_derivative,1055.0793725490196,-2.4292434540305946e-07,difference of equal-sample representative means; not paired
B0,B0-M00,1,second_derivative,1060.5401176470589,-4.090070869335889e-07,difference of equal-sample representative means; not paired
B0,B0-M00,1,second_derivative,1066.0008627450982,-2.7217062660498235e-07,difference of equal-sample representative means; not paired
B0,B0-M00,1,second_derivative,1071.4616078431372,2.549290038584206e-07,difference of equal-sample representative means; not paired
B0,B0-M00,1,second_derivative,1076.9223529411765,8.65520760764022e-07,difference of equal-sample representative means; not paired
B0,B0-M00,1,second_derivative,1082.3830980392158,1.0516381962291625e-06,difference of equal-sample representative means; not paired
B0,B0-M00,1,second_derivative,1087.843843137255,4.188599176391589e-07,difference of equal-sample representative means; not paired
B0,B0-M00,1,second_derivative,1093.3045882352942,-1.5313022456287183e-07,difference of equal-sample representative means; not paired
B0,B0-M00,1,second_derivative,1098.7653333333333,-5.241327465878516e-07,difference of equal-sample representative means; not paired
B0,B0-M00,1,second_derivative,1104.2260784313726,1.761394064857716e-07,difference of equal-sample representative means; not paired
B0,B0-M00,1,second_derivative,1109.6868235294119,1.087494346063296e-06,difference of equal-sample representative means; not paired
B0,B0-M00,1,second_derivative,1115.1475686274512,1.649766368257209e-06,difference of equal-sample representative means; not paired
B0,B0-M00,1,second_derivative,1120.6083137254902,1.8892298403781836e-06,difference of equal-sample representative means; not paired
B0,B0-M00,1,second_derivative,1126.0690588235295,2.171973955163742e-06,difference of equal-sample representative means; not paired
B0,B0-M00,1,second_derivative,1131.5298039215686,2.257501952265833e-06,difference of equal-sample representative means; not paired
B0,B0-M00,1,second_derivative,1136.990549019608,2.3940546392709527e-06,difference of equal-sample representative means; not paired
B0,B0-M00,1,second_derivative,1142.4512941176472,2.4866094995552406e-06,difference of equal-sample representative means; not paired
B0,B0-M00,1,second_derivative,1147.9120392156863,2.1546535909633453e-06,difference of equal-sample representative means; not paired
B0,B0-M00,1,second_derivative,1153.3727843137256,1.0172297580747036e-06,difference of equal-sample representative means; not paired
B0,B0-M00,1,second_derivative,1158.8335294117649,-1.7262884269146694e-07,difference of equal-sample representative means; not paired
B0,B0-M00,1,second_derivative,1164.294274509804,-5.449668887683385e-07,difference of equal-sample representative means; not paired
B0,B0-M00,1,second_derivative,1169.7550196078432,-4.510257366685129e-07,difference of equal-sample representative means; not paired
B0,B0-M00,1,second_derivative,1175.2157647058825,1.1142696990412191e-07,difference of equal-sample representative means; not paired
B0,B0-M00,1,second_derivative,1180.6765098039216,-3.2124686811442204e-07,difference of equal-sample representative means; not paired
B0,B0-M00,1,second_derivative,1186.137254901961,-1.7739145874080706e-06,difference of equal-sample representative means; not paired
B0,B0-M00,1,second_derivative,1191.598,-3.1051385754883763e-06,difference of equal-sample representative means; not paired
B0,B0-M00,1,second_derivative,1197.0587450980393,-3.129062353873892e-06,difference of equal-sample representative means; not paired
B0,B0-M00,1,second_derivative,1202.5194901960786,-2.222316159945541e-06,difference of equal-sample representative means; not paired
B0,B0-M00,1,second_derivative,1207.9802352941178,-1.5069033875100845e-06,difference of equal-sample representative means; not paired
B0,B0-M00,1,second_derivative,1213.440980392157,-1.4709196064181632e-06,difference of equal-sample representative means; not paired
B0,B0-M00,1,second_derivative,1218.9017254901962,-1.681390985599416e-06,difference of equal-sample representative means; not paired
B0,B0-M00,1,second_derivative,1224.3624705882353,-1.7682467122400952e-06,difference of equal-sample representative means; not paired
B0,B0-M00,1,second_derivative,1229.8232156862746,-1.250163965941959e-06,difference of equal-sample representative means; not paired
B0,B0-M00,1,second_derivative,1235.2839607843139,-4.4678246600391354e-07,difference of equal-sample representative means; not paired
B0,B0-M00,1,second_derivative,1240.7447058823532,1.2116836177365925e-07,difference of equal-sample representative means; not paired
B0,B0-M00,1,second_derivative,1246.2054509803922,7.243814309461714e-07,difference of equal-sample representative means; not paired
B0,B0-M00,1,second_derivative,1251.6661960784315,1.2973860103361759e-06,difference of equal-sample representative means; not paired
B0,B0-M00,1,second_derivative,1257.1269411764706,9.825557919722972e-07,difference of equal-sample representative means; not paired
B0,B0-M00,1,second_derivative,1262.58768627451,5.84676677120341e-07,difference of equal-sample representative means; not paired
B0,B0-M00,1,second_derivative,1268.0484313725492,-2.7947484657007102e-08,difference of equal-sample representative means; not paired
B0,B0-M00,1,second_derivative,1273.5091764705883,-6.034969673915299e-07,difference of equal-sample representative means; not paired
B0,B0-M00,1,second_derivative,1278.9699215686276,-8.425151711765759e-07,difference of equal-sample representative means; not paired
B0,B0-M00,1,second_derivative,1284.4306666666666,-4.273151369426822e-08,difference of equal-sample representative means; not paired
B0,B0-M00,1,second_derivative,1289.891411764706,1.505182575406926e-06,difference of equal-sample representative means; not paired
B0,B0-M00,1,second_derivative,1295.3521568627452,1.3076597488968777e-06,difference of equal-sample representative means; not paired
B0,B0-M00,1,second_derivative,1300.8129019607845,1.5896067005281625e-06,difference of equal-sample representative means; not paired
B0,B0-M00,1,second_derivative,1306.2736470588236,1.831329304862821e-06,difference of equal-sample representative means; not paired
B0,B0-M00,1,second_derivative,1311.734392156863,2.366958868428259e-06,difference of equal-sample representative means; not paired
B0,B0-M00,1,second_derivative,1317.195137254902,3.733555721270074e-06,difference of equal-sample representative means; not paired
B0,B0-M00,1,second_derivative,1322.6558823529413,4.984769537553104e-06,difference of equal-sample representative means; not paired
B0,B0-M00,1,second_derivative,1328.1166274509806,3.998351590319316e-06,difference of equal-sample representative means; not paired
B0,B0-M00,1,second_derivative,1333.5773725490199,4.300619428152606e-06,difference of equal-sample representative means; not paired
B0,B0-M00,1,second_derivative,1339.038117647059,3.4838495349019053e-06,difference of equal-sample representative means; not paired
B0,B0-M00,1,second_derivative,1344.4988627450982,2.266019858598027e-06,difference of equal-sample representative means; not paired
B0,B0-M00,1,second_derivative,1349.9596078431373,6.346459776455839e-07,difference of equal-sample representative means; not paired
B0,B0-M00,1,second_derivative,1355.4203529411766,-1.1213282672607675e-06,difference of equal-sample representative means; not paired
B0,B0-M00,1,second_derivative,1360.8810980392159,-2.493503053169526e-06,difference of equal-sample representative means; not paired
B0,B0-M00,1,second_derivative,1366.341843137255,-3.0024396257258203e-06,difference of equal-sample representative means; not paired
B0,B0-M00,1,second_derivative,1371.8025882352943,-2.7335637810221476e-06,difference of equal-sample representative means; not paired
B0,B0-M00,1,second_derivative,1377.2633333333333,-7.437545753756952e-07,difference of equal-sample representative means; not paired
B0,B0-M00,1,second_derivative,1382.7240784313726,2.3686558035005225e-06,difference of equal-sample representative means; not paired
B0,B0-M00,1,second_derivative,1388.184823529412,4.547268831135706e-06,difference of equal-sample representative means; not paired
B0,B0-M00,1,second_derivative,1393.6455686274512,4.818196685049751e-06,difference of equal-sample representative means; not paired
B0,B0-M00,1,second_derivative,1399.1063137254903,3.4368467620883158e-06,difference of equal-sample representative means; not paired
B0,B0-M00,1,second_derivative,1404.5670588235296,1.2276365489379703e-06,difference of equal-sample representative means; not paired
B0,B0-M00,1,second_derivative,1410.0278039215686,-8.399827154173116e-07,difference of equal-sample representative means; not paired
B0,B0-M00,1,second_derivative,1415.488549019608,-2.0641596168699017e-06,difference of equal-sample representative means; not paired
B0,B0-M00,1,second_derivative,1420.9492941176472,-3.6956305552929004e-06,difference of equal-sample representative means; not paired
B0,B0-M00,1,second_derivative,1426.4100392156865,-4.801252965099331e-06,difference of equal-sample representative means; not paired
B0,B0-M00,1,second_derivative,1431.8707843137256,-5.144688862013415e-06,difference of equal-sample representative means; not paired
B0,B0-M00,1,second_derivative,1437.3315294117647,-4.603521490220537e-06,difference of equal-sample representative means; not paired
B0,B0-M00,1,second_derivative,1442.792274509804,-3.35242182923405e-06,difference of equal-sample representative means; not paired
B0,B0-M00,1,second_derivative,1448.2530196078433,-1.6699632371697755e-06,difference of equal-sample representative means; not paired
B0,B0-M00,1,second_derivative,1453.7137647058826,-8.151482140362909e-07,difference of equal-sample representative means; not paired
B0,B0-M00,1,second_derivative,1459.1745098039219,-6.114722014992576e-07,difference of equal-sample representative means; not paired
B0,B0-M00,1,second_derivative,1464.635254901961,-9.557449654506456e-07,difference of equal-sample representative means; not paired
B0,B0-M00,1,second_derivative,1470.096,-9.85543692180295e-07,difference of equal-sample representative means; not paired
B0,B0-M00,1,second_derivative,1475.5567450980393,-6.32744937160111e-07,difference of equal-sample representative means; not paired
B0,B0-M00,1,second_derivative,1481.0174901960786,-4.0915529236156646e-07,difference of equal-sample representative means; not paired
B0,B0-M00,1,second_derivative,1486.478235294118,-5.046061255125035e-07,difference of equal-sample representative means; not paired
B0,B0-M00,1,second_derivative,1491.938980392157,-5.11389950879532e-07,difference of equal-sample representative means; not paired
B0,B0-M00,1,second_derivative,1497.3997254901963,-4.603081714490602e-07,difference of equal-sample representative means; not paired
B0,B0-M00,1,second_derivative,1502.8604705882353,-2.3632039758001761e-07,difference of equal-sample representative means; not paired
B0,B0-M00,1,second_derivative,1508.3212156862746,-2.6179298442167475e-07,difference of equal-sample representative means; not paired
B0,B0-M00,1,second_derivative,1513.781960784314,-2.0731736374863154e-07,difference of equal-sample representative means; not paired
B0,B0-M00,1,second_derivative,1519.2427058823532,-6.611488478861847e-08,difference of equal-sample representative means; not paired
B0,B0-M00,1,second_derivative,1524.7034509803923,3.36901446947212e-07,difference of equal-sample representative means; not paired
B0,B0-M00,1,second_derivative,1530.1641960784316,7.010537499593247e-07,difference of equal-sample representative means; not paired
B0,B0-M00,1,second_derivative,1535.6249411764707,4.756174191527767e-07,difference of equal-sample representative means; not paired
B0,B0-M00,1,second_derivative,1541.08568627451,-8.109206462504252e-09,difference of equal-sample representative means; not paired
B0,B0-M00,1,second_derivative,1546.5464313725493,7.15728547248013e-07,difference of equal-sample representative means; not paired
B0,B0-M00,1,second_derivative,1552.0071764705885,1.1173547432931186e-07,difference of equal-sample representative means; not paired
B0,B0-M00,1,second_derivative,1557.4679215686276,-5.859282857981672e-07,difference of equal-sample representative means; not paired
B0,B0-M00,1,second_derivative,1562.9286666666667,-7.73586599646261e-07,difference of equal-sample representative means; not paired
B0,B0-M00,1,second_derivative,1568.389411764706,-8.976977118686989e-07,difference of equal-sample representative means; not paired
B0,B0-M00,1,second_derivative,1573.8501568627453,-3.9931895373393125e-07,difference of equal-sample representative means; not paired
B0,B0-M00,1,second_derivative,1579.3109019607846,5.083276390534798e-07,difference of equal-sample representative means; not paired
B0,B0-M00,1,second_derivative,1584.7716470588239,-2.041733753662623e-08,difference of equal-sample representative means; not paired
B0,B0-M00,1,second_derivative,1590.232392156863,-7.558792868853293e-07,difference of equal-sample representative means; not paired
B0,B0-M00,1,second_derivative,1595.693137254902,-1.2651565034724052e-06,difference of equal-sample representative means; not paired
B0,B0-M00,1,second_derivative,1601.1538823529413,-1.4203582558041221e-06,difference of equal-sample representative means; not paired
B0,B0-M00,1,second_derivative,1606.6146274509806,-8.294664676898176e-07,difference of equal-sample representative means; not paired
B0,B0-M00,1,second_derivative,1612.07537254902,3.4394910548233644e-07,difference of equal-sample representative means; not paired
B0,B0-M00,1,second_derivative,1617.536117647059,1.2727220568912177e-06,difference of equal-sample representative means; not paired
B0,B0-M00,1,second_derivative,1622.9968627450983,1.0141347065802926e-06,difference of equal-sample representative means; not paired
B0,B0-M00,1,second_derivative,1628.4576078431373,4.4785011691573354e-07,difference of equal-sample representative means; not paired
B0,B0-M00,1,second_derivative,1633.9183529411766,-5.5608222775162535e-08,difference of equal-sample representative means; not paired
B0,B0-M00,1,second_derivative,1639.379098039216,3.5049656191487265e-07,difference of equal-sample representative means; not paired
B0,B0-M00,1,second_derivative,1644.8398431372552,1.1148788793477335e-06,difference of equal-sample representative means; not paired
B0,B0-M00,1,second_derivative,1650.3005882352943,1.2659487148111064e-06,difference of equal-sample representative means; not paired
B0,B0-M00,1,second_derivative,1655.7613333333334,1.1045492919293327e-06,difference of equal-sample representative means; not paired
B0,B0-M00,1,second_derivative,1661.2220784313727,6.354220341507701e-07,difference of equal-sample representative means; not paired
B0,B0-M00,1,second_derivative,1666.682823529412,8.999537340278462e-07,difference of equal-sample representative means; not paired
B0,B0-M00,1,second_derivative,1672.1435686274513,1.5862102206166692e-06,difference of equal-sample representative means; not paired
B0,B0-M00,1,second_derivative,1677.6043137254906,1.7764892584494328e-06,difference of equal-sample representative means; not paired
B0,B0-M00,1,second_derivative,1683.0650588235296,1.3085554507284962e-06,difference of equal-sample representative means; not paired
B0,B0-M00,1,second_derivative,1688.5258039215687,3.3929444105950336e-07,difference of equal-sample representative means; not paired
B0,B0-M00,1,second_derivative,1693.986549019608,-1.0757106040408681e-06,difference of equal-sample representative means; not paired
B0,B0-M00,1,second_derivative,1699.4472941176473,-1.630883020053303e-06,difference of equal-sample representative means; not paired
B0,B0-M00,1,second_derivative,1704.9080392156866,-2.340979579418583e-06,difference of equal-sample representative means; not paired
B0,B0-M00,1,second_derivative,1710.3687843137257,-1.0316659988378946e-06,difference of equal-sample representative means; not paired
B0,B0-M00,1,second_derivative,1715.829529411765,-2.915394039665789e-07,difference of equal-sample representative means; not paired
B0,B0-M00,1,second_derivative,1721.290274509804,-5.265285777834421e-08,difference of equal-sample representative means; not paired
B0,B0-M00,1,second_derivative,1726.7510196078433,-1.0237875025433971e-07,difference of equal-sample representative means; not paired
B0,B0-M00,1,second_derivative,1732.2117647058826,-3.9877148878633225e-07,difference of equal-sample representative means; not paired
B0,B0-M00,1,second_derivative,1737.672509803922,-7.697546282532306e-07,difference of equal-sample representative means; not paired
B0,B0-M00,1,second_derivative,1743.133254901961,6.686985686906774e-08,difference of equal-sample representative means; not paired
B0,B0-M00,1,second_derivative,1748.594,-3.339207681389755e-07,difference of equal-sample representative means; not paired
B0,B0-M00,1,second_derivative,1754.0547450980393,-2.194101450041901e-07,difference of equal-sample representative means; not paired
B0,B0-M00,1,second_derivative,1759.5154901960786,-2.730135871752194e-07,difference of equal-sample representative means; not paired
B0,B0-M00,1,second_derivative,1764.976235294118,-1.481506860392339e-07,difference of equal-sample representative means; not paired
B0,B0-M00,1,second_derivative,1770.4369803921572,1.899049175127315e-07,difference of equal-sample representative means; not paired
B0,B0-M00,1,second_derivative,1775.8977254901963,3.86943628105453e-07,difference of equal-sample representative means; not paired
B0,B0-M00,1,second_derivative,1781.3584705882354,5.712276177123101e-07,difference of equal-sample representative means; not paired
B0,B0-M00,1,second_derivative,1786.8192156862747,-1.9038944396835924e-07,difference of equal-sample representative means; not paired
B0,B0-M00,1,second_derivative,1792.279960784314,-8.410507573970622e-07,difference of equal-sample representative means; not paired
B0,B0-M00,1,second_derivative,1797.7407058823533,-4.2241647769306515e-07,difference of equal-sample representative means; not paired
B0,B0-M00,1,second_derivative,1803.2014509803923,1.3139589461529712e-06,difference of equal-sample representative means; not paired
B0,B0-M00,1,second_derivative,1808.6621960784316,1.5000991766978512e-06,difference of equal-sample representative means; not paired
B0,B0-M00,1,second_derivative,1814.1229411764707,-4.0475688672480266e-07,difference of equal-sample representative means; not paired
B0,B0-M00,1,second_derivative,1819.58368627451,-2.2857850009674154e-06,difference of equal-sample representative means; not paired
B0,B0-M00,1,second_derivative,1825.0444313725493,-2.087706238500102e-06,difference of equal-sample representative means; not paired
B0,B0-M00,1,second_derivative,1830.5051764705886,-1.0311031159567836e-06,difference of equal-sample representative means; not paired
B0,B0-M00,1,second_derivative,1835.9659215686277,5.081567129118218e-09,difference of equal-sample representative means; not paired
B0,B0-M00,1,second_derivative,1841.4266666666667,6.008399270632809e-07,difference of equal-sample representative means; not paired
B0,B0-M00,1,second_derivative,1846.887411764706,6.435721636271703e-07,difference of equal-sample representative means; not paired
B0,B0-M00,1,second_derivative,1852.3481568627453,1.3980285158940824e-06,difference of equal-sample representative means; not paired
B0,B0-M00,1,second_derivative,1857.8089019607846,1.9337074838784307e-06,difference of equal-sample representative means; not paired
B0,B0-M00,1,second_derivative,1863.269647058824,1.4586247985121206e-06,difference of equal-sample representative means; not paired
B0,B0-M00,1,second_derivative,1868.730392156863,1.2090108468909528e-06,difference of equal-sample representative means; not paired
B0,B0-M00,1,second_derivative,1874.191137254902,2.328503618830648e-06,difference of equal-sample representative means; not paired
B0,B0-M00,1,second_derivative,1879.6518823529414,4.449252309351266e-06,difference of equal-sample representative means; not paired
B0,B0-M00,1,second_derivative,1885.1126274509807,-3.928862804836685e-06,difference of equal-sample representative means; not paired
B0,B0-M00,1,second_derivative,1890.57337254902,-6.134633968457462e-06,difference of equal-sample representative means; not paired
B0,B0-M00,1,second_derivative,1896.034117647059,5.203229234795843e-07,difference of equal-sample representative means; not paired
B0,B0-M00,1,second_derivative,1901.4948627450983,9.106681508960502e-07,difference of equal-sample representative means; not paired
B0,B0-M00,1,second_derivative,1906.9556078431374,3.6413238451375024e-07,difference of equal-sample representative means; not paired
B0,B0-M00,1,second_derivative,1912.4163529411767,5.029601303108036e-07,difference of equal-sample representative means; not paired
B0,B0-M00,1,second_derivative,1917.877098039216,-5.600675871526064e-06,difference of equal-sample representative means; not paired
B0,B0-M00,1,second_derivative,1923.3378431372553,-1.5639674573285215e-06,difference of equal-sample representative means; not paired
B0,B0-M00,1,second_derivative,1928.7985882352943,4.72820117140683e-06,difference of equal-sample representative means; not paired
B0,B0-M00,1,second_derivative,1934.2593333333336,9.336247970215738e-07,difference of equal-sample representative means; not paired
B0,B0-M00,1,second_derivative,1939.7200784313727,-9.07677043460246e-07,difference of equal-sample representative means; not paired
B0,B0-M00,1,second_derivative,1945.180823529412,-2.373793859493644e-07,difference of equal-sample representative means; not paired
B0,B0-M00,1,second_derivative,1950.6415686274513,2.226549793690035e-06,difference of equal-sample representative means; not paired
B0,B0-M00,1,second_derivative,1956.1023137254906,2.5037056732069954e-06,difference of equal-sample representative means; not paired
B0,B0-M00,1,second_derivative,1961.5630588235294,5.513470879486552e-07,difference of equal-sample representative means; not paired
B0,B0-M00,1,second_derivative,1967.0238039215687,-1.3237491068923752e-06,difference of equal-sample representative means; not paired
B0,B0-M00,1,second_derivative,1972.484549019608,-1.7678601918869887e-06,difference of equal-sample representative means; not paired
B0,B0-M00,1,second_derivative,1977.9452941176473,-5.146216338509671e-07,difference of equal-sample representative means; not paired
B0,B0-M00,1,second_derivative,1983.4060392156866,1.861577759017202e-06,difference of equal-sample representative means; not paired
B0,B0-M00,1,second_derivative,1988.866784313726,2.551559949773035e-06,difference of equal-sample representative means; not paired
B0,B0-M00,1,second_derivative,1994.3275294117648,1.081791258255896e-06,difference of equal-sample representative means; not paired
B0,B0-M00,1,second_derivative,1999.788274509804,-2.3697822080550186e-07,difference of equal-sample representative means; not paired
B0,B0-M00,1,second_derivative,2005.2490196078434,-1.2775952651404714e-06,difference of equal-sample representative means; not paired
B0,B0-M00,1,second_derivative,2010.7097647058827,-1.8506283937209941e-06,difference of equal-sample representative means; not paired
B0,B0-M00,1,second_derivative,2016.170509803922,-1.5307746939317466e-06,difference of equal-sample representative means; not paired
B0,B0-M00,1,second_derivative,2021.6312549019613,1.5979787050398952e-07,difference of equal-sample representative means; not paired
B0,B0-M00,1,second_derivative,2027.092,1.405927044222838e-06,difference of equal-sample representative means; not paired
B0,B0-M00,1,second_derivative,2032.5527450980394,1.822953418250718e-06,difference of equal-sample representative means; not paired
B0,B0-M00,1,second_derivative,2038.0134901960787,3.714519441224936e-07,difference of equal-sample representative means; not paired
B0,B0-M00,1,second_derivative,2043.474235294118,2.797438306915787e-07,difference of equal-sample representative means; not paired
B0,B0-M00,1,second_derivative,2048.9349803921573,-4.3675140371115086e-07,difference of equal-sample representative means; not paired
B0,B0-M00,1,second_derivative,2054.3957254901966,-1.5385299160445966e-06,difference of equal-sample representative means; not paired
B0,B0-M00,1,second_derivative,2059.8564705882354,-1.3609089668867483e-06,difference of equal-sample representative means; not paired
B0,B0-M00,1,second_derivative,2065.3172156862747,-1.2848240930020092e-06,difference of equal-sample representative means; not paired
B0,B0-M00,1,second_derivative,2070.777960784314,-2.9066307147393324e-06,difference of equal-sample representative means; not paired
B0,B0-M00,1,second_derivative,2076.2387058823533,5.868395920268133e-07,difference of equal-sample representative means; not paired
B0,B0-M00,1,second_derivative,2081.6994509803926,1.1838583022480125e-06,difference of equal-sample representative means; not paired
B0,B0-M00,1,second_derivative,2087.1601960784315,1.3587198487089507e-06,difference of equal-sample representative means; not paired
B0,B0-M00,1,second_derivative,2092.6209411764708,2.8291740515215215e-06,difference of equal-sample representative means; not paired
B0,B0-M00,1,second_derivative,2098.08168627451,2.776502893253006e-06,difference of equal-sample representative means; not paired
B0,B0-M00,1,second_derivative,2103.5424313725493,7.134673635168446e-07,difference of equal-sample representative means; not paired
B0,B0-M00,1,second_derivative,2109.0031764705886,8.649939878095014e-07,difference of equal-sample representative means; not paired
B0,B0-M00,1,second_derivative,2114.463921568628,-1.0348323909682364e-06,difference of equal-sample representative means; not paired
B0,B0-M00,1,second_derivative,2119.924666666667,-4.883121825846632e-07,difference of equal-sample representative means; not paired
B0,B0-M00,1,second_derivative,2125.385411764706,-3.0636314668412233e-07,difference of equal-sample representative means; not paired
B0,B0-M00,1,second_derivative,2130.8461568627454,-1.9018941732529167e-06,difference of equal-sample representative means; not paired
B0,B0-M00,1,second_derivative,2136.3069019607847,-2.2629128118125968e-06,difference of equal-sample representative means; not paired
B0,B0-M00,1,second_derivative,2141.767647058824,-9.5748806623401e-07,difference of equal-sample representative means; not paired
B0,B0-M00,1,second_derivative,2147.2283921568633,1.9609984748415354e-07,difference of equal-sample representative means; not paired
B0,B0-M00,1,second_derivative,2152.689137254902,2.825832931879023e-07,difference of equal-sample representative means; not paired
B0,B0-M00,1,second_derivative,2158.1498823529414,-1.8360422984021117e-07,difference of equal-sample representative means; not paired
B0,B0-M00,1,second_derivative,2163.6106274509807,-5.353330861261805e-07,difference of equal-sample representative means; not paired
B0,B0-M00,1,second_derivative,2169.07137254902,7.893128286561708e-07,difference of equal-sample representative means; not paired
B0,B0-M00,1,second_derivative,2174.5321176470593,2.4545792406530165e-06,difference of equal-sample representative means; not paired
B0,B0-M00,1,second_derivative,2179.992862745098,1.5155261480468338e-06,difference of equal-sample representative means; not paired
B0,B0-M00,1,second_derivative,2185.4536078431374,-1.62242732892203e-06,difference of equal-sample representative means; not paired
B0,B0-M00,1,second_derivative,2190.9143529411767,-2.5595094694312636e-06,difference of equal-sample representative means; not paired
B0,B0-M00,1,second_derivative,2196.375098039216,-6.30066279423665e-07,difference of equal-sample representative means; not paired
B0,B0-M00,1,second_derivative,2201.8358431372553,9.78623803474409e-07,difference of equal-sample representative means; not paired
B0,B0-M00,1,second_derivative,2207.2965882352946,3.2403389018901415e-06,difference of equal-sample representative means; not paired
B0,B0-M00,1,second_derivative,2212.7573333333335,2.901318467810572e-07,difference of equal-sample representative means; not paired
B0,B0-M00,1,second_derivative,2218.2180784313728,-1.8011824873224116e-06,difference of equal-sample representative means; not paired
B0,B0-M00,1,second_derivative,2223.678823529412,-7.007990043799556e-08,difference of equal-sample representative means; not paired
B0,B0-M00,1,second_derivative,2229.1395686274514,3.1456420311639217e-06,difference of equal-sample representative means; not paired
B0,B0-M00,1,second_derivative,2234.6003137254907,2.8840233675600654e-06,difference of equal-sample representative means; not paired
B0,B0-M00,1,second_derivative,2240.06105882353,2.543197812491301e-06,difference of equal-sample representative means; not paired
B0,B0-M00,1,second_derivative,2245.521803921569,8.651168600956285e-07,difference of equal-sample representative means; not paired
B0,B0-M00,1,second_derivative,2250.982549019608,2.6801318671678824e-06,difference of equal-sample representative means; not paired
B0,B0-M00,1,second_derivative,2256.4432941176474,9.241615470771884e-07,difference of equal-sample representative means; not paired
B0,B0-M00,1,second_derivative,2261.9040392156867,4.916888454300742e-07,difference of equal-sample representative means; not paired
B0,B0-M00,1,second_derivative,2267.364784313726,9.343316259676008e-07,difference of equal-sample representative means; not paired
B0,B0-M00,1,second_derivative,2272.825529411765,1.477411114620184e-07,difference of equal-sample representative means; not paired
B0,B0-M00,1,second_derivative,2278.286274509804,-1.5300867007040915e-08,difference of equal-sample representative means; not paired
B0,B0-M00,1,second_derivative,2283.7470196078434,6.466684614780884e-06,difference of equal-sample representative means; not paired
B0,B0-M00,1,second_derivative,2289.2077647058827,1.2242117589698906e-05,difference of equal-sample representative means; not paired
B0,B0-M00,1,second_derivative,2294.668509803922,1.2242117589698662e-05,difference of equal-sample representative means; not paired
B0,B0-M00,1,second_derivative,2300.1292549019613,1.2242117589698662e-05,difference of equal-sample representative means; not paired
B0,B0-M00,1,second_derivative,2305.59,1.2242117589698662e-05,difference of equal-sample representative means; not paired
B0,B0-M00,2,reflectance,913.1,0.06442261465397281,difference of equal-sample representative means; not paired
B0,B0-M00,2,reflectance,918.5607450980392,0.07270755835345788,difference of equal-sample representative means; not paired
B0,B0-M00,2,reflectance,924.0214901960785,0.07279385249888204,difference of equal-sample representative means; not paired
B0,B0-M00,2,reflectance,929.4822352941177,0.07668232838770539,difference of equal-sample representative means; not paired
B0,B0-M00,2,reflectance,934.9429803921569,0.07800847409120382,difference of equal-sample representative means; not paired
B0,B0-M00,2,reflectance,940.4037254901962,0.07789192635534892,difference of equal-sample representative means; not paired
B0,B0-M00,2,reflectance,945.8644705882353,0.08230933330241375,difference of equal-sample representative means; not paired
B0,B0-M00,2,reflectance,951.3252156862745,0.08200480915279462,difference of equal-sample representative means; not paired
B0,B0-M00,2,reflectance,956.7859607843137,0.0821217911687322,difference of equal-sample representative means; not paired
B0,B0-M00,2,reflectance,962.246705882353,0.08106873932861947,difference of equal-sample representative means; not paired
B0,B0-M00,2,reflectance,967.7074509803922,0.07984417513094899,difference of equal-sample representative means; not paired
B0,B0-M00,2,reflectance,973.1681960784314,0.07854805700615164,difference of equal-sample representative means; not paired
B0,B0-M00,2,reflectance,978.6289411764706,0.07738298752940698,difference of equal-sample representative means; not paired
B0,B0-M00,2,reflectance,984.0896862745099,0.07559029364401992,difference of equal-sample representative means; not paired
B0,B0-M00,2,reflectance,989.550431372549,0.07174280421506429,difference of equal-sample representative means; not paired
B0,B0-M00,2,reflectance,995.0111764705882,0.07642730191943653,difference of equal-sample representative means; not paired
B0,B0-M00,2,reflectance,1000.4719215686275,0.07721225085097844,difference of equal-sample representative means; not paired
B0,B0-M00,2,reflectance,1005.9326666666667,0.07796737379676438,difference of equal-sample representative means; not paired
B0,B0-M00,2,reflectance,1011.3934117647059,0.07872667907836528,difference of equal-sample representative means; not paired
B0,B0-M00,2,reflectance,1016.8541568627452,0.07929970751669169,difference of equal-sample representative means; not paired
B0,B0-M00,2,reflectance,1022.3149019607844,0.07979461274107713,difference of equal-sample representative means; not paired
B0,B0-M00,2,reflectance,1027.7756470588236,0.08052319451145129,difference of equal-sample representative means; not paired
B0,B0-M00,2,reflectance,1033.2363921568628,0.08143413658349674,difference of equal-sample representative means; not paired
B0,B0-M00,2,reflectance,1038.697137254902,0.07762236835165315,difference of equal-sample representative means; not paired
B0,B0-M00,2,reflectance,1044.1578823529412,0.08129986266134792,difference of equal-sample representative means; not paired
B0,B0-M00,2,reflectance,1049.6186274509805,0.083152858577063,difference of equal-sample representative means; not paired
B0,B0-M00,2,reflectance,1055.0793725490196,0.08401442490935773,difference of equal-sample representative means; not paired
B0,B0-M00,2,reflectance,1060.5401176470589,0.08548536551138919,difference of equal-sample representative means; not paired
B0,B0-M00,2,reflectance,1066.0008627450982,0.08616601536451485,difference of equal-sample representative means; not paired
B0,B0-M00,2,reflectance,1071.4616078431372,0.08684003094403869,difference of equal-sample representative means; not paired
B0,B0-M00,2,reflectance,1076.9223529411765,0.0874252776855704,difference of equal-sample representative means; not paired
B0,B0-M00,2,reflectance,1082.3830980392158,0.0882970119047427,difference of equal-sample representative means; not paired
B0,B0-M00,2,reflectance,1087.843843137255,0.08912534478462864,difference of equal-sample representative means; not paired
B0,B0-M00,2,reflectance,1093.3045882352942,0.08981928317770305,difference of equal-sample representative means; not paired
B0,B0-M00,2,reflectance,1098.7653333333333,0.09045231011674426,difference of equal-sample representative means; not paired
B0,B0-M00,2,reflectance,1104.2260784313726,0.09109509652975456,difference of equal-sample representative means; not paired
B0,B0-M00,2,reflectance,1109.6868235294119,0.09133782277719582,difference of equal-sample representative means; not paired
B0,B0-M00,2,reflectance,1115.1475686274512,0.08685428153370112,difference of equal-sample representative means; not paired
B0,B0-M00,2,reflectance,1120.6083137254902,0.08934818681815293,difference of equal-sample representative means; not paired
B0,B0-M00,2,reflectance,1126.0690588235295,0.08893816765129325,difference of equal-sample representative means; not paired
B0,B0-M00,2,reflectance,1131.5298039215686,0.08410524007862419,difference of equal-sample representative means; not paired
B0,B0-M00,2,reflectance,1136.990549019608,0.08179324911320635,difference of equal-sample representative means; not paired
B0,B0-M00,2,reflectance,1142.4512941176472,0.08408746346196394,difference of equal-sample representative means; not paired
B0,B0-M00,2,reflectance,1147.9120392156863,0.08171565822876736,difference of equal-sample representative means; not paired
B0,B0-M00,2,reflectance,1153.3727843137256,0.07833880237261442,difference of equal-sample representative means; not paired
B0,B0-M00,2,reflectance,1158.8335294117649,0.07470119480257109,difference of equal-sample representative means; not paired
B0,B0-M00,2,reflectance,1164.294274509804,0.07169116513197649,difference of equal-sample representative means; not paired
B0,B0-M00,2,reflectance,1169.7550196078432,0.06970864651852027,difference of equal-sample representative means; not paired
B0,B0-M00,2,reflectance,1175.2157647058825,0.06840278352264162,difference of equal-sample representative means; not paired
B0,B0-M00,2,reflectance,1180.6765098039216,0.06694621196974238,difference of equal-sample representative means; not paired
B0,B0-M00,2,reflectance,1186.137254901961,0.06463970620638243,difference of equal-sample representative means; not paired
B0,B0-M00,2,reflectance,1191.598,0.06175784178847088,difference of equal-sample representative means; not paired
B0,B0-M00,2,reflectance,1197.0587450980393,0.05894810914642379,difference of equal-sample representative means; not paired
B0,B0-M00,2,reflectance,1202.5194901960786,0.05637439091445884,difference of equal-sample representative means; not paired
B0,B0-M00,2,reflectance,1207.9802352941178,0.05406579886454599,difference of equal-sample representative means; not paired
B0,B0-M00,2,reflectance,1213.440980392157,0.04926258943222994,difference of equal-sample representative means; not paired
B0,B0-M00,2,reflectance,1218.9017254901962,0.046618241135208405,difference of equal-sample representative means; not paired
B0,B0-M00,2,reflectance,1224.3624705882353,0.04980085828929276,difference of equal-sample representative means; not paired
B0,B0-M00,2,reflectance,1229.8232156862746,0.04845967925307543,difference of equal-sample representative means; not paired
B0,B0-M00,2,reflectance,1235.2839607843139,0.05092102325508352,difference of equal-sample representative means; not paired
B0,B0-M00,2,reflectance,1240.7447058823532,0.0517703370312399,difference of equal-sample representative means; not paired
B0,B0-M00,2,reflectance,1246.2054509803922,0.052634222742011516,difference of equal-sample representative means; not paired
B0,B0-M00,2,reflectance,1251.6661960784315,0.05006468137431863,difference of equal-sample representative means; not paired
B0,B0-M00,2,reflectance,1257.1269411764706,0.050022324871817625,difference of equal-sample representative means; not paired
B0,B0-M00,2,reflectance,1262.58768627451,0.054667594781869056,difference of equal-sample representative means; not paired
B0,B0-M00,2,reflectance,1268.0484313725492,0.054902166736927105,difference of equal-sample representative means; not paired
B0,B0-M00,2,reflectance,1273.5091764705883,0.0553013610331719,difference of equal-sample representative means; not paired
B0,B0-M00,2,reflectance,1278.9699215686276,0.05536511895147028,difference of equal-sample representative means; not paired
B0,B0-M00,2,reflectance,1284.4306666666666,0.05688442639120045,difference of equal-sample representative means; not paired
B0,B0-M00,2,reflectance,1289.891411764706,0.05814119154991626,difference of equal-sample representative means; not paired
B0,B0-M00,2,reflectance,1295.3521568627452,0.05893754163277459,difference of equal-sample representative means; not paired
B0,B0-M00,2,reflectance,1300.8129019607845,0.05922019831769565,difference of equal-sample representative means; not paired
B0,B0-M00,2,reflectance,1306.2736470588236,0.058916446446670934,difference of equal-sample representative means; not paired
B0,B0-M00,2,reflectance,1311.734392156863,0.05929413735615524,difference of equal-sample representative means; not paired
B0,B0-M00,2,reflectance,1317.195137254902,0.058055989189422064,difference of equal-sample representative means; not paired
B0,B0-M00,2,reflectance,1322.6558823529413,0.05649328604918513,difference of equal-sample representative means; not paired
B0,B0-M00,2,reflectance,1328.1166274509806,0.054229590399719085,difference of equal-sample representative means; not paired
B0,B0-M00,2,reflectance,1333.5773725490199,0.05127518866364961,difference of equal-sample representative means; not paired
B0,B0-M00,2,reflectance,1339.038117647059,0.0476648063694059,difference of equal-sample representative means; not paired
B0,B0-M00,2,reflectance,1344.4988627450982,0.04359855345472996,difference of equal-sample representative means; not paired
B0,B0-M00,2,reflectance,1349.9596078431373,0.039606643585026025,difference of equal-sample representative means; not paired
B0,B0-M00,2,reflectance,1355.4203529411766,0.03588411408579473,difference of equal-sample representative means; not paired
B0,B0-M00,2,reflectance,1360.8810980392159,0.03254374491094725,difference of equal-sample representative means; not paired
B0,B0-M00,2,reflectance,1366.341843137255,0.028984424035524203,difference of equal-sample representative means; not paired
B0,B0-M00,2,reflectance,1371.8025882352943,0.022775010517736727,difference of equal-sample representative means; not paired
B0,B0-M00,2,reflectance,1377.2633333333333,0.02045121315324383,difference of equal-sample representative means; not paired
B0,B0-M00,2,reflectance,1382.7240784313726,0.022446103001816098,difference of equal-sample representative means; not paired
B0,B0-M00,2,reflectance,1388.184823529412,0.019507272614923465,difference of equal-sample representative means; not paired
B0,B0-M00,2,reflectance,1393.6455686274512,0.015263248104932958,difference of equal-sample representative means; not paired
B0,B0-M00,2,reflectance,1399.1063137254903,0.009546841011838114,difference of equal-sample representative means; not paired
B0,B0-M00,2,reflectance,1404.5670588235296,0.0034912808818966523,difference of equal-sample representative means; not paired
B0,B0-M00,2,reflectance,1410.0278039215686,-0.0023555564068504786,difference of equal-sample representative means; not paired
B0,B0-M00,2,reflectance,1415.488549019608,-0.007728678991472032,difference of equal-sample representative means; not paired
B0,B0-M00,2,reflectance,1420.9492941176472,-0.012297218057462839,difference of equal-sample representative means; not paired
B0,B0-M00,2,reflectance,1426.4100392156865,-0.015829968318622795,difference of equal-sample representative means; not paired
B0,B0-M00,2,reflectance,1431.8707843137256,-0.018560641656657634,difference of equal-sample representative means; not paired
B0,B0-M00,2,reflectance,1437.3315294117647,-0.020203291062818735,difference of equal-sample representative means; not paired
B0,B0-M00,2,reflectance,1442.792274509804,-0.021477455559707398,difference of equal-sample representative means; not paired
B0,B0-M00,2,reflectance,1448.2530196078433,-0.022266551692537134,difference of equal-sample representative means; not paired
B0,B0-M00,2,reflectance,1453.7137647058826,-0.025206762884650902,difference of equal-sample representative means; not paired
B0,B0-M00,2,reflectance,1459.1745098039219,-0.02644307445812935,difference of equal-sample representative means; not paired
B0,B0-M00,2,reflectance,1464.635254901961,-0.02441989989092125,difference of equal-sample representative means; not paired
B0,B0-M00,2,reflectance,1470.096,-0.024739586665124075,difference of equal-sample representative means; not paired
B0,B0-M00,2,reflectance,1475.5567450980393,-0.024868888830880787,difference of equal-sample representative means; not paired
B0,B0-M00,2,reflectance,1481.0174901960786,-0.025234148850182714,difference of equal-sample representative means; not paired
B0,B0-M00,2,reflectance,1486.478235294118,-0.02519935827959116,difference of equal-sample representative means; not paired
B0,B0-M00,2,reflectance,1491.938980392157,-0.025076404231528876,difference of equal-sample representative means; not paired
B0,B0-M00,2,reflectance,1497.3997254901963,-0.024852179718456074,difference of equal-sample representative means; not paired
B0,B0-M00,2,reflectance,1502.8604705882353,-0.024662774963934403,difference of equal-sample representative means; not paired
B0,B0-M00,2,reflectance,1508.3212156862746,-0.024705789354064672,difference of equal-sample representative means; not paired
B0,B0-M00,2,reflectance,1513.781960784314,-0.024678287734590826,difference of equal-sample representative means; not paired
B0,B0-M00,2,reflectance,1519.2427058823532,-0.02426567566994539,difference of equal-sample representative means; not paired
B0,B0-M00,2,reflectance,1524.7034509803923,-0.02413138480886204,difference of equal-sample representative means; not paired
B0,B0-M00,2,reflectance,1530.1641960784316,-0.023841612771961174,difference of equal-sample representative means; not paired
B0,B0-M00,2,reflectance,1535.6249411764707,-0.023693982288308796,difference of equal-sample representative means; not paired
B0,B0-M00,2,reflectance,1541.08568627451,-0.023600828186712608,difference of equal-sample representative means; not paired
B0,B0-M00,2,reflectance,1546.5464313725493,-0.023364259448672348,difference of equal-sample representative means; not paired
B0,B0-M00,2,reflectance,1552.0071764705885,-0.02312095259155586,difference of equal-sample representative means; not paired
B0,B0-M00,2,reflectance,1557.4679215686276,-0.023013817823269472,difference of equal-sample representative means; not paired
B0,B0-M00,2,reflectance,1562.9286666666667,-0.023158141472405636,difference of equal-sample representative means; not paired
B0,B0-M00,2,reflectance,1568.389411764706,-0.022528237605548146,difference of equal-sample representative means; not paired
B0,B0-M00,2,reflectance,1573.8501568627453,-0.02219953385380677,difference of equal-sample representative means; not paired
B0,B0-M00,2,reflectance,1579.3109019607846,-0.022022076534238932,difference of equal-sample representative means; not paired
B0,B0-M00,2,reflectance,1584.7716470588239,-0.021774505260411497,difference of equal-sample representative means; not paired
B0,B0-M00,2,reflectance,1590.232392156863,-0.021536770401468702,difference of equal-sample representative means; not paired
B0,B0-M00,2,reflectance,1595.693137254902,-0.02102772941255726,difference of equal-sample representative means; not paired
B0,B0-M00,2,reflectance,1601.1538823529413,-0.020332246707771257,difference of equal-sample representative means; not paired
B0,B0-M00,2,reflectance,1606.6146274509806,-0.019428718715159998,difference of equal-sample representative means; not paired
B0,B0-M00,2,reflectance,1612.07537254902,-0.01818345052818357,difference of equal-sample representative means; not paired
B0,B0-M00,2,reflectance,1617.536117647059,-0.016950883922105697,difference of equal-sample representative means; not paired
B0,B0-M00,2,reflectance,1622.9968627450983,-0.01572899866405389,difference of equal-sample representative means; not paired
B0,B0-M00,2,reflectance,1628.4576078431373,-0.014442554501322868,difference of equal-sample representative means; not paired
B0,B0-M00,2,reflectance,1633.9183529411766,-0.01330467766615559,difference of equal-sample representative means; not paired
B0,B0-M00,2,reflectance,1639.379098039216,-0.012177306717857106,difference of equal-sample representative means; not paired
B0,B0-M00,2,reflectance,1644.8398431372552,-0.011407714097762589,difference of equal-sample representative means; not paired
B0,B0-M00,2,reflectance,1650.3005882352943,-0.01097390649829122,difference of equal-sample representative means; not paired
B0,B0-M00,2,reflectance,1655.7613333333334,-0.010502470843620743,difference of equal-sample representative means; not paired
B0,B0-M00,2,reflectance,1661.2220784313727,-0.010159622003594715,difference of equal-sample representative means; not paired
B0,B0-M00,2,reflectance,1666.682823529412,-0.009938805880343099,difference of equal-sample representative means; not paired
B0,B0-M00,2,reflectance,1672.1435686274513,-0.010265442742412173,difference of equal-sample representative means; not paired
B0,B0-M00,2,reflectance,1677.6043137254906,-0.013102993209807734,difference of equal-sample representative means; not paired
B0,B0-M00,2,reflectance,1683.0650588235296,-0.008300450849279606,difference of equal-sample representative means; not paired
B0,B0-M00,2,reflectance,1688.5258039215687,-0.00668898440905441,difference of equal-sample representative means; not paired
B0,B0-M00,2,reflectance,1693.986549019608,-0.006167469918094165,difference of equal-sample representative means; not paired
B0,B0-M00,2,reflectance,1699.4472941176473,-0.006133503174833577,difference of equal-sample representative means; not paired
B0,B0-M00,2,reflectance,1704.9080392156866,-0.0062267494122470735,difference of equal-sample representative means; not paired
B0,B0-M00,2,reflectance,1710.3687843137257,-0.0062923728681704705,difference of equal-sample representative means; not paired
B0,B0-M00,2,reflectance,1715.829529411765,-0.006503092692039025,difference of equal-sample representative means; not paired
B0,B0-M00,2,reflectance,1721.290274509804,-0.0070651445145068215,difference of equal-sample representative means; not paired
B0,B0-M00,2,reflectance,1726.7510196078433,-0.007580879058299905,difference of equal-sample representative means; not paired
B0,B0-M00,2,reflectance,1732.2117647058826,-0.008073300960388913,difference of equal-sample representative means; not paired
B0,B0-M00,2,reflectance,1737.672509803922,-0.008418577570251745,difference of equal-sample representative means; not paired
B0,B0-M00,2,reflectance,1743.133254901961,-0.008825958824911717,difference of equal-sample representative means; not paired
B0,B0-M00,2,reflectance,1748.594,-0.009179510007119751,difference of equal-sample representative means; not paired
B0,B0-M00,2,reflectance,1754.0547450980393,-0.009270874251451289,difference of equal-sample representative means; not paired
B0,B0-M00,2,reflectance,1759.5154901960786,-0.009687618041670898,difference of equal-sample representative means; not paired
B0,B0-M00,2,reflectance,1764.976235294118,-0.011322528172432317,difference of equal-sample representative means; not paired
B0,B0-M00,2,reflectance,1770.4369803921572,-0.01250125757029269,difference of equal-sample representative means; not paired
B0,B0-M00,2,reflectance,1775.8977254901963,-0.013330360214705461,difference of equal-sample representative means; not paired
B0,B0-M00,2,reflectance,1781.3584705882354,-0.014054672471170732,difference of equal-sample representative means; not paired
B0,B0-M00,2,reflectance,1786.8192156862747,-0.014550878953872692,difference of equal-sample representative means; not paired
B0,B0-M00,2,reflectance,1792.279960784314,-0.015567861568793612,difference of equal-sample representative means; not paired
B0,B0-M00,2,reflectance,1797.7407058823533,-0.017738626027403642,difference of equal-sample representative means; not paired
B0,B0-M00,2,reflectance,1803.2014509803923,-0.014856648579002874,difference of equal-sample representative means; not paired
B0,B0-M00,2,reflectance,1808.6621960784316,-0.014920536417892732,difference of equal-sample representative means; not paired
B0,B0-M00,2,reflectance,1814.1229411764707,-0.014759885109065923,difference of equal-sample representative means; not paired
B0,B0-M00,2,reflectance,1819.58368627451,-0.014669186598756073,difference of equal-sample representative means; not paired
B0,B0-M00,2,reflectance,1825.0444313725493,-0.014511846315559268,difference of equal-sample representative means; not paired
B0,B0-M00,2,reflectance,1830.5051764705886,-0.014285354709951653,difference of equal-sample representative means; not paired
B0,B0-M00,2,reflectance,1835.9659215686277,-0.014032936171092192,difference of equal-sample representative means; not paired
B0,B0-M00,2,reflectance,1841.4266666666667,-0.01345735391321043,difference of equal-sample representative means; not paired
B0,B0-M00,2,reflectance,1846.887411764706,-0.01282620054640432,difference of equal-sample representative means; not paired
B0,B0-M00,2,reflectance,1852.3481568627453,-0.01284250059626843,difference of equal-sample representative means; not paired
B0,B0-M00,2,reflectance,1857.8089019607846,-0.01292774393042953,difference of equal-sample representative means; not paired
B0,B0-M00,2,reflectance,1863.269647058824,-0.013254010737021121,difference of equal-sample representative means; not paired
B0,B0-M00,2,reflectance,1868.730392156863,-0.014072683372704953,difference of equal-sample representative means; not paired
B0,B0-M00,2,reflectance,1874.191137254902,-0.015451374365706122,difference of equal-sample representative means; not paired
B0,B0-M00,2,reflectance,1879.6518823529414,-0.017379932312121843,difference of equal-sample representative means; not paired
B0,B0-M00,2,reflectance,1885.1126274509807,-0.020294932899774715,difference of equal-sample representative means; not paired
B0,B0-M00,2,reflectance,1890.57337254902,-0.02302750816827845,difference of equal-sample representative means; not paired
B0,B0-M00,2,reflectance,1896.034117647059,-0.025909277181085322,difference of equal-sample representative means; not paired
B0,B0-M00,2,reflectance,1901.4948627450983,-0.028001103417765655,difference of equal-sample representative means; not paired
B0,B0-M00,2,reflectance,1906.9556078431374,-0.02913818920240499,difference of equal-sample representative means; not paired
B0,B0-M00,2,reflectance,1912.4163529411767,-0.02995029279145081,difference of equal-sample representative means; not paired
B0,B0-M00,2,reflectance,1917.877098039216,-0.030870686425193333,difference of equal-sample representative means; not paired
B0,B0-M00,2,reflectance,1923.3378431372553,-0.031390676878262,difference of equal-sample representative means; not paired
B0,B0-M00,2,reflectance,1928.7985882352943,-0.03178401888246546,difference of equal-sample representative means; not paired
B0,B0-M00,2,reflectance,1934.2593333333336,-0.0319811526300664,difference of equal-sample representative means; not paired
B0,B0-M00,2,reflectance,1939.7200784313727,-0.03197028706063493,difference of equal-sample representative means; not paired
B0,B0-M00,2,reflectance,1945.180823529412,-0.0321317929563974,difference of equal-sample representative means; not paired
B0,B0-M00,2,reflectance,1950.6415686274513,-0.03198460038230097,difference of equal-sample representative means; not paired
B0,B0-M00,2,reflectance,1956.1023137254906,-0.03158830272564944,difference of equal-sample representative means; not paired
B0,B0-M00,2,reflectance,1961.5630588235294,-0.03153893578559111,difference of equal-sample representative means; not paired
B0,B0-M00,2,reflectance,1967.0238039215687,-0.031579406894220924,difference of equal-sample representative means; not paired
B0,B0-M00,2,reflectance,1972.484549019608,-0.03119371872339427,difference of equal-sample representative means; not paired
B0,B0-M00,2,reflectance,1977.9452941176473,-0.030667958718216454,difference of equal-sample representative means; not paired
B0,B0-M00,2,reflectance,1983.4060392156866,-0.030404555566115626,difference of equal-sample representative means; not paired
B0,B0-M00,2,reflectance,1988.866784313726,-0.02996706870873697,difference of equal-sample representative means; not paired
B0,B0-M00,2,reflectance,1994.3275294117648,-0.029760625191131096,difference of equal-sample representative means; not paired
B0,B0-M00,2,reflectance,1999.788274509804,-0.029863205860068076,difference of equal-sample representative means; not paired
B0,B0-M00,2,reflectance,2005.2490196078434,-0.02957402991815261,difference of equal-sample representative means; not paired
B0,B0-M00,2,reflectance,2010.7097647058827,-0.02968364482870478,difference of equal-sample representative means; not paired
B0,B0-M00,2,reflectance,2016.170509803922,-0.029704035660171685,difference of equal-sample representative means; not paired
B0,B0-M00,2,reflectance,2021.6312549019613,-0.030076373059906958,difference of equal-sample representative means; not paired
B0,B0-M00,2,reflectance,2027.092,-0.030432817598827266,difference of equal-sample representative means; not paired
B0,B0-M00,2,reflectance,2032.5527450980394,-0.030837283087334993,difference of equal-sample representative means; not paired
B0,B0-M00,2,reflectance,2038.0134901960787,-0.03128349062147931,difference of equal-sample representative means; not paired
B0,B0-M00,2,reflectance,2043.474235294118,-0.03165934332618359,difference of equal-sample representative means; not paired
B0,B0-M00,2,reflectance,2048.9349803921573,-0.03194867672701826,difference of equal-sample representative means; not paired
B0,B0-M00,2,reflectance,2054.3957254901966,-0.032306894314455215,difference of equal-sample representative means; not paired
B0,B0-M00,2,reflectance,2059.8564705882354,-0.03238856848313748,difference of equal-sample representative means; not paired
B0,B0-M00,2,reflectance,2065.3172156862747,-0.03328823775975584,difference of equal-sample representative means; not paired
B0,B0-M00,2,reflectance,2070.777960784314,-0.033998700273525057,difference of equal-sample representative means; not paired
B0,B0-M00,2,reflectance,2076.2387058823533,-0.03390495311245548,difference of equal-sample representative means; not paired
B0,B0-M00,2,reflectance,2081.6994509803926,-0.03356054726632904,difference of equal-sample representative means; not paired
B0,B0-M00,2,reflectance,2087.1601960784315,-0.03377398798251641,difference of equal-sample representative means; not paired
B0,B0-M00,2,reflectance,2092.6209411764708,-0.03369425502209905,difference of equal-sample representative means; not paired
B0,B0-M00,2,reflectance,2098.08168627451,-0.03426779572603819,difference of equal-sample representative means; not paired
B0,B0-M00,2,reflectance,2103.5424313725493,-0.035247648863590414,difference of equal-sample representative means; not paired
B0,B0-M00,2,reflectance,2109.0031764705886,-0.035528074967581175,difference of equal-sample representative means; not paired
B0,B0-M00,2,reflectance,2114.463921568628,-0.035571245886576064,difference of equal-sample representative means; not paired
B0,B0-M00,2,reflectance,2119.924666666667,-0.035541210410639956,difference of equal-sample representative means; not paired
B0,B0-M00,2,reflectance,2125.385411764706,-0.03560762022298711,difference of equal-sample representative means; not paired
B0,B0-M00,2,reflectance,2130.8461568627454,-0.03606049200399661,difference of equal-sample representative means; not paired
B0,B0-M00,2,reflectance,2136.3069019607847,-0.036197867524391386,difference of equal-sample representative means; not paired
B0,B0-M00,2,reflectance,2141.767647058824,-0.03602734147617834,difference of equal-sample representative means; not paired
B0,B0-M00,2,reflectance,2147.2283921568633,-0.03654429423257177,difference of equal-sample representative means; not paired
B0,B0-M00,2,reflectance,2152.689137254902,-0.03635396586719841,difference of equal-sample representative means; not paired
B0,B0-M00,2,reflectance,2158.1498823529414,-0.03632798545324739,difference of equal-sample representative means; not paired
B0,B0-M00,2,reflectance,2163.6106274509807,-0.03617507573273235,difference of equal-sample representative means; not paired
B0,B0-M00,2,reflectance,2169.07137254902,-0.03556513619802493,difference of equal-sample representative means; not paired
B0,B0-M00,2,reflectance,2174.5321176470593,-0.035824470842189676,difference of equal-sample representative means; not paired
B0,B0-M00,2,reflectance,2179.992862745098,-0.035974437881117316,difference of equal-sample representative means; not paired
B0,B0-M00,2,reflectance,2185.4536078431374,-0.035888088847908395,difference of equal-sample representative means; not paired
B0,B0-M00,2,reflectance,2190.9143529411767,-0.03586936470445623,difference of equal-sample representative means; not paired
B0,B0-M00,2,reflectance,2196.375098039216,-0.03512564784814501,difference of equal-sample representative means; not paired
B0,B0-M00,2,reflectance,2201.8358431372553,-0.035041801272540085,difference of equal-sample representative means; not paired
B0,B0-M00,2,reflectance,2207.2965882352946,-0.03552571453595685,difference of equal-sample representative means; not paired
B0,B0-M00,2,reflectance,2212.7573333333335,-0.03533550750905215,difference of equal-sample representative means; not paired
B0,B0-M00,2,reflectance,2218.2180784313728,-0.03517754482525354,difference of equal-sample representative means; not paired
B0,B0-M00,2,reflectance,2223.678823529412,-0.03514785199609835,difference of equal-sample representative means; not paired
B0,B0-M00,2,reflectance,2229.1395686274514,-0.03543311530178869,difference of equal-sample representative means; not paired
B0,B0-M00,2,reflectance,2234.6003137254907,-0.03555145827709655,difference of equal-sample representative means; not paired
B0,B0-M00,2,reflectance,2240.06105882353,-0.03542076451336332,difference of equal-sample representative means; not paired
B0,B0-M00,2,reflectance,2245.521803921569,-0.03549135244974397,difference of equal-sample representative means; not paired
B0,B0-M00,2,reflectance,2250.982549019608,-0.035630391186273286,difference of equal-sample representative means; not paired
B0,B0-M00,2,reflectance,2256.4432941176474,-0.034916173864131206,difference of equal-sample representative means; not paired
B0,B0-M00,2,reflectance,2261.9040392156867,-0.032935416181064076,difference of equal-sample representative means; not paired
B0,B0-M00,2,reflectance,2267.364784313726,-0.03230628690378881,difference of equal-sample representative means; not paired
B0,B0-M00,2,reflectance,2272.825529411765,-0.031343180641250634,difference of equal-sample representative means; not paired
B0,B0-M00,2,reflectance,2278.286274509804,-0.030956540848140757,difference of equal-sample representative means; not paired
B0,B0-M00,2,reflectance,2283.7470196078434,-0.029162752872259612,difference of equal-sample representative means; not paired
B0,B0-M00,2,reflectance,2289.2077647058827,-0.027232226870291643,difference of equal-sample representative means; not paired
B0,B0-M00,2,reflectance,2294.668509803922,-0.025726175576899074,difference of equal-sample representative means; not paired
B0,B0-M00,2,reflectance,2300.1292549019613,-0.022825026159400463,difference of equal-sample representative means; not paired
B0,B0-M00,2,reflectance,2305.59,-0.023187346912400153,difference of equal-sample representative means; not paired
B0,B0-M00,2,snv,913.1,-0.3565071717267445,difference of equal-sample representative means; not paired
B0,B0-M00,2,snv,918.5607450980392,-0.21008508116182512,difference of equal-sample representative means; not paired
B0,B0-M00,2,snv,924.0214901960785,-0.16983581220402932,difference of equal-sample representative means; not paired
B0,B0-M00,2,snv,929.4822352941177,-0.04211939176271984,difference of equal-sample representative means; not paired
B0,B0-M00,2,snv,934.9429803921569,0.005957451350038223,difference of equal-sample representative means; not paired
B0,B0-M00,2,snv,940.4037254901962,-0.0018144575746175118,difference of equal-sample representative means; not paired
B0,B0-M00,2,snv,945.8644705882353,0.08199677002869166,difference of equal-sample representative means; not paired
B0,B0-M00,2,snv,951.3252156862745,0.07981907154669088,difference of equal-sample representative means; not paired
B0,B0-M00,2,snv,956.7859607843137,0.09337439887483967,difference of equal-sample representative means; not paired
B0,B0-M00,2,snv,962.246705882353,0.09066085856874317,difference of equal-sample representative means; not paired
B0,B0-M00,2,snv,967.7074509803922,0.09228971463016311,difference of equal-sample representative means; not paired
B0,B0-M00,2,snv,973.1681960784314,0.08925650875399471,difference of equal-sample representative means; not paired
B0,B0-M00,2,snv,978.6289411764706,0.08502232034120283,difference of equal-sample representative means; not paired
B0,B0-M00,2,snv,984.0896862745099,0.06393368070513405,difference of equal-sample representative means; not paired
B0,B0-M00,2,snv,989.550431372549,-0.013992533488928593,difference of equal-sample representative means; not paired
B0,B0-M00,2,snv,995.0111764705882,0.09258282820710839,difference of equal-sample representative means; not paired
B0,B0-M00,2,snv,1000.4719215686275,0.10674095749421109,difference of equal-sample representative means; not paired
B0,B0-M00,2,snv,1005.9326666666667,0.10837536350623944,difference of equal-sample representative means; not paired
B0,B0-M00,2,snv,1011.3934117647059,0.11009190004270009,difference of equal-sample representative means; not paired
B0,B0-M00,2,snv,1016.8541568627452,0.10229671875343382,difference of equal-sample representative means; not paired
B0,B0-M00,2,snv,1022.3149019607844,0.08960283023690763,difference of equal-sample representative means; not paired
B0,B0-M00,2,snv,1027.7756470588236,0.0976349779345933,difference of equal-sample representative means; not paired
B0,B0-M00,2,snv,1033.2363921568628,0.1076397946705634,difference of equal-sample representative means; not paired
B0,B0-M00,2,snv,1038.697137254902,0.005301414548141148,difference of equal-sample representative means; not paired
B0,B0-M00,2,snv,1044.1578823529412,0.07691781287586918,difference of equal-sample representative means; not paired
B0,B0-M00,2,snv,1049.6186274509805,0.10643161535994805,difference of equal-sample representative means; not paired
B0,B0-M00,2,snv,1055.0793725490196,0.11046673346706837,difference of equal-sample representative means; not paired
B0,B0-M00,2,snv,1060.5401176470589,0.12837813081516058,difference of equal-sample representative means; not paired
B0,B0-M00,2,snv,1066.0008627450982,0.13128410155742865,difference of equal-sample representative means; not paired
B0,B0-M00,2,snv,1071.4616078431372,0.12698211755406352,difference of equal-sample representative means; not paired
B0,B0-M00,2,snv,1076.9223529411765,0.12667538681466528,difference of equal-sample representative means; not paired
B0,B0-M00,2,snv,1082.3830980392158,0.13036998149761692,difference of equal-sample representative means; not paired
B0,B0-M00,2,snv,1087.843843137255,0.13653437283007452,difference of equal-sample representative means; not paired
B0,B0-M00,2,snv,1093.3045882352942,0.13718538900939614,difference of equal-sample representative means; not paired
B0,B0-M00,2,snv,1098.7653333333333,0.13491275562991212,difference of equal-sample representative means; not paired
B0,B0-M00,2,snv,1104.2260784313726,0.13843378594969957,difference of equal-sample representative means; not paired
B0,B0-M00,2,snv,1109.6868235294119,0.14169765743629759,difference of equal-sample representative means; not paired
B0,B0-M00,2,snv,1115.1475686274512,0.048184690388771045,difference of equal-sample representative means; not paired
B0,B0-M00,2,snv,1120.6083137254902,0.1175603483629144,difference of equal-sample representative means; not paired
B0,B0-M00,2,snv,1126.0690588235295,0.15317278788052469,difference of equal-sample representative means; not paired
B0,B0-M00,2,snv,1131.5298039215686,0.08688399573728423,difference of equal-sample representative means; not paired
B0,B0-M00,2,snv,1136.990549019608,0.0727121640583317,difference of equal-sample representative means; not paired
B0,B0-M00,2,snv,1142.4512941176472,0.16873573711050693,difference of equal-sample representative means; not paired
B0,B0-M00,2,snv,1147.9120392156863,0.164407584155851,difference of equal-sample representative means; not paired
B0,B0-M00,2,snv,1153.3727843137256,0.15875116464899408,difference of equal-sample representative means; not paired
B0,B0-M00,2,snv,1158.8335294117649,0.15389294593247715,difference of equal-sample representative means; not paired
B0,B0-M00,2,snv,1164.294274509804,0.1480971709975143,difference of equal-sample representative means; not paired
B0,B0-M00,2,snv,1169.7550196078432,0.14593664435713238,difference of equal-sample representative means; not paired
B0,B0-M00,2,snv,1175.2157647058825,0.15005179138388935,difference of equal-sample representative means; not paired
B0,B0-M00,2,snv,1180.6765098039216,0.15321945320718267,difference of equal-sample representative means; not paired
B0,B0-M00,2,snv,1186.137254901961,0.14581569946974526,difference of equal-sample representative means; not paired
B0,B0-M00,2,snv,1191.598,0.14083211156326803,difference of equal-sample representative means; not paired
B0,B0-M00,2,snv,1197.0587450980393,0.1321239991614419,difference of equal-sample representative means; not paired
B0,B0-M00,2,snv,1202.5194901960786,0.1264505115304052,difference of equal-sample representative means; not paired
B0,B0-M00,2,snv,1207.9802352941178,0.11776509020974424,difference of equal-sample representative means; not paired
B0,B0-M00,2,snv,1213.440980392157,0.04104210710318512,difference of equal-sample representative means; not paired
B0,B0-M00,2,snv,1218.9017254901962,0.0023121849407167216,difference of equal-sample representative means; not paired
B0,B0-M00,2,snv,1224.3624705882353,0.08991668909184702,difference of equal-sample representative means; not paired
B0,B0-M00,2,snv,1229.8232156862746,0.07556893825445576,difference of equal-sample representative means; not paired
B0,B0-M00,2,snv,1235.2839607843139,0.09052287377449297,difference of equal-sample representative means; not paired
B0,B0-M00,2,snv,1240.7447058823532,0.09025376257698525,difference of equal-sample representative means; not paired
B0,B0-M00,2,snv,1246.2054509803922,0.08973748694651029,difference of equal-sample representative means; not paired
B0,B0-M00,2,snv,1251.6661960784315,0.013160539696370321,difference of equal-sample representative means; not paired
B0,B0-M00,2,snv,1257.1269411764706,-0.002730584195686725,difference of equal-sample representative means; not paired
B0,B0-M00,2,snv,1262.58768627451,0.08700408457875664,difference of equal-sample representative means; not paired
B0,B0-M00,2,snv,1268.0484313725492,0.07311203463008553,difference of equal-sample representative means; not paired
B0,B0-M00,2,snv,1273.5091764705883,0.08654570733482414,difference of equal-sample representative means; not paired
B0,B0-M00,2,snv,1278.9699215686276,0.08488644589457828,difference of equal-sample representative means; not paired
B0,B0-M00,2,snv,1284.4306666666666,0.08793053570683984,difference of equal-sample representative means; not paired
B0,B0-M00,2,snv,1289.891411764706,0.08889763129103567,difference of equal-sample representative means; not paired
B0,B0-M00,2,snv,1295.3521568627452,0.08776918181556392,difference of equal-sample representative means; not paired
B0,B0-M00,2,snv,1300.8129019607845,0.0669353932463117,difference of equal-sample representative means; not paired
B0,B0-M00,2,snv,1306.2736470588236,0.029956234969245044,difference of equal-sample representative means; not paired
B0,B0-M00,2,snv,1311.734392156863,0.09115433936914918,difference of equal-sample representative means; not paired
B0,B0-M00,2,snv,1317.195137254902,0.08864550146293615,difference of equal-sample representative means; not paired
B0,B0-M00,2,snv,1322.6558823529413,0.08858637400831115,difference of equal-sample representative means; not paired
B0,B0-M00,2,snv,1328.1166274509806,0.08521519593287064,difference of equal-sample representative means; not paired
B0,B0-M00,2,snv,1333.5773725490199,0.08040375456936,difference of equal-sample representative means; not paired
B0,B0-M00,2,snv,1339.038117647059,0.07566441588644968,difference of equal-sample representative means; not paired
B0,B0-M00,2,snv,1344.4988627450982,0.07005927293313086,difference of equal-sample representative means; not paired
B0,B0-M00,2,snv,1349.9596078431373,0.0616654893478612,difference of equal-sample representative means; not paired
B0,B0-M00,2,snv,1355.4203529411766,0.05400656255183889,difference of equal-sample representative means; not paired
B0,B0-M00,2,snv,1360.8810980392159,0.049305795069078895,difference of equal-sample representative means; not paired
B0,B0-M00,2,snv,1366.341843137255,0.03738257283613028,difference of equal-sample representative means; not paired
B0,B0-M00,2,snv,1371.8025882352943,-0.04269970958042468,difference of equal-sample representative means; not paired
B0,B0-M00,2,snv,1377.2633333333333,-0.045512656607866075,difference of equal-sample representative means; not paired
B0,B0-M00,2,snv,1382.7240784313726,0.045760282201207036,difference of equal-sample representative means; not paired
B0,B0-M00,2,snv,1388.184823529412,0.03923077284342208,difference of equal-sample representative means; not paired
B0,B0-M00,2,snv,1393.6455686274512,0.03982024835050745,difference of equal-sample representative means; not paired
B0,B0-M00,2,snv,1399.1063137254903,0.03381672098795821,difference of equal-sample representative means; not paired
B0,B0-M00,2,snv,1404.5670588235296,0.03135049876595332,difference of equal-sample representative means; not paired
B0,B0-M00,2,snv,1410.0278039215686,0.03669211057499397,difference of equal-sample representative means; not paired
B0,B0-M00,2,snv,1415.488549019608,0.044171262605793515,difference of equal-sample representative means; not paired
B0,B0-M00,2,snv,1420.9492941176472,0.052040404918357486,difference of equal-sample representative means; not paired
B0,B0-M00,2,snv,1426.4100392156865,0.06157542875666999,difference of equal-sample representative means; not paired
B0,B0-M00,2,snv,1431.8707843137256,0.06788634232915447,difference of equal-sample representative means; not paired
B0,B0-M00,2,snv,1437.3315294117647,0.06746886802981134,difference of equal-sample representative means; not paired
B0,B0-M00,2,snv,1442.792274509804,0.07642677883741056,difference of equal-sample representative means; not paired
B0,B0-M00,2,snv,1448.2530196078433,0.08454113511019812,difference of equal-sample representative means; not paired
B0,B0-M00,2,snv,1453.7137647058826,0.035337881423536444,difference of equal-sample representative means; not paired
B0,B0-M00,2,snv,1459.1745098039219,0.023450738661047854,difference of equal-sample representative means; not paired
B0,B0-M00,2,snv,1464.635254901961,0.08295075401458452,difference of equal-sample representative means; not paired
B0,B0-M00,2,snv,1470.096,0.07857391168895922,difference of equal-sample representative means; not paired
B0,B0-M00,2,snv,1475.5567450980393,0.08837544910110506,difference of equal-sample representative means; not paired
B0,B0-M00,2,snv,1481.0174901960786,0.09175694059344508,difference of equal-sample representative means; not paired
B0,B0-M00,2,snv,1486.478235294118,0.08855675926087259,difference of equal-sample representative means; not paired
B0,B0-M00,2,snv,1491.938980392157,0.087033793038231,difference of equal-sample representative means; not paired
B0,B0-M00,2,snv,1497.3997254901963,0.08561090092115664,difference of equal-sample representative means; not paired
B0,B0-M00,2,snv,1502.8604705882353,0.08243854389875149,difference of equal-sample representative means; not paired
B0,B0-M00,2,snv,1508.3212156862746,0.07717930313608012,difference of equal-sample representative means; not paired
B0,B0-M00,2,snv,1513.781960784314,0.06629074553120173,difference of equal-sample representative means; not paired
B0,B0-M00,2,snv,1519.2427058823532,0.06647436494318004,difference of equal-sample representative means; not paired
B0,B0-M00,2,snv,1524.7034509803923,0.06346325535495245,difference of equal-sample representative means; not paired
B0,B0-M00,2,snv,1530.1641960784316,0.060693838667547295,difference of equal-sample representative means; not paired
B0,B0-M00,2,snv,1535.6249411764707,0.05390765477839676,difference of equal-sample representative means; not paired
B0,B0-M00,2,snv,1541.08568627451,0.04811882108318177,difference of equal-sample representative means; not paired
B0,B0-M00,2,snv,1546.5464313725493,0.04689236508825034,difference of equal-sample representative means; not paired
B0,B0-M00,2,snv,1552.0071764705885,0.04320694219304555,difference of equal-sample representative means; not paired
B0,B0-M00,2,snv,1557.4679215686276,0.04091559077862217,difference of equal-sample representative means; not paired
B0,B0-M00,2,snv,1562.9286666666667,0.021870912928634634,difference of equal-sample representative means; not paired
B0,B0-M00,2,snv,1568.389411764706,0.028946453660794957,difference of equal-sample representative means; not paired
B0,B0-M00,2,snv,1573.8501568627453,0.03312264154226108,difference of equal-sample representative means; not paired
B0,B0-M00,2,snv,1579.3109019607846,0.0324518006052078,difference of equal-sample representative means; not paired
B0,B0-M00,2,snv,1584.7716470588239,0.029075494749569497,difference of equal-sample representative means; not paired
B0,B0-M00,2,snv,1590.232392156863,0.021935476867966264,difference of equal-sample representative means; not paired
B0,B0-M00,2,snv,1595.693137254902,0.02103354266255908,difference of equal-sample representative means; not paired
B0,B0-M00,2,snv,1601.1538823529413,0.014834051880300625,difference of equal-sample representative means; not paired
B0,B0-M00,2,snv,1606.6146274509806,0.010166279026694758,difference of equal-sample representative means; not paired
B0,B0-M00,2,snv,1612.07537254902,0.005442868779846344,difference of equal-sample representative means; not paired
B0,B0-M00,2,snv,1617.536117647059,0.0027002339860545677,difference of equal-sample representative means; not paired
B0,B0-M00,2,snv,1622.9968627450983,-0.0010851595400741543,difference of equal-sample representative means; not paired
B0,B0-M00,2,snv,1628.4576078431373,-0.00883311918607671,difference of equal-sample representative means; not paired
B0,B0-M00,2,snv,1633.9183529411766,-0.016141813316791542,difference of equal-sample representative means; not paired
B0,B0-M00,2,snv,1639.379098039216,-0.01129264145969927,difference of equal-sample representative means; not paired
B0,B0-M00,2,snv,1644.8398431372552,-0.01607594695359721,difference of equal-sample representative means; not paired
B0,B0-M00,2,snv,1650.3005882352943,-0.019087769236531438,difference of equal-sample representative means; not paired
B0,B0-M00,2,snv,1655.7613333333334,-0.015192828515750434,difference of equal-sample representative means; not paired
B0,B0-M00,2,snv,1661.2220784313727,-0.012269175612994676,difference of equal-sample representative means; not paired
B0,B0-M00,2,snv,1666.682823529412,-0.01243460406533109,difference of equal-sample representative means; not paired
B0,B0-M00,2,snv,1672.1435686274513,-0.026696729736078006,difference of equal-sample representative means; not paired
B0,B0-M00,2,snv,1677.6043137254906,-0.10322237894859154,difference of equal-sample representative means; not paired
B0,B0-M00,2,snv,1683.0650588235296,-0.013222968845241156,difference of equal-sample representative means; not paired
B0,B0-M00,2,snv,1688.5258039215687,0.0018351403465873273,difference of equal-sample representative means; not paired
B0,B0-M00,2,snv,1693.986549019608,0.007824063680106796,difference of equal-sample representative means; not paired
B0,B0-M00,2,snv,1699.4472941176473,0.003298491983782903,difference of equal-sample representative means; not paired
B0,B0-M00,2,snv,1704.9080392156866,-0.0019640083053376056,difference of equal-sample representative means; not paired
B0,B0-M00,2,snv,1710.3687843137257,0.0019290644097246235,difference of equal-sample representative means; not paired
B0,B0-M00,2,snv,1715.829529411765,0.004044016793822713,difference of equal-sample representative means; not paired
B0,B0-M00,2,snv,1721.290274509804,-0.0007093862746770929,difference of equal-sample representative means; not paired
B0,B0-M00,2,snv,1726.7510196078433,-0.00480670808917516,difference of equal-sample representative means; not paired
B0,B0-M00,2,snv,1732.2117647058826,-0.009935611778059072,difference of equal-sample representative means; not paired
B0,B0-M00,2,snv,1737.672509803922,-0.017052428505729023,difference of equal-sample representative means; not paired
B0,B0-M00,2,snv,1743.133254901961,-0.024736538915717865,difference of equal-sample representative means; not paired
B0,B0-M00,2,snv,1748.594,-0.027789000557180088,difference of equal-sample representative means; not paired
B0,B0-M00,2,snv,1754.0547450980393,-0.02346317232435402,difference of equal-sample representative means; not paired
B0,B0-M00,2,snv,1759.5154901960786,-0.02123918114834472,difference of equal-sample representative means; not paired
B0,B0-M00,2,snv,1764.976235294118,-0.03018640568209341,difference of equal-sample representative means; not paired
B0,B0-M00,2,snv,1770.4369803921572,-0.038108843617658816,difference of equal-sample representative means; not paired
B0,B0-M00,2,snv,1775.8977254901963,-0.04008773689652173,difference of equal-sample representative means; not paired
B0,B0-M00,2,snv,1781.3584705882354,-0.04268486499912877,difference of equal-sample representative means; not paired
B0,B0-M00,2,snv,1786.8192156862747,-0.04638401954270893,difference of equal-sample representative means; not paired
B0,B0-M00,2,snv,1792.279960784314,-0.06797852973611512,difference of equal-sample representative means; not paired
B0,B0-M00,2,snv,1797.7407058823533,-0.11850977600855522,difference of equal-sample representative means; not paired
B0,B0-M00,2,snv,1803.2014509803923,-0.06446610563599658,difference of equal-sample representative means; not paired
B0,B0-M00,2,snv,1808.6621960784316,-0.0683913523802166,difference of equal-sample representative means; not paired
B0,B0-M00,2,snv,1814.1229411764707,-0.07163560382078077,difference of equal-sample representative means; not paired
B0,B0-M00,2,snv,1819.58368627451,-0.0779353243638049,difference of equal-sample representative means; not paired
B0,B0-M00,2,snv,1825.0444313725493,-0.08497068298738214,difference of equal-sample representative means; not paired
B0,B0-M00,2,snv,1830.5051764705886,-0.0904956000013451,difference of equal-sample representative means; not paired
B0,B0-M00,2,snv,1835.9659215686277,-0.09567148513714052,difference of equal-sample representative means; not paired
B0,B0-M00,2,snv,1841.4266666666667,-0.10333419858941262,difference of equal-sample representative means; not paired
B0,B0-M00,2,snv,1846.887411764706,-0.10274040189508976,difference of equal-sample representative means; not paired
B0,B0-M00,2,snv,1852.3481568627453,-0.1129185065382744,difference of equal-sample representative means; not paired
B0,B0-M00,2,snv,1857.8089019607846,-0.11360750756039467,difference of equal-sample representative means; not paired
B0,B0-M00,2,snv,1863.269647058824,-0.11475432931617746,difference of equal-sample representative means; not paired
B0,B0-M00,2,snv,1868.730392156863,-0.11979806274149307,difference of equal-sample representative means; not paired
B0,B0-M00,2,snv,1874.191137254902,-0.12802774114108412,difference of equal-sample representative means; not paired
B0,B0-M00,2,snv,1879.6518823529414,-0.13418515507050743,difference of equal-sample representative means; not paired
B0,B0-M00,2,snv,1885.1126274509807,-0.11643371842721012,difference of equal-sample representative means; not paired
B0,B0-M00,2,snv,1890.57337254902,-0.09801220479874972,difference of equal-sample representative means; not paired
B0,B0-M00,2,snv,1896.034117647059,-0.07307550000344243,difference of equal-sample representative means; not paired
B0,B0-M00,2,snv,1901.4948627450983,-0.03766438826210783,difference of equal-sample representative means; not paired
B0,B0-M00,2,snv,1906.9556078431374,0.018608635273726137,difference of equal-sample representative means; not paired
B0,B0-M00,2,snv,1912.4163529411767,0.07548327354183115,difference of equal-sample representative means; not paired
B0,B0-M00,2,snv,1917.877098039216,0.11001108091952683,difference of equal-sample representative means; not paired
B0,B0-M00,2,snv,1923.3378431372553,0.13196860391917364,difference of equal-sample representative means; not paired
B0,B0-M00,2,snv,1928.7985882352943,0.1386916641000635,difference of equal-sample representative means; not paired
B0,B0-M00,2,snv,1934.2593333333336,0.15381760302499403,difference of equal-sample representative means; not paired
B0,B0-M00,2,snv,1939.7200784313727,0.1558555064915247,difference of equal-sample representative means; not paired
B0,B0-M00,2,snv,1945.180823529412,0.14025540094020772,difference of equal-sample representative means; not paired
B0,B0-M00,2,snv,1950.6415686274513,0.1257533712442349,difference of equal-sample representative means; not paired
B0,B0-M00,2,snv,1956.1023137254906,0.11589372253345931,difference of equal-sample representative means; not paired
B0,B0-M00,2,snv,1961.5630588235294,0.09677359091842574,difference of equal-sample representative means; not paired
B0,B0-M00,2,snv,1967.0238039215687,0.070389492141823,difference of equal-sample representative means; not paired
B0,B0-M00,2,snv,1972.484549019608,0.05110949483049898,difference of equal-sample representative means; not paired
B0,B0-M00,2,snv,1977.9452941176473,0.03851188669719774,difference of equal-sample representative means; not paired
B0,B0-M00,2,snv,1983.4060392156866,0.018485239547300636,difference of equal-sample representative means; not paired
B0,B0-M00,2,snv,1988.866784313726,0.001987830353909037,difference of equal-sample representative means; not paired
B0,B0-M00,2,snv,1994.3275294117648,-0.023894517673308968,difference of equal-sample representative means; not paired
B0,B0-M00,2,snv,1999.788274509804,-0.05575536553359328,difference of equal-sample representative means; not paired
B0,B0-M00,2,snv,2005.2490196078434,-0.06380874666778813,difference of equal-sample representative means; not paired
B0,B0-M00,2,snv,2010.7097647058827,-0.0803807400182116,difference of equal-sample representative means; not paired
B0,B0-M00,2,snv,2016.170509803922,-0.08558996124012985,difference of equal-sample representative means; not paired
B0,B0-M00,2,snv,2021.6312549019613,-0.1069904878356801,difference of equal-sample representative means; not paired
B0,B0-M00,2,snv,2027.092,-0.11902657020661533,difference of equal-sample representative means; not paired
B0,B0-M00,2,snv,2032.5527450980394,-0.12400633534170491,difference of equal-sample representative means; not paired
B0,B0-M00,2,snv,2038.0134901960787,-0.12690057514041653,difference of equal-sample representative means; not paired
B0,B0-M00,2,snv,2043.474235294118,-0.12744264722499787,difference of equal-sample representative means; not paired
B0,B0-M00,2,snv,2048.9349803921573,-0.12404743730677581,difference of equal-sample representative means; not paired
B0,B0-M00,2,snv,2054.3957254901966,-0.12295117134687261,difference of equal-sample representative means; not paired
B0,B0-M00,2,snv,2059.8564705882354,-0.10915023748833907,difference of equal-sample representative means; not paired
B0,B0-M00,2,snv,2065.3172156862747,-0.12005493102002973,difference of equal-sample representative means; not paired
B0,B0-M00,2,snv,2070.777960784314,-0.13156241085904608,difference of equal-sample representative means; not paired
B0,B0-M00,2,snv,2076.2387058823533,-0.11555896939353072,difference of equal-sample representative means; not paired
B0,B0-M00,2,snv,2081.6994509803926,-0.09331824088372309,difference of equal-sample representative means; not paired
B0,B0-M00,2,snv,2087.1601960784315,-0.09643156289731825,difference of equal-sample representative means; not paired
B0,B0-M00,2,snv,2092.6209411764708,-0.06660100479886921,difference of equal-sample representative means; not paired
B0,B0-M00,2,snv,2098.08168627451,-0.09547834050626491,difference of equal-sample representative means; not paired
B0,B0-M00,2,snv,2103.5424313725493,-0.11938773640597233,difference of equal-sample representative means; not paired
B0,B0-M00,2,snv,2109.0031764705886,-0.13025409031099233,difference of equal-sample representative means; not paired
B0,B0-M00,2,snv,2114.463921568628,-0.1250316778641548,difference of equal-sample representative means; not paired
B0,B0-M00,2,snv,2119.924666666667,-0.12300177602397133,difference of equal-sample representative means; not paired
B0,B0-M00,2,snv,2125.385411764706,-0.13649487552062023,difference of equal-sample representative means; not paired
B0,B0-M00,2,snv,2130.8461568627454,-0.15277993071177431,difference of equal-sample representative means; not paired
B0,B0-M00,2,snv,2136.3069019607847,-0.1589388127984218,difference of equal-sample representative means; not paired
B0,B0-M00,2,snv,2141.767647058824,-0.15548240259407597,difference of equal-sample representative means; not paired
B0,B0-M00,2,snv,2147.2283921568633,-0.19163077420571129,difference of equal-sample representative means; not paired
B0,B0-M00,2,snv,2152.689137254902,-0.2055845255117712,difference of equal-sample representative means; not paired
B0,B0-M00,2,snv,2158.1498823529414,-0.20632168900282688,difference of equal-sample representative means; not paired
B0,B0-M00,2,snv,2163.6106274509807,-0.20236252558751522,difference of equal-sample representative means; not paired
B0,B0-M00,2,snv,2169.07137254902,-0.20266788157230553,difference of equal-sample representative means; not paired
B0,B0-M00,2,snv,2174.5321176470593,-0.2269258611589262,difference of equal-sample representative means; not paired
B0,B0-M00,2,snv,2179.992862745098,-0.22287018397449,difference of equal-sample representative means; not paired
B0,B0-M00,2,snv,2185.4536078431374,-0.23586414790972254,difference of equal-sample representative means; not paired
B0,B0-M00,2,snv,2190.9143529411767,-0.23604886975816985,difference of equal-sample representative means; not paired
B0,B0-M00,2,snv,2196.375098039216,-0.23502186008344916,difference of equal-sample representative means; not paired
B0,B0-M00,2,snv,2201.8358431372553,-0.24629021031214193,difference of equal-sample representative means; not paired
B0,B0-M00,2,snv,2207.2965882352946,-0.26009841337222495,difference of equal-sample representative means; not paired
B0,B0-M00,2,snv,2212.7573333333335,-0.26136606850366007,difference of equal-sample representative means; not paired
B0,B0-M00,2,snv,2218.2180784313728,-0.2667704750686495,difference of equal-sample representative means; not paired
B0,B0-M00,2,snv,2223.678823529412,-0.2651049046614242,difference of equal-sample representative means; not paired
B0,B0-M00,2,snv,2229.1395686274514,-0.2875133814956378,difference of equal-sample representative means; not paired
B0,B0-M00,2,snv,2234.6003137254907,-0.2962285895359868,difference of equal-sample representative means; not paired
B0,B0-M00,2,snv,2240.06105882353,-0.2663356814212017,difference of equal-sample representative means; not paired
B0,B0-M00,2,snv,2245.521803921569,-0.2413806681282109,difference of equal-sample representative means; not paired
B0,B0-M00,2,snv,2250.982549019608,-0.23091340855718046,difference of equal-sample representative means; not paired
B0,B0-M00,2,snv,2256.4432941176474,-0.18536445015610425,difference of equal-sample representative means; not paired
B0,B0-M00,2,snv,2261.9040392156867,-0.10261489822130254,difference of equal-sample representative means; not paired
B0,B0-M00,2,snv,2267.364784313726,-0.06544887732962279,difference of equal-sample representative means; not paired
B0,B0-M00,2,snv,2272.825529411765,-0.015569056558748073,difference of equal-sample representative means; not paired
B0,B0-M00,2,snv,2278.286274509804,-0.009959069709099988,difference of equal-sample representative means; not paired
B0,B0-M00,2,snv,2283.7470196078434,0.03864758441396732,difference of equal-sample representative means; not paired
B0,B0-M00,2,snv,2289.2077647058827,0.08823275103466466,difference of equal-sample representative means; not paired
B0,B0-M00,2,snv,2294.668509803922,0.11588930308794076,difference of equal-sample representative means; not paired
B0,B0-M00,2,snv,2300.1292549019613,0.18898420163376717,difference of equal-sample representative means; not paired
B0,B0-M00,2,snv,2305.59,0.13223209473381092,difference of equal-sample representative means; not paired
B0,B0-M00,2,second_derivative,913.1,2.06361646212381e-05,difference of equal-sample representative means; not paired
B0,B0-M00,2,second_derivative,918.5607450980392,2.06361646212381e-05,difference of equal-sample representative means; not paired
B0,B0-M00,2,second_derivative,924.0214901960785,2.06361646212381e-05,difference of equal-sample representative means; not paired
B0,B0-M00,2,second_derivative,929.4822352941177,2.063616462123749e-05,difference of equal-sample representative means; not paired
B0,B0-M00,2,second_derivative,934.9429803921569,4.945058964261604e-06,difference of equal-sample representative means; not paired
B0,B0-M00,2,second_derivative,940.4037254901962,1.661174625988627e-05,difference of equal-sample representative means; not paired
B0,B0-M00,2,second_derivative,945.8644705882353,1.332678027129551e-05,difference of equal-sample representative means; not paired
B0,B0-M00,2,second_derivative,951.3252156862745,2.045482076492934e-05,difference of equal-sample representative means; not paired
B0,B0-M00,2,second_derivative,956.7859607843137,2.4032889731352707e-05,difference of equal-sample representative means; not paired
B0,B0-M00,2,second_derivative,962.246705882353,6.002468447614437e-06,difference of equal-sample representative means; not paired
B0,B0-M00,2,second_derivative,967.7074509803922,8.636390407295258e-06,difference of equal-sample representative means; not paired
B0,B0-M00,2,second_derivative,973.1681960784314,1.770130866374296e-05,difference of equal-sample representative means; not paired
B0,B0-M00,2,second_derivative,978.6289411764706,-8.304600256267441e-06,difference of equal-sample representative means; not paired
B0,B0-M00,2,second_derivative,984.0896862745099,-2.537751988444924e-05,difference of equal-sample representative means; not paired
B0,B0-M00,2,second_derivative,989.550431372549,-2.876460136840862e-05,difference of equal-sample representative means; not paired
B0,B0-M00,2,second_derivative,995.0111764705882,-1.9277125416061093e-05,difference of equal-sample representative means; not paired
B0,B0-M00,2,second_derivative,1000.4719215686275,2.6424586864326805e-06,difference of equal-sample representative means; not paired
B0,B0-M00,2,second_derivative,1005.9326666666667,2.283239470583451e-05,difference of equal-sample representative means; not paired
B0,B0-M00,2,second_derivative,1011.3934117647059,3.201596217030174e-06,difference of equal-sample representative means; not paired
B0,B0-M00,2,second_derivative,1016.8541568627452,-3.801525589596886e-07,difference of equal-sample representative means; not paired
B0,B0-M00,2,second_derivative,1022.3149019607844,1.8786161719893254e-05,difference of equal-sample representative means; not paired
B0,B0-M00,2,second_derivative,1027.7756470588236,5.680863964958702e-06,difference of equal-sample representative means; not paired
B0,B0-M00,2,second_derivative,1033.2363921568628,-1.111600592314424e-05,difference of equal-sample representative means; not paired
B0,B0-M00,2,second_derivative,1038.697137254902,-1.9028720117001556e-05,difference of equal-sample representative means; not paired
B0,B0-M00,2,second_derivative,1044.1578823529412,-2.212270186079796e-05,difference of equal-sample representative means; not paired
B0,B0-M00,2,second_derivative,1049.6186274509805,-9.723869128259539e-06,difference of equal-sample representative means; not paired
B0,B0-M00,2,second_derivative,1055.0793725490196,1.8348553351154267e-05,difference of equal-sample representative means; not paired
B0,B0-M00,2,second_derivative,1060.5401176470589,9.419429793180804e-06,difference of equal-sample representative means; not paired
B0,B0-M00,2,second_derivative,1066.0008627450982,4.65597774829531e-06,difference of equal-sample representative means; not paired
B0,B0-M00,2,second_derivative,1071.4616078431372,2.437701354954433e-06,difference of equal-sample representative means; not paired
B0,B0-M00,2,second_derivative,1076.9223529411765,-1.6487621640271952e-06,difference of equal-sample representative means; not paired
B0,B0-M00,2,second_derivative,1082.3830980392158,-3.5715223536262264e-07,difference of equal-sample representative means; not paired
B0,B0-M00,2,second_derivative,1087.843843137255,8.694761694397288e-07,difference of equal-sample representative means; not paired
B0,B0-M00,2,second_derivative,1093.3045882352942,2.241851305288295e-06,difference of equal-sample representative means; not paired
B0,B0-M00,2,second_derivative,1098.7653333333333,2.2955845622416e-05,difference of equal-sample representative means; not paired
B0,B0-M00,2,second_derivative,1104.2260784313726,8.964219340431164e-06,difference of equal-sample representative means; not paired
B0,B0-M00,2,second_derivative,1109.6868235294119,-7.145095292566088e-06,difference of equal-sample representative means; not paired
B0,B0-M00,2,second_derivative,1115.1475686274512,2.6582906639083617e-06,difference of equal-sample representative means; not paired
B0,B0-M00,2,second_derivative,1120.6083137254902,7.3810235772189966e-06,difference of equal-sample representative means; not paired
B0,B0-M00,2,second_derivative,1126.0690588235295,-1.0117274738092748e-05,difference of equal-sample representative means; not paired
B0,B0-M00,2,second_derivative,1131.5298039215686,-3.028605492101362e-07,difference of equal-sample representative means; not paired
B0,B0-M00,2,second_derivative,1136.990549019608,-1.0976434751372606e-05,difference of equal-sample representative means; not paired
B0,B0-M00,2,second_derivative,1142.4512941176472,1.3997018392934566e-06,difference of equal-sample representative means; not paired
B0,B0-M00,2,second_derivative,1147.9120392156863,2.8993154654905153e-05,difference of equal-sample representative means; not paired
B0,B0-M00,2,second_derivative,1153.3727843137256,2.4279804275680312e-05,difference of equal-sample representative means; not paired
B0,B0-M00,2,second_derivative,1158.8335294117649,-6.923893509954069e-06,difference of equal-sample representative means; not paired
B0,B0-M00,2,second_derivative,1164.294274509804,-1.2717789024722353e-05,difference of equal-sample representative means; not paired
B0,B0-M00,2,second_derivative,1169.7550196078432,-7.79172309748998e-06,difference of equal-sample representative means; not paired
B0,B0-M00,2,second_derivative,1175.2157647058825,2.6807024866125356e-06,difference of equal-sample representative means; not paired
B0,B0-M00,2,second_derivative,1180.6765098039216,1.1754432625486165e-05,difference of equal-sample representative means; not paired
B0,B0-M00,2,second_derivative,1186.137254901961,1.3745033995116426e-05,difference of equal-sample representative means; not paired
B0,B0-M00,2,second_derivative,1191.598,9.060673353625351e-06,difference of equal-sample representative means; not paired
B0,B0-M00,2,second_derivative,1197.0587450980393,1.757524155704716e-05,difference of equal-sample representative means; not paired
B0,B0-M00,2,second_derivative,1202.5194901960786,1.7427330071423502e-05,difference of equal-sample representative means; not paired
B0,B0-M00,2,second_derivative,1207.9802352941178,-1.723124999969398e-05,difference of equal-sample representative means; not paired
B0,B0-M00,2,second_derivative,1213.440980392157,-3.2616656674600494e-05,difference of equal-sample representative means; not paired
B0,B0-M00,2,second_derivative,1218.9017254901962,-4.483137894397973e-05,difference of equal-sample representative means; not paired
B0,B0-M00,2,second_derivative,1224.3624705882353,-3.523645015395212e-05,difference of equal-sample representative means; not paired
B0,B0-M00,2,second_derivative,1229.8232156862746,-4.2040704033804444e-06,difference of equal-sample representative means; not paired
B0,B0-M00,2,second_derivative,1235.2839607843139,2.691467019183693e-05,difference of equal-sample representative means; not paired
B0,B0-M00,2,second_derivative,1240.7447058823532,1.9569679127059952e-05,difference of equal-sample representative means; not paired
B0,B0-M00,2,second_derivative,1246.2054509803922,-2.901471117544988e-06,difference of equal-sample representative means; not paired
B0,B0-M00,2,second_derivative,1251.6661960784315,-2.3250622288793716e-05,difference of equal-sample representative means; not paired
B0,B0-M00,2,second_derivative,1257.1269411764706,-2.4021524908770627e-05,difference of equal-sample representative means; not paired
B0,B0-M00,2,second_derivative,1262.58768627451,-9.16854779751063e-06,difference of equal-sample representative means; not paired
B0,B0-M00,2,second_derivative,1268.0484313725492,1.5991511989189726e-05,difference of equal-sample representative means; not paired
B0,B0-M00,2,second_derivative,1273.5091764705883,1.486147155548875e-05,difference of equal-sample representative means; not paired
B0,B0-M00,2,second_derivative,1278.9699215686276,-5.857505598959356e-06,difference of equal-sample representative means; not paired
B0,B0-M00,2,second_derivative,1284.4306666666666,-3.536069166001956e-08,difference of equal-sample representative means; not paired
B0,B0-M00,2,second_derivative,1289.891411764706,7.596957221011863e-06,difference of equal-sample representative means; not paired
B0,B0-M00,2,second_derivative,1295.3521568627452,7.068500011593301e-06,difference of equal-sample representative means; not paired
B0,B0-M00,2,second_derivative,1300.8129019607845,5.399451634760718e-06,difference of equal-sample representative means; not paired
B0,B0-M00,2,second_derivative,1306.2736470588236,6.317873369581029e-06,difference of equal-sample representative means; not paired
B0,B0-M00,2,second_derivative,1311.734392156863,1.0363857812103111e-05,difference of equal-sample representative means; not paired
B0,B0-M00,2,second_derivative,1317.195137254902,1.643316189385463e-05,difference of equal-sample representative means; not paired
B0,B0-M00,2,second_derivative,1322.6558823529413,2.0662366278150605e-05,difference of equal-sample representative means; not paired
B0,B0-M00,2,second_derivative,1328.1166274509806,1.6552488087017865e-05,difference of equal-sample representative means; not paired
B0,B0-M00,2,second_derivative,1333.5773725490199,1.594963450992902e-05,difference of equal-sample representative means; not paired
B0,B0-M00,2,second_derivative,1339.038117647059,1.17945962133977e-05,difference of equal-sample representative means; not paired
B0,B0-M00,2,second_derivative,1344.4988627450982,5.802676800791351e-06,difference of equal-sample representative means; not paired
B0,B0-M00,2,second_derivative,1349.9596078431373,2.048604468744795e-06,difference of equal-sample representative means; not paired
B0,B0-M00,2,second_derivative,1355.4203529411766,1.6790779054353977e-05,difference of equal-sample representative means; not paired
B0,B0-M00,2,second_derivative,1360.8810980392159,1.320668428658611e-05,difference of equal-sample representative means; not paired
B0,B0-M00,2,second_derivative,1366.341843137255,-2.2247991393330445e-05,difference of equal-sample representative means; not paired
B0,B0-M00,2,second_derivative,1371.8025882352943,-3.313250919191287e-05,difference of equal-sample representative means; not paired
B0,B0-M00,2,second_derivative,1377.2633333333333,-1.916249063564833e-05,difference of equal-sample representative means; not paired
B0,B0-M00,2,second_derivative,1382.7240784313726,1.955502167032379e-05,difference of equal-sample representative means; not paired
B0,B0-M00,2,second_derivative,1388.184823529412,6.750824828449784e-05,difference of equal-sample representative means; not paired
B0,B0-M00,2,second_derivative,1393.6455686274512,7.221865929783678e-05,difference of equal-sample representative means; not paired
B0,B0-M00,2,second_derivative,1399.1063137254903,4.248533617339142e-05,difference of equal-sample representative means; not paired
B0,B0-M00,2,second_derivative,1404.5670588235296,2.6466511180744666e-05,difference of equal-sample representative means; not paired
B0,B0-M00,2,second_derivative,1410.0278039215686,6.265817148897652e-06,difference of equal-sample representative means; not paired
B0,B0-M00,2,second_derivative,1415.488549019608,-1.1636757180098733e-05,difference of equal-sample representative means; not paired
B0,B0-M00,2,second_derivative,1420.9492941176472,-3.109010539790503e-05,difference of equal-sample representative means; not paired
B0,B0-M00,2,second_derivative,1426.4100392156865,-4.348494655580424e-05,difference of equal-sample representative means; not paired
B0,B0-M00,2,second_derivative,1431.8707843137256,-4.7023126970789365e-05,difference of equal-sample representative means; not paired
B0,B0-M00,2,second_derivative,1437.3315294117647,-2.6083581156132292e-05,difference of equal-sample representative means; not paired
B0,B0-M00,2,second_derivative,1442.792274509804,-1.148649949189456e-05,difference of equal-sample representative means; not paired
B0,B0-M00,2,second_derivative,1448.2530196078433,-2.6126461073789697e-05,difference of equal-sample representative means; not paired
B0,B0-M00,2,second_derivative,1453.7137647058826,-3.4734923287574985e-05,difference of equal-sample representative means; not paired
B0,B0-M00,2,second_derivative,1459.1745098039219,-3.3694404887398056e-05,difference of equal-sample representative means; not paired
B0,B0-M00,2,second_derivative,1464.635254901961,-1.8691316702443074e-05,difference of equal-sample representative means; not paired
B0,B0-M00,2,second_derivative,1470.096,3.6503631657062213e-06,difference of equal-sample representative means; not paired
B0,B0-M00,2,second_derivative,1475.5567450980393,2.7880605182554945e-06,difference of equal-sample representative means; not paired
B0,B0-M00,2,second_derivative,1481.0174901960786,-1.5965150305677003e-05,difference of equal-sample representative means; not paired
B0,B0-M00,2,second_derivative,1486.478235294118,-1.4230559217044437e-05,difference of equal-sample representative means; not paired
B0,B0-M00,2,second_derivative,1491.938980392157,-8.423942928000726e-06,difference of equal-sample representative means; not paired
B0,B0-M00,2,second_derivative,1497.3997254901963,8.152268143333993e-07,difference of equal-sample representative means; not paired
B0,B0-M00,2,second_derivative,1502.8604705882353,-1.3214236968495962e-06,difference of equal-sample representative means; not paired
B0,B0-M00,2,second_derivative,1508.3212156862746,-2.3683248398675115e-06,difference of equal-sample representative means; not paired
B0,B0-M00,2,second_derivative,1513.781960784314,-2.5571995205233632e-06,difference of equal-sample representative means; not paired
B0,B0-M00,2,second_derivative,1519.2427058823532,-7.214401405077945e-07,difference of equal-sample representative means; not paired
B0,B0-M00,2,second_derivative,1524.7034509803923,2.8949906948414736e-06,difference of equal-sample representative means; not paired
B0,B0-M00,2,second_derivative,1530.1641960784316,3.923070750018494e-06,difference of equal-sample representative means; not paired
B0,B0-M00,2,second_derivative,1535.6249411764707,9.592067697635608e-07,difference of equal-sample representative means; not paired
B0,B0-M00,2,second_derivative,1541.08568627451,6.741139402591479e-07,difference of equal-sample representative means; not paired
B0,B0-M00,2,second_derivative,1546.5464313725493,2.1708906667120706e-06,difference of equal-sample representative means; not paired
B0,B0-M00,2,second_derivative,1552.0071764705885,-7.933638503102578e-07,difference of equal-sample representative means; not paired
B0,B0-M00,2,second_derivative,1557.4679215686276,-2.871267049461768e-06,difference of equal-sample representative means; not paired
B0,B0-M00,2,second_derivative,1562.9286666666667,-3.244589257808517e-06,difference of equal-sample representative means; not paired
B0,B0-M00,2,second_derivative,1568.389411764706,-2.318939686510503e-06,difference of equal-sample representative means; not paired
B0,B0-M00,2,second_derivative,1573.8501568627453,1.4250217120625575e-07,difference of equal-sample representative means; not paired
B0,B0-M00,2,second_derivative,1579.3109019607846,3.4210118397240253e-07,difference of equal-sample representative means; not paired
B0,B0-M00,2,second_derivative,1584.7716470588239,-7.081217483306333e-06,difference of equal-sample representative means; not paired
B0,B0-M00,2,second_derivative,1590.232392156863,-1.1906186890356632e-05,difference of equal-sample representative means; not paired
B0,B0-M00,2,second_derivative,1595.693137254902,-1.4873735884310829e-05,difference of equal-sample representative means; not paired
B0,B0-M00,2,second_derivative,1601.1538823529413,-1.4058160998537672e-05,difference of equal-sample representative means; not paired
B0,B0-M00,2,second_derivative,1606.6146274509806,-9.543016123525986e-06,difference of equal-sample representative means; not paired
B0,B0-M00,2,second_derivative,1612.07537254902,-5.140583224484904e-06,difference of equal-sample representative means; not paired
B0,B0-M00,2,second_derivative,1617.536117647059,4.422222002782188e-07,difference of equal-sample representative means; not paired
B0,B0-M00,2,second_derivative,1622.9968627450983,4.411714013151198e-06,difference of equal-sample representative means; not paired
B0,B0-M00,2,second_derivative,1628.4576078431373,7.824977682650094e-06,difference of equal-sample representative means; not paired
B0,B0-M00,2,second_derivative,1633.9183529411766,1.3006520046918828e-05,difference of equal-sample representative means; not paired
B0,B0-M00,2,second_derivative,1639.379098039216,1.512683265134407e-05,difference of equal-sample representative means; not paired
B0,B0-M00,2,second_derivative,1644.8398431372552,1.3499637909937981e-05,difference of equal-sample representative means; not paired
B0,B0-M00,2,second_derivative,1650.3005882352943,1.0796195548397248e-05,difference of equal-sample representative means; not paired
B0,B0-M00,2,second_derivative,1655.7613333333334,9.45059752557636e-06,difference of equal-sample representative means; not paired
B0,B0-M00,2,second_derivative,1661.2220784313727,1.9749816847351393e-05,difference of equal-sample representative means; not paired
B0,B0-M00,2,second_derivative,1666.682823529412,-8.203595265229364e-06,difference of equal-sample representative means; not paired
B0,B0-M00,2,second_derivative,1672.1435686274513,-3.0317251148343324e-05,difference of equal-sample representative means; not paired
B0,B0-M00,2,second_derivative,1677.6043137254906,-3.0799625642196024e-05,difference of equal-sample representative means; not paired
B0,B0-M00,2,second_derivative,1683.0650588235296,-1.1567951383198906e-05,difference of equal-sample representative means; not paired
B0,B0-M00,2,second_derivative,1688.5258039215687,1.776358891262646e-05,difference of equal-sample representative means; not paired
B0,B0-M00,2,second_derivative,1693.986549019608,3.977707928758454e-05,difference of equal-sample representative means; not paired
B0,B0-M00,2,second_derivative,1699.4472941176473,1.7614728097269072e-05,difference of equal-sample representative means; not paired
B0,B0-M00,2,second_derivative,1704.9080392156866,1.0390656177608369e-05,difference of equal-sample representative means; not paired
B0,B0-M00,2,second_derivative,1710.3687843137257,8.848762567483498e-06,difference of equal-sample representative means; not paired
B0,B0-M00,2,second_derivative,1715.829529411765,7.819520036913493e-06,difference of equal-sample representative means; not paired
B0,B0-M00,2,second_derivative,1721.290274509804,3.978370860461649e-06,difference of equal-sample representative means; not paired
B0,B0-M00,2,second_derivative,1726.7510196078433,-1.9606754656670774e-07,difference of equal-sample representative means; not paired
B0,B0-M00,2,second_derivative,1732.2117647058826,-2.117512958955877e-06,difference of equal-sample representative means; not paired
B0,B0-M00,2,second_derivative,1737.672509803922,-3.2250302141677347e-06,difference of equal-sample representative means; not paired
B0,B0-M00,2,second_derivative,1743.133254901961,-3.333776596261355e-06,difference of equal-sample representative means; not paired
B0,B0-M00,2,second_derivative,1748.594,7.6253327436023865e-06,difference of equal-sample representative means; not paired
B0,B0-M00,2,second_derivative,1754.0547450980393,1.5840141039146624e-05,difference of equal-sample representative means; not paired
B0,B0-M00,2,second_derivative,1759.5154901960786,1.589054571007798e-05,difference of equal-sample representative means; not paired
B0,B0-M00,2,second_derivative,1764.976235294118,7.664195144053453e-06,difference of equal-sample representative means; not paired
B0,B0-M00,2,second_derivative,1770.4369803921572,-6.492724601900105e-06,difference of equal-sample representative means; not paired
B0,B0-M00,2,second_derivative,1775.8977254901963,-1.2245929256137561e-05,difference of equal-sample representative means; not paired
B0,B0-M00,2,second_derivative,1781.3584705882354,-8.633801215817213e-08,difference of equal-sample representative means; not paired
B0,B0-M00,2,second_derivative,1786.8192156862747,-1.5832047258939993e-05,difference of equal-sample representative means; not paired
B0,B0-M00,2,second_derivative,1792.279960784314,-2.286661432658094e-05,difference of equal-sample representative means; not paired
B0,B0-M00,2,second_derivative,1797.7407058823533,-2.182231768411017e-05,difference of equal-sample representative means; not paired
B0,B0-M00,2,second_derivative,1803.2014509803923,-1.282258466569767e-05,difference of equal-sample representative means; not paired
B0,B0-M00,2,second_derivative,1808.6621960784316,1.775956201799258e-06,difference of equal-sample representative means; not paired
B0,B0-M00,2,second_derivative,1814.1229411764707,1.1766919615177012e-05,difference of equal-sample representative means; not paired
B0,B0-M00,2,second_derivative,1819.58368627451,-3.2509459238225286e-06,difference of equal-sample representative means; not paired
B0,B0-M00,2,second_derivative,1825.0444313725493,-5.136614888285008e-06,difference of equal-sample representative means; not paired
B0,B0-M00,2,second_derivative,1830.5051764705886,-7.649015166825335e-06,difference of equal-sample representative means; not paired
B0,B0-M00,2,second_derivative,1835.9659215686277,-2.5337564484508407e-06,difference of equal-sample representative means; not paired
B0,B0-M00,2,second_derivative,1841.4266666666667,4.750517580261968e-06,difference of equal-sample representative means; not paired
B0,B0-M00,2,second_derivative,1846.887411764706,1.1848461592519259e-05,difference of equal-sample representative means; not paired
B0,B0-M00,2,second_derivative,1852.3481568627453,1.891080786400171e-05,difference of equal-sample representative means; not paired
B0,B0-M00,2,second_derivative,1857.8089019607846,2.353269518474582e-05,difference of equal-sample representative means; not paired
B0,B0-M00,2,second_derivative,1863.269647058824,2.8239676307446594e-05,difference of equal-sample representative means; not paired
B0,B0-M00,2,second_derivative,1868.730392156863,4.148567121370338e-05,difference of equal-sample representative means; not paired
B0,B0-M00,2,second_derivative,1874.191137254902,4.814371889415783e-05,difference of equal-sample representative means; not paired
B0,B0-M00,2,second_derivative,1879.6518823529414,4.9893479181002865e-05,difference of equal-sample representative means; not paired
B0,B0-M00,2,second_derivative,1885.1126274509807,4.114916138749569e-05,difference of equal-sample representative means; not paired
B0,B0-M00,2,second_derivative,1890.57337254902,1.9039697941828753e-05,difference of equal-sample representative means; not paired
B0,B0-M00,2,second_derivative,1896.034117647059,-6.466237138575068e-06,difference of equal-sample representative means; not paired
B0,B0-M00,2,second_derivative,1901.4948627450983,-2.0100344927203737e-05,difference of equal-sample representative means; not paired
B0,B0-M00,2,second_derivative,1906.9556078431374,-3.102158490991575e-05,difference of equal-sample representative means; not paired
B0,B0-M00,2,second_derivative,1912.4163529411767,-3.496738263305003e-05,difference of equal-sample representative means; not paired
B0,B0-M00,2,second_derivative,1917.877098039216,-3.72253260021755e-05,difference of equal-sample representative means; not paired
B0,B0-M00,2,second_derivative,1923.3378431372553,-4.2091234921131146e-05,difference of equal-sample representative means; not paired
B0,B0-M00,2,second_derivative,1928.7985882352943,-3.979542261474278e-05,difference of equal-sample representative means; not paired
B0,B0-M00,2,second_derivative,1934.2593333333336,-3.352621881686902e-05,difference of equal-sample representative means; not paired
B0,B0-M00,2,second_derivative,1939.7200784313727,-3.0981195087242713e-05,difference of equal-sample representative means; not paired
B0,B0-M00,2,second_derivative,1945.180823529412,-2.421420700664118e-05,difference of equal-sample representative means; not paired
B0,B0-M00,2,second_derivative,1950.6415686274513,-1.2564246904578655e-05,difference of equal-sample representative means; not paired
B0,B0-M00,2,second_derivative,1956.1023137254906,-7.380492346935716e-06,difference of equal-sample representative means; not paired
B0,B0-M00,2,second_derivative,1961.5630588235294,-5.253581379457629e-06,difference of equal-sample representative means; not paired
B0,B0-M00,2,second_derivative,1967.0238039215687,-5.999812795286137e-06,difference of equal-sample representative means; not paired
B0,B0-M00,2,second_derivative,1972.484549019608,-7.200097268746131e-06,difference of equal-sample representative means; not paired
B0,B0-M00,2,second_derivative,1977.9452941176473,6.89181717137217e-07,difference of equal-sample representative means; not paired
B0,B0-M00,2,second_derivative,1983.4060392156866,1.214931474352106e-05,difference of equal-sample representative means; not paired
B0,B0-M00,2,second_derivative,1988.866784313726,1.1986648615291642e-05,difference of equal-sample representative means; not paired
B0,B0-M00,2,second_derivative,1994.3275294117648,1.0925784740560847e-05,difference of equal-sample representative means; not paired
B0,B0-M00,2,second_derivative,1999.788274509804,1.031091544422392e-05,difference of equal-sample representative means; not paired
B0,B0-M00,2,second_derivative,2005.2490196078434,1.2059424522501341e-05,difference of equal-sample representative means; not paired
B0,B0-M00,2,second_derivative,2010.7097647058827,1.506452360586242e-05,difference of equal-sample representative means; not paired
B0,B0-M00,2,second_derivative,2016.170509803922,1.661989423695474e-05,difference of equal-sample representative means; not paired
B0,B0-M00,2,second_derivative,2021.6312549019613,1.2930937929681553e-05,difference of equal-sample representative means; not paired
B0,B0-M00,2,second_derivative,2027.092,1.1698480435125279e-05,difference of equal-sample representative means; not paired
B0,B0-M00,2,second_derivative,2032.5527450980394,6.9746691358952705e-06,difference of equal-sample representative means; not paired
B0,B0-M00,2,second_derivative,2038.0134901960787,4.6362974546648026e-06,difference of equal-sample representative means; not paired
B0,B0-M00,2,second_derivative,2043.474235294118,-1.7584237752151137e-07,difference of equal-sample representative means; not paired
B0,B0-M00,2,second_derivative,2048.9349803921573,4.837597536773693e-06,difference of equal-sample representative means; not paired
B0,B0-M00,2,second_derivative,2054.3957254901966,9.700431423329243e-06,difference of equal-sample representative means; not paired
B0,B0-M00,2,second_derivative,2059.8564705882354,3.3354357712567e-06,difference of equal-sample representative means; not paired
B0,B0-M00,2,second_derivative,2065.3172156862747,-1.0642150489367574e-05,difference of equal-sample representative means; not paired
B0,B0-M00,2,second_derivative,2070.777960784314,-1.7505067878116562e-05,difference of equal-sample representative means; not paired
B0,B0-M00,2,second_derivative,2076.2387058823533,-1.599550429115611e-05,difference of equal-sample representative means; not paired
B0,B0-M00,2,second_derivative,2081.6994509803926,-1.795881433221339e-06,difference of equal-sample representative means; not paired
B0,B0-M00,2,second_derivative,2087.1601960784315,1.3239596653634253e-05,difference of equal-sample representative means; not paired
B0,B0-M00,2,second_derivative,2092.6209411764708,1.0635438938203122e-05,difference of equal-sample representative means; not paired
B0,B0-M00,2,second_derivative,2098.08168627451,-6.80601429135792e-07,difference of equal-sample representative means; not paired
B0,B0-M00,2,second_derivative,2103.5424313725493,-9.74952124207838e-06,difference of equal-sample representative means; not paired
B0,B0-M00,2,second_derivative,2109.0031764705886,-1.4817353819860774e-05,difference of equal-sample representative means; not paired
B0,B0-M00,2,second_derivative,2114.463921568628,-9.264970381039772e-06,difference of equal-sample representative means; not paired
B0,B0-M00,2,second_derivative,2119.924666666667,-3.1098461859049967e-07,difference of equal-sample representative means; not paired
B0,B0-M00,2,second_derivative,2125.385411764706,-3.5516962267301076e-06,difference of equal-sample representative means; not paired
B0,B0-M00,2,second_derivative,2130.8461568627454,-4.361394155188732e-06,difference of equal-sample representative means; not paired
B0,B0-M00,2,second_derivative,2136.3069019607847,-6.4249485356450364e-06,difference of equal-sample representative means; not paired
B0,B0-M00,2,second_derivative,2141.767647058824,-5.598157968191263e-06,difference of equal-sample representative means; not paired
B0,B0-M00,2,second_derivative,2147.2283921568633,-3.262141199901508e-06,difference of equal-sample representative means; not paired
B0,B0-M00,2,second_derivative,2152.689137254902,-8.939130916854699e-06,difference of equal-sample representative means; not paired
B0,B0-M00,2,second_derivative,2158.1498823529414,-8.91053808431233e-06,difference of equal-sample representative means; not paired
B0,B0-M00,2,second_derivative,2163.6106274509807,2.601092098057463e-06,difference of equal-sample representative means; not paired
B0,B0-M00,2,second_derivative,2169.07137254902,5.818160439980878e-06,difference of equal-sample representative means; not paired
B0,B0-M00,2,second_derivative,2174.5321176470593,7.659320321834598e-06,difference of equal-sample representative means; not paired
B0,B0-M00,2,second_derivative,2179.992862745098,-3.503202741437547e-06,difference of equal-sample representative means; not paired
B0,B0-M00,2,second_derivative,2185.4536078431374,-9.58726738850502e-06,difference of equal-sample representative means; not paired
B0,B0-M00,2,second_derivative,2190.9143529411767,2.333649568531875e-06,difference of equal-sample representative means; not paired
B0,B0-M00,2,second_derivative,2196.375098039216,9.394180342047489e-06,difference of equal-sample representative means; not paired
B0,B0-M00,2,second_derivative,2201.8358431372553,5.311498351416632e-06,difference of equal-sample representative means; not paired
B0,B0-M00,2,second_derivative,2207.2965882352946,3.066205383691263e-07,difference of equal-sample representative means; not paired
B0,B0-M00,2,second_derivative,2212.7573333333335,-2.521514145755513e-06,difference of equal-sample representative means; not paired
B0,B0-M00,2,second_derivative,2218.2180784313728,4.815777482400753e-06,difference of equal-sample representative means; not paired
B0,B0-M00,2,second_derivative,2223.678823529412,1.6477393099280894e-05,difference of equal-sample representative means; not paired
B0,B0-M00,2,second_derivative,2229.1395686274514,1.646398083696362e-05,difference of equal-sample representative means; not paired
B0,B0-M00,2,second_derivative,2234.6003137254907,1.2047009618452297e-05,difference of equal-sample representative means; not paired
B0,B0-M00,2,second_derivative,2240.06105882353,4.9214682932172964e-06,difference of equal-sample representative means; not paired
B0,B0-M00,2,second_derivative,2245.521803921569,-1.5490613804549447e-05,difference of equal-sample representative means; not paired
B0,B0-M00,2,second_derivative,2250.982549019608,-2.0418787048261735e-05,difference of equal-sample representative means; not paired
B0,B0-M00,2,second_derivative,2256.4432941176474,-1.53775741577972e-05,difference of equal-sample representative means; not paired
B0,B0-M00,2,second_derivative,2261.9040392156867,-2.3030682543735935e-06,difference of equal-sample representative means; not paired
B0,B0-M00,2,second_derivative,2267.364784313726,-9.187927392124878e-06,difference of equal-sample representative means; not paired
B0,B0-M00,2,second_derivative,2272.825529411765,-2.976641896288561e-05,difference of equal-sample representative means; not paired
B0,B0-M00,2,second_derivative,2278.286274509804,-4.8189108187035674e-05,difference of equal-sample representative means; not paired
B0,B0-M00,2,second_derivative,2283.7470196078434,-4.246521434589209e-05,difference of equal-sample representative means; not paired
B0,B0-M00,2,second_derivative,2289.2077647058827,-2.9607325240666023e-06,difference of equal-sample representative means; not paired
B0,B0-M00,2,second_derivative,2294.668509803922,-2.960732524066836e-06,difference of equal-sample representative means; not paired
B0,B0-M00,2,second_derivative,2300.1292549019613,-2.960732524066836e-06,difference of equal-sample representative means; not paired
B0,B0-M00,2,second_derivative,2305.59,-2.960732524066836e-06,difference of equal-sample representative means; not paired
B0,B0-M00,3,reflectance,913.1,-0.045662720538077683,difference of equal-sample representative means; not paired
B0,B0-M00,3,reflectance,918.5607450980392,-0.05461087667302561,difference of equal-sample representative means; not paired
B0,B0-M00,3,reflectance,924.0214901960785,-0.059193724653741286,difference of equal-sample representative means; not paired
B0,B0-M00,3,reflectance,929.4822352941177,-0.0645618268232041,difference of equal-sample representative means; not paired
B0,B0-M00,3,reflectance,934.9429803921569,-0.06792373630856785,difference of equal-sample representative means; not paired
B0,B0-M00,3,reflectance,940.4037254901962,-0.06913942225892394,difference of equal-sample representative means; not paired
B0,B0-M00,3,reflectance,945.8644705882353,-0.07081512181988331,difference of equal-sample representative means; not paired
B0,B0-M00,3,reflectance,951.3252156862745,-0.0714939539176685,difference of equal-sample representative means; not paired
B0,B0-M00,3,reflectance,956.7859607843137,-0.07188070701292654,difference of equal-sample representative means; not paired
B0,B0-M00,3,reflectance,962.246705882353,-0.07140764661706389,difference of equal-sample representative means; not paired
B0,B0-M00,3,reflectance,967.7074509803922,-0.07071802063621346,difference of equal-sample representative means; not paired
B0,B0-M00,3,reflectance,973.1681960784314,-0.07000632732867335,difference of equal-sample representative means; not paired
B0,B0-M00,3,reflectance,978.6289411764706,-0.06937439936703632,difference of equal-sample representative means; not paired
B0,B0-M00,3,reflectance,984.0896862745099,-0.06883679469389897,difference of equal-sample representative means; not paired
B0,B0-M00,3,reflectance,989.550431372549,-0.06831351724161566,difference of equal-sample representative means; not paired
B0,B0-M00,3,reflectance,995.0111764705882,-0.06812291482504679,difference of equal-sample representative means; not paired
B0,B0-M00,3,reflectance,1000.4719215686275,-0.06778960653318294,difference of equal-sample representative means; not paired
B0,B0-M00,3,reflectance,1005.9326666666667,-0.06745691626664285,difference of equal-sample representative means; not paired
B0,B0-M00,3,reflectance,1011.3934117647059,-0.06739181244760278,difference of equal-sample representative means; not paired
B0,B0-M00,3,reflectance,1016.8541568627452,-0.06746175597608339,difference of equal-sample representative means; not paired
B0,B0-M00,3,reflectance,1022.3149019607844,-0.06745997803145826,difference of equal-sample representative means; not paired
B0,B0-M00,3,reflectance,1027.7756470588236,-0.06742235581743,difference of equal-sample representative means; not paired
B0,B0-M00,3,reflectance,1033.2363921568628,-0.06757378931918029,difference of equal-sample representative means; not paired
B0,B0-M00,3,reflectance,1038.697137254902,-0.0673402013629344,difference of equal-sample representative means; not paired
B0,B0-M00,3,reflectance,1044.1578823529412,-0.0673903517922479,difference of equal-sample representative means; not paired
B0,B0-M00,3,reflectance,1049.6186274509805,-0.06750239416462667,difference of equal-sample representative means; not paired
B0,B0-M00,3,reflectance,1055.0793725490196,-0.06758276237139926,difference of equal-sample representative means; not paired
B0,B0-M00,3,reflectance,1060.5401176470589,-0.06760385946717629,difference of equal-sample representative means; not paired
B0,B0-M00,3,reflectance,1066.0008627450982,-0.06758147170985784,difference of equal-sample representative means; not paired
B0,B0-M00,3,reflectance,1071.4616078431372,-0.06764793313950951,difference of equal-sample representative means; not paired
B0,B0-M00,3,reflectance,1076.9223529411765,-0.0676796262667183,difference of equal-sample representative means; not paired
B0,B0-M00,3,reflectance,1082.3830980392158,-0.06776505197815164,difference of equal-sample representative means; not paired
B0,B0-M00,3,reflectance,1087.843843137255,-0.06775711305046483,difference of equal-sample representative means; not paired
B0,B0-M00,3,reflectance,1093.3045882352942,-0.0676858507162208,difference of equal-sample representative means; not paired
B0,B0-M00,3,reflectance,1098.7653333333333,-0.06757301022061601,difference of equal-sample representative means; not paired
B0,B0-M00,3,reflectance,1104.2260784313726,-0.06738400787108878,difference of equal-sample representative means; not paired
B0,B0-M00,3,reflectance,1109.6868235294119,-0.06704941947435306,difference of equal-sample representative means; not paired
B0,B0-M00,3,reflectance,1115.1475686274512,-0.06635839721156078,difference of equal-sample representative means; not paired
B0,B0-M00,3,reflectance,1120.6083137254902,-0.06553148737137005,difference of equal-sample representative means; not paired
B0,B0-M00,3,reflectance,1126.0690588235295,-0.06442890152217584,difference of equal-sample representative means; not paired
B0,B0-M00,3,reflectance,1131.5298039215686,-0.06307188347961024,difference of equal-sample representative means; not paired
B0,B0-M00,3,reflectance,1136.990549019608,-0.06165611243138991,difference of equal-sample representative means; not paired
B0,B0-M00,3,reflectance,1142.4512941176472,-0.060340470638774235,difference of equal-sample representative means; not paired
B0,B0-M00,3,reflectance,1147.9120392156863,-0.05906370160660013,difference of equal-sample representative means; not paired
B0,B0-M00,3,reflectance,1153.3727843137256,-0.05758959930044405,difference of equal-sample representative means; not paired
B0,B0-M00,3,reflectance,1158.8335294117649,-0.05601333740913372,difference of equal-sample representative means; not paired
B0,B0-M00,3,reflectance,1164.294274509804,-0.05442220734723602,difference of equal-sample representative means; not paired
B0,B0-M00,3,reflectance,1169.7550196078432,-0.05308262348868298,difference of equal-sample representative means; not paired
B0,B0-M00,3,reflectance,1175.2157647058825,-0.051682997566237954,difference of equal-sample representative means; not paired
B0,B0-M00,3,reflectance,1180.6765098039216,-0.05013063117354599,difference of equal-sample representative means; not paired
B0,B0-M00,3,reflectance,1186.137254901961,-0.048727020019791345,difference of equal-sample representative means; not paired
B0,B0-M00,3,reflectance,1191.598,-0.047396295189564674,difference of equal-sample representative means; not paired
B0,B0-M00,3,reflectance,1197.0587450980393,-0.04617024351445753,difference of equal-sample representative means; not paired
B0,B0-M00,3,reflectance,1202.5194901960786,-0.04539616685025061,difference of equal-sample representative means; not paired
B0,B0-M00,3,reflectance,1207.9802352941178,-0.044691862414218964,difference of equal-sample representative means; not paired
B0,B0-M00,3,reflectance,1213.440980392157,-0.04395080715048827,difference of equal-sample representative means; not paired
B0,B0-M00,3,reflectance,1218.9017254901962,-0.04355338359035654,difference of equal-sample representative means; not paired
B0,B0-M00,3,reflectance,1224.3624705882353,-0.04374455974191638,difference of equal-sample representative means; not paired
B0,B0-M00,3,reflectance,1229.8232156862746,-0.04386193073732947,difference of equal-sample representative means; not paired
B0,B0-M00,3,reflectance,1235.2839607843139,-0.04391328682686979,difference of equal-sample representative means; not paired
B0,B0-M00,3,reflectance,1240.7447058823532,-0.04426449809199062,difference of equal-sample representative means; not paired
B0,B0-M00,3,reflectance,1246.2054509803922,-0.04442028881657689,difference of equal-sample representative means; not paired
B0,B0-M00,3,reflectance,1251.6661960784315,-0.04474701010787663,difference of equal-sample representative means; not paired
B0,B0-M00,3,reflectance,1257.1269411764706,-0.044878241626474136,difference of equal-sample representative means; not paired
B0,B0-M00,3,reflectance,1262.58768627451,-0.04472843760172329,difference of equal-sample representative means; not paired
B0,B0-M00,3,reflectance,1268.0484313725492,-0.04499326768629486,difference of equal-sample representative means; not paired
B0,B0-M00,3,reflectance,1273.5091764705883,-0.04463966863739399,difference of equal-sample representative means; not paired
B0,B0-M00,3,reflectance,1278.9699215686276,-0.0442992981762369,difference of equal-sample representative means; not paired
B0,B0-M00,3,reflectance,1284.4306666666666,-0.04454874842347589,difference of equal-sample representative means; not paired
B0,B0-M00,3,reflectance,1289.891411764706,-0.04470679023967761,difference of equal-sample representative means; not paired
B0,B0-M00,3,reflectance,1295.3521568627452,-0.04484400780158304,difference of equal-sample representative means; not paired
B0,B0-M00,3,reflectance,1300.8129019607845,-0.04485006415720938,difference of equal-sample representative means; not paired
B0,B0-M00,3,reflectance,1306.2736470588236,-0.044390983885857604,difference of equal-sample representative means; not paired
B0,B0-M00,3,reflectance,1311.734392156863,-0.04392857993957522,difference of equal-sample representative means; not paired
B0,B0-M00,3,reflectance,1317.195137254902,-0.04328222166127205,difference of equal-sample representative means; not paired
B0,B0-M00,3,reflectance,1322.6558823529413,-0.04205949751445437,difference of equal-sample representative means; not paired
B0,B0-M00,3,reflectance,1328.1166274509806,-0.0408866725678344,difference of equal-sample representative means; not paired
B0,B0-M00,3,reflectance,1333.5773725490199,-0.03927509399924323,difference of equal-sample representative means; not paired
B0,B0-M00,3,reflectance,1339.038117647059,-0.03719492986893813,difference of equal-sample representative means; not paired
B0,B0-M00,3,reflectance,1344.4988627450982,-0.034978593867525554,difference of equal-sample representative means; not paired
B0,B0-M00,3,reflectance,1349.9596078431373,-0.03266342407903633,difference of equal-sample representative means; not paired
B0,B0-M00,3,reflectance,1355.4203529411766,-0.03027346466949954,difference of equal-sample representative means; not paired
B0,B0-M00,3,reflectance,1360.8810980392159,-0.02821700345867706,difference of equal-sample representative means; not paired
B0,B0-M00,3,reflectance,1366.341843137255,-0.026038184165355527,difference of equal-sample representative means; not paired
B0,B0-M00,3,reflectance,1371.8025882352943,-0.024168253136953588,difference of equal-sample representative means; not paired
B0,B0-M00,3,reflectance,1377.2633333333333,-0.022658723676841186,difference of equal-sample representative means; not paired
B0,B0-M00,3,reflectance,1382.7240784313726,-0.02119671038531712,difference of equal-sample representative means; not paired
B0,B0-M00,3,reflectance,1388.184823529412,-0.019388793378809388,difference of equal-sample representative means; not paired
B0,B0-M00,3,reflectance,1393.6455686274512,-0.017144893152574947,difference of equal-sample representative means; not paired
B0,B0-M00,3,reflectance,1399.1063137254903,-0.014201080578891134,difference of equal-sample representative means; not paired
B0,B0-M00,3,reflectance,1404.5670588235296,-0.010662851648747695,difference of equal-sample representative means; not paired
B0,B0-M00,3,reflectance,1410.0278039215686,-0.007001645572137449,difference of equal-sample representative means; not paired
B0,B0-M00,3,reflectance,1415.488549019608,-0.0034360715420655996,difference of equal-sample representative means; not paired
B0,B0-M00,3,reflectance,1420.9492941176472,-0.00016016242658484225,difference of equal-sample representative means; not paired
B0,B0-M00,3,reflectance,1426.4100392156865,0.0026216328374374376,difference of equal-sample representative means; not paired
B0,B0-M00,3,reflectance,1431.8707843137256,0.0047837928863412316,difference of equal-sample representative means; not paired
B0,B0-M00,3,reflectance,1437.3315294117647,0.006099140549202409,difference of equal-sample representative means; not paired
B0,B0-M00,3,reflectance,1442.792274509804,0.007182990776436804,difference of equal-sample representative means; not paired
B0,B0-M00,3,reflectance,1448.2530196078433,0.00798586555320252,difference of equal-sample representative means; not paired
B0,B0-M00,3,reflectance,1453.7137647058826,0.008806600456407632,difference of equal-sample representative means; not paired
B0,B0-M00,3,reflectance,1459.1745098039219,0.009265252609129526,difference of equal-sample representative means; not paired
B0,B0-M00,3,reflectance,1464.635254901961,0.009525871064924751,difference of equal-sample representative means; not paired
B0,B0-M00,3,reflectance,1470.096,0.010554373852959986,difference of equal-sample representative means; not paired
B0,B0-M00,3,reflectance,1475.5567450980393,0.010658726808052355,difference of equal-sample representative means; not paired
B0,B0-M00,3,reflectance,1481.0174901960786,0.011118603596026178,difference of equal-sample representative means; not paired
B0,B0-M00,3,reflectance,1486.478235294118,0.011155865963965506,difference of equal-sample representative means; not paired
B0,B0-M00,3,reflectance,1491.938980392157,0.011161712706219296,difference of equal-sample representative means; not paired
B0,B0-M00,3,reflectance,1497.3997254901963,0.011146932474597748,difference of equal-sample representative means; not paired
B0,B0-M00,3,reflectance,1502.8604705882353,0.011002875539866175,difference of equal-sample representative means; not paired
B0,B0-M00,3,reflectance,1508.3212156862746,0.01083207272270259,difference of equal-sample representative means; not paired
B0,B0-M00,3,reflectance,1513.781960784314,0.011084293023140568,difference of equal-sample representative means; not paired
B0,B0-M00,3,reflectance,1519.2427058823532,0.010419526174508309,difference of equal-sample representative means; not paired
B0,B0-M00,3,reflectance,1524.7034509803923,0.010568496069607858,difference of equal-sample representative means; not paired
B0,B0-M00,3,reflectance,1530.1641960784316,0.010870967628953787,difference of equal-sample representative means; not paired
B0,B0-M00,3,reflectance,1535.6249411764707,0.010909809802687298,difference of equal-sample representative means; not paired
B0,B0-M00,3,reflectance,1541.08568627451,0.010863302718661427,difference of equal-sample representative means; not paired
B0,B0-M00,3,reflectance,1546.5464313725493,0.0105695005012168,difference of equal-sample representative means; not paired
B0,B0-M00,3,reflectance,1552.0071764705885,0.009472890102337594,difference of equal-sample representative means; not paired
B0,B0-M00,3,reflectance,1557.4679215686276,0.010667053839965579,difference of equal-sample representative means; not paired
B0,B0-M00,3,reflectance,1562.9286666666667,0.011059923098694968,difference of equal-sample representative means; not paired
B0,B0-M00,3,reflectance,1568.389411764706,0.011059359134646618,difference of equal-sample representative means; not paired
B0,B0-M00,3,reflectance,1573.8501568627453,0.011070830238498808,difference of equal-sample representative means; not paired
B0,B0-M00,3,reflectance,1579.3109019607846,0.011116568022171869,difference of equal-sample representative means; not paired
B0,B0-M00,3,reflectance,1584.7716470588239,0.011212242106947434,difference of equal-sample representative means; not paired
B0,B0-M00,3,reflectance,1590.232392156863,0.011331105196053792,difference of equal-sample representative means; not paired
B0,B0-M00,3,reflectance,1595.693137254902,0.011001551957786126,difference of equal-sample representative means; not paired
B0,B0-M00,3,reflectance,1601.1538823529413,0.010660635287062348,difference of equal-sample representative means; not paired
B0,B0-M00,3,reflectance,1606.6146274509806,0.010208505765237075,difference of equal-sample representative means; not paired
B0,B0-M00,3,reflectance,1612.07537254902,0.009533450231647922,difference of equal-sample representative means; not paired
B0,B0-M00,3,reflectance,1617.536117647059,0.009037033913909531,difference of equal-sample representative means; not paired
B0,B0-M00,3,reflectance,1622.9968627450983,0.0085521202344076,difference of equal-sample representative means; not paired
B0,B0-M00,3,reflectance,1628.4576078431373,0.007802301098462361,difference of equal-sample representative means; not paired
B0,B0-M00,3,reflectance,1633.9183529411766,0.007138661717625228,difference of equal-sample representative means; not paired
B0,B0-M00,3,reflectance,1639.379098039216,0.007556325066173264,difference of equal-sample representative means; not paired
B0,B0-M00,3,reflectance,1644.8398431372552,0.007203437031292004,difference of equal-sample representative means; not paired
B0,B0-M00,3,reflectance,1650.3005882352943,0.007139479730488896,difference of equal-sample representative means; not paired
B0,B0-M00,3,reflectance,1655.7613333333334,0.0073763735020537236,difference of equal-sample representative means; not paired
B0,B0-M00,3,reflectance,1661.2220784313727,0.007854281882873793,difference of equal-sample representative means; not paired
B0,B0-M00,3,reflectance,1666.682823529412,0.0083459877806068,difference of equal-sample representative means; not paired
B0,B0-M00,3,reflectance,1672.1435686274513,0.00863351334612572,difference of equal-sample representative means; not paired
B0,B0-M00,3,reflectance,1677.6043137254906,0.008905932881464018,difference of equal-sample representative means; not paired
B0,B0-M00,3,reflectance,1683.0650588235296,0.008888776546456534,difference of equal-sample representative means; not paired
B0,B0-M00,3,reflectance,1688.5258039215687,0.00906537518079309,difference of equal-sample representative means; not paired
B0,B0-M00,3,reflectance,1693.986549019608,0.009574912771815991,difference of equal-sample representative means; not paired
B0,B0-M00,3,reflectance,1699.4472941176473,0.010034487771390044,difference of equal-sample representative means; not paired
B0,B0-M00,3,reflectance,1704.9080392156866,0.010387774207008649,difference of equal-sample representative means; not paired
B0,B0-M00,3,reflectance,1710.3687843137257,0.010697058982899355,difference of equal-sample representative means; not paired
B0,B0-M00,3,reflectance,1715.829529411765,0.010830769081160652,difference of equal-sample representative means; not paired
B0,B0-M00,3,reflectance,1721.290274509804,0.010813022891907276,difference of equal-sample representative means; not paired
B0,B0-M00,3,reflectance,1726.7510196078433,0.011390061596748213,difference of equal-sample representative means; not paired
B0,B0-M00,3,reflectance,1732.2117647058826,0.011649444228434447,difference of equal-sample representative means; not paired
B0,B0-M00,3,reflectance,1737.672509803922,0.011718782376238746,difference of equal-sample representative means; not paired
B0,B0-M00,3,reflectance,1743.133254901961,0.011629298119162024,difference of equal-sample representative means; not paired
B0,B0-M00,3,reflectance,1748.594,0.011805709513019291,difference of equal-sample representative means; not paired
B0,B0-M00,3,reflectance,1754.0547450980393,0.012506544367260342,difference of equal-sample representative means; not paired
B0,B0-M00,3,reflectance,1759.5154901960786,0.012726172369583233,difference of equal-sample representative means; not paired
B0,B0-M00,3,reflectance,1764.976235294118,0.01322153497858397,difference of equal-sample representative means; not paired
B0,B0-M00,3,reflectance,1770.4369803921572,0.013429218740486581,difference of equal-sample representative means; not paired
B0,B0-M00,3,reflectance,1775.8977254901963,0.013638131524209507,difference of equal-sample representative means; not paired
B0,B0-M00,3,reflectance,1781.3584705882354,0.013852695905393841,difference of equal-sample representative means; not paired
B0,B0-M00,3,reflectance,1786.8192156862747,0.014048677375097463,difference of equal-sample representative means; not paired
B0,B0-M00,3,reflectance,1792.279960784314,0.014189994936983197,difference of equal-sample representative means; not paired
B0,B0-M00,3,reflectance,1797.7407058823533,0.014167962123917799,difference of equal-sample representative means; not paired
B0,B0-M00,3,reflectance,1803.2014509803923,0.01367179511982719,difference of equal-sample representative means; not paired
B0,B0-M00,3,reflectance,1808.6621960784316,0.014190857539428892,difference of equal-sample representative means; not paired
B0,B0-M00,3,reflectance,1814.1229411764707,0.014213444225321836,difference of equal-sample representative means; not paired
B0,B0-M00,3,reflectance,1819.58368627451,0.014235125735692022,difference of equal-sample representative means; not paired
B0,B0-M00,3,reflectance,1825.0444313725493,0.014286129758343924,difference of equal-sample representative means; not paired
B0,B0-M00,3,reflectance,1830.5051764705886,0.014210707615570084,difference of equal-sample representative means; not paired
B0,B0-M00,3,reflectance,1835.9659215686277,0.014050288366813712,difference of equal-sample representative means; not paired
B0,B0-M00,3,reflectance,1841.4266666666667,0.014187329397790382,difference of equal-sample representative means; not paired
B0,B0-M00,3,reflectance,1846.887411764706,0.013904380375234837,difference of equal-sample representative means; not paired
B0,B0-M00,3,reflectance,1852.3481568627453,0.013880382072851194,difference of equal-sample representative means; not paired
B0,B0-M00,3,reflectance,1857.8089019607846,0.014057037114722504,difference of equal-sample representative means; not paired
B0,B0-M00,3,reflectance,1863.269647058824,0.014233502464852943,difference of equal-sample representative means; not paired
B0,B0-M00,3,reflectance,1868.730392156863,0.01444034263636712,difference of equal-sample representative means; not paired
B0,B0-M00,3,reflectance,1874.191137254902,0.014941925518058286,difference of equal-sample representative means; not paired
B0,B0-M00,3,reflectance,1879.6518823529414,0.01599139354457385,difference of equal-sample representative means; not paired
B0,B0-M00,3,reflectance,1885.1126274509807,0.017387820488935668,difference of equal-sample representative means; not paired
B0,B0-M00,3,reflectance,1890.57337254902,0.018866297530863052,difference of equal-sample representative means; not paired
B0,B0-M00,3,reflectance,1896.034117647059,0.02014270914146482,difference of equal-sample representative means; not paired
B0,B0-M00,3,reflectance,1901.4948627450983,0.02094317005969959,difference of equal-sample representative means; not paired
B0,B0-M00,3,reflectance,1906.9556078431374,0.021808360800925186,difference of equal-sample representative means; not paired
B0,B0-M00,3,reflectance,1912.4163529411767,0.02263310898679527,difference of equal-sample representative means; not paired
B0,B0-M00,3,reflectance,1917.877098039216,0.022986247068113752,difference of equal-sample representative means; not paired
B0,B0-M00,3,reflectance,1923.3378431372553,0.0229641797922428,difference of equal-sample representative means; not paired
B0,B0-M00,3,reflectance,1928.7985882352943,0.023012626151884596,difference of equal-sample representative means; not paired
B0,B0-M00,3,reflectance,1934.2593333333336,0.023125093178837486,difference of equal-sample representative means; not paired
B0,B0-M00,3,reflectance,1939.7200784313727,0.023067035285557314,difference of equal-sample representative means; not paired
B0,B0-M00,3,reflectance,1945.180823529412,0.02311441897193428,difference of equal-sample representative means; not paired
B0,B0-M00,3,reflectance,1950.6415686274513,0.02320561650967279,difference of equal-sample representative means; not paired
B0,B0-M00,3,reflectance,1956.1023137254906,0.023284223764250045,difference of equal-sample representative means; not paired
B0,B0-M00,3,reflectance,1961.5630588235294,0.023262073319747334,difference of equal-sample representative means; not paired
B0,B0-M00,3,reflectance,1967.0238039215687,0.02274133228590297,difference of equal-sample representative means; not paired
B0,B0-M00,3,reflectance,1972.484549019608,0.023279661742305835,difference of equal-sample representative means; not paired
B0,B0-M00,3,reflectance,1977.9452941176473,0.022881416582458014,difference of equal-sample representative means; not paired
B0,B0-M00,3,reflectance,1983.4060392156866,0.022698132686043537,difference of equal-sample representative means; not paired
B0,B0-M00,3,reflectance,1988.866784313726,0.022627980120140667,difference of equal-sample representative means; not paired
B0,B0-M00,3,reflectance,1994.3275294117648,0.02248692209855352,difference of equal-sample representative means; not paired
B0,B0-M00,3,reflectance,1999.788274509804,0.022227354058662885,difference of equal-sample representative means; not paired
B0,B0-M00,3,reflectance,2005.2490196078434,0.021934320865241108,difference of equal-sample representative means; not paired
B0,B0-M00,3,reflectance,2010.7097647058827,0.02179430153053652,difference of equal-sample representative means; not paired
B0,B0-M00,3,reflectance,2016.170509803922,0.021818327159288053,difference of equal-sample representative means; not paired
B0,B0-M00,3,reflectance,2021.6312549019613,0.021610625857640953,difference of equal-sample representative means; not paired
B0,B0-M00,3,reflectance,2027.092,0.021497716799846855,difference of equal-sample representative means; not paired
B0,B0-M00,3,reflectance,2032.5527450980394,0.021517082220698813,difference of equal-sample representative means; not paired
B0,B0-M00,3,reflectance,2038.0134901960787,0.02161037815694211,difference of equal-sample representative means; not paired
B0,B0-M00,3,reflectance,2043.474235294118,0.021755594024053304,difference of equal-sample representative means; not paired
B0,B0-M00,3,reflectance,2048.9349803921573,0.021976082471291902,difference of equal-sample representative means; not paired
B0,B0-M00,3,reflectance,2054.3957254901966,0.0220094716058859,difference of equal-sample representative means; not paired
B0,B0-M00,3,reflectance,2059.8564705882354,0.022146501440516386,difference of equal-sample representative means; not paired
B0,B0-M00,3,reflectance,2065.3172156862747,0.022260044481672403,difference of equal-sample representative means; not paired
B0,B0-M00,3,reflectance,2070.777960784314,0.022306576941064082,difference of equal-sample representative means; not paired
B0,B0-M00,3,reflectance,2076.2387058823533,0.022288875820176857,difference of equal-sample representative means; not paired
B0,B0-M00,3,reflectance,2081.6994509803926,0.02226118117767356,difference of equal-sample representative means; not paired
B0,B0-M00,3,reflectance,2087.1601960784315,0.02223842550885402,difference of equal-sample representative means; not paired
B0,B0-M00,3,reflectance,2092.6209411764708,0.022082759268745145,difference of equal-sample representative means; not paired
B0,B0-M00,3,reflectance,2098.08168627451,0.022185505592153876,difference of equal-sample representative means; not paired
B0,B0-M00,3,reflectance,2103.5424313725493,0.02236438068431329,difference of equal-sample representative means; not paired
B0,B0-M00,3,reflectance,2109.0031764705886,0.022276605830754692,difference of equal-sample representative means; not paired
B0,B0-M00,3,reflectance,2114.463921568628,0.02239668021270197,difference of equal-sample representative means; not paired
B0,B0-M00,3,reflectance,2119.924666666667,0.022589280322008132,difference of equal-sample representative means; not paired
B0,B0-M00,3,reflectance,2125.385411764706,0.022628578945244116,difference of equal-sample representative means; not paired
B0,B0-M00,3,reflectance,2130.8461568627454,0.022674334201712,difference of equal-sample representative means; not paired
B0,B0-M00,3,reflectance,2136.3069019607847,0.022761580637091605,difference of equal-sample representative means; not paired
B0,B0-M00,3,reflectance,2141.767647058824,0.022408369914130866,difference of equal-sample representative means; not paired
B0,B0-M00,3,reflectance,2147.2283921568633,0.02244035615304818,difference of equal-sample representative means; not paired
B0,B0-M00,3,reflectance,2152.689137254902,0.02243277474532368,difference of equal-sample representative means; not paired
B0,B0-M00,3,reflectance,2158.1498823529414,0.02250707569956134,difference of equal-sample representative means; not paired
B0,B0-M00,3,reflectance,2163.6106274509807,0.022563804942285104,difference of equal-sample representative means; not paired
B0,B0-M00,3,reflectance,2169.07137254902,0.022411271546281808,difference of equal-sample representative means; not paired
B0,B0-M00,3,reflectance,2174.5321176470593,0.022155986459126586,difference of equal-sample representative means; not paired
B0,B0-M00,3,reflectance,2179.992862745098,0.021969621324826438,difference of equal-sample representative means; not paired
B0,B0-M00,3,reflectance,2185.4536078431374,0.02184973404182533,difference of equal-sample representative means; not paired
B0,B0-M00,3,reflectance,2190.9143529411767,0.02179398463533888,difference of equal-sample representative means; not paired
B0,B0-M00,3,reflectance,2196.375098039216,0.021605655748841324,difference of equal-sample representative means; not paired
B0,B0-M00,3,reflectance,2201.8358431372553,0.0214317534862406,difference of equal-sample representative means; not paired
B0,B0-M00,3,reflectance,2207.2965882352946,0.021208837187701057,difference of equal-sample representative means; not paired
B0,B0-M00,3,reflectance,2212.7573333333335,0.020967777865910087,difference of equal-sample representative means; not paired
B0,B0-M00,3,reflectance,2218.2180784313728,0.02142473054190197,difference of equal-sample representative means; not paired
B0,B0-M00,3,reflectance,2223.678823529412,0.021342934504224753,difference of equal-sample representative means; not paired
B0,B0-M00,3,reflectance,2229.1395686274514,0.021790016754067887,difference of equal-sample representative means; not paired
B0,B0-M00,3,reflectance,2234.6003137254907,0.022068206649596245,difference of equal-sample representative means; not paired
B0,B0-M00,3,reflectance,2240.06105882353,0.022377661948315586,difference of equal-sample representative means; not paired
B0,B0-M00,3,reflectance,2245.521803921569,0.022675101624756,difference of equal-sample representative means; not paired
B0,B0-M00,3,reflectance,2250.982549019608,0.022880108714610436,difference of equal-sample representative means; not paired
B0,B0-M00,3,reflectance,2256.4432941176474,0.02285729924003238,difference of equal-sample representative means; not paired
B0,B0-M00,3,reflectance,2261.9040392156867,0.02199310352962247,difference of equal-sample representative means; not paired
B0,B0-M00,3,reflectance,2267.364784313726,0.021493128103734438,difference of equal-sample representative means; not paired
B0,B0-M00,3,reflectance,2272.825529411765,0.021180755484749014,difference of equal-sample representative means; not paired
B0,B0-M00,3,reflectance,2278.286274509804,0.020376096139398336,difference of equal-sample representative means; not paired
B0,B0-M00,3,reflectance,2283.7470196078434,0.019490359082647846,difference of equal-sample representative means; not paired
B0,B0-M00,3,reflectance,2289.2077647058827,0.01859923233184768,difference of equal-sample representative means; not paired
B0,B0-M00,3,reflectance,2294.668509803922,0.01764508442713153,difference of equal-sample representative means; not paired
B0,B0-M00,3,reflectance,2300.1292549019613,0.016755007855835613,difference of equal-sample representative means; not paired
B0,B0-M00,3,reflectance,2305.59,0.015795311489682967,difference of equal-sample representative means; not paired
B0,B0-M00,3,snv,913.1,-0.5275290120197476,difference of equal-sample representative means; not paired
B0,B0-M00,3,snv,918.5607450980392,-0.5193256944081556,difference of equal-sample representative means; not paired
B0,B0-M00,3,snv,924.0214901960785,-0.5313238737758355,difference of equal-sample representative means; not paired
B0,B0-M00,3,snv,929.4822352941177,-0.5698789144911491,difference of equal-sample representative means; not paired
B0,B0-M00,3,snv,934.9429803921569,-0.5840020474059977,difference of equal-sample representative means; not paired
B0,B0-M00,3,snv,940.4037254901962,-0.5710919797597653,difference of equal-sample representative means; not paired
B0,B0-M00,3,snv,945.8644705882353,-0.5667770917752555,difference of equal-sample representative means; not paired
B0,B0-M00,3,snv,951.3252156862745,-0.5591935241531429,difference of equal-sample representative means; not paired
B0,B0-M00,3,snv,956.7859607843137,-0.5505386923063622,difference of equal-sample representative means; not paired
B0,B0-M00,3,snv,962.246705882353,-0.5373717589805692,difference of equal-sample representative means; not paired
B0,B0-M00,3,snv,967.7074509803922,-0.5253191888217964,difference of equal-sample representative means; not paired
B0,B0-M00,3,snv,973.1681960784314,-0.5130760665916432,difference of equal-sample representative means; not paired
B0,B0-M00,3,snv,978.6289411764706,-0.5010132198969748,difference of equal-sample representative means; not paired
B0,B0-M00,3,snv,984.0896862745099,-0.49031768583906477,difference of equal-sample representative means; not paired
B0,B0-M00,3,snv,989.550431372549,-0.48023373296933525,difference of equal-sample representative means; not paired
B0,B0-M00,3,snv,995.0111764705882,-0.4732515000939624,difference of equal-sample representative means; not paired
B0,B0-M00,3,snv,1000.4719215686275,-0.4640638908174964,difference of equal-sample representative means; not paired
B0,B0-M00,3,snv,1005.9326666666667,-0.4533735224520356,difference of equal-sample representative means; not paired
B0,B0-M00,3,snv,1011.3934117647059,-0.44627579348439617,difference of equal-sample representative means; not paired
B0,B0-M00,3,snv,1016.8541568627452,-0.4409926838517651,difference of equal-sample representative means; not paired
B0,B0-M00,3,snv,1022.3149019607844,-0.43382383387253365,difference of equal-sample representative means; not paired
B0,B0-M00,3,snv,1027.7756470588236,-0.4249946809232109,difference of equal-sample representative means; not paired
B0,B0-M00,3,snv,1033.2363921568628,-0.4200386548793329,difference of equal-sample representative means; not paired
B0,B0-M00,3,snv,1038.697137254902,-0.4122750163468505,difference of equal-sample representative means; not paired
B0,B0-M00,3,snv,1044.1578823529412,-0.40722483025895884,difference of equal-sample representative means; not paired
B0,B0-M00,3,snv,1049.6186274509805,-0.4030337497532587,difference of equal-sample representative means; not paired
B0,B0-M00,3,snv,1055.0793725490196,-0.3976677706907873,difference of equal-sample representative means; not paired
B0,B0-M00,3,snv,1060.5401176470589,-0.39103326625777957,difference of equal-sample representative means; not paired
B0,B0-M00,3,snv,1066.0008627450982,-0.38469452948400606,difference of equal-sample representative means; not paired
B0,B0-M00,3,snv,1071.4616078431372,-0.3791607027931979,difference of equal-sample representative means; not paired
B0,B0-M00,3,snv,1076.9223529411765,-0.3728054107091404,difference of equal-sample representative means; not paired
B0,B0-M00,3,snv,1082.3830980392158,-0.36567368342211926,difference of equal-sample representative means; not paired
B0,B0-M00,3,snv,1087.843843137255,-0.3577627189611906,difference of equal-sample representative means; not paired
B0,B0-M00,3,snv,1093.3045882352942,-0.3488134426607007,difference of equal-sample representative means; not paired
B0,B0-M00,3,snv,1098.7653333333333,-0.3393229676170001,difference of equal-sample representative means; not paired
B0,B0-M00,3,snv,1104.2260784313726,-0.33044000821333386,difference of equal-sample representative means; not paired
B0,B0-M00,3,snv,1109.6868235294119,-0.32287455738413395,difference of equal-sample representative means; not paired
B0,B0-M00,3,snv,1115.1475686274512,-0.3120201257626777,difference of equal-sample representative means; not paired
B0,B0-M00,3,snv,1120.6083137254902,-0.3012601044650214,difference of equal-sample representative means; not paired
B0,B0-M00,3,snv,1126.0690588235295,-0.2895952317273769,difference of equal-sample representative means; not paired
B0,B0-M00,3,snv,1131.5298039215686,-0.27694746974415974,difference of equal-sample representative means; not paired
B0,B0-M00,3,snv,1136.990549019608,-0.26375046609434993,difference of equal-sample representative means; not paired
B0,B0-M00,3,snv,1142.4512941176472,-0.25074199071301195,difference of equal-sample representative means; not paired
B0,B0-M00,3,snv,1147.9120392156863,-0.23851948596427375,difference of equal-sample representative means; not paired
B0,B0-M00,3,snv,1153.3727843137256,-0.22633323789647808,difference of equal-sample representative means; not paired
B0,B0-M00,3,snv,1158.8335294117649,-0.21333627753724982,difference of equal-sample representative means; not paired
B0,B0-M00,3,snv,1164.294274509804,-0.20075207728595046,difference of equal-sample representative means; not paired
B0,B0-M00,3,snv,1169.7550196078432,-0.18956191298197245,difference of equal-sample representative means; not paired
B0,B0-M00,3,snv,1175.2157647058825,-0.17652820119396395,difference of equal-sample representative means; not paired
B0,B0-M00,3,snv,1180.6765098039216,-0.16217645123210078,difference of equal-sample representative means; not paired
B0,B0-M00,3,snv,1186.137254901961,-0.1512910375051486,difference of equal-sample representative means; not paired
B0,B0-M00,3,snv,1191.598,-0.1428685859317267,difference of equal-sample representative means; not paired
B0,B0-M00,3,snv,1197.0587450980393,-0.12802387897260337,difference of equal-sample representative means; not paired
B0,B0-M00,3,snv,1202.5194901960786,-0.11754481095039371,difference of equal-sample representative means; not paired
B0,B0-M00,3,snv,1207.9802352941178,-0.10662571865419612,difference of equal-sample representative means; not paired
B0,B0-M00,3,snv,1213.440980392157,-0.09470944410655435,difference of equal-sample representative means; not paired
B0,B0-M00,3,snv,1218.9017254901962,-0.08465721331316245,difference of equal-sample representative means; not paired
B0,B0-M00,3,snv,1224.3624705882353,-0.07828028797380737,difference of equal-sample representative means; not paired
B0,B0-M00,3,snv,1229.8232156862746,-0.07151347571297118,difference of equal-sample representative means; not paired
B0,B0-M00,3,snv,1235.2839607843139,-0.060835779141314994,difference of equal-sample representative means; not paired
B0,B0-M00,3,snv,1240.7447058823532,-0.05506970322517524,difference of equal-sample representative means; not paired
B0,B0-M00,3,snv,1246.2054509803922,-0.04672942292662885,difference of equal-sample representative means; not paired
B0,B0-M00,3,snv,1251.6661960784315,-0.041259377545761255,difference of equal-sample representative means; not paired
B0,B0-M00,3,snv,1257.1269411764706,-0.03427048027191071,difference of equal-sample representative means; not paired
B0,B0-M00,3,snv,1262.58768627451,-0.02502895082844403,difference of equal-sample representative means; not paired
B0,B0-M00,3,snv,1268.0484313725492,-0.022820329466071376,difference of equal-sample representative means; not paired
B0,B0-M00,3,snv,1273.5091764705883,-0.011419804395314204,difference of equal-sample representative means; not paired
B0,B0-M00,3,snv,1278.9699215686276,-8.688524955213772e-05,difference of equal-sample representative means; not paired
B0,B0-M00,3,snv,1284.4306666666666,0.006025811207106546,difference of equal-sample representative means; not paired
B0,B0-M00,3,snv,1289.891411764706,0.012612861411517517,difference of equal-sample representative means; not paired
B0,B0-M00,3,snv,1295.3521568627452,0.019309258453190647,difference of equal-sample representative means; not paired
B0,B0-M00,3,snv,1300.8129019607845,0.026601523457406184,difference of equal-sample representative means; not paired
B0,B0-M00,3,snv,1306.2736470588236,0.03608534578405309,difference of equal-sample representative means; not paired
B0,B0-M00,3,snv,1311.734392156863,0.04282383560261205,difference of equal-sample representative means; not paired
B0,B0-M00,3,snv,1317.195137254902,0.050557697805666546,difference of equal-sample representative means; not paired
B0,B0-M00,3,snv,1322.6558823529413,0.06409197204853001,difference of equal-sample representative means; not paired
B0,B0-M00,3,snv,1328.1166274509806,0.07262360907286669,difference of equal-sample representative means; not paired
B0,B0-M00,3,snv,1333.5773725490199,0.08241366582627618,difference of equal-sample representative means; not paired
B0,B0-M00,3,snv,1339.038117647059,0.09451391518250118,difference of equal-sample representative means; not paired
B0,B0-M00,3,snv,1344.4988627450982,0.10538804466500262,difference of equal-sample representative means; not paired
B0,B0-M00,3,snv,1349.9596078431373,0.11555506817571315,difference of equal-sample representative means; not paired
B0,B0-M00,3,snv,1355.4203529411766,0.1280009020353281,difference of equal-sample representative means; not paired
B0,B0-M00,3,snv,1360.8810980392159,0.13745626317697512,difference of equal-sample representative means; not paired
B0,B0-M00,3,snv,1366.341843137255,0.1491411461980825,difference of equal-sample representative means; not paired
B0,B0-M00,3,snv,1371.8025882352943,0.15643959195353618,difference of equal-sample representative means; not paired
B0,B0-M00,3,snv,1377.2633333333333,0.16075465904921926,difference of equal-sample representative means; not paired
B0,B0-M00,3,snv,1382.7240784313726,0.16689340832404476,difference of equal-sample representative means; not paired
B0,B0-M00,3,snv,1388.184823529412,0.17561459010267821,difference of equal-sample representative means; not paired
B0,B0-M00,3,snv,1393.6455686274512,0.17805206882938374,difference of equal-sample representative means; not paired
B0,B0-M00,3,snv,1399.1063137254903,0.17758836253082477,difference of equal-sample representative means; not paired
B0,B0-M00,3,snv,1404.5670588235296,0.17669645322278948,difference of equal-sample representative means; not paired
B0,B0-M00,3,snv,1410.0278039215686,0.16972719823585558,difference of equal-sample representative means; not paired
B0,B0-M00,3,snv,1415.488549019608,0.15922076824331582,difference of equal-sample representative means; not paired
B0,B0-M00,3,snv,1420.9492941176472,0.14774928967004228,difference of equal-sample representative means; not paired
B0,B0-M00,3,snv,1426.4100392156865,0.13621058523583782,difference of equal-sample representative means; not paired
B0,B0-M00,3,snv,1431.8707843137256,0.1262716888627986,difference of equal-sample representative means; not paired
B0,B0-M00,3,snv,1437.3315294117647,0.11701754668936434,difference of equal-sample representative means; not paired
B0,B0-M00,3,snv,1442.792274509804,0.11272251875762224,difference of equal-sample representative means; not paired
B0,B0-M00,3,snv,1448.2530196078433,0.10976060691158313,difference of equal-sample representative means; not paired
B0,B0-M00,3,snv,1453.7137647058826,0.11035941317498682,difference of equal-sample representative means; not paired
B0,B0-M00,3,snv,1459.1745098039219,0.10864103025967259,difference of equal-sample representative means; not paired
B0,B0-M00,3,snv,1464.635254901961,0.10614229962961375,difference of equal-sample representative means; not paired
B0,B0-M00,3,snv,1470.096,0.11498418087561713,difference of equal-sample representative means; not paired
B0,B0-M00,3,snv,1475.5567450980393,0.11359441425563271,difference of equal-sample representative means; not paired
B0,B0-M00,3,snv,1481.0174901960786,0.1190301745925619,difference of equal-sample representative means; not paired
B0,B0-M00,3,snv,1486.478235294118,0.12331850230418476,difference of equal-sample representative means; not paired
B0,B0-M00,3,snv,1491.938980392157,0.1282961621231179,difference of equal-sample representative means; not paired
B0,B0-M00,3,snv,1497.3997254901963,0.1341793306967725,difference of equal-sample representative means; not paired
B0,B0-M00,3,snv,1502.8604705882353,0.13964350457871108,difference of equal-sample representative means; not paired
B0,B0-M00,3,snv,1508.3212156862746,0.1456680247236039,difference of equal-sample representative means; not paired
B0,B0-M00,3,snv,1513.781960784314,0.1592891688511015,difference of equal-sample representative means; not paired
B0,B0-M00,3,snv,1519.2427058823532,0.15769494605551343,difference of equal-sample representative means; not paired
B0,B0-M00,3,snv,1524.7034509803923,0.1692819284510086,difference of equal-sample representative means; not paired
B0,B0-M00,3,snv,1530.1641960784316,0.18002938818495764,difference of equal-sample representative means; not paired
B0,B0-M00,3,snv,1535.6249411764707,0.18638583356044858,difference of equal-sample representative means; not paired
B0,B0-M00,3,snv,1541.08568627451,0.19126120395979374,difference of equal-sample representative means; not paired
B0,B0-M00,3,snv,1546.5464313725493,0.18865575658039996,difference of equal-sample representative means; not paired
B0,B0-M00,3,snv,1552.0071764705885,0.169288430792955,difference of equal-sample representative means; not paired
B0,B0-M00,3,snv,1557.4679215686276,0.20491684227331702,difference of equal-sample representative means; not paired
B0,B0-M00,3,snv,1562.9286666666667,0.21687388973709706,difference of equal-sample representative means; not paired
B0,B0-M00,3,snv,1568.389411764706,0.22085817701659544,difference of equal-sample representative means; not paired
B0,B0-M00,3,snv,1573.8501568627453,0.22514169240157442,difference of equal-sample representative means; not paired
B0,B0-M00,3,snv,1579.3109019607846,0.23055349768179406,difference of equal-sample representative means; not paired
B0,B0-M00,3,snv,1584.7716470588239,0.23640680169324307,difference of equal-sample representative means; not paired
B0,B0-M00,3,snv,1590.232392156863,0.24251275731274055,difference of equal-sample representative means; not paired
B0,B0-M00,3,snv,1595.693137254902,0.24689643378470488,difference of equal-sample representative means; not paired
B0,B0-M00,3,snv,1601.1538823529413,0.2534827046399589,difference of equal-sample representative means; not paired
B0,B0-M00,3,snv,1606.6146274509806,0.25915985425610916,difference of equal-sample representative means; not paired
B0,B0-M00,3,snv,1612.07537254902,0.2630040168619125,difference of equal-sample representative means; not paired
B0,B0-M00,3,snv,1617.536117647059,0.2685742160316483,difference of equal-sample representative means; not paired
B0,B0-M00,3,snv,1622.9968627450983,0.27287463801152756,difference of equal-sample representative means; not paired
B0,B0-M00,3,snv,1628.4576078431373,0.2711590428932118,difference of equal-sample representative means; not paired
B0,B0-M00,3,snv,1633.9183529411766,0.26676903227876925,difference of equal-sample representative means; not paired
B0,B0-M00,3,snv,1639.379098039216,0.2812453041563656,difference of equal-sample representative means; not paired
B0,B0-M00,3,snv,1644.8398431372552,0.2810984207263916,difference of equal-sample representative means; not paired
B0,B0-M00,3,snv,1650.3005882352943,0.2764574176005859,difference of equal-sample representative means; not paired
B0,B0-M00,3,snv,1655.7613333333334,0.2720414157954545,difference of equal-sample representative means; not paired
B0,B0-M00,3,snv,1661.2220784313727,0.27018889950205716,difference of equal-sample representative means; not paired
B0,B0-M00,3,snv,1666.682823529412,0.2685163844823534,difference of equal-sample representative means; not paired
B0,B0-M00,3,snv,1672.1435686274513,0.2639008469108711,difference of equal-sample representative means; not paired
B0,B0-M00,3,snv,1677.6043137254906,0.2609112076343867,difference of equal-sample representative means; not paired
B0,B0-M00,3,snv,1683.0650588235296,0.25883361366345237,difference of equal-sample representative means; not paired
B0,B0-M00,3,snv,1688.5258039215687,0.25829739257358475,difference of equal-sample representative means; not paired
B0,B0-M00,3,snv,1693.986549019608,0.2610766328523783,difference of equal-sample representative means; not paired
B0,B0-M00,3,snv,1699.4472941176473,0.26380487745156156,difference of equal-sample representative means; not paired
B0,B0-M00,3,snv,1704.9080392156866,0.2664066100007615,difference of equal-sample representative means; not paired
B0,B0-M00,3,snv,1710.3687843137257,0.26953497126755227,difference of equal-sample representative means; not paired
B0,B0-M00,3,snv,1715.829529411765,0.27070603331162846,difference of equal-sample representative means; not paired
B0,B0-M00,3,snv,1721.290274509804,0.26638250210689673,difference of equal-sample representative means; not paired
B0,B0-M00,3,snv,1726.7510196078433,0.27120304778181936,difference of equal-sample representative means; not paired
B0,B0-M00,3,snv,1732.2117647058826,0.2720179827992422,difference of equal-sample representative means; not paired
B0,B0-M00,3,snv,1737.672509803922,0.2718954034502871,difference of equal-sample representative means; not paired
B0,B0-M00,3,snv,1743.133254901961,0.26622149724144506,difference of equal-sample representative means; not paired
B0,B0-M00,3,snv,1748.594,0.2648118359482472,difference of equal-sample representative means; not paired
B0,B0-M00,3,snv,1754.0547450980393,0.27763815682362936,difference of equal-sample representative means; not paired
B0,B0-M00,3,snv,1759.5154901960786,0.2788214059708889,difference of equal-sample representative means; not paired
B0,B0-M00,3,snv,1764.976235294118,0.2833090335439948,difference of equal-sample representative means; not paired
B0,B0-M00,3,snv,1770.4369803921572,0.28295783919695283,difference of equal-sample representative means; not paired
B0,B0-M00,3,snv,1775.8977254901963,0.2831243749085096,difference of equal-sample representative means; not paired
B0,B0-M00,3,snv,1781.3584705882354,0.2835252730607464,difference of equal-sample representative means; not paired
B0,B0-M00,3,snv,1786.8192156862747,0.2844058078650309,difference of equal-sample representative means; not paired
B0,B0-M00,3,snv,1792.279960784314,0.2858681997423331,difference of equal-sample representative means; not paired
B0,B0-M00,3,snv,1797.7407058823533,0.28633739264290287,difference of equal-sample representative means; not paired
B0,B0-M00,3,snv,1803.2014509803923,0.2825029154861622,difference of equal-sample representative means; not paired
B0,B0-M00,3,snv,1808.6621960784316,0.2957522306474131,difference of equal-sample representative means; not paired
B0,B0-M00,3,snv,1814.1229411764707,0.30073949156355034,difference of equal-sample representative means; not paired
B0,B0-M00,3,snv,1819.58368627451,0.30442501674194633,difference of equal-sample representative means; not paired
B0,B0-M00,3,snv,1825.0444313725493,0.3092272694419702,difference of equal-sample representative means; not paired
B0,B0-M00,3,snv,1830.5051764705886,0.31287635180957446,difference of equal-sample representative means; not paired
B0,B0-M00,3,snv,1835.9659215686277,0.31552348500610433,difference of equal-sample representative means; not paired
B0,B0-M00,3,snv,1841.4266666666667,0.3252680071715857,difference of equal-sample representative means; not paired
B0,B0-M00,3,snv,1846.887411764706,0.3274954372826135,difference of equal-sample representative means; not paired
B0,B0-M00,3,snv,1852.3481568627453,0.3343799547732563,difference of equal-sample representative means; not paired
B0,B0-M00,3,snv,1857.8089019607846,0.3382931890788547,difference of equal-sample representative means; not paired
B0,B0-M00,3,snv,1863.269647058824,0.3386343444484935,difference of equal-sample representative means; not paired
B0,B0-M00,3,snv,1868.730392156863,0.33451398983027186,difference of equal-sample representative means; not paired
B0,B0-M00,3,snv,1874.191137254902,0.32807594704569126,difference of equal-sample representative means; not paired
B0,B0-M00,3,snv,1879.6518823529414,0.3210415295654584,difference of equal-sample representative means; not paired
B0,B0-M00,3,snv,1885.1126274509807,0.3002564256569409,difference of equal-sample representative means; not paired
B0,B0-M00,3,snv,1890.57337254902,0.2634982804869389,difference of equal-sample representative means; not paired
B0,B0-M00,3,snv,1896.034117647059,0.2098117778099607,difference of equal-sample representative means; not paired
B0,B0-M00,3,snv,1901.4948627450983,0.1411087796939443,difference of equal-sample representative means; not paired
B0,B0-M00,3,snv,1906.9556078431374,0.07404901521406404,difference of equal-sample representative means; not paired
B0,B0-M00,3,snv,1912.4163529411767,0.015484308736001928,difference of equal-sample representative means; not paired
B0,B0-M00,3,snv,1917.877098039216,-0.03487866591228528,difference of equal-sample representative means; not paired
B0,B0-M00,3,snv,1923.3378431372553,-0.07339968200443936,difference of equal-sample representative means; not paired
B0,B0-M00,3,snv,1928.7985882352943,-0.09564354059098634,difference of equal-sample representative means; not paired
B0,B0-M00,3,snv,1934.2593333333336,-0.10353061686638743,difference of equal-sample representative means; not paired
B0,B0-M00,3,snv,1939.7200784313727,-0.10435253628842922,difference of equal-sample representative means; not paired
B0,B0-M00,3,snv,1945.180823529412,-0.09677527760124538,difference of equal-sample representative means; not paired
B0,B0-M00,3,snv,1950.6415686274513,-0.08311871608353649,difference of equal-sample representative means; not paired
B0,B0-M00,3,snv,1956.1023137254906,-0.06589097441859737,difference of equal-sample representative means; not paired
B0,B0-M00,3,snv,1961.5630588235294,-0.04899563827632547,difference of equal-sample representative means; not paired
B0,B0-M00,3,snv,1967.0238039215687,-0.04045491403052259,difference of equal-sample representative means; not paired
B0,B0-M00,3,snv,1972.484549019608,-0.009486268799308473,difference of equal-sample representative means; not paired
B0,B0-M00,3,snv,1977.9452941176473,0.002034594222607211,difference of equal-sample representative means; not paired
B0,B0-M00,3,snv,1983.4060392156866,0.019039819861781604,difference of equal-sample representative means; not paired
B0,B0-M00,3,snv,1988.866784313726,0.03693575390452408,difference of equal-sample representative means; not paired
B0,B0-M00,3,snv,1994.3275294117648,0.050859842995187865,difference of equal-sample representative means; not paired
B0,B0-M00,3,snv,1999.788274509804,0.060828248977427,difference of equal-sample representative means; not paired
B0,B0-M00,3,snv,2005.2490196078434,0.06958833363106165,difference of equal-sample representative means; not paired
B0,B0-M00,3,snv,2010.7097647058827,0.0772838240205348,difference of equal-sample representative means; not paired
B0,B0-M00,3,snv,2016.170509803922,0.08333261077377474,difference of equal-sample representative means; not paired
B0,B0-M00,3,snv,2021.6312549019613,0.08256877260176654,difference of equal-sample representative means; not paired
B0,B0-M00,3,snv,2027.092,0.07867165077164129,difference of equal-sample representative means; not paired
B0,B0-M00,3,snv,2032.5527450980394,0.0725233601340124,difference of equal-sample representative means; not paired
B0,B0-M00,3,snv,2038.0134901960787,0.06337840696443586,difference of equal-sample representative means; not paired
B0,B0-M00,3,snv,2043.474235294118,0.052247721270787584,difference of equal-sample representative means; not paired
B0,B0-M00,3,snv,2048.9349803921573,0.04286733659626174,difference of equal-sample representative means; not paired
B0,B0-M00,3,snv,2054.3957254901966,0.028076192148997148,difference of equal-sample representative means; not paired
B0,B0-M00,3,snv,2059.8564705882354,0.015559765117599156,difference of equal-sample representative means; not paired
B0,B0-M00,3,snv,2065.3172156862747,0.0012201829192661773,difference of equal-sample representative means; not paired
B0,B0-M00,3,snv,2070.777960784314,-0.011646837353094686,difference of equal-sample representative means; not paired
B0,B0-M00,3,snv,2076.2387058823533,-0.023056815597504166,difference of equal-sample representative means; not paired
B0,B0-M00,3,snv,2081.6994509803926,-0.032622085794134614,difference of equal-sample representative means; not paired
B0,B0-M00,3,snv,2087.1601960784315,-0.040298936035342736,difference of equal-sample representative means; not paired
B0,B0-M00,3,snv,2092.6209411764708,-0.05060492957153451,difference of equal-sample representative means; not paired
B0,B0-M00,3,snv,2098.08168627451,-0.047119955415795944,difference of equal-sample representative means; not paired
B0,B0-M00,3,snv,2103.5424313725493,-0.04829842382611749,difference of equal-sample representative means; not paired
B0,B0-M00,3,snv,2109.0031764705886,-0.05184388632036008,difference of equal-sample representative means; not paired
B0,B0-M00,3,snv,2114.463921568628,-0.04950822497382079,difference of equal-sample representative means; not paired
B0,B0-M00,3,snv,2119.924666666667,-0.0442600416945067,difference of equal-sample representative means; not paired
B0,B0-M00,3,snv,2125.385411764706,-0.040516678768472314,difference of equal-sample representative means; not paired
B0,B0-M00,3,snv,2130.8461568627454,-0.03591775089975724,difference of equal-sample representative means; not paired
B0,B0-M00,3,snv,2136.3069019607847,-0.02899949633248089,difference of equal-sample representative means; not paired
B0,B0-M00,3,snv,2141.767647058824,-0.03194441474802012,difference of equal-sample representative means; not paired
B0,B0-M00,3,snv,2147.2283921568633,-0.022786638296889983,difference of equal-sample representative means; not paired
B0,B0-M00,3,snv,2152.689137254902,-0.0165297411221641,difference of equal-sample representative means; not paired
B0,B0-M00,3,snv,2158.1498823529414,-0.00940053581187339,difference of equal-sample representative means; not paired
B0,B0-M00,3,snv,2163.6106274509807,-0.0015734069533941408,difference of equal-sample representative means; not paired
B0,B0-M00,3,snv,2169.07137254902,0.0036621703286010554,difference of equal-sample representative means; not paired
B0,B0-M00,3,snv,2174.5321176470593,0.00802399089376693,difference of equal-sample representative means; not paired
B0,B0-M00,3,snv,2179.992862745098,0.010488568153217415,difference of equal-sample representative means; not paired
B0,B0-M00,3,snv,2185.4536078431374,0.017460731399548512,difference of equal-sample representative means; not paired
B0,B0-M00,3,snv,2190.9143529411767,0.02145007490257078,difference of equal-sample representative means; not paired
B0,B0-M00,3,snv,2196.375098039216,0.023171269589680632,difference of equal-sample representative means; not paired
B0,B0-M00,3,snv,2201.8358431372553,0.024437607663380767,difference of equal-sample representative means; not paired
B0,B0-M00,3,snv,2207.2965882352946,0.024201450623901444,difference of equal-sample representative means; not paired
B0,B0-M00,3,snv,2212.7573333333335,0.024102902326229136,difference of equal-sample representative means; not paired
B0,B0-M00,3,snv,2218.2180784313728,0.03500456271571628,difference of equal-sample representative means; not paired
B0,B0-M00,3,snv,2223.678823529412,0.038904925368120846,difference of equal-sample representative means; not paired
B0,B0-M00,3,snv,2229.1395686274514,0.04293768312474766,difference of equal-sample representative means; not paired
B0,B0-M00,3,snv,2234.6003137254907,0.03877632174449919,difference of equal-sample representative means; not paired
B0,B0-M00,3,snv,2240.06105882353,0.028052656757464378,difference of equal-sample representative means; not paired
B0,B0-M00,3,snv,2245.521803921569,0.011076181203267366,difference of equal-sample representative means; not paired
B0,B0-M00,3,snv,2250.982549019608,-0.014943160939350886,difference of equal-sample representative means; not paired
B0,B0-M00,3,snv,2256.4432941176474,-0.05492064463925317,difference of equal-sample representative means; not paired
B0,B0-M00,3,snv,2261.9040392156867,-0.11229554882247306,difference of equal-sample representative means; not paired
B0,B0-M00,3,snv,2267.364784313726,-0.16083712892392144,difference of equal-sample representative means; not paired
B0,B0-M00,3,snv,2272.825529411765,-0.20214713386579475,difference of equal-sample representative means; not paired
B0,B0-M00,3,snv,2278.286274509804,-0.2422547684854819,difference of equal-sample representative means; not paired
B0,B0-M00,3,snv,2283.7470196078434,-0.2757256131860677,difference of equal-sample representative means; not paired
B0,B0-M00,3,snv,2289.2077647058827,-0.30658353351265233,difference of equal-sample representative means; not paired
B0,B0-M00,3,snv,2294.668509803922,-0.33857103606356853,difference of equal-sample representative means; not paired
B0,B0-M00,3,snv,2300.1292549019613,-0.36696407059923897,difference of equal-sample representative means; not paired
B0,B0-M00,3,snv,2305.59,-0.39226641202655843,difference of equal-sample representative means; not paired
B0,B0-M00,3,second_derivative,913.1,-3.25037885664489e-05,difference of equal-sample representative means; not paired
B0,B0-M00,3,second_derivative,918.5607450980392,-3.25037885664489e-05,difference of equal-sample representative means; not paired
B0,B0-M00,3,second_derivative,924.0214901960785,-3.25037885664489e-05,difference of equal-sample representative means; not paired
B0,B0-M00,3,second_derivative,929.4822352941177,-3.250378856644811e-05,difference of equal-sample representative means; not paired
B0,B0-M00,3,second_derivative,934.9429803921569,-3.0289462780963122e-05,difference of equal-sample representative means; not paired
B0,B0-M00,3,second_derivative,940.4037254901962,-2.6765423298171304e-05,difference of equal-sample representative means; not paired
B0,B0-M00,3,second_derivative,945.8644705882353,-1.479007562604833e-05,difference of equal-sample representative means; not paired
B0,B0-M00,3,second_derivative,951.3252156862745,-9.928996274935445e-06,difference of equal-sample representative means; not paired
B0,B0-M00,3,second_derivative,956.7859607843137,-1.040905893444921e-05,difference of equal-sample representative means; not paired
B0,B0-M00,3,second_derivative,962.246705882353,-6.330676248092946e-06,difference of equal-sample representative means; not paired
B0,B0-M00,3,second_derivative,967.7074509803922,-2.547536728400832e-06,difference of equal-sample representative means; not paired
B0,B0-M00,3,second_derivative,973.1681960784314,8.293182522441932e-07,difference of equal-sample representative means; not paired
B0,B0-M00,3,second_derivative,978.6289411764706,2.3127717508479866e-06,difference of equal-sample representative means; not paired
B0,B0-M00,3,second_derivative,984.0896862745099,2.8396309833032303e-06,difference of equal-sample representative means; not paired
B0,B0-M00,3,second_derivative,989.550431372549,2.0274307324990192e-06,difference of equal-sample representative means; not paired
B0,B0-M00,3,second_derivative,995.0111764705882,1.7358314746842794e-06,difference of equal-sample representative means; not paired
B0,B0-M00,3,second_derivative,1000.4719215686275,2.2426433701917e-06,difference of equal-sample representative means; not paired
B0,B0-M00,3,second_derivative,1005.9326666666667,2.337497168326528e-06,difference of equal-sample representative means; not paired
B0,B0-M00,3,second_derivative,1011.3934117647059,1.935584493715909e-06,difference of equal-sample representative means; not paired
B0,B0-M00,3,second_derivative,1016.8541568627452,1.5472734090724476e-06,difference of equal-sample representative means; not paired
B0,B0-M00,3,second_derivative,1022.3149019607844,-2.7719814355505996e-07,difference of equal-sample representative means; not paired
B0,B0-M00,3,second_derivative,1027.7756470588236,-1.0170377530347925e-07,difference of equal-sample representative means; not paired
B0,B0-M00,3,second_derivative,1033.2363921568628,9.753153504084518e-07,difference of equal-sample representative means; not paired
B0,B0-M00,3,second_derivative,1038.697137254902,1.2204317077816891e-06,difference of equal-sample representative means; not paired
B0,B0-M00,3,second_derivative,1044.1578823529412,7.242178162238868e-07,difference of equal-sample representative means; not paired
B0,B0-M00,3,second_derivative,1049.6186274509805,4.070797345347724e-07,difference of equal-sample representative means; not paired
B0,B0-M00,3,second_derivative,1055.0793725490196,-6.188796177561435e-07,difference of equal-sample representative means; not paired
B0,B0-M00,3,second_derivative,1060.5401176470589,-3.1258721595386056e-07,difference of equal-sample representative means; not paired
B0,B0-M00,3,second_derivative,1066.0008627450982,1.5593444374810497e-07,difference of equal-sample representative means; not paired
B0,B0-M00,3,second_derivative,1071.4616078431372,7.733336931382942e-08,difference of equal-sample representative means; not paired
B0,B0-M00,3,second_derivative,1076.9223529411765,-5.519514699379005e-07,difference of equal-sample representative means; not paired
B0,B0-M00,3,second_derivative,1082.3830980392158,-1.1968559216716722e-06,difference of equal-sample representative means; not paired
B0,B0-M00,3,second_derivative,1087.843843137255,-1.3341477782444312e-06,difference of equal-sample representative means; not paired
B0,B0-M00,3,second_derivative,1093.3045882352942,-1.2323591183637422e-06,difference of equal-sample representative means; not paired
B0,B0-M00,3,second_derivative,1098.7653333333333,-1.9107564337278243e-06,difference of equal-sample representative means; not paired
B0,B0-M00,3,second_derivative,1104.2260784313726,-2.8572119453081717e-06,difference of equal-sample representative means; not paired
B0,B0-M00,3,second_derivative,1109.6868235294119,-3.926467635908286e-06,difference of equal-sample representative means; not paired
B0,B0-M00,3,second_derivative,1115.1475686274512,-4.735747321404412e-06,difference of equal-sample representative means; not paired
B0,B0-M00,3,second_derivative,1120.6083137254902,-4.563084493158906e-06,difference of equal-sample representative means; not paired
B0,B0-M00,3,second_derivative,1126.0690588235295,-3.1533204704929553e-06,difference of equal-sample representative means; not paired
B0,B0-M00,3,second_derivative,1131.5298039215686,-1.5843709904437305e-06,difference of equal-sample representative means; not paired
B0,B0-M00,3,second_derivative,1136.990549019608,-4.1994251589313966e-07,difference of equal-sample representative means; not paired
B0,B0-M00,3,second_derivative,1142.4512941176472,-4.3781373466011937e-07,difference of equal-sample representative means; not paired
B0,B0-M00,3,second_derivative,1147.9120392156863,-1.1187755909493553e-06,difference of equal-sample representative means; not paired
B0,B0-M00,3,second_derivative,1153.3727843137256,-8.542638536514934e-07,difference of equal-sample representative means; not paired
B0,B0-M00,3,second_derivative,1158.8335294117649,-8.341285637841278e-08,difference of equal-sample representative means; not paired
B0,B0-M00,3,second_derivative,1164.294274509804,1.9445443833368196e-07,difference of equal-sample representative means; not paired
B0,B0-M00,3,second_derivative,1169.7550196078432,2.500389061808543e-07,difference of equal-sample representative means; not paired
B0,B0-M00,3,second_derivative,1175.2157647058825,4.4482330679380837e-07,difference of equal-sample representative means; not paired
B0,B0-M00,3,second_derivative,1180.6765098039216,6.634952291617859e-07,difference of equal-sample representative means; not paired
B0,B0-M00,3,second_derivative,1186.137254901961,2.522082376119344e-06,difference of equal-sample representative means; not paired
B0,B0-M00,3,second_derivative,1191.598,3.685414207221615e-06,difference of equal-sample representative means; not paired
B0,B0-M00,3,second_derivative,1197.0587450980393,3.332008032083853e-06,difference of equal-sample representative means; not paired
B0,B0-M00,3,second_derivative,1202.5194901960786,3.538662451806539e-06,difference of equal-sample representative means; not paired
B0,B0-M00,3,second_derivative,1207.9802352941178,5.0085727151344114e-06,difference of equal-sample representative means; not paired
B0,B0-M00,3,second_derivative,1213.440980392157,5.471274877636236e-06,difference of equal-sample representative means; not paired
B0,B0-M00,3,second_derivative,1218.9017254901962,5.0534222492494295e-06,difference of equal-sample representative means; not paired
B0,B0-M00,3,second_derivative,1224.3624705882353,3.973543106037794e-06,difference of equal-sample representative means; not paired
B0,B0-M00,3,second_derivative,1229.8232156862746,1.5749796691047026e-06,difference of equal-sample representative means; not paired
B0,B0-M00,3,second_derivative,1235.2839607843139,6.669097613269684e-07,difference of equal-sample representative means; not paired
B0,B0-M00,3,second_derivative,1240.7447058823532,7.685464371327651e-07,difference of equal-sample representative means; not paired
B0,B0-M00,3,second_derivative,1246.2054509803922,-6.797174668350636e-07,difference of equal-sample representative means; not paired
B0,B0-M00,3,second_derivative,1251.6661960784315,-9.58718556863854e-07,difference of equal-sample representative means; not paired
B0,B0-M00,3,second_derivative,1257.1269411764706,-1.537169114120459e-06,difference of equal-sample representative means; not paired
B0,B0-M00,3,second_derivative,1262.58768627451,-2.7599254425149895e-06,difference of equal-sample representative means; not paired
B0,B0-M00,3,second_derivative,1268.0484313725492,-1.0951608696415518e-06,difference of equal-sample representative means; not paired
B0,B0-M00,3,second_derivative,1273.5091764705883,5.413955100307249e-07,difference of equal-sample representative means; not paired
B0,B0-M00,3,second_derivative,1278.9699215686276,1.5676796628658781e-06,difference of equal-sample representative means; not paired
B0,B0-M00,3,second_derivative,1284.4306666666666,2.4873799241080125e-06,difference of equal-sample representative means; not paired
B0,B0-M00,3,second_derivative,1289.891411764706,-6.445107352301355e-07,difference of equal-sample representative means; not paired
B0,B0-M00,3,second_derivative,1295.3521568627452,-3.262370589477605e-06,difference of equal-sample representative means; not paired
B0,B0-M00,3,second_derivative,1300.8129019607845,-3.6623236529820867e-06,difference of equal-sample representative means; not paired
B0,B0-M00,3,second_derivative,1306.2736470588236,-5.019180397893659e-06,difference of equal-sample representative means; not paired
B0,B0-M00,3,second_derivative,1311.734392156863,-5.051924570808578e-06,difference of equal-sample representative means; not paired
B0,B0-M00,3,second_derivative,1317.195137254902,-5.230097890812851e-06,difference of equal-sample representative means; not paired
B0,B0-M00,3,second_derivative,1322.6558823529413,-6.515419524419887e-06,difference of equal-sample representative means; not paired
B0,B0-M00,3,second_derivative,1328.1166274509806,-6.508133664987911e-06,difference of equal-sample representative means; not paired
B0,B0-M00,3,second_derivative,1333.5773725490199,-5.9924333307548436e-06,difference of equal-sample representative means; not paired
B0,B0-M00,3,second_derivative,1339.038117647059,-5.6389387647361325e-06,difference of equal-sample representative means; not paired
B0,B0-M00,3,second_derivative,1344.4988627450982,-2.6704709591011106e-06,difference of equal-sample representative means; not paired
B0,B0-M00,3,second_derivative,1349.9596078431373,-6.881572962562752e-07,difference of equal-sample representative means; not paired
B0,B0-M00,3,second_derivative,1355.4203529411766,9.111794689272181e-07,difference of equal-sample representative means; not paired
B0,B0-M00,3,second_derivative,1360.8810980392159,3.082159894652875e-06,difference of equal-sample representative means; not paired
B0,B0-M00,3,second_derivative,1366.341843137255,4.2097496948130785e-06,difference of equal-sample representative means; not paired
B0,B0-M00,3,second_derivative,1371.8025882352943,2.6075785329613984e-06,difference of equal-sample representative means; not paired
B0,B0-M00,3,second_derivative,1377.2633333333333,-4.5970004657104714e-07,difference of equal-sample representative means; not paired
B0,B0-M00,3,second_derivative,1382.7240784313726,-6.300368546124947e-06,difference of equal-sample representative means; not paired
B0,B0-M00,3,second_derivative,1388.184823529412,-1.2004340380592326e-05,difference of equal-sample representative means; not paired
B0,B0-M00,3,second_derivative,1393.6455686274512,-1.4578994237592316e-05,difference of equal-sample representative means; not paired
B0,B0-M00,3,second_derivative,1399.1063137254903,-1.3622026706547414e-05,difference of equal-sample representative means; not paired
B0,B0-M00,3,second_derivative,1404.5670588235296,-9.717629329200882e-06,difference of equal-sample representative means; not paired
B0,B0-M00,3,second_derivative,1410.0278039215686,-3.224972080673895e-06,difference of equal-sample representative means; not paired
B0,B0-M00,3,second_derivative,1415.488549019608,3.5240536734817024e-06,difference of equal-sample representative means; not paired
B0,B0-M00,3,second_derivative,1420.9492941176472,1.0466255200025003e-05,difference of equal-sample representative means; not paired
B0,B0-M00,3,second_derivative,1426.4100392156865,1.5202944910063627e-05,difference of equal-sample representative means; not paired
B0,B0-M00,3,second_derivative,1431.8707843137256,1.633058161312432e-05,difference of equal-sample representative means; not paired
B0,B0-M00,3,second_derivative,1437.3315294117647,1.3243318684667937e-05,difference of equal-sample representative means; not paired
B0,B0-M00,3,second_derivative,1442.792274509804,9.409261883094336e-06,difference of equal-sample representative means; not paired
B0,B0-M00,3,second_derivative,1448.2530196078433,7.029640623736852e-06,difference of equal-sample representative means; not paired
B0,B0-M00,3,second_derivative,1453.7137647058826,3.5579920741107855e-06,difference of equal-sample representative means; not paired
B0,B0-M00,3,second_derivative,1459.1745098039219,2.94593699855344e-06,difference of equal-sample representative means; not paired
B0,B0-M00,3,second_derivative,1464.635254901961,2.039909612321905e-06,difference of equal-sample representative means; not paired
B0,B0-M00,3,second_derivative,1470.096,2.9299848938383755e-06,difference of equal-sample representative means; not paired
B0,B0-M00,3,second_derivative,1475.5567450980393,5.2188179911972855e-06,difference of equal-sample representative means; not paired
B0,B0-M00,3,second_derivative,1481.0174901960786,6.199839940786919e-06,difference of equal-sample representative means; not paired
B0,B0-M00,3,second_derivative,1486.478235294118,3.895062566142702e-06,difference of equal-sample representative means; not paired
B0,B0-M00,3,second_derivative,1491.938980392157,3.932795551058167e-06,difference of equal-sample representative means; not paired
B0,B0-M00,3,second_derivative,1497.3997254901963,2.0127861268829813e-07,difference of equal-sample representative means; not paired
B0,B0-M00,3,second_derivative,1502.8604705882353,1.8935302888287738e-06,difference of equal-sample representative means; not paired
B0,B0-M00,3,second_derivative,1508.3212156862746,8.146749756413742e-07,difference of equal-sample representative means; not paired
B0,B0-M00,3,second_derivative,1513.781960784314,-1.8501318849210028e-06,difference of equal-sample representative means; not paired
B0,B0-M00,3,second_derivative,1519.2427058823532,-2.6724313679356843e-06,difference of equal-sample representative means; not paired
B0,B0-M00,3,second_derivative,1524.7034509803923,-2.0939562017954e-06,difference of equal-sample representative means; not paired
B0,B0-M00,3,second_derivative,1530.1641960784316,-3.6257802064946254e-07,difference of equal-sample representative means; not paired
B0,B0-M00,3,second_derivative,1535.6249411764707,8.484141237572893e-06,difference of equal-sample representative means; not paired
B0,B0-M00,3,second_derivative,1541.08568627451,1.2920675528925818e-06,difference of equal-sample representative means; not paired
B0,B0-M00,3,second_derivative,1546.5464313725493,-5.933312612843035e-06,difference of equal-sample representative means; not paired
B0,B0-M00,3,second_derivative,1552.0071764705885,-7.608260842065294e-06,difference of equal-sample representative means; not paired
B0,B0-M00,3,second_derivative,1557.4679215686276,-5.0360481709174305e-06,difference of equal-sample representative means; not paired
B0,B0-M00,3,second_derivative,1562.9286666666667,8.128145010304683e-07,difference of equal-sample representative means; not paired
B0,B0-M00,3,second_derivative,1568.389411764706,6.725144929294522e-06,difference of equal-sample representative means; not paired
B0,B0-M00,3,second_derivative,1573.8501568627453,7.011960758647976e-07,difference of equal-sample representative means; not paired
B0,B0-M00,3,second_derivative,1579.3109019607846,9.550303467419949e-07,difference of equal-sample representative means; not paired
B0,B0-M00,3,second_derivative,1584.7716470588239,3.18587971936854e-06,difference of equal-sample representative means; not paired
B0,B0-M00,3,second_derivative,1590.232392156863,4.834768961098267e-06,difference of equal-sample representative means; not paired
B0,B0-M00,3,second_derivative,1595.693137254902,5.6348356525744975e-06,difference of equal-sample representative means; not paired
B0,B0-M00,3,second_derivative,1601.1538823529413,4.027572614835426e-06,difference of equal-sample representative means; not paired
B0,B0-M00,3,second_derivative,1606.6146274509806,1.3564515377118926e-06,difference of equal-sample representative means; not paired
B0,B0-M00,3,second_derivative,1612.07537254902,1.1162387698996044e-06,difference of equal-sample representative means; not paired
B0,B0-M00,3,second_derivative,1617.536117647059,8.299443971834634e-07,difference of equal-sample representative means; not paired
B0,B0-M00,3,second_derivative,1622.9968627450983,-4.0089341075645085e-06,difference of equal-sample representative means; not paired
B0,B0-M00,3,second_derivative,1628.4576078431373,-4.810903705414214e-06,difference of equal-sample representative means; not paired
B0,B0-M00,3,second_derivative,1633.9183529411766,-5.27750608692504e-06,difference of equal-sample representative means; not paired
B0,B0-M00,3,second_derivative,1639.379098039216,-5.285049532455063e-06,difference of equal-sample representative means; not paired
B0,B0-M00,3,second_derivative,1644.8398431372552,-4.460144631768209e-06,difference of equal-sample representative means; not paired
B0,B0-M00,3,second_derivative,1650.3005882352943,-4.244007574130795e-06,difference of equal-sample representative means; not paired
B0,B0-M00,3,second_derivative,1655.7613333333334,-5.64335008269126e-06,difference of equal-sample representative means; not paired
B0,B0-M00,3,second_derivative,1661.2220784313727,-1.7236709291245977e-06,difference of equal-sample representative means; not paired
B0,B0-M00,3,second_derivative,1666.682823529412,2.1249837919783935e-06,difference of equal-sample representative means; not paired
B0,B0-M00,3,second_derivative,1672.1435686274513,3.4437378190224403e-06,difference of equal-sample representative means; not paired
B0,B0-M00,3,second_derivative,1677.6043137254906,9.913090347631975e-07,difference of equal-sample representative means; not paired
B0,B0-M00,3,second_derivative,1683.0650588235296,-1.913538218343382e-06,difference of equal-sample representative means; not paired
B0,B0-M00,3,second_derivative,1688.5258039215687,-2.812175594738018e-06,difference of equal-sample representative means; not paired
B0,B0-M00,3,second_derivative,1693.986549019608,-2.030704401130739e-06,difference of equal-sample representative means; not paired
B0,B0-M00,3,second_derivative,1699.4472941176473,1.2052821069974307e-06,difference of equal-sample representative means; not paired
B0,B0-M00,3,second_derivative,1704.9080392156866,3.846739763770902e-06,difference of equal-sample representative means; not paired
B0,B0-M00,3,second_derivative,1710.3687843137257,1.405129070174198e-06,difference of equal-sample representative means; not paired
B0,B0-M00,3,second_derivative,1715.829529411765,-4.936622295081809e-07,difference of equal-sample representative means; not paired
B0,B0-M00,3,second_derivative,1721.290274509804,-5.12433352624754e-07,difference of equal-sample representative means; not paired
B0,B0-M00,3,second_derivative,1726.7510196078433,1.1661570324642341e-06,difference of equal-sample representative means; not paired
B0,B0-M00,3,second_derivative,1732.2117647058826,2.401859535122752e-06,difference of equal-sample representative means; not paired
B0,B0-M00,3,second_derivative,1737.672509803922,9.181866931719904e-08,difference of equal-sample representative means; not paired
B0,B0-M00,3,second_derivative,1743.133254901961,-2.8496341431666076e-06,difference of equal-sample representative means; not paired
B0,B0-M00,3,second_derivative,1748.594,-3.810647538939047e-06,difference of equal-sample representative means; not paired
B0,B0-M00,3,second_derivative,1754.0547450980393,-1.7012670930141538e-06,difference of equal-sample representative means; not paired
B0,B0-M00,3,second_derivative,1759.5154901960786,1.4307600919765022e-06,difference of equal-sample representative means; not paired
B0,B0-M00,3,second_derivative,1764.976235294118,2.3860181164980284e-06,difference of equal-sample representative means; not paired
B0,B0-M00,3,second_derivative,1770.4369803921572,9.681083533160896e-07,difference of equal-sample representative means; not paired
B0,B0-M00,3,second_derivative,1775.8977254901963,1.517530930052898e-06,difference of equal-sample representative means; not paired
B0,B0-M00,3,second_derivative,1781.3584705882354,1.3888904226868816e-06,difference of equal-sample representative means; not paired
B0,B0-M00,3,second_derivative,1786.8192156862747,4.219081906352895e-06,difference of equal-sample representative means; not paired
B0,B0-M00,3,second_derivative,1792.279960784314,2.3230119752084137e-06,difference of equal-sample representative means; not paired
B0,B0-M00,3,second_derivative,1797.7407058823533,5.710123780554882e-07,difference of equal-sample representative means; not paired
B0,B0-M00,3,second_derivative,1803.2014509803923,-9.955128437996026e-07,difference of equal-sample representative means; not paired
B0,B0-M00,3,second_derivative,1808.6621960784316,-1.624384977606696e-06,difference of equal-sample representative means; not paired
B0,B0-M00,3,second_derivative,1814.1229411764707,-5.157533244087911e-08,difference of equal-sample representative means; not paired
B0,B0-M00,3,second_derivative,1819.58368627451,2.9469946820245384e-06,difference of equal-sample representative means; not paired
B0,B0-M00,3,second_derivative,1825.0444313725493,6.636467513117384e-07,difference of equal-sample representative means; not paired
B0,B0-M00,3,second_derivative,1830.5051764705886,1.3516106940959002e-06,difference of equal-sample representative means; not paired
B0,B0-M00,3,second_derivative,1835.9659215686277,8.178603815852155e-07,difference of equal-sample representative means; not paired
B0,B0-M00,3,second_derivative,1841.4266666666667,-1.015394057218571e-06,difference of equal-sample representative means; not paired
B0,B0-M00,3,second_derivative,1846.887411764706,-2.3484945639835928e-06,difference of equal-sample representative means; not paired
B0,B0-M00,3,second_derivative,1852.3481568627453,-3.1926191884512232e-06,difference of equal-sample representative means; not paired
B0,B0-M00,3,second_derivative,1857.8089019607846,-5.141812007705213e-06,difference of equal-sample representative means; not paired
B0,B0-M00,3,second_derivative,1863.269647058824,-7.295360012558621e-06,difference of equal-sample representative means; not paired
B0,B0-M00,3,second_derivative,1868.730392156863,-1.1587919619028798e-05,difference of equal-sample representative means; not paired
B0,B0-M00,3,second_derivative,1874.191137254902,-1.562046111427647e-05,difference of equal-sample representative means; not paired
B0,B0-M00,3,second_derivative,1879.6518823529414,-1.633732951801154e-05,difference of equal-sample representative means; not paired
B0,B0-M00,3,second_derivative,1885.1126274509807,-1.2433665717384655e-05,difference of equal-sample representative means; not paired
B0,B0-M00,3,second_derivative,1890.57337254902,-8.108326897428015e-06,difference of equal-sample representative means; not paired
B0,B0-M00,3,second_derivative,1896.034117647059,-5.113738934944134e-06,difference of equal-sample representative means; not paired
B0,B0-M00,3,second_derivative,1901.4948627450983,-1.5982076374341093e-07,difference of equal-sample representative means; not paired
B0,B0-M00,3,second_derivative,1906.9556078431374,7.684862093877205e-06,difference of equal-sample representative means; not paired
B0,B0-M00,3,second_derivative,1912.4163529411767,1.4568804310066317e-05,difference of equal-sample representative means; not paired
B0,B0-M00,3,second_derivative,1917.877098039216,1.857841327413255e-05,difference of equal-sample representative means; not paired
B0,B0-M00,3,second_derivative,1923.3378431372553,1.7671330023112436e-05,difference of equal-sample representative means; not paired
B0,B0-M00,3,second_derivative,1928.7985882352943,1.3130887076491044e-05,difference of equal-sample representative means; not paired
B0,B0-M00,3,second_derivative,1934.2593333333336,9.463063322070461e-06,difference of equal-sample representative means; not paired
B0,B0-M00,3,second_derivative,1939.7200784313727,7.273790447075967e-06,difference of equal-sample representative means; not paired
B0,B0-M00,3,second_derivative,1945.180823529412,5.021339144698644e-06,difference of equal-sample representative means; not paired
B0,B0-M00,3,second_derivative,1950.6415686274513,6.403862324975077e-06,difference of equal-sample representative means; not paired
B0,B0-M00,3,second_derivative,1956.1023137254906,2.931283906835632e-06,difference of equal-sample representative means; not paired
B0,B0-M00,3,second_derivative,1961.5630588235294,1.6860346033486547e-06,difference of equal-sample representative means; not paired
B0,B0-M00,3,second_derivative,1967.0238039215687,6.850239446558695e-07,difference of equal-sample representative means; not paired
B0,B0-M00,3,second_derivative,1972.484549019608,-3.6101590238632484e-07,difference of equal-sample representative means; not paired
B0,B0-M00,3,second_derivative,1977.9452941176473,-1.8714736673332254e-07,difference of equal-sample representative means; not paired
B0,B0-M00,3,second_derivative,1983.4060392156866,1.7911350048482298e-06,difference of equal-sample representative means; not paired
B0,B0-M00,3,second_derivative,1988.866784313726,-1.3790515388507068e-06,difference of equal-sample representative means; not paired
B0,B0-M00,3,second_derivative,1994.3275294117648,-1.1757901884756313e-06,difference of equal-sample representative means; not paired
B0,B0-M00,3,second_derivative,1999.788274509804,-3.0325945243388755e-06,difference of equal-sample representative means; not paired
B0,B0-M00,3,second_derivative,2005.2490196078434,-4.136757602274761e-06,difference of equal-sample representative means; not paired
B0,B0-M00,3,second_derivative,2010.7097647058827,-4.395867817517521e-06,difference of equal-sample representative means; not paired
B0,B0-M00,3,second_derivative,2016.170509803922,-4.2042704110206516e-06,difference of equal-sample representative means; not paired
B0,B0-M00,3,second_derivative,2021.6312549019613,-4.400066291244404e-06,difference of equal-sample representative means; not paired
B0,B0-M00,3,second_derivative,2027.092,-5.489630124713592e-06,difference of equal-sample representative means; not paired
B0,B0-M00,3,second_derivative,2032.5527450980394,-6.172111316884172e-06,difference of equal-sample representative means; not paired
B0,B0-M00,3,second_derivative,2038.0134901960787,-3.807993601579251e-06,difference of equal-sample representative means; not paired
B0,B0-M00,3,second_derivative,2043.474235294118,-1.8603933643655346e-06,difference of equal-sample representative means; not paired
B0,B0-M00,3,second_derivative,2048.9349803921573,-5.863866047194555e-07,difference of equal-sample representative means; not paired
B0,B0-M00,3,second_derivative,2054.3957254901966,3.100981358538574e-07,difference of equal-sample representative means; not paired
B0,B0-M00,3,second_derivative,2059.8564705882354,1.2002452680778748e-06,difference of equal-sample representative means; not paired
B0,B0-M00,3,second_derivative,2065.3172156862747,2.1580874089708054e-06,difference of equal-sample representative means; not paired
B0,B0-M00,3,second_derivative,2070.777960784314,3.275260900174298e-06,difference of equal-sample representative means; not paired
B0,B0-M00,3,second_derivative,2076.2387058823533,3.5252987488448976e-06,difference of equal-sample representative means; not paired
B0,B0-M00,3,second_derivative,2081.6994509803926,2.6005033821909777e-06,difference of equal-sample representative means; not paired
B0,B0-M00,3,second_derivative,2087.1601960784315,4.180195258597923e-07,difference of equal-sample representative means; not paired
B0,B0-M00,3,second_derivative,2092.6209411764708,1.0702503635310153e-07,difference of equal-sample representative means; not paired
B0,B0-M00,3,second_derivative,2098.08168627451,-1.4057668829280755e-07,difference of equal-sample representative means; not paired
B0,B0-M00,3,second_derivative,2103.5424313725493,-3.9302824465536787e-07,difference of equal-sample representative means; not paired
B0,B0-M00,3,second_derivative,2109.0031764705886,8.551915728165002e-07,difference of equal-sample representative means; not paired
B0,B0-M00,3,second_derivative,2114.463921568628,1.4712905040643636e-06,difference of equal-sample representative means; not paired
B0,B0-M00,3,second_derivative,2119.924666666667,1.2111759916944393e-06,difference of equal-sample representative means; not paired
B0,B0-M00,3,second_derivative,2125.385411764706,3.799230916088353e-06,difference of equal-sample representative means; not paired
B0,B0-M00,3,second_derivative,2130.8461568627454,3.5540852575891654e-06,difference of equal-sample representative means; not paired
B0,B0-M00,3,second_derivative,2136.3069019607847,1.9926251238487465e-06,difference of equal-sample representative means; not paired
B0,B0-M00,3,second_derivative,2141.767647058824,1.2602461761549054e-07,difference of equal-sample representative means; not paired
B0,B0-M00,3,second_derivative,2147.2283921568633,-1.522000806931443e-06,difference of equal-sample representative means; not paired
B0,B0-M00,3,second_derivative,2152.689137254902,-8.155257487074011e-07,difference of equal-sample representative means; not paired
B0,B0-M00,3,second_derivative,2158.1498823529414,2.550813010868745e-06,difference of equal-sample representative means; not paired
B0,B0-M00,3,second_derivative,2163.6106274509807,3.2491592038616355e-06,difference of equal-sample representative means; not paired
B0,B0-M00,3,second_derivative,2169.07137254902,2.47773875647513e-06,difference of equal-sample representative means; not paired
B0,B0-M00,3,second_derivative,2174.5321176470593,-1.7957986982645902e-07,difference of equal-sample representative means; not paired
B0,B0-M00,3,second_derivative,2179.992862745098,-1.804199730327889e-06,difference of equal-sample representative means; not paired
B0,B0-M00,3,second_derivative,2185.4536078431374,-1.3181127861951866e-06,difference of equal-sample representative means; not paired
B0,B0-M00,3,second_derivative,2190.9143529411767,1.248904499110185e-07,difference of equal-sample representative means; not paired
B0,B0-M00,3,second_derivative,2196.375098039216,8.231242615741058e-07,difference of equal-sample representative means; not paired
B0,B0-M00,3,second_derivative,2201.8358431372553,-2.6535766380855347e-06,difference of equal-sample representative means; not paired
B0,B0-M00,3,second_derivative,2207.2965882352946,-3.981051428599385e-06,difference of equal-sample representative means; not paired
B0,B0-M00,3,second_derivative,2212.7573333333335,-6.245464062286473e-06,difference of equal-sample representative means; not paired
B0,B0-M00,3,second_derivative,2218.2180784313728,-6.940530244991481e-06,difference of equal-sample representative means; not paired
B0,B0-M00,3,second_derivative,2223.678823529412,-6.348134098182924e-06,difference of equal-sample representative means; not paired
B0,B0-M00,3,second_derivative,2229.1395686274514,-5.754303767353786e-06,difference of equal-sample representative means; not paired
B0,B0-M00,3,second_derivative,2234.6003137254907,-6.794478164456235e-06,difference of equal-sample representative means; not paired
B0,B0-M00,3,second_derivative,2240.06105882353,-3.909352315252147e-06,difference of equal-sample representative means; not paired
B0,B0-M00,3,second_derivative,2245.521803921569,6.006709759702477e-07,difference of equal-sample representative means; not paired
B0,B0-M00,3,second_derivative,2250.982549019608,4.823482443023334e-06,difference of equal-sample representative means; not paired
B0,B0-M00,3,second_derivative,2256.4432941176474,4.96699251980602e-06,difference of equal-sample representative means; not paired
B0,B0-M00,3,second_derivative,2261.9040392156867,6.591429686593506e-06,difference of equal-sample representative means; not paired
B0,B0-M00,3,second_derivative,2267.364784313726,8.97045120076975e-06,difference of equal-sample representative means; not paired
B0,B0-M00,3,second_derivative,2272.825529411765,1.0832424420282224e-05,difference of equal-sample representative means; not paired
B0,B0-M00,3,second_derivative,2278.286274509804,1.2943831231995508e-05,difference of equal-sample representative means; not paired
B0,B0-M00,3,second_derivative,2283.7470196078434,9.177220696172367e-06,difference of equal-sample representative means; not paired
B0,B0-M00,3,second_derivative,2289.2077647058827,1.991355482700339e-06,difference of equal-sample representative means; not paired
B0,B0-M00,3,second_derivative,2294.668509803922,1.991355482700539e-06,difference of equal-sample representative means; not paired
B0,B0-M00,3,second_derivative,2300.1292549019613,1.991355482700539e-06,difference of equal-sample representative means; not paired
B0,B0-M00,3,second_derivative,2305.59,1.991355482700539e-06,difference of equal-sample representative means; not paired
B0,B0-M00,4,reflectance,913.1,0.019381082697825847,difference of equal-sample representative means; not paired
B0,B0-M00,4,reflectance,918.5607450980392,0.03594425706622484,difference of equal-sample representative means; not paired
B0,B0-M00,4,reflectance,924.0214901960785,0.045061757313655804,difference of equal-sample representative means; not paired
B0,B0-M00,4,reflectance,929.4822352941177,0.052816392538411916,difference of equal-sample representative means; not paired
B0,B0-M00,4,reflectance,934.9429803921569,0.05848155307669861,difference of equal-sample representative means; not paired
B0,B0-M00,4,reflectance,940.4037254901962,0.06153834593035995,difference of equal-sample representative means; not paired
B0,B0-M00,4,reflectance,945.8644705882353,0.0633003926711379,difference of equal-sample representative means; not paired
B0,B0-M00,4,reflectance,951.3252156862745,0.06456613284321705,difference of equal-sample representative means; not paired
B0,B0-M00,4,reflectance,956.7859607843137,0.06555200606956518,difference of equal-sample representative means; not paired
B0,B0-M00,4,reflectance,962.246705882353,0.06600549318169208,difference of equal-sample representative means; not paired
B0,B0-M00,4,reflectance,967.7074509803922,0.06617235423404516,difference of equal-sample representative means; not paired
B0,B0-M00,4,reflectance,973.1681960784314,0.06585483675228276,difference of equal-sample representative means; not paired
B0,B0-M00,4,reflectance,978.6289411764706,0.0653035052089278,difference of equal-sample representative means; not paired
B0,B0-M00,4,reflectance,984.0896862745099,0.0649143312131405,difference of equal-sample representative means; not paired
B0,B0-M00,4,reflectance,989.550431372549,0.06467253951076973,difference of equal-sample representative means; not paired
B0,B0-M00,4,reflectance,995.0111764705882,0.0645153681837421,difference of equal-sample representative means; not paired
B0,B0-M00,4,reflectance,1000.4719215686275,0.06363945708566016,difference of equal-sample representative means; not paired
B0,B0-M00,4,reflectance,1005.9326666666667,0.06288942060610758,difference of equal-sample representative means; not paired
B0,B0-M00,4,reflectance,1011.3934117647059,0.061973018437693816,difference of equal-sample representative means; not paired
B0,B0-M00,4,reflectance,1016.8541568627452,0.061233608401010164,difference of equal-sample representative means; not paired
B0,B0-M00,4,reflectance,1022.3149019607844,0.06088972570061285,difference of equal-sample representative means; not paired
B0,B0-M00,4,reflectance,1027.7756470588236,0.060476196747149935,difference of equal-sample representative means; not paired
B0,B0-M00,4,reflectance,1033.2363921568628,0.05969046603191103,difference of equal-sample representative means; not paired
B0,B0-M00,4,reflectance,1038.697137254902,0.05939166197907392,difference of equal-sample representative means; not paired
B0,B0-M00,4,reflectance,1044.1578823529412,0.05908568377372997,difference of equal-sample representative means; not paired
B0,B0-M00,4,reflectance,1049.6186274509805,0.05888135818509421,difference of equal-sample representative means; not paired
B0,B0-M00,4,reflectance,1055.0793725490196,0.05838029937550987,difference of equal-sample representative means; not paired
B0,B0-M00,4,reflectance,1060.5401176470589,0.057618334317164344,difference of equal-sample representative means; not paired
B0,B0-M00,4,reflectance,1066.0008627450982,0.05710699952753606,difference of equal-sample representative means; not paired
B0,B0-M00,4,reflectance,1071.4616078431372,0.056755360864995164,difference of equal-sample representative means; not paired
B0,B0-M00,4,reflectance,1076.9223529411765,0.056065619351567786,difference of equal-sample representative means; not paired
B0,B0-M00,4,reflectance,1082.3830980392158,0.05593298448486245,difference of equal-sample representative means; not paired
B0,B0-M00,4,reflectance,1087.843843137255,0.05569463807529179,difference of equal-sample representative means; not paired
B0,B0-M00,4,reflectance,1093.3045882352942,0.055582511180755245,difference of equal-sample representative means; not paired
B0,B0-M00,4,reflectance,1098.7653333333333,0.055412754597872316,difference of equal-sample representative means; not paired
B0,B0-M00,4,reflectance,1104.2260784313726,0.054844191312437174,difference of equal-sample representative means; not paired
B0,B0-M00,4,reflectance,1109.6868235294119,0.05429010840516929,difference of equal-sample representative means; not paired
B0,B0-M00,4,reflectance,1115.1475686274512,0.05434814269143229,difference of equal-sample representative means; not paired
B0,B0-M00,4,reflectance,1120.6083137254902,0.05420187827642209,difference of equal-sample representative means; not paired
B0,B0-M00,4,reflectance,1126.0690588235295,0.054239264016564426,difference of equal-sample representative means; not paired
B0,B0-M00,4,reflectance,1131.5298039215686,0.05446505469395169,difference of equal-sample representative means; not paired
B0,B0-M00,4,reflectance,1136.990549019608,0.05479664385342442,difference of equal-sample representative means; not paired
B0,B0-M00,4,reflectance,1142.4512941176472,0.055144711729451124,difference of equal-sample representative means; not paired
B0,B0-M00,4,reflectance,1147.9120392156863,0.05543684761008105,difference of equal-sample representative means; not paired
B0,B0-M00,4,reflectance,1153.3727843137256,0.05557010131018114,difference of equal-sample representative means; not paired
B0,B0-M00,4,reflectance,1158.8335294117649,0.056595347942679786,difference of equal-sample representative means; not paired
B0,B0-M00,4,reflectance,1164.294274509804,0.05709046732150341,difference of equal-sample representative means; not paired
B0,B0-M00,4,reflectance,1169.7550196078432,0.05743912740897744,difference of equal-sample representative means; not paired
B0,B0-M00,4,reflectance,1175.2157647058825,0.05783103109225968,difference of equal-sample representative means; not paired
B0,B0-M00,4,reflectance,1180.6765098039216,0.058190413853227596,difference of equal-sample representative means; not paired
B0,B0-M00,4,reflectance,1186.137254901961,0.058423449703613295,difference of equal-sample representative means; not paired
B0,B0-M00,4,reflectance,1191.598,0.05885325122147428,difference of equal-sample representative means; not paired
B0,B0-M00,4,reflectance,1197.0587450980393,0.05938290619107778,difference of equal-sample representative means; not paired
B0,B0-M00,4,reflectance,1202.5194901960786,0.059534800858093095,difference of equal-sample representative means; not paired
B0,B0-M00,4,reflectance,1207.9802352941178,0.059365922237794244,difference of equal-sample representative means; not paired
B0,B0-M00,4,reflectance,1213.440980392157,0.05954614120460189,difference of equal-sample representative means; not paired
B0,B0-M00,4,reflectance,1218.9017254901962,0.05987048496396602,difference of equal-sample representative means; not paired
B0,B0-M00,4,reflectance,1224.3624705882353,0.059792732137269655,difference of equal-sample representative means; not paired
B0,B0-M00,4,reflectance,1229.8232156862746,0.05974896506301969,difference of equal-sample representative means; not paired
B0,B0-M00,4,reflectance,1235.2839607843139,0.059506197260851046,difference of equal-sample representative means; not paired
B0,B0-M00,4,reflectance,1240.7447058823532,0.059189634555337545,difference of equal-sample representative means; not paired
B0,B0-M00,4,reflectance,1246.2054509803922,0.0589979640240933,difference of equal-sample representative means; not paired
B0,B0-M00,4,reflectance,1251.6661960784315,0.05893610905904767,difference of equal-sample representative means; not paired
B0,B0-M00,4,reflectance,1257.1269411764706,0.058908290157690946,difference of equal-sample representative means; not paired
B0,B0-M00,4,reflectance,1262.58768627451,0.05880198579506146,difference of equal-sample representative means; not paired
B0,B0-M00,4,reflectance,1268.0484313725492,0.05861832517831034,difference of equal-sample representative means; not paired
B0,B0-M00,4,reflectance,1273.5091764705883,0.05874675786256811,difference of equal-sample representative means; not paired
B0,B0-M00,4,reflectance,1278.9699215686276,0.05864137082468912,difference of equal-sample representative means; not paired
B0,B0-M00,4,reflectance,1284.4306666666666,0.058614193182909946,difference of equal-sample representative means; not paired
B0,B0-M00,4,reflectance,1289.891411764706,0.058562765385183124,difference of equal-sample representative means; not paired
B0,B0-M00,4,reflectance,1295.3521568627452,0.05847047368752034,difference of equal-sample representative means; not paired
B0,B0-M00,4,reflectance,1300.8129019607845,0.05838929091859313,difference of equal-sample representative means; not paired
B0,B0-M00,4,reflectance,1306.2736470588236,0.058399614556125745,difference of equal-sample representative means; not paired
B0,B0-M00,4,reflectance,1311.734392156863,0.05857540595850297,difference of equal-sample representative means; not paired
B0,B0-M00,4,reflectance,1317.195137254902,0.058786708162546164,difference of equal-sample representative means; not paired
B0,B0-M00,4,reflectance,1322.6558823529413,0.05937363871607804,difference of equal-sample representative means; not paired
B0,B0-M00,4,reflectance,1328.1166274509806,0.05989978235432958,difference of equal-sample representative means; not paired
B0,B0-M00,4,reflectance,1333.5773725490199,0.06075507545314085,difference of equal-sample representative means; not paired
B0,B0-M00,4,reflectance,1339.038117647059,0.06164216966963021,difference of equal-sample representative means; not paired
B0,B0-M00,4,reflectance,1344.4988627450982,0.06243759886891753,difference of equal-sample representative means; not paired
B0,B0-M00,4,reflectance,1349.9596078431373,0.0641153962496731,difference of equal-sample representative means; not paired
B0,B0-M00,4,reflectance,1355.4203529411766,0.06458482311112301,difference of equal-sample representative means; not paired
B0,B0-M00,4,reflectance,1360.8810980392159,0.06562847024860757,difference of equal-sample representative means; not paired
B0,B0-M00,4,reflectance,1366.341843137255,0.06634022607483236,difference of equal-sample representative means; not paired
B0,B0-M00,4,reflectance,1371.8025882352943,0.06687671328971045,difference of equal-sample representative means; not paired
B0,B0-M00,4,reflectance,1377.2633333333333,0.06724309216306351,difference of equal-sample representative means; not paired
B0,B0-M00,4,reflectance,1382.7240784313726,0.06761066845281821,difference of equal-sample representative means; not paired
B0,B0-M00,4,reflectance,1388.184823529412,0.06833421305605297,difference of equal-sample representative means; not paired
B0,B0-M00,4,reflectance,1393.6455686274512,0.06910459646584216,difference of equal-sample representative means; not paired
B0,B0-M00,4,reflectance,1399.1063137254903,0.06998273949666306,difference of equal-sample representative means; not paired
B0,B0-M00,4,reflectance,1404.5670588235296,0.07023575066516352,difference of equal-sample representative means; not paired
B0,B0-M00,4,reflectance,1410.0278039215686,0.07019741892724057,difference of equal-sample representative means; not paired
B0,B0-M00,4,reflectance,1415.488549019608,0.06993818101035981,difference of equal-sample representative means; not paired
B0,B0-M00,4,reflectance,1420.9492941176472,0.06936942370249105,difference of equal-sample representative means; not paired
B0,B0-M00,4,reflectance,1426.4100392156865,0.06848682641340159,difference of equal-sample representative means; not paired
B0,B0-M00,4,reflectance,1431.8707843137256,0.06759909256013152,difference of equal-sample representative means; not paired
B0,B0-M00,4,reflectance,1437.3315294117647,0.06692989751676875,difference of equal-sample representative means; not paired
B0,B0-M00,4,reflectance,1442.792274509804,0.06636246746791596,difference of equal-sample representative means; not paired
B0,B0-M00,4,reflectance,1448.2530196078433,0.06571703916643074,difference of equal-sample representative means; not paired
B0,B0-M00,4,reflectance,1453.7137647058826,0.0652590845566528,difference of equal-sample representative means; not paired
B0,B0-M00,4,reflectance,1459.1745098039219,0.06506905206099245,difference of equal-sample representative means; not paired
B0,B0-M00,4,reflectance,1464.635254901961,0.06470597353089608,difference of equal-sample representative means; not paired
B0,B0-M00,4,reflectance,1470.096,0.06373711652603509,difference of equal-sample representative means; not paired
B0,B0-M00,4,reflectance,1475.5567450980393,0.06427807498354832,difference of equal-sample representative means; not paired
B0,B0-M00,4,reflectance,1481.0174901960786,0.0637378473661997,difference of equal-sample representative means; not paired
B0,B0-M00,4,reflectance,1486.478235294118,0.06369174749281697,difference of equal-sample representative means; not paired
B0,B0-M00,4,reflectance,1491.938980392157,0.06367331625691497,difference of equal-sample representative means; not paired
B0,B0-M00,4,reflectance,1497.3997254901963,0.06366742816080184,difference of equal-sample representative means; not paired
B0,B0-M00,4,reflectance,1502.8604705882353,0.06373603031629549,difference of equal-sample representative means; not paired
B0,B0-M00,4,reflectance,1508.3212156862746,0.06382859241570715,difference of equal-sample representative means; not paired
B0,B0-M00,4,reflectance,1513.781960784314,0.06386745121775328,difference of equal-sample representative means; not paired
B0,B0-M00,4,reflectance,1519.2427058823532,0.06356111297417866,difference of equal-sample representative means; not paired
B0,B0-M00,4,reflectance,1524.7034509803923,0.06413501435442887,difference of equal-sample representative means; not paired
B0,B0-M00,4,reflectance,1530.1641960784316,0.06432820565225283,difference of equal-sample representative means; not paired
B0,B0-M00,4,reflectance,1535.6249411764707,0.06416800979012433,difference of equal-sample representative means; not paired
B0,B0-M00,4,reflectance,1541.08568627451,0.06437935254341637,difference of equal-sample representative means; not paired
B0,B0-M00,4,reflectance,1546.5464313725493,0.0649832406189173,difference of equal-sample representative means; not paired
B0,B0-M00,4,reflectance,1552.0071764705885,0.06484050547118492,difference of equal-sample representative means; not paired
B0,B0-M00,4,reflectance,1557.4679215686276,0.06485379716268935,difference of equal-sample representative means; not paired
B0,B0-M00,4,reflectance,1562.9286666666667,0.0654403688338942,difference of equal-sample representative means; not paired
B0,B0-M00,4,reflectance,1568.389411764706,0.06513573584212334,difference of equal-sample representative means; not paired
B0,B0-M00,4,reflectance,1573.8501568627453,0.06486662204332222,difference of equal-sample representative means; not paired
B0,B0-M00,4,reflectance,1579.3109019607846,0.06488395389363677,difference of equal-sample representative means; not paired
B0,B0-M00,4,reflectance,1584.7716470588239,0.06493043848234531,difference of equal-sample representative means; not paired
B0,B0-M00,4,reflectance,1590.232392156863,0.06482909497039702,difference of equal-sample representative means; not paired
B0,B0-M00,4,reflectance,1595.693137254902,0.0651011815882151,difference of equal-sample representative means; not paired
B0,B0-M00,4,reflectance,1601.1538823529413,0.06536067877686347,difference of equal-sample representative means; not paired
B0,B0-M00,4,reflectance,1606.6146274509806,0.06562237783967773,difference of equal-sample representative means; not paired
B0,B0-M00,4,reflectance,1612.07537254902,0.065781571082903,difference of equal-sample representative means; not paired
B0,B0-M00,4,reflectance,1617.536117647059,0.06588210358877805,difference of equal-sample representative means; not paired
B0,B0-M00,4,reflectance,1622.9968627450983,0.06597211468167613,difference of equal-sample representative means; not paired
B0,B0-M00,4,reflectance,1628.4576078431373,0.06570518717212198,difference of equal-sample representative means; not paired
B0,B0-M00,4,reflectance,1633.9183529411766,0.064710015502153,difference of equal-sample representative means; not paired
B0,B0-M00,4,reflectance,1639.379098039216,0.06582179321164183,difference of equal-sample representative means; not paired
B0,B0-M00,4,reflectance,1644.8398431372552,0.06586266716328643,difference of equal-sample representative means; not paired
B0,B0-M00,4,reflectance,1650.3005882352943,0.06557059418735495,difference of equal-sample representative means; not paired
B0,B0-M00,4,reflectance,1655.7613333333334,0.06488640826144854,difference of equal-sample representative means; not paired
B0,B0-M00,4,reflectance,1661.2220784313727,0.06405056326312875,difference of equal-sample representative means; not paired
B0,B0-M00,4,reflectance,1666.682823529412,0.0635612919437814,difference of equal-sample representative means; not paired
B0,B0-M00,4,reflectance,1672.1435686274513,0.06361832684264584,difference of equal-sample representative means; not paired
B0,B0-M00,4,reflectance,1677.6043137254906,0.06338425912575985,difference of equal-sample representative means; not paired
B0,B0-M00,4,reflectance,1683.0650588235296,0.06302917576551592,difference of equal-sample representative means; not paired
B0,B0-M00,4,reflectance,1688.5258039215687,0.06283919160488932,difference of equal-sample representative means; not paired
B0,B0-M00,4,reflectance,1693.986549019608,0.0625104978009205,difference of equal-sample representative means; not paired
B0,B0-M00,4,reflectance,1699.4472941176473,0.062137112123393734,difference of equal-sample representative means; not paired
B0,B0-M00,4,reflectance,1704.9080392156866,0.06189846428602336,difference of equal-sample representative means; not paired
B0,B0-M00,4,reflectance,1710.3687843137257,0.06181816229953013,difference of equal-sample representative means; not paired
B0,B0-M00,4,reflectance,1715.829529411765,0.061723567763161014,difference of equal-sample representative means; not paired
B0,B0-M00,4,reflectance,1721.290274509804,0.06171552073203779,difference of equal-sample representative means; not paired
B0,B0-M00,4,reflectance,1726.7510196078433,0.06139529960371842,difference of equal-sample representative means; not paired
B0,B0-M00,4,reflectance,1732.2117647058826,0.06104853891000239,difference of equal-sample representative means; not paired
B0,B0-M00,4,reflectance,1737.672509803922,0.06091471446268165,difference of equal-sample representative means; not paired
B0,B0-M00,4,reflectance,1743.133254901961,0.06072676352857276,difference of equal-sample representative means; not paired
B0,B0-M00,4,reflectance,1748.594,0.06046817521927855,difference of equal-sample representative means; not paired
B0,B0-M00,4,reflectance,1754.0547450980393,0.06032952820174231,difference of equal-sample representative means; not paired
B0,B0-M00,4,reflectance,1759.5154901960786,0.06006420370067578,difference of equal-sample representative means; not paired
B0,B0-M00,4,reflectance,1764.976235294118,0.060086896368969744,difference of equal-sample representative means; not paired
B0,B0-M00,4,reflectance,1770.4369803921572,0.05994969445596027,difference of equal-sample representative means; not paired
B0,B0-M00,4,reflectance,1775.8977254901963,0.05983523101374355,difference of equal-sample representative means; not paired
B0,B0-M00,4,reflectance,1781.3584705882354,0.05964448259412275,difference of equal-sample representative means; not paired
B0,B0-M00,4,reflectance,1786.8192156862747,0.059447691828684035,difference of equal-sample representative means; not paired
B0,B0-M00,4,reflectance,1792.279960784314,0.05934532867865672,difference of equal-sample representative means; not paired
B0,B0-M00,4,reflectance,1797.7407058823533,0.059319135315973825,difference of equal-sample representative means; not paired
B0,B0-M00,4,reflectance,1803.2014509803923,0.059389495039978535,difference of equal-sample representative means; not paired
B0,B0-M00,4,reflectance,1808.6621960784316,0.059357151275756526,difference of equal-sample representative means; not paired
B0,B0-M00,4,reflectance,1814.1229411764707,0.059367804213426134,difference of equal-sample representative means; not paired
B0,B0-M00,4,reflectance,1819.58368627451,0.05927823037022745,difference of equal-sample representative means; not paired
B0,B0-M00,4,reflectance,1825.0444313725493,0.05923196620919485,difference of equal-sample representative means; not paired
B0,B0-M00,4,reflectance,1830.5051764705886,0.05923870799902731,difference of equal-sample representative means; not paired
B0,B0-M00,4,reflectance,1835.9659215686277,0.059184155943732775,difference of equal-sample representative means; not paired
B0,B0-M00,4,reflectance,1841.4266666666667,0.05923249955527854,difference of equal-sample representative means; not paired
B0,B0-M00,4,reflectance,1846.887411764706,0.06103199613071847,difference of equal-sample representative means; not paired
B0,B0-M00,4,reflectance,1852.3481568627453,0.05953240364776974,difference of equal-sample representative means; not paired
B0,B0-M00,4,reflectance,1857.8089019607846,0.0593332522764109,difference of equal-sample representative means; not paired
B0,B0-M00,4,reflectance,1863.269647058824,0.05927415471032382,difference of equal-sample representative means; not paired
B0,B0-M00,4,reflectance,1868.730392156863,0.0590034650871995,difference of equal-sample representative means; not paired
B0,B0-M00,4,reflectance,1874.191137254902,0.058668856907813816,difference of equal-sample representative means; not paired
B0,B0-M00,4,reflectance,1879.6518823529414,0.05816513934748324,difference of equal-sample representative means; not paired
B0,B0-M00,4,reflectance,1885.1126274509807,0.05737951045223155,difference of equal-sample representative means; not paired
B0,B0-M00,4,reflectance,1890.57337254902,0.055730672999829034,difference of equal-sample representative means; not paired
B0,B0-M00,4,reflectance,1896.034117647059,0.05305299803917202,difference of equal-sample representative means; not paired
B0,B0-M00,4,reflectance,1901.4948627450983,0.05047917129828883,difference of equal-sample representative means; not paired
B0,B0-M00,4,reflectance,1906.9556078431374,0.04763002912864012,difference of equal-sample representative means; not paired
B0,B0-M00,4,reflectance,1912.4163529411767,0.04484077268924652,difference of equal-sample representative means; not paired
B0,B0-M00,4,reflectance,1917.877098039216,0.04269160321445825,difference of equal-sample representative means; not paired
B0,B0-M00,4,reflectance,1923.3378431372553,0.04095166322921967,difference of equal-sample representative means; not paired
B0,B0-M00,4,reflectance,1928.7985882352943,0.039910907739095586,difference of equal-sample representative means; not paired
B0,B0-M00,4,reflectance,1934.2593333333336,0.03897780504507156,difference of equal-sample representative means; not paired
B0,B0-M00,4,reflectance,1939.7200784313727,0.03887284548604794,difference of equal-sample representative means; not paired
B0,B0-M00,4,reflectance,1945.180823529412,0.03908203434316401,difference of equal-sample representative means; not paired
B0,B0-M00,4,reflectance,1950.6415686274513,0.03937117457061046,difference of equal-sample representative means; not paired
B0,B0-M00,4,reflectance,1956.1023137254906,0.03978758185291881,difference of equal-sample representative means; not paired
B0,B0-M00,4,reflectance,1961.5630588235294,0.040112790168320034,difference of equal-sample representative means; not paired
B0,B0-M00,4,reflectance,1967.0238039215687,0.03939489333235108,difference of equal-sample representative means; not paired
B0,B0-M00,4,reflectance,1972.484549019608,0.04054931402486689,difference of equal-sample representative means; not paired
B0,B0-M00,4,reflectance,1977.9452941176473,0.041232418955688466,difference of equal-sample representative means; not paired
B0,B0-M00,4,reflectance,1983.4060392156866,0.04172796650316862,difference of equal-sample representative means; not paired
B0,B0-M00,4,reflectance,1988.866784313726,0.04188909261084062,difference of equal-sample representative means; not paired
B0,B0-M00,4,reflectance,1994.3275294117648,0.04198529456462574,difference of equal-sample representative means; not paired
B0,B0-M00,4,reflectance,1999.788274509804,0.04209799300091521,difference of equal-sample representative means; not paired
B0,B0-M00,4,reflectance,2005.2490196078434,0.041921353478976575,difference of equal-sample representative means; not paired
B0,B0-M00,4,reflectance,2010.7097647058827,0.04201389682032758,difference of equal-sample representative means; not paired
B0,B0-M00,4,reflectance,2016.170509803922,0.04199333796783872,difference of equal-sample representative means; not paired
B0,B0-M00,4,reflectance,2021.6312549019613,0.04148741574987164,difference of equal-sample representative means; not paired
B0,B0-M00,4,reflectance,2027.092,0.04112482406968371,difference of equal-sample representative means; not paired
B0,B0-M00,4,reflectance,2032.5527450980394,0.04058302889274851,difference of equal-sample representative means; not paired
B0,B0-M00,4,reflectance,2038.0134901960787,0.0398971838026721,difference of equal-sample representative means; not paired
B0,B0-M00,4,reflectance,2043.474235294118,0.03930995465902681,difference of equal-sample representative means; not paired
B0,B0-M00,4,reflectance,2048.9349803921573,0.03856083247413994,difference of equal-sample representative means; not paired
B0,B0-M00,4,reflectance,2054.3957254901966,0.037192991481211246,difference of equal-sample representative means; not paired
B0,B0-M00,4,reflectance,2059.8564705882354,0.037045550574063946,difference of equal-sample representative means; not paired
B0,B0-M00,4,reflectance,2065.3172156862747,0.036235330016855416,difference of equal-sample representative means; not paired
B0,B0-M00,4,reflectance,2070.777960784314,0.035318501718508144,difference of equal-sample representative means; not paired
B0,B0-M00,4,reflectance,2076.2387058823533,0.03448529394492705,difference of equal-sample representative means; not paired
B0,B0-M00,4,reflectance,2081.6994509803926,0.03390443268904031,difference of equal-sample representative means; not paired
B0,B0-M00,4,reflectance,2087.1601960784315,0.03370557240042549,difference of equal-sample representative means; not paired
B0,B0-M00,4,reflectance,2092.6209411764708,0.033424959711169544,difference of equal-sample representative means; not paired
B0,B0-M00,4,reflectance,2098.08168627451,0.03260608670136733,difference of equal-sample representative means; not paired
B0,B0-M00,4,reflectance,2103.5424313725493,0.03281947780775363,difference of equal-sample representative means; not paired
B0,B0-M00,4,reflectance,2109.0031764705886,0.032961024491928004,difference of equal-sample representative means; not paired
B0,B0-M00,4,reflectance,2114.463921568628,0.032901517401391245,difference of equal-sample representative means; not paired
B0,B0-M00,4,reflectance,2119.924666666667,0.032711291013579225,difference of equal-sample representative means; not paired
B0,B0-M00,4,reflectance,2125.385411764706,0.032617284296021065,difference of equal-sample representative means; not paired
B0,B0-M00,4,reflectance,2130.8461568627454,0.032925595459858015,difference of equal-sample representative means; not paired
B0,B0-M00,4,reflectance,2136.3069019607847,0.03363956311735822,difference of equal-sample representative means; not paired
B0,B0-M00,4,reflectance,2141.767647058824,0.03402178654332971,difference of equal-sample representative means; not paired
B0,B0-M00,4,reflectance,2147.2283921568633,0.03442739752820334,difference of equal-sample representative means; not paired
B0,B0-M00,4,reflectance,2152.689137254902,0.03428179455337077,difference of equal-sample representative means; not paired
B0,B0-M00,4,reflectance,2158.1498823529414,0.034560685708472594,difference of equal-sample representative means; not paired
B0,B0-M00,4,reflectance,2163.6106274509807,0.034808893490686554,difference of equal-sample representative means; not paired
B0,B0-M00,4,reflectance,2169.07137254902,0.034678335823310924,difference of equal-sample representative means; not paired
B0,B0-M00,4,reflectance,2174.5321176470593,0.03560850635952634,difference of equal-sample representative means; not paired
B0,B0-M00,4,reflectance,2179.992862745098,0.03544572963425435,difference of equal-sample representative means; not paired
B0,B0-M00,4,reflectance,2185.4536078431374,0.035746297936518345,difference of equal-sample representative means; not paired
B0,B0-M00,4,reflectance,2190.9143529411767,0.03629982718724223,difference of equal-sample representative means; not paired
B0,B0-M00,4,reflectance,2196.375098039216,0.036380826942328914,difference of equal-sample representative means; not paired
B0,B0-M00,4,reflectance,2201.8358431372553,0.036386968251701346,difference of equal-sample representative means; not paired
B0,B0-M00,4,reflectance,2207.2965882352946,0.0364964678598893,difference of equal-sample representative means; not paired
B0,B0-M00,4,reflectance,2212.7573333333335,0.036460209453467396,difference of equal-sample representative means; not paired
B0,B0-M00,4,reflectance,2218.2180784313728,0.03636909727804166,difference of equal-sample representative means; not paired
B0,B0-M00,4,reflectance,2223.678823529412,0.036475882168609586,difference of equal-sample representative means; not paired
B0,B0-M00,4,reflectance,2229.1395686274514,0.036580595263152715,difference of equal-sample representative means; not paired
B0,B0-M00,4,reflectance,2234.6003137254907,0.035646264706199526,difference of equal-sample representative means; not paired
B0,B0-M00,4,reflectance,2240.06105882353,0.035380354367754996,difference of equal-sample representative means; not paired
B0,B0-M00,4,reflectance,2245.521803921569,0.034745322747186946,difference of equal-sample representative means; not paired
B0,B0-M00,4,reflectance,2250.982549019608,0.033325418862836964,difference of equal-sample representative means; not paired
B0,B0-M00,4,reflectance,2256.4432941176474,0.03208417320487561,difference of equal-sample representative means; not paired
B0,B0-M00,4,reflectance,2261.9040392156867,0.029399602182135276,difference of equal-sample representative means; not paired
B0,B0-M00,4,reflectance,2267.364784313726,0.027455562659176758,difference of equal-sample representative means; not paired
B0,B0-M00,4,reflectance,2272.825529411765,0.026438486612058,difference of equal-sample representative means; not paired
B0,B0-M00,4,reflectance,2278.286274509804,0.0256589401291277,difference of equal-sample representative means; not paired
B0,B0-M00,4,reflectance,2283.7470196078434,0.02406600437839046,difference of equal-sample representative means; not paired
B0,B0-M00,4,reflectance,2289.2077647058827,0.021513547757707224,difference of equal-sample representative means; not paired
B0,B0-M00,4,reflectance,2294.668509803922,0.019318629128229098,difference of equal-sample representative means; not paired
B0,B0-M00,4,reflectance,2300.1292549019613,0.01901813628248833,difference of equal-sample representative means; not paired
B0,B0-M00,4,reflectance,2305.59,0.018322464198625904,difference of equal-sample representative means; not paired
B0,B0-M00,4,snv,913.1,-0.3805024916039774,difference of equal-sample representative means; not paired
B0,B0-M00,4,snv,918.5607450980392,-0.189203897861919,difference of equal-sample representative means; not paired
B0,B0-M00,4,snv,924.0214901960785,-0.0544868211808307,difference of equal-sample representative means; not paired
B0,B0-M00,4,snv,929.4822352941177,0.07247366724605493,difference of equal-sample representative means; not paired
B0,B0-M00,4,snv,934.9429803921569,0.1677618925995594,difference of equal-sample representative means; not paired
B0,B0-M00,4,snv,940.4037254901962,0.21724694516440668,difference of equal-sample representative means; not paired
B0,B0-M00,4,snv,945.8644705882353,0.23763076670951852,difference of equal-sample representative means; not paired
B0,B0-M00,4,snv,951.3252156862745,0.24991489905715364,difference of equal-sample representative means; not paired
B0,B0-M00,4,snv,956.7859607843137,0.2563805101794966,difference of equal-sample representative means; not paired
B0,B0-M00,4,snv,962.246705882353,0.2626303235801239,difference of equal-sample representative means; not paired
B0,B0-M00,4,snv,967.7074509803922,0.2654508860603858,difference of equal-sample representative means; not paired
B0,B0-M00,4,snv,973.1681960784314,0.2604098682362822,difference of equal-sample representative means; not paired
B0,B0-M00,4,snv,978.6289411764706,0.2495277368900316,difference of equal-sample representative means; not paired
B0,B0-M00,4,snv,984.0896862745099,0.23862605358597977,difference of equal-sample representative means; not paired
B0,B0-M00,4,snv,989.550431372549,0.2317250699449166,difference of equal-sample representative means; not paired
B0,B0-M00,4,snv,995.0111764705882,0.23188581968889183,difference of equal-sample representative means; not paired
B0,B0-M00,4,snv,1000.4719215686275,0.21830713234366228,difference of equal-sample representative means; not paired
B0,B0-M00,4,snv,1005.9326666666667,0.2056456746798308,difference of equal-sample representative means; not paired
B0,B0-M00,4,snv,1011.3934117647059,0.19402354653287912,difference of equal-sample representative means; not paired
B0,B0-M00,4,snv,1016.8541568627452,0.18388298424137883,difference of equal-sample representative means; not paired
B0,B0-M00,4,snv,1022.3149019607844,0.17433550077705018,difference of equal-sample representative means; not paired
B0,B0-M00,4,snv,1027.7756470588236,0.16276800685891624,difference of equal-sample representative means; not paired
B0,B0-M00,4,snv,1033.2363921568628,0.15307065457345803,difference of equal-sample representative means; not paired
B0,B0-M00,4,snv,1038.697137254902,0.14615837962661482,difference of equal-sample representative means; not paired
B0,B0-M00,4,snv,1044.1578823529412,0.13780368636692208,difference of equal-sample representative means; not paired
B0,B0-M00,4,snv,1049.6186274509805,0.13234388652058404,difference of equal-sample representative means; not paired
B0,B0-M00,4,snv,1055.0793725490196,0.12399952204173392,difference of equal-sample representative means; not paired
B0,B0-M00,4,snv,1060.5401176470589,0.11067778999988087,difference of equal-sample representative means; not paired
B0,B0-M00,4,snv,1066.0008627450982,0.09821527009315734,difference of equal-sample representative means; not paired
B0,B0-M00,4,snv,1071.4616078431372,0.09130187149955604,difference of equal-sample representative means; not paired
B0,B0-M00,4,snv,1076.9223529411765,0.07988670811242704,difference of equal-sample representative means; not paired
B0,B0-M00,4,snv,1082.3830980392158,0.07489074828722342,difference of equal-sample representative means; not paired
B0,B0-M00,4,snv,1087.843843137255,0.06769846551030301,difference of equal-sample representative means; not paired
B0,B0-M00,4,snv,1093.3045882352942,0.061730913301493606,difference of equal-sample representative means; not paired
B0,B0-M00,4,snv,1098.7653333333333,0.05481185653721754,difference of equal-sample representative means; not paired
B0,B0-M00,4,snv,1104.2260784313726,0.04301914718352462,difference of equal-sample representative means; not paired
B0,B0-M00,4,snv,1109.6868235294119,0.03329124115555282,difference of equal-sample representative means; not paired
B0,B0-M00,4,snv,1115.1475686274512,0.03444509002431584,difference of equal-sample representative means; not paired
B0,B0-M00,4,snv,1120.6083137254902,0.028677081757760625,difference of equal-sample representative means; not paired
B0,B0-M00,4,snv,1126.0690588235295,0.026771795999519954,difference of equal-sample representative means; not paired
B0,B0-M00,4,snv,1131.5298039215686,0.02770052521400057,difference of equal-sample representative means; not paired
B0,B0-M00,4,snv,1136.990549019608,0.029210303989994246,difference of equal-sample representative means; not paired
B0,B0-M00,4,snv,1142.4512941176472,0.030466539085422406,difference of equal-sample representative means; not paired
B0,B0-M00,4,snv,1147.9120392156863,0.031693697832847256,difference of equal-sample representative means; not paired
B0,B0-M00,4,snv,1153.3727843137256,0.02928908125426699,difference of equal-sample representative means; not paired
B0,B0-M00,4,snv,1158.8335294117649,0.03864405628123868,difference of equal-sample representative means; not paired
B0,B0-M00,4,snv,1164.294274509804,0.03951694039675879,difference of equal-sample representative means; not paired
B0,B0-M00,4,snv,1169.7550196078432,0.04121194822585106,difference of equal-sample representative means; not paired
B0,B0-M00,4,snv,1175.2157647058825,0.043828846947174815,difference of equal-sample representative means; not paired
B0,B0-M00,4,snv,1180.6765098039216,0.04497276477633383,difference of equal-sample representative means; not paired
B0,B0-M00,4,snv,1186.137254901961,0.04548922859912796,difference of equal-sample representative means; not paired
B0,B0-M00,4,snv,1191.598,0.04893018565207474,difference of equal-sample representative means; not paired
B0,B0-M00,4,snv,1197.0587450980393,0.051511635823869195,difference of equal-sample representative means; not paired
B0,B0-M00,4,snv,1202.5194901960786,0.04926192272380514,difference of equal-sample representative means; not paired
B0,B0-M00,4,snv,1207.9802352941178,0.04404329102671678,difference of equal-sample representative means; not paired
B0,B0-M00,4,snv,1213.440980392157,0.04366646706572075,difference of equal-sample representative means; not paired
B0,B0-M00,4,snv,1218.9017254901962,0.04402620619327191,difference of equal-sample representative means; not paired
B0,B0-M00,4,snv,1224.3624705882353,0.037826129509723305,difference of equal-sample representative means; not paired
B0,B0-M00,4,snv,1229.8232156862746,0.032796256883227626,difference of equal-sample representative means; not paired
B0,B0-M00,4,snv,1235.2839607843139,0.02470384842195794,difference of equal-sample representative means; not paired
B0,B0-M00,4,snv,1240.7447058823532,0.01665797092885657,difference of equal-sample representative means; not paired
B0,B0-M00,4,snv,1246.2054509803922,0.010236451300390526,difference of equal-sample representative means; not paired
B0,B0-M00,4,snv,1251.6661960784315,0.006042399091326089,difference of equal-sample representative means; not paired
B0,B0-M00,4,snv,1257.1269411764706,0.002666628243895186,difference of equal-sample representative means; not paired
B0,B0-M00,4,snv,1262.58768627451,-0.0017506251376757653,difference of equal-sample representative means; not paired
B0,B0-M00,4,snv,1268.0484313725492,-0.0072819940270612005,difference of equal-sample representative means; not paired
B0,B0-M00,4,snv,1273.5091764705883,-0.009603840354005522,difference of equal-sample representative means; not paired
B0,B0-M00,4,snv,1278.9699215686276,-0.016871340458908257,difference of equal-sample representative means; not paired
B0,B0-M00,4,snv,1284.4306666666666,-0.019711089981216068,difference of equal-sample representative means; not paired
B0,B0-M00,4,snv,1289.891411764706,-0.023278996928528306,difference of equal-sample representative means; not paired
B0,B0-M00,4,snv,1295.3521568627452,-0.028202847892909944,difference of equal-sample representative means; not paired
B0,B0-M00,4,snv,1300.8129019607845,-0.03263593332842496,difference of equal-sample representative means; not paired
B0,B0-M00,4,snv,1306.2736470588236,-0.03516303822950606,difference of equal-sample representative means; not paired
B0,B0-M00,4,snv,1311.734392156863,-0.03676875208017605,difference of equal-sample representative means; not paired
B0,B0-M00,4,snv,1317.195137254902,-0.03635040168887671,difference of equal-sample representative means; not paired
B0,B0-M00,4,snv,1322.6558823529413,-0.03192797170843087,difference of equal-sample representative means; not paired
B0,B0-M00,4,snv,1328.1166274509806,-0.027176995648252378,difference of equal-sample representative means; not paired
B0,B0-M00,4,snv,1333.5773725490199,-0.018303936433465395,difference of equal-sample representative means; not paired
B0,B0-M00,4,snv,1339.038117647059,-0.008697153934933644,difference of equal-sample representative means; not paired
B0,B0-M00,4,snv,1344.4988627450982,0.0004884757731611344,difference of equal-sample representative means; not paired
B0,B0-M00,4,snv,1349.9596078431373,0.019630993801831087,difference of equal-sample representative means; not paired
B0,B0-M00,4,snv,1355.4203529411766,0.024239975850006923,difference of equal-sample representative means; not paired
B0,B0-M00,4,snv,1360.8810980392159,0.03389470361643787,difference of equal-sample representative means; not paired
B0,B0-M00,4,snv,1366.341843137255,0.04034494498142771,difference of equal-sample representative means; not paired
B0,B0-M00,4,snv,1371.8025882352943,0.049305219555195956,difference of equal-sample representative means; not paired
B0,B0-M00,4,snv,1377.2633333333333,0.058101625815366376,difference of equal-sample representative means; not paired
B0,B0-M00,4,snv,1382.7240784313726,0.06504230632182395,difference of equal-sample representative means; not paired
B0,B0-M00,4,snv,1388.184823529412,0.07534943209655431,difference of equal-sample representative means; not paired
B0,B0-M00,4,snv,1393.6455686274512,0.09309344625436788,difference of equal-sample representative means; not paired
B0,B0-M00,4,snv,1399.1063137254903,0.1135133783865806,difference of equal-sample representative means; not paired
B0,B0-M00,4,snv,1404.5670588235296,0.12483094385385562,difference of equal-sample representative means; not paired
B0,B0-M00,4,snv,1410.0278039215686,0.13973002399205925,difference of equal-sample representative means; not paired
B0,B0-M00,4,snv,1415.488549019608,0.15495598108089328,difference of equal-sample representative means; not paired
B0,B0-M00,4,snv,1420.9492941176472,0.16263137271066364,difference of equal-sample representative means; not paired
B0,B0-M00,4,snv,1426.4100392156865,0.16086106842201053,difference of equal-sample representative means; not paired
B0,B0-M00,4,snv,1431.8707843137256,0.15933503326240728,difference of equal-sample representative means; not paired
B0,B0-M00,4,snv,1437.3315294117647,0.15873453139104116,difference of equal-sample representative means; not paired
B0,B0-M00,4,snv,1442.792274509804,0.1559343884209937,difference of equal-sample representative means; not paired
B0,B0-M00,4,snv,1448.2530196078433,0.15033740276333757,difference of equal-sample representative means; not paired
B0,B0-M00,4,snv,1453.7137647058826,0.14698342633694716,difference of equal-sample representative means; not paired
B0,B0-M00,4,snv,1459.1745098039219,0.14471640175749112,difference of equal-sample representative means; not paired
B0,B0-M00,4,snv,1464.635254901961,0.13692557849535164,difference of equal-sample representative means; not paired
B0,B0-M00,4,snv,1470.096,0.12248285937106751,difference of equal-sample representative means; not paired
B0,B0-M00,4,snv,1475.5567450980393,0.13539231486597264,difference of equal-sample representative means; not paired
B0,B0-M00,4,snv,1481.0174901960786,0.13182279598926294,difference of equal-sample representative means; not paired
B0,B0-M00,4,snv,1486.478235294118,0.12915174230853488,difference of equal-sample representative means; not paired
B0,B0-M00,4,snv,1491.938980392157,0.12568432863735862,difference of equal-sample representative means; not paired
B0,B0-M00,4,snv,1497.3997254901963,0.12217046260912107,difference of equal-sample representative means; not paired
B0,B0-M00,4,snv,1502.8604705882353,0.11957737624690068,difference of equal-sample representative means; not paired
B0,B0-M00,4,snv,1508.3212156862746,0.11719974682920326,difference of equal-sample representative means; not paired
B0,B0-M00,4,snv,1513.781960784314,0.11256209707090581,difference of equal-sample representative means; not paired
B0,B0-M00,4,snv,1519.2427058823532,0.10763256039774119,difference of equal-sample representative means; not paired
B0,B0-M00,4,snv,1524.7034509803923,0.10774766408632616,difference of equal-sample representative means; not paired
B0,B0-M00,4,snv,1530.1641960784316,0.10634319431477293,difference of equal-sample representative means; not paired
B0,B0-M00,4,snv,1535.6249411764707,0.10174686864114166,difference of equal-sample representative means; not paired
B0,B0-M00,4,snv,1541.08568627451,0.10259297862351577,difference of equal-sample representative means; not paired
B0,B0-M00,4,snv,1546.5464313725493,0.10863475361168912,difference of equal-sample representative means; not paired
B0,B0-M00,4,snv,1552.0071764705885,0.10265659356360171,difference of equal-sample representative means; not paired
B0,B0-M00,4,snv,1557.4679215686276,0.09904174719873786,difference of equal-sample representative means; not paired
B0,B0-M00,4,snv,1562.9286666666667,0.10867269138179385,difference of equal-sample representative means; not paired
B0,B0-M00,4,snv,1568.389411764706,0.09956808712660008,difference of equal-sample representative means; not paired
B0,B0-M00,4,snv,1573.8501568627453,0.09076731419125476,difference of equal-sample representative means; not paired
B0,B0-M00,4,snv,1579.3109019607846,0.08784643137575984,difference of equal-sample representative means; not paired
B0,B0-M00,4,snv,1584.7716470588239,0.08696994792871238,difference of equal-sample representative means; not paired
B0,B0-M00,4,snv,1590.232392156863,0.08414972555233505,difference of equal-sample representative means; not paired
B0,B0-M00,4,snv,1595.693137254902,0.08328664688648953,difference of equal-sample representative means; not paired
B0,B0-M00,4,snv,1601.1538823529413,0.08247708887966436,difference of equal-sample representative means; not paired
B0,B0-M00,4,snv,1606.6146274509806,0.08128134960999195,difference of equal-sample representative means; not paired
B0,B0-M00,4,snv,1612.07537254902,0.07874403002919114,difference of equal-sample representative means; not paired
B0,B0-M00,4,snv,1617.536117647059,0.07581861911397558,difference of equal-sample representative means; not paired
B0,B0-M00,4,snv,1622.9968627450983,0.07266876262130144,difference of equal-sample representative means; not paired
B0,B0-M00,4,snv,1628.4576078431373,0.06298479492524632,difference of equal-sample representative means; not paired
B0,B0-M00,4,snv,1633.9183529411766,0.041809419062682096,difference of equal-sample representative means; not paired
B0,B0-M00,4,snv,1639.379098039216,0.062458371166825566,difference of equal-sample representative means; not paired
B0,B0-M00,4,snv,1644.8398431372552,0.06029009701617985,difference of equal-sample representative means; not paired
B0,B0-M00,4,snv,1650.3005882352943,0.0583394391265141,difference of equal-sample representative means; not paired
B0,B0-M00,4,snv,1655.7613333333334,0.05140797818132545,difference of equal-sample representative means; not paired
B0,B0-M00,4,snv,1661.2220784313727,0.0393786525782108,difference of equal-sample representative means; not paired
B0,B0-M00,4,snv,1666.682823529412,0.03231631974681573,difference of equal-sample representative means; not paired
B0,B0-M00,4,snv,1672.1435686274513,0.03747684571630705,difference of equal-sample representative means; not paired
B0,B0-M00,4,snv,1677.6043137254906,0.03646741591007359,difference of equal-sample representative means; not paired
B0,B0-M00,4,snv,1683.0650588235296,0.032993071191892084,difference of equal-sample representative means; not paired
B0,B0-M00,4,snv,1688.5258039215687,0.03118697721944902,difference of equal-sample representative means; not paired
B0,B0-M00,4,snv,1693.986549019608,0.029048287770910466,difference of equal-sample representative means; not paired
B0,B0-M00,4,snv,1699.4472941176473,0.025043554308476462,difference of equal-sample representative means; not paired
B0,B0-M00,4,snv,1704.9080392156866,0.021667789411542113,difference of equal-sample representative means; not paired
B0,B0-M00,4,snv,1710.3687843137257,0.020814313761372952,difference of equal-sample representative means; not paired
B0,B0-M00,4,snv,1715.829529411765,0.02026150228796246,difference of equal-sample representative means; not paired
B0,B0-M00,4,snv,1721.290274509804,0.020904316280044237,difference of equal-sample representative means; not paired
B0,B0-M00,4,snv,1726.7510196078433,0.01844437523011804,difference of equal-sample representative means; not paired
B0,B0-M00,4,snv,1732.2117647058826,0.012888344905567055,difference of equal-sample representative means; not paired
B0,B0-M00,4,snv,1737.672509803922,0.00992032441563162,difference of equal-sample representative means; not paired
B0,B0-M00,4,snv,1743.133254901961,0.008960270955582765,difference of equal-sample representative means; not paired
B0,B0-M00,4,snv,1748.594,0.007989059387338616,difference of equal-sample representative means; not paired
B0,B0-M00,4,snv,1754.0547450980393,0.005658718154363047,difference of equal-sample representative means; not paired
B0,B0-M00,4,snv,1759.5154901960786,0.0007422563063133152,difference of equal-sample representative means; not paired
B0,B0-M00,4,snv,1764.976235294118,0.0008737208744483537,difference of equal-sample representative means; not paired
B0,B0-M00,4,snv,1770.4369803921572,0.0020441183789434757,difference of equal-sample representative means; not paired
B0,B0-M00,4,snv,1775.8977254901963,0.0015741840205724719,difference of equal-sample representative means; not paired
B0,B0-M00,4,snv,1781.3584705882354,-0.002069798752863247,difference of equal-sample representative means; not paired
B0,B0-M00,4,snv,1786.8192156862747,-0.0055325418713908486,difference of equal-sample representative means; not paired
B0,B0-M00,4,snv,1792.279960784314,-0.006505594331837091,difference of equal-sample representative means; not paired
B0,B0-M00,4,snv,1797.7407058823533,-0.007576190144301672,difference of equal-sample representative means; not paired
B0,B0-M00,4,snv,1803.2014509803923,-0.010080848858276115,difference of equal-sample representative means; not paired
B0,B0-M00,4,snv,1808.6621960784316,-0.013603480198569846,difference of equal-sample representative means; not paired
B0,B0-M00,4,snv,1814.1229411764707,-0.016852164156895257,difference of equal-sample representative means; not paired
B0,B0-M00,4,snv,1819.58368627451,-0.02004943646700478,difference of equal-sample representative means; not paired
B0,B0-M00,4,snv,1825.0444313725493,-0.024811982728276942,difference of equal-sample representative means; not paired
B0,B0-M00,4,snv,1830.5051764705886,-0.030098324896814452,difference of equal-sample representative means; not paired
B0,B0-M00,4,snv,1835.9659215686277,-0.034736817954759996,difference of equal-sample representative means; not paired
B0,B0-M00,4,snv,1841.4266666666667,-0.040290198108140066,difference of equal-sample representative means; not paired
B0,B0-M00,4,snv,1846.887411764706,-0.024563230523576243,difference of equal-sample representative means; not paired
B0,B0-M00,4,snv,1852.3481568627453,-0.043204533554153074,difference of equal-sample representative means; not paired
B0,B0-M00,4,snv,1857.8089019607846,-0.04562672473823361,difference of equal-sample representative means; not paired
B0,B0-M00,4,snv,1863.269647058824,-0.04644053161841988,difference of equal-sample representative means; not paired
B0,B0-M00,4,snv,1868.730392156863,-0.04775346396691177,difference of equal-sample representative means; not paired
B0,B0-M00,4,snv,1874.191137254902,-0.04868539517186904,difference of equal-sample representative means; not paired
B0,B0-M00,4,snv,1879.6518823529414,-0.050844436362677464,difference of equal-sample representative means; not paired
B0,B0-M00,4,snv,1885.1126274509807,-0.03846484140624476,difference of equal-sample representative means; not paired
B0,B0-M00,4,snv,1890.57337254902,-0.03172458032900932,difference of equal-sample representative means; not paired
B0,B0-M00,4,snv,1896.034117647059,-0.031184876035267983,difference of equal-sample representative means; not paired
B0,B0-M00,4,snv,1901.4948627450983,-0.02223798751194661,difference of equal-sample representative means; not paired
B0,B0-M00,4,snv,1906.9556078431374,-0.012297038425007067,difference of equal-sample representative means; not paired
B0,B0-M00,4,snv,1912.4163529411767,-0.005319122163394363,difference of equal-sample representative means; not paired
B0,B0-M00,4,snv,1917.877098039216,-0.0010000691429030706,difference of equal-sample representative means; not paired
B0,B0-M00,4,snv,1923.3378431372553,-0.0013527723223953902,difference of equal-sample representative means; not paired
B0,B0-M00,4,snv,1928.7985882352943,-0.0027213484201373817,difference of equal-sample representative means; not paired
B0,B0-M00,4,snv,1934.2593333333336,-0.005233630747146778,difference of equal-sample representative means; not paired
B0,B0-M00,4,snv,1939.7200784313727,-0.009249372667104572,difference of equal-sample representative means; not paired
B0,B0-M00,4,snv,1945.180823529412,-0.012024584863661314,difference of equal-sample representative means; not paired
B0,B0-M00,4,snv,1950.6415686274513,-0.014527303174775685,difference of equal-sample representative means; not paired
B0,B0-M00,4,snv,1956.1023137254906,-0.01809460662280893,difference of equal-sample representative means; not paired
B0,B0-M00,4,snv,1961.5630588235294,-0.02860805809099065,difference of equal-sample representative means; not paired
B0,B0-M00,4,snv,1967.0238039215687,-0.060703155400785525,difference of equal-sample representative means; not paired
B0,B0-M00,4,snv,1972.484549019608,-0.0503971828914489,difference of equal-sample representative means; not paired
B0,B0-M00,4,snv,1977.9452941176473,-0.05194649385286332,difference of equal-sample representative means; not paired
B0,B0-M00,4,snv,1983.4060392156866,-0.05754244337583381,difference of equal-sample representative means; not paired
B0,B0-M00,4,snv,1988.866784313726,-0.06820972664337854,difference of equal-sample representative means; not paired
B0,B0-M00,4,snv,1994.3275294117648,-0.0796197253740829,difference of equal-sample representative means; not paired
B0,B0-M00,4,snv,1999.788274509804,-0.09009044310833136,difference of equal-sample representative means; not paired
B0,B0-M00,4,snv,2005.2490196078434,-0.10319444610186757,difference of equal-sample representative means; not paired
B0,B0-M00,4,snv,2010.7097647058827,-0.1099600696836397,difference of equal-sample representative means; not paired
B0,B0-M00,4,snv,2016.170509803922,-0.11883655110455238,difference of equal-sample representative means; not paired
B0,B0-M00,4,snv,2021.6312549019613,-0.12968204502321456,difference of equal-sample representative means; not paired
B0,B0-M00,4,snv,2027.092,-0.1368804041116961,difference of equal-sample representative means; not paired
B0,B0-M00,4,snv,2032.5527450980394,-0.14313541159877985,difference of equal-sample representative means; not paired
B0,B0-M00,4,snv,2038.0134901960787,-0.14917751494152898,difference of equal-sample representative means; not paired
B0,B0-M00,4,snv,2043.474235294118,-0.15361439779819064,difference of equal-sample representative means; not paired
B0,B0-M00,4,snv,2048.9349803921573,-0.15824017417945846,difference of equal-sample representative means; not paired
B0,B0-M00,4,snv,2054.3957254901966,-0.17304996454258403,difference of equal-sample representative means; not paired
B0,B0-M00,4,snv,2059.8564705882354,-0.1685395823026642,difference of equal-sample representative means; not paired
B0,B0-M00,4,snv,2065.3172156862747,-0.17485073544266072,difference of equal-sample representative means; not paired
B0,B0-M00,4,snv,2070.777960784314,-0.1846168304067357,difference of equal-sample representative means; not paired
B0,B0-M00,4,snv,2076.2387058823533,-0.19424941612508206,difference of equal-sample representative means; not paired
B0,B0-M00,4,snv,2081.6994509803926,-0.19993622089406649,difference of equal-sample representative means; not paired
B0,B0-M00,4,snv,2087.1601960784315,-0.19877216739486325,difference of equal-sample representative means; not paired
B0,B0-M00,4,snv,2092.6209411764708,-0.198149533991973,difference of equal-sample representative means; not paired
B0,B0-M00,4,snv,2098.08168627451,-0.22044209161575012,difference of equal-sample representative means; not paired
B0,B0-M00,4,snv,2103.5424313725493,-0.21047563178550965,difference of equal-sample representative means; not paired
B0,B0-M00,4,snv,2109.0031764705886,-0.20991759803716903,difference of equal-sample representative means; not paired
B0,B0-M00,4,snv,2114.463921568628,-0.21389667384523214,difference of equal-sample representative means; not paired
B0,B0-M00,4,snv,2119.924666666667,-0.2179653824634693,difference of equal-sample representative means; not paired
B0,B0-M00,4,snv,2125.385411764706,-0.2217020119372981,difference of equal-sample representative means; not paired
B0,B0-M00,4,snv,2130.8461568627454,-0.22391039934999868,difference of equal-sample representative means; not paired
B0,B0-M00,4,snv,2136.3069019607847,-0.22088239600360593,difference of equal-sample representative means; not paired
B0,B0-M00,4,snv,2141.767647058824,-0.2171431932630441,difference of equal-sample representative means; not paired
B0,B0-M00,4,snv,2147.2283921568633,-0.2132792384827129,difference of equal-sample representative means; not paired
B0,B0-M00,4,snv,2152.689137254902,-0.21636140454684893,difference of equal-sample representative means; not paired
B0,B0-M00,4,snv,2158.1498823529414,-0.21181193395902498,difference of equal-sample representative means; not paired
B0,B0-M00,4,snv,2163.6106274509807,-0.21235161645975187,difference of equal-sample representative means; not paired
B0,B0-M00,4,snv,2169.07137254902,-0.22122471909554442,difference of equal-sample representative means; not paired
B0,B0-M00,4,snv,2174.5321176470593,-0.20147275951500865,difference of equal-sample representative means; not paired
B0,B0-M00,4,snv,2179.992862745098,-0.20692147474210676,difference of equal-sample representative means; not paired
B0,B0-M00,4,snv,2185.4536078431374,-0.2020700343981977,difference of equal-sample representative means; not paired
B0,B0-M00,4,snv,2190.9143529411767,-0.192177744015388,difference of equal-sample representative means; not paired
B0,B0-M00,4,snv,2196.375098039216,-0.1896362124132428,difference of equal-sample representative means; not paired
B0,B0-M00,4,snv,2201.8358431372553,-0.18749513468587164,difference of equal-sample representative means; not paired
B0,B0-M00,4,snv,2207.2965882352946,-0.18331761179073935,difference of equal-sample representative means; not paired
B0,B0-M00,4,snv,2212.7573333333335,-0.18181384836857406,difference of equal-sample representative means; not paired
B0,B0-M00,4,snv,2218.2180784313728,-0.18171542334886548,difference of equal-sample representative means; not paired
B0,B0-M00,4,snv,2223.678823529412,-0.19802433789496754,difference of equal-sample representative means; not paired
B0,B0-M00,4,snv,2229.1395686274514,-0.1988194912905339,difference of equal-sample representative means; not paired
B0,B0-M00,4,snv,2234.6003137254907,-0.21011478054659238,difference of equal-sample representative means; not paired
B0,B0-M00,4,snv,2240.06105882353,-0.20377582852887743,difference of equal-sample representative means; not paired
B0,B0-M00,4,snv,2245.521803921569,-0.20040709490561648,difference of equal-sample representative means; not paired
B0,B0-M00,4,snv,2250.982549019608,-0.20584816630133607,difference of equal-sample representative means; not paired
B0,B0-M00,4,snv,2256.4432941176474,-0.1953159017124677,difference of equal-sample representative means; not paired
B0,B0-M00,4,snv,2261.9040392156867,-0.1871645695643953,difference of equal-sample representative means; not paired
B0,B0-M00,4,snv,2267.364784313726,-0.17941673671432112,difference of equal-sample representative means; not paired
B0,B0-M00,4,snv,2272.825529411765,-0.16156790306109015,difference of equal-sample representative means; not paired
B0,B0-M00,4,snv,2278.286274509804,-0.15264441121323502,difference of equal-sample representative means; not paired
B0,B0-M00,4,snv,2283.7470196078434,-0.15151138418521692,difference of equal-sample representative means; not paired
B0,B0-M00,4,snv,2289.2077647058827,-0.1589877007283942,difference of equal-sample representative means; not paired
B0,B0-M00,4,snv,2294.668509803922,-0.16408079273784493,difference of equal-sample representative means; not paired
B0,B0-M00,4,snv,2300.1292549019613,-0.1504154868744787,difference of equal-sample representative means; not paired
B0,B0-M00,4,snv,2305.59,-0.16067288647706035,difference of equal-sample representative means; not paired
B0,B0-M00,4,second_derivative,913.1,0.00010006042664185158,difference of equal-sample representative means; not paired
B0,B0-M00,4,second_derivative,918.5607450980392,0.00010006042664185158,difference of equal-sample representative means; not paired
B0,B0-M00,4,second_derivative,924.0214901960785,0.00010006042664185158,difference of equal-sample representative means; not paired
B0,B0-M00,4,second_derivative,929.4822352941177,0.00010006042664185111,difference of equal-sample representative means; not paired
B0,B0-M00,4,second_derivative,934.9429803921569,7.476220891466546e-05,difference of equal-sample representative means; not paired
B0,B0-M00,4,second_derivative,940.4037254901962,5.995855203007895e-05,difference of equal-sample representative means; not paired
B0,B0-M00,4,second_derivative,945.8644705882353,3.6864706781260794e-05,difference of equal-sample representative means; not paired
B0,B0-M00,4,second_derivative,951.3252156862745,1.8597493129448166e-05,difference of equal-sample representative means; not paired
B0,B0-M00,4,second_derivative,956.7859607843137,1.2483638793597432e-05,difference of equal-sample representative means; not paired
B0,B0-M00,4,second_derivative,962.246705882353,1.2040487483684841e-05,difference of equal-sample representative means; not paired
B0,B0-M00,4,second_derivative,967.7074509803922,1.0043937667644976e-05,difference of equal-sample representative means; not paired
B0,B0-M00,4,second_derivative,973.1681960784314,5.916121156950252e-06,difference of equal-sample representative means; not paired
B0,B0-M00,4,second_derivative,978.6289411764706,6.411091737339634e-07,difference of equal-sample representative means; not paired
B0,B0-M00,4,second_derivative,984.0896862745099,-2.4387844283272047e-08,difference of equal-sample representative means; not paired
B0,B0-M00,4,second_derivative,989.550431372549,2.449229484324374e-06,difference of equal-sample representative means; not paired
B0,B0-M00,4,second_derivative,995.0111764705882,5.405075471725608e-06,difference of equal-sample representative means; not paired
B0,B0-M00,4,second_derivative,1000.4719215686275,4.962486274905193e-06,difference of equal-sample representative means; not paired
B0,B0-M00,4,second_derivative,1005.9326666666667,3.390523739330165e-07,difference of equal-sample representative means; not paired
B0,B0-M00,4,second_derivative,1011.3934117647059,-3.6721405604706794e-06,difference of equal-sample representative means; not paired
B0,B0-M00,4,second_derivative,1016.8541568627452,-2.4969750485834025e-06,difference of equal-sample representative means; not paired
B0,B0-M00,4,second_derivative,1022.3149019607844,-2.0231036506391063e-06,difference of equal-sample representative means; not paired
B0,B0-M00,4,second_derivative,1027.7756470588236,-1.6456144685032764e-06,difference of equal-sample representative means; not paired
B0,B0-M00,4,second_derivative,1033.2363921568628,-2.4900251911964586e-06,difference of equal-sample representative means; not paired
B0,B0-M00,4,second_derivative,1038.697137254902,-2.586540278872932e-06,difference of equal-sample representative means; not paired
B0,B0-M00,4,second_derivative,1044.1578823529412,1.0395254040715543e-07,difference of equal-sample representative means; not paired
B0,B0-M00,4,second_derivative,1049.6186274509805,2.762313495314977e-06,difference of equal-sample representative means; not paired
B0,B0-M00,4,second_derivative,1055.0793725490196,1.637774248226833e-06,difference of equal-sample representative means; not paired
B0,B0-M00,4,second_derivative,1060.5401176470589,7.227498421475757e-07,difference of equal-sample representative means; not paired
B0,B0-M00,4,second_derivative,1066.0008627450982,-1.9418925559741957e-06,difference of equal-sample representative means; not paired
B0,B0-M00,4,second_derivative,1071.4616078431372,-2.881395213605567e-06,difference of equal-sample representative means; not paired
B0,B0-M00,4,second_derivative,1076.9223529411765,-2.5784696061880384e-06,difference of equal-sample representative means; not paired
B0,B0-M00,4,second_derivative,1082.3830980392158,-2.3194818069920313e-06,difference of equal-sample representative means; not paired
B0,B0-M00,4,second_derivative,1087.843843137255,-7.053380868247086e-07,difference of equal-sample representative means; not paired
B0,B0-M00,4,second_derivative,1093.3045882352942,1.954788224050406e-06,difference of equal-sample representative means; not paired
B0,B0-M00,4,second_derivative,1098.7653333333333,-2.61363174565919e-07,difference of equal-sample representative means; not paired
B0,B0-M00,4,second_derivative,1104.2260784313726,-2.0207784669658207e-06,difference of equal-sample representative means; not paired
B0,B0-M00,4,second_derivative,1109.6868235294119,-4.2565271228296465e-06,difference of equal-sample representative means; not paired
B0,B0-M00,4,second_derivative,1115.1475686274512,-5.5347191204714836e-06,difference of equal-sample representative means; not paired
B0,B0-M00,4,second_derivative,1120.6083137254902,-4.658026656793738e-06,difference of equal-sample representative means; not paired
B0,B0-M00,4,second_derivative,1126.0690588235295,-3.485927338347816e-06,difference of equal-sample representative means; not paired
B0,B0-M00,4,second_derivative,1131.5298039215686,-3.224754622522387e-06,difference of equal-sample representative means; not paired
B0,B0-M00,4,second_derivative,1136.990549019608,-8.244397533039254e-07,difference of equal-sample representative means; not paired
B0,B0-M00,4,second_derivative,1142.4512941176472,-2.4442823176976677e-06,difference of equal-sample representative means; not paired
B0,B0-M00,4,second_derivative,1147.9120392156863,-3.175828072440251e-06,difference of equal-sample representative means; not paired
B0,B0-M00,4,second_derivative,1153.3727843137256,-2.4177083636462536e-06,difference of equal-sample representative means; not paired
B0,B0-M00,4,second_derivative,1158.8335294117649,-7.244932229688702e-07,difference of equal-sample representative means; not paired
B0,B0-M00,4,second_derivative,1164.294274509804,1.3537231281673897e-06,difference of equal-sample representative means; not paired
B0,B0-M00,4,second_derivative,1169.7550196078432,2.7272650652431645e-06,difference of equal-sample representative means; not paired
B0,B0-M00,4,second_derivative,1175.2157647058825,1.5276323965104244e-07,difference of equal-sample representative means; not paired
B0,B0-M00,4,second_derivative,1180.6765098039216,-5.775060709833009e-07,difference of equal-sample representative means; not paired
B0,B0-M00,4,second_derivative,1186.137254901961,5.95336423296784e-07,difference of equal-sample representative means; not paired
B0,B0-M00,4,second_derivative,1191.598,3.160109799968402e-06,difference of equal-sample representative means; not paired
B0,B0-M00,4,second_derivative,1197.0587450980393,4.315928511163073e-06,difference of equal-sample representative means; not paired
B0,B0-M00,4,second_derivative,1202.5194901960786,3.5397105519230686e-06,difference of equal-sample representative means; not paired
B0,B0-M00,4,second_derivative,1207.9802352941178,2.5267979915442196e-06,difference of equal-sample representative means; not paired
B0,B0-M00,4,second_derivative,1213.440980392157,1.8778699816404193e-06,difference of equal-sample representative means; not paired
B0,B0-M00,4,second_derivative,1218.9017254901962,3.324908564017545e-06,difference of equal-sample representative means; not paired
B0,B0-M00,4,second_derivative,1224.3624705882353,4.900288295022885e-06,difference of equal-sample representative means; not paired
B0,B0-M00,4,second_derivative,1229.8232156862746,3.527022433506999e-06,difference of equal-sample representative means; not paired
B0,B0-M00,4,second_derivative,1235.2839607843139,6.641212850525204e-07,difference of equal-sample representative means; not paired
B0,B0-M00,4,second_derivative,1240.7447058823532,-1.2293185978443773e-06,difference of equal-sample representative means; not paired
B0,B0-M00,4,second_derivative,1246.2054509803922,-2.458214048950779e-06,difference of equal-sample representative means; not paired
B0,B0-M00,4,second_derivative,1251.6661960784315,-1.7176755576314256e-06,difference of equal-sample representative means; not paired
B0,B0-M00,4,second_derivative,1257.1269411764706,-1.2303127196204948e-06,difference of equal-sample representative means; not paired
B0,B0-M00,4,second_derivative,1262.58768627451,-3.2915955560503404e-07,difference of equal-sample representative means; not paired
B0,B0-M00,4,second_derivative,1268.0484313725492,-1.6489364529993016e-07,difference of equal-sample representative means; not paired
B0,B0-M00,4,second_derivative,1273.5091764705883,-1.96657428027999e-07,difference of equal-sample representative means; not paired
B0,B0-M00,4,second_derivative,1278.9699215686276,1.1160957403512912e-07,difference of equal-sample representative means; not paired
B0,B0-M00,4,second_derivative,1284.4306666666666,2.810065121247346e-07,difference of equal-sample representative means; not paired
B0,B0-M00,4,second_derivative,1289.891411764706,-9.050471652472918e-07,difference of equal-sample representative means; not paired
B0,B0-M00,4,second_derivative,1295.3521568627452,-1.7732980250849722e-06,difference of equal-sample representative means; not paired
B0,B0-M00,4,second_derivative,1300.8129019607845,-3.2061728937789575e-06,difference of equal-sample representative means; not paired
B0,B0-M00,4,second_derivative,1306.2736470588236,-5.022260718078844e-06,difference of equal-sample representative means; not paired
B0,B0-M00,4,second_derivative,1311.734392156863,-5.755784865045089e-06,difference of equal-sample representative means; not paired
B0,B0-M00,4,second_derivative,1317.195137254902,-6.581654096926789e-06,difference of equal-sample representative means; not paired
B0,B0-M00,4,second_derivative,1322.6558823529413,-7.086608861454801e-06,difference of equal-sample representative means; not paired
B0,B0-M00,4,second_derivative,1328.1166274509806,-6.5075087247193536e-06,difference of equal-sample representative means; not paired
B0,B0-M00,4,second_derivative,1333.5773725490199,-7.88485518101665e-06,difference of equal-sample representative means; not paired
B0,B0-M00,4,second_derivative,1339.038117647059,-5.5962049594571096e-06,difference of equal-sample representative means; not paired
B0,B0-M00,4,second_derivative,1344.4988627450982,-2.629404155143298e-06,difference of equal-sample representative means; not paired
B0,B0-M00,4,second_derivative,1349.9596078431373,9.558549245071415e-08,difference of equal-sample representative means; not paired
B0,B0-M00,4,second_derivative,1355.4203529411766,2.5167607996751085e-06,difference of equal-sample representative means; not paired
B0,B0-M00,4,second_derivative,1360.8810980392159,3.9228538601625194e-06,difference of equal-sample representative means; not paired
B0,B0-M00,4,second_derivative,1366.341843137255,2.4040112921998507e-06,difference of equal-sample representative means; not paired
B0,B0-M00,4,second_derivative,1371.8025882352943,1.7170023811629707e-06,difference of equal-sample representative means; not paired
B0,B0-M00,4,second_derivative,1377.2633333333333,-3.892067687169791e-06,difference of equal-sample representative means; not paired
B0,B0-M00,4,second_derivative,1382.7240784313726,-1.0448500025540652e-05,difference of equal-sample representative means; not paired
B0,B0-M00,4,second_derivative,1388.184823529412,-1.3600890363709659e-05,difference of equal-sample representative means; not paired
B0,B0-M00,4,second_derivative,1393.6455686274512,-1.2974777259362654e-05,difference of equal-sample representative means; not paired
B0,B0-M00,4,second_derivative,1399.1063137254903,-9.468639829564396e-06,difference of equal-sample representative means; not paired
B0,B0-M00,4,second_derivative,1404.5670588235296,-4.271866302101723e-06,difference of equal-sample representative means; not paired
B0,B0-M00,4,second_derivative,1410.0278039215686,2.2091576564707154e-06,difference of equal-sample representative means; not paired
B0,B0-M00,4,second_derivative,1415.488549019608,8.588191602337711e-06,difference of equal-sample representative means; not paired
B0,B0-M00,4,second_derivative,1420.9492941176472,1.4034236085558263e-05,difference of equal-sample representative means; not paired
B0,B0-M00,4,second_derivative,1426.4100392156865,1.565706681514115e-05,difference of equal-sample representative means; not paired
B0,B0-M00,4,second_derivative,1431.8707843137256,1.476004398121609e-05,difference of equal-sample representative means; not paired
B0,B0-M00,4,second_derivative,1437.3315294117647,1.1794071805331513e-05,difference of equal-sample representative means; not paired
B0,B0-M00,4,second_derivative,1442.792274509804,7.69604655345549e-06,difference of equal-sample representative means; not paired
B0,B0-M00,4,second_derivative,1448.2530196078433,4.588966090865439e-06,difference of equal-sample representative means; not paired
B0,B0-M00,4,second_derivative,1453.7137647058826,5.089487935390624e-06,difference of equal-sample representative means; not paired
B0,B0-M00,4,second_derivative,1459.1745098039219,1.5874253373200761e-06,difference of equal-sample representative means; not paired
B0,B0-M00,4,second_derivative,1464.635254901961,2.6414086808606142e-06,difference of equal-sample representative means; not paired
B0,B0-M00,4,second_derivative,1470.096,2.5300298926598445e-06,difference of equal-sample representative means; not paired
B0,B0-M00,4,second_derivative,1475.5567450980393,1.7230420907580575e-06,difference of equal-sample representative means; not paired
B0,B0-M00,4,second_derivative,1481.0174901960786,2.670436079211871e-06,difference of equal-sample representative means; not paired
B0,B0-M00,4,second_derivative,1486.478235294118,4.172031553172574e-06,difference of equal-sample representative means; not paired
B0,B0-M00,4,second_derivative,1491.938980392157,3.645861464513917e-07,difference of equal-sample representative means; not paired
B0,B0-M00,4,second_derivative,1497.3997254901963,1.3641515395235266e-06,difference of equal-sample representative means; not paired
B0,B0-M00,4,second_derivative,1502.8604705882353,2.6077508321581387e-06,difference of equal-sample representative means; not paired
B0,B0-M00,4,second_derivative,1508.3212156862746,-3.2628361721851833e-09,difference of equal-sample representative means; not paired
B0,B0-M00,4,second_derivative,1513.781960784314,-2.2163200757323137e-06,difference of equal-sample representative means; not paired
B0,B0-M00,4,second_derivative,1519.2427058823532,-2.4964707393752013e-06,difference of equal-sample representative means; not paired
B0,B0-M00,4,second_derivative,1524.7034509803923,-3.090802714624008e-06,difference of equal-sample representative means; not paired
B0,B0-M00,4,second_derivative,1530.1641960784316,-4.028813254396478e-06,difference of equal-sample representative means; not paired
B0,B0-M00,4,second_derivative,1535.6249411764707,-4.368500707220756e-07,difference of equal-sample representative means; not paired
B0,B0-M00,4,second_derivative,1541.08568627451,3.311938943485772e-07,difference of equal-sample representative means; not paired
B0,B0-M00,4,second_derivative,1546.5464313725493,-4.6569642240599855e-07,difference of equal-sample representative means; not paired
B0,B0-M00,4,second_derivative,1552.0071764705885,2.2734668953715453e-06,difference of equal-sample representative means; not paired
B0,B0-M00,4,second_derivative,1557.4679215686276,3.4112901861471593e-06,difference of equal-sample representative means; not paired
B0,B0-M00,4,second_derivative,1562.9286666666667,1.70698714363424e-06,difference of equal-sample representative means; not paired
B0,B0-M00,4,second_derivative,1568.389411764706,1.686266211122463e-06,difference of equal-sample representative means; not paired
B0,B0-M00,4,second_derivative,1573.8501568627453,8.685716085983192e-07,difference of equal-sample representative means; not paired
B0,B0-M00,4,second_derivative,1579.3109019607846,-2.593045328265698e-06,difference of equal-sample representative means; not paired
B0,B0-M00,4,second_derivative,1584.7716470588239,-8.309549057511907e-07,difference of equal-sample representative means; not paired
B0,B0-M00,4,second_derivative,1590.232392156863,1.088508810909374e-06,difference of equal-sample representative means; not paired
B0,B0-M00,4,second_derivative,1595.693137254902,1.935399397351476e-06,difference of equal-sample representative means; not paired
B0,B0-M00,4,second_derivative,1601.1538823529413,2.5764400649665367e-06,difference of equal-sample representative means; not paired
B0,B0-M00,4,second_derivative,1606.6146274509806,3.1002535727135494e-06,difference of equal-sample representative means; not paired
B0,B0-M00,4,second_derivative,1612.07537254902,2.938666429249365e-06,difference of equal-sample representative means; not paired
B0,B0-M00,4,second_derivative,1617.536117647059,6.221352026064904e-06,difference of equal-sample representative means; not paired
B0,B0-M00,4,second_derivative,1622.9968627450983,-1.447541719516604e-06,difference of equal-sample representative means; not paired
B0,B0-M00,4,second_derivative,1628.4576078431373,-6.801683739683615e-06,difference of equal-sample representative means; not paired
B0,B0-M00,4,second_derivative,1633.9183529411766,-8.562932448693989e-06,difference of equal-sample representative means; not paired
B0,B0-M00,4,second_derivative,1639.379098039216,-5.596758101392116e-06,difference of equal-sample representative means; not paired
B0,B0-M00,4,second_derivative,1644.8398431372552,1.6617042703075417e-06,difference of equal-sample representative means; not paired
B0,B0-M00,4,second_derivative,1650.3005882352943,6.830037761517316e-06,difference of equal-sample representative means; not paired
B0,B0-M00,4,second_derivative,1655.7613333333334,-2.3120374682783706e-06,difference of equal-sample representative means; not paired
B0,B0-M00,4,second_derivative,1661.2220784313727,-5.203314941726044e-06,difference of equal-sample representative means; not paired
B0,B0-M00,4,second_derivative,1666.682823529412,-3.7819314110186295e-06,difference of equal-sample representative means; not paired
B0,B0-M00,4,second_derivative,1672.1435686274513,-6.108290402462643e-07,difference of equal-sample representative means; not paired
B0,B0-M00,4,second_derivative,1677.6043137254906,2.1913925706833377e-06,difference of equal-sample representative means; not paired
B0,B0-M00,4,second_derivative,1683.0650588235296,2.4126010683834493e-06,difference of equal-sample representative means; not paired
B0,B0-M00,4,second_derivative,1688.5258039215687,-1.4075038178884257e-07,difference of equal-sample representative means; not paired
B0,B0-M00,4,second_derivative,1693.986549019608,-1.4361259522982757e-06,difference of equal-sample representative means; not paired
B0,B0-M00,4,second_derivative,1699.4472941176473,-1.4124813769683266e-06,difference of equal-sample representative means; not paired
B0,B0-M00,4,second_derivative,1704.9080392156866,-2.4603090252399233e-06,difference of equal-sample representative means; not paired
B0,B0-M00,4,second_derivative,1710.3687843137257,-1.5845834556661337e-06,difference of equal-sample representative means; not paired
B0,B0-M00,4,second_derivative,1715.829529411765,1.015067358444858e-06,difference of equal-sample representative means; not paired
B0,B0-M00,4,second_derivative,1721.290274509804,2.1927320345334378e-06,difference of equal-sample representative means; not paired
B0,B0-M00,4,second_derivative,1726.7510196078433,1.562511771461787e-06,difference of equal-sample representative means; not paired
B0,B0-M00,4,second_derivative,1732.2117647058826,4.970819916709258e-07,difference of equal-sample representative means; not paired
B0,B0-M00,4,second_derivative,1737.672509803922,-1.1855018298176033e-06,difference of equal-sample representative means; not paired
B0,B0-M00,4,second_derivative,1743.133254901961,-8.161659089309306e-07,difference of equal-sample representative means; not paired
B0,B0-M00,4,second_derivative,1748.594,-1.0702992490565194e-06,difference of equal-sample representative means; not paired
B0,B0-M00,4,second_derivative,1754.0547450980393,-1.7961166947591057e-06,difference of equal-sample representative means; not paired
B0,B0-M00,4,second_derivative,1759.5154901960786,-1.7716488081658458e-06,difference of equal-sample representative means; not paired
B0,B0-M00,4,second_derivative,1764.976235294118,-5.036258826561107e-07,difference of equal-sample representative means; not paired
B0,B0-M00,4,second_derivative,1770.4369803921572,1.0339899852173382e-06,difference of equal-sample representative means; not paired
B0,B0-M00,4,second_derivative,1775.8977254901963,2.1862753412662825e-06,difference of equal-sample representative means; not paired
B0,B0-M00,4,second_derivative,1781.3584705882354,1.436741607922346e-06,difference of equal-sample representative means; not paired
B0,B0-M00,4,second_derivative,1786.8192156862747,9.394720724537534e-07,difference of equal-sample representative means; not paired
B0,B0-M00,4,second_derivative,1792.279960784314,4.141352647561285e-07,difference of equal-sample representative means; not paired
B0,B0-M00,4,second_derivative,1797.7407058823533,1.0461299577562668e-06,difference of equal-sample representative means; not paired
B0,B0-M00,4,second_derivative,1803.2014509803923,1.6056335145714353e-06,difference of equal-sample representative means; not paired
B0,B0-M00,4,second_derivative,1808.6621960784316,1.4974489190495431e-06,difference of equal-sample representative means; not paired
B0,B0-M00,4,second_derivative,1814.1229411764707,1.1094369276691051e-06,difference of equal-sample representative means; not paired
B0,B0-M00,4,second_derivative,1819.58368627451,7.394558035068393e-07,difference of equal-sample representative means; not paired
B0,B0-M00,4,second_derivative,1825.0444313725493,2.8674725302116093e-07,difference of equal-sample representative means; not paired
B0,B0-M00,4,second_derivative,1830.5051764705886,-7.952845796190099e-06,difference of equal-sample representative means; not paired
B0,B0-M00,4,second_derivative,1835.9659215686277,-1.4491724235359991e-06,difference of equal-sample representative means; not paired
B0,B0-M00,4,second_derivative,1841.4266666666667,3.168616281813774e-06,difference of equal-sample representative means; not paired
B0,B0-M00,4,second_derivative,1846.887411764706,3.99823016228883e-06,difference of equal-sample representative means; not paired
B0,B0-M00,4,second_derivative,1852.3481568627453,2.3211840223743756e-06,difference of equal-sample representative means; not paired
B0,B0-M00,4,second_derivative,1857.8089019607846,-2.3265192437314783e-06,difference of equal-sample representative means; not paired
B0,B0-M00,4,second_derivative,1863.269647058824,-1.1562245910061982e-05,difference of equal-sample representative means; not paired
B0,B0-M00,4,second_derivative,1868.730392156863,-8.30392656582559e-06,difference of equal-sample representative means; not paired
B0,B0-M00,4,second_derivative,1874.191137254902,-9.38312915078924e-06,difference of equal-sample representative means; not paired
B0,B0-M00,4,second_derivative,1879.6518823529414,-7.1059296075893456e-06,difference of equal-sample representative means; not paired
B0,B0-M00,4,second_derivative,1885.1126274509807,-4.193354164133532e-06,difference of equal-sample representative means; not paired
B0,B0-M00,4,second_derivative,1890.57337254902,4.096902788982659e-07,difference of equal-sample representative means; not paired
B0,B0-M00,4,second_derivative,1896.034117647059,5.039118698054292e-06,difference of equal-sample representative means; not paired
B0,B0-M00,4,second_derivative,1901.4948627450983,5.636980595384594e-06,difference of equal-sample representative means; not paired
B0,B0-M00,4,second_derivative,1906.9556078431374,8.995728603302838e-06,difference of equal-sample representative means; not paired
B0,B0-M00,4,second_derivative,1912.4163529411767,1.0173958147528182e-05,difference of equal-sample representative means; not paired
B0,B0-M00,4,second_derivative,1917.877098039216,8.712355148731191e-06,difference of equal-sample representative means; not paired
B0,B0-M00,4,second_derivative,1923.3378431372553,4.759206263368947e-06,difference of equal-sample representative means; not paired
B0,B0-M00,4,second_derivative,1928.7985882352943,4.5905814146713535e-07,difference of equal-sample representative means; not paired
B0,B0-M00,4,second_derivative,1934.2593333333336,-2.7295596821463387e-06,difference of equal-sample representative means; not paired
B0,B0-M00,4,second_derivative,1939.7200784313727,-1.5743006147754589e-06,difference of equal-sample representative means; not paired
B0,B0-M00,4,second_derivative,1945.180823529412,1.5806874602027185e-06,difference of equal-sample representative means; not paired
B0,B0-M00,4,second_derivative,1950.6415686274513,1.2200728228564654e-05,difference of equal-sample representative means; not paired
B0,B0-M00,4,second_derivative,1956.1023137254906,6.195026995461318e-06,difference of equal-sample representative means; not paired
B0,B0-M00,4,second_derivative,1961.5630588235294,-1.203860643550342e-06,difference of equal-sample representative means; not paired
B0,B0-M00,4,second_derivative,1967.0238039215687,-6.164645129606104e-06,difference of equal-sample representative means; not paired
B0,B0-M00,4,second_derivative,1972.484549019608,-5.608719527519132e-06,difference of equal-sample representative means; not paired
B0,B0-M00,4,second_derivative,1977.9452941176473,5.835454542386201e-07,difference of equal-sample representative means; not paired
B0,B0-M00,4,second_derivative,1983.4060392156866,8.781708252447402e-06,difference of equal-sample representative means; not paired
B0,B0-M00,4,second_derivative,1988.866784313726,4.208054305561493e-06,difference of equal-sample representative means; not paired
B0,B0-M00,4,second_derivative,1994.3275294117648,1.038184964364069e-06,difference of equal-sample representative means; not paired
B0,B0-M00,4,second_derivative,1999.788274509804,-2.598426008653966e-06,difference of equal-sample representative means; not paired
B0,B0-M00,4,second_derivative,2005.2490196078434,-2.7108799563625634e-06,difference of equal-sample representative means; not paired
B0,B0-M00,4,second_derivative,2010.7097647058827,-2.7768102644081964e-06,difference of equal-sample representative means; not paired
B0,B0-M00,4,second_derivative,2016.170509803922,-2.64774889278389e-06,difference of equal-sample representative means; not paired
B0,B0-M00,4,second_derivative,2021.6312549019613,-1.5526608098661717e-06,difference of equal-sample representative means; not paired
B0,B0-M00,4,second_derivative,2027.092,-2.4299092479354407e-06,difference of equal-sample representative means; not paired
B0,B0-M00,4,second_derivative,2032.5527450980394,-2.8465606281005563e-06,difference of equal-sample representative means; not paired
B0,B0-M00,4,second_derivative,2038.0134901960787,1.674196702918488e-06,difference of equal-sample representative means; not paired
B0,B0-M00,4,second_derivative,2043.474235294118,-1.050039833803487e-06,difference of equal-sample representative means; not paired
B0,B0-M00,4,second_derivative,2048.9349803921573,-1.5747983258714998e-06,difference of equal-sample representative means; not paired
B0,B0-M00,4,second_derivative,2054.3957254901966,-5.143512012328189e-07,difference of equal-sample representative means; not paired
B0,B0-M00,4,second_derivative,2059.8564705882354,7.966656810508913e-07,difference of equal-sample representative means; not paired
B0,B0-M00,4,second_derivative,2065.3172156862747,2.446704039227823e-06,difference of equal-sample representative means; not paired
B0,B0-M00,4,second_derivative,2070.777960784314,2.2217249829735005e-06,difference of equal-sample representative means; not paired
B0,B0-M00,4,second_derivative,2076.2387058823533,-5.809191150193047e-06,difference of equal-sample representative means; not paired
B0,B0-M00,4,second_derivative,2081.6994509803926,-4.899705409816153e-07,difference of equal-sample representative means; not paired
B0,B0-M00,4,second_derivative,2087.1601960784315,-2.3783863445538964e-06,difference of equal-sample representative means; not paired
B0,B0-M00,4,second_derivative,2092.6209411764708,-3.568209400465389e-06,difference of equal-sample representative means; not paired
B0,B0-M00,4,second_derivative,2098.08168627451,-2.7065503639854924e-06,difference of equal-sample representative means; not paired
B0,B0-M00,4,second_derivative,2103.5424313725493,-1.7953551514394655e-06,difference of equal-sample representative means; not paired
B0,B0-M00,4,second_derivative,2109.0031764705886,3.3498389604473964e-07,difference of equal-sample representative means; not paired
B0,B0-M00,4,second_derivative,2114.463921568628,5.088757030293093e-06,difference of equal-sample representative means; not paired
B0,B0-M00,4,second_derivative,2119.924666666667,-4.729989332889873e-06,difference of equal-sample representative means; not paired
B0,B0-M00,4,second_derivative,2125.385411764706,-9.896708773849409e-06,difference of equal-sample representative means; not paired
B0,B0-M00,4,second_derivative,2130.8461568627454,-5.5771770223053905e-06,difference of equal-sample representative means; not paired
B0,B0-M00,4,second_derivative,2136.3069019607847,3.7957086471167733e-06,difference of equal-sample representative means; not paired
B0,B0-M00,4,second_derivative,2141.767647058824,8.182758857300493e-06,difference of equal-sample representative means; not paired
B0,B0-M00,4,second_derivative,2147.2283921568633,6.739456568666096e-06,difference of equal-sample representative means; not paired
B0,B0-M00,4,second_derivative,2152.689137254902,3.6564759082495773e-06,difference of equal-sample representative means; not paired
B0,B0-M00,4,second_derivative,2158.1498823529414,-3.8224399003544735e-06,difference of equal-sample representative means; not paired
B0,B0-M00,4,second_derivative,2163.6106274509807,-1.9197082685201303e-06,difference of equal-sample representative means; not paired
B0,B0-M00,4,second_derivative,2169.07137254902,-2.5264974922797777e-07,difference of equal-sample representative means; not paired
B0,B0-M00,4,second_derivative,2174.5321176470593,-3.418877460140431e-06,difference of equal-sample representative means; not paired
B0,B0-M00,4,second_derivative,2179.992862745098,-1.4792057139703686e-06,difference of equal-sample representative means; not paired
B0,B0-M00,4,second_derivative,2185.4536078431374,2.7157382005334027e-06,difference of equal-sample representative means; not paired
B0,B0-M00,4,second_derivative,2190.9143529411767,2.0339704798168621e-07,difference of equal-sample representative means; not paired
B0,B0-M00,4,second_derivative,2196.375098039216,3.3122317269391447e-06,difference of equal-sample representative means; not paired
B0,B0-M00,4,second_derivative,2201.8358431372553,2.93860468684415e-06,difference of equal-sample representative means; not paired
B0,B0-M00,4,second_derivative,2207.2965882352946,1.5265931265311292e-06,difference of equal-sample representative means; not paired
B0,B0-M00,4,second_derivative,2212.7573333333335,-2.576438267365013e-07,difference of equal-sample representative means; not paired
B0,B0-M00,4,second_derivative,2218.2180784313728,1.7183317374997574e-06,difference of equal-sample representative means; not paired
B0,B0-M00,4,second_derivative,2223.678823529412,-4.4306578515929124e-07,difference of equal-sample representative means; not paired
B0,B0-M00,4,second_derivative,2229.1395686274514,-7.754471641599942e-07,difference of equal-sample representative means; not paired
B0,B0-M00,4,second_derivative,2234.6003137254907,3.1242054768049833e-06,difference of equal-sample representative means; not paired
B0,B0-M00,4,second_derivative,2240.06105882353,4.977312305622095e-06,difference of equal-sample representative means; not paired
B0,B0-M00,4,second_derivative,2245.521803921569,1.0547150085808344e-05,difference of equal-sample representative means; not paired
B0,B0-M00,4,second_derivative,2250.982549019608,1.741642731059328e-05,difference of equal-sample representative means; not paired
B0,B0-M00,4,second_derivative,2256.4432941176474,1.0542460768830617e-05,difference of equal-sample representative means; not paired
B0,B0-M00,4,second_derivative,2261.9040392156867,-1.684269074470479e-06,difference of equal-sample representative means; not paired
B0,B0-M00,4,second_derivative,2267.364784313726,-1.3270913041969464e-06,difference of equal-sample representative means; not paired
B0,B0-M00,4,second_derivative,2272.825529411765,1.3744746802429815e-05,difference of equal-sample representative means; not paired
B0,B0-M00,4,second_derivative,2278.286274509804,3.232967291078755e-05,difference of equal-sample representative means; not paired
B0,B0-M00,4,second_derivative,2283.7470196078434,2.0708374772991292e-05,difference of equal-sample representative means; not paired
B0,B0-M00,4,second_derivative,2289.2077647058827,-4.460488156683854e-06,difference of equal-sample representative means; not paired
B0,B0-M00,4,second_derivative,2294.668509803922,-4.4604881566836375e-06,difference of equal-sample representative means; not paired
B0,B0-M00,4,second_derivative,2300.1292549019613,-4.4604881566836375e-06,difference of equal-sample representative means; not paired
B0,B0-M00,4,second_derivative,2305.59,-4.4604881566836375e-06,difference of equal-sample representative means; not paired
B0,B0-M00,5,reflectance,913.1,-0.06052977513924207,difference of equal-sample representative means; not paired
B0,B0-M00,5,reflectance,918.5607450980392,-0.06384461465563174,difference of equal-sample representative means; not paired
B0,B0-M00,5,reflectance,924.0214901960785,-0.0703745248037454,difference of equal-sample representative means; not paired
B0,B0-M00,5,reflectance,929.4822352941177,-0.07186818886532009,difference of equal-sample representative means; not paired
B0,B0-M00,5,reflectance,934.9429803921569,-0.07239943393836024,difference of equal-sample representative means; not paired
B0,B0-M00,5,reflectance,940.4037254901962,-0.07328535599902253,difference of equal-sample representative means; not paired
B0,B0-M00,5,reflectance,945.8644705882353,-0.07188116913289999,difference of equal-sample representative means; not paired
B0,B0-M00,5,reflectance,951.3252156862745,-0.06984979058300111,difference of equal-sample representative means; not paired
B0,B0-M00,5,reflectance,956.7859607843137,-0.067804747023813,difference of equal-sample representative means; not paired
B0,B0-M00,5,reflectance,962.246705882353,-0.06564793103463662,difference of equal-sample representative means; not paired
B0,B0-M00,5,reflectance,967.7074509803922,-0.06364537913054125,difference of equal-sample representative means; not paired
B0,B0-M00,5,reflectance,973.1681960784314,-0.061626212276256975,difference of equal-sample representative means; not paired
B0,B0-M00,5,reflectance,978.6289411764706,-0.05970224744437391,difference of equal-sample representative means; not paired
B0,B0-M00,5,reflectance,984.0896862745099,-0.058071206611503556,difference of equal-sample representative means; not paired
B0,B0-M00,5,reflectance,989.550431372549,-0.056658317954075055,difference of equal-sample representative means; not paired
B0,B0-M00,5,reflectance,995.0111764705882,-0.05569478178632781,difference of equal-sample representative means; not paired
B0,B0-M00,5,reflectance,1000.4719215686275,-0.054823244738984256,difference of equal-sample representative means; not paired
B0,B0-M00,5,reflectance,1005.9326666666667,-0.05411157823683155,difference of equal-sample representative means; not paired
B0,B0-M00,5,reflectance,1011.3934117647059,-0.05355074507301938,difference of equal-sample representative means; not paired
B0,B0-M00,5,reflectance,1016.8541568627452,-0.053080332293647725,difference of equal-sample representative means; not paired
B0,B0-M00,5,reflectance,1022.3149019607844,-0.05260976954420438,difference of equal-sample representative means; not paired
B0,B0-M00,5,reflectance,1027.7756470588236,-0.0520787449641571,difference of equal-sample representative means; not paired
B0,B0-M00,5,reflectance,1033.2363921568628,-0.051615442896206565,difference of equal-sample representative means; not paired
B0,B0-M00,5,reflectance,1038.697137254902,-0.05101234794112708,difference of equal-sample representative means; not paired
B0,B0-M00,5,reflectance,1044.1578823529412,-0.05037256463088635,difference of equal-sample representative means; not paired
B0,B0-M00,5,reflectance,1049.6186274509805,-0.049680624799983586,difference of equal-sample representative means; not paired
B0,B0-M00,5,reflectance,1055.0793725490196,-0.04893641715060704,difference of equal-sample representative means; not paired
B0,B0-M00,5,reflectance,1060.5401176470589,-0.04817495790068527,difference of equal-sample representative means; not paired
B0,B0-M00,5,reflectance,1066.0008627450982,-0.04745115973826419,difference of equal-sample representative means; not paired
B0,B0-M00,5,reflectance,1071.4616078431372,-0.04679262639300341,difference of equal-sample representative means; not paired
B0,B0-M00,5,reflectance,1076.9223529411765,-0.0462726485556646,difference of equal-sample representative means; not paired
B0,B0-M00,5,reflectance,1082.3830980392158,-0.04584439609895985,difference of equal-sample representative means; not paired
B0,B0-M00,5,reflectance,1087.843843137255,-0.04543720931356898,difference of equal-sample representative means; not paired
B0,B0-M00,5,reflectance,1093.3045882352942,-0.04496201028859159,difference of equal-sample representative means; not paired
B0,B0-M00,5,reflectance,1098.7653333333333,-0.04432450701115431,difference of equal-sample representative means; not paired
B0,B0-M00,5,reflectance,1104.2260784313726,-0.04345168198619909,difference of equal-sample representative means; not paired
B0,B0-M00,5,reflectance,1109.6868235294119,-0.04231533256605713,difference of equal-sample representative means; not paired
B0,B0-M00,5,reflectance,1115.1475686274512,-0.04087029909321538,difference of equal-sample representative means; not paired
B0,B0-M00,5,reflectance,1120.6083137254902,-0.03907709765907308,difference of equal-sample representative means; not paired
B0,B0-M00,5,reflectance,1126.0690588235295,-0.03693258154299628,difference of equal-sample representative means; not paired
B0,B0-M00,5,reflectance,1131.5298039215686,-0.034649027968482016,difference of equal-sample representative means; not paired
B0,B0-M00,5,reflectance,1136.990549019608,-0.032456774739094696,difference of equal-sample representative means; not paired
B0,B0-M00,5,reflectance,1142.4512941176472,-0.030598774498659775,difference of equal-sample representative means; not paired
B0,B0-M00,5,reflectance,1147.9120392156863,-0.029277044162509536,difference of equal-sample representative means; not paired
B0,B0-M00,5,reflectance,1153.3727843137256,-0.02829683216382195,difference of equal-sample representative means; not paired
B0,B0-M00,5,reflectance,1158.8335294117649,-0.027414679461084668,difference of equal-sample representative means; not paired
B0,B0-M00,5,reflectance,1164.294274509804,-0.026618192664417673,difference of equal-sample representative means; not paired
B0,B0-M00,5,reflectance,1169.7550196078432,-0.025861643044147842,difference of equal-sample representative means; not paired
B0,B0-M00,5,reflectance,1175.2157647058825,-0.02520070661440954,difference of equal-sample representative means; not paired
B0,B0-M00,5,reflectance,1180.6765098039216,-0.024643708219381888,difference of equal-sample representative means; not paired
B0,B0-M00,5,reflectance,1186.137254901961,-0.024136971021746167,difference of equal-sample representative means; not paired
B0,B0-M00,5,reflectance,1191.598,-0.023746668187168085,difference of equal-sample representative means; not paired
B0,B0-M00,5,reflectance,1197.0587450980393,-0.02341025009880382,difference of equal-sample representative means; not paired
B0,B0-M00,5,reflectance,1202.5194901960786,-0.02322979908866052,difference of equal-sample representative means; not paired
B0,B0-M00,5,reflectance,1207.9802352941178,-0.02318012215474652,difference of equal-sample representative means; not paired
B0,B0-M00,5,reflectance,1213.440980392157,-0.023270998486739858,difference of equal-sample representative means; not paired
B0,B0-M00,5,reflectance,1218.9017254901962,-0.023316105376016916,difference of equal-sample representative means; not paired
B0,B0-M00,5,reflectance,1224.3624705882353,-0.023175426699636126,difference of equal-sample representative means; not paired
B0,B0-M00,5,reflectance,1229.8232156862746,-0.02310955787180835,difference of equal-sample representative means; not paired
B0,B0-M00,5,reflectance,1235.2839607843139,-0.022955464479174292,difference of equal-sample representative means; not paired
B0,B0-M00,5,reflectance,1240.7447058823532,-0.02276184047217289,difference of equal-sample representative means; not paired
B0,B0-M00,5,reflectance,1246.2054509803922,-0.02251784581425964,difference of equal-sample representative means; not paired
B0,B0-M00,5,reflectance,1251.6661960784315,-0.02227250835528405,difference of equal-sample representative means; not paired
B0,B0-M00,5,reflectance,1257.1269411764706,-0.022022662599333165,difference of equal-sample representative means; not paired
B0,B0-M00,5,reflectance,1262.58768627451,-0.021800641004353305,difference of equal-sample representative means; not paired
B0,B0-M00,5,reflectance,1268.0484313725492,-0.02167679846263104,difference of equal-sample representative means; not paired
B0,B0-M00,5,reflectance,1273.5091764705883,-0.021392625513010577,difference of equal-sample representative means; not paired
B0,B0-M00,5,reflectance,1278.9699215686276,-0.021177653171146615,difference of equal-sample representative means; not paired
B0,B0-M00,5,reflectance,1284.4306666666666,-0.020824048919762417,difference of equal-sample representative means; not paired
B0,B0-M00,5,reflectance,1289.891411764706,-0.020420820135300777,difference of equal-sample representative means; not paired
B0,B0-M00,5,reflectance,1295.3521568627452,-0.020052636863398865,difference of equal-sample representative means; not paired
B0,B0-M00,5,reflectance,1300.8129019607845,-0.019775974920666517,difference of equal-sample representative means; not paired
B0,B0-M00,5,reflectance,1306.2736470588236,-0.019589852768690186,difference of equal-sample representative means; not paired
B0,B0-M00,5,reflectance,1311.734392156863,-0.019393363957180165,difference of equal-sample representative means; not paired
B0,B0-M00,5,reflectance,1317.195137254902,-0.0190794593334479,difference of equal-sample representative means; not paired
B0,B0-M00,5,reflectance,1322.6558823529413,-0.018880371687005515,difference of equal-sample representative means; not paired
B0,B0-M00,5,reflectance,1328.1166274509806,-0.018772832340254397,difference of equal-sample representative means; not paired
B0,B0-M00,5,reflectance,1333.5773725490199,-0.018741317295952076,difference of equal-sample representative means; not paired
B0,B0-M00,5,reflectance,1339.038117647059,-0.018778308296511947,difference of equal-sample representative means; not paired
B0,B0-M00,5,reflectance,1344.4988627450982,-0.018918016813775917,difference of equal-sample representative means; not paired
B0,B0-M00,5,reflectance,1349.9596078431373,-0.01925122572974869,difference of equal-sample representative means; not paired
B0,B0-M00,5,reflectance,1355.4203529411766,-0.01979609271087357,difference of equal-sample representative means; not paired
B0,B0-M00,5,reflectance,1360.8810980392159,-0.02057112952651252,difference of equal-sample representative means; not paired
B0,B0-M00,5,reflectance,1366.341843137255,-0.02119567607373063,difference of equal-sample representative means; not paired
B0,B0-M00,5,reflectance,1371.8025882352943,-0.021610600718763084,difference of equal-sample representative means; not paired
B0,B0-M00,5,reflectance,1377.2633333333333,-0.02189347213824988,difference of equal-sample representative means; not paired
B0,B0-M00,5,reflectance,1382.7240784313726,-0.02214444775331026,difference of equal-sample representative means; not paired
B0,B0-M00,5,reflectance,1388.184823529412,-0.022406533763383307,difference of equal-sample representative means; not paired
B0,B0-M00,5,reflectance,1393.6455686274512,-0.022649874191836283,difference of equal-sample representative means; not paired
B0,B0-M00,5,reflectance,1399.1063137254903,-0.023286055061823463,difference of equal-sample representative means; not paired
B0,B0-M00,5,reflectance,1404.5670588235296,-0.02404907182054139,difference of equal-sample representative means; not paired
B0,B0-M00,5,reflectance,1410.0278039215686,-0.024821861636635856,difference of equal-sample representative means; not paired
B0,B0-M00,5,reflectance,1415.488549019608,-0.02552933980992733,difference of equal-sample representative means; not paired
B0,B0-M00,5,reflectance,1420.9492941176472,-0.02611813598184526,difference of equal-sample representative means; not paired
B0,B0-M00,5,reflectance,1426.4100392156865,-0.02655702405711685,difference of equal-sample representative means; not paired
B0,B0-M00,5,reflectance,1431.8707843137256,-0.026854142514299406,difference of equal-sample representative means; not paired
B0,B0-M00,5,reflectance,1437.3315294117647,-0.02710476366643544,difference of equal-sample representative means; not paired
B0,B0-M00,5,reflectance,1442.792274509804,-0.027325481598855617,difference of equal-sample representative means; not paired
B0,B0-M00,5,reflectance,1448.2530196078433,-0.027473505821147548,difference of equal-sample representative means; not paired
B0,B0-M00,5,reflectance,1453.7137647058826,-0.027663629150890545,difference of equal-sample representative means; not paired
B0,B0-M00,5,reflectance,1459.1745098039219,-0.027894614156174502,difference of equal-sample representative means; not paired
B0,B0-M00,5,reflectance,1464.635254901961,-0.02813024758039756,difference of equal-sample representative means; not paired
B0,B0-M00,5,reflectance,1470.096,-0.0284104674285246,difference of equal-sample representative means; not paired
B0,B0-M00,5,reflectance,1475.5567450980393,-0.028830928210529294,difference of equal-sample representative means; not paired
B0,B0-M00,5,reflectance,1481.0174901960786,-0.02920336186455219,difference of equal-sample representative means; not paired
B0,B0-M00,5,reflectance,1486.478235294118,-0.02951081699792002,difference of equal-sample representative means; not paired
B0,B0-M00,5,reflectance,1491.938980392157,-0.029770945683597227,difference of equal-sample representative means; not paired
B0,B0-M00,5,reflectance,1497.3997254901963,-0.03001096515009316,difference of equal-sample representative means; not paired
B0,B0-M00,5,reflectance,1502.8604705882353,-0.03022279311193754,difference of equal-sample representative means; not paired
B0,B0-M00,5,reflectance,1508.3212156862746,-0.030368972352896983,difference of equal-sample representative means; not paired
B0,B0-M00,5,reflectance,1513.781960784314,-0.030439502412485386,difference of equal-sample representative means; not paired
B0,B0-M00,5,reflectance,1519.2427058823532,-0.03061279809201528,difference of equal-sample representative means; not paired
B0,B0-M00,5,reflectance,1524.7034509803923,-0.03070649375665946,difference of equal-sample representative means; not paired
B0,B0-M00,5,reflectance,1530.1641960784316,-0.03079528167607165,difference of equal-sample representative means; not paired
B0,B0-M00,5,reflectance,1535.6249411764707,-0.030834996030252193,difference of equal-sample representative means; not paired
B0,B0-M00,5,reflectance,1541.08568627451,-0.030846381117962673,difference of equal-sample representative means; not paired
B0,B0-M00,5,reflectance,1546.5464313725493,-0.030856837050532326,difference of equal-sample representative means; not paired
B0,B0-M00,5,reflectance,1552.0071764705885,-0.03082200659508294,difference of equal-sample representative means; not paired
B0,B0-M00,5,reflectance,1557.4679215686276,-0.030701963738872018,difference of equal-sample representative means; not paired
B0,B0-M00,5,reflectance,1562.9286666666667,-0.030795475079935353,difference of equal-sample representative means; not paired
B0,B0-M00,5,reflectance,1568.389411764706,-0.03089154296645641,difference of equal-sample representative means; not paired
B0,B0-M00,5,reflectance,1573.8501568627453,-0.03090767649255305,difference of equal-sample representative means; not paired
B0,B0-M00,5,reflectance,1579.3109019607846,-0.0309197721292801,difference of equal-sample representative means; not paired
B0,B0-M00,5,reflectance,1584.7716470588239,-0.030968992542273033,difference of equal-sample representative means; not paired
B0,B0-M00,5,reflectance,1590.232392156863,-0.031017309706587226,difference of equal-sample representative means; not paired
B0,B0-M00,5,reflectance,1595.693137254902,-0.031062665759022112,difference of equal-sample representative means; not paired
B0,B0-M00,5,reflectance,1601.1538823529413,-0.030992369197434033,difference of equal-sample representative means; not paired
B0,B0-M00,5,reflectance,1606.6146274509806,-0.03085018375573345,difference of equal-sample representative means; not paired
B0,B0-M00,5,reflectance,1612.07537254902,-0.030684611485868096,difference of equal-sample representative means; not paired
B0,B0-M00,5,reflectance,1617.536117647059,-0.030479958054677347,difference of equal-sample representative means; not paired
B0,B0-M00,5,reflectance,1622.9968627450983,-0.030252669857770254,difference of equal-sample representative means; not paired
B0,B0-M00,5,reflectance,1628.4576078431373,-0.030016177475603756,difference of equal-sample representative means; not paired
B0,B0-M00,5,reflectance,1633.9183529411766,-0.02975076676433891,difference of equal-sample representative means; not paired
B0,B0-M00,5,reflectance,1639.379098039216,-0.029530380338739615,difference of equal-sample representative means; not paired
B0,B0-M00,5,reflectance,1644.8398431372552,-0.029442410796406637,difference of equal-sample representative means; not paired
B0,B0-M00,5,reflectance,1650.3005882352943,-0.029376026269776256,difference of equal-sample representative means; not paired
B0,B0-M00,5,reflectance,1655.7613333333334,-0.029139988302353315,difference of equal-sample representative means; not paired
B0,B0-M00,5,reflectance,1661.2220784313727,-0.028711570755153903,difference of equal-sample representative means; not paired
B0,B0-M00,5,reflectance,1666.682823529412,-0.028124162206089487,difference of equal-sample representative means; not paired
B0,B0-M00,5,reflectance,1672.1435686274513,-0.02747164411299302,difference of equal-sample representative means; not paired
B0,B0-M00,5,reflectance,1677.6043137254906,-0.02702076122166669,difference of equal-sample representative means; not paired
B0,B0-M00,5,reflectance,1683.0650588235296,-0.026731432706979197,difference of equal-sample representative means; not paired
B0,B0-M00,5,reflectance,1688.5258039215687,-0.026649585167419054,difference of equal-sample representative means; not paired
B0,B0-M00,5,reflectance,1693.986549019608,-0.02660529809076473,difference of equal-sample representative means; not paired
B0,B0-M00,5,reflectance,1699.4472941176473,-0.026674049315847992,difference of equal-sample representative means; not paired
B0,B0-M00,5,reflectance,1704.9080392156866,-0.026877556395121294,difference of equal-sample representative means; not paired
B0,B0-M00,5,reflectance,1710.3687843137257,-0.027107198754944772,difference of equal-sample representative means; not paired
B0,B0-M00,5,reflectance,1715.829529411765,-0.027204224051438297,difference of equal-sample representative means; not paired
B0,B0-M00,5,reflectance,1721.290274509804,-0.027275967066260176,difference of equal-sample representative means; not paired
B0,B0-M00,5,reflectance,1726.7510196078433,-0.027455520811623613,difference of equal-sample representative means; not paired
B0,B0-M00,5,reflectance,1732.2117647058826,-0.027697198686132074,difference of equal-sample representative means; not paired
B0,B0-M00,5,reflectance,1737.672509803922,-0.02785586112139582,difference of equal-sample representative means; not paired
B0,B0-M00,5,reflectance,1743.133254901961,-0.027965750900271924,difference of equal-sample representative means; not paired
B0,B0-M00,5,reflectance,1748.594,-0.02809334872147551,difference of equal-sample representative means; not paired
B0,B0-M00,5,reflectance,1754.0547450980393,-0.028224328311659108,difference of equal-sample representative means; not paired
B0,B0-M00,5,reflectance,1759.5154901960786,-0.02824572993721658,difference of equal-sample representative means; not paired
B0,B0-M00,5,reflectance,1764.976235294118,-0.028275449692462706,difference of equal-sample representative means; not paired
B0,B0-M00,5,reflectance,1770.4369803921572,-0.028366042473782715,difference of equal-sample representative means; not paired
B0,B0-M00,5,reflectance,1775.8977254901963,-0.028455342964908148,difference of equal-sample representative means; not paired
B0,B0-M00,5,reflectance,1781.3584705882354,-0.02857984908471317,difference of equal-sample representative means; not paired
B0,B0-M00,5,reflectance,1786.8192156862747,-0.02869752844335588,difference of equal-sample representative means; not paired
B0,B0-M00,5,reflectance,1792.279960784314,-0.028775610690359055,difference of equal-sample representative means; not paired
B0,B0-M00,5,reflectance,1797.7407058823533,-0.02886950949932021,difference of equal-sample representative means; not paired
B0,B0-M00,5,reflectance,1803.2014509803923,-0.029040359766958845,difference of equal-sample representative means; not paired
B0,B0-M00,5,reflectance,1808.6621960784316,-0.029138532234977754,difference of equal-sample representative means; not paired
B0,B0-M00,5,reflectance,1814.1229411764707,-0.029292072239258615,difference of equal-sample representative means; not paired
B0,B0-M00,5,reflectance,1819.58368627451,-0.029529977492606163,difference of equal-sample representative means; not paired
B0,B0-M00,5,reflectance,1825.0444313725493,-0.029721723576293213,difference of equal-sample representative means; not paired
B0,B0-M00,5,reflectance,1830.5051764705886,-0.02982560547335794,difference of equal-sample representative means; not paired
B0,B0-M00,5,reflectance,1835.9659215686277,-0.029915844707321837,difference of equal-sample representative means; not paired
B0,B0-M00,5,reflectance,1841.4266666666667,-0.030046781479911244,difference of equal-sample representative means; not paired
B0,B0-M00,5,reflectance,1846.887411764706,-0.030096792663112604,difference of equal-sample representative means; not paired
B0,B0-M00,5,reflectance,1852.3481568627453,-0.030041435789234405,difference of equal-sample representative means; not paired
B0,B0-M00,5,reflectance,1857.8089019607846,-0.030043730957804438,difference of equal-sample representative means; not paired
B0,B0-M00,5,reflectance,1863.269647058824,-0.03009044164512542,difference of equal-sample representative means; not paired
B0,B0-M00,5,reflectance,1868.730392156863,-0.03024946650902005,difference of equal-sample representative means; not paired
B0,B0-M00,5,reflectance,1874.191137254902,-0.030435243202434403,difference of equal-sample representative means; not paired
B0,B0-M00,5,reflectance,1879.6518823529414,-0.030399730723045526,difference of equal-sample representative means; not paired
B0,B0-M00,5,reflectance,1885.1126274509807,-0.030159340518336186,difference of equal-sample representative means; not paired
B0,B0-M00,5,reflectance,1890.57337254902,-0.029757642789701,difference of equal-sample representative means; not paired
B0,B0-M00,5,reflectance,1896.034117647059,-0.02888809972606826,difference of equal-sample representative means; not paired
B0,B0-M00,5,reflectance,1901.4948627450983,-0.028102934842775762,difference of equal-sample representative means; not paired
B0,B0-M00,5,reflectance,1906.9556078431374,-0.02736551609422605,difference of equal-sample representative means; not paired
B0,B0-M00,5,reflectance,1912.4163529411767,-0.026592788032263004,difference of equal-sample representative means; not paired
B0,B0-M00,5,reflectance,1917.877098039216,-0.025824527546477627,difference of equal-sample representative means; not paired
B0,B0-M00,5,reflectance,1923.3378431372553,-0.025193101259596895,difference of equal-sample representative means; not paired
B0,B0-M00,5,reflectance,1928.7985882352943,-0.02483386371805485,difference of equal-sample representative means; not paired
B0,B0-M00,5,reflectance,1934.2593333333336,-0.024701700048109954,difference of equal-sample representative means; not paired
B0,B0-M00,5,reflectance,1939.7200784313727,-0.024848959695114248,difference of equal-sample representative means; not paired
B0,B0-M00,5,reflectance,1945.180823529412,-0.02509294497430664,difference of equal-sample representative means; not paired
B0,B0-M00,5,reflectance,1950.6415686274513,-0.02540618632412256,difference of equal-sample representative means; not paired
B0,B0-M00,5,reflectance,1956.1023137254906,-0.02580648057837881,difference of equal-sample representative means; not paired
B0,B0-M00,5,reflectance,1961.5630588235294,-0.0262622372374402,difference of equal-sample representative means; not paired
B0,B0-M00,5,reflectance,1967.0238039215687,-0.0266759975112848,difference of equal-sample representative means; not paired
B0,B0-M00,5,reflectance,1972.484549019608,-0.026924885022521106,difference of equal-sample representative means; not paired
B0,B0-M00,5,reflectance,1977.9452941176473,-0.02736190738394323,difference of equal-sample representative means; not paired
B0,B0-M00,5,reflectance,1983.4060392156866,-0.027646137658987047,difference of equal-sample representative means; not paired
B0,B0-M00,5,reflectance,1988.866784313726,-0.027933082224482986,difference of equal-sample representative means; not paired
B0,B0-M00,5,reflectance,1994.3275294117648,-0.02814106438617492,difference of equal-sample representative means; not paired
B0,B0-M00,5,reflectance,1999.788274509804,-0.028226275089893005,difference of equal-sample representative means; not paired
B0,B0-M00,5,reflectance,2005.2490196078434,-0.028327459122035936,difference of equal-sample representative means; not paired
B0,B0-M00,5,reflectance,2010.7097647058827,-0.028188552058852012,difference of equal-sample representative means; not paired
B0,B0-M00,5,reflectance,2016.170509803922,-0.028286037282459153,difference of equal-sample representative means; not paired
B0,B0-M00,5,reflectance,2021.6312549019613,-0.028059676201006356,difference of equal-sample representative means; not paired
B0,B0-M00,5,reflectance,2027.092,-0.0278751885583729,difference of equal-sample representative means; not paired
B0,B0-M00,5,reflectance,2032.5527450980394,-0.027705298113648302,difference of equal-sample representative means; not paired
B0,B0-M00,5,reflectance,2038.0134901960787,-0.027521280956104455,difference of equal-sample representative means; not paired
B0,B0-M00,5,reflectance,2043.474235294118,-0.02736517667787841,difference of equal-sample representative means; not paired
B0,B0-M00,5,reflectance,2048.9349803921573,-0.027257877387870222,difference of equal-sample representative means; not paired
B0,B0-M00,5,reflectance,2054.3957254901966,-0.027221273121759093,difference of equal-sample representative means; not paired
B0,B0-M00,5,reflectance,2059.8564705882354,-0.027139468749704132,difference of equal-sample representative means; not paired
B0,B0-M00,5,reflectance,2065.3172156862747,-0.027098937115541455,difference of equal-sample representative means; not paired
B0,B0-M00,5,reflectance,2070.777960784314,-0.02707540872448022,difference of equal-sample representative means; not paired
B0,B0-M00,5,reflectance,2076.2387058823533,-0.027046100342133728,difference of equal-sample representative means; not paired
B0,B0-M00,5,reflectance,2081.6994509803926,-0.027067689160414965,difference of equal-sample representative means; not paired
B0,B0-M00,5,reflectance,2087.1601960784315,-0.02718014367745092,difference of equal-sample representative means; not paired
B0,B0-M00,5,reflectance,2092.6209411764708,-0.0272039548786156,difference of equal-sample representative means; not paired
B0,B0-M00,5,reflectance,2098.08168627451,-0.027186807107639432,difference of equal-sample representative means; not paired
B0,B0-M00,5,reflectance,2103.5424313725493,-0.027280171110800833,difference of equal-sample representative means; not paired
B0,B0-M00,5,reflectance,2109.0031764705886,-0.027459109484216593,difference of equal-sample representative means; not paired
B0,B0-M00,5,reflectance,2114.463921568628,-0.027651892962722635,difference of equal-sample representative means; not paired
B0,B0-M00,5,reflectance,2119.924666666667,-0.0278225952737281,difference of equal-sample representative means; not paired
B0,B0-M00,5,reflectance,2125.385411764706,-0.027933075587825484,difference of equal-sample representative means; not paired
B0,B0-M00,5,reflectance,2130.8461568627454,-0.02794660694639911,difference of equal-sample representative means; not paired
B0,B0-M00,5,reflectance,2136.3069019607847,-0.027954575218951894,difference of equal-sample representative means; not paired
B0,B0-M00,5,reflectance,2141.767647058824,-0.027932133101514545,difference of equal-sample representative means; not paired
B0,B0-M00,5,reflectance,2147.2283921568633,-0.027937026482567462,difference of equal-sample representative means; not paired
B0,B0-M00,5,reflectance,2152.689137254902,-0.028119378181329258,difference of equal-sample representative means; not paired
B0,B0-M00,5,reflectance,2158.1498823529414,-0.028171613917253424,difference of equal-sample representative means; not paired
B0,B0-M00,5,reflectance,2163.6106274509807,-0.028191290245450307,difference of equal-sample representative means; not paired
B0,B0-M00,5,reflectance,2169.07137254902,-0.028397195429388178,difference of equal-sample representative means; not paired
B0,B0-M00,5,reflectance,2174.5321176470593,-0.02860048027175377,difference of equal-sample representative means; not paired
B0,B0-M00,5,reflectance,2179.992862745098,-0.028768467719845814,difference of equal-sample representative means; not paired
B0,B0-M00,5,reflectance,2185.4536078431374,-0.028850729441438017,difference of equal-sample representative means; not paired
B0,B0-M00,5,reflectance,2190.9143529411767,-0.029006233176293694,difference of equal-sample representative means; not paired
B0,B0-M00,5,reflectance,2196.375098039216,-0.029078175838044396,difference of equal-sample representative means; not paired
B0,B0-M00,5,reflectance,2201.8358431372553,-0.029119379156704817,difference of equal-sample representative means; not paired
B0,B0-M00,5,reflectance,2207.2965882352946,-0.029121599293230882,difference of equal-sample representative means; not paired
B0,B0-M00,5,reflectance,2212.7573333333335,-0.029107298421304217,difference of equal-sample representative means; not paired
B0,B0-M00,5,reflectance,2218.2180784313728,-0.029355146785349895,difference of equal-sample representative means; not paired
B0,B0-M00,5,reflectance,2223.678823529412,-0.029179003869042153,difference of equal-sample representative means; not paired
B0,B0-M00,5,reflectance,2229.1395686274514,-0.0289775536981155,difference of equal-sample representative means; not paired
B0,B0-M00,5,reflectance,2234.6003137254907,-0.028561687197426466,difference of equal-sample representative means; not paired
B0,B0-M00,5,reflectance,2240.06105882353,-0.028265982295011538,difference of equal-sample representative means; not paired
B0,B0-M00,5,reflectance,2245.521803921569,-0.02789283115147001,difference of equal-sample representative means; not paired
B0,B0-M00,5,reflectance,2250.982549019608,-0.027295977808486638,difference of equal-sample representative means; not paired
B0,B0-M00,5,reflectance,2256.4432941176474,-0.026597280890212627,difference of equal-sample representative means; not paired
B0,B0-M00,5,reflectance,2261.9040392156867,-0.025634756112046686,difference of equal-sample representative means; not paired
B0,B0-M00,5,reflectance,2267.364784313726,-0.024766588200182293,difference of equal-sample representative means; not paired
B0,B0-M00,5,reflectance,2272.825529411765,-0.024045564125648344,difference of equal-sample representative means; not paired
B0,B0-M00,5,reflectance,2278.286274509804,-0.023724815934798388,difference of equal-sample representative means; not paired
B0,B0-M00,5,reflectance,2283.7470196078434,-0.02347406655937781,difference of equal-sample representative means; not paired
B0,B0-M00,5,reflectance,2289.2077647058827,-0.023185091593971502,difference of equal-sample representative means; not paired
B0,B0-M00,5,reflectance,2294.668509803922,-0.022933065464984442,difference of equal-sample representative means; not paired
B0,B0-M00,5,reflectance,2300.1292549019613,-0.02269012002421497,difference of equal-sample representative means; not paired
B0,B0-M00,5,reflectance,2305.59,-0.02210405497923701,difference of equal-sample representative means; not paired
B0,B0-M00,5,snv,913.1,-0.16130154565515636,difference of equal-sample representative means; not paired
B0,B0-M00,5,snv,918.5607450980392,-0.18323151364731938,difference of equal-sample representative means; not paired
B0,B0-M00,5,snv,924.0214901960785,-0.21935965350478426,difference of equal-sample representative means; not paired
B0,B0-M00,5,snv,929.4822352941177,-0.22489872681450673,difference of equal-sample representative means; not paired
B0,B0-M00,5,snv,934.9429803921569,-0.2252746726837016,difference of equal-sample representative means; not paired
B0,B0-M00,5,snv,940.4037254901962,-0.22838766296269486,difference of equal-sample representative means; not paired
B0,B0-M00,5,snv,945.8644705882353,-0.2184787642623831,difference of equal-sample representative means; not paired
B0,B0-M00,5,snv,951.3252156862745,-0.20554140781997354,difference of equal-sample representative means; not paired
B0,B0-M00,5,snv,956.7859607843137,-0.19258541834247578,difference of equal-sample representative means; not paired
B0,B0-M00,5,snv,962.246705882353,-0.17907499284406314,difference of equal-sample representative means; not paired
B0,B0-M00,5,snv,967.7074509803922,-0.16684908988647673,difference of equal-sample representative means; not paired
B0,B0-M00,5,snv,973.1681960784314,-0.15456306984756463,difference of equal-sample representative means; not paired
B0,B0-M00,5,snv,978.6289411764706,-0.14281864488088214,difference of equal-sample representative means; not paired
B0,B0-M00,5,snv,984.0896862745099,-0.13278790795217676,difference of equal-sample representative means; not paired
B0,B0-M00,5,snv,989.550431372549,-0.12372299405823584,difference of equal-sample representative means; not paired
B0,B0-M00,5,snv,995.0111764705882,-0.11729700748239869,difference of equal-sample representative means; not paired
B0,B0-M00,5,snv,1000.4719215686275,-0.1113815843259287,difference of equal-sample representative means; not paired
B0,B0-M00,5,snv,1005.9326666666667,-0.10622737079088895,difference of equal-sample representative means; not paired
B0,B0-M00,5,snv,1011.3934117647059,-0.10186193586061876,difference of equal-sample representative means; not paired
B0,B0-M00,5,snv,1016.8541568627452,-0.0979951302553741,difference of equal-sample representative means; not paired
B0,B0-M00,5,snv,1022.3149019607844,-0.09409402186966265,difference of equal-sample representative means; not paired
B0,B0-M00,5,snv,1027.7756470588236,-0.08978597547586165,difference of equal-sample representative means; not paired
B0,B0-M00,5,snv,1033.2363921568628,-0.08599828286805944,difference of equal-sample representative means; not paired
B0,B0-M00,5,snv,1038.697137254902,-0.08125637852493917,difference of equal-sample representative means; not paired
B0,B0-M00,5,snv,1044.1578823529412,-0.07629345640509588,difference of equal-sample representative means; not paired
B0,B0-M00,5,snv,1049.6186274509805,-0.07114933843465465,difference of equal-sample representative means; not paired
B0,B0-M00,5,snv,1055.0793725490196,-0.06568916035512196,difference of equal-sample representative means; not paired
B0,B0-M00,5,snv,1060.5401176470589,-0.06009088890619996,difference of equal-sample representative means; not paired
B0,B0-M00,5,snv,1066.0008627450982,-0.054773610654346605,difference of equal-sample representative means; not paired
B0,B0-M00,5,snv,1071.4616078431372,-0.04971387331660715,difference of equal-sample representative means; not paired
B0,B0-M00,5,snv,1076.9223529411765,-0.04546681436717637,difference of equal-sample representative means; not paired
B0,B0-M00,5,snv,1082.3830980392158,-0.041796806691183575,difference of equal-sample representative means; not paired
B0,B0-M00,5,snv,1087.843843137255,-0.03833216429033759,difference of equal-sample representative means; not paired
B0,B0-M00,5,snv,1093.3045882352942,-0.03451912792734557,difference of equal-sample representative means; not paired
B0,B0-M00,5,snv,1098.7653333333333,-0.029785064700244668,difference of equal-sample representative means; not paired
B0,B0-M00,5,snv,1104.2260784313726,-0.023745306477576555,difference of equal-sample representative means; not paired
B0,B0-M00,5,snv,1109.6868235294119,-0.016353887724277705,difference of equal-sample representative means; not paired
B0,B0-M00,5,snv,1115.1475686274512,-0.007473266064977224,difference of equal-sample representative means; not paired
B0,B0-M00,5,snv,1120.6083137254902,0.002848817632049583,difference of equal-sample representative means; not paired
B0,B0-M00,5,snv,1126.0690588235295,0.014818709112271122,difference of equal-sample representative means; not paired
B0,B0-M00,5,snv,1131.5298039215686,0.027328642556318394,difference of equal-sample representative means; not paired
B0,B0-M00,5,snv,1136.990549019608,0.03930313804675456,difference of equal-sample representative means; not paired
B0,B0-M00,5,snv,1142.4512941176472,0.04939318592302744,difference of equal-sample representative means; not paired
B0,B0-M00,5,snv,1147.9120392156863,0.05610265912441248,difference of equal-sample representative means; not paired
B0,B0-M00,5,snv,1153.3727843137256,0.060439814259026114,difference of equal-sample representative means; not paired
B0,B0-M00,5,snv,1158.8335294117649,0.06396689613296536,difference of equal-sample representative means; not paired
B0,B0-M00,5,snv,1164.294274509804,0.0671687313616447,difference of equal-sample representative means; not paired
B0,B0-M00,5,snv,1169.7550196078432,0.07053788798440541,difference of equal-sample representative means; not paired
B0,B0-M00,5,snv,1175.2157647058825,0.07351365385997433,difference of equal-sample representative means; not paired
B0,B0-M00,5,snv,1180.6765098039216,0.07578508345286616,difference of equal-sample representative means; not paired
B0,B0-M00,5,snv,1186.137254901961,0.07761535752815196,difference of equal-sample representative means; not paired
B0,B0-M00,5,snv,1191.598,0.07866834695591396,difference of equal-sample representative means; not paired
B0,B0-M00,5,snv,1197.0587450980393,0.08017882235791007,difference of equal-sample representative means; not paired
B0,B0-M00,5,snv,1202.5194901960786,0.08116418577673623,difference of equal-sample representative means; not paired
B0,B0-M00,5,snv,1207.9802352941178,0.08148680020931809,difference of equal-sample representative means; not paired
B0,B0-M00,5,snv,1213.440980392157,0.08096039756704299,difference of equal-sample representative means; not paired
B0,B0-M00,5,snv,1218.9017254901962,0.08103654818289807,difference of equal-sample representative means; not paired
B0,B0-M00,5,snv,1224.3624705882353,0.08282917265706491,difference of equal-sample representative means; not paired
B0,B0-M00,5,snv,1229.8232156862746,0.08427411324798095,difference of equal-sample representative means; not paired
B0,B0-M00,5,snv,1235.2839607843139,0.08639425552169921,difference of equal-sample representative means; not paired
B0,B0-M00,5,snv,1240.7447058823532,0.08903767578199395,difference of equal-sample representative means; not paired
B0,B0-M00,5,snv,1246.2054509803922,0.09177867275826923,difference of equal-sample representative means; not paired
B0,B0-M00,5,snv,1251.6661960784315,0.09434021047403718,difference of equal-sample representative means; not paired
B0,B0-M00,5,snv,1257.1269411764706,0.09681175063151137,difference of equal-sample representative means; not paired
B0,B0-M00,5,snv,1262.58768627451,0.09894840200035926,difference of equal-sample representative means; not paired
B0,B0-M00,5,snv,1268.0484313725492,0.10024134698000653,difference of equal-sample representative means; not paired
B0,B0-M00,5,snv,1273.5091764705883,0.10279530184055696,difference of equal-sample representative means; not paired
B0,B0-M00,5,snv,1278.9699215686276,0.10497104431545656,difference of equal-sample representative means; not paired
B0,B0-M00,5,snv,1284.4306666666666,0.10820292969277112,difference of equal-sample representative means; not paired
B0,B0-M00,5,snv,1289.891411764706,0.11175878986303256,difference of equal-sample representative means; not paired
B0,B0-M00,5,snv,1295.3521568627452,0.11498236839229925,difference of equal-sample representative means; not paired
B0,B0-M00,5,snv,1300.8129019607845,0.11733057935585878,difference of equal-sample representative means; not paired
B0,B0-M00,5,snv,1306.2736470588236,0.11864120825114721,difference of equal-sample representative means; not paired
B0,B0-M00,5,snv,1311.734392156863,0.11968581839007286,difference of equal-sample representative means; not paired
B0,B0-M00,5,snv,1317.195137254902,0.12095945084173665,difference of equal-sample representative means; not paired
B0,B0-M00,5,snv,1322.6558823529413,0.12117105594841182,difference of equal-sample representative means; not paired
B0,B0-M00,5,snv,1328.1166274509806,0.12021320899754873,difference of equal-sample representative means; not paired
B0,B0-M00,5,snv,1333.5773725490199,0.11824189116761663,difference of equal-sample representative means; not paired
B0,B0-M00,5,snv,1339.038117647059,0.11528163648756862,difference of equal-sample representative means; not paired
B0,B0-M00,5,snv,1344.4988627450982,0.11114822809029068,difference of equal-sample representative means; not paired
B0,B0-M00,5,snv,1349.9596078431373,0.1056142016251368,difference of equal-sample representative means; not paired
B0,B0-M00,5,snv,1355.4203529411766,0.09909349138136614,difference of equal-sample representative means; not paired
B0,B0-M00,5,snv,1360.8810980392159,0.0915199266243264,difference of equal-sample representative means; not paired
B0,B0-M00,5,snv,1366.341843137255,0.08513855187262176,difference of equal-sample representative means; not paired
B0,B0-M00,5,snv,1371.8025882352943,0.08042597095068549,difference of equal-sample representative means; not paired
B0,B0-M00,5,snv,1377.2633333333333,0.07689736159743987,difference of equal-sample representative means; not paired
B0,B0-M00,5,snv,1382.7240784313726,0.07366474243436472,difference of equal-sample representative means; not paired
B0,B0-M00,5,snv,1388.184823529412,0.06994142865381725,difference of equal-sample representative means; not paired
B0,B0-M00,5,snv,1393.6455686274512,0.06535520996298239,difference of equal-sample representative means; not paired
B0,B0-M00,5,snv,1399.1063137254903,0.057048390596718346,difference of equal-sample representative means; not paired
B0,B0-M00,5,snv,1404.5670588235296,0.04763657285976253,difference of equal-sample representative means; not paired
B0,B0-M00,5,snv,1410.0278039215686,0.038177774906187345,difference of equal-sample representative means; not paired
B0,B0-M00,5,snv,1415.488549019608,0.029352735815776538,difference of equal-sample representative means; not paired
B0,B0-M00,5,snv,1420.9492941176472,0.02174949865310645,difference of equal-sample representative means; not paired
B0,B0-M00,5,snv,1426.4100392156865,0.015834343143441593,difference of equal-sample representative means; not paired
B0,B0-M00,5,snv,1431.8707843137256,0.011688794964969107,difference of equal-sample representative means; not paired
B0,B0-M00,5,snv,1437.3315294117647,0.008584855419070336,difference of equal-sample representative means; not paired
B0,B0-M00,5,snv,1442.792274509804,0.00625257807340579,difference of equal-sample representative means; not paired
B0,B0-M00,5,snv,1448.2530196078433,0.00470541426869292,difference of equal-sample representative means; not paired
B0,B0-M00,5,snv,1453.7137647058826,0.003010668489552226,difference of equal-sample representative means; not paired
B0,B0-M00,5,snv,1459.1745098039219,0.001181035441192524,difference of equal-sample representative means; not paired
B0,B0-M00,5,snv,1464.635254901961,-0.0005126652490877737,difference of equal-sample representative means; not paired
B0,B0-M00,5,snv,1470.096,-0.0023936229858076974,difference of equal-sample representative means; not paired
B0,B0-M00,5,snv,1475.5567450980393,-0.005097826456643917,difference of equal-sample representative means; not paired
B0,B0-M00,5,snv,1481.0174901960786,-0.0073928702770753585,difference of equal-sample representative means; not paired
B0,B0-M00,5,snv,1486.478235294118,-0.009152650767454085,difference of equal-sample representative means; not paired
B0,B0-M00,5,snv,1491.938980392157,-0.010505444197227987,difference of equal-sample representative means; not paired
B0,B0-M00,5,snv,1497.3997254901963,-0.01166818120857388,difference of equal-sample representative means; not paired
B0,B0-M00,5,snv,1502.8604705882353,-0.012614043768119643,difference of equal-sample representative means; not paired
B0,B0-M00,5,snv,1508.3212156862746,-0.013102389595652464,difference of equal-sample representative means; not paired
B0,B0-M00,5,snv,1513.781960784314,-0.01307159087832055,difference of equal-sample representative means; not paired
B0,B0-M00,5,snv,1519.2427058823532,-0.013730890813715035,difference of equal-sample representative means; not paired
B0,B0-M00,5,snv,1524.7034509803923,-0.013890191213032754,difference of equal-sample representative means; not paired
B0,B0-M00,5,snv,1530.1641960784316,-0.014157615976013727,difference of equal-sample representative means; not paired
B0,B0-M00,5,snv,1535.6249411764707,-0.014177710397106469,difference of equal-sample representative means; not paired
B0,B0-M00,5,snv,1541.08568627451,-0.013989726711577222,difference of equal-sample representative means; not paired
B0,B0-M00,5,snv,1546.5464313725493,-0.013748904343080182,difference of equal-sample representative means; not paired
B0,B0-M00,5,snv,1552.0071764705885,-0.01323018929570019,difference of equal-sample representative means; not paired
B0,B0-M00,5,snv,1557.4679215686276,-0.012141337954641507,difference of equal-sample representative means; not paired
B0,B0-M00,5,snv,1562.9286666666667,-0.012457247632014556,difference of equal-sample representative means; not paired
B0,B0-M00,5,snv,1568.389411764706,-0.012829804663694433,difference of equal-sample representative means; not paired
B0,B0-M00,5,snv,1573.8501568627453,-0.01262761356723796,difference of equal-sample representative means; not paired
B0,B0-M00,5,snv,1579.3109019607846,-0.012450858769471163,difference of equal-sample representative means; not paired
B0,B0-M00,5,snv,1584.7716470588239,-0.012523135766291882,difference of equal-sample representative means; not paired
B0,B0-M00,5,snv,1590.232392156863,-0.012434831511350997,difference of equal-sample representative means; not paired
B0,B0-M00,5,snv,1595.693137254902,-0.01230133121462268,difference of equal-sample representative means; not paired
B0,B0-M00,5,snv,1601.1538823529413,-0.011284797793028462,difference of equal-sample representative means; not paired
B0,B0-M00,5,snv,1606.6146274509806,-0.009640265196045689,difference of equal-sample representative means; not paired
B0,B0-M00,5,snv,1612.07537254902,-0.00781911238536473,difference of equal-sample representative means; not paired
B0,B0-M00,5,snv,1617.536117647059,-0.005693945659429822,difference of equal-sample representative means; not paired
B0,B0-M00,5,snv,1622.9968627450983,-0.0034629574650552053,difference of equal-sample representative means; not paired
B0,B0-M00,5,snv,1628.4576078431373,-0.0013295604819246881,difference of equal-sample representative means; not paired
B0,B0-M00,5,snv,1633.9183529411766,0.0008531620432155052,difference of equal-sample representative means; not paired
B0,B0-M00,5,snv,1639.379098039216,0.0027497213423713363,difference of equal-sample representative means; not paired
B0,B0-M00,5,snv,1644.8398431372552,0.00348644369579533,difference of equal-sample representative means; not paired
B0,B0-M00,5,snv,1650.3005882352943,0.0037314396104465297,difference of equal-sample representative means; not paired
B0,B0-M00,5,snv,1655.7613333333334,0.004821628068137018,difference of equal-sample representative means; not paired
B0,B0-M00,5,snv,1661.2220784313727,0.00686339829368722,difference of equal-sample representative means; not paired
B0,B0-M00,5,snv,1666.682823529412,0.009782205464276772,difference of equal-sample representative means; not paired
B0,B0-M00,5,snv,1672.1435686274513,0.013252335514683744,difference of equal-sample representative means; not paired
B0,B0-M00,5,snv,1677.6043137254906,0.015584463683654043,difference of equal-sample representative means; not paired
B0,B0-M00,5,snv,1683.0650588235296,0.01731478159721636,difference of equal-sample representative means; not paired
B0,B0-M00,5,snv,1688.5258039215687,0.01778468905687497,difference of equal-sample representative means; not paired
B0,B0-M00,5,snv,1693.986549019608,0.01787977962854273,difference of equal-sample representative means; not paired
B0,B0-M00,5,snv,1699.4472941176473,0.0172526752494426,difference of equal-sample representative means; not paired
B0,B0-M00,5,snv,1704.9080392156866,0.01589273738291072,difference of equal-sample representative means; not paired
B0,B0-M00,5,snv,1710.3687843137257,0.014496428760377683,difference of equal-sample representative means; not paired
B0,B0-M00,5,snv,1715.829529411765,0.01393836397165124,difference of equal-sample representative means; not paired
B0,B0-M00,5,snv,1721.290274509804,0.013305181297852325,difference of equal-sample representative means; not paired
B0,B0-M00,5,snv,1726.7510196078433,0.011949951598856978,difference of equal-sample representative means; not paired
B0,B0-M00,5,snv,1732.2117647058826,0.010307327000181221,difference of equal-sample representative means; not paired
B0,B0-M00,5,snv,1737.672509803922,0.009267343303503484,difference of equal-sample representative means; not paired
B0,B0-M00,5,snv,1743.133254901961,0.008901700977373972,difference of equal-sample representative means; not paired
B0,B0-M00,5,snv,1748.594,0.00818995763643171,difference of equal-sample representative means; not paired
B0,B0-M00,5,snv,1754.0547450980393,0.006641673117265989,difference of equal-sample representative means; not paired
B0,B0-M00,5,snv,1759.5154901960786,0.006518299075059686,difference of equal-sample representative means; not paired
B0,B0-M00,5,snv,1764.976235294118,0.006190483582250994,difference of equal-sample representative means; not paired
B0,B0-M00,5,snv,1770.4369803921572,0.005441081964534189,difference of equal-sample representative means; not paired
B0,B0-M00,5,snv,1775.8977254901963,0.004646244591169413,difference of equal-sample representative means; not paired
B0,B0-M00,5,snv,1781.3584705882354,0.0036399257471166346,difference of equal-sample representative means; not paired
B0,B0-M00,5,snv,1786.8192156862747,0.002802165432468917,difference of equal-sample representative means; not paired
B0,B0-M00,5,snv,1792.279960784314,0.0023981819152444905,difference of equal-sample representative means; not paired
B0,B0-M00,5,snv,1797.7407058823533,0.0020027247457303776,difference of equal-sample representative means; not paired
B0,B0-M00,5,snv,1803.2014509803923,0.0010429995333930964,difference of equal-sample representative means; not paired
B0,B0-M00,5,snv,1808.6621960784316,0.0007635643728259311,difference of equal-sample representative means; not paired
B0,B0-M00,5,snv,1814.1229411764707,4.034050392659472e-05,difference of equal-sample representative means; not paired
B0,B0-M00,5,snv,1819.58368627451,-0.0012486564529653466,difference of equal-sample representative means; not paired
B0,B0-M00,5,snv,1825.0444313725493,-0.0021883623055039547,difference of equal-sample representative means; not paired
B0,B0-M00,5,snv,1830.5051764705886,-0.0025024606543059824,difference of equal-sample representative means; not paired
B0,B0-M00,5,snv,1835.9659215686277,-0.002698432728783201,difference of equal-sample representative means; not paired
B0,B0-M00,5,snv,1841.4266666666667,-0.003114119718564984,difference of equal-sample representative means; not paired
B0,B0-M00,5,snv,1846.887411764706,-0.0029442321942332594,difference of equal-sample representative means; not paired
B0,B0-M00,5,snv,1852.3481568627453,-0.0023495940502790413,difference of equal-sample representative means; not paired
B0,B0-M00,5,snv,1857.8089019607846,-0.002384890782996807,difference of equal-sample representative means; not paired
B0,B0-M00,5,snv,1863.269647058824,-0.0029197154659513502,difference of equal-sample representative means; not paired
B0,B0-M00,5,snv,1868.730392156863,-0.004407669043041712,difference of equal-sample representative means; not paired
B0,B0-M00,5,snv,1874.191137254902,-0.0064029157035025985,difference of equal-sample representative means; not paired
B0,B0-M00,5,snv,1879.6518823529414,-0.007538347373792553,difference of equal-sample representative means; not paired
B0,B0-M00,5,snv,1885.1126274509807,-0.008337455236336222,difference of equal-sample representative means; not paired
B0,B0-M00,5,snv,1890.57337254902,-0.00894171841959246,difference of equal-sample representative means; not paired
B0,B0-M00,5,snv,1896.034117647059,-0.006653144925587773,difference of equal-sample representative means; not paired
B0,B0-M00,5,snv,1901.4948627450983,-0.00474171816550617,difference of equal-sample representative means; not paired
B0,B0-M00,5,snv,1906.9556078431374,-0.002624312303279308,difference of equal-sample representative means; not paired
B0,B0-M00,5,snv,1912.4163529411767,0.00038248197753287805,difference of equal-sample representative means; not paired
B0,B0-M00,5,snv,1917.877098039216,0.003978143877380935,difference of equal-sample representative means; not paired
B0,B0-M00,5,snv,1923.3378431372553,0.007181167205079442,difference of equal-sample representative means; not paired
B0,B0-M00,5,snv,1928.7985882352943,0.008938258638381269,difference of equal-sample representative means; not paired
B0,B0-M00,5,snv,1934.2593333333336,0.009515879963754026,difference of equal-sample representative means; not paired
B0,B0-M00,5,snv,1939.7200784313727,0.008532798694655508,difference of equal-sample representative means; not paired
B0,B0-M00,5,snv,1945.180823529412,0.00707725439512541,difference of equal-sample representative means; not paired
B0,B0-M00,5,snv,1950.6415686274513,0.005370873914905205,difference of equal-sample representative means; not paired
B0,B0-M00,5,snv,1956.1023137254906,0.0031957971053302447,difference of equal-sample representative means; not paired
B0,B0-M00,5,snv,1961.5630588235294,0.0006076568868840226,difference of equal-sample representative means; not paired
B0,B0-M00,5,snv,1967.0238039215687,-0.0015555913126032994,difference of equal-sample representative means; not paired
B0,B0-M00,5,snv,1972.484549019608,-0.0026536187241017473,difference of equal-sample representative means; not paired
B0,B0-M00,5,snv,1977.9452941176473,-0.005018773622520678,difference of equal-sample representative means; not paired
B0,B0-M00,5,snv,1983.4060392156866,-0.006368191049080929,difference of equal-sample representative means; not paired
B0,B0-M00,5,snv,1988.866784313726,-0.0077759765420664095,difference of equal-sample representative means; not paired
B0,B0-M00,5,snv,1994.3275294117648,-0.008663536799659921,difference of equal-sample representative means; not paired
B0,B0-M00,5,snv,1999.788274509804,-0.008823289725723993,difference of equal-sample representative means; not paired
B0,B0-M00,5,snv,2005.2490196078434,-0.00935526753960414,difference of equal-sample representative means; not paired
B0,B0-M00,5,snv,2010.7097647058827,-0.008245406989333848,difference of equal-sample representative means; not paired
B0,B0-M00,5,snv,2016.170509803922,-0.008779142913882931,difference of equal-sample representative means; not paired
B0,B0-M00,5,snv,2021.6312549019613,-0.00732710107004475,difference of equal-sample representative means; not paired
B0,B0-M00,5,snv,2027.092,-0.006311349880019135,difference of equal-sample representative means; not paired
B0,B0-M00,5,snv,2032.5527450980394,-0.0055024269045488294,difference of equal-sample representative means; not paired
B0,B0-M00,5,snv,2038.0134901960787,-0.004671624223150039,difference of equal-sample representative means; not paired
B0,B0-M00,5,snv,2043.474235294118,-0.0040155940547426106,difference of equal-sample representative means; not paired
B0,B0-M00,5,snv,2048.9349803921573,-0.0035633163652415423,difference of equal-sample representative means; not paired
B0,B0-M00,5,snv,2054.3957254901966,-0.003917649798225398,difference of equal-sample representative means; not paired
B0,B0-M00,5,snv,2059.8564705882354,-0.003665942526888344,difference of equal-sample representative means; not paired
B0,B0-M00,5,snv,2065.3172156862747,-0.0035652606441056722,difference of equal-sample representative means; not paired
B0,B0-M00,5,snv,2070.777960784314,-0.0035792876428222264,difference of equal-sample representative means; not paired
B0,B0-M00,5,snv,2076.2387058823533,-0.003590569354013251,difference of equal-sample representative means; not paired
B0,B0-M00,5,snv,2081.6994509803926,-0.0038633564957322175,difference of equal-sample representative means; not paired
B0,B0-M00,5,snv,2087.1601960784315,-0.00456948337646601,difference of equal-sample representative means; not paired
B0,B0-M00,5,snv,2092.6209411764708,-0.004732187719954872,difference of equal-sample representative means; not paired
B0,B0-M00,5,snv,2098.08168627451,-0.0046271618468234355,difference of equal-sample representative means; not paired
B0,B0-M00,5,snv,2103.5424313725493,-0.005420223447744066,difference of equal-sample representative means; not paired
B0,B0-M00,5,snv,2109.0031764705886,-0.006585111232310759,difference of equal-sample representative means; not paired
B0,B0-M00,5,snv,2114.463921568628,-0.007910205751722632,difference of equal-sample representative means; not paired
B0,B0-M00,5,snv,2119.924666666667,-0.009072496747435377,difference of equal-sample representative means; not paired
B0,B0-M00,5,snv,2125.385411764706,-0.009808058206211223,difference of equal-sample representative means; not paired
B0,B0-M00,5,snv,2130.8461568627454,-0.010119284319209942,difference of equal-sample representative means; not paired
B0,B0-M00,5,snv,2136.3069019607847,-0.010269731814958494,difference of equal-sample representative means; not paired
B0,B0-M00,5,snv,2141.767647058824,-0.009950269489304553,difference of equal-sample representative means; not paired
B0,B0-M00,5,snv,2147.2283921568633,-0.009536779908384085,difference of equal-sample representative means; not paired
B0,B0-M00,5,snv,2152.689137254902,-0.01066050088302517,difference of equal-sample representative means; not paired
B0,B0-M00,5,snv,2158.1498823529414,-0.010831232086865539,difference of equal-sample representative means; not paired
B0,B0-M00,5,snv,2163.6106274509807,-0.010573885313189368,difference of equal-sample representative means; not paired
B0,B0-M00,5,snv,2169.07137254902,-0.011570745516379821,difference of equal-sample representative means; not paired
B0,B0-M00,5,snv,2174.5321176470593,-0.012635866970132081,difference of equal-sample representative means; not paired
B0,B0-M00,5,snv,2179.992862745098,-0.013523215707601066,difference of equal-sample representative means; not paired
B0,B0-M00,5,snv,2185.4536078431374,-0.013687314734091238,difference of equal-sample representative means; not paired
B0,B0-M00,5,snv,2190.9143529411767,-0.014358941038235429,difference of equal-sample representative means; not paired
B0,B0-M00,5,snv,2196.375098039216,-0.014535463278296357,difference of equal-sample representative means; not paired
B0,B0-M00,5,snv,2201.8358431372553,-0.014712879547671198,difference of equal-sample representative means; not paired
B0,B0-M00,5,snv,2207.2965882352946,-0.014616519600078481,difference of equal-sample representative means; not paired
B0,B0-M00,5,snv,2212.7573333333335,-0.014192234201587661,difference of equal-sample representative means; not paired
B0,B0-M00,5,snv,2218.2180784313728,-0.01583657845153197,difference of equal-sample representative means; not paired
B0,B0-M00,5,snv,2223.678823529412,-0.014605734776909074,difference of equal-sample representative means; not paired
B0,B0-M00,5,snv,2229.1395686274514,-0.013552634415805453,difference of equal-sample representative means; not paired
B0,B0-M00,5,snv,2234.6003137254907,-0.011247926816402298,difference of equal-sample representative means; not paired
B0,B0-M00,5,snv,2240.06105882353,-0.010029876932549087,difference of equal-sample representative means; not paired
B0,B0-M00,5,snv,2245.521803921569,-0.008288415738715527,difference of equal-sample representative means; not paired
B0,B0-M00,5,snv,2250.982549019608,-0.004942309690324498,difference of equal-sample representative means; not paired
B0,B0-M00,5,snv,2256.4432941176474,-0.0009575808888324655,difference of equal-sample representative means; not paired
B0,B0-M00,5,snv,2261.9040392156867,0.0050990298283031255,difference of equal-sample representative means; not paired
B0,B0-M00,5,snv,2267.364784313726,0.011089909450199498,difference of equal-sample representative means; not paired
B0,B0-M00,5,snv,2272.825529411765,0.016264255860777288,difference of equal-sample representative means; not paired
B0,B0-M00,5,snv,2278.286274509804,0.018567976805728525,difference of equal-sample representative means; not paired
B0,B0-M00,5,snv,2283.7470196078434,0.020685900477998675,difference of equal-sample representative means; not paired
B0,B0-M00,5,snv,2289.2077647058827,0.023478222695798134,difference of equal-sample representative means; not paired
B0,B0-M00,5,snv,2294.668509803922,0.02609163035723916,difference of equal-sample representative means; not paired
B0,B0-M00,5,snv,2300.1292549019613,0.028299429274585952,difference of equal-sample representative means; not paired
B0,B0-M00,5,snv,2305.59,0.03284029991255477,difference of equal-sample representative means; not paired
B0,B0-M00,5,second_derivative,913.1,-1.8727189725868004e-05,difference of equal-sample representative means; not paired
B0,B0-M00,5,second_derivative,918.5607450980392,-1.8727189725868004e-05,difference of equal-sample representative means; not paired
B0,B0-M00,5,second_derivative,924.0214901960785,-1.8727189725868004e-05,difference of equal-sample representative means; not paired
B0,B0-M00,5,second_derivative,929.4822352941177,-1.8727189725867787e-05,difference of equal-sample representative means; not paired
B0,B0-M00,5,second_derivative,934.9429803921569,-2.4389550887306997e-05,difference of equal-sample representative means; not paired
B0,B0-M00,5,second_derivative,940.4037254901962,-1.3014023957661499e-05,difference of equal-sample representative means; not paired
B0,B0-M00,5,second_derivative,945.8644705882353,-9.403725443947296e-06,difference of equal-sample representative means; not paired
B0,B0-M00,5,second_derivative,951.3252156862745,-4.074675133410869e-06,difference of equal-sample representative means; not paired
B0,B0-M00,5,second_derivative,956.7859607843137,2.1702137795421046e-06,difference of equal-sample representative means; not paired
B0,B0-M00,5,second_derivative,962.246705882353,2.75256294153946e-06,difference of equal-sample representative means; not paired
B0,B0-M00,5,second_derivative,967.7074509803922,2.7757616290784202e-06,difference of equal-sample representative means; not paired
B0,B0-M00,5,second_derivative,973.1681960784314,2.784038731740415e-06,difference of equal-sample representative means; not paired
B0,B0-M00,5,second_derivative,978.6289411764706,3.6020116491270547e-06,difference of equal-sample representative means; not paired
B0,B0-M00,5,second_derivative,984.0896862745099,4.290102852338989e-06,difference of equal-sample representative means; not paired
B0,B0-M00,5,second_derivative,989.550431372549,4.015129799698352e-06,difference of equal-sample representative means; not paired
B0,B0-M00,5,second_derivative,995.0111764705882,3.2714765600060974e-06,difference of equal-sample representative means; not paired
B0,B0-M00,5,second_derivative,1000.4719215686275,2.6112577751938576e-06,difference of equal-sample representative means; not paired
B0,B0-M00,5,second_derivative,1005.9326666666667,1.8635761028154015e-06,difference of equal-sample representative means; not paired
B0,B0-M00,5,second_derivative,1011.3934117647059,1.2765138902560087e-06,difference of equal-sample representative means; not paired
B0,B0-M00,5,second_derivative,1016.8541568627452,6.150242816477214e-07,difference of equal-sample representative means; not paired
B0,B0-M00,5,second_derivative,1022.3149019607844,-4.1714506482220973e-08,difference of equal-sample representative means; not paired
B0,B0-M00,5,second_derivative,1027.7756470588236,-3.754841163376782e-07,difference of equal-sample representative means; not paired
B0,B0-M00,5,second_derivative,1033.2363921568628,-4.968100583298625e-07,difference of equal-sample representative means; not paired
B0,B0-M00,5,second_derivative,1038.697137254902,-6.956165120444492e-07,difference of equal-sample representative means; not paired
B0,B0-M00,5,second_derivative,1044.1578823529412,-8.57745085804309e-07,difference of equal-sample representative means; not paired
B0,B0-M00,5,second_derivative,1049.6186274509805,-4.4982295635604613e-07,difference of equal-sample representative means; not paired
B0,B0-M00,5,second_derivative,1055.0793725490196,-4.696894569754962e-08,difference of equal-sample representative means; not paired
B0,B0-M00,5,second_derivative,1060.5401176470589,6.464624913688306e-07,difference of equal-sample representative means; not paired
B0,B0-M00,5,second_derivative,1066.0008627450982,1.3029653723431445e-06,difference of equal-sample representative means; not paired
B0,B0-M00,5,second_derivative,1071.4616078431372,1.593134077706619e-06,difference of equal-sample representative means; not paired
B0,B0-M00,5,second_derivative,1076.9223529411765,1.2927684523344667e-06,difference of equal-sample representative means; not paired
B0,B0-M00,5,second_derivative,1082.3830980392158,4.025884631918316e-07,difference of equal-sample representative means; not paired
B0,B0-M00,5,second_derivative,1087.843843137255,-9.184181730811933e-07,difference of equal-sample representative means; not paired
B0,B0-M00,5,second_derivative,1093.3045882352942,-2.051116183763847e-06,difference of equal-sample representative means; not paired
B0,B0-M00,5,second_derivative,1098.7653333333333,-2.90661797211229e-06,difference of equal-sample representative means; not paired
B0,B0-M00,5,second_derivative,1104.2260784313726,-3.4072026288744742e-06,difference of equal-sample representative means; not paired
B0,B0-M00,5,second_derivative,1109.6868235294119,-3.746392791318708e-06,difference of equal-sample representative means; not paired
B0,B0-M00,5,second_derivative,1115.1475686274512,-3.7042215060100135e-06,difference of equal-sample representative means; not paired
B0,B0-M00,5,second_derivative,1120.6083137254902,-2.917005999989916e-06,difference of equal-sample representative means; not paired
B0,B0-M00,5,second_derivative,1126.0690588235295,-1.0175458967440994e-06,difference of equal-sample representative means; not paired
B0,B0-M00,5,second_derivative,1131.5298039215686,2.04746875245771e-06,difference of equal-sample representative means; not paired
B0,B0-M00,5,second_derivative,1136.990549019608,5.164273907441452e-06,difference of equal-sample representative means; not paired
B0,B0-M00,5,second_derivative,1142.4512941176472,6.697691746865042e-06,difference of equal-sample representative means; not paired
B0,B0-M00,5,second_derivative,1147.9120392156863,6.190067656054391e-06,difference of equal-sample representative means; not paired
B0,B0-M00,5,second_derivative,1153.3727843137256,4.062372282053566e-06,difference of equal-sample representative means; not paired
B0,B0-M00,5,second_derivative,1158.8335294117649,1.8424742696360399e-06,difference of equal-sample representative means; not paired
B0,B0-M00,5,second_derivative,1164.294274509804,9.335790262537598e-07,difference of equal-sample representative means; not paired
B0,B0-M00,5,second_derivative,1169.7550196078432,1.0774299244503087e-06,difference of equal-sample representative means; not paired
B0,B0-M00,5,second_derivative,1175.2157647058825,1.610070711251261e-06,difference of equal-sample representative means; not paired
B0,B0-M00,5,second_derivative,1180.6765098039216,1.5545248574902715e-06,difference of equal-sample representative means; not paired
B0,B0-M00,5,second_derivative,1186.137254901961,1.0753243163724626e-06,difference of equal-sample representative means; not paired
B0,B0-M00,5,second_derivative,1191.598,7.322935218810687e-07,difference of equal-sample representative means; not paired
B0,B0-M00,5,second_derivative,1197.0587450980393,8.949877587197084e-07,difference of equal-sample representative means; not paired
B0,B0-M00,5,second_derivative,1202.5194901960786,8.905554190009154e-07,difference of equal-sample representative means; not paired
B0,B0-M00,5,second_derivative,1207.9802352941178,1.750490237965418e-08,difference of equal-sample representative means; not paired
B0,B0-M00,5,second_derivative,1213.440980392157,-1.2380870712219881e-06,difference of equal-sample representative means; not paired
B0,B0-M00,5,second_derivative,1218.9017254901962,-2.1755645966524355e-06,difference of equal-sample representative means; not paired
B0,B0-M00,5,second_derivative,1224.3624705882353,-2.3736143142858106e-06,difference of equal-sample representative means; not paired
B0,B0-M00,5,second_derivative,1229.8232156862746,-1.7717028086211423e-06,difference of equal-sample representative means; not paired
B0,B0-M00,5,second_derivative,1235.2839607843139,-1.0344405696934243e-06,difference of equal-sample representative means; not paired
B0,B0-M00,5,second_derivative,1240.7447058823532,-5.860216915006314e-07,difference of equal-sample representative means; not paired
B0,B0-M00,5,second_derivative,1246.2054509803922,2.1862612264805602e-07,difference of equal-sample representative means; not paired
B0,B0-M00,5,second_derivative,1251.6661960784315,9.892238678873255e-07,difference of equal-sample representative means; not paired
B0,B0-M00,5,second_derivative,1257.1269411764706,8.246756530525182e-07,difference of equal-sample representative means; not paired
B0,B0-M00,5,second_derivative,1262.58768627451,3.6293102626805125e-07,difference of equal-sample representative means; not paired
B0,B0-M00,5,second_derivative,1268.0484313725492,-4.853811974323686e-07,difference of equal-sample representative means; not paired
B0,B0-M00,5,second_derivative,1273.5091764705883,-1.2725243901160476e-06,difference of equal-sample representative means; not paired
B0,B0-M00,5,second_derivative,1278.9699215686276,-1.3056235453586041e-06,difference of equal-sample representative means; not paired
B0,B0-M00,5,second_derivative,1284.4306666666666,-2.996794659565466e-07,difference of equal-sample representative means; not paired
B0,B0-M00,5,second_derivative,1289.891411764706,8.279081064522475e-07,difference of equal-sample representative means; not paired
B0,B0-M00,5,second_derivative,1295.3521568627452,2.01967449532426e-06,difference of equal-sample representative means; not paired
B0,B0-M00,5,second_derivative,1300.8129019607845,2.0440678122556474e-06,difference of equal-sample representative means; not paired
B0,B0-M00,5,second_derivative,1306.2736470588236,1.7759920869095947e-06,difference of equal-sample representative means; not paired
B0,B0-M00,5,second_derivative,1311.734392156863,1.8317330986045234e-06,difference of equal-sample representative means; not paired
B0,B0-M00,5,second_derivative,1317.195137254902,2.415460535373857e-06,difference of equal-sample representative means; not paired
B0,B0-M00,5,second_derivative,1322.6558823529413,3.2835894935607588e-06,difference of equal-sample representative means; not paired
B0,B0-M00,5,second_derivative,1328.1166274509806,3.938743109691696e-06,difference of equal-sample representative means; not paired
B0,B0-M00,5,second_derivative,1333.5773725490199,4.275967400330208e-06,difference of equal-sample representative means; not paired
B0,B0-M00,5,second_derivative,1339.038117647059,4.680304739717899e-06,difference of equal-sample representative means; not paired
B0,B0-M00,5,second_derivative,1344.4988627450982,5.00162003011507e-06,difference of equal-sample representative means; not paired
B0,B0-M00,5,second_derivative,1349.9596078431373,4.158323007447724e-06,difference of equal-sample representative means; not paired
B0,B0-M00,5,second_derivative,1355.4203529411766,1.8521405123897682e-06,difference of equal-sample representative means; not paired
B0,B0-M00,5,second_derivative,1360.8810980392159,-1.055865516906693e-06,difference of equal-sample representative means; not paired
B0,B0-M00,5,second_derivative,1366.341843137255,-3.0602638249544327e-06,difference of equal-sample representative means; not paired
B0,B0-M00,5,second_derivative,1371.8025882352943,-3.0349490174574026e-06,difference of equal-sample representative means; not paired
B0,B0-M00,5,second_derivative,1377.2633333333333,-6.270777420417378e-07,difference of equal-sample representative means; not paired
B0,B0-M00,5,second_derivative,1382.7240784313726,4.063281051104222e-06,difference of equal-sample representative means; not paired
B0,B0-M00,5,second_derivative,1388.184823529412,8.857781461845565e-06,difference of equal-sample representative means; not paired
B0,B0-M00,5,second_derivative,1393.6455686274512,1.1798231276693974e-05,difference of equal-sample representative means; not paired
B0,B0-M00,5,second_derivative,1399.1063137254903,1.1813308862696598e-05,difference of equal-sample representative means; not paired
B0,B0-M00,5,second_derivative,1404.5670588235296,8.811315701373824e-06,difference of equal-sample representative means; not paired
B0,B0-M00,5,second_derivative,1410.0278039215686,3.6977035080484187e-06,difference of equal-sample representative means; not paired
B0,B0-M00,5,second_derivative,1415.488549019608,-1.4254175209175984e-06,difference of equal-sample representative means; not paired
B0,B0-M00,5,second_derivative,1420.9492941176472,-6.208547337840929e-06,difference of equal-sample representative means; not paired
B0,B0-M00,5,second_derivative,1426.4100392156865,-9.30206995544641e-06,difference of equal-sample representative means; not paired
B0,B0-M00,5,second_derivative,1431.8707843137256,-1.0311475533796927e-05,difference of equal-sample representative means; not paired
B0,B0-M00,5,second_derivative,1437.3315294117647,-9.047437805590158e-06,difference of equal-sample representative means; not paired
B0,B0-M00,5,second_derivative,1442.792274509804,-6.4875991761892084e-06,difference of equal-sample representative means; not paired
B0,B0-M00,5,second_derivative,1448.2530196078433,-4.041924054013887e-06,difference of equal-sample representative means; not paired
B0,B0-M00,5,second_derivative,1453.7137647058826,-2.249175093445478e-06,difference of equal-sample representative means; not paired
B0,B0-M00,5,second_derivative,1459.1745098039219,-7.196743904166637e-07,difference of equal-sample representative means; not paired
B0,B0-M00,5,second_derivative,1464.635254901961,-6.050018438911305e-07,difference of equal-sample representative means; not paired
B0,B0-M00,5,second_derivative,1470.096,-1.4338670523112773e-06,difference of equal-sample representative means; not paired
B0,B0-M00,5,second_derivative,1475.5567450980393,-2.701713792081431e-06,difference of equal-sample representative means; not paired
B0,B0-M00,5,second_derivative,1481.0174901960786,-3.840493605194384e-06,difference of equal-sample representative means; not paired
B0,B0-M00,5,second_derivative,1486.478235294118,-4.1221183468976865e-06,difference of equal-sample representative means; not paired
B0,B0-M00,5,second_derivative,1491.938980392157,-3.411557837121922e-06,difference of equal-sample representative means; not paired
B0,B0-M00,5,second_derivative,1497.3997254901963,-3.0776718630637387e-06,difference of equal-sample representative means; not paired
B0,B0-M00,5,second_derivative,1502.8604705882353,-2.2717120385355353e-06,difference of equal-sample representative means; not paired
B0,B0-M00,5,second_derivative,1508.3212156862746,-1.4286780057009288e-06,difference of equal-sample representative means; not paired
B0,B0-M00,5,second_derivative,1513.781960784314,-4.4057308610979967e-07,difference of equal-sample representative means; not paired
B0,B0-M00,5,second_derivative,1519.2427058823532,2.4364178169778016e-07,difference of equal-sample representative means; not paired
B0,B0-M00,5,second_derivative,1524.7034509803923,3.285715795271654e-07,difference of equal-sample representative means; not paired
B0,B0-M00,5,second_derivative,1530.1641960784316,-1.3224363241428643e-08,difference of equal-sample representative means; not paired
B0,B0-M00,5,second_derivative,1535.6249411764707,-1.6491949223948743e-07,difference of equal-sample representative means; not paired
B0,B0-M00,5,second_derivative,1541.08568627451,-9.824560410474972e-07,difference of equal-sample representative means; not paired
B0,B0-M00,5,second_derivative,1546.5464313725493,-6.288355066410257e-07,difference of equal-sample representative means; not paired
B0,B0-M00,5,second_derivative,1552.0071764705885,2.934984498393295e-07,difference of equal-sample representative means; not paired
B0,B0-M00,5,second_derivative,1557.4679215686276,8.739327194149222e-07,difference of equal-sample representative means; not paired
B0,B0-M00,5,second_derivative,1562.9286666666667,9.762287946192892e-07,difference of equal-sample representative means; not paired
B0,B0-M00,5,second_derivative,1568.389411764706,5.332812176734966e-07,difference of equal-sample representative means; not paired
B0,B0-M00,5,second_derivative,1573.8501568627453,-4.016883082477165e-07,difference of equal-sample representative means; not paired
B0,B0-M00,5,second_derivative,1579.3109019607846,-6.295294470141703e-07,difference of equal-sample representative means; not paired
B0,B0-M00,5,second_derivative,1584.7716470588239,-1.6555797512933222e-06,difference of equal-sample representative means; not paired
B0,B0-M00,5,second_derivative,1590.232392156863,-3.2595331388485902e-06,difference of equal-sample representative means; not paired
B0,B0-M00,5,second_derivative,1595.693137254902,-4.176800493862238e-06,difference of equal-sample representative means; not paired
B0,B0-M00,5,second_derivative,1601.1538823529413,-3.879732934558729e-06,difference of equal-sample representative means; not paired
B0,B0-M00,5,second_derivative,1606.6146274509806,-2.5871304637842316e-06,difference of equal-sample representative means; not paired
B0,B0-M00,5,second_derivative,1612.07537254902,-7.957339321672084e-07,difference of equal-sample representative means; not paired
B0,B0-M00,5,second_derivative,1617.536117647059,3.840365446848537e-07,difference of equal-sample representative means; not paired
B0,B0-M00,5,second_derivative,1622.9968627450983,1.2238869263259887e-06,difference of equal-sample representative means; not paired
B0,B0-M00,5,second_derivative,1628.4576078431373,2.420288982297507e-06,difference of equal-sample representative means; not paired
B0,B0-M00,5,second_derivative,1633.9183529411766,3.697682435985545e-06,difference of equal-sample representative means; not paired
B0,B0-M00,5,second_derivative,1639.379098039216,3.9273306688455205e-06,difference of equal-sample representative means; not paired
B0,B0-M00,5,second_derivative,1644.8398431372552,2.6015340284900464e-06,difference of equal-sample representative means; not paired
B0,B0-M00,5,second_derivative,1650.3005882352943,6.820876691257749e-08,difference of equal-sample representative means; not paired
B0,B0-M00,5,second_derivative,1655.7613333333334,-2.3174370946779145e-06,difference of equal-sample representative means; not paired
B0,B0-M00,5,second_derivative,1661.2220784313727,-2.3864091320024287e-06,difference of equal-sample representative means; not paired
B0,B0-M00,5,second_derivative,1666.682823529412,-7.188915417950689e-07,difference of equal-sample representative means; not paired
B0,B0-M00,5,second_derivative,1672.1435686274513,1.7343187072046642e-06,difference of equal-sample representative means; not paired
B0,B0-M00,5,second_derivative,1677.6043137254906,3.732478898858006e-06,difference of equal-sample representative means; not paired
B0,B0-M00,5,second_derivative,1683.0650588235296,4.616221192203405e-06,difference of equal-sample representative means; not paired
B0,B0-M00,5,second_derivative,1688.5258039215687,4.499549386925051e-06,difference of equal-sample representative means; not paired
B0,B0-M00,5,second_derivative,1693.986549019608,3.73864448154498e-06,difference of equal-sample representative means; not paired
B0,B0-M00,5,second_derivative,1699.4472941176473,1.6667684195689653e-06,difference of equal-sample representative means; not paired
B0,B0-M00,5,second_derivative,1704.9080392156866,7.316300186466937e-08,difference of equal-sample representative means; not paired
B0,B0-M00,5,second_derivative,1710.3687843137257,-4.103037489140118e-07,difference of equal-sample representative means; not paired
B0,B0-M00,5,second_derivative,1715.829529411765,3.047718518677807e-08,difference of equal-sample representative means; not paired
B0,B0-M00,5,second_derivative,1721.290274509804,4.0414959789040834e-07,difference of equal-sample representative means; not paired
B0,B0-M00,5,second_derivative,1726.7510196078433,1.55031066209711e-07,difference of equal-sample representative means; not paired
B0,B0-M00,5,second_derivative,1732.2117647058826,-5.339677271314178e-07,difference of equal-sample representative means; not paired
B0,B0-M00,5,second_derivative,1737.672509803922,-5.241513080577397e-07,difference of equal-sample representative means; not paired
B0,B0-M00,5,second_derivative,1743.133254901961,-4.004629002050526e-07,difference of equal-sample representative means; not paired
B0,B0-M00,5,second_derivative,1748.594,-3.3820697138285845e-07,difference of equal-sample representative means; not paired
B0,B0-M00,5,second_derivative,1754.0547450980393,-3.273559573808555e-07,difference of equal-sample representative means; not paired
B0,B0-M00,5,second_derivative,1759.5154901960786,-2.437815937283494e-07,difference of equal-sample representative means; not paired
B0,B0-M00,5,second_derivative,1764.976235294118,2.346202133729296e-07,difference of equal-sample representative means; not paired
B0,B0-M00,5,second_derivative,1770.4369803921572,4.88708386199418e-07,difference of equal-sample representative means; not paired
B0,B0-M00,5,second_derivative,1775.8977254901963,-2.815007753379896e-07,difference of equal-sample representative means; not paired
B0,B0-M00,5,second_derivative,1781.3584705882354,-1.071934891520248e-06,difference of equal-sample representative means; not paired
B0,B0-M00,5,second_derivative,1786.8192156862747,-1.3105685381421167e-06,difference of equal-sample representative means; not paired
B0,B0-M00,5,second_derivative,1792.279960784314,-1.4157441167952329e-06,difference of equal-sample representative means; not paired
B0,B0-M00,5,second_derivative,1797.7407058823533,-9.597197277248658e-07,difference of equal-sample representative means; not paired
B0,B0-M00,5,second_derivative,1803.2014509803923,5.2919879295354206e-08,difference of equal-sample representative means; not paired
B0,B0-M00,5,second_derivative,1808.6621960784316,5.756353005748001e-07,difference of equal-sample representative means; not paired
B0,B0-M00,5,second_derivative,1814.1229411764707,1.9570420185697116e-07,difference of equal-sample representative means; not paired
B0,B0-M00,5,second_derivative,1819.58368627451,-6.428840199637833e-07,difference of equal-sample representative means; not paired
B0,B0-M00,5,second_derivative,1825.0444313725493,-1.5756219760899328e-06,difference of equal-sample representative means; not paired
B0,B0-M00,5,second_derivative,1830.5051764705886,-2.0535094339811146e-06,difference of equal-sample representative means; not paired
B0,B0-M00,5,second_derivative,1835.9659215686277,-1.703627310880934e-06,difference of equal-sample representative means; not paired
B0,B0-M00,5,second_derivative,1841.4266666666667,-5.124575472251312e-07,difference of equal-sample representative means; not paired
B0,B0-M00,5,second_derivative,1846.887411764706,1.1654174998141799e-06,difference of equal-sample representative means; not paired
B0,B0-M00,5,second_derivative,1852.3481568627453,3.377360102332337e-06,difference of equal-sample representative means; not paired
B0,B0-M00,5,second_derivative,1857.8089019607846,5.355879268308084e-06,difference of equal-sample representative means; not paired
B0,B0-M00,5,second_derivative,1863.269647058824,5.963549339914192e-06,difference of equal-sample representative means; not paired
B0,B0-M00,5,second_derivative,1868.730392156863,6.612679444484965e-06,difference of equal-sample representative means; not paired
B0,B0-M00,5,second_derivative,1874.191137254902,7.739657603653499e-06,difference of equal-sample representative means; not paired
B0,B0-M00,5,second_derivative,1879.6518823529414,7.671424911330136e-06,difference of equal-sample representative means; not paired
B0,B0-M00,5,second_derivative,1885.1126274509807,8.019063641629e-06,difference of equal-sample representative means; not paired
B0,B0-M00,5,second_derivative,1890.57337254902,7.698278756713506e-06,difference of equal-sample representative means; not paired
B0,B0-M00,5,second_derivative,1896.034117647059,4.836035702110667e-06,difference of equal-sample representative means; not paired
B0,B0-M00,5,second_derivative,1901.4948627450983,-9.19053848102649e-08,difference of equal-sample representative means; not paired
B0,B0-M00,5,second_derivative,1906.9556078431374,-6.7011299983643435e-06,difference of equal-sample representative means; not paired
B0,B0-M00,5,second_derivative,1912.4163529411767,-1.1694321902123176e-05,difference of equal-sample representative means; not paired
B0,B0-M00,5,second_derivative,1917.877098039216,-1.2071995876664906e-05,difference of equal-sample representative means; not paired
B0,B0-M00,5,second_derivative,1923.3378431372553,-8.714704616148575e-06,difference of equal-sample representative means; not paired
B0,B0-M00,5,second_derivative,1928.7985882352943,-5.131383754754552e-06,difference of equal-sample representative means; not paired
B0,B0-M00,5,second_derivative,1934.2593333333336,-3.318614420423974e-06,difference of equal-sample representative means; not paired
B0,B0-M00,5,second_derivative,1939.7200784313727,-3.0853378272685213e-06,difference of equal-sample representative means; not paired
B0,B0-M00,5,second_derivative,1945.180823529412,-2.6988019742510937e-06,difference of equal-sample representative means; not paired
B0,B0-M00,5,second_derivative,1950.6415686274513,-2.649467744540367e-06,difference of equal-sample representative means; not paired
B0,B0-M00,5,second_derivative,1956.1023137254906,-2.9134049282464383e-06,difference of equal-sample representative means; not paired
B0,B0-M00,5,second_derivative,1961.5630588235294,-2.1372958398868982e-06,difference of equal-sample representative means; not paired
B0,B0-M00,5,second_derivative,1967.0238039215687,-2.000752170994709e-06,difference of equal-sample representative means; not paired
B0,B0-M00,5,second_derivative,1972.484549019608,-1.6546424375967731e-06,difference of equal-sample representative means; not paired
B0,B0-M00,5,second_derivative,1977.9452941176473,-1.3109470567172514e-06,difference of equal-sample representative means; not paired
B0,B0-M00,5,second_derivative,1983.4060392156866,-1.4047673499434428e-06,difference of equal-sample representative means; not paired
B0,B0-M00,5,second_derivative,1988.866784313726,-1.1807463112286933e-06,difference of equal-sample representative means; not paired
B0,B0-M00,5,second_derivative,1994.3275294117648,-5.043480140886101e-07,difference of equal-sample representative means; not paired
B0,B0-M00,5,second_derivative,1999.788274509804,9.594250428025447e-07,difference of equal-sample representative means; not paired
B0,B0-M00,5,second_derivative,2005.2490196078434,1.76395115319334e-06,difference of equal-sample representative means; not paired
B0,B0-M00,5,second_derivative,2010.7097647058827,2.545810223674885e-06,difference of equal-sample representative means; not paired
B0,B0-M00,5,second_derivative,2016.170509803922,3.2913786722508023e-06,difference of equal-sample representative means; not paired
B0,B0-M00,5,second_derivative,2021.6312549019613,4.233515013266867e-06,difference of equal-sample representative means; not paired
B0,B0-M00,5,second_derivative,2027.092,4.344978814104019e-06,difference of equal-sample representative means; not paired
B0,B0-M00,5,second_derivative,2032.5527450980394,5.140671607821218e-06,difference of equal-sample representative means; not paired
B0,B0-M00,5,second_derivative,2038.0134901960787,4.5608153974327985e-06,difference of equal-sample representative means; not paired
B0,B0-M00,5,second_derivative,2043.474235294118,3.469119158734973e-06,difference of equal-sample representative means; not paired
B0,B0-M00,5,second_derivative,2048.9349803921573,2.2814321613084724e-06,difference of equal-sample representative means; not paired
B0,B0-M00,5,second_derivative,2054.3957254901966,9.870462215682425e-07,difference of equal-sample representative means; not paired
B0,B0-M00,5,second_derivative,2059.8564705882354,-2.768408522129051e-07,difference of equal-sample representative means; not paired
B0,B0-M00,5,second_derivative,2065.3172156862747,-1.2169900805646694e-06,difference of equal-sample representative means; not paired
B0,B0-M00,5,second_derivative,2070.777960784314,-7.945168915651431e-07,difference of equal-sample representative means; not paired
B0,B0-M00,5,second_derivative,2076.2387058823533,-9.298133963548999e-07,difference of equal-sample representative means; not paired
B0,B0-M00,5,second_derivative,2081.6994509803926,-2.1138633687551556e-06,difference of equal-sample representative means; not paired
B0,B0-M00,5,second_derivative,2087.1601960784315,-1.8430542264300437e-06,difference of equal-sample representative means; not paired
B0,B0-M00,5,second_derivative,2092.6209411764708,-9.88072455065095e-07,difference of equal-sample representative means; not paired
B0,B0-M00,5,second_derivative,2098.08168627451,1.1503186962232278e-07,difference of equal-sample representative means; not paired
B0,B0-M00,5,second_derivative,2103.5424313725493,6.700476842684825e-07,difference of equal-sample representative means; not paired
B0,B0-M00,5,second_derivative,2109.0031764705886,-7.253543171422838e-07,difference of equal-sample representative means; not paired
B0,B0-M00,5,second_derivative,2114.463921568628,-3.6672380279407286e-06,difference of equal-sample representative means; not paired
B0,B0-M00,5,second_derivative,2119.924666666667,-4.298635718065117e-06,difference of equal-sample representative means; not paired
B0,B0-M00,5,second_derivative,2125.385411764706,-4.120870645082667e-06,difference of equal-sample representative means; not paired
B0,B0-M00,5,second_derivative,2130.8461568627454,-3.4493655179039677e-06,difference of equal-sample representative means; not paired
B0,B0-M00,5,second_derivative,2136.3069019607847,-1.0477428059938893e-06,difference of equal-sample representative means; not paired
B0,B0-M00,5,second_derivative,2141.767647058824,1.362012132546085e-07,difference of equal-sample representative means; not paired
B0,B0-M00,5,second_derivative,2147.2283921568633,-8.57663510620296e-08,difference of equal-sample representative means; not paired
B0,B0-M00,5,second_derivative,2152.689137254902,4.199635764844658e-07,difference of equal-sample representative means; not paired
B0,B0-M00,5,second_derivative,2158.1498823529414,4.801246359283976e-07,difference of equal-sample representative means; not paired
B0,B0-M00,5,second_derivative,2163.6106274509807,6.855800358427295e-07,difference of equal-sample representative means; not paired
B0,B0-M00,5,second_derivative,2169.07137254902,9.373899788237582e-07,difference of equal-sample representative means; not paired
B0,B0-M00,5,second_derivative,2174.5321176470593,3.6152965119937116e-07,difference of equal-sample representative means; not paired
B0,B0-M00,5,second_derivative,2179.992862745098,-7.652846098875564e-07,difference of equal-sample representative means; not paired
B0,B0-M00,5,second_derivative,2185.4536078431374,-6.159813965630537e-07,difference of equal-sample representative means; not paired
B0,B0-M00,5,second_derivative,2190.9143529411767,-5.4182621767774e-07,difference of equal-sample representative means; not paired
B0,B0-M00,5,second_derivative,2196.375098039216,-4.387651104323466e-07,difference of equal-sample representative means; not paired
B0,B0-M00,5,second_derivative,2201.8358431372553,7.466269374317924e-07,difference of equal-sample representative means; not paired
B0,B0-M00,5,second_derivative,2207.2965882352946,6.346347411285978e-07,difference of equal-sample representative means; not paired
B0,B0-M00,5,second_derivative,2212.7573333333335,5.3495027233042754e-08,difference of equal-sample representative means; not paired
B0,B0-M00,5,second_derivative,2218.2180784313728,-8.196361232842562e-07,difference of equal-sample representative means; not paired
B0,B0-M00,5,second_derivative,2223.678823529412,3.52973830082789e-07,difference of equal-sample representative means; not paired
B0,B0-M00,5,second_derivative,2229.1395686274514,2.4228181611952445e-06,difference of equal-sample representative means; not paired
B0,B0-M00,5,second_derivative,2234.6003137254907,4.3938976856709114e-06,difference of equal-sample representative means; not paired
B0,B0-M00,5,second_derivative,2240.06105882353,3.764134591598527e-06,difference of equal-sample representative means; not paired
B0,B0-M00,5,second_derivative,2245.521803921569,1.847989673563327e-06,difference of equal-sample representative means; not paired
B0,B0-M00,5,second_derivative,2250.982549019608,-9.040207441325031e-07,difference of equal-sample representative means; not paired
B0,B0-M00,5,second_derivative,2256.4432941176474,-1.979776739732757e-06,difference of equal-sample representative means; not paired
B0,B0-M00,5,second_derivative,2261.9040392156867,-2.6727595288323257e-07,difference of equal-sample representative means; not paired
B0,B0-M00,5,second_derivative,2267.364784313726,8.526128122332479e-08,difference of equal-sample representative means; not paired
B0,B0-M00,5,second_derivative,2272.825529411765,-1.2795649452688828e-06,difference of equal-sample representative means; not paired
B0,B0-M00,5,second_derivative,2278.286274509804,-3.7660385955156224e-06,difference of equal-sample representative means; not paired
B0,B0-M00,5,second_derivative,2283.7470196078434,-4.572741854257227e-06,difference of equal-sample representative means; not paired
B0,B0-M00,5,second_derivative,2289.2077647058827,-5.740619800294587e-06,difference of equal-sample representative means; not paired
B0,B0-M00,5,second_derivative,2294.668509803922,-5.740619800295022e-06,difference of equal-sample representative means; not paired
B0,B0-M00,5,second_derivative,2300.1292549019613,-5.740619800295022e-06,difference of equal-sample representative means; not paired
B0,B0-M00,5,second_derivative,2305.59,-5.740619800295022e-06,difference of equal-sample representative means; not paired
B0,B0-M00,6,reflectance,913.1,0.007672361097919467,difference of equal-sample representative means; not paired
B0,B0-M00,6,reflectance,918.5607450980392,0.0066676796015378015,difference of equal-sample representative means; not paired
B0,B0-M00,6,reflectance,924.0214901960785,0.006429322938397486,difference of equal-sample representative means; not paired
B0,B0-M00,6,reflectance,929.4822352941177,0.006069542374277148,difference of equal-sample representative means; not paired
B0,B0-M00,6,reflectance,934.9429803921569,0.005748019821420369,difference of equal-sample representative means; not paired
B0,B0-M00,6,reflectance,940.4037254901962,0.005430968526963231,difference of equal-sample representative means; not paired
B0,B0-M00,6,reflectance,945.8644705882353,0.004944730454029322,difference of equal-sample representative means; not paired
B0,B0-M00,6,reflectance,951.3252156862745,0.004823197696141035,difference of equal-sample representative means; not paired
B0,B0-M00,6,reflectance,956.7859607843137,0.00489294898560777,difference of equal-sample representative means; not paired
B0,B0-M00,6,reflectance,962.246705882353,0.0052292895046934795,difference of equal-sample representative means; not paired
B0,B0-M00,6,reflectance,967.7074509803922,0.005925698335963792,difference of equal-sample representative means; not paired
B0,B0-M00,6,reflectance,973.1681960784314,0.00660018377103444,difference of equal-sample representative means; not paired
B0,B0-M00,6,reflectance,978.6289411764706,0.007105189485841046,difference of equal-sample representative means; not paired
B0,B0-M00,6,reflectance,984.0896862745099,0.007468436822138491,difference of equal-sample representative means; not paired
B0,B0-M00,6,reflectance,989.550431372549,0.007631185577505417,difference of equal-sample representative means; not paired
B0,B0-M00,6,reflectance,995.0111764705882,0.007679559264909486,difference of equal-sample representative means; not paired
B0,B0-M00,6,reflectance,1000.4719215686275,0.0077023116936820735,difference of equal-sample representative means; not paired
B0,B0-M00,6,reflectance,1005.9326666666667,0.007738819354373039,difference of equal-sample representative means; not paired
B0,B0-M00,6,reflectance,1011.3934117647059,0.007660049476867825,difference of equal-sample representative means; not paired
B0,B0-M00,6,reflectance,1016.8541568627452,0.007564245497301281,difference of equal-sample representative means; not paired
B0,B0-M00,6,reflectance,1022.3149019607844,0.007504227881520831,difference of equal-sample representative means; not paired
B0,B0-M00,6,reflectance,1027.7756470588236,0.007318012241688043,difference of equal-sample representative means; not paired
B0,B0-M00,6,reflectance,1033.2363921568628,0.006960108088992056,difference of equal-sample representative means; not paired
B0,B0-M00,6,reflectance,1038.697137254902,0.006658720618727743,difference of equal-sample representative means; not paired
B0,B0-M00,6,reflectance,1044.1578823529412,0.006404306475241817,difference of equal-sample representative means; not paired
B0,B0-M00,6,reflectance,1049.6186274509805,0.006148885650359537,difference of equal-sample representative means; not paired
B0,B0-M00,6,reflectance,1055.0793725490196,0.005883732321037005,difference of equal-sample representative means; not paired
B0,B0-M00,6,reflectance,1060.5401176470589,0.0056321918097104184,difference of equal-sample representative means; not paired
B0,B0-M00,6,reflectance,1066.0008627450982,0.005414023779895083,difference of equal-sample representative means; not paired
B0,B0-M00,6,reflectance,1071.4616078431372,0.005191245491716012,difference of equal-sample representative means; not paired
B0,B0-M00,6,reflectance,1076.9223529411765,0.0050739308410642225,difference of equal-sample representative means; not paired
B0,B0-M00,6,reflectance,1082.3830980392158,0.005043699508393562,difference of equal-sample representative means; not paired
B0,B0-M00,6,reflectance,1087.843843137255,0.004933586625055608,difference of equal-sample representative means; not paired
B0,B0-M00,6,reflectance,1093.3045882352942,0.004721437847535315,difference of equal-sample representative means; not paired
B0,B0-M00,6,reflectance,1098.7653333333333,0.004493219500690704,difference of equal-sample representative means; not paired
B0,B0-M00,6,reflectance,1104.2260784313726,0.004361870660096856,difference of equal-sample representative means; not paired
B0,B0-M00,6,reflectance,1109.6868235294119,0.0044387986305968186,difference of equal-sample representative means; not paired
B0,B0-M00,6,reflectance,1115.1475686274512,0.005596253351869862,difference of equal-sample representative means; not paired
B0,B0-M00,6,reflectance,1120.6083137254902,0.005571026651185584,difference of equal-sample representative means; not paired
B0,B0-M00,6,reflectance,1126.0690588235295,0.006401908607011619,difference of equal-sample representative means; not paired
B0,B0-M00,6,reflectance,1131.5298039215686,0.007753845035880391,difference of equal-sample representative means; not paired
B0,B0-M00,6,reflectance,1136.990549019608,0.009191960086951778,difference of equal-sample representative means; not paired
B0,B0-M00,6,reflectance,1142.4512941176472,0.010529251618677349,difference of equal-sample representative means; not paired
B0,B0-M00,6,reflectance,1147.9120392156863,0.011750539039590335,difference of equal-sample representative means; not paired
B0,B0-M00,6,reflectance,1153.3727843137256,0.01290043423011511,difference of equal-sample representative means; not paired
B0,B0-M00,6,reflectance,1158.8335294117649,0.014099666965259328,difference of equal-sample representative means; not paired
B0,B0-M00,6,reflectance,1164.294274509804,0.015227298294199554,difference of equal-sample representative means; not paired
B0,B0-M00,6,reflectance,1169.7550196078432,0.016248928074969693,difference of equal-sample representative means; not paired
B0,B0-M00,6,reflectance,1175.2157647058825,0.017226260104762137,difference of equal-sample representative means; not paired
B0,B0-M00,6,reflectance,1180.6765098039216,0.01822321877106814,difference of equal-sample representative means; not paired
B0,B0-M00,6,reflectance,1186.137254901961,0.01922207682833843,difference of equal-sample representative means; not paired
B0,B0-M00,6,reflectance,1191.598,0.020076767655108352,difference of equal-sample representative means; not paired
B0,B0-M00,6,reflectance,1197.0587450980393,0.02063836543203934,difference of equal-sample representative means; not paired
B0,B0-M00,6,reflectance,1202.5194901960786,0.02089136590903784,difference of equal-sample representative means; not paired
B0,B0-M00,6,reflectance,1207.9802352941178,0.02100710562603114,difference of equal-sample representative means; not paired
B0,B0-M00,6,reflectance,1213.440980392157,0.020977793560480018,difference of equal-sample representative means; not paired
B0,B0-M00,6,reflectance,1218.9017254901962,0.02093163811290022,difference of equal-sample representative means; not paired
B0,B0-M00,6,reflectance,1224.3624705882353,0.02093049574217254,difference of equal-sample representative means; not paired
B0,B0-M00,6,reflectance,1229.8232156862746,0.020636365120490274,difference of equal-sample representative means; not paired
B0,B0-M00,6,reflectance,1235.2839607843139,0.020175612981423008,difference of equal-sample representative means; not paired
B0,B0-M00,6,reflectance,1240.7447058823532,0.019874072484505456,difference of equal-sample representative means; not paired
B0,B0-M00,6,reflectance,1246.2054509803922,0.01944479005121902,difference of equal-sample representative means; not paired
B0,B0-M00,6,reflectance,1251.6661960784315,0.0190251798091452,difference of equal-sample representative means; not paired
B0,B0-M00,6,reflectance,1257.1269411764706,0.018658043263331203,difference of equal-sample representative means; not paired
B0,B0-M00,6,reflectance,1262.58768627451,0.018314065140132563,difference of equal-sample representative means; not paired
B0,B0-M00,6,reflectance,1268.0484313725492,0.01800516843944433,difference of equal-sample representative means; not paired
B0,B0-M00,6,reflectance,1273.5091764705883,0.01782867444248548,difference of equal-sample representative means; not paired
B0,B0-M00,6,reflectance,1278.9699215686276,0.01744300486593453,difference of equal-sample representative means; not paired
B0,B0-M00,6,reflectance,1284.4306666666666,0.017001114276774754,difference of equal-sample representative means; not paired
B0,B0-M00,6,reflectance,1289.891411764706,0.016573435419065752,difference of equal-sample representative means; not paired
B0,B0-M00,6,reflectance,1295.3521568627452,0.01623098867787598,difference of equal-sample representative means; not paired
B0,B0-M00,6,reflectance,1300.8129019607845,0.016052904581860705,difference of equal-sample representative means; not paired
B0,B0-M00,6,reflectance,1306.2736470588236,0.016062654009975974,difference of equal-sample representative means; not paired
B0,B0-M00,6,reflectance,1311.734392156863,0.016115956288555444,difference of equal-sample representative means; not paired
B0,B0-M00,6,reflectance,1317.195137254902,0.016415852193464642,difference of equal-sample representative means; not paired
B0,B0-M00,6,reflectance,1322.6558823529413,0.016908935747343756,difference of equal-sample representative means; not paired
B0,B0-M00,6,reflectance,1328.1166274509806,0.017529715766068654,difference of equal-sample representative means; not paired
B0,B0-M00,6,reflectance,1333.5773725490199,0.018327159365522205,difference of equal-sample representative means; not paired
B0,B0-M00,6,reflectance,1339.038117647059,0.01927212405194867,difference of equal-sample representative means; not paired
B0,B0-M00,6,reflectance,1344.4988627450982,0.02034176728270265,difference of equal-sample representative means; not paired
B0,B0-M00,6,reflectance,1349.9596078431373,0.021628768101066065,difference of equal-sample representative means; not paired
B0,B0-M00,6,reflectance,1355.4203529411766,0.022948934801189425,difference of equal-sample representative means; not paired
B0,B0-M00,6,reflectance,1360.8810980392159,0.02420394065602749,difference of equal-sample representative means; not paired
B0,B0-M00,6,reflectance,1366.341843137255,0.025166629466798485,difference of equal-sample representative means; not paired
B0,B0-M00,6,reflectance,1371.8025882352943,0.025833280938505787,difference of equal-sample representative means; not paired
B0,B0-M00,6,reflectance,1377.2633333333333,0.026274697673077108,difference of equal-sample representative means; not paired
B0,B0-M00,6,reflectance,1382.7240784313726,0.02661434804043894,difference of equal-sample representative means; not paired
B0,B0-M00,6,reflectance,1388.184823529412,0.026965056028495415,difference of equal-sample representative means; not paired
B0,B0-M00,6,reflectance,1393.6455686274512,0.027277000326793255,difference of equal-sample representative means; not paired
B0,B0-M00,6,reflectance,1399.1063137254903,0.027605818862447173,difference of equal-sample representative means; not paired
B0,B0-M00,6,reflectance,1404.5670588235296,0.027929097056936747,difference of equal-sample representative means; not paired
B0,B0-M00,6,reflectance,1410.0278039215686,0.02813960447038838,difference of equal-sample representative means; not paired
B0,B0-M00,6,reflectance,1415.488549019608,0.02821555498294609,difference of equal-sample representative means; not paired
B0,B0-M00,6,reflectance,1420.9492941176472,0.028129962168588984,difference of equal-sample representative means; not paired
B0,B0-M00,6,reflectance,1426.4100392156865,0.027886475811985112,difference of equal-sample representative means; not paired
B0,B0-M00,6,reflectance,1431.8707843137256,0.027608673011611573,difference of equal-sample representative means; not paired
B0,B0-M00,6,reflectance,1437.3315294117647,0.02736595200186709,difference of equal-sample representative means; not paired
B0,B0-M00,6,reflectance,1442.792274509804,0.027223973068207563,difference of equal-sample representative means; not paired
B0,B0-M00,6,reflectance,1448.2530196078433,0.02710772867815764,difference of equal-sample representative means; not paired
B0,B0-M00,6,reflectance,1453.7137647058826,0.02702798776339438,difference of equal-sample representative means; not paired
B0,B0-M00,6,reflectance,1459.1745098039219,0.02699589879014197,difference of equal-sample representative means; not paired
B0,B0-M00,6,reflectance,1464.635254901961,0.027000745730132336,difference of equal-sample representative means; not paired
B0,B0-M00,6,reflectance,1470.096,0.02703169356750129,difference of equal-sample representative means; not paired
B0,B0-M00,6,reflectance,1475.5567450980393,0.027181864523370514,difference of equal-sample representative means; not paired
B0,B0-M00,6,reflectance,1481.0174901960786,0.02729197682886797,difference of equal-sample representative means; not paired
B0,B0-M00,6,reflectance,1486.478235294118,0.02742969501943815,difference of equal-sample representative means; not paired
B0,B0-M00,6,reflectance,1491.938980392157,0.027550050343163712,difference of equal-sample representative means; not paired
B0,B0-M00,6,reflectance,1497.3997254901963,0.027698560271342376,difference of equal-sample representative means; not paired
B0,B0-M00,6,reflectance,1502.8604705882353,0.027857485550706163,difference of equal-sample representative means; not paired
B0,B0-M00,6,reflectance,1508.3212156862746,0.0279666296637065,difference of equal-sample representative means; not paired
B0,B0-M00,6,reflectance,1513.781960784314,0.028085523785785327,difference of equal-sample representative means; not paired
B0,B0-M00,6,reflectance,1519.2427058823532,0.028180140489343697,difference of equal-sample representative means; not paired
B0,B0-M00,6,reflectance,1524.7034509803923,0.028219673691064817,difference of equal-sample representative means; not paired
B0,B0-M00,6,reflectance,1530.1641960784316,0.028304844721021016,difference of equal-sample representative means; not paired
B0,B0-M00,6,reflectance,1535.6249411764707,0.02837841926669643,difference of equal-sample representative means; not paired
B0,B0-M00,6,reflectance,1541.08568627451,0.028425330317270736,difference of equal-sample representative means; not paired
B0,B0-M00,6,reflectance,1546.5464313725493,0.02846045215590315,difference of equal-sample representative means; not paired
B0,B0-M00,6,reflectance,1552.0071764705885,0.02847937267560402,difference of equal-sample representative means; not paired
B0,B0-M00,6,reflectance,1557.4679215686276,0.02849462672436537,difference of equal-sample representative means; not paired
B0,B0-M00,6,reflectance,1562.9286666666667,0.028533626175173077,difference of equal-sample representative means; not paired
B0,B0-M00,6,reflectance,1568.389411764706,0.028531304237165767,difference of equal-sample representative means; not paired
B0,B0-M00,6,reflectance,1573.8501568627453,0.02852368055597837,difference of equal-sample representative means; not paired
B0,B0-M00,6,reflectance,1579.3109019607846,0.02851952470098429,difference of equal-sample representative means; not paired
B0,B0-M00,6,reflectance,1584.7716470588239,0.02852940839020135,difference of equal-sample representative means; not paired
B0,B0-M00,6,reflectance,1590.232392156863,0.02856204224761133,difference of equal-sample representative means; not paired
B0,B0-M00,6,reflectance,1595.693137254902,0.028583500721157895,difference of equal-sample representative means; not paired
B0,B0-M00,6,reflectance,1601.1538823529413,0.02855210706478073,difference of equal-sample representative means; not paired
B0,B0-M00,6,reflectance,1606.6146274509806,0.028515014260849847,difference of equal-sample representative means; not paired
B0,B0-M00,6,reflectance,1612.07537254902,0.028460092183245245,difference of equal-sample representative means; not paired
B0,B0-M00,6,reflectance,1617.536117647059,0.02835492183826338,difference of equal-sample representative means; not paired
B0,B0-M00,6,reflectance,1622.9968627450983,0.028237415802523536,difference of equal-sample representative means; not paired
B0,B0-M00,6,reflectance,1628.4576078431373,0.028132794979599973,difference of equal-sample representative means; not paired
B0,B0-M00,6,reflectance,1633.9183529411766,0.02798861745836234,difference of equal-sample representative means; not paired
B0,B0-M00,6,reflectance,1639.379098039216,0.02785541601300573,difference of equal-sample representative means; not paired
B0,B0-M00,6,reflectance,1644.8398431372552,0.027711415970730957,difference of equal-sample representative means; not paired
B0,B0-M00,6,reflectance,1650.3005882352943,0.0275562141271235,difference of equal-sample representative means; not paired
B0,B0-M00,6,reflectance,1655.7613333333334,0.02735624770344186,difference of equal-sample representative means; not paired
B0,B0-M00,6,reflectance,1661.2220784313727,0.027102762173158212,difference of equal-sample representative means; not paired
B0,B0-M00,6,reflectance,1666.682823529412,0.026819115986923492,difference of equal-sample representative means; not paired
B0,B0-M00,6,reflectance,1672.1435686274513,0.026558615897599835,difference of equal-sample representative means; not paired
B0,B0-M00,6,reflectance,1677.6043137254906,0.026391758265477627,difference of equal-sample representative means; not paired
B0,B0-M00,6,reflectance,1683.0650588235296,0.02630613310876212,difference of equal-sample representative means; not paired
B0,B0-M00,6,reflectance,1688.5258039215687,0.026343719321408443,difference of equal-sample representative means; not paired
B0,B0-M00,6,reflectance,1693.986549019608,0.02632887959418756,difference of equal-sample representative means; not paired
B0,B0-M00,6,reflectance,1699.4472941176473,0.026406516033394167,difference of equal-sample representative means; not paired
B0,B0-M00,6,reflectance,1704.9080392156866,0.026577942209003502,difference of equal-sample representative means; not paired
B0,B0-M00,6,reflectance,1710.3687843137257,0.026713491812555556,difference of equal-sample representative means; not paired
B0,B0-M00,6,reflectance,1715.829529411765,0.026705154022401256,difference of equal-sample representative means; not paired
B0,B0-M00,6,reflectance,1721.290274509804,0.02656925840106772,difference of equal-sample representative means; not paired
B0,B0-M00,6,reflectance,1726.7510196078433,0.02653899827575923,difference of equal-sample representative means; not paired
B0,B0-M00,6,reflectance,1732.2117647058826,0.02661316152758597,difference of equal-sample representative means; not paired
B0,B0-M00,6,reflectance,1737.672509803922,0.026681984413414905,difference of equal-sample representative means; not paired
B0,B0-M00,6,reflectance,1743.133254901961,0.02666913233993734,difference of equal-sample representative means; not paired
B0,B0-M00,6,reflectance,1748.594,0.026644442840150717,difference of equal-sample representative means; not paired
B0,B0-M00,6,reflectance,1754.0547450980393,0.026675229741761064,difference of equal-sample representative means; not paired
B0,B0-M00,6,reflectance,1759.5154901960786,0.02655240039428336,difference of equal-sample representative means; not paired
B0,B0-M00,6,reflectance,1764.976235294118,0.026439589913342443,difference of equal-sample representative means; not paired
B0,B0-M00,6,reflectance,1770.4369803921572,0.026358963489359177,difference of equal-sample representative means; not paired
B0,B0-M00,6,reflectance,1775.8977254901963,0.026231298333826203,difference of equal-sample representative means; not paired
B0,B0-M00,6,reflectance,1781.3584705882354,0.026176195985882666,difference of equal-sample representative means; not paired
B0,B0-M00,6,reflectance,1786.8192156862747,0.026147693579816722,difference of equal-sample representative means; not paired
B0,B0-M00,6,reflectance,1792.279960784314,0.026090581854670558,difference of equal-sample representative means; not paired
B0,B0-M00,6,reflectance,1797.7407058823533,0.026069894634496715,difference of equal-sample representative means; not paired
B0,B0-M00,6,reflectance,1803.2014509803923,0.02605215407106909,difference of equal-sample representative means; not paired
B0,B0-M00,6,reflectance,1808.6621960784316,0.026102147436913026,difference of equal-sample representative means; not paired
B0,B0-M00,6,reflectance,1814.1229411764707,0.026217003488265833,difference of equal-sample representative means; not paired
B0,B0-M00,6,reflectance,1819.58368627451,0.02626917784817351,difference of equal-sample representative means; not paired
B0,B0-M00,6,reflectance,1825.0444313725493,0.026349152743453064,difference of equal-sample representative means; not paired
B0,B0-M00,6,reflectance,1830.5051764705886,0.026449641664138768,difference of equal-sample representative means; not paired
B0,B0-M00,6,reflectance,1835.9659215686277,0.02650208320503422,difference of equal-sample representative means; not paired
B0,B0-M00,6,reflectance,1841.4266666666667,0.026579323191876836,difference of equal-sample representative means; not paired
B0,B0-M00,6,reflectance,1846.887411764706,0.026538175950473086,difference of equal-sample representative means; not paired
B0,B0-M00,6,reflectance,1852.3481568627453,0.026486027275897828,difference of equal-sample representative means; not paired
B0,B0-M00,6,reflectance,1857.8089019607846,0.02627174042306807,difference of equal-sample representative means; not paired
B0,B0-M00,6,reflectance,1863.269647058824,0.026245679211573836,difference of equal-sample representative means; not paired
B0,B0-M00,6,reflectance,1868.730392156863,0.026292523290820158,difference of equal-sample representative means; not paired
B0,B0-M00,6,reflectance,1874.191137254902,0.02619713496839593,difference of equal-sample representative means; not paired
B0,B0-M00,6,reflectance,1879.6518823529414,0.02591949127933979,difference of equal-sample representative means; not paired
B0,B0-M00,6,reflectance,1885.1126274509807,0.02536261080836516,difference of equal-sample representative means; not paired
B0,B0-M00,6,reflectance,1890.57337254902,0.024389648156961208,difference of equal-sample representative means; not paired
B0,B0-M00,6,reflectance,1896.034117647059,0.022974076530745458,difference of equal-sample representative means; not paired
B0,B0-M00,6,reflectance,1901.4948627450983,0.02165421429019959,difference of equal-sample representative means; not paired
B0,B0-M00,6,reflectance,1906.9556078431374,0.020367933111447356,difference of equal-sample representative means; not paired
B0,B0-M00,6,reflectance,1912.4163529411767,0.019135015847109638,difference of equal-sample representative means; not paired
B0,B0-M00,6,reflectance,1917.877098039216,0.01807606193953354,difference of equal-sample representative means; not paired
B0,B0-M00,6,reflectance,1923.3378431372553,0.01721886887343549,difference of equal-sample representative means; not paired
B0,B0-M00,6,reflectance,1928.7985882352943,0.016668789867200468,difference of equal-sample representative means; not paired
B0,B0-M00,6,reflectance,1934.2593333333336,0.016363828726838947,difference of equal-sample representative means; not paired
B0,B0-M00,6,reflectance,1939.7200784313727,0.01652084848841695,difference of equal-sample representative means; not paired
B0,B0-M00,6,reflectance,1945.180823529412,0.0166826268827705,difference of equal-sample representative means; not paired
B0,B0-M00,6,reflectance,1950.6415686274513,0.0169590730415822,difference of equal-sample representative means; not paired
B0,B0-M00,6,reflectance,1956.1023137254906,0.017376641088100553,difference of equal-sample representative means; not paired
B0,B0-M00,6,reflectance,1961.5630588235294,0.017764773567884362,difference of equal-sample representative means; not paired
B0,B0-M00,6,reflectance,1967.0238039215687,0.01822695926637885,difference of equal-sample representative means; not paired
B0,B0-M00,6,reflectance,1972.484549019608,0.018464537754463328,difference of equal-sample representative means; not paired
B0,B0-M00,6,reflectance,1977.9452941176473,0.018853855264352737,difference of equal-sample representative means; not paired
B0,B0-M00,6,reflectance,1983.4060392156866,0.0191534618807897,difference of equal-sample representative means; not paired
B0,B0-M00,6,reflectance,1988.866784313726,0.01946306390526853,difference of equal-sample representative means; not paired
B0,B0-M00,6,reflectance,1994.3275294117648,0.019646525441824048,difference of equal-sample representative means; not paired
B0,B0-M00,6,reflectance,1999.788274509804,0.0196953797457618,difference of equal-sample representative means; not paired
B0,B0-M00,6,reflectance,2005.2490196078434,0.019835540067981716,difference of equal-sample representative means; not paired
B0,B0-M00,6,reflectance,2010.7097647058827,0.0197116437518583,difference of equal-sample representative means; not paired
B0,B0-M00,6,reflectance,2016.170509803922,0.01972899345279827,difference of equal-sample representative means; not paired
B0,B0-M00,6,reflectance,2021.6312549019613,0.019429134534405867,difference of equal-sample representative means; not paired
B0,B0-M00,6,reflectance,2027.092,0.019059232817460803,difference of equal-sample representative means; not paired
B0,B0-M00,6,reflectance,2032.5527450980394,0.01882102197913088,difference of equal-sample representative means; not paired
B0,B0-M00,6,reflectance,2038.0134901960787,0.0185744542539813,difference of equal-sample representative means; not paired
B0,B0-M00,6,reflectance,2043.474235294118,0.01821989832046489,difference of equal-sample representative means; not paired
B0,B0-M00,6,reflectance,2048.9349803921573,0.018102320503895764,difference of equal-sample representative means; not paired
B0,B0-M00,6,reflectance,2054.3957254901966,0.018044464015240347,difference of equal-sample representative means; not paired
B0,B0-M00,6,reflectance,2059.8564705882354,0.01776628272593256,difference of equal-sample representative means; not paired
B0,B0-M00,6,reflectance,2065.3172156862747,0.01752159084214877,difference of equal-sample representative means; not paired
B0,B0-M00,6,reflectance,2070.777960784314,0.0172094975346202,difference of equal-sample representative means; not paired
B0,B0-M00,6,reflectance,2076.2387058823533,0.016958808437897988,difference of equal-sample representative means; not paired
B0,B0-M00,6,reflectance,2081.6994509803926,0.01680667604970959,difference of equal-sample representative means; not paired
B0,B0-M00,6,reflectance,2087.1601960784315,0.01666702883451676,difference of equal-sample representative means; not paired
B0,B0-M00,6,reflectance,2092.6209411764708,0.01662011817765574,difference of equal-sample representative means; not paired
B0,B0-M00,6,reflectance,2098.08168627451,0.016433608110300035,difference of equal-sample representative means; not paired
B0,B0-M00,6,reflectance,2103.5424313725493,0.016480302553816772,difference of equal-sample representative means; not paired
B0,B0-M00,6,reflectance,2109.0031764705886,0.01655571675328288,difference of equal-sample representative means; not paired
B0,B0-M00,6,reflectance,2114.463921568628,0.01666110033649537,difference of equal-sample representative means; not paired
B0,B0-M00,6,reflectance,2119.924666666667,0.01675382807196457,difference of equal-sample representative means; not paired
B0,B0-M00,6,reflectance,2125.385411764706,0.016771918734694247,difference of equal-sample representative means; not paired
B0,B0-M00,6,reflectance,2130.8461568627454,0.016735341825667938,difference of equal-sample representative means; not paired
B0,B0-M00,6,reflectance,2136.3069019607847,0.016851089825792642,difference of equal-sample representative means; not paired
B0,B0-M00,6,reflectance,2141.767647058824,0.016819284419640035,difference of equal-sample representative means; not paired
B0,B0-M00,6,reflectance,2147.2283921568633,0.016994838464773898,difference of equal-sample representative means; not paired
B0,B0-M00,6,reflectance,2152.689137254902,0.017113181281469103,difference of equal-sample representative means; not paired
B0,B0-M00,6,reflectance,2158.1498823529414,0.01718366138514177,difference of equal-sample representative means; not paired
B0,B0-M00,6,reflectance,2163.6106274509807,0.017319764338295074,difference of equal-sample representative means; not paired
B0,B0-M00,6,reflectance,2169.07137254902,0.0175592993398887,difference of equal-sample representative means; not paired
B0,B0-M00,6,reflectance,2174.5321176470593,0.017769837006875955,difference of equal-sample representative means; not paired
B0,B0-M00,6,reflectance,2179.992862745098,0.017805200796898735,difference of equal-sample representative means; not paired
B0,B0-M00,6,reflectance,2185.4536078431374,0.017946585267715698,difference of equal-sample representative means; not paired
B0,B0-M00,6,reflectance,2190.9143529411767,0.018010143326196604,difference of equal-sample representative means; not paired
B0,B0-M00,6,reflectance,2196.375098039216,0.01807547400906634,difference of equal-sample representative means; not paired
B0,B0-M00,6,reflectance,2201.8358431372553,0.018145454272919137,difference of equal-sample representative means; not paired
B0,B0-M00,6,reflectance,2207.2965882352946,0.01820473032560027,difference of equal-sample representative means; not paired
B0,B0-M00,6,reflectance,2212.7573333333335,0.018249592783890822,difference of equal-sample representative means; not paired
B0,B0-M00,6,reflectance,2218.2180784313728,0.01827983965103358,difference of equal-sample representative means; not paired
B0,B0-M00,6,reflectance,2223.678823529412,0.018355220694963648,difference of equal-sample representative means; not paired
B0,B0-M00,6,reflectance,2229.1395686274514,0.018253234350266767,difference of equal-sample representative means; not paired
B0,B0-M00,6,reflectance,2234.6003137254907,0.01816516143707475,difference of equal-sample representative means; not paired
B0,B0-M00,6,reflectance,2240.06105882353,0.017944547637856523,difference of equal-sample representative means; not paired
B0,B0-M00,6,reflectance,2245.521803921569,0.01765389235767928,difference of equal-sample representative means; not paired
B0,B0-M00,6,reflectance,2250.982549019608,0.017273840250585315,difference of equal-sample representative means; not paired
B0,B0-M00,6,reflectance,2256.4432941176474,0.016708445812742334,difference of equal-sample representative means; not paired
B0,B0-M00,6,reflectance,2261.9040392156867,0.01625913647472413,difference of equal-sample representative means; not paired
B0,B0-M00,6,reflectance,2267.364784313726,0.015656546965284762,difference of equal-sample representative means; not paired
B0,B0-M00,6,reflectance,2272.825529411765,0.015540737036873198,difference of equal-sample representative means; not paired
B0,B0-M00,6,reflectance,2278.286274509804,0.015588870647240488,difference of equal-sample representative means; not paired
B0,B0-M00,6,reflectance,2283.7470196078434,0.015602643284967299,difference of equal-sample representative means; not paired
B0,B0-M00,6,reflectance,2289.2077647058827,0.01559380464153809,difference of equal-sample representative means; not paired
B0,B0-M00,6,reflectance,2294.668509803922,0.015585764142804881,difference of equal-sample representative means; not paired
B0,B0-M00,6,reflectance,2300.1292549019613,0.015507301875331253,difference of equal-sample representative means; not paired
B0,B0-M00,6,reflectance,2305.59,0.01546569342634646,difference of equal-sample representative means; not paired
B0,B0-M00,6,snv,913.1,-0.046810575708667534,difference of equal-sample representative means; not paired
B0,B0-M00,6,snv,918.5607450980392,-0.047868971116091674,difference of equal-sample representative means; not paired
B0,B0-M00,6,snv,924.0214901960785,-0.04744797641834064,difference of equal-sample representative means; not paired
B0,B0-M00,6,snv,929.4822352941177,-0.04834825476286575,difference of equal-sample representative means; not paired
B0,B0-M00,6,snv,934.9429803921569,-0.049194147390361875,difference of equal-sample representative means; not paired
B0,B0-M00,6,snv,940.4037254901962,-0.05017185666735369,difference of equal-sample representative means; not paired
B0,B0-M00,6,snv,945.8644705882353,-0.05224822437945309,difference of equal-sample representative means; not paired
B0,B0-M00,6,snv,951.3252156862745,-0.052499174983753116,difference of equal-sample representative means; not paired
B0,B0-M00,6,snv,956.7859607843137,-0.052021952928366755,difference of equal-sample representative means; not paired
B0,B0-M00,6,snv,962.246705882353,-0.05051148608464895,difference of equal-sample representative means; not paired
B0,B0-M00,6,snv,967.7074509803922,-0.0468451593219712,difference of equal-sample representative means; not paired
B0,B0-M00,6,snv,973.1681960784314,-0.04338764278539364,difference of equal-sample representative means; not paired
B0,B0-M00,6,snv,978.6289411764706,-0.040812427135104024,difference of equal-sample representative means; not paired
B0,B0-M00,6,snv,984.0896862745099,-0.03879594135884368,difference of equal-sample representative means; not paired
B0,B0-M00,6,snv,989.550431372549,-0.03804106391611395,difference of equal-sample representative means; not paired
B0,B0-M00,6,snv,995.0111764705882,-0.03759062484657405,difference of equal-sample representative means; not paired
B0,B0-M00,6,snv,1000.4719215686275,-0.037244409030608994,difference of equal-sample representative means; not paired
B0,B0-M00,6,snv,1005.9326666666667,-0.03665150429127495,difference of equal-sample representative means; not paired
B0,B0-M00,6,snv,1011.3934117647059,-0.036915592490925464,difference of equal-sample representative means; not paired
B0,B0-M00,6,snv,1016.8541568627452,-0.037205612874345206,difference of equal-sample representative means; not paired
B0,B0-M00,6,snv,1022.3149019607844,-0.03701598672238671,difference of equal-sample representative means; not paired
B0,B0-M00,6,snv,1027.7756470588236,-0.03761581677193648,difference of equal-sample representative means; not paired
B0,B0-M00,6,snv,1033.2363921568628,-0.03939372181297185,difference of equal-sample representative means; not paired
B0,B0-M00,6,snv,1038.697137254902,-0.04070097153882313,difference of equal-sample representative means; not paired
B0,B0-M00,6,snv,1044.1578823529412,-0.04172877113889539,difference of equal-sample representative means; not paired
B0,B0-M00,6,snv,1049.6186274509805,-0.04273826113453438,difference of equal-sample representative means; not paired
B0,B0-M00,6,snv,1055.0793725490196,-0.04386464660107481,difference of equal-sample representative means; not paired
B0,B0-M00,6,snv,1060.5401176470589,-0.044943521974199374,difference of equal-sample representative means; not paired
B0,B0-M00,6,snv,1066.0008627450982,-0.04575981766011239,difference of equal-sample representative means; not paired
B0,B0-M00,6,snv,1071.4616078431372,-0.04670138310314775,difference of equal-sample representative means; not paired
B0,B0-M00,6,snv,1076.9223529411765,-0.04703690709849817,difference of equal-sample representative means; not paired
B0,B0-M00,6,snv,1082.3830980392158,-0.04685200427776337,difference of equal-sample representative means; not paired
B0,B0-M00,6,snv,1087.843843137255,-0.047026333898141814,difference of equal-sample representative means; not paired
B0,B0-M00,6,snv,1093.3045882352942,-0.047862195189882106,difference of equal-sample representative means; not paired
B0,B0-M00,6,snv,1098.7653333333333,-0.048853815320094585,difference of equal-sample representative means; not paired
B0,B0-M00,6,snv,1104.2260784313726,-0.04928692940373103,difference of equal-sample representative means; not paired
B0,B0-M00,6,snv,1109.6868235294119,-0.048659128293425224,difference of equal-sample representative means; not paired
B0,B0-M00,6,snv,1115.1475686274512,-0.04080650538248953,difference of equal-sample representative means; not paired
B0,B0-M00,6,snv,1120.6083137254902,-0.04251182965848521,difference of equal-sample representative means; not paired
B0,B0-M00,6,snv,1126.0690588235295,-0.03897883965998861,difference of equal-sample representative means; not paired
B0,B0-M00,6,snv,1131.5298039215686,-0.03225812701051134,difference of equal-sample representative means; not paired
B0,B0-M00,6,snv,1136.990549019608,-0.025024003764682723,difference of equal-sample representative means; not paired
B0,B0-M00,6,snv,1142.4512941176472,-0.018315032480802795,difference of equal-sample representative means; not paired
B0,B0-M00,6,snv,1147.9120392156863,-0.01224707537596803,difference of equal-sample representative means; not paired
B0,B0-M00,6,snv,1153.3727843137256,-0.006760670003360669,difference of equal-sample representative means; not paired
B0,B0-M00,6,snv,1158.8335294117649,-0.0009894713867826255,difference of equal-sample representative means; not paired
B0,B0-M00,6,snv,1164.294274509804,0.004163445678936339,difference of equal-sample representative means; not paired
B0,B0-M00,6,snv,1169.7550196078432,0.00909105722835224,difference of equal-sample representative means; not paired
B0,B0-M00,6,snv,1175.2157647058825,0.013903499152202459,difference of equal-sample representative means; not paired
B0,B0-M00,6,snv,1180.6765098039216,0.018694675498436508,difference of equal-sample representative means; not paired
B0,B0-M00,6,snv,1186.137254901961,0.023414476036164977,difference of equal-sample representative means; not paired
B0,B0-M00,6,snv,1191.598,0.027111681776778473,difference of equal-sample representative means; not paired
B0,B0-M00,6,snv,1197.0587450980393,0.02988896494243165,difference of equal-sample representative means; not paired
B0,B0-M00,6,snv,1202.5194901960786,0.031118651404492104,difference of equal-sample representative means; not paired
B0,B0-M00,6,snv,1207.9802352941178,0.03174096259331527,difference of equal-sample representative means; not paired
B0,B0-M00,6,snv,1213.440980392157,0.03073035145362779,difference of equal-sample representative means; not paired
B0,B0-M00,6,snv,1218.9017254901962,0.030166048808558554,difference of equal-sample representative means; not paired
B0,B0-M00,6,snv,1224.3624705882353,0.031660618479287805,difference of equal-sample representative means; not paired
B0,B0-M00,6,snv,1229.8232156862746,0.030310070706411896,difference of equal-sample representative means; not paired
B0,B0-M00,6,snv,1235.2839607843139,0.02667302638634772,difference of equal-sample representative means; not paired
B0,B0-M00,6,snv,1240.7447058823532,0.02695600717708424,difference of equal-sample representative means; not paired
B0,B0-M00,6,snv,1246.2054509803922,0.025538011646678793,difference of equal-sample representative means; not paired
B0,B0-M00,6,snv,1251.6661960784315,0.02371732116410885,difference of equal-sample representative means; not paired
B0,B0-M00,6,snv,1257.1269411764706,0.022079080522757755,difference of equal-sample representative means; not paired
B0,B0-M00,6,snv,1262.58768627451,0.020449551292871515,difference of equal-sample representative means; not paired
B0,B0-M00,6,snv,1268.0484313725492,0.01903029309034765,difference of equal-sample representative means; not paired
B0,B0-M00,6,snv,1273.5091764705883,0.018432508647786117,difference of equal-sample representative means; not paired
B0,B0-M00,6,snv,1278.9699215686276,0.016697387250521167,difference of equal-sample representative means; not paired
B0,B0-M00,6,snv,1284.4306666666666,0.014655813335395562,difference of equal-sample representative means; not paired
B0,B0-M00,6,snv,1289.891411764706,0.012678002553554446,difference of equal-sample representative means; not paired
B0,B0-M00,6,snv,1295.3521568627452,0.01107681159267826,difference of equal-sample representative means; not paired
B0,B0-M00,6,snv,1300.8129019607845,0.010341090292952826,difference of equal-sample representative means; not paired
B0,B0-M00,6,snv,1306.2736470588236,0.010618186841611088,difference of equal-sample representative means; not paired
B0,B0-M00,6,snv,1311.734392156863,0.010617823145774752,difference of equal-sample representative means; not paired
B0,B0-M00,6,snv,1317.195137254902,0.011905540589236319,difference of equal-sample representative means; not paired
B0,B0-M00,6,snv,1322.6558823529413,0.01416797450134677,difference of equal-sample representative means; not paired
B0,B0-M00,6,snv,1328.1166274509806,0.016794043409644743,difference of equal-sample representative means; not paired
B0,B0-M00,6,snv,1333.5773725490199,0.02014322064480134,difference of equal-sample representative means; not paired
B0,B0-M00,6,snv,1339.038117647059,0.024006116846206238,difference of equal-sample representative means; not paired
B0,B0-M00,6,snv,1344.4988627450982,0.028250370144822234,difference of equal-sample representative means; not paired
B0,B0-M00,6,snv,1349.9596078431373,0.03370631087659304,difference of equal-sample representative means; not paired
B0,B0-M00,6,snv,1355.4203529411766,0.039426453314794885,difference of equal-sample representative means; not paired
B0,B0-M00,6,snv,1360.8810980392159,0.04498193245331883,difference of equal-sample representative means; not paired
B0,B0-M00,6,snv,1366.341843137255,0.04887734992255188,difference of equal-sample representative means; not paired
B0,B0-M00,6,snv,1371.8025882352943,0.0512973478498826,difference of equal-sample representative means; not paired
B0,B0-M00,6,snv,1377.2633333333333,0.05262118412875616,difference of equal-sample representative means; not paired
B0,B0-M00,6,snv,1382.7240784313726,0.05351044102616742,difference of equal-sample representative means; not paired
B0,B0-M00,6,snv,1388.184823529412,0.05447402919846839,difference of equal-sample representative means; not paired
B0,B0-M00,6,snv,1393.6455686274512,0.05421603485651044,difference of equal-sample representative means; not paired
B0,B0-M00,6,snv,1399.1063137254903,0.05333468941981456,difference of equal-sample representative means; not paired
B0,B0-M00,6,snv,1404.5670588235296,0.052470985089651895,difference of equal-sample representative means; not paired
B0,B0-M00,6,snv,1410.0278039215686,0.0506988974699787,difference of equal-sample representative means; not paired
B0,B0-M00,6,snv,1415.488549019608,0.048162547833307603,difference of equal-sample representative means; not paired
B0,B0-M00,6,snv,1420.9492941176472,0.04496096803861052,difference of equal-sample representative means; not paired
B0,B0-M00,6,snv,1426.4100392156865,0.0412305481678889,difference of equal-sample representative means; not paired
B0,B0-M00,6,snv,1431.8707843137256,0.0378434318671646,difference of equal-sample representative means; not paired
B0,B0-M00,6,snv,1437.3315294117647,0.03526614801495681,difference of equal-sample representative means; not paired
B0,B0-M00,6,snv,1442.792274509804,0.03378368227233508,difference of equal-sample representative means; not paired
B0,B0-M00,6,snv,1448.2530196078433,0.032509632134825495,difference of equal-sample representative means; not paired
B0,B0-M00,6,snv,1453.7137647058826,0.031623998148126664,difference of equal-sample representative means; not paired
B0,B0-M00,6,snv,1459.1745098039219,0.031115765515340676,difference of equal-sample representative means; not paired
B0,B0-M00,6,snv,1464.635254901961,0.0308553641621504,difference of equal-sample representative means; not paired
B0,B0-M00,6,snv,1470.096,0.03090036793543338,difference of equal-sample representative means; not paired
B0,B0-M00,6,snv,1475.5567450980393,0.0316982536204794,difference of equal-sample representative means; not paired
B0,B0-M00,6,snv,1481.0174901960786,0.03231052271058599,difference of equal-sample representative means; not paired
B0,B0-M00,6,snv,1486.478235294118,0.03325003155054562,difference of equal-sample representative means; not paired
B0,B0-M00,6,snv,1491.938980392157,0.03405400751511989,difference of equal-sample representative means; not paired
B0,B0-M00,6,snv,1497.3997254901963,0.035079113351674795,difference of equal-sample representative means; not paired
B0,B0-M00,6,snv,1502.8604705882353,0.03620865488916547,difference of equal-sample representative means; not paired
B0,B0-M00,6,snv,1508.3212156862746,0.036995018404344826,difference of equal-sample representative means; not paired
B0,B0-M00,6,snv,1513.781960784314,0.03796936747286184,difference of equal-sample representative means; not paired
B0,B0-M00,6,snv,1519.2427058823532,0.03879058224575033,difference of equal-sample representative means; not paired
B0,B0-M00,6,snv,1524.7034509803923,0.03923526539533417,difference of equal-sample representative means; not paired
B0,B0-M00,6,snv,1530.1641960784316,0.0398816996206765,difference of equal-sample representative means; not paired
B0,B0-M00,6,snv,1535.6249411764707,0.040412252079723876,difference of equal-sample representative means; not paired
B0,B0-M00,6,snv,1541.08568627451,0.040830740798933285,difference of equal-sample representative means; not paired
B0,B0-M00,6,snv,1546.5464313725493,0.04126275085120246,difference of equal-sample representative means; not paired
B0,B0-M00,6,snv,1552.0071764705885,0.04157847030579154,difference of equal-sample representative means; not paired
B0,B0-M00,6,snv,1557.4679215686276,0.04178224155577226,difference of equal-sample representative means; not paired
B0,B0-M00,6,snv,1562.9286666666667,0.04215167233678996,difference of equal-sample representative means; not paired
B0,B0-M00,6,snv,1568.389411764706,0.042285403470241845,difference of equal-sample representative means; not paired
B0,B0-M00,6,snv,1573.8501568627453,0.04239539107840529,difference of equal-sample representative means; not paired
B0,B0-M00,6,snv,1579.3109019607846,0.04251039027057729,difference of equal-sample representative means; not paired
B0,B0-M00,6,snv,1584.7716470588239,0.042731830628474576,difference of equal-sample representative means; not paired
B0,B0-M00,6,snv,1590.232392156863,0.043169398700682204,difference of equal-sample representative means; not paired
B0,B0-M00,6,snv,1595.693137254902,0.043553134795249804,difference of equal-sample representative means; not paired
B0,B0-M00,6,snv,1601.1538823529413,0.04377504208518285,difference of equal-sample representative means; not paired
B0,B0-M00,6,snv,1606.6146274509806,0.04406311177732153,difference of equal-sample representative means; not paired
B0,B0-M00,6,snv,1612.07537254902,0.04430558066984425,difference of equal-sample representative means; not paired
B0,B0-M00,6,snv,1617.536117647059,0.04424275336435235,difference of equal-sample representative means; not paired
B0,B0-M00,6,snv,1622.9968627450983,0.044114239758764245,difference of equal-sample representative means; not paired
B0,B0-M00,6,snv,1628.4576078431373,0.04403338841204507,difference of equal-sample representative means; not paired
B0,B0-M00,6,snv,1633.9183529411766,0.0435431669679722,difference of equal-sample representative means; not paired
B0,B0-M00,6,snv,1639.379098039216,0.0431346976480097,difference of equal-sample representative means; not paired
B0,B0-M00,6,snv,1644.8398431372552,0.042403024834778286,difference of equal-sample representative means; not paired
B0,B0-M00,6,snv,1650.3005882352943,0.041473753612724956,difference of equal-sample representative means; not paired
B0,B0-M00,6,snv,1655.7613333333334,0.04020273412326891,difference of equal-sample representative means; not paired
B0,B0-M00,6,snv,1661.2220784313727,0.038375047799101725,difference of equal-sample representative means; not paired
B0,B0-M00,6,snv,1666.682823529412,0.03621431253000537,difference of equal-sample representative means; not paired
B0,B0-M00,6,snv,1672.1435686274513,0.03435782992556227,difference of equal-sample representative means; not paired
B0,B0-M00,6,snv,1677.6043137254906,0.03327812411729003,difference of equal-sample representative means; not paired
B0,B0-M00,6,snv,1683.0650588235296,0.032504178894034064,difference of equal-sample representative means; not paired
B0,B0-M00,6,snv,1688.5258039215687,0.03259943356882444,difference of equal-sample representative means; not paired
B0,B0-M00,6,snv,1693.986549019608,0.032118181890885944,difference of equal-sample representative means; not paired
B0,B0-M00,6,snv,1699.4472941176473,0.03228924498589436,difference of equal-sample representative means; not paired
B0,B0-M00,6,snv,1704.9080392156866,0.03315329106704612,difference of equal-sample representative means; not paired
B0,B0-M00,6,snv,1710.3687843137257,0.03384047864194406,difference of equal-sample representative means; not paired
B0,B0-M00,6,snv,1715.829529411765,0.03378308542909875,difference of equal-sample representative means; not paired
B0,B0-M00,6,snv,1721.290274509804,0.03273399719272546,difference of equal-sample representative means; not paired
B0,B0-M00,6,snv,1726.7510196078433,0.03244112206492855,difference of equal-sample representative means; not paired
B0,B0-M00,6,snv,1732.2117647058826,0.03284401420074606,difference of equal-sample representative means; not paired
B0,B0-M00,6,snv,1737.672509803922,0.033129174337323763,difference of equal-sample representative means; not paired
B0,B0-M00,6,snv,1743.133254901961,0.032836767554138224,difference of equal-sample representative means; not paired
B0,B0-M00,6,snv,1748.594,0.032520744510528665,difference of equal-sample representative means; not paired
B0,B0-M00,6,snv,1754.0547450980393,0.032690568083599214,difference of equal-sample representative means; not paired
B0,B0-M00,6,snv,1759.5154901960786,0.031942097919325396,difference of equal-sample representative means; not paired
B0,B0-M00,6,snv,1764.976235294118,0.03097242482794682,difference of equal-sample representative means; not paired
B0,B0-M00,6,snv,1770.4369803921572,0.030401482555657278,difference of equal-sample representative means; not paired
B0,B0-M00,6,snv,1775.8977254901963,0.029540610734801076,difference of equal-sample representative means; not paired
B0,B0-M00,6,snv,1781.3584705882354,0.02917751698328147,difference of equal-sample representative means; not paired
B0,B0-M00,6,snv,1786.8192156862747,0.028968959091141833,difference of equal-sample representative means; not paired
B0,B0-M00,6,snv,1792.279960784314,0.028529178922976794,difference of equal-sample representative means; not paired
B0,B0-M00,6,snv,1797.7407058823533,0.02836430102223908,difference of equal-sample representative means; not paired
B0,B0-M00,6,snv,1803.2014509803923,0.028432252947100334,difference of equal-sample representative means; not paired
B0,B0-M00,6,snv,1808.6621960784316,0.028825358450253635,difference of equal-sample representative means; not paired
B0,B0-M00,6,snv,1814.1229411764707,0.029711693830229646,difference of equal-sample representative means; not paired
B0,B0-M00,6,snv,1819.58368627451,0.03010237494603757,difference of equal-sample representative means; not paired
B0,B0-M00,6,snv,1825.0444313725493,0.030732066538690095,difference of equal-sample representative means; not paired
B0,B0-M00,6,snv,1830.5051764705886,0.031529355883307686,difference of equal-sample representative means; not paired
B0,B0-M00,6,snv,1835.9659215686277,0.031949986719766454,difference of equal-sample representative means; not paired
B0,B0-M00,6,snv,1841.4266666666667,0.032660677339324096,difference of equal-sample representative means; not paired
B0,B0-M00,6,snv,1846.887411764706,0.03274793575809898,difference of equal-sample representative means; not paired
B0,B0-M00,6,snv,1852.3481568627453,0.0326425770663476,difference of equal-sample representative means; not paired
B0,B0-M00,6,snv,1857.8089019607846,0.030131185449656483,difference of equal-sample representative means; not paired
B0,B0-M00,6,snv,1863.269647058824,0.030209129312367244,difference of equal-sample representative means; not paired
B0,B0-M00,6,snv,1868.730392156863,0.03105524315855468,difference of equal-sample representative means; not paired
B0,B0-M00,6,snv,1874.191137254902,0.03004145162160743,difference of equal-sample representative means; not paired
B0,B0-M00,6,snv,1879.6518823529414,0.027671871812274373,difference of equal-sample representative means; not paired
B0,B0-M00,6,snv,1885.1126274509807,0.022957748611393936,difference of equal-sample representative means; not paired
B0,B0-M00,6,snv,1890.57337254902,0.01540923932149485,difference of equal-sample representative means; not paired
B0,B0-M00,6,snv,1896.034117647059,0.004796790414304364,difference of equal-sample representative means; not paired
B0,B0-M00,6,snv,1901.4948627450983,-0.005337453711221407,difference of equal-sample representative means; not paired
B0,B0-M00,6,snv,1906.9556078431374,-0.014961582344361624,difference of equal-sample representative means; not paired
B0,B0-M00,6,snv,1912.4163529411767,-0.02379004109341687,difference of equal-sample representative means; not paired
B0,B0-M00,6,snv,1917.877098039216,-0.03103297041209352,difference of equal-sample representative means; not paired
B0,B0-M00,6,snv,1923.3378431372553,-0.036464236282846674,difference of equal-sample representative means; not paired
B0,B0-M00,6,snv,1928.7985882352943,-0.040280239753174296,difference of equal-sample representative means; not paired
B0,B0-M00,6,snv,1934.2593333333336,-0.04239778698397845,difference of equal-sample representative means; not paired
B0,B0-M00,6,snv,1939.7200784313727,-0.04127584898265213,difference of equal-sample representative means; not paired
B0,B0-M00,6,snv,1945.180823529412,-0.040215004963892964,difference of equal-sample representative means; not paired
B0,B0-M00,6,snv,1950.6415686274513,-0.038393765718824024,difference of equal-sample representative means; not paired
B0,B0-M00,6,snv,1956.1023137254906,-0.03555185223011592,difference of equal-sample representative means; not paired
B0,B0-M00,6,snv,1961.5630588235294,-0.03286497904607444,difference of equal-sample representative means; not paired
B0,B0-M00,6,snv,1967.0238039215687,-0.029632970168681938,difference of equal-sample representative means; not paired
B0,B0-M00,6,snv,1972.484549019608,-0.027926225050918907,difference of equal-sample representative means; not paired
B0,B0-M00,6,snv,1977.9452941176473,-0.025339514449924883,difference of equal-sample representative means; not paired
B0,B0-M00,6,snv,1983.4060392156866,-0.02314280736250507,difference of equal-sample representative means; not paired
B0,B0-M00,6,snv,1988.866784313726,-0.02069024955904475,difference of equal-sample representative means; not paired
B0,B0-M00,6,snv,1994.3275294117648,-0.019088226132254915,difference of equal-sample representative means; not paired
B0,B0-M00,6,snv,1999.788274509804,-0.018480797428228946,difference of equal-sample representative means; not paired
B0,B0-M00,6,snv,2005.2490196078434,-0.01728212291237219,difference of equal-sample representative means; not paired
B0,B0-M00,6,snv,2010.7097647058827,-0.018075595926735022,difference of equal-sample representative means; not paired
B0,B0-M00,6,snv,2016.170509803922,-0.017814287313761334,difference of equal-sample representative means; not paired
B0,B0-M00,6,snv,2021.6312549019613,-0.019423013771861508,difference of equal-sample representative means; not paired
B0,B0-M00,6,snv,2027.092,-0.02214008206269147,difference of equal-sample representative means; not paired
B0,B0-M00,6,snv,2032.5527450980394,-0.02396910566938426,difference of equal-sample representative means; not paired
B0,B0-M00,6,snv,2038.0134901960787,-0.025636021707857837,difference of equal-sample representative means; not paired
B0,B0-M00,6,snv,2043.474235294118,-0.028150545798316107,difference of equal-sample representative means; not paired
B0,B0-M00,6,snv,2048.9349803921573,-0.029328431768314678,difference of equal-sample representative means; not paired
B0,B0-M00,6,snv,2054.3957254901966,-0.03025625320148473,difference of equal-sample representative means; not paired
B0,B0-M00,6,snv,2059.8564705882354,-0.03216283085417759,difference of equal-sample representative means; not paired
B0,B0-M00,6,snv,2065.3172156862747,-0.03396437922324114,difference of equal-sample representative means; not paired
B0,B0-M00,6,snv,2070.777960784314,-0.03625680075057858,difference of equal-sample representative means; not paired
B0,B0-M00,6,snv,2076.2387058823533,-0.037867578339364494,difference of equal-sample representative means; not paired
B0,B0-M00,6,snv,2081.6994509803926,-0.038842354729219375,difference of equal-sample representative means; not paired
B0,B0-M00,6,snv,2087.1601960784315,-0.0401735240279808,difference of equal-sample representative means; not paired
B0,B0-M00,6,snv,2092.6209411764708,-0.04042027387682112,difference of equal-sample representative means; not paired
B0,B0-M00,6,snv,2098.08168627451,-0.04185366481466013,difference of equal-sample representative means; not paired
B0,B0-M00,6,snv,2103.5424313725493,-0.04154510528962674,difference of equal-sample representative means; not paired
B0,B0-M00,6,snv,2109.0031764705886,-0.041345193046230744,difference of equal-sample representative means; not paired
B0,B0-M00,6,snv,2114.463921568628,-0.0406578519854226,difference of equal-sample representative means; not paired
B0,B0-M00,6,snv,2119.924666666667,-0.03992937639081373,difference of equal-sample representative means; not paired
B0,B0-M00,6,snv,2125.385411764706,-0.039886184773022304,difference of equal-sample representative means; not paired
B0,B0-M00,6,snv,2130.8461568627454,-0.040251253420964916,difference of equal-sample representative means; not paired
B0,B0-M00,6,snv,2136.3069019607847,-0.039551811009566284,difference of equal-sample representative means; not paired
B0,B0-M00,6,snv,2141.767647058824,-0.039831832013210944,difference of equal-sample representative means; not paired
B0,B0-M00,6,snv,2147.2283921568633,-0.03841765920888007,difference of equal-sample representative means; not paired
B0,B0-M00,6,snv,2152.689137254902,-0.03758039418963355,difference of equal-sample representative means; not paired
B0,B0-M00,6,snv,2158.1498823529414,-0.03719837544723048,difference of equal-sample representative means; not paired
B0,B0-M00,6,snv,2163.6106274509807,-0.036376791645719164,difference of equal-sample representative means; not paired
B0,B0-M00,6,snv,2169.07137254902,-0.03475376545918385,difference of equal-sample representative means; not paired
B0,B0-M00,6,snv,2174.5321176470593,-0.033165336218259345,difference of equal-sample representative means; not paired
B0,B0-M00,6,snv,2179.992862745098,-0.03308642340823731,difference of equal-sample representative means; not paired
B0,B0-M00,6,snv,2185.4536078431374,-0.03213511147129677,difference of equal-sample representative means; not paired
B0,B0-M00,6,snv,2190.9143529411767,-0.03141236697497207,difference of equal-sample representative means; not paired
B0,B0-M00,6,snv,2196.375098039216,-0.030930568154452165,difference of equal-sample representative means; not paired
B0,B0-M00,6,snv,2201.8358431372553,-0.0303966558494847,difference of equal-sample representative means; not paired
B0,B0-M00,6,snv,2207.2965882352946,-0.029952874948586117,difference of equal-sample representative means; not paired
B0,B0-M00,6,snv,2212.7573333333335,-0.029858653345265496,difference of equal-sample representative means; not paired
B0,B0-M00,6,snv,2218.2180784313728,-0.029584223276531096,difference of equal-sample representative means; not paired
B0,B0-M00,6,snv,2223.678823529412,-0.02858170831153828,difference of equal-sample representative means; not paired
B0,B0-M00,6,snv,2229.1395686274514,-0.029360534548804607,difference of equal-sample representative means; not paired
B0,B0-M00,6,snv,2234.6003137254907,-0.03013745897541631,difference of equal-sample representative means; not paired
B0,B0-M00,6,snv,2240.06105882353,-0.03190938596377213,difference of equal-sample representative means; not paired
B0,B0-M00,6,snv,2245.521803921569,-0.034175627976765544,difference of equal-sample representative means; not paired
B0,B0-M00,6,snv,2250.982549019608,-0.03673788116953447,difference of equal-sample representative means; not paired
B0,B0-M00,6,snv,2256.4432941176474,-0.040206259289147006,difference of equal-sample representative means; not paired
B0,B0-M00,6,snv,2261.9040392156867,-0.043837744669950274,difference of equal-sample representative means; not paired
B0,B0-M00,6,snv,2267.364784313726,-0.04846714303431199,difference of equal-sample representative means; not paired
B0,B0-M00,6,snv,2272.825529411765,-0.049206351586289054,difference of equal-sample representative means; not paired
B0,B0-M00,6,snv,2278.286274509804,-0.04872699675377068,difference of equal-sample representative means; not paired
B0,B0-M00,6,snv,2283.7470196078434,-0.04879880592097119,difference of equal-sample representative means; not paired
B0,B0-M00,6,snv,2289.2077647058827,-0.04897476347186114,difference of equal-sample representative means; not paired
B0,B0-M00,6,snv,2294.668509803922,-0.04884526546549095,difference of equal-sample representative means; not paired
B0,B0-M00,6,snv,2300.1292549019613,-0.04949945408573897,difference of equal-sample representative means; not paired
B0,B0-M00,6,snv,2305.59,-0.050990613818723496,difference of equal-sample representative means; not paired
B0,B0-M00,6,second_derivative,913.1,-2.6155092033090495e-06,difference of equal-sample representative means; not paired
B0,B0-M00,6,second_derivative,918.5607450980392,-2.6155092033090495e-06,difference of equal-sample representative means; not paired
B0,B0-M00,6,second_derivative,924.0214901960785,-2.6155092033090495e-06,difference of equal-sample representative means; not paired
B0,B0-M00,6,second_derivative,929.4822352941177,-2.615509203308968e-06,difference of equal-sample representative means; not paired
B0,B0-M00,6,second_derivative,934.9429803921569,-2.302038239429072e-06,difference of equal-sample representative means; not paired
B0,B0-M00,6,second_derivative,940.4037254901962,-3.005810247512492e-06,difference of equal-sample representative means; not paired
B0,B0-M00,6,second_derivative,945.8644705882353,-4.00830292536511e-06,difference of equal-sample representative means; not paired
B0,B0-M00,6,second_derivative,951.3252156862745,-5.427414422709488e-06,difference of equal-sample representative means; not paired
B0,B0-M00,6,second_derivative,956.7859607843137,-5.479388245508455e-06,difference of equal-sample representative means; not paired
B0,B0-M00,6,second_derivative,962.246705882353,-3.5918532410915198e-06,difference of equal-sample representative means; not paired
B0,B0-M00,6,second_derivative,967.7074509803922,-1.3799359345575419e-06,difference of equal-sample representative means; not paired
B0,B0-M00,6,second_derivative,973.1681960784314,1.388277380309308e-06,difference of equal-sample representative means; not paired
B0,B0-M00,6,second_derivative,978.6289411764706,3.2996319786567558e-06,difference of equal-sample representative means; not paired
B0,B0-M00,6,second_derivative,984.0896862745099,3.290040162450677e-06,difference of equal-sample representative means; not paired
B0,B0-M00,6,second_derivative,989.550431372549,2.466360828686069e-06,difference of equal-sample representative means; not paired
B0,B0-M00,6,second_derivative,995.0111764705882,1.8084939826705072e-06,difference of equal-sample representative means; not paired
B0,B0-M00,6,second_derivative,1000.4719215686275,1.2585695480151689e-06,difference of equal-sample representative means; not paired
B0,B0-M00,6,second_derivative,1005.9326666666667,8.775602296227872e-07,difference of equal-sample representative means; not paired
B0,B0-M00,6,second_derivative,1011.3934117647059,8.514775950062354e-07,difference of equal-sample representative means; not paired
B0,B0-M00,6,second_derivative,1016.8541568627452,1.1650221666387425e-06,difference of equal-sample representative means; not paired
B0,B0-M00,6,second_derivative,1022.3149019607844,1.2165441036042487e-06,difference of equal-sample representative means; not paired
B0,B0-M00,6,second_derivative,1027.7756470588236,1.0761806678217323e-06,difference of equal-sample representative means; not paired
B0,B0-M00,6,second_derivative,1033.2363921568628,4.946506392127542e-07,difference of equal-sample representative means; not paired
B0,B0-M00,6,second_derivative,1038.697137254902,-2.5693133923219026e-07,difference of equal-sample representative means; not paired
B0,B0-M00,6,second_derivative,1044.1578823529412,-4.602814508758578e-07,difference of equal-sample representative means; not paired
B0,B0-M00,6,second_derivative,1049.6186274509805,-2.404081747138697e-07,difference of equal-sample representative means; not paired
B0,B0-M00,6,second_derivative,1055.0793725490196,-1.7023778195396685e-07,difference of equal-sample representative means; not paired
B0,B0-M00,6,second_derivative,1060.5401176470589,-4.063405196877983e-07,difference of equal-sample representative means; not paired
B0,B0-M00,6,second_derivative,1066.0008627450982,-7.941230881633166e-07,difference of equal-sample representative means; not paired
B0,B0-M00,6,second_derivative,1071.4616078431372,-8.327787391742452e-07,difference of equal-sample representative means; not paired
B0,B0-M00,6,second_derivative,1076.9223529411765,-3.6661362387385783e-07,difference of equal-sample representative means; not paired
B0,B0-M00,6,second_derivative,1082.3830980392158,2.436412258834708e-07,difference of equal-sample representative means; not paired
B0,B0-M00,6,second_derivative,1087.843843137255,4.716566060040916e-07,difference of equal-sample representative means; not paired
B0,B0-M00,6,second_derivative,1093.3045882352942,-3.9282437927911715e-07,difference of equal-sample representative means; not paired
B0,B0-M00,6,second_derivative,1098.7653333333333,-4.459038015619057e-06,difference of equal-sample representative means; not paired
B0,B0-M00,6,second_derivative,1104.2260784313726,-4.276809356098405e-06,difference of equal-sample representative means; not paired
B0,B0-M00,6,second_derivative,1109.6868235294119,-3.7397626321906334e-06,difference of equal-sample representative means; not paired
B0,B0-M00,6,second_derivative,1115.1475686274512,-4.067066371442671e-06,difference of equal-sample representative means; not paired
B0,B0-M00,6,second_derivative,1120.6083137254902,-4.663501259401058e-06,difference of equal-sample representative means; not paired
B0,B0-M00,6,second_derivative,1126.0690588235295,-5.028714858508868e-06,difference of equal-sample representative means; not paired
B0,B0-M00,6,second_derivative,1131.5298039215686,-5.369728199478963e-06,difference of equal-sample representative means; not paired
B0,B0-M00,6,second_derivative,1136.990549019608,-1.0326312408150692e-06,difference of equal-sample representative means; not paired
B0,B0-M00,6,second_derivative,1142.4512941176472,6.189274364082514e-07,difference of equal-sample representative means; not paired
B0,B0-M00,6,second_derivative,1147.9120392156863,5.813449915768609e-07,difference of equal-sample representative means; not paired
B0,B0-M00,6,second_derivative,1153.3727843137256,3.843816881276137e-07,difference of equal-sample representative means; not paired
B0,B0-M00,6,second_derivative,1158.8335294117649,5.220585628716866e-07,difference of equal-sample representative means; not paired
B0,B0-M00,6,second_derivative,1164.294274509804,7.155375844978378e-07,difference of equal-sample representative means; not paired
B0,B0-M00,6,second_derivative,1169.7550196078432,5.675144830754115e-07,difference of equal-sample representative means; not paired
B0,B0-M00,6,second_derivative,1175.2157647058825,3.866693901470362e-07,difference of equal-sample representative means; not paired
B0,B0-M00,6,second_derivative,1180.6765098039216,1.3975197398987073e-06,difference of equal-sample representative means; not paired
B0,B0-M00,6,second_derivative,1186.137254901961,3.5852002764664963e-06,difference of equal-sample representative means; not paired
B0,B0-M00,6,second_derivative,1191.598,5.530442142428321e-06,difference of equal-sample representative means; not paired
B0,B0-M00,6,second_derivative,1197.0587450980393,6.3444501576570734e-06,difference of equal-sample representative means; not paired
B0,B0-M00,6,second_derivative,1202.5194901960786,5.438702381089303e-06,difference of equal-sample representative means; not paired
B0,B0-M00,6,second_derivative,1207.9802352941178,3.358964905049535e-06,difference of equal-sample representative means; not paired
B0,B0-M00,6,second_derivative,1213.440980392157,2.4930744182831217e-06,difference of equal-sample representative means; not paired
B0,B0-M00,6,second_derivative,1218.9017254901962,3.034600888749435e-06,difference of equal-sample representative means; not paired
B0,B0-M00,6,second_derivative,1224.3624705882353,2.7618939250824854e-06,difference of equal-sample representative means; not paired
B0,B0-M00,6,second_derivative,1229.8232156862746,2.3651387050122537e-06,difference of equal-sample representative means; not paired
B0,B0-M00,6,second_derivative,1235.2839607843139,1.3093485144004076e-06,difference of equal-sample representative means; not paired
B0,B0-M00,6,second_derivative,1240.7447058823532,-1.678113784002132e-07,difference of equal-sample representative means; not paired
B0,B0-M00,6,second_derivative,1246.2054509803922,-5.258679758704287e-07,difference of equal-sample representative means; not paired
B0,B0-M00,6,second_derivative,1251.6661960784315,-4.709219216317606e-07,difference of equal-sample representative means; not paired
B0,B0-M00,6,second_derivative,1257.1269411764706,-1.3210041033148573e-06,difference of equal-sample representative means; not paired
B0,B0-M00,6,second_derivative,1262.58768627451,-8.651866358635599e-07,difference of equal-sample representative means; not paired
B0,B0-M00,6,second_derivative,1268.0484313725492,1.1212917454353914e-07,difference of equal-sample representative means; not paired
B0,B0-M00,6,second_derivative,1273.5091764705883,8.571940569182994e-07,difference of equal-sample representative means; not paired
B0,B0-M00,6,second_derivative,1278.9699215686276,9.192547135103909e-07,difference of equal-sample representative means; not paired
B0,B0-M00,6,second_derivative,1284.4306666666666,-1.1354158194510773e-07,difference of equal-sample representative means; not paired
B0,B0-M00,6,second_derivative,1289.891411764706,-2.089683748959388e-06,difference of equal-sample representative means; not paired
B0,B0-M00,6,second_derivative,1295.3521568627452,-3.089131763849713e-06,difference of equal-sample representative means; not paired
B0,B0-M00,6,second_derivative,1300.8129019607845,-3.767004553441469e-06,difference of equal-sample representative means; not paired
B0,B0-M00,6,second_derivative,1306.2736470588236,-4.213691323289286e-06,difference of equal-sample representative means; not paired
B0,B0-M00,6,second_derivative,1311.734392156863,-4.405393910733543e-06,difference of equal-sample representative means; not paired
B0,B0-M00,6,second_derivative,1317.195137254902,-4.699244111071496e-06,difference of equal-sample representative means; not paired
B0,B0-M00,6,second_derivative,1322.6558823529413,-5.043766749517481e-06,difference of equal-sample representative means; not paired
B0,B0-M00,6,second_derivative,1328.1166274509806,-5.001675138915695e-06,difference of equal-sample representative means; not paired
B0,B0-M00,6,second_derivative,1333.5773725490199,-5.425486043456394e-06,difference of equal-sample representative means; not paired
B0,B0-M00,6,second_derivative,1339.038117647059,-5.3026731085736034e-06,difference of equal-sample representative means; not paired
B0,B0-M00,6,second_derivative,1344.4988627450982,-4.0911026705580315e-06,difference of equal-sample representative means; not paired
B0,B0-M00,6,second_derivative,1349.9596078431373,-1.6559358011228734e-06,difference of equal-sample representative means; not paired
B0,B0-M00,6,second_derivative,1355.4203529411766,1.5505089376168106e-06,difference of equal-sample representative means; not paired
B0,B0-M00,6,second_derivative,1360.8810980392159,4.455615316576971e-06,difference of equal-sample representative means; not paired
B0,B0-M00,6,second_derivative,1366.341843137255,5.637149531185028e-06,difference of equal-sample representative means; not paired
B0,B0-M00,6,second_derivative,1371.8025882352943,4.757209115782865e-06,difference of equal-sample representative means; not paired
B0,B0-M00,6,second_derivative,1377.2633333333333,1.9776538632909005e-06,difference of equal-sample representative means; not paired
B0,B0-M00,6,second_derivative,1382.7240784313726,-1.524772186276036e-06,difference of equal-sample representative means; not paired
B0,B0-M00,6,second_derivative,1388.184823529412,-4.605312115271685e-06,difference of equal-sample representative means; not paired
B0,B0-M00,6,second_derivative,1393.6455686274512,-5.984273015962691e-06,difference of equal-sample representative means; not paired
B0,B0-M00,6,second_derivative,1399.1063137254903,-5.362694806304051e-06,difference of equal-sample representative means; not paired
B0,B0-M00,6,second_derivative,1404.5670588235296,-3.02751098318225e-06,difference of equal-sample representative means; not paired
B0,B0-M00,6,second_derivative,1410.0278039215686,6.1621946191711e-07,difference of equal-sample representative means; not paired
B0,B0-M00,6,second_derivative,1415.488549019608,4.1860133941050155e-06,difference of equal-sample representative means; not paired
B0,B0-M00,6,second_derivative,1420.9492941176472,6.698530700501932e-06,difference of equal-sample representative means; not paired
B0,B0-M00,6,second_derivative,1426.4100392156865,7.325586005155251e-06,difference of equal-sample representative means; not paired
B0,B0-M00,6,second_derivative,1431.8707843137256,6.375401092303311e-06,difference of equal-sample representative means; not paired
B0,B0-M00,6,second_derivative,1437.3315294117647,4.706462385370273e-06,difference of equal-sample representative means; not paired
B0,B0-M00,6,second_derivative,1442.792274509804,3.1341026773033196e-06,difference of equal-sample representative means; not paired
B0,B0-M00,6,second_derivative,1448.2530196078433,1.8428575230871325e-06,difference of equal-sample representative means; not paired
B0,B0-M00,6,second_derivative,1453.7137647058826,1.075620419626263e-06,difference of equal-sample representative means; not paired
B0,B0-M00,6,second_derivative,1459.1745098039219,4.915498166308148e-08,difference of equal-sample representative means; not paired
B0,B0-M00,6,second_derivative,1464.635254901961,-1.0082936330949721e-07,difference of equal-sample representative means; not paired
B0,B0-M00,6,second_derivative,1470.096,3.291512927300256e-07,difference of equal-sample representative means; not paired
B0,B0-M00,6,second_derivative,1475.5567450980393,1.0618748602454344e-06,difference of equal-sample representative means; not paired
B0,B0-M00,6,second_derivative,1481.0174901960786,1.5191962781598902e-06,difference of equal-sample representative means; not paired
B0,B0-M00,6,second_derivative,1486.478235294118,1.4590211048273219e-06,difference of equal-sample representative means; not paired
B0,B0-M00,6,second_derivative,1491.938980392157,1.0728445904076002e-06,difference of equal-sample representative means; not paired
B0,B0-M00,6,second_derivative,1497.3997254901963,9.921903255705317e-07,difference of equal-sample representative means; not paired
B0,B0-M00,6,second_derivative,1502.8604705882353,9.81134126033557e-07,difference of equal-sample representative means; not paired
B0,B0-M00,6,second_derivative,1508.3212156862746,1.1442259822723114e-06,difference of equal-sample representative means; not paired
B0,B0-M00,6,second_derivative,1513.781960784314,5.695938511014668e-07,difference of equal-sample representative means; not paired
B0,B0-M00,6,second_derivative,1519.2427058823532,-2.605363470161344e-07,difference of equal-sample representative means; not paired
B0,B0-M00,6,second_derivative,1524.7034509803923,-6.508440520126656e-07,difference of equal-sample representative means; not paired
B0,B0-M00,6,second_derivative,1530.1641960784316,-7.164468230538405e-07,difference of equal-sample representative means; not paired
B0,B0-M00,6,second_derivative,1535.6249411764707,-2.5381431536507496e-07,difference of equal-sample representative means; not paired
B0,B0-M00,6,second_derivative,1541.08568627451,3.9019381247518473e-07,difference of equal-sample representative means; not paired
B0,B0-M00,6,second_derivative,1546.5464313725493,3.780585497866824e-07,difference of equal-sample representative means; not paired
B0,B0-M00,6,second_derivative,1552.0071764705885,3.0355793402998435e-07,difference of equal-sample representative means; not paired
B0,B0-M00,6,second_derivative,1557.4679215686276,2.734381552183346e-07,difference of equal-sample representative means; not paired
B0,B0-M00,6,second_derivative,1562.9286666666667,2.014977874039316e-07,difference of equal-sample representative means; not paired
B0,B0-M00,6,second_derivative,1568.389411764706,9.487210970602491e-08,difference of equal-sample representative means; not paired
B0,B0-M00,6,second_derivative,1573.8501568627453,-6.063437376709275e-08,difference of equal-sample representative means; not paired
B0,B0-M00,6,second_derivative,1579.3109019607846,1.1146309506853447e-08,difference of equal-sample representative means; not paired
B0,B0-M00,6,second_derivative,1584.7716470588239,8.762230868744364e-07,difference of equal-sample representative means; not paired
B0,B0-M00,6,second_derivative,1590.232392156863,1.6930444334862031e-06,difference of equal-sample representative means; not paired
B0,B0-M00,6,second_derivative,1595.693137254902,2.0220931130470395e-06,difference of equal-sample representative means; not paired
B0,B0-M00,6,second_derivative,1601.1538823529413,1.8988041084423693e-06,difference of equal-sample representative means; not paired
B0,B0-M00,6,second_derivative,1606.6146274509806,1.3033735434234923e-06,difference of equal-sample representative means; not paired
B0,B0-M00,6,second_derivative,1612.07537254902,4.4771548181765245e-07,difference of equal-sample representative means; not paired
B0,B0-M00,6,second_derivative,1617.536117647059,-7.42260278783136e-08,difference of equal-sample representative means; not paired
B0,B0-M00,6,second_derivative,1622.9968627450983,-7.007392064315701e-07,difference of equal-sample representative means; not paired
B0,B0-M00,6,second_derivative,1628.4576078431373,-1.173162467046283e-06,difference of equal-sample representative means; not paired
B0,B0-M00,6,second_derivative,1633.9183529411766,-1.617707897088802e-06,difference of equal-sample representative means; not paired
B0,B0-M00,6,second_derivative,1639.379098039216,-1.9877709165320068e-06,difference of equal-sample representative means; not paired
B0,B0-M00,6,second_derivative,1644.8398431372552,-1.9810963581534105e-06,difference of equal-sample representative means; not paired
B0,B0-M00,6,second_derivative,1650.3005882352943,-1.35513955531231e-06,difference of equal-sample representative means; not paired
B0,B0-M00,6,second_derivative,1655.7613333333334,-6.912762900041105e-07,difference of equal-sample representative means; not paired
B0,B0-M00,6,second_derivative,1661.2220784313727,-4.258439384084335e-07,difference of equal-sample representative means; not paired
B0,B0-M00,6,second_derivative,1666.682823529412,-5.336665791225704e-07,difference of equal-sample representative means; not paired
B0,B0-M00,6,second_derivative,1672.1435686274513,-1.0854599267489454e-06,difference of equal-sample representative means; not paired
B0,B0-M00,6,second_derivative,1677.6043137254906,-1.2229050353143775e-06,difference of equal-sample representative means; not paired
B0,B0-M00,6,second_derivative,1683.0650588235296,-1.3447068096625183e-06,difference of equal-sample representative means; not paired
B0,B0-M00,6,second_derivative,1688.5258039215687,-1.6753830655573923e-06,difference of equal-sample representative means; not paired
B0,B0-M00,6,second_derivative,1693.986549019608,-1.5366399700401404e-06,difference of equal-sample representative means; not paired
B0,B0-M00,6,second_derivative,1699.4472941176473,-1.3754739580767136e-07,difference of equal-sample representative means; not paired
B0,B0-M00,6,second_derivative,1704.9080392156866,1.5232073867780832e-06,difference of equal-sample representative means; not paired
B0,B0-M00,6,second_derivative,1710.3687843137257,2.2167676224940114e-06,difference of equal-sample representative means; not paired
B0,B0-M00,6,second_derivative,1715.829529411765,1.2058457697824262e-06,difference of equal-sample representative means; not paired
B0,B0-M00,6,second_derivative,1721.290274509804,-3.3135704750924707e-07,difference of equal-sample representative means; not paired
B0,B0-M00,6,second_derivative,1726.7510196078433,-8.093086407503027e-07,difference of equal-sample representative means; not paired
B0,B0-M00,6,second_derivative,1732.2117647058826,-1.6768033001731643e-07,difference of equal-sample representative means; not paired
B0,B0-M00,6,second_derivative,1737.672509803922,3.595405848504744e-07,difference of equal-sample representative means; not paired
B0,B0-M00,6,second_derivative,1743.133254901961,7.301394760389039e-07,difference of equal-sample representative means; not paired
B0,B0-M00,6,second_derivative,1748.594,8.213679259624292e-07,difference of equal-sample representative means; not paired
B0,B0-M00,6,second_derivative,1754.0547450980393,6.003533937731395e-07,difference of equal-sample representative means; not paired
B0,B0-M00,6,second_derivative,1759.5154901960786,7.797517281751427e-07,difference of equal-sample representative means; not paired
B0,B0-M00,6,second_derivative,1764.976235294118,3.297405923581385e-07,difference of equal-sample representative means; not paired
B0,B0-M00,6,second_derivative,1770.4369803921572,-4.88050557716025e-07,difference of equal-sample representative means; not paired
B0,B0-M00,6,second_derivative,1775.8977254901963,-1.3261042166860187e-07,difference of equal-sample representative means; not paired
B0,B0-M00,6,second_derivative,1781.3584705882354,2.0383003274535358e-07,difference of equal-sample representative means; not paired
B0,B0-M00,6,second_derivative,1786.8192156862747,5.438118734969229e-07,difference of equal-sample representative means; not paired
B0,B0-M00,6,second_derivative,1792.279960784314,7.124523415961623e-07,difference of equal-sample representative means; not paired
B0,B0-M00,6,second_derivative,1797.7407058823533,-1.0470653430171082e-07,difference of equal-sample representative means; not paired
B0,B0-M00,6,second_derivative,1803.2014509803923,-7.080103611348667e-07,difference of equal-sample representative means; not paired
B0,B0-M00,6,second_derivative,1808.6621960784316,-8.65324543853327e-07,difference of equal-sample representative means; not paired
B0,B0-M00,6,second_derivative,1814.1229411764707,-7.562887425174189e-07,difference of equal-sample representative means; not paired
B0,B0-M00,6,second_derivative,1819.58368627451,1.0889913002952794e-07,difference of equal-sample representative means; not paired
B0,B0-M00,6,second_derivative,1825.0444313725493,6.304894391826326e-07,difference of equal-sample representative means; not paired
B0,B0-M00,6,second_derivative,1830.5051764705886,1.1932412625940418e-06,difference of equal-sample representative means; not paired
B0,B0-M00,6,second_derivative,1835.9659215686277,1.485118400846729e-06,difference of equal-sample representative means; not paired
B0,B0-M00,6,second_derivative,1841.4266666666667,1.5929487810464499e-06,difference of equal-sample representative means; not paired
B0,B0-M00,6,second_derivative,1846.887411764706,1.441935654501782e-07,difference of equal-sample representative means; not paired
B0,B0-M00,6,second_derivative,1852.3481568627453,-1.957986813197368e-06,difference of equal-sample representative means; not paired
B0,B0-M00,6,second_derivative,1857.8089019607846,-3.244687436211218e-06,difference of equal-sample representative means; not paired
B0,B0-M00,6,second_derivative,1863.269647058824,-3.0716006247462734e-06,difference of equal-sample representative means; not paired
B0,B0-M00,6,second_derivative,1868.730392156863,-2.5245561129008377e-06,difference of equal-sample representative means; not paired
B0,B0-M00,6,second_derivative,1874.191137254902,-4.061640382741979e-07,difference of equal-sample representative means; not paired
B0,B0-M00,6,second_derivative,1879.6518823529414,1.3395391376146745e-06,difference of equal-sample representative means; not paired
B0,B0-M00,6,second_derivative,1885.1126274509807,1.1816125016768202e-06,difference of equal-sample representative means; not paired
B0,B0-M00,6,second_derivative,1890.57337254902,7.885348956048529e-07,difference of equal-sample representative means; not paired
B0,B0-M00,6,second_derivative,1896.034117647059,9.630260953661404e-07,difference of equal-sample representative means; not paired
B0,B0-M00,6,second_derivative,1901.4948627450983,1.66585781090885e-06,difference of equal-sample representative means; not paired
B0,B0-M00,6,second_derivative,1906.9556078431374,4.013776907783634e-06,difference of equal-sample representative means; not paired
B0,B0-M00,6,second_derivative,1912.4163529411767,5.069910060305965e-06,difference of equal-sample representative means; not paired
B0,B0-M00,6,second_derivative,1917.877098039216,3.193366804181072e-06,difference of equal-sample representative means; not paired
B0,B0-M00,6,second_derivative,1923.3378431372553,-1.6647937594630412e-06,difference of equal-sample representative means; not paired
B0,B0-M00,6,second_derivative,1928.7985882352943,-4.748355083050205e-06,difference of equal-sample representative means; not paired
B0,B0-M00,6,second_derivative,1934.2593333333336,-5.415293070358361e-06,difference of equal-sample representative means; not paired
B0,B0-M00,6,second_derivative,1939.7200784313727,-4.1559051707113105e-06,difference of equal-sample representative means; not paired
B0,B0-M00,6,second_derivative,1945.180823529412,-2.0359830049483722e-06,difference of equal-sample representative means; not paired
B0,B0-M00,6,second_derivative,1950.6415686274513,-3.1661787763173074e-07,difference of equal-sample representative means; not paired
B0,B0-M00,6,second_derivative,1956.1023137254906,6.670077421661261e-07,difference of equal-sample representative means; not paired
B0,B0-M00,6,second_derivative,1961.5630588235294,1.377922620213483e-06,difference of equal-sample representative means; not paired
B0,B0-M00,6,second_derivative,1967.0238039215687,1.7624786899659985e-06,difference of equal-sample representative means; not paired
B0,B0-M00,6,second_derivative,1972.484549019608,1.1053992974828752e-06,difference of equal-sample representative means; not paired
B0,B0-M00,6,second_derivative,1977.9452941176473,1.1692769729862511e-06,difference of equal-sample representative means; not paired
B0,B0-M00,6,second_derivative,1983.4060392156866,1.73760832774183e-06,difference of equal-sample representative means; not paired
B0,B0-M00,6,second_derivative,1988.866784313726,2.185226638768764e-06,difference of equal-sample representative means; not paired
B0,B0-M00,6,second_derivative,1994.3275294117648,2.065248119172074e-06,difference of equal-sample representative means; not paired
B0,B0-M00,6,second_derivative,1999.788274509804,1.1283056594483948e-06,difference of equal-sample representative means; not paired
B0,B0-M00,6,second_derivative,2005.2490196078434,8.661486376434615e-07,difference of equal-sample representative means; not paired
B0,B0-M00,6,second_derivative,2010.7097647058827,1.597112638488216e-06,difference of equal-sample representative means; not paired
B0,B0-M00,6,second_derivative,2016.170509803922,1.038601771125605e-06,difference of equal-sample representative means; not paired
B0,B0-M00,6,second_derivative,2021.6312549019613,-1.1232535617597194e-06,difference of equal-sample representative means; not paired
B0,B0-M00,6,second_derivative,2027.092,-1.3160144929113526e-06,difference of equal-sample representative means; not paired
B0,B0-M00,6,second_derivative,2032.5527450980394,-3.333789574336892e-06,difference of equal-sample representative means; not paired
B0,B0-M00,6,second_derivative,2038.0134901960787,-4.1716543570545825e-06,difference of equal-sample representative means; not paired
B0,B0-M00,6,second_derivative,2043.474235294118,-2.3043407794922887e-06,difference of equal-sample representative means; not paired
B0,B0-M00,6,second_derivative,2048.9349803921573,-7.600386162551804e-07,difference of equal-sample representative means; not paired
B0,B0-M00,6,second_derivative,2054.3957254901966,1.6316944753200577e-06,difference of equal-sample representative means; not paired
B0,B0-M00,6,second_derivative,2059.8564705882354,3.6278970399593863e-06,difference of equal-sample representative means; not paired
B0,B0-M00,6,second_derivative,2065.3172156862747,2.114418597891281e-06,difference of equal-sample representative means; not paired
B0,B0-M00,6,second_derivative,2070.777960784314,-3.0370744571932574e-07,difference of equal-sample representative means; not paired
B0,B0-M00,6,second_derivative,2076.2387058823533,-1.2792505098463728e-06,difference of equal-sample representative means; not paired
B0,B0-M00,6,second_derivative,2081.6994509803926,-5.645094331675322e-07,difference of equal-sample representative means; not paired
B0,B0-M00,6,second_derivative,2087.1601960784315,-5.530870253482751e-07,difference of equal-sample representative means; not paired
B0,B0-M00,6,second_derivative,2092.6209411764708,-1.270346964691212e-06,difference of equal-sample representative means; not paired
B0,B0-M00,6,second_derivative,2098.08168627451,-2.2394062151277854e-06,difference of equal-sample representative means; not paired
B0,B0-M00,6,second_derivative,2103.5424313725493,-2.2342460282325692e-06,difference of equal-sample representative means; not paired
B0,B0-M00,6,second_derivative,2109.0031764705886,-9.65500952659092e-07,difference of equal-sample representative means; not paired
B0,B0-M00,6,second_derivative,2114.463921568628,2.2149298953132094e-06,difference of equal-sample representative means; not paired
B0,B0-M00,6,second_derivative,2119.924666666667,1.7988868929713072e-06,difference of equal-sample representative means; not paired
B0,B0-M00,6,second_derivative,2125.385411764706,1.5143848286345207e-06,difference of equal-sample representative means; not paired
B0,B0-M00,6,second_derivative,2130.8461568627454,5.2186618517902685e-08,difference of equal-sample representative means; not paired
B0,B0-M00,6,second_derivative,2136.3069019607847,-1.0702151213836547e-06,difference of equal-sample representative means; not paired
B0,B0-M00,6,second_derivative,2141.767647058824,-6.425541116889585e-07,difference of equal-sample representative means; not paired
B0,B0-M00,6,second_derivative,2147.2283921568633,4.8025297695875656e-08,difference of equal-sample representative means; not paired
B0,B0-M00,6,second_derivative,2152.689137254902,-9.408070965001381e-07,difference of equal-sample representative means; not paired
B0,B0-M00,6,second_derivative,2158.1498823529414,-9.133555962119021e-07,difference of equal-sample representative means; not paired
B0,B0-M00,6,second_derivative,2163.6106274509807,-3.7429429863498865e-07,difference of equal-sample representative means; not paired
B0,B0-M00,6,second_derivative,2169.07137254902,2.1184968181132219e-07,difference of equal-sample representative means; not paired
B0,B0-M00,6,second_derivative,2174.5321176470593,1.3886018587573613e-06,difference of equal-sample representative means; not paired
B0,B0-M00,6,second_derivative,2179.992862745098,1.4900189639304026e-06,difference of equal-sample representative means; not paired
B0,B0-M00,6,second_derivative,2185.4536078431374,2.3786709785986068e-07,difference of equal-sample representative means; not paired
B0,B0-M00,6,second_derivative,2190.9143529411767,-5.779607438659733e-07,difference of equal-sample representative means; not paired
B0,B0-M00,6,second_derivative,2196.375098039216,-1.3071625474086008e-07,difference of equal-sample representative means; not paired
B0,B0-M00,6,second_derivative,2201.8358431372553,3.243006810583477e-07,difference of equal-sample representative means; not paired
B0,B0-M00,6,second_derivative,2207.2965882352946,3.0890600830628574e-07,difference of equal-sample representative means; not paired
B0,B0-M00,6,second_derivative,2212.7573333333335,-5.935836742547066e-08,difference of equal-sample representative means; not paired
B0,B0-M00,6,second_derivative,2218.2180784313728,-9.929290401881503e-07,difference of equal-sample representative means; not paired
B0,B0-M00,6,second_derivative,2223.678823529412,-1.1105289564880682e-06,difference of equal-sample representative means; not paired
B0,B0-M00,6,second_derivative,2229.1395686274514,-7.013921756453305e-07,difference of equal-sample representative means; not paired
B0,B0-M00,6,second_derivative,2234.6003137254907,-1.1041853862439621e-07,difference of equal-sample representative means; not paired
B0,B0-M00,6,second_derivative,2240.06105882353,2.4406859732999835e-07,difference of equal-sample representative means; not paired
B0,B0-M00,6,second_derivative,2245.521803921569,-5.876708667721547e-07,difference of equal-sample representative means; not paired
B0,B0-M00,6,second_derivative,2250.982549019608,-1.2183343559730444e-07,difference of equal-sample representative means; not paired
B0,B0-M00,6,second_derivative,2256.4432941176474,-2.0504812537413823e-06,difference of equal-sample representative means; not paired
B0,B0-M00,6,second_derivative,2261.9040392156867,-4.934825742473473e-06,difference of equal-sample representative means; not paired
B0,B0-M00,6,second_derivative,2267.364784313726,-5.229865414343784e-06,difference of equal-sample representative means; not paired
B0,B0-M00,6,second_derivative,2272.825529411765,-2.019350476978557e-06,difference of equal-sample representative means; not paired
B0,B0-M00,6,second_derivative,2278.286274509804,1.4180956682163288e-06,difference of equal-sample representative means; not paired
B0,B0-M00,6,second_derivative,2283.7470196078434,5.942910358174293e-06,difference of equal-sample representative means; not paired
B0,B0-M00,6,second_derivative,2289.2077647058827,4.733179333908899e-06,difference of equal-sample representative means; not paired
B0,B0-M00,6,second_derivative,2294.668509803922,4.733179333909166e-06,difference of equal-sample representative means; not paired
B0,B0-M00,6,second_derivative,2300.1292549019613,4.733179333909166e-06,difference of equal-sample representative means; not paired
B0,B0-M00,6,second_derivative,2305.59,4.733179333909166e-06,difference of equal-sample representative means; not paired
B0,B0-M00,7,reflectance,913.1,0.01730526304241964,difference of equal-sample representative means; not paired
B0,B0-M00,7,reflectance,918.5607450980392,0.018238413758779548,difference of equal-sample representative means; not paired
B0,B0-M00,7,reflectance,924.0214901960785,0.020082672385056455,difference of equal-sample representative means; not paired
B0,B0-M00,7,reflectance,929.4822352941177,0.020714446520919583,difference of equal-sample representative means; not paired
B0,B0-M00,7,reflectance,934.9429803921569,0.02117852775525697,difference of equal-sample representative means; not paired
B0,B0-M00,7,reflectance,940.4037254901962,0.02167854944619929,difference of equal-sample representative means; not paired
B0,B0-M00,7,reflectance,945.8644705882353,0.02144515491822696,difference of equal-sample representative means; not paired
B0,B0-M00,7,reflectance,951.3252156862745,0.021176612278287044,difference of equal-sample representative means; not paired
B0,B0-M00,7,reflectance,956.7859607843137,0.02087989789192024,difference of equal-sample representative means; not paired
B0,B0-M00,7,reflectance,962.246705882353,0.020618821290752987,difference of equal-sample representative means; not paired
B0,B0-M00,7,reflectance,967.7074509803922,0.02040047055210681,difference of equal-sample representative means; not paired
B0,B0-M00,7,reflectance,973.1681960784314,0.02024728035741108,difference of equal-sample representative means; not paired
B0,B0-M00,7,reflectance,978.6289411764706,0.020105563464411502,difference of equal-sample representative means; not paired
B0,B0-M00,7,reflectance,984.0896862745099,0.01991774358275822,difference of equal-sample representative means; not paired
B0,B0-M00,7,reflectance,989.550431372549,0.01972687734537326,difference of equal-sample representative means; not paired
B0,B0-M00,7,reflectance,995.0111764705882,0.019666200350068164,difference of equal-sample representative means; not paired
B0,B0-M00,7,reflectance,1000.4719215686275,0.01963937469586219,difference of equal-sample representative means; not paired
B0,B0-M00,7,reflectance,1005.9326666666667,0.01955901807856464,difference of equal-sample representative means; not paired
B0,B0-M00,7,reflectance,1011.3934117647059,0.01951430077908034,difference of equal-sample representative means; not paired
B0,B0-M00,7,reflectance,1016.8541568627452,0.01953401439960878,difference of equal-sample representative means; not paired
B0,B0-M00,7,reflectance,1022.3149019607844,0.019562163422275902,difference of equal-sample representative means; not paired
B0,B0-M00,7,reflectance,1027.7756470588236,0.019524406613009027,difference of equal-sample representative means; not paired
B0,B0-M00,7,reflectance,1033.2363921568628,0.019523130717908344,difference of equal-sample representative means; not paired
B0,B0-M00,7,reflectance,1038.697137254902,0.019432489521486573,difference of equal-sample representative means; not paired
B0,B0-M00,7,reflectance,1044.1578823529412,0.01936186285833441,difference of equal-sample representative means; not paired
B0,B0-M00,7,reflectance,1049.6186274509805,0.01930996801006013,difference of equal-sample representative means; not paired
B0,B0-M00,7,reflectance,1055.0793725490196,0.019225526136933735,difference of equal-sample representative means; not paired
B0,B0-M00,7,reflectance,1060.5401176470589,0.019095880134825105,difference of equal-sample representative means; not paired
B0,B0-M00,7,reflectance,1066.0008627450982,0.01897133114468985,difference of equal-sample representative means; not paired
B0,B0-M00,7,reflectance,1071.4616078431372,0.01890834653181217,difference of equal-sample representative means; not paired
B0,B0-M00,7,reflectance,1076.9223529411765,0.018806356337852215,difference of equal-sample representative means; not paired
B0,B0-M00,7,reflectance,1082.3830980392158,0.01883270874479137,difference of equal-sample representative means; not paired
B0,B0-M00,7,reflectance,1087.843843137255,0.01889259276398214,difference of equal-sample representative means; not paired
B0,B0-M00,7,reflectance,1093.3045882352942,0.018907113095875894,difference of equal-sample representative means; not paired
B0,B0-M00,7,reflectance,1098.7653333333333,0.018836890879962098,difference of equal-sample representative means; not paired
B0,B0-M00,7,reflectance,1104.2260784313726,0.01869362092736193,difference of equal-sample representative means; not paired
B0,B0-M00,7,reflectance,1109.6868235294119,0.01852461787632731,difference of equal-sample representative means; not paired
B0,B0-M00,7,reflectance,1115.1475686274512,0.01825000098695473,difference of equal-sample representative means; not paired
B0,B0-M00,7,reflectance,1120.6083137254902,0.017989784308249823,difference of equal-sample representative means; not paired
B0,B0-M00,7,reflectance,1126.0690588235295,0.01769210195913995,difference of equal-sample representative means; not paired
B0,B0-M00,7,reflectance,1131.5298039215686,0.017378347161934427,difference of equal-sample representative means; not paired
B0,B0-M00,7,reflectance,1136.990549019608,0.017097026709606555,difference of equal-sample representative means; not paired
B0,B0-M00,7,reflectance,1142.4512941176472,0.016921168462457614,difference of equal-sample representative means; not paired
B0,B0-M00,7,reflectance,1147.9120392156863,0.016921721547785595,difference of equal-sample representative means; not paired
B0,B0-M00,7,reflectance,1153.3727843137256,0.01704302222233567,difference of equal-sample representative means; not paired
B0,B0-M00,7,reflectance,1158.8335294117649,0.017219413720753973,difference of equal-sample representative means; not paired
B0,B0-M00,7,reflectance,1164.294274509804,0.017376158468510372,difference of equal-sample representative means; not paired
B0,B0-M00,7,reflectance,1169.7550196078432,0.01743358071883705,difference of equal-sample representative means; not paired
B0,B0-M00,7,reflectance,1175.2157647058825,0.017497300165968732,difference of equal-sample representative means; not paired
B0,B0-M00,7,reflectance,1180.6765098039216,0.017623347475048345,difference of equal-sample representative means; not paired
B0,B0-M00,7,reflectance,1186.137254901961,0.017776627754482743,difference of equal-sample representative means; not paired
B0,B0-M00,7,reflectance,1191.598,0.018075359902444132,difference of equal-sample representative means; not paired
B0,B0-M00,7,reflectance,1197.0587450980393,0.01831047650359563,difference of equal-sample representative means; not paired
B0,B0-M00,7,reflectance,1202.5194901960786,0.018565854378478575,difference of equal-sample representative means; not paired
B0,B0-M00,7,reflectance,1207.9802352941178,0.01874243568159506,difference of equal-sample representative means; not paired
B0,B0-M00,7,reflectance,1213.440980392157,0.0189001755239655,difference of equal-sample representative means; not paired
B0,B0-M00,7,reflectance,1218.9017254901962,0.019079046670301025,difference of equal-sample representative means; not paired
B0,B0-M00,7,reflectance,1224.3624705882353,0.01919351275980785,difference of equal-sample representative means; not paired
B0,B0-M00,7,reflectance,1229.8232156862746,0.01906093533656772,difference of equal-sample representative means; not paired
B0,B0-M00,7,reflectance,1235.2839607843139,0.019122537931359207,difference of equal-sample representative means; not paired
B0,B0-M00,7,reflectance,1240.7447058823532,0.01916930122442284,difference of equal-sample representative means; not paired
B0,B0-M00,7,reflectance,1246.2054509803922,0.019165440458229877,difference of equal-sample representative means; not paired
B0,B0-M00,7,reflectance,1251.6661960784315,0.019174358075843112,difference of equal-sample representative means; not paired
B0,B0-M00,7,reflectance,1257.1269411764706,0.019193750904048623,difference of equal-sample representative means; not paired
B0,B0-M00,7,reflectance,1262.58768627451,0.019191934612326933,difference of equal-sample representative means; not paired
B0,B0-M00,7,reflectance,1268.0484313725492,0.019165829226812314,difference of equal-sample representative means; not paired
B0,B0-M00,7,reflectance,1273.5091764705883,0.01912937748831367,difference of equal-sample representative means; not paired
B0,B0-M00,7,reflectance,1278.9699215686276,0.019022718181683218,difference of equal-sample representative means; not paired
B0,B0-M00,7,reflectance,1284.4306666666666,0.018962349158450076,difference of equal-sample representative means; not paired
B0,B0-M00,7,reflectance,1289.891411764706,0.018827562970692657,difference of equal-sample representative means; not paired
B0,B0-M00,7,reflectance,1295.3521568627452,0.018679650216010257,difference of equal-sample representative means; not paired
B0,B0-M00,7,reflectance,1300.8129019607845,0.01858921785509071,difference of equal-sample representative means; not paired
B0,B0-M00,7,reflectance,1306.2736470588236,0.018548344446596143,difference of equal-sample representative means; not paired
B0,B0-M00,7,reflectance,1311.734392156863,0.01852294749510297,difference of equal-sample representative means; not paired
B0,B0-M00,7,reflectance,1317.195137254902,0.018548732443404048,difference of equal-sample representative means; not paired
B0,B0-M00,7,reflectance,1322.6558823529413,0.018674089178604913,difference of equal-sample representative means; not paired
B0,B0-M00,7,reflectance,1328.1166274509806,0.01885988284491691,difference of equal-sample representative means; not paired
B0,B0-M00,7,reflectance,1333.5773725490199,0.019101602251963667,difference of equal-sample representative means; not paired
B0,B0-M00,7,reflectance,1339.038117647059,0.019392257681026148,difference of equal-sample representative means; not paired
B0,B0-M00,7,reflectance,1344.4988627450982,0.01974099972069765,difference of equal-sample representative means; not paired
B0,B0-M00,7,reflectance,1349.9596078431373,0.02018157392707365,difference of equal-sample representative means; not paired
B0,B0-M00,7,reflectance,1355.4203529411766,0.020599964701225493,difference of equal-sample representative means; not paired
B0,B0-M00,7,reflectance,1360.8810980392159,0.02094538212023045,difference of equal-sample representative means; not paired
B0,B0-M00,7,reflectance,1366.341843137255,0.021208882612679003,difference of equal-sample representative means; not paired
B0,B0-M00,7,reflectance,1371.8025882352943,0.02141144896116781,difference of equal-sample representative means; not paired
B0,B0-M00,7,reflectance,1377.2633333333333,0.021546026724699685,difference of equal-sample representative means; not paired
B0,B0-M00,7,reflectance,1382.7240784313726,0.02166735739347786,difference of equal-sample representative means; not paired
B0,B0-M00,7,reflectance,1388.184823529412,0.021875720626278516,difference of equal-sample representative means; not paired
B0,B0-M00,7,reflectance,1393.6455686274512,0.022084458357780834,difference of equal-sample representative means; not paired
B0,B0-M00,7,reflectance,1399.1063137254903,0.022461106418134036,difference of equal-sample representative means; not paired
B0,B0-M00,7,reflectance,1404.5670588235296,0.022825241968430054,difference of equal-sample representative means; not paired
B0,B0-M00,7,reflectance,1410.0278039215686,0.023044780867905013,difference of equal-sample representative means; not paired
B0,B0-M00,7,reflectance,1415.488549019608,0.02316954900959861,difference of equal-sample representative means; not paired
B0,B0-M00,7,reflectance,1420.9492941176472,0.023230984742183325,difference of equal-sample representative means; not paired
B0,B0-M00,7,reflectance,1426.4100392156865,0.02322192892430791,difference of equal-sample representative means; not paired
B0,B0-M00,7,reflectance,1431.8707843137256,0.023188940624723375,difference of equal-sample representative means; not paired
B0,B0-M00,7,reflectance,1437.3315294117647,0.023180849710792595,difference of equal-sample representative means; not paired
B0,B0-M00,7,reflectance,1442.792274509804,0.023205016468257733,difference of equal-sample representative means; not paired
B0,B0-M00,7,reflectance,1448.2530196078433,0.023159459995736015,difference of equal-sample representative means; not paired
B0,B0-M00,7,reflectance,1453.7137647058826,0.02314736339880591,difference of equal-sample representative means; not paired
B0,B0-M00,7,reflectance,1459.1745098039219,0.023159330532463246,difference of equal-sample representative means; not paired
B0,B0-M00,7,reflectance,1464.635254901961,0.02316397137370596,difference of equal-sample representative means; not paired
B0,B0-M00,7,reflectance,1470.096,0.0231986124378413,difference of equal-sample representative means; not paired
B0,B0-M00,7,reflectance,1475.5567450980393,0.023221421861154334,difference of equal-sample representative means; not paired
B0,B0-M00,7,reflectance,1481.0174901960786,0.02327075746228638,difference of equal-sample representative means; not paired
B0,B0-M00,7,reflectance,1486.478235294118,0.023333848369485433,difference of equal-sample representative means; not paired
B0,B0-M00,7,reflectance,1491.938980392157,0.023415034593597867,difference of equal-sample representative means; not paired
B0,B0-M00,7,reflectance,1497.3997254901963,0.023452458016925637,difference of equal-sample representative means; not paired
B0,B0-M00,7,reflectance,1502.8604705882353,0.02349118866577904,difference of equal-sample representative means; not paired
B0,B0-M00,7,reflectance,1508.3212156862746,0.023606927186448273,difference of equal-sample representative means; not paired
B0,B0-M00,7,reflectance,1513.781960784314,0.02365426947696514,difference of equal-sample representative means; not paired
B0,B0-M00,7,reflectance,1519.2427058823532,0.023702075698524228,difference of equal-sample representative means; not paired
B0,B0-M00,7,reflectance,1524.7034509803923,0.023760048358724084,difference of equal-sample representative means; not paired
B0,B0-M00,7,reflectance,1530.1641960784316,0.023804602941138064,difference of equal-sample representative means; not paired
B0,B0-M00,7,reflectance,1535.6249411764707,0.023884384084411625,difference of equal-sample representative means; not paired
B0,B0-M00,7,reflectance,1541.08568627451,0.023949575192552253,difference of equal-sample representative means; not paired
B0,B0-M00,7,reflectance,1546.5464313725493,0.023945713793620427,difference of equal-sample representative means; not paired
B0,B0-M00,7,reflectance,1552.0071764705885,0.023925824380006233,difference of equal-sample representative means; not paired
B0,B0-M00,7,reflectance,1557.4679215686276,0.023973980415118334,difference of equal-sample representative means; not paired
B0,B0-M00,7,reflectance,1562.9286666666667,0.023957795108002666,difference of equal-sample representative means; not paired
B0,B0-M00,7,reflectance,1568.389411764706,0.023993035819921182,difference of equal-sample representative means; not paired
B0,B0-M00,7,reflectance,1573.8501568627453,0.02403269348673176,difference of equal-sample representative means; not paired
B0,B0-M00,7,reflectance,1579.3109019607846,0.024050396216309,difference of equal-sample representative means; not paired
B0,B0-M00,7,reflectance,1584.7716470588239,0.024052865274346913,difference of equal-sample representative means; not paired
B0,B0-M00,7,reflectance,1590.232392156863,0.024072119183786433,difference of equal-sample representative means; not paired
B0,B0-M00,7,reflectance,1595.693137254902,0.024140530783283376,difference of equal-sample representative means; not paired
B0,B0-M00,7,reflectance,1601.1538823529413,0.0241329403011743,difference of equal-sample representative means; not paired
B0,B0-M00,7,reflectance,1606.6146274509806,0.02413670560393416,difference of equal-sample representative means; not paired
B0,B0-M00,7,reflectance,1612.07537254902,0.024089159807748006,difference of equal-sample representative means; not paired
B0,B0-M00,7,reflectance,1617.536117647059,0.023990578531170703,difference of equal-sample representative means; not paired
B0,B0-M00,7,reflectance,1622.9968627450983,0.023932106691886945,difference of equal-sample representative means; not paired
B0,B0-M00,7,reflectance,1628.4576078431373,0.02391109729685209,difference of equal-sample representative means; not paired
B0,B0-M00,7,reflectance,1633.9183529411766,0.02375926757417568,difference of equal-sample representative means; not paired
B0,B0-M00,7,reflectance,1639.379098039216,0.023653017114428077,difference of equal-sample representative means; not paired
B0,B0-M00,7,reflectance,1644.8398431372552,0.023492515049194862,difference of equal-sample representative means; not paired
B0,B0-M00,7,reflectance,1650.3005882352943,0.0232695056340661,difference of equal-sample representative means; not paired
B0,B0-M00,7,reflectance,1655.7613333333334,0.02300902557495732,difference of equal-sample representative means; not paired
B0,B0-M00,7,reflectance,1661.2220784313727,0.022729794439984075,difference of equal-sample representative means; not paired
B0,B0-M00,7,reflectance,1666.682823529412,0.022468089481868014,difference of equal-sample representative means; not paired
B0,B0-M00,7,reflectance,1672.1435686274513,0.022256258459080358,difference of equal-sample representative means; not paired
B0,B0-M00,7,reflectance,1677.6043137254906,0.02207169304181894,difference of equal-sample representative means; not paired
B0,B0-M00,7,reflectance,1683.0650588235296,0.0220843895510614,difference of equal-sample representative means; not paired
B0,B0-M00,7,reflectance,1688.5258039215687,0.022076425175406866,difference of equal-sample representative means; not paired
B0,B0-M00,7,reflectance,1693.986549019608,0.022068939210744376,difference of equal-sample representative means; not paired
B0,B0-M00,7,reflectance,1699.4472941176473,0.02212374669600431,difference of equal-sample representative means; not paired
B0,B0-M00,7,reflectance,1704.9080392156866,0.022200410811256788,difference of equal-sample representative means; not paired
B0,B0-M00,7,reflectance,1710.3687843137257,0.022251903016074992,difference of equal-sample representative means; not paired
B0,B0-M00,7,reflectance,1715.829529411765,0.022299579977938022,difference of equal-sample representative means; not paired
B0,B0-M00,7,reflectance,1721.290274509804,0.02222322086980094,difference of equal-sample representative means; not paired
B0,B0-M00,7,reflectance,1726.7510196078433,0.022342901720751762,difference of equal-sample representative means; not paired
B0,B0-M00,7,reflectance,1732.2117647058826,0.02236202707772983,difference of equal-sample representative means; not paired
B0,B0-M00,7,reflectance,1737.672509803922,0.02239594889843083,difference of equal-sample representative means; not paired
B0,B0-M00,7,reflectance,1743.133254901961,0.022413641305940646,difference of equal-sample representative means; not paired
B0,B0-M00,7,reflectance,1748.594,0.02239473158525379,difference of equal-sample representative means; not paired
B0,B0-M00,7,reflectance,1754.0547450980393,0.02239115127274799,difference of equal-sample representative means; not paired
B0,B0-M00,7,reflectance,1759.5154901960786,0.022459838635354723,difference of equal-sample representative means; not paired
B0,B0-M00,7,reflectance,1764.976235294118,0.022508151096415407,difference of equal-sample representative means; not paired
B0,B0-M00,7,reflectance,1770.4369803921572,0.022556549226659894,difference of equal-sample representative means; not paired
B0,B0-M00,7,reflectance,1775.8977254901963,0.022595845746938847,difference of equal-sample representative means; not paired
B0,B0-M00,7,reflectance,1781.3584705882354,0.022615270218496963,difference of equal-sample representative means; not paired
B0,B0-M00,7,reflectance,1786.8192156862747,0.022625449208671156,difference of equal-sample representative means; not paired
B0,B0-M00,7,reflectance,1792.279960784314,0.022694918463161406,difference of equal-sample representative means; not paired
B0,B0-M00,7,reflectance,1797.7407058823533,0.02286037403967711,difference of equal-sample representative means; not paired
B0,B0-M00,7,reflectance,1803.2014509803923,0.02276434180738024,difference of equal-sample representative means; not paired
B0,B0-M00,7,reflectance,1808.6621960784316,0.022792988493783584,difference of equal-sample representative means; not paired
B0,B0-M00,7,reflectance,1814.1229411764707,0.022802503874703728,difference of equal-sample representative means; not paired
B0,B0-M00,7,reflectance,1819.58368627451,0.022844172835473464,difference of equal-sample representative means; not paired
B0,B0-M00,7,reflectance,1825.0444313725493,0.022897894619026138,difference of equal-sample representative means; not paired
B0,B0-M00,7,reflectance,1830.5051764705886,0.022907517892074847,difference of equal-sample representative means; not paired
B0,B0-M00,7,reflectance,1835.9659215686277,0.022849551315101968,difference of equal-sample representative means; not paired
B0,B0-M00,7,reflectance,1841.4266666666667,0.022783499035321342,difference of equal-sample representative means; not paired
B0,B0-M00,7,reflectance,1846.887411764706,0.022711234961202087,difference of equal-sample representative means; not paired
B0,B0-M00,7,reflectance,1852.3481568627453,0.022667827182956846,difference of equal-sample representative means; not paired
B0,B0-M00,7,reflectance,1857.8089019607846,0.022588932413867557,difference of equal-sample representative means; not paired
B0,B0-M00,7,reflectance,1863.269647058824,0.022551422930822407,difference of equal-sample representative means; not paired
B0,B0-M00,7,reflectance,1868.730392156863,0.022462517399848614,difference of equal-sample representative means; not paired
B0,B0-M00,7,reflectance,1874.191137254902,0.022235784925080715,difference of equal-sample representative means; not paired
B0,B0-M00,7,reflectance,1879.6518823529414,0.021927850680367567,difference of equal-sample representative means; not paired
B0,B0-M00,7,reflectance,1885.1126274509807,0.021667933670363237,difference of equal-sample representative means; not paired
B0,B0-M00,7,reflectance,1890.57337254902,0.021348524021879756,difference of equal-sample representative means; not paired
B0,B0-M00,7,reflectance,1896.034117647059,0.021213094383636943,difference of equal-sample representative means; not paired
B0,B0-M00,7,reflectance,1901.4948627450983,0.019768153252528925,difference of equal-sample representative means; not paired
B0,B0-M00,7,reflectance,1906.9556078431374,0.019363646665105982,difference of equal-sample representative means; not paired
B0,B0-M00,7,reflectance,1912.4163529411767,0.019404183340009012,difference of equal-sample representative means; not paired
B0,B0-M00,7,reflectance,1917.877098039216,0.018413679990337023,difference of equal-sample representative means; not paired
B0,B0-M00,7,reflectance,1923.3378431372553,0.01784830219237904,difference of equal-sample representative means; not paired
B0,B0-M00,7,reflectance,1928.7985882352943,0.017629787701151423,difference of equal-sample representative means; not paired
B0,B0-M00,7,reflectance,1934.2593333333336,0.017511984784678608,difference of equal-sample representative means; not paired
B0,B0-M00,7,reflectance,1939.7200784313727,0.01750834727388187,difference of equal-sample representative means; not paired
B0,B0-M00,7,reflectance,1945.180823529412,0.01754090241075318,difference of equal-sample representative means; not paired
B0,B0-M00,7,reflectance,1950.6415686274513,0.01760895153678027,difference of equal-sample representative means; not paired
B0,B0-M00,7,reflectance,1956.1023137254906,0.01771040960390574,difference of equal-sample representative means; not paired
B0,B0-M00,7,reflectance,1961.5630588235294,0.017862024021611356,difference of equal-sample representative means; not paired
B0,B0-M00,7,reflectance,1967.0238039215687,0.018178541576313767,difference of equal-sample representative means; not paired
B0,B0-M00,7,reflectance,1972.484549019608,0.018304125060849497,difference of equal-sample representative means; not paired
B0,B0-M00,7,reflectance,1977.9452941176473,0.018393632356103334,difference of equal-sample representative means; not paired
B0,B0-M00,7,reflectance,1983.4060392156866,0.01851810865242348,difference of equal-sample representative means; not paired
B0,B0-M00,7,reflectance,1988.866784313726,0.01869525613522474,difference of equal-sample representative means; not paired
B0,B0-M00,7,reflectance,1994.3275294117648,0.018836259527493626,difference of equal-sample representative means; not paired
B0,B0-M00,7,reflectance,1999.788274509804,0.01891243528433975,difference of equal-sample representative means; not paired
B0,B0-M00,7,reflectance,2005.2490196078434,0.019014077921170103,difference of equal-sample representative means; not paired
B0,B0-M00,7,reflectance,2010.7097647058827,0.01909320066303477,difference of equal-sample representative means; not paired
B0,B0-M00,7,reflectance,2016.170509803922,0.019289446243911323,difference of equal-sample representative means; not paired
B0,B0-M00,7,reflectance,2021.6312549019613,0.019297913772151398,difference of equal-sample representative means; not paired
B0,B0-M00,7,reflectance,2027.092,0.01934375843313596,difference of equal-sample representative means; not paired
B0,B0-M00,7,reflectance,2032.5527450980394,0.019316658272370363,difference of equal-sample representative means; not paired
B0,B0-M00,7,reflectance,2038.0134901960787,0.019256661056717556,difference of equal-sample representative means; not paired
B0,B0-M00,7,reflectance,2043.474235294118,0.01928568144946105,difference of equal-sample representative means; not paired
B0,B0-M00,7,reflectance,2048.9349803921573,0.019325821192786558,difference of equal-sample representative means; not paired
B0,B0-M00,7,reflectance,2054.3957254901966,0.019204089236986133,difference of equal-sample representative means; not paired
B0,B0-M00,7,reflectance,2059.8564705882354,0.01930092805272096,difference of equal-sample representative means; not paired
B0,B0-M00,7,reflectance,2065.3172156862747,0.019226661364457526,difference of equal-sample representative means; not paired
B0,B0-M00,7,reflectance,2070.777960784314,0.019164588738367933,difference of equal-sample representative means; not paired
B0,B0-M00,7,reflectance,2076.2387058823533,0.01914260826169875,difference of equal-sample representative means; not paired
B0,B0-M00,7,reflectance,2081.6994509803926,0.01913362109918551,difference of equal-sample representative means; not paired
B0,B0-M00,7,reflectance,2087.1601960784315,0.019106583263315158,difference of equal-sample representative means; not paired
B0,B0-M00,7,reflectance,2092.6209411764708,0.018983265231694302,difference of equal-sample representative means; not paired
B0,B0-M00,7,reflectance,2098.08168627451,0.01907282904742888,difference of equal-sample representative means; not paired
B0,B0-M00,7,reflectance,2103.5424313725493,0.019075093870092708,difference of equal-sample representative means; not paired
B0,B0-M00,7,reflectance,2109.0031764705886,0.01917337972342123,difference of equal-sample representative means; not paired
B0,B0-M00,7,reflectance,2114.463921568628,0.01928614625637065,difference of equal-sample representative means; not paired
B0,B0-M00,7,reflectance,2119.924666666667,0.019275270588848897,difference of equal-sample representative means; not paired
B0,B0-M00,7,reflectance,2125.385411764706,0.019270416934172724,difference of equal-sample representative means; not paired
B0,B0-M00,7,reflectance,2130.8461568627454,0.01954406638222289,difference of equal-sample representative means; not paired
B0,B0-M00,7,reflectance,2136.3069019607847,0.019580161106979743,difference of equal-sample representative means; not paired
B0,B0-M00,7,reflectance,2141.767647058824,0.019496627380954645,difference of equal-sample representative means; not paired
B0,B0-M00,7,reflectance,2147.2283921568633,0.019474753939885098,difference of equal-sample representative means; not paired
B0,B0-M00,7,reflectance,2152.689137254902,0.01934088570894113,difference of equal-sample representative means; not paired
B0,B0-M00,7,reflectance,2158.1498823529414,0.019416573851266272,difference of equal-sample representative means; not paired
B0,B0-M00,7,reflectance,2163.6106274509807,0.019624230882883148,difference of equal-sample representative means; not paired
B0,B0-M00,7,reflectance,2169.07137254902,0.01972181836740522,difference of equal-sample representative means; not paired
B0,B0-M00,7,reflectance,2174.5321176470593,0.019797876952705656,difference of equal-sample representative means; not paired
B0,B0-M00,7,reflectance,2179.992862745098,0.019720893631245573,difference of equal-sample representative means; not paired
B0,B0-M00,7,reflectance,2185.4536078431374,0.019746396436564645,difference of equal-sample representative means; not paired
B0,B0-M00,7,reflectance,2190.9143529411767,0.019830555513463716,difference of equal-sample representative means; not paired
B0,B0-M00,7,reflectance,2196.375098039216,0.0198334665852557,difference of equal-sample representative means; not paired
B0,B0-M00,7,reflectance,2201.8358431372553,0.01972809834304859,difference of equal-sample representative means; not paired
B0,B0-M00,7,reflectance,2207.2965882352946,0.019656750526986677,difference of equal-sample representative means; not paired
B0,B0-M00,7,reflectance,2212.7573333333335,0.019753519561315186,difference of equal-sample representative means; not paired
B0,B0-M00,7,reflectance,2218.2180784313728,0.019886362790595608,difference of equal-sample representative means; not paired
B0,B0-M00,7,reflectance,2223.678823529412,0.01996377035560956,difference of equal-sample representative means; not paired
B0,B0-M00,7,reflectance,2229.1395686274514,0.01958386882633273,difference of equal-sample representative means; not paired
B0,B0-M00,7,reflectance,2234.6003137254907,0.019268384805453453,difference of equal-sample representative means; not paired
B0,B0-M00,7,reflectance,2240.06105882353,0.019353572127795204,difference of equal-sample representative means; not paired
B0,B0-M00,7,reflectance,2245.521803921569,0.019292432171359453,difference of equal-sample representative means; not paired
B0,B0-M00,7,reflectance,2250.982549019608,0.018818938759124132,difference of equal-sample representative means; not paired
B0,B0-M00,7,reflectance,2256.4432941176474,0.018323612998195044,difference of equal-sample representative means; not paired
B0,B0-M00,7,reflectance,2261.9040392156867,0.017841817459718995,difference of equal-sample representative means; not paired
B0,B0-M00,7,reflectance,2267.364784313726,0.01753287887317123,difference of equal-sample representative means; not paired
B0,B0-M00,7,reflectance,2272.825529411765,0.016849593214897512,difference of equal-sample representative means; not paired
B0,B0-M00,7,reflectance,2278.286274509804,0.016732060425123763,difference of equal-sample representative means; not paired
B0,B0-M00,7,reflectance,2283.7470196078434,0.016371056718743004,difference of equal-sample representative means; not paired
B0,B0-M00,7,reflectance,2289.2077647058827,0.016056134078335754,difference of equal-sample representative means; not paired
B0,B0-M00,7,reflectance,2294.668509803922,0.015990111827560993,difference of equal-sample representative means; not paired
B0,B0-M00,7,reflectance,2300.1292549019613,0.015683553661893973,difference of equal-sample representative means; not paired
B0,B0-M00,7,reflectance,2305.59,0.016881969233426525,difference of equal-sample representative means; not paired
B0,B0-M00,7,snv,913.1,-0.015901426349442804,difference of equal-sample representative means; not paired
B0,B0-M00,7,snv,918.5607450980392,-0.007019912843450493,difference of equal-sample representative means; not paired
B0,B0-M00,7,snv,924.0214901960785,0.005731161979024346,difference of equal-sample representative means; not paired
B0,B0-M00,7,snv,929.4822352941177,0.01093331326204483,difference of equal-sample representative means; not paired
B0,B0-M00,7,snv,934.9429803921569,0.014708647739804848,difference of equal-sample representative means; not paired
B0,B0-M00,7,snv,940.4037254901962,0.01828575822417222,difference of equal-sample representative means; not paired
B0,B0-M00,7,snv,945.8644705882353,0.017403346195559832,difference of equal-sample representative means; not paired
B0,B0-M00,7,snv,951.3252156862745,0.016153051337423285,difference of equal-sample representative means; not paired
B0,B0-M00,7,snv,956.7859607843137,0.014225971423663664,difference of equal-sample representative means; not paired
B0,B0-M00,7,snv,962.246705882353,0.012370661151498208,difference of equal-sample representative means; not paired
B0,B0-M00,7,snv,967.7074509803922,0.0106412571734944,difference of equal-sample representative means; not paired
B0,B0-M00,7,snv,973.1681960784314,0.00934970644418276,difference of equal-sample representative means; not paired
B0,B0-M00,7,snv,978.6289411764706,0.008134042896131843,difference of equal-sample representative means; not paired
B0,B0-M00,7,snv,984.0896862745099,0.006580269132335115,difference of equal-sample representative means; not paired
B0,B0-M00,7,snv,989.550431372549,0.005137915436472573,difference of equal-sample representative means; not paired
B0,B0-M00,7,snv,995.0111764705882,0.004802268721298075,difference of equal-sample representative means; not paired
B0,B0-M00,7,snv,1000.4719215686275,0.004576105159639354,difference of equal-sample representative means; not paired
B0,B0-M00,7,snv,1005.9326666666667,0.003967037577336852,difference of equal-sample representative means; not paired
B0,B0-M00,7,snv,1011.3934117647059,0.0037079748443806793,difference of equal-sample representative means; not paired
B0,B0-M00,7,snv,1016.8541568627452,0.0038879717622315457,difference of equal-sample representative means; not paired
B0,B0-M00,7,snv,1022.3149019607844,0.004066357006001331,difference of equal-sample representative means; not paired
B0,B0-M00,7,snv,1027.7756470588236,0.003891019534896234,difference of equal-sample representative means; not paired
B0,B0-M00,7,snv,1033.2363921568628,0.004107440555000341,difference of equal-sample representative means; not paired
B0,B0-M00,7,snv,1038.697137254902,0.0035046288871953823,difference of equal-sample representative means; not paired
B0,B0-M00,7,snv,1044.1578823529412,0.0031287763562946047,difference of equal-sample representative means; not paired
B0,B0-M00,7,snv,1049.6186274509805,0.0030846191712823323,difference of equal-sample representative means; not paired
B0,B0-M00,7,snv,1055.0793725490196,0.0027900034127203988,difference of equal-sample representative means; not paired
B0,B0-M00,7,snv,1060.5401176470589,0.0020620033496470125,difference of equal-sample representative means; not paired
B0,B0-M00,7,snv,1066.0008627450982,0.0013939134942200226,difference of equal-sample representative means; not paired
B0,B0-M00,7,snv,1071.4616078431372,0.0012077372519021523,difference of equal-sample representative means; not paired
B0,B0-M00,7,snv,1076.9223529411765,0.0005878942856707425,difference of equal-sample representative means; not paired
B0,B0-M00,7,snv,1082.3830980392158,0.0007512672567082657,difference of equal-sample representative means; not paired
B0,B0-M00,7,snv,1087.843843137255,0.0010917337448601572,difference of equal-sample representative means; not paired
B0,B0-M00,7,snv,1093.3045882352942,0.0012539734074259457,difference of equal-sample representative means; not paired
B0,B0-M00,7,snv,1098.7653333333333,0.0009305655367830568,difference of equal-sample representative means; not paired
B0,B0-M00,7,snv,1104.2260784313726,5.943747174996794e-05,difference of equal-sample representative means; not paired
B0,B0-M00,7,snv,1109.6868235294119,-0.0009778434018290483,difference of equal-sample representative means; not paired
B0,B0-M00,7,snv,1115.1475686274512,-0.002837341369986035,difference of equal-sample representative means; not paired
B0,B0-M00,7,snv,1120.6083137254902,-0.004796496933447969,difference of equal-sample representative means; not paired
B0,B0-M00,7,snv,1126.0690588235295,-0.007204083941029893,difference of equal-sample representative means; not paired
B0,B0-M00,7,snv,1131.5298039215686,-0.009849166213790284,difference of equal-sample representative means; not paired
B0,B0-M00,7,snv,1136.990549019608,-0.012359113773616981,difference of equal-sample representative means; not paired
B0,B0-M00,7,snv,1142.4512941176472,-0.014231160868809711,difference of equal-sample representative means; not paired
B0,B0-M00,7,snv,1147.9120392156863,-0.014992197742832225,difference of equal-sample representative means; not paired
B0,B0-M00,7,snv,1153.3727843137256,-0.014976067318348107,difference of equal-sample representative means; not paired
B0,B0-M00,7,snv,1158.8335294117649,-0.014517329347081498,difference of equal-sample representative means; not paired
B0,B0-M00,7,snv,1164.294274509804,-0.014223250099860918,difference of equal-sample representative means; not paired
B0,B0-M00,7,snv,1169.7550196078432,-0.014578060049722286,difference of equal-sample representative means; not paired
B0,B0-M00,7,snv,1175.2157647058825,-0.01482251347274266,difference of equal-sample representative means; not paired
B0,B0-M00,7,snv,1180.6765098039216,-0.014644875804231905,difference of equal-sample representative means; not paired
B0,B0-M00,7,snv,1186.137254901961,-0.014394587173782947,difference of equal-sample representative means; not paired
B0,B0-M00,7,snv,1191.598,-0.013166880891294253,difference of equal-sample representative means; not paired
B0,B0-M00,7,snv,1197.0587450980393,-0.012112288346518896,difference of equal-sample representative means; not paired
B0,B0-M00,7,snv,1202.5194901960786,-0.010683162455656925,difference of equal-sample representative means; not paired
B0,B0-M00,7,snv,1207.9802352941178,-0.009740133670831708,difference of equal-sample representative means; not paired
B0,B0-M00,7,snv,1213.440980392157,-0.008827095755010173,difference of equal-sample representative means; not paired
B0,B0-M00,7,snv,1218.9017254901962,-0.007691679954389241,difference of equal-sample representative means; not paired
B0,B0-M00,7,snv,1224.3624705882353,-0.006912846169793485,difference of equal-sample representative means; not paired
B0,B0-M00,7,snv,1229.8232156862746,-0.007521551308475871,difference of equal-sample representative means; not paired
B0,B0-M00,7,snv,1235.2839607843139,-0.0069377314285706815,difference of equal-sample representative means; not paired
B0,B0-M00,7,snv,1240.7447058823532,-0.00638740830969331,difference of equal-sample representative means; not paired
B0,B0-M00,7,snv,1246.2054509803922,-0.006237698370465061,difference of equal-sample representative means; not paired
B0,B0-M00,7,snv,1251.6661960784315,-0.006029719863161809,difference of equal-sample representative means; not paired
B0,B0-M00,7,snv,1257.1269411764706,-0.005781424564399229,difference of equal-sample representative means; not paired
B0,B0-M00,7,snv,1262.58768627451,-0.00566717535467709,difference of equal-sample representative means; not paired
B0,B0-M00,7,snv,1268.0484313725492,-0.005624080658780173,difference of equal-sample representative means; not paired
B0,B0-M00,7,snv,1273.5091764705883,-0.005791104720157536,difference of equal-sample representative means; not paired
B0,B0-M00,7,snv,1278.9699215686276,-0.006245015702917245,difference of equal-sample representative means; not paired
B0,B0-M00,7,snv,1284.4306666666666,-0.006311255485572875,difference of equal-sample representative means; not paired
B0,B0-M00,7,snv,1289.891411764706,-0.006829958680451442,difference of equal-sample representative means; not paired
B0,B0-M00,7,snv,1295.3521568627452,-0.007471093541317808,difference of equal-sample representative means; not paired
B0,B0-M00,7,snv,1300.8129019607845,-0.007845519023235381,difference of equal-sample representative means; not paired
B0,B0-M00,7,snv,1306.2736470588236,-0.00804515639765091,difference of equal-sample representative means; not paired
B0,B0-M00,7,snv,1311.734392156863,-0.008259413004900296,difference of equal-sample representative means; not paired
B0,B0-M00,7,snv,1317.195137254902,-0.008234204723445826,difference of equal-sample representative means; not paired
B0,B0-M00,7,snv,1322.6558823529413,-0.007659085162078805,difference of equal-sample representative means; not paired
B0,B0-M00,7,snv,1328.1166274509806,-0.006820885345405037,difference of equal-sample representative means; not paired
B0,B0-M00,7,snv,1333.5773725490199,-0.005744046253580493,difference of equal-sample representative means; not paired
B0,B0-M00,7,snv,1339.038117647059,-0.004475200402092483,difference of equal-sample representative means; not paired
B0,B0-M00,7,snv,1344.4988627450982,-0.0029548489956525703,difference of equal-sample representative means; not paired
B0,B0-M00,7,snv,1349.9596078431373,-0.0009438961925838374,difference of equal-sample representative means; not paired
B0,B0-M00,7,snv,1355.4203529411766,0.000826587312334981,difference of equal-sample representative means; not paired
B0,B0-M00,7,snv,1360.8810980392159,0.0023271229687540362,difference of equal-sample representative means; not paired
B0,B0-M00,7,snv,1366.341843137255,0.0034349524521124497,difference of equal-sample representative means; not paired
B0,B0-M00,7,snv,1371.8025882352943,0.0043121566562341895,difference of equal-sample representative means; not paired
B0,B0-M00,7,snv,1377.2633333333333,0.004887588370091345,difference of equal-sample representative means; not paired
B0,B0-M00,7,snv,1382.7240784313726,0.005416605596239077,difference of equal-sample representative means; not paired
B0,B0-M00,7,snv,1388.184823529412,0.006452439687139433,difference of equal-sample representative means; not paired
B0,B0-M00,7,snv,1393.6455686274512,0.00755102478703501,difference of equal-sample representative means; not paired
B0,B0-M00,7,snv,1399.1063137254903,0.009529071373754167,difference of equal-sample representative means; not paired
B0,B0-M00,7,snv,1404.5670588235296,0.011319491322264123,difference of equal-sample representative means; not paired
B0,B0-M00,7,snv,1410.0278039215686,0.012238768411265491,difference of equal-sample representative means; not paired
B0,B0-M00,7,snv,1415.488549019608,0.012710051730884908,difference of equal-sample representative means; not paired
B0,B0-M00,7,snv,1420.9492941176472,0.012928548233302362,difference of equal-sample representative means; not paired
B0,B0-M00,7,snv,1426.4100392156865,0.012775660909518316,difference of equal-sample representative means; not paired
B0,B0-M00,7,snv,1431.8707843137256,0.012507388098599415,difference of equal-sample representative means; not paired
B0,B0-M00,7,snv,1437.3315294117647,0.012446123959871103,difference of equal-sample representative means; not paired
B0,B0-M00,7,snv,1442.792274509804,0.012569170706180022,difference of equal-sample representative means; not paired
B0,B0-M00,7,snv,1448.2530196078433,0.012232419760428215,difference of equal-sample representative means; not paired
B0,B0-M00,7,snv,1453.7137647058826,0.012021368570065971,difference of equal-sample representative means; not paired
B0,B0-M00,7,snv,1459.1745098039219,0.011992874330967962,difference of equal-sample representative means; not paired
B0,B0-M00,7,snv,1464.635254901961,0.011990979299262183,difference of equal-sample representative means; not paired
B0,B0-M00,7,snv,1470.096,0.012079752827644286,difference of equal-sample representative means; not paired
B0,B0-M00,7,snv,1475.5567450980393,0.012044161286813404,difference of equal-sample representative means; not paired
B0,B0-M00,7,snv,1481.0174901960786,0.012206490188802266,difference of equal-sample representative means; not paired
B0,B0-M00,7,snv,1486.478235294118,0.012492951503018768,difference of equal-sample representative means; not paired
B0,B0-M00,7,snv,1491.938980392157,0.012891002473947255,difference of equal-sample representative means; not paired
B0,B0-M00,7,snv,1497.3997254901963,0.013047231815576099,difference of equal-sample representative means; not paired
B0,B0-M00,7,snv,1502.8604705882353,0.013247305848854474,difference of equal-sample representative means; not paired
B0,B0-M00,7,snv,1508.3212156862746,0.01393170039564906,difference of equal-sample representative means; not paired
B0,B0-M00,7,snv,1513.781960784314,0.014201481636205271,difference of equal-sample representative means; not paired
B0,B0-M00,7,snv,1519.2427058823532,0.01449586824248017,difference of equal-sample representative means; not paired
B0,B0-M00,7,snv,1524.7034509803923,0.014935349139016507,difference of equal-sample representative means; not paired
B0,B0-M00,7,snv,1530.1641960784316,0.01516670345162896,difference of equal-sample representative means; not paired
B0,B0-M00,7,snv,1535.6249411764707,0.015546507028578072,difference of equal-sample representative means; not paired
B0,B0-M00,7,snv,1541.08568627451,0.015957607433124243,difference of equal-sample representative means; not paired
B0,B0-M00,7,snv,1546.5464313725493,0.016062201125072062,difference of equal-sample representative means; not paired
B0,B0-M00,7,snv,1552.0071764705885,0.015897413285031914,difference of equal-sample representative means; not paired
B0,B0-M00,7,snv,1557.4679215686276,0.016179332890636444,difference of equal-sample representative means; not paired
B0,B0-M00,7,snv,1562.9286666666667,0.016191169403258043,difference of equal-sample representative means; not paired
B0,B0-M00,7,snv,1568.389411764706,0.0164175835894681,difference of equal-sample representative means; not paired
B0,B0-M00,7,snv,1573.8501568627453,0.016662951285356997,difference of equal-sample representative means; not paired
B0,B0-M00,7,snv,1579.3109019607846,0.01676278042250723,difference of equal-sample representative means; not paired
B0,B0-M00,7,snv,1584.7716470588239,0.016780898173492376,difference of equal-sample representative means; not paired
B0,B0-M00,7,snv,1590.232392156863,0.016947403822627383,difference of equal-sample representative means; not paired
B0,B0-M00,7,snv,1595.693137254902,0.017353720521633642,difference of equal-sample representative means; not paired
B0,B0-M00,7,snv,1601.1538823529413,0.017348573039763837,difference of equal-sample representative means; not paired
B0,B0-M00,7,snv,1606.6146274509806,0.017489811661821397,difference of equal-sample representative means; not paired
B0,B0-M00,7,snv,1612.07537254902,0.01728435297320352,difference of equal-sample representative means; not paired
B0,B0-M00,7,snv,1617.536117647059,0.016767248526327827,difference of equal-sample representative means; not paired
B0,B0-M00,7,snv,1622.9968627450983,0.01656801435788896,difference of equal-sample representative means; not paired
B0,B0-M00,7,snv,1628.4576078431373,0.016647900921227532,difference of equal-sample representative means; not paired
B0,B0-M00,7,snv,1633.9183529411766,0.01583849610083754,difference of equal-sample representative means; not paired
B0,B0-M00,7,snv,1639.379098039216,0.015320169123611727,difference of equal-sample representative means; not paired
B0,B0-M00,7,snv,1644.8398431372552,0.014498980350137636,difference of equal-sample representative means; not paired
B0,B0-M00,7,snv,1650.3005882352943,0.013261866289359103,difference of equal-sample representative means; not paired
B0,B0-M00,7,snv,1655.7613333333334,0.011872335086258123,difference of equal-sample representative means; not paired
B0,B0-M00,7,snv,1661.2220784313727,0.010373484771497521,difference of equal-sample representative means; not paired
B0,B0-M00,7,snv,1666.682823529412,0.00888699446366581,difference of equal-sample representative means; not paired
B0,B0-M00,7,snv,1672.1435686274513,0.007603093149170015,difference of equal-sample representative means; not paired
B0,B0-M00,7,snv,1677.6043137254906,0.0064904420817455954,difference of equal-sample representative means; not paired
B0,B0-M00,7,snv,1683.0650588235296,0.006600927114212951,difference of equal-sample representative means; not paired
B0,B0-M00,7,snv,1688.5258039215687,0.006505182253621178,difference of equal-sample representative means; not paired
B0,B0-M00,7,snv,1693.986549019608,0.006243121355706371,difference of equal-sample representative means; not paired
B0,B0-M00,7,snv,1699.4472941176473,0.006390599335206526,difference of equal-sample representative means; not paired
B0,B0-M00,7,snv,1704.9080392156866,0.006774978816648014,difference of equal-sample representative means; not paired
B0,B0-M00,7,snv,1710.3687843137257,0.0070435114403726296,difference of equal-sample representative means; not paired
B0,B0-M00,7,snv,1715.829529411765,0.00723828803090687,difference of equal-sample representative means; not paired
B0,B0-M00,7,snv,1721.290274509804,0.006630227443394809,difference of equal-sample representative means; not paired
B0,B0-M00,7,snv,1726.7510196078433,0.007514114958334428,difference of equal-sample representative means; not paired
B0,B0-M00,7,snv,1732.2117647058826,0.007537734715754252,difference of equal-sample representative means; not paired
B0,B0-M00,7,snv,1737.672509803922,0.007606877516935506,difference of equal-sample representative means; not paired
B0,B0-M00,7,snv,1743.133254901961,0.007669954034084658,difference of equal-sample representative means; not paired
B0,B0-M00,7,snv,1748.594,0.007556472180822227,difference of equal-sample representative means; not paired
B0,B0-M00,7,snv,1754.0547450980393,0.007485395060779498,difference of equal-sample representative means; not paired
B0,B0-M00,7,snv,1759.5154901960786,0.007910490011424076,difference of equal-sample representative means; not paired
B0,B0-M00,7,snv,1764.976235294118,0.00823974076314482,difference of equal-sample representative means; not paired
B0,B0-M00,7,snv,1770.4369803921572,0.008674732382233652,difference of equal-sample representative means; not paired
B0,B0-M00,7,snv,1775.8977254901963,0.008913290678803032,difference of equal-sample representative means; not paired
B0,B0-M00,7,snv,1781.3584705882354,0.009022937979598245,difference of equal-sample representative means; not paired
B0,B0-M00,7,snv,1786.8192156862747,0.009106312347867573,difference of equal-sample representative means; not paired
B0,B0-M00,7,snv,1792.279960784314,0.009537636596612331,difference of equal-sample representative means; not paired
B0,B0-M00,7,snv,1797.7407058823533,0.010522204332765683,difference of equal-sample representative means; not paired
B0,B0-M00,7,snv,1803.2014509803923,0.009921233417775177,difference of equal-sample representative means; not paired
B0,B0-M00,7,snv,1808.6621960784316,0.010134116496165912,difference of equal-sample representative means; not paired
B0,B0-M00,7,snv,1814.1229411764707,0.010196533322701262,difference of equal-sample representative means; not paired
B0,B0-M00,7,snv,1819.58368627451,0.010330696425855934,difference of equal-sample representative means; not paired
B0,B0-M00,7,snv,1825.0444313725493,0.01055635512924713,difference of equal-sample representative means; not paired
B0,B0-M00,7,snv,1830.5051764705886,0.01062764136633082,difference of equal-sample representative means; not paired
B0,B0-M00,7,snv,1835.9659215686277,0.010368318254599718,difference of equal-sample representative means; not paired
B0,B0-M00,7,snv,1841.4266666666667,0.010055277925600015,difference of equal-sample representative means; not paired
B0,B0-M00,7,snv,1846.887411764706,0.009678434524228285,difference of equal-sample representative means; not paired
B0,B0-M00,7,snv,1852.3481568627453,0.009284086886327314,difference of equal-sample representative means; not paired
B0,B0-M00,7,snv,1857.8089019607846,0.009143052048466827,difference of equal-sample representative means; not paired
B0,B0-M00,7,snv,1863.269647058824,0.009005536173512907,difference of equal-sample representative means; not paired
B0,B0-M00,7,snv,1868.730392156863,0.008469389265105876,difference of equal-sample representative means; not paired
B0,B0-M00,7,snv,1874.191137254902,0.007297529435870975,difference of equal-sample representative means; not paired
B0,B0-M00,7,snv,1879.6518823529414,0.005660002905227335,difference of equal-sample representative means; not paired
B0,B0-M00,7,snv,1885.1126274509807,0.004186952434555691,difference of equal-sample representative means; not paired
B0,B0-M00,7,snv,1890.57337254902,0.002434128342150288,difference of equal-sample representative means; not paired
B0,B0-M00,7,snv,1896.034117647059,0.0024024226361704093,difference of equal-sample representative means; not paired
B0,B0-M00,7,snv,1901.4948627450983,-0.008850733188686788,difference of equal-sample representative means; not paired
B0,B0-M00,7,snv,1906.9556078431374,-0.010224617556041982,difference of equal-sample representative means; not paired
B0,B0-M00,7,snv,1912.4163529411767,-0.007063726347413368,difference of equal-sample representative means; not paired
B0,B0-M00,7,snv,1917.877098039216,-0.01304576064698515,difference of equal-sample representative means; not paired
B0,B0-M00,7,snv,1923.3378431372553,-0.016192437638032908,difference of equal-sample representative means; not paired
B0,B0-M00,7,snv,1928.7985882352943,-0.01728300699624241,difference of equal-sample representative means; not paired
B0,B0-M00,7,snv,1934.2593333333336,-0.01784160135835,difference of equal-sample representative means; not paired
B0,B0-M00,7,snv,1939.7200784313727,-0.01798897078994366,difference of equal-sample representative means; not paired
B0,B0-M00,7,snv,1945.180823529412,-0.017938905328244825,difference of equal-sample representative means; not paired
B0,B0-M00,7,snv,1950.6415686274513,-0.017626967648893377,difference of equal-sample representative means; not paired
B0,B0-M00,7,snv,1956.1023137254906,-0.017165795400237105,difference of equal-sample representative means; not paired
B0,B0-M00,7,snv,1961.5630588235294,-0.016477018307487157,difference of equal-sample representative means; not paired
B0,B0-M00,7,snv,1967.0238039215687,-0.014544229288556365,difference of equal-sample representative means; not paired
B0,B0-M00,7,snv,1972.484549019608,-0.01384137073550984,difference of equal-sample representative means; not paired
B0,B0-M00,7,snv,1977.9452941176473,-0.013559766783241,difference of equal-sample representative means; not paired
B0,B0-M00,7,snv,1983.4060392156866,-0.012886215318777317,difference of equal-sample representative means; not paired
B0,B0-M00,7,snv,1988.866784313726,-0.011952584174539371,difference of equal-sample representative means; not paired
B0,B0-M00,7,snv,1994.3275294117648,-0.011189120411915887,difference of equal-sample representative means; not paired
B0,B0-M00,7,snv,1999.788274509804,-0.01068745347529454,difference of equal-sample representative means; not paired
B0,B0-M00,7,snv,2005.2490196078434,-0.01012515700564609,difference of equal-sample representative means; not paired
B0,B0-M00,7,snv,2010.7097647058827,-0.009781146238276417,difference of equal-sample representative means; not paired
B0,B0-M00,7,snv,2016.170509803922,-0.00856790661119422,difference of equal-sample representative means; not paired
B0,B0-M00,7,snv,2021.6312549019613,-0.008748431504921106,difference of equal-sample representative means; not paired
B0,B0-M00,7,snv,2027.092,-0.008551030543061833,difference of equal-sample representative means; not paired
B0,B0-M00,7,snv,2032.5527450980394,-0.008803726773740861,difference of equal-sample representative means; not paired
B0,B0-M00,7,snv,2038.0134901960787,-0.009302107122273418,difference of equal-sample representative means; not paired
B0,B0-M00,7,snv,2043.474235294118,-0.009171524389556485,difference of equal-sample representative means; not paired
B0,B0-M00,7,snv,2048.9349803921573,-0.008866310770465735,difference of equal-sample representative means; not paired
B0,B0-M00,7,snv,2054.3957254901966,-0.009758373291380629,difference of equal-sample representative means; not paired
B0,B0-M00,7,snv,2059.8564705882354,-0.009027748486927112,difference of equal-sample representative means; not paired
B0,B0-M00,7,snv,2065.3172156862747,-0.009381523063827335,difference of equal-sample representative means; not paired
B0,B0-M00,7,snv,2070.777960784314,-0.009745293644357833,difference of equal-sample representative means; not paired
B0,B0-M00,7,snv,2076.2387058823533,-0.009900574113658966,difference of equal-sample representative means; not paired
B0,B0-M00,7,snv,2081.6994509803926,-0.009933006319371107,difference of equal-sample representative means; not paired
B0,B0-M00,7,snv,2087.1601960784315,-0.010019372600800547,difference of equal-sample representative means; not paired
B0,B0-M00,7,snv,2092.6209411764708,-0.010793330984990135,difference of equal-sample representative means; not paired
B0,B0-M00,7,snv,2098.08168627451,-0.010517423482924282,difference of equal-sample representative means; not paired
B0,B0-M00,7,snv,2103.5424313725493,-0.010348084822541459,difference of equal-sample representative means; not paired
B0,B0-M00,7,snv,2109.0031764705886,-0.009842234773950853,difference of equal-sample representative means; not paired
B0,B0-M00,7,snv,2114.463921568628,-0.009137849190435032,difference of equal-sample representative means; not paired
B0,B0-M00,7,snv,2119.924666666667,-0.009123036016084218,difference of equal-sample representative means; not paired
B0,B0-M00,7,snv,2125.385411764706,-0.009131327517453047,difference of equal-sample representative means; not paired
B0,B0-M00,7,snv,2130.8461568627454,-0.007384038828209372,difference of equal-sample representative means; not paired
B0,B0-M00,7,snv,2136.3069019607847,-0.007148656149247534,difference of equal-sample representative means; not paired
B0,B0-M00,7,snv,2141.767647058824,-0.007931949226710922,difference of equal-sample representative means; not paired
B0,B0-M00,7,snv,2147.2283921568633,-0.007978362838329756,difference of equal-sample representative means; not paired
B0,B0-M00,7,snv,2152.689137254902,-0.008898450040424999,difference of equal-sample representative means; not paired
B0,B0-M00,7,snv,2158.1498823529414,-0.008371379486272201,difference of equal-sample representative means; not paired
B0,B0-M00,7,snv,2163.6106274509807,-0.0069478719232271,difference of equal-sample representative means; not paired
B0,B0-M00,7,snv,2169.07137254902,-0.006333278398431896,difference of equal-sample representative means; not paired
B0,B0-M00,7,snv,2174.5321176470593,-0.005730822521873513,difference of equal-sample representative means; not paired
B0,B0-M00,7,snv,2179.992862745098,-0.006139847281682376,difference of equal-sample representative means; not paired
B0,B0-M00,7,snv,2185.4536078431374,-0.006049630849937593,difference of equal-sample representative means; not paired
B0,B0-M00,7,snv,2190.9143529411767,-0.0054913671977036005,difference of equal-sample representative means; not paired
B0,B0-M00,7,snv,2196.375098039216,-0.0055395542404832465,difference of equal-sample representative means; not paired
B0,B0-M00,7,snv,2201.8358431372553,-0.006341477690544051,difference of equal-sample representative means; not paired
B0,B0-M00,7,snv,2207.2965882352946,-0.006848841790127791,difference of equal-sample representative means; not paired
B0,B0-M00,7,snv,2212.7573333333335,-0.006058991407711822,difference of equal-sample representative means; not paired
B0,B0-M00,7,snv,2218.2180784313728,-0.004766578800248666,difference of equal-sample representative means; not paired
B0,B0-M00,7,snv,2223.678823529412,-0.003974511978640849,difference of equal-sample representative means; not paired
B0,B0-M00,7,snv,2229.1395686274514,-0.006711540986301223,difference of equal-sample representative means; not paired
B0,B0-M00,7,snv,2234.6003137254907,-0.00935196150256512,difference of equal-sample representative means; not paired
B0,B0-M00,7,snv,2240.06105882353,-0.00852199859652536,difference of equal-sample representative means; not paired
B0,B0-M00,7,snv,2245.521803921569,-0.008236528652212582,difference of equal-sample representative means; not paired
B0,B0-M00,7,snv,2250.982549019608,-0.010926092673470444,difference of equal-sample representative means; not paired
B0,B0-M00,7,snv,2256.4432941176474,-0.013977313198832553,difference of equal-sample representative means; not paired
B0,B0-M00,7,snv,2261.9040392156867,-0.01679844678210718,difference of equal-sample representative means; not paired
B0,B0-M00,7,snv,2267.364784313726,-0.018258589528242553,difference of equal-sample representative means; not paired
B0,B0-M00,7,snv,2272.825529411765,-0.02279960706073636,difference of equal-sample representative means; not paired
B0,B0-M00,7,snv,2278.286274509804,-0.02291401137089344,difference of equal-sample representative means; not paired
B0,B0-M00,7,snv,2283.7470196078434,-0.024801718706889186,difference of equal-sample representative means; not paired
B0,B0-M00,7,snv,2289.2077647058827,-0.026946016672544815,difference of equal-sample representative means; not paired
B0,B0-M00,7,snv,2294.668509803922,-0.027804209774793254,difference of equal-sample representative means; not paired
B0,B0-M00,7,snv,2300.1292549019613,-0.03052946231900866,difference of equal-sample representative means; not paired
B0,B0-M00,7,snv,2305.59,-0.02447908985863423,difference of equal-sample representative means; not paired
B0,B0-M00,7,second_derivative,913.1,5.591465987207989e-06,difference of equal-sample representative means; not paired
B0,B0-M00,7,second_derivative,918.5607450980392,5.591465987207989e-06,difference of equal-sample representative means; not paired
B0,B0-M00,7,second_derivative,924.0214901960785,5.591465987207989e-06,difference of equal-sample representative means; not paired
B0,B0-M00,7,second_derivative,929.4822352941177,5.591465987207745e-06,difference of equal-sample representative means; not paired
B0,B0-M00,7,second_derivative,934.9429803921569,7.3505951090787515e-06,difference of equal-sample representative means; not paired
B0,B0-M00,7,second_derivative,940.4037254901962,4.619545415034735e-06,difference of equal-sample representative means; not paired
B0,B0-M00,7,second_derivative,945.8644705882353,2.996152207350161e-06,difference of equal-sample representative means; not paired
B0,B0-M00,7,second_derivative,951.3252156862745,7.836747668104428e-07,difference of equal-sample representative means; not paired
B0,B0-M00,7,second_derivative,956.7859607843137,-1.3308698414278452e-06,difference of equal-sample representative means; not paired
B0,B0-M00,7,second_derivative,962.246705882353,-1.4016003306192298e-06,difference of equal-sample representative means; not paired
B0,B0-M00,7,second_derivative,967.7074509803922,-9.82540305086928e-07,difference of equal-sample representative means; not paired
B0,B0-M00,7,second_derivative,973.1681960784314,-1.592803912952308e-08,difference of equal-sample representative means; not paired
B0,B0-M00,7,second_derivative,978.6289411764706,3.038948497063281e-07,difference of equal-sample representative means; not paired
B0,B0-M00,7,second_derivative,984.0896862745099,2.434334942436895e-07,difference of equal-sample representative means; not paired
B0,B0-M00,7,second_derivative,989.550431372549,1.1829877242363886e-07,difference of equal-sample representative means; not paired
B0,B0-M00,7,second_derivative,995.0111764705882,2.8620595005334073e-08,difference of equal-sample representative means; not paired
B0,B0-M00,7,second_derivative,1000.4719215686275,4.021455806439285e-08,difference of equal-sample representative means; not paired
B0,B0-M00,7,second_derivative,1005.9326666666667,-7.742705298551328e-09,difference of equal-sample representative means; not paired
B0,B0-M00,7,second_derivative,1011.3934117647059,-1.4975622019958366e-07,difference of equal-sample representative means; not paired
B0,B0-M00,7,second_derivative,1016.8541568627452,-2.051089758500018e-07,difference of equal-sample representative means; not paired
B0,B0-M00,7,second_derivative,1022.3149019607844,2.7991664622563824e-07,difference of equal-sample representative means; not paired
B0,B0-M00,7,second_derivative,1027.7756470588236,4.676687509511821e-07,difference of equal-sample representative means; not paired
B0,B0-M00,7,second_derivative,1033.2363921568628,2.0531303916775354e-07,difference of equal-sample representative means; not paired
B0,B0-M00,7,second_derivative,1038.697137254902,5.751627966213852e-09,difference of equal-sample representative means; not paired
B0,B0-M00,7,second_derivative,1044.1578823529412,1.260296955252451e-07,difference of equal-sample representative means; not paired
B0,B0-M00,7,second_derivative,1049.6186274509805,1.6839154919039913e-07,difference of equal-sample representative means; not paired
B0,B0-M00,7,second_derivative,1055.0793725490196,2.506654272762891e-07,difference of equal-sample representative means; not paired
B0,B0-M00,7,second_derivative,1060.5401176470589,1.810346212898557e-07,difference of equal-sample representative means; not paired
B0,B0-M00,7,second_derivative,1066.0008627450982,-3.021666168161486e-07,difference of equal-sample representative means; not paired
B0,B0-M00,7,second_derivative,1071.4616078431372,-7.053210493608662e-07,difference of equal-sample representative means; not paired
B0,B0-M00,7,second_derivative,1076.9223529411765,-7.035691424341092e-07,difference of equal-sample representative means; not paired
B0,B0-M00,7,second_derivative,1082.3830980392158,-3.6380514758293204e-07,difference of equal-sample representative means; not paired
B0,B0-M00,7,second_derivative,1087.843843137255,1.4657537443036752e-07,difference of equal-sample representative means; not paired
B0,B0-M00,7,second_derivative,1093.3045882352942,6.40224022338949e-07,difference of equal-sample representative means; not paired
B0,B0-M00,7,second_derivative,1098.7653333333333,7.154894984761723e-07,difference of equal-sample representative means; not paired
B0,B0-M00,7,second_derivative,1104.2260784313726,3.2339693258080164e-07,difference of equal-sample representative means; not paired
B0,B0-M00,7,second_derivative,1109.6868235294119,-2.019753358447154e-07,difference of equal-sample representative means; not paired
B0,B0-M00,7,second_derivative,1115.1475686274512,-5.943512594149344e-07,difference of equal-sample representative means; not paired
B0,B0-M00,7,second_derivative,1120.6083137254902,-8.108695171550693e-07,difference of equal-sample representative means; not paired
B0,B0-M00,7,second_derivative,1126.0690588235295,-1.0386636431832397e-06,difference of equal-sample representative means; not paired
B0,B0-M00,7,second_derivative,1131.5298039215686,-1.3676709293543295e-06,difference of equal-sample representative means; not paired
B0,B0-M00,7,second_derivative,1136.990549019608,-2.084874989887062e-06,difference of equal-sample representative means; not paired
B0,B0-M00,7,second_derivative,1142.4512941176472,-2.724124555160817e-06,difference of equal-sample representative means; not paired
B0,B0-M00,7,second_derivative,1147.9120392156863,-2.6308324878836926e-06,difference of equal-sample representative means; not paired
B0,B0-M00,7,second_derivative,1153.3727843137256,-1.469872629710735e-06,difference of equal-sample representative means; not paired
B0,B0-M00,7,second_derivative,1158.8335294117649,-4.798436006981354e-08,difference of equal-sample representative means; not paired
B0,B0-M00,7,second_derivative,1164.294274509804,5.993049529542924e-07,difference of equal-sample representative means; not paired
B0,B0-M00,7,second_derivative,1169.7550196078432,2.6884880705749955e-07,difference of equal-sample representative means; not paired
B0,B0-M00,7,second_derivative,1175.2157647058825,-1.0170440944168374e-06,difference of equal-sample representative means; not paired
B0,B0-M00,7,second_derivative,1180.6765098039216,-1.4607959224357678e-06,difference of equal-sample representative means; not paired
B0,B0-M00,7,second_derivative,1186.137254901961,-7.692910289630702e-07,difference of equal-sample representative means; not paired
B0,B0-M00,7,second_derivative,1191.598,6.358173392771206e-07,difference of equal-sample representative means; not paired
B0,B0-M00,7,second_derivative,1197.0587450980393,1.825596591417981e-06,difference of equal-sample representative means; not paired
B0,B0-M00,7,second_derivative,1202.5194901960786,2.223811944226401e-06,difference of equal-sample representative means; not paired
B0,B0-M00,7,second_derivative,1207.9802352941178,1.9532313454697178e-06,difference of equal-sample representative means; not paired
B0,B0-M00,7,second_derivative,1213.440980392157,2.6637303932708193e-06,difference of equal-sample representative means; not paired
B0,B0-M00,7,second_derivative,1218.9017254901962,2.7007199204340083e-06,difference of equal-sample representative means; not paired
B0,B0-M00,7,second_derivative,1224.3624705882353,2.3029269435716223e-06,difference of equal-sample representative means; not paired
B0,B0-M00,7,second_derivative,1229.8232156862746,1.4798573217331236e-06,difference of equal-sample representative means; not paired
B0,B0-M00,7,second_derivative,1235.2839607843139,3.486082178958517e-07,difference of equal-sample representative means; not paired
B0,B0-M00,7,second_derivative,1240.7447058823532,-3.4868490087067343e-07,difference of equal-sample representative means; not paired
B0,B0-M00,7,second_derivative,1246.2054509803922,-1.9148358565191197e-07,difference of equal-sample representative means; not paired
B0,B0-M00,7,second_derivative,1251.6661960784315,-4.087066658282948e-07,difference of equal-sample representative means; not paired
B0,B0-M00,7,second_derivative,1257.1269411764706,-3.2968084972972045e-07,difference of equal-sample representative means; not paired
B0,B0-M00,7,second_derivative,1262.58768627451,2.6252971756226273e-07,difference of equal-sample representative means; not paired
B0,B0-M00,7,second_derivative,1268.0484313725492,5.612806573512595e-07,difference of equal-sample representative means; not paired
B0,B0-M00,7,second_derivative,1273.5091764705883,7.379337663016734e-07,difference of equal-sample representative means; not paired
B0,B0-M00,7,second_derivative,1278.9699215686276,7.172897475183707e-07,difference of equal-sample representative means; not paired
B0,B0-M00,7,second_derivative,1284.4306666666666,2.218150595061758e-07,difference of equal-sample representative means; not paired
B0,B0-M00,7,second_derivative,1289.891411764706,-5.849037630850196e-07,difference of equal-sample representative means; not paired
B0,B0-M00,7,second_derivative,1295.3521568627452,-1.2950959905451976e-06,difference of equal-sample representative means; not paired
B0,B0-M00,7,second_derivative,1300.8129019607845,-2.068220162608855e-06,difference of equal-sample representative means; not paired
B0,B0-M00,7,second_derivative,1306.2736470588236,-2.574364193405447e-06,difference of equal-sample representative means; not paired
B0,B0-M00,7,second_derivative,1311.734392156863,-2.9460378677647866e-06,difference of equal-sample representative means; not paired
B0,B0-M00,7,second_derivative,1317.195137254902,-3.357472718521684e-06,difference of equal-sample representative means; not paired
B0,B0-M00,7,second_derivative,1322.6558823529413,-3.7228615093159014e-06,difference of equal-sample representative means; not paired
B0,B0-M00,7,second_derivative,1328.1166274509806,-3.9550821136497e-06,difference of equal-sample representative means; not paired
B0,B0-M00,7,second_derivative,1333.5773725490199,-4.193928033619277e-06,difference of equal-sample representative means; not paired
B0,B0-M00,7,second_derivative,1339.038117647059,-3.8252462574028885e-06,difference of equal-sample representative means; not paired
B0,B0-M00,7,second_derivative,1344.4988627450982,-2.5236003918225547e-06,difference of equal-sample representative means; not paired
B0,B0-M00,7,second_derivative,1349.9596078431373,-7.746346731441309e-07,difference of equal-sample representative means; not paired
B0,B0-M00,7,second_derivative,1355.4203529411766,9.020993840146618e-07,difference of equal-sample representative means; not paired
B0,B0-M00,7,second_derivative,1360.8810980392159,2.134675589644141e-06,difference of equal-sample representative means; not paired
B0,B0-M00,7,second_derivative,1366.341843137255,2.4403395197143555e-06,difference of equal-sample representative means; not paired
B0,B0-M00,7,second_derivative,1371.8025882352943,1.4872799586539133e-06,difference of equal-sample representative means; not paired
B0,B0-M00,7,second_derivative,1377.2633333333333,-1.1288892651615925e-06,difference of equal-sample representative means; not paired
B0,B0-M00,7,second_derivative,1382.7240784313726,-5.445314920506149e-06,difference of equal-sample representative means; not paired
B0,B0-M00,7,second_derivative,1388.184823529412,-9.42985935088248e-06,difference of equal-sample representative means; not paired
B0,B0-M00,7,second_derivative,1393.6455686274512,-1.0857132732535108e-05,difference of equal-sample representative means; not paired
B0,B0-M00,7,second_derivative,1399.1063137254903,-9.51631360669665e-06,difference of equal-sample representative means; not paired
B0,B0-M00,7,second_derivative,1404.5670588235296,-6.359429602293407e-06,difference of equal-sample representative means; not paired
B0,B0-M00,7,second_derivative,1410.0278039215686,-2.10531522086012e-06,difference of equal-sample representative means; not paired
B0,B0-M00,7,second_derivative,1415.488549019608,2.0764293386657192e-06,difference of equal-sample representative means; not paired
B0,B0-M00,7,second_derivative,1420.9492941176472,6.127770808766103e-06,difference of equal-sample representative means; not paired
B0,B0-M00,7,second_derivative,1426.4100392156865,8.925964391095587e-06,difference of equal-sample representative means; not paired
B0,B0-M00,7,second_derivative,1431.8707843137256,1.0109605587247918e-05,difference of equal-sample representative means; not paired
B0,B0-M00,7,second_derivative,1437.3315294117647,9.353632453770213e-06,difference of equal-sample representative means; not paired
B0,B0-M00,7,second_derivative,1442.792274509804,7.4253699024395885e-06,difference of equal-sample representative means; not paired
B0,B0-M00,7,second_derivative,1448.2530196078433,5.2073784314761576e-06,difference of equal-sample representative means; not paired
B0,B0-M00,7,second_derivative,1453.7137647058826,3.293441207549598e-06,difference of equal-sample representative means; not paired
B0,B0-M00,7,second_derivative,1459.1745098039219,2.062195367477372e-06,difference of equal-sample representative means; not paired
B0,B0-M00,7,second_derivative,1464.635254901961,1.9606156429614503e-06,difference of equal-sample representative means; not paired
B0,B0-M00,7,second_derivative,1470.096,2.2819406710840028e-06,difference of equal-sample representative means; not paired
B0,B0-M00,7,second_derivative,1475.5567450980393,2.493326146659489e-06,difference of equal-sample representative means; not paired
B0,B0-M00,7,second_derivative,1481.0174901960786,2.742203717587682e-06,difference of equal-sample representative means; not paired
B0,B0-M00,7,second_derivative,1486.478235294118,2.5902802242089976e-06,difference of equal-sample representative means; not paired
B0,B0-M00,7,second_derivative,1491.938980392157,1.8192520671255383e-06,difference of equal-sample representative means; not paired
B0,B0-M00,7,second_derivative,1497.3997254901963,1.242867638037909e-06,difference of equal-sample representative means; not paired
B0,B0-M00,7,second_derivative,1502.8604705882353,9.59262427695223e-07,difference of equal-sample representative means; not paired
B0,B0-M00,7,second_derivative,1508.3212156862746,4.988021804706277e-07,difference of equal-sample representative means; not paired
B0,B0-M00,7,second_derivative,1513.781960784314,1.3350154591484796e-07,difference of equal-sample representative means; not paired
B0,B0-M00,7,second_derivative,1519.2427058823532,-9.260186832748548e-07,difference of equal-sample representative means; not paired
B0,B0-M00,7,second_derivative,1524.7034509803923,-1.8925310001693175e-06,difference of equal-sample representative means; not paired
B0,B0-M00,7,second_derivative,1530.1641960784316,-8.994969443187702e-07,difference of equal-sample representative means; not paired
B0,B0-M00,7,second_derivative,1535.6249411764707,5.238009133408327e-07,difference of equal-sample representative means; not paired
B0,B0-M00,7,second_derivative,1541.08568627451,1.072331605193112e-06,difference of equal-sample representative means; not paired
B0,B0-M00,7,second_derivative,1546.5464313725493,1.1223104684410243e-06,difference of equal-sample representative means; not paired
B0,B0-M00,7,second_derivative,1552.0071764705885,1.1946295460227045e-08,difference of equal-sample representative means; not paired
B0,B0-M00,7,second_derivative,1557.4679215686276,-7.891371035258715e-07,difference of equal-sample representative means; not paired
B0,B0-M00,7,second_derivative,1562.9286666666667,-4.990538924317006e-07,difference of equal-sample representative means; not paired
B0,B0-M00,7,second_derivative,1568.389411764706,-3.643818706681853e-08,difference of equal-sample representative means; not paired
B0,B0-M00,7,second_derivative,1573.8501568627453,2.1273661486326097e-07,difference of equal-sample representative means; not paired
B0,B0-M00,7,second_derivative,1579.3109019607846,7.066642369684761e-07,difference of equal-sample representative means; not paired
B0,B0-M00,7,second_derivative,1584.7716470588239,1.5887962539707402e-06,difference of equal-sample representative means; not paired
B0,B0-M00,7,second_derivative,1590.232392156863,2.4566243535620674e-06,difference of equal-sample representative means; not paired
B0,B0-M00,7,second_derivative,1595.693137254902,3.2773640355354225e-06,difference of equal-sample representative means; not paired
B0,B0-M00,7,second_derivative,1601.1538823529413,3.5594609416092336e-06,difference of equal-sample representative means; not paired
B0,B0-M00,7,second_derivative,1606.6146274509806,2.4619995613941065e-06,difference of equal-sample representative means; not paired
B0,B0-M00,7,second_derivative,1612.07537254902,3.6086411632245895e-07,difference of equal-sample representative means; not paired
B0,B0-M00,7,second_derivative,1617.536117647059,-5.97591565577722e-07,difference of equal-sample representative means; not paired
B0,B0-M00,7,second_derivative,1622.9968627450983,-1.3246719955852722e-06,difference of equal-sample representative means; not paired
B0,B0-M00,7,second_derivative,1628.4576078431373,-1.3555254565994317e-06,difference of equal-sample representative means; not paired
B0,B0-M00,7,second_derivative,1633.9183529411766,-1.239201456623125e-06,difference of equal-sample representative means; not paired
B0,B0-M00,7,second_derivative,1639.379098039216,-1.6947273048712505e-06,difference of equal-sample representative means; not paired
B0,B0-M00,7,second_derivative,1644.8398431372552,-2.343720854102783e-06,difference of equal-sample representative means; not paired
B0,B0-M00,7,second_derivative,1650.3005882352943,-2.370545373773119e-06,difference of equal-sample representative means; not paired
B0,B0-M00,7,second_derivative,1655.7613333333334,-2.493057597796749e-06,difference of equal-sample representative means; not paired
B0,B0-M00,7,second_derivative,1661.2220784313727,-2.0015484199894546e-06,difference of equal-sample representative means; not paired
B0,B0-M00,7,second_derivative,1666.682823529412,-1.663633169629499e-06,difference of equal-sample representative means; not paired
B0,B0-M00,7,second_derivative,1672.1435686274513,-1.1510765844803495e-06,difference of equal-sample representative means; not paired
B0,B0-M00,7,second_derivative,1677.6043137254906,-9.736802758682522e-07,difference of equal-sample representative means; not paired
B0,B0-M00,7,second_derivative,1683.0650588235296,-1.336684129251499e-06,difference of equal-sample representative means; not paired
B0,B0-M00,7,second_derivative,1688.5258039215687,-1.7330195148560407e-06,difference of equal-sample representative means; not paired
B0,B0-M00,7,second_derivative,1693.986549019608,-1.3766217485053172e-06,difference of equal-sample representative means; not paired
B0,B0-M00,7,second_derivative,1699.4472941176473,-6.848231602398331e-07,difference of equal-sample representative means; not paired
B0,B0-M00,7,second_derivative,1704.9080392156866,7.623311404548704e-07,difference of equal-sample representative means; not paired
B0,B0-M00,7,second_derivative,1710.3687843137257,3.5707845641922633e-07,difference of equal-sample representative means; not paired
B0,B0-M00,7,second_derivative,1715.829529411765,-1.1623717675275396e-09,difference of equal-sample representative means; not paired
B0,B0-M00,7,second_derivative,1721.290274509804,-6.047557170498308e-08,difference of equal-sample representative means; not paired
B0,B0-M00,7,second_derivative,1726.7510196078433,1.7297745925261948e-07,difference of equal-sample representative means; not paired
B0,B0-M00,7,second_derivative,1732.2117647058826,6.165277983345054e-07,difference of equal-sample representative means; not paired
B0,B0-M00,7,second_derivative,1737.672509803922,8.350559253862842e-07,difference of equal-sample representative means; not paired
B0,B0-M00,7,second_derivative,1743.133254901961,-7.137072638101568e-07,difference of equal-sample representative means; not paired
B0,B0-M00,7,second_derivative,1748.594,-1.2034409235448646e-06,difference of equal-sample representative means; not paired
B0,B0-M00,7,second_derivative,1754.0547450980393,-1.3776412248061007e-06,difference of equal-sample representative means; not paired
B0,B0-M00,7,second_derivative,1759.5154901960786,-9.838440218159186e-07,difference of equal-sample representative means; not paired
B0,B0-M00,7,second_derivative,1764.976235294118,5.4969781061599487e-08,difference of equal-sample representative means; not paired
B0,B0-M00,7,second_derivative,1770.4369803921572,1.1113793813410465e-06,difference of equal-sample representative means; not paired
B0,B0-M00,7,second_derivative,1775.8977254901963,1.1246920897682343e-06,difference of equal-sample representative means; not paired
B0,B0-M00,7,second_derivative,1781.3584705882354,4.555905627056663e-07,difference of equal-sample representative means; not paired
B0,B0-M00,7,second_derivative,1786.8192156862747,1.5789036530935775e-06,difference of equal-sample representative means; not paired
B0,B0-M00,7,second_derivative,1792.279960784314,2.0948159306739577e-06,difference of equal-sample representative means; not paired
B0,B0-M00,7,second_derivative,1797.7407058823533,2.3232508941331106e-06,difference of equal-sample representative means; not paired
B0,B0-M00,7,second_derivative,1803.2014509803923,1.7199604533093187e-06,difference of equal-sample representative means; not paired
B0,B0-M00,7,second_derivative,1808.6621960784316,2.9983234453806295e-07,difference of equal-sample representative means; not paired
B0,B0-M00,7,second_derivative,1814.1229411764707,-6.432543458094481e-07,difference of equal-sample representative means; not paired
B0,B0-M00,7,second_derivative,1819.58368627451,8.472524475449822e-07,difference of equal-sample representative means; not paired
B0,B0-M00,7,second_derivative,1825.0444313725493,1.5683779329411553e-06,difference of equal-sample representative means; not paired
B0,B0-M00,7,second_derivative,1830.5051764705886,2.197827529189675e-06,difference of equal-sample representative means; not paired
B0,B0-M00,7,second_derivative,1835.9659215686277,1.3742933068538302e-06,difference of equal-sample representative means; not paired
B0,B0-M00,7,second_derivative,1841.4266666666667,-5.29344853742167e-07,difference of equal-sample representative means; not paired
B0,B0-M00,7,second_derivative,1846.887411764706,-2.5306117491539357e-06,difference of equal-sample representative means; not paired
B0,B0-M00,7,second_derivative,1852.3481568627453,-3.457556681551473e-06,difference of equal-sample representative means; not paired
B0,B0-M00,7,second_derivative,1857.8089019607846,-3.0128552770208072e-06,difference of equal-sample representative means; not paired
B0,B0-M00,7,second_derivative,1863.269647058824,-2.6765105149557347e-06,difference of equal-sample representative means; not paired
B0,B0-M00,7,second_derivative,1868.730392156863,-5.339300535820538e-06,difference of equal-sample representative means; not paired
B0,B0-M00,7,second_derivative,1874.191137254902,-9.001283562659834e-06,difference of equal-sample representative means; not paired
B0,B0-M00,7,second_derivative,1879.6518823529414,-1.3908860867336566e-05,difference of equal-sample representative means; not paired
B0,B0-M00,7,second_derivative,1885.1126274509807,-6.904570646875334e-06,difference of equal-sample representative means; not paired
B0,B0-M00,7,second_derivative,1890.57337254902,-2.7373525315277033e-06,difference of equal-sample representative means; not paired
B0,B0-M00,7,second_derivative,1896.034117647059,-4.6841753136458005e-06,difference of equal-sample representative means; not paired
B0,B0-M00,7,second_derivative,1901.4948627450983,5.722150243347505e-07,difference of equal-sample representative means; not paired
B0,B0-M00,7,second_derivative,1906.9556078431374,6.544281726624746e-06,difference of equal-sample representative means; not paired
B0,B0-M00,7,second_derivative,1912.4163529411767,8.872931148128972e-06,difference of equal-sample representative means; not paired
B0,B0-M00,7,second_derivative,1917.877098039216,1.4790456932105365e-05,difference of equal-sample representative means; not paired
B0,B0-M00,7,second_derivative,1923.3378431372553,8.698854985051525e-06,difference of equal-sample representative means; not paired
B0,B0-M00,7,second_derivative,1928.7985882352943,1.068603674120685e-06,difference of equal-sample representative means; not paired
B0,B0-M00,7,second_derivative,1934.2593333333336,4.180286012684867e-06,difference of equal-sample representative means; not paired
B0,B0-M00,7,second_derivative,1939.7200784313727,5.266616938034418e-06,difference of equal-sample representative means; not paired
B0,B0-M00,7,second_derivative,1945.180823529412,4.071248122201451e-06,difference of equal-sample representative means; not paired
B0,B0-M00,7,second_derivative,1950.6415686274513,1.443108313753101e-06,difference of equal-sample representative means; not paired
B0,B0-M00,7,second_derivative,1956.1023137254906,1.4012750298812298e-07,difference of equal-sample representative means; not paired
B0,B0-M00,7,second_derivative,1961.5630588235294,7.00653449665695e-07,difference of equal-sample representative means; not paired
B0,B0-M00,7,second_derivative,1967.0238039215687,1.7693164661567531e-06,difference of equal-sample representative means; not paired
B0,B0-M00,7,second_derivative,1972.484549019608,1.9302239788245105e-06,difference of equal-sample representative means; not paired
B0,B0-M00,7,second_derivative,1977.9452941176473,1.0211903160785929e-06,difference of equal-sample representative means; not paired
B0,B0-M00,7,second_derivative,1983.4060392156866,-9.292112835444659e-07,difference of equal-sample representative means; not paired
B0,B0-M00,7,second_derivative,1988.866784313726,-1.4005871309858315e-06,difference of equal-sample representative means; not paired
B0,B0-M00,7,second_derivative,1994.3275294117648,-1.491553226515166e-06,difference of equal-sample representative means; not paired
B0,B0-M00,7,second_derivative,1999.788274509804,-3.0428592167230074e-06,difference of equal-sample representative means; not paired
B0,B0-M00,7,second_derivative,2005.2490196078434,-3.488851159151486e-06,difference of equal-sample representative means; not paired
B0,B0-M00,7,second_derivative,2010.7097647058827,-3.617167637254565e-06,difference of equal-sample representative means; not paired
B0,B0-M00,7,second_derivative,2016.170509803922,-2.9134339884990184e-06,difference of equal-sample representative means; not paired
B0,B0-M00,7,second_derivative,2021.6312549019613,-2.253528891540217e-06,difference of equal-sample representative means; not paired
B0,B0-M00,7,second_derivative,2027.092,-2.694843599992906e-06,difference of equal-sample representative means; not paired
B0,B0-M00,7,second_derivative,2032.5527450980394,-4.009062035139085e-06,difference of equal-sample representative means; not paired
B0,B0-M00,7,second_derivative,2038.0134901960787,-2.486095651109127e-06,difference of equal-sample representative means; not paired
B0,B0-M00,7,second_derivative,2043.474235294118,-2.2700569887040325e-06,difference of equal-sample representative means; not paired
B0,B0-M00,7,second_derivative,2048.9349803921573,-7.547851846551465e-07,difference of equal-sample representative means; not paired
B0,B0-M00,7,second_derivative,2054.3957254901966,8.859157310685936e-07,difference of equal-sample representative means; not paired
B0,B0-M00,7,second_derivative,2059.8564705882354,1.2510588218217e-06,difference of equal-sample representative means; not paired
B0,B0-M00,7,second_derivative,2065.3172156862747,1.6154355678103833e-06,difference of equal-sample representative means; not paired
B0,B0-M00,7,second_derivative,2070.777960784314,2.529795832482575e-06,difference of equal-sample representative means; not paired
B0,B0-M00,7,second_derivative,2076.2387058823533,1.914384665084991e-06,difference of equal-sample representative means; not paired
B0,B0-M00,7,second_derivative,2081.6994509803926,1.671838999888161e-06,difference of equal-sample representative means; not paired
B0,B0-M00,7,second_derivative,2087.1601960784315,6.611052891755725e-07,difference of equal-sample representative means; not paired
B0,B0-M00,7,second_derivative,2092.6209411764708,-8.293466152973383e-07,difference of equal-sample representative means; not paired
B0,B0-M00,7,second_derivative,2098.08168627451,-1.7396688340698216e-06,difference of equal-sample representative means; not paired
B0,B0-M00,7,second_derivative,2103.5424313725493,-3.248943668627676e-07,difference of equal-sample representative means; not paired
B0,B0-M00,7,second_derivative,2109.0031764705886,2.0039663928035097e-06,difference of equal-sample representative means; not paired
B0,B0-M00,7,second_derivative,2114.463921568628,1.5256323340598624e-06,difference of equal-sample representative means; not paired
B0,B0-M00,7,second_derivative,2119.924666666667,1.2045695645775837e-06,difference of equal-sample representative means; not paired
B0,B0-M00,7,second_derivative,2125.385411764706,1.7555115847369492e-06,difference of equal-sample representative means; not paired
B0,B0-M00,7,second_derivative,2130.8461568627454,2.637486845834912e-06,difference of equal-sample representative means; not paired
B0,B0-M00,7,second_derivative,2136.3069019607847,4.654949043795883e-06,difference of equal-sample representative means; not paired
B0,B0-M00,7,second_derivative,2141.767647058824,3.479406888348093e-06,difference of equal-sample representative means; not paired
B0,B0-M00,7,second_derivative,2147.2283921568633,-1.7914462250305904e-06,difference of equal-sample representative means; not paired
B0,B0-M00,7,second_derivative,2152.689137254902,-3.601024502989731e-06,difference of equal-sample representative means; not paired
B0,B0-M00,7,second_derivative,2158.1498823529414,-2.054451962948252e-06,difference of equal-sample representative means; not paired
B0,B0-M00,7,second_derivative,2163.6106274509807,9.299932311804046e-07,difference of equal-sample representative means; not paired
B0,B0-M00,7,second_derivative,2169.07137254902,3.1976480520370813e-06,difference of equal-sample representative means; not paired
B0,B0-M00,7,second_derivative,2174.5321176470593,1.5054190692275995e-06,difference of equal-sample representative means; not paired
B0,B0-M00,7,second_derivative,2179.992862745098,-5.053420573474085e-07,difference of equal-sample representative means; not paired
B0,B0-M00,7,second_derivative,2185.4536078431374,6.853113260598719e-08,difference of equal-sample representative means; not paired
B0,B0-M00,7,second_derivative,2190.9143529411767,1.1667964892997652e-06,difference of equal-sample representative means; not paired
B0,B0-M00,7,second_derivative,2196.375098039216,4.521038871256206e-07,difference of equal-sample representative means; not paired
B0,B0-M00,7,second_derivative,2201.8358431372553,-2.155019422540657e-06,difference of equal-sample representative means; not paired
B0,B0-M00,7,second_derivative,2207.2965882352946,-4.0881941345462585e-06,difference of equal-sample representative means; not paired
B0,B0-M00,7,second_derivative,2212.7573333333335,-1.304209555575776e-06,difference of equal-sample representative means; not paired
B0,B0-M00,7,second_derivative,2218.2180784313728,2.4460991151590563e-06,difference of equal-sample representative means; not paired
B0,B0-M00,7,second_derivative,2223.678823529412,1.83530625796308e-07,difference of equal-sample representative means; not paired
B0,B0-M00,7,second_derivative,2229.1395686274514,-4.588841575675295e-06,difference of equal-sample representative means; not paired
B0,B0-M00,7,second_derivative,2234.6003137254907,-5.399849828344557e-06,difference of equal-sample representative means; not paired
B0,B0-M00,7,second_derivative,2240.06105882353,-3.1469669828745103e-06,difference of equal-sample representative means; not paired
B0,B0-M00,7,second_derivative,2245.521803921569,2.5271603263392117e-06,difference of equal-sample representative means; not paired
B0,B0-M00,7,second_derivative,2250.982549019608,2.985282740024982e-06,difference of equal-sample representative means; not paired
B0,B0-M00,7,second_derivative,2256.4432941176474,2.7152287270064616e-06,difference of equal-sample representative means; not paired
B0,B0-M00,7,second_derivative,2261.9040392156867,3.8658399853813656e-07,difference of equal-sample representative means; not paired
B0,B0-M00,7,second_derivative,2267.364784313726,3.365362789582832e-06,difference of equal-sample representative means; not paired
B0,B0-M00,7,second_derivative,2272.825529411765,6.503170360310076e-06,difference of equal-sample representative means; not paired
B0,B0-M00,7,second_derivative,2278.286274509804,7.0623709882768634e-06,difference of equal-sample representative means; not paired
B0,B0-M00,7,second_derivative,2283.7470196078434,5.508315690052023e-06,difference of equal-sample representative means; not paired
B0,B0-M00,7,second_derivative,2289.2077647058827,-1.3931843213575365e-05,difference of equal-sample representative means; not paired
B0,B0-M00,7,second_derivative,2294.668509803922,-1.3931843213575277e-05,difference of equal-sample representative means; not paired
B0,B0-M00,7,second_derivative,2300.1292549019613,-1.3931843213575277e-05,difference of equal-sample representative means; not paired
B0,B0-M00,7,second_derivative,2305.59,-1.3931843213575277e-05,difference of equal-sample representative means; not paired
B0,B0-M00,8,reflectance,913.1,-0.03054683737048458,difference of equal-sample representative means; not paired
B0,B0-M00,8,reflectance,918.5607450980392,-0.030377084835540913,difference of equal-sample representative means; not paired
B0,B0-M00,8,reflectance,924.0214901960785,-0.029764594819220114,difference of equal-sample representative means; not paired
B0,B0-M00,8,reflectance,929.4822352941177,-0.029579862977711424,difference of equal-sample representative means; not paired
B0,B0-M00,8,reflectance,934.9429803921569,-0.029397089325880588,difference of equal-sample representative means; not paired
B0,B0-M00,8,reflectance,940.4037254901962,-0.02960498334927708,difference of equal-sample representative means; not paired
B0,B0-M00,8,reflectance,945.8644705882353,-0.030658848057719457,difference of equal-sample representative means; not paired
B0,B0-M00,8,reflectance,951.3252156862745,-0.030769575645030578,difference of equal-sample representative means; not paired
B0,B0-M00,8,reflectance,956.7859607843137,-0.030566433722832853,difference of equal-sample representative means; not paired
B0,B0-M00,8,reflectance,962.246705882353,-0.030214854127829982,difference of equal-sample representative means; not paired
B0,B0-M00,8,reflectance,967.7074509803922,-0.02995392252743123,difference of equal-sample representative means; not paired
B0,B0-M00,8,reflectance,973.1681960784314,-0.029539850857192906,difference of equal-sample representative means; not paired
B0,B0-M00,8,reflectance,978.6289411764706,-0.029086677760991497,difference of equal-sample representative means; not paired
B0,B0-M00,8,reflectance,984.0896862745099,-0.028887619116053642,difference of equal-sample representative means; not paired
B0,B0-M00,8,reflectance,989.550431372549,-0.028983456195433632,difference of equal-sample representative means; not paired
B0,B0-M00,8,reflectance,995.0111764705882,-0.029379535144258062,difference of equal-sample representative means; not paired
B0,B0-M00,8,reflectance,1000.4719215686275,-0.029938565746289614,difference of equal-sample representative means; not paired
B0,B0-M00,8,reflectance,1005.9326666666667,-0.030618180849266485,difference of equal-sample representative means; not paired
B0,B0-M00,8,reflectance,1011.3934117647059,-0.03141136535268063,difference of equal-sample representative means; not paired
B0,B0-M00,8,reflectance,1016.8541568627452,-0.032234292963148614,difference of equal-sample representative means; not paired
B0,B0-M00,8,reflectance,1022.3149019607844,-0.03297417507564482,difference of equal-sample representative means; not paired
B0,B0-M00,8,reflectance,1027.7756470588236,-0.03360108496454095,difference of equal-sample representative means; not paired
B0,B0-M00,8,reflectance,1033.2363921568628,-0.03438595434620395,difference of equal-sample representative means; not paired
B0,B0-M00,8,reflectance,1038.697137254902,-0.03511136643649748,difference of equal-sample representative means; not paired
B0,B0-M00,8,reflectance,1044.1578823529412,-0.035985062903246434,difference of equal-sample representative means; not paired
B0,B0-M00,8,reflectance,1049.6186274509805,-0.036749236468351154,difference of equal-sample representative means; not paired
B0,B0-M00,8,reflectance,1055.0793725490196,-0.03741381411115652,difference of equal-sample representative means; not paired
B0,B0-M00,8,reflectance,1060.5401176470589,-0.03806692779395959,difference of equal-sample representative means; not paired
B0,B0-M00,8,reflectance,1066.0008627450982,-0.03873350432313549,difference of equal-sample representative means; not paired
B0,B0-M00,8,reflectance,1071.4616078431372,-0.03936043308304804,difference of equal-sample representative means; not paired
B0,B0-M00,8,reflectance,1076.9223529411765,-0.039990352510664406,difference of equal-sample representative means; not paired
B0,B0-M00,8,reflectance,1082.3830980392158,-0.040471138336375945,difference of equal-sample representative means; not paired
B0,B0-M00,8,reflectance,1087.843843137255,-0.040979284851416886,difference of equal-sample representative means; not paired
B0,B0-M00,8,reflectance,1093.3045882352942,-0.041407710619369875,difference of equal-sample representative means; not paired
B0,B0-M00,8,reflectance,1098.7653333333333,-0.04171248059817667,difference of equal-sample representative means; not paired
B0,B0-M00,8,reflectance,1104.2260784313726,-0.04190569871502592,difference of equal-sample representative means; not paired
B0,B0-M00,8,reflectance,1109.6868235294119,-0.041883788530979515,difference of equal-sample representative means; not paired
B0,B0-M00,8,reflectance,1115.1475686274512,-0.04143815172436838,difference of equal-sample representative means; not paired
B0,B0-M00,8,reflectance,1120.6083137254902,-0.04030141218816585,difference of equal-sample representative means; not paired
B0,B0-M00,8,reflectance,1126.0690588235295,-0.03866487054193113,difference of equal-sample representative means; not paired
B0,B0-M00,8,reflectance,1131.5298039215686,-0.03657758246636711,difference of equal-sample representative means; not paired
B0,B0-M00,8,reflectance,1136.990549019608,-0.034384552762837806,difference of equal-sample representative means; not paired
B0,B0-M00,8,reflectance,1142.4512941176472,-0.03228689606660051,difference of equal-sample representative means; not paired
B0,B0-M00,8,reflectance,1147.9120392156863,-0.030007704543467573,difference of equal-sample representative means; not paired
B0,B0-M00,8,reflectance,1153.3727843137256,-0.02733725841176482,difference of equal-sample representative means; not paired
B0,B0-M00,8,reflectance,1158.8335294117649,-0.02438349191610556,difference of equal-sample representative means; not paired
B0,B0-M00,8,reflectance,1164.294274509804,-0.02174458294629833,difference of equal-sample representative means; not paired
B0,B0-M00,8,reflectance,1169.7550196078432,-0.019344620244108435,difference of equal-sample representative means; not paired
B0,B0-M00,8,reflectance,1175.2157647058825,-0.01710013061975124,difference of equal-sample representative means; not paired
B0,B0-M00,8,reflectance,1180.6765098039216,-0.014880082220722013,difference of equal-sample representative means; not paired
B0,B0-M00,8,reflectance,1186.137254901961,-0.0125687179075058,difference of equal-sample representative means; not paired
B0,B0-M00,8,reflectance,1191.598,-0.010306530981846862,difference of equal-sample representative means; not paired
B0,B0-M00,8,reflectance,1197.0587450980393,-0.008517086572077615,difference of equal-sample representative means; not paired
B0,B0-M00,8,reflectance,1202.5194901960786,-0.007388883946586655,difference of equal-sample representative means; not paired
B0,B0-M00,8,reflectance,1207.9802352941178,-0.00666585460742819,difference of equal-sample representative means; not paired
B0,B0-M00,8,reflectance,1213.440980392157,-0.0060022987071490785,difference of equal-sample representative means; not paired
B0,B0-M00,8,reflectance,1218.9017254901962,-0.0056261255744604055,difference of equal-sample representative means; not paired
B0,B0-M00,8,reflectance,1224.3624705882353,-0.005870579154627631,difference of equal-sample representative means; not paired
B0,B0-M00,8,reflectance,1229.8232156862746,-0.006317658697542861,difference of equal-sample representative means; not paired
B0,B0-M00,8,reflectance,1235.2839607843139,-0.006951345193947911,difference of equal-sample representative means; not paired
B0,B0-M00,8,reflectance,1240.7447058823532,-0.007850941213846885,difference of equal-sample representative means; not paired
B0,B0-M00,8,reflectance,1246.2054509803922,-0.008702735746547452,difference of equal-sample representative means; not paired
B0,B0-M00,8,reflectance,1251.6661960784315,-0.009423497528736502,difference of equal-sample representative means; not paired
B0,B0-M00,8,reflectance,1257.1269411764706,-0.009991761363269513,difference of equal-sample representative means; not paired
B0,B0-M00,8,reflectance,1262.58768627451,-0.010483244961364768,difference of equal-sample representative means; not paired
B0,B0-M00,8,reflectance,1268.0484313725492,-0.010999372912251282,difference of equal-sample representative means; not paired
B0,B0-M00,8,reflectance,1273.5091764705883,-0.01119318936451219,difference of equal-sample representative means; not paired
B0,B0-M00,8,reflectance,1278.9699215686276,-0.011906053796575167,difference of equal-sample representative means; not paired
B0,B0-M00,8,reflectance,1284.4306666666666,-0.01237765847088923,difference of equal-sample representative means; not paired
B0,B0-M00,8,reflectance,1289.891411764706,-0.013155351890988154,difference of equal-sample representative means; not paired
B0,B0-M00,8,reflectance,1295.3521568627452,-0.013706925956361027,difference of equal-sample representative means; not paired
B0,B0-M00,8,reflectance,1300.8129019607845,-0.013795819551721267,difference of equal-sample representative means; not paired
B0,B0-M00,8,reflectance,1306.2736470588236,-0.01369590603191706,difference of equal-sample representative means; not paired
B0,B0-M00,8,reflectance,1311.734392156863,-0.012998568816635858,difference of equal-sample representative means; not paired
B0,B0-M00,8,reflectance,1317.195137254902,-0.012108500079848872,difference of equal-sample representative means; not paired
B0,B0-M00,8,reflectance,1322.6558823529413,-0.010570437874000582,difference of equal-sample representative means; not paired
B0,B0-M00,8,reflectance,1328.1166274509806,-0.00852059297556984,difference of equal-sample representative means; not paired
B0,B0-M00,8,reflectance,1333.5773725490199,-0.0059066321286038725,difference of equal-sample representative means; not paired
B0,B0-M00,8,reflectance,1339.038117647059,-0.0026732709594889936,difference of equal-sample representative means; not paired
B0,B0-M00,8,reflectance,1344.4988627450982,0.00111317807443867,difference of equal-sample representative means; not paired
B0,B0-M00,8,reflectance,1349.9596078431373,0.005185394159323731,difference of equal-sample representative means; not paired
B0,B0-M00,8,reflectance,1355.4203529411766,0.008939538844795702,difference of equal-sample representative means; not paired
B0,B0-M00,8,reflectance,1360.8810980392159,0.012483058689168103,difference of equal-sample representative means; not paired
B0,B0-M00,8,reflectance,1366.341843137255,0.015808284994777377,difference of equal-sample representative means; not paired
B0,B0-M00,8,reflectance,1371.8025882352943,0.018546625255495996,difference of equal-sample representative means; not paired
B0,B0-M00,8,reflectance,1377.2633333333333,0.02071605152808287,difference of equal-sample representative means; not paired
B0,B0-M00,8,reflectance,1382.7240784313726,0.02272711586874132,difference of equal-sample representative means; not paired
B0,B0-M00,8,reflectance,1388.184823529412,0.025172400530946715,difference of equal-sample representative means; not paired
B0,B0-M00,8,reflectance,1393.6455686274512,0.02848489957030287,difference of equal-sample representative means; not paired
B0,B0-M00,8,reflectance,1399.1063137254903,0.03248060321145596,difference of equal-sample representative means; not paired
B0,B0-M00,8,reflectance,1404.5670588235296,0.03683370533630903,difference of equal-sample representative means; not paired
B0,B0-M00,8,reflectance,1410.0278039215686,0.0410262626281489,difference of equal-sample representative means; not paired
B0,B0-M00,8,reflectance,1415.488549019608,0.04485074003710343,difference of equal-sample representative means; not paired
B0,B0-M00,8,reflectance,1420.9492941176472,0.048035869259004826,difference of equal-sample representative means; not paired
B0,B0-M00,8,reflectance,1426.4100392156865,0.05033958159947305,difference of equal-sample representative means; not paired
B0,B0-M00,8,reflectance,1431.8707843137256,0.05188797500061887,difference of equal-sample representative means; not paired
B0,B0-M00,8,reflectance,1437.3315294117647,0.05282573900739945,difference of equal-sample representative means; not paired
B0,B0-M00,8,reflectance,1442.792274509804,0.05361634872277343,difference of equal-sample representative means; not paired
B0,B0-M00,8,reflectance,1448.2530196078433,0.05419007617595406,difference of equal-sample representative means; not paired
B0,B0-M00,8,reflectance,1453.7137647058826,0.054706400962859614,difference of equal-sample representative means; not paired
B0,B0-M00,8,reflectance,1459.1745098039219,0.055138739331852815,difference of equal-sample representative means; not paired
B0,B0-M00,8,reflectance,1464.635254901961,0.05546555209660187,difference of equal-sample representative means; not paired
B0,B0-M00,8,reflectance,1470.096,0.05581556139558996,difference of equal-sample representative means; not paired
B0,B0-M00,8,reflectance,1475.5567450980393,0.05613881207903548,difference of equal-sample representative means; not paired
B0,B0-M00,8,reflectance,1481.0174901960786,0.055977429515863764,difference of equal-sample representative means; not paired
B0,B0-M00,8,reflectance,1486.478235294118,0.056336739568551564,difference of equal-sample representative means; not paired
B0,B0-M00,8,reflectance,1491.938980392157,0.05654544925391636,difference of equal-sample representative means; not paired
B0,B0-M00,8,reflectance,1497.3997254901963,0.05655789625363927,difference of equal-sample representative means; not paired
B0,B0-M00,8,reflectance,1502.8604705882353,0.05653849478142309,difference of equal-sample representative means; not paired
B0,B0-M00,8,reflectance,1508.3212156862746,0.05657774323042941,difference of equal-sample representative means; not paired
B0,B0-M00,8,reflectance,1513.781960784314,0.05665751675877112,difference of equal-sample representative means; not paired
B0,B0-M00,8,reflectance,1519.2427058823532,0.05657792385513838,difference of equal-sample representative means; not paired
B0,B0-M00,8,reflectance,1524.7034509803923,0.056614325586665126,difference of equal-sample representative means; not paired
B0,B0-M00,8,reflectance,1530.1641960784316,0.056644323058139656,difference of equal-sample representative means; not paired
B0,B0-M00,8,reflectance,1535.6249411764707,0.05665413797921193,difference of equal-sample representative means; not paired
B0,B0-M00,8,reflectance,1541.08568627451,0.05668336031647503,difference of equal-sample representative means; not paired
B0,B0-M00,8,reflectance,1546.5464313725493,0.05660788896886798,difference of equal-sample representative means; not paired
B0,B0-M00,8,reflectance,1552.0071764705885,0.05624490081026712,difference of equal-sample representative means; not paired
B0,B0-M00,8,reflectance,1557.4679215686276,0.05663567893151805,difference of equal-sample representative means; not paired
B0,B0-M00,8,reflectance,1562.9286666666667,0.05638459107241711,difference of equal-sample representative means; not paired
B0,B0-M00,8,reflectance,1568.389411764706,0.0564814630381586,difference of equal-sample representative means; not paired
B0,B0-M00,8,reflectance,1573.8501568627453,0.05645680269155462,difference of equal-sample representative means; not paired
B0,B0-M00,8,reflectance,1579.3109019607846,0.056384161558635904,difference of equal-sample representative means; not paired
B0,B0-M00,8,reflectance,1584.7716470588239,0.05631533432990754,difference of equal-sample representative means; not paired
B0,B0-M00,8,reflectance,1590.232392156863,0.0561349203695265,difference of equal-sample representative means; not paired
B0,B0-M00,8,reflectance,1595.693137254902,0.0559584397221059,difference of equal-sample representative means; not paired
B0,B0-M00,8,reflectance,1601.1538823529413,0.05556046507217183,difference of equal-sample representative means; not paired
B0,B0-M00,8,reflectance,1606.6146274509806,0.055013461825619725,difference of equal-sample representative means; not paired
B0,B0-M00,8,reflectance,1612.07537254902,0.054321065960894366,difference of equal-sample representative means; not paired
B0,B0-M00,8,reflectance,1617.536117647059,0.05356635206878041,difference of equal-sample representative means; not paired
B0,B0-M00,8,reflectance,1622.9968627450983,0.05280648253369358,difference of equal-sample representative means; not paired
B0,B0-M00,8,reflectance,1628.4576078431373,0.052062714774135266,difference of equal-sample representative means; not paired
B0,B0-M00,8,reflectance,1633.9183529411766,0.051334948541918224,difference of equal-sample representative means; not paired
B0,B0-M00,8,reflectance,1639.379098039216,0.05057020913518001,difference of equal-sample representative means; not paired
B0,B0-M00,8,reflectance,1644.8398431372552,0.05035108356084528,difference of equal-sample representative means; not paired
B0,B0-M00,8,reflectance,1650.3005882352943,0.04982414476455932,difference of equal-sample representative means; not paired
B0,B0-M00,8,reflectance,1655.7613333333334,0.04944330030201821,difference of equal-sample representative means; not paired
B0,B0-M00,8,reflectance,1661.2220784313727,0.04914187660497643,difference of equal-sample representative means; not paired
B0,B0-M00,8,reflectance,1666.682823529412,0.04888289348950153,difference of equal-sample representative means; not paired
B0,B0-M00,8,reflectance,1672.1435686274513,0.048735109843031366,difference of equal-sample representative means; not paired
B0,B0-M00,8,reflectance,1677.6043137254906,0.048398897574484845,difference of equal-sample representative means; not paired
B0,B0-M00,8,reflectance,1683.0650588235296,0.048159843033352856,difference of equal-sample representative means; not paired
B0,B0-M00,8,reflectance,1688.5258039215687,0.0480022521462089,difference of equal-sample representative means; not paired
B0,B0-M00,8,reflectance,1693.986549019608,0.0480124557080322,difference of equal-sample representative means; not paired
B0,B0-M00,8,reflectance,1699.4472941176473,0.04811119153907817,difference of equal-sample representative means; not paired
B0,B0-M00,8,reflectance,1704.9080392156866,0.04827435147587922,difference of equal-sample representative means; not paired
B0,B0-M00,8,reflectance,1710.3687843137257,0.04844306458623787,difference of equal-sample representative means; not paired
B0,B0-M00,8,reflectance,1715.829529411765,0.04849554805705841,difference of equal-sample representative means; not paired
B0,B0-M00,8,reflectance,1721.290274509804,0.04867357168294706,difference of equal-sample representative means; not paired
B0,B0-M00,8,reflectance,1726.7510196078433,0.048882872330324345,difference of equal-sample representative means; not paired
B0,B0-M00,8,reflectance,1732.2117647058826,0.04895354057789303,difference of equal-sample representative means; not paired
B0,B0-M00,8,reflectance,1737.672509803922,0.048989673495511865,difference of equal-sample representative means; not paired
B0,B0-M00,8,reflectance,1743.133254901961,0.049104039016265144,difference of equal-sample representative means; not paired
B0,B0-M00,8,reflectance,1748.594,0.04931530451553051,difference of equal-sample representative means; not paired
B0,B0-M00,8,reflectance,1754.0547450980393,0.04958306858273992,difference of equal-sample representative means; not paired
B0,B0-M00,8,reflectance,1759.5154901960786,0.04992393831482356,difference of equal-sample representative means; not paired
B0,B0-M00,8,reflectance,1764.976235294118,0.0501630530348629,difference of equal-sample representative means; not paired
B0,B0-M00,8,reflectance,1770.4369803921572,0.05043386511121872,difference of equal-sample representative means; not paired
B0,B0-M00,8,reflectance,1775.8977254901963,0.05054241172747259,difference of equal-sample representative means; not paired
B0,B0-M00,8,reflectance,1781.3584705882354,0.05065232515471829,difference of equal-sample representative means; not paired
B0,B0-M00,8,reflectance,1786.8192156862747,0.05077270772396808,difference of equal-sample representative means; not paired
B0,B0-M00,8,reflectance,1792.279960784314,0.05080630060241548,difference of equal-sample representative means; not paired
B0,B0-M00,8,reflectance,1797.7407058823533,0.05071262665629367,difference of equal-sample representative means; not paired
B0,B0-M00,8,reflectance,1803.2014509803923,0.05059402106816224,difference of equal-sample representative means; not paired
B0,B0-M00,8,reflectance,1808.6621960784316,0.05080250166609318,difference of equal-sample representative means; not paired
B0,B0-M00,8,reflectance,1814.1229411764707,0.05081136184418705,difference of equal-sample representative means; not paired
B0,B0-M00,8,reflectance,1819.58368627451,0.0507818403972356,difference of equal-sample representative means; not paired
B0,B0-M00,8,reflectance,1825.0444313725493,0.05070660592808546,difference of equal-sample representative means; not paired
B0,B0-M00,8,reflectance,1830.5051764705886,0.050603602235228085,difference of equal-sample representative means; not paired
B0,B0-M00,8,reflectance,1835.9659215686277,0.05049545968742086,difference of equal-sample representative means; not paired
B0,B0-M00,8,reflectance,1841.4266666666667,0.05028230073880524,difference of equal-sample representative means; not paired
B0,B0-M00,8,reflectance,1846.887411764706,0.0499422702559838,difference of equal-sample representative means; not paired
B0,B0-M00,8,reflectance,1852.3481568627453,0.05000008608037404,difference of equal-sample representative means; not paired
B0,B0-M00,8,reflectance,1857.8089019607846,0.05006905993844635,difference of equal-sample representative means; not paired
B0,B0-M00,8,reflectance,1863.269647058824,0.050321624827494416,difference of equal-sample representative means; not paired
B0,B0-M00,8,reflectance,1868.730392156863,0.05063982290911179,difference of equal-sample representative means; not paired
B0,B0-M00,8,reflectance,1874.191137254902,0.050996568679296916,difference of equal-sample representative means; not paired
B0,B0-M00,8,reflectance,1879.6518823529414,0.051618769788427,difference of equal-sample representative means; not paired
B0,B0-M00,8,reflectance,1885.1126274509807,0.052516814341407536,difference of equal-sample representative means; not paired
B0,B0-M00,8,reflectance,1890.57337254902,0.052942456555852835,difference of equal-sample representative means; not paired
B0,B0-M00,8,reflectance,1896.034117647059,0.05264834087102016,difference of equal-sample representative means; not paired
B0,B0-M00,8,reflectance,1901.4948627450983,0.05180390883211189,difference of equal-sample representative means; not paired
B0,B0-M00,8,reflectance,1906.9556078431374,0.050527687095773544,difference of equal-sample representative means; not paired
B0,B0-M00,8,reflectance,1912.4163529411767,0.04907538217066221,difference of equal-sample representative means; not paired
B0,B0-M00,8,reflectance,1917.877098039216,0.047682783020942476,difference of equal-sample representative means; not paired
B0,B0-M00,8,reflectance,1923.3378431372553,0.046424809207170764,difference of equal-sample representative means; not paired
B0,B0-M00,8,reflectance,1928.7985882352943,0.045736537542093975,difference of equal-sample representative means; not paired
B0,B0-M00,8,reflectance,1934.2593333333336,0.04545863511649151,difference of equal-sample representative means; not paired
B0,B0-M00,8,reflectance,1939.7200784313727,0.04550459942228016,difference of equal-sample representative means; not paired
B0,B0-M00,8,reflectance,1945.180823529412,0.045722000687390685,difference of equal-sample representative means; not paired
B0,B0-M00,8,reflectance,1950.6415686274513,0.046156598610564925,difference of equal-sample representative means; not paired
B0,B0-M00,8,reflectance,1956.1023137254906,0.04668302732389987,difference of equal-sample representative means; not paired
B0,B0-M00,8,reflectance,1961.5630588235294,0.04711496442538904,difference of equal-sample representative means; not paired
B0,B0-M00,8,reflectance,1967.0238039215687,0.047694185855802596,difference of equal-sample representative means; not paired
B0,B0-M00,8,reflectance,1972.484549019608,0.04812992944800054,difference of equal-sample representative means; not paired
B0,B0-M00,8,reflectance,1977.9452941176473,0.048376909019291536,difference of equal-sample representative means; not paired
B0,B0-M00,8,reflectance,1983.4060392156866,0.0485177700987971,difference of equal-sample representative means; not paired
B0,B0-M00,8,reflectance,1988.866784313726,0.04869073203258184,difference of equal-sample representative means; not paired
B0,B0-M00,8,reflectance,1994.3275294117648,0.04876686331841623,difference of equal-sample representative means; not paired
B0,B0-M00,8,reflectance,1999.788274509804,0.048707925340066516,difference of equal-sample representative means; not paired
B0,B0-M00,8,reflectance,2005.2490196078434,0.048682574700620374,difference of equal-sample representative means; not paired
B0,B0-M00,8,reflectance,2010.7097647058827,0.04838824397074187,difference of equal-sample representative means; not paired
B0,B0-M00,8,reflectance,2016.170509803922,0.048293573269506895,difference of equal-sample representative means; not paired
B0,B0-M00,8,reflectance,2021.6312549019613,0.04813342407606441,difference of equal-sample representative means; not paired
B0,B0-M00,8,reflectance,2027.092,0.04797824889397395,difference of equal-sample representative means; not paired
B0,B0-M00,8,reflectance,2032.5527450980394,0.0476891713446459,difference of equal-sample representative means; not paired
B0,B0-M00,8,reflectance,2038.0134901960787,0.0473367565165288,difference of equal-sample representative means; not paired
B0,B0-M00,8,reflectance,2043.474235294118,0.04705333177584481,difference of equal-sample representative means; not paired
B0,B0-M00,8,reflectance,2048.9349803921573,0.046750402983366524,difference of equal-sample representative means; not paired
B0,B0-M00,8,reflectance,2054.3957254901966,0.046582568664568724,difference of equal-sample representative means; not paired
B0,B0-M00,8,reflectance,2059.8564705882354,0.04632678998848827,difference of equal-sample representative means; not paired
B0,B0-M00,8,reflectance,2065.3172156862747,0.045969920715043966,difference of equal-sample representative means; not paired
B0,B0-M00,8,reflectance,2070.777960784314,0.04559605074710593,difference of equal-sample representative means; not paired
B0,B0-M00,8,reflectance,2076.2387058823533,0.045248454154591,difference of equal-sample representative means; not paired
B0,B0-M00,8,reflectance,2081.6994509803926,0.04495267482420723,difference of equal-sample representative means; not paired
B0,B0-M00,8,reflectance,2087.1601960784315,0.0447407587774899,difference of equal-sample representative means; not paired
B0,B0-M00,8,reflectance,2092.6209411764708,0.04464966930090958,difference of equal-sample representative means; not paired
B0,B0-M00,8,reflectance,2098.08168627451,0.044660666000922,difference of equal-sample representative means; not paired
B0,B0-M00,8,reflectance,2103.5424313725493,0.044880528558816024,difference of equal-sample representative means; not paired
B0,B0-M00,8,reflectance,2109.0031764705886,0.04490496636936242,difference of equal-sample representative means; not paired
B0,B0-M00,8,reflectance,2114.463921568628,0.045103164093861725,difference of equal-sample representative means; not paired
B0,B0-M00,8,reflectance,2119.924666666667,0.04531879527178173,difference of equal-sample representative means; not paired
B0,B0-M00,8,reflectance,2125.385411764706,0.04535944882503912,difference of equal-sample representative means; not paired
B0,B0-M00,8,reflectance,2130.8461568627454,0.045439793622440716,difference of equal-sample representative means; not paired
B0,B0-M00,8,reflectance,2136.3069019607847,0.04571053577334655,difference of equal-sample representative means; not paired
B0,B0-M00,8,reflectance,2141.767647058824,0.045648484151599,difference of equal-sample representative means; not paired
B0,B0-M00,8,reflectance,2147.2283921568633,0.045855300378702,difference of equal-sample representative means; not paired
B0,B0-M00,8,reflectance,2152.689137254902,0.04607753934150377,difference of equal-sample representative means; not paired
B0,B0-M00,8,reflectance,2158.1498823529414,0.04622071878440087,difference of equal-sample representative means; not paired
B0,B0-M00,8,reflectance,2163.6106274509807,0.04639453874084404,difference of equal-sample representative means; not paired
B0,B0-M00,8,reflectance,2169.07137254902,0.046630405149012455,difference of equal-sample representative means; not paired
B0,B0-M00,8,reflectance,2174.5321176470593,0.046702340241855045,difference of equal-sample representative means; not paired
B0,B0-M00,8,reflectance,2179.992862745098,0.046805264852203265,difference of equal-sample representative means; not paired
B0,B0-M00,8,reflectance,2185.4536078431374,0.04691984684403422,difference of equal-sample representative means; not paired
B0,B0-M00,8,reflectance,2190.9143529411767,0.046999658378761966,difference of equal-sample representative means; not paired
B0,B0-M00,8,reflectance,2196.375098039216,0.046889398990657416,difference of equal-sample representative means; not paired
B0,B0-M00,8,reflectance,2201.8358431372553,0.046807696807071864,difference of equal-sample representative means; not paired
B0,B0-M00,8,reflectance,2207.2965882352946,0.04683653633514573,difference of equal-sample representative means; not paired
B0,B0-M00,8,reflectance,2212.7573333333335,0.04689558008325151,difference of equal-sample representative means; not paired
B0,B0-M00,8,reflectance,2218.2180784313728,0.04704970155939858,difference of equal-sample representative means; not paired
B0,B0-M00,8,reflectance,2223.678823529412,0.046934887081624244,difference of equal-sample representative means; not paired
B0,B0-M00,8,reflectance,2229.1395686274514,0.04701242576476955,difference of equal-sample representative means; not paired
B0,B0-M00,8,reflectance,2234.6003137254907,0.046780508954428424,difference of equal-sample representative means; not paired
B0,B0-M00,8,reflectance,2240.06105882353,0.04635380746964163,difference of equal-sample representative means; not paired
B0,B0-M00,8,reflectance,2245.521803921569,0.045718466824325454,difference of equal-sample representative means; not paired
B0,B0-M00,8,reflectance,2250.982549019608,0.044768795592814103,difference of equal-sample representative means; not paired
B0,B0-M00,8,reflectance,2256.4432941176474,0.04338775525958882,difference of equal-sample representative means; not paired
B0,B0-M00,8,reflectance,2261.9040392156867,0.04146243336847569,difference of equal-sample representative means; not paired
B0,B0-M00,8,reflectance,2267.364784313726,0.039818573784113576,difference of equal-sample representative means; not paired
B0,B0-M00,8,reflectance,2272.825529411765,0.038009277239812594,difference of equal-sample representative means; not paired
B0,B0-M00,8,reflectance,2278.286274509804,0.03688804097843923,difference of equal-sample representative means; not paired
B0,B0-M00,8,reflectance,2283.7470196078434,0.035517382214586585,difference of equal-sample representative means; not paired
B0,B0-M00,8,reflectance,2289.2077647058827,0.033764062495488356,difference of equal-sample representative means; not paired
B0,B0-M00,8,reflectance,2294.668509803922,0.03190690749646252,difference of equal-sample representative means; not paired
B0,B0-M00,8,reflectance,2300.1292549019613,0.030063962676576073,difference of equal-sample representative means; not paired
B0,B0-M00,8,reflectance,2305.59,0.02909454649352,difference of equal-sample representative means; not paired
B0,B0-M00,8,snv,913.1,-0.36913357837959904,difference of equal-sample representative means; not paired
B0,B0-M00,8,snv,918.5607450980392,-0.30136523954398414,difference of equal-sample representative means; not paired
B0,B0-M00,8,snv,924.0214901960785,-0.27191309273818054,difference of equal-sample representative means; not paired
B0,B0-M00,8,snv,929.4822352941177,-0.2517341342750048,difference of equal-sample representative means; not paired
B0,B0-M00,8,snv,934.9429803921569,-0.23203450407008008,difference of equal-sample representative means; not paired
B0,B0-M00,8,snv,940.4037254901962,-0.2170570234893482,difference of equal-sample representative means; not paired
B0,B0-M00,8,snv,945.8644705882353,-0.21073795125396755,difference of equal-sample representative means; not paired
B0,B0-M00,8,snv,951.3252156862745,-0.20255498214017176,difference of equal-sample representative means; not paired
B0,B0-M00,8,snv,956.7859607843137,-0.1929356061629416,difference of equal-sample representative means; not paired
B0,B0-M00,8,snv,962.246705882353,-0.1868017591113511,difference of equal-sample representative means; not paired
B0,B0-M00,8,snv,967.7074509803922,-0.18354868847202754,difference of equal-sample representative means; not paired
B0,B0-M00,8,snv,973.1681960784314,-0.17934955683346954,difference of equal-sample representative means; not paired
B0,B0-M00,8,snv,978.6289411764706,-0.17432970877445764,difference of equal-sample representative means; not paired
B0,B0-M00,8,snv,984.0896862745099,-0.17104074439530348,difference of equal-sample representative means; not paired
B0,B0-M00,8,snv,989.550431372549,-0.17033191205280906,difference of equal-sample representative means; not paired
B0,B0-M00,8,snv,995.0111764705882,-0.1711991138663479,difference of equal-sample representative means; not paired
B0,B0-M00,8,snv,1000.4719215686275,-0.17212606625072158,difference of equal-sample representative means; not paired
B0,B0-M00,8,snv,1005.9326666666667,-0.1730912113452292,difference of equal-sample representative means; not paired
B0,B0-M00,8,snv,1011.3934117647059,-0.17538591857801378,difference of equal-sample representative means; not paired
B0,B0-M00,8,snv,1016.8541568627452,-0.1780954681093634,difference of equal-sample representative means; not paired
B0,B0-M00,8,snv,1022.3149019607844,-0.17951171544954825,difference of equal-sample representative means; not paired
B0,B0-M00,8,snv,1027.7756470588236,-0.1793798506149038,difference of equal-sample representative means; not paired
B0,B0-M00,8,snv,1033.2363921568628,-0.18122583696207806,difference of equal-sample representative means; not paired
B0,B0-M00,8,snv,1038.697137254902,-0.1831457419762823,difference of equal-sample representative means; not paired
B0,B0-M00,8,snv,1044.1578823529412,-0.1864046204202272,difference of equal-sample representative means; not paired
B0,B0-M00,8,snv,1049.6186274509805,-0.18881094633038953,difference of equal-sample representative means; not paired
B0,B0-M00,8,snv,1055.0793725490196,-0.1899862969206496,difference of equal-sample representative means; not paired
B0,B0-M00,8,snv,1060.5401176470589,-0.19089394745356514,difference of equal-sample representative means; not paired
B0,B0-M00,8,snv,1066.0008627450982,-0.19237034488339932,difference of equal-sample representative means; not paired
B0,B0-M00,8,snv,1071.4616078431372,-0.19313185882704742,difference of equal-sample representative means; not paired
B0,B0-M00,8,snv,1076.9223529411765,-0.19392270898577113,difference of equal-sample representative means; not paired
B0,B0-M00,8,snv,1082.3830980392158,-0.19289801650005467,difference of equal-sample representative means; not paired
B0,B0-M00,8,snv,1087.843843137255,-0.1926752824370861,difference of equal-sample representative means; not paired
B0,B0-M00,8,snv,1093.3045882352942,-0.19144176384381306,difference of equal-sample representative means; not paired
B0,B0-M00,8,snv,1098.7653333333333,-0.18901941365497144,difference of equal-sample representative means; not paired
B0,B0-M00,8,snv,1104.2260784313726,-0.18684131499279588,difference of equal-sample representative means; not paired
B0,B0-M00,8,snv,1109.6868235294119,-0.18490109253372022,difference of equal-sample representative means; not paired
B0,B0-M00,8,snv,1115.1475686274512,-0.18116994986971124,difference of equal-sample representative means; not paired
B0,B0-M00,8,snv,1120.6083137254902,-0.17405031687171935,difference of equal-sample representative means; not paired
B0,B0-M00,8,snv,1126.0690588235295,-0.16546890092801791,difference of equal-sample representative means; not paired
B0,B0-M00,8,snv,1131.5298039215686,-0.15479302302659392,difference of equal-sample representative means; not paired
B0,B0-M00,8,snv,1136.990549019608,-0.1436861686256159,difference of equal-sample representative means; not paired
B0,B0-M00,8,snv,1142.4512941176472,-0.1331170748373327,difference of equal-sample representative means; not paired
B0,B0-M00,8,snv,1147.9120392156863,-0.12105166012345148,difference of equal-sample representative means; not paired
B0,B0-M00,8,snv,1153.3727843137256,-0.10755862707007169,difference of equal-sample representative means; not paired
B0,B0-M00,8,snv,1158.8335294117649,-0.09289935788824799,difference of equal-sample representative means; not paired
B0,B0-M00,8,snv,1164.294274509804,-0.08030807528337935,difference of equal-sample representative means; not paired
B0,B0-M00,8,snv,1169.7550196078432,-0.06833704115563233,difference of equal-sample representative means; not paired
B0,B0-M00,8,snv,1175.2157647058825,-0.05690471400019659,difference of equal-sample representative means; not paired
B0,B0-M00,8,snv,1180.6765098039216,-0.04593915212464328,difference of equal-sample representative means; not paired
B0,B0-M00,8,snv,1186.137254901961,-0.03506337803598503,difference of equal-sample representative means; not paired
B0,B0-M00,8,snv,1191.598,-0.02527126353165232,difference of equal-sample representative means; not paired
B0,B0-M00,8,snv,1197.0587450980393,-0.014549211238852777,difference of equal-sample representative means; not paired
B0,B0-M00,8,snv,1202.5194901960786,-0.007160086082009354,difference of equal-sample representative means; not paired
B0,B0-M00,8,snv,1207.9802352941178,-0.0018394002749653193,difference of equal-sample representative means; not paired
B0,B0-M00,8,snv,1213.440980392157,0.0037896155462890935,difference of equal-sample representative means; not paired
B0,B0-M00,8,snv,1218.9017254901962,0.008615259870673908,difference of equal-sample representative means; not paired
B0,B0-M00,8,snv,1224.3624705882353,0.010612514554410701,difference of equal-sample representative means; not paired
B0,B0-M00,8,snv,1229.8232156862746,0.01206199214797965,difference of equal-sample representative means; not paired
B0,B0-M00,8,snv,1235.2839607843139,0.013372135367363036,difference of equal-sample representative means; not paired
B0,B0-M00,8,snv,1240.7447058823532,0.012770755034308579,difference of equal-sample representative means; not paired
B0,B0-M00,8,snv,1246.2054509803922,0.012499287301216633,difference of equal-sample representative means; not paired
B0,B0-M00,8,snv,1251.6661960784315,0.012712260070338433,difference of equal-sample representative means; not paired
B0,B0-M00,8,snv,1257.1269411764706,0.013294153749662474,difference of equal-sample representative means; not paired
B0,B0-M00,8,snv,1262.58768627451,0.01345412904475074,difference of equal-sample representative means; not paired
B0,B0-M00,8,snv,1268.0484313725492,0.012463240222404526,difference of equal-sample representative means; not paired
B0,B0-M00,8,snv,1273.5091764705883,0.014914770094723195,difference of equal-sample representative means; not paired
B0,B0-M00,8,snv,1278.9699215686276,0.012714938876923432,difference of equal-sample representative means; not paired
B0,B0-M00,8,snv,1284.4306666666666,0.014793934597429281,difference of equal-sample representative means; not paired
B0,B0-M00,8,snv,1289.891411764706,0.013549907022903707,difference of equal-sample representative means; not paired
B0,B0-M00,8,snv,1295.3521568627452,0.014231825064950687,difference of equal-sample representative means; not paired
B0,B0-M00,8,snv,1300.8129019607845,0.017898790041988022,difference of equal-sample representative means; not paired
B0,B0-M00,8,snv,1306.2736470588236,0.019663636602699208,difference of equal-sample representative means; not paired
B0,B0-M00,8,snv,1311.734392156863,0.025133684113217036,difference of equal-sample representative means; not paired
B0,B0-M00,8,snv,1317.195137254902,0.0297183483961192,difference of equal-sample representative means; not paired
B0,B0-M00,8,snv,1322.6558823529413,0.037828724590480034,difference of equal-sample representative means; not paired
B0,B0-M00,8,snv,1328.1166274509806,0.04707878763342421,difference of equal-sample representative means; not paired
B0,B0-M00,8,snv,1333.5773725490199,0.057887754939882186,difference of equal-sample representative means; not paired
B0,B0-M00,8,snv,1339.038117647059,0.07072413206296901,difference of equal-sample representative means; not paired
B0,B0-M00,8,snv,1344.4988627450982,0.08541118869187958,difference of equal-sample representative means; not paired
B0,B0-M00,8,snv,1349.9596078431373,0.10116410824339428,difference of equal-sample representative means; not paired
B0,B0-M00,8,snv,1355.4203529411766,0.11525416691825296,difference of equal-sample representative means; not paired
B0,B0-M00,8,snv,1360.8810980392159,0.12902391264809054,difference of equal-sample representative means; not paired
B0,B0-M00,8,snv,1366.341843137255,0.1410725864151593,difference of equal-sample representative means; not paired
B0,B0-M00,8,snv,1371.8025882352943,0.14973561254464574,difference of equal-sample representative means; not paired
B0,B0-M00,8,snv,1377.2633333333333,0.15582392909555476,difference of equal-sample representative means; not paired
B0,B0-M00,8,snv,1382.7240784313726,0.16164890208628535,difference of equal-sample representative means; not paired
B0,B0-M00,8,snv,1388.184823529412,0.1690054852514986,difference of equal-sample representative means; not paired
B0,B0-M00,8,snv,1393.6455686274512,0.17660730342960917,difference of equal-sample representative means; not paired
B0,B0-M00,8,snv,1399.1063137254903,0.1821466664817064,difference of equal-sample representative means; not paired
B0,B0-M00,8,snv,1404.5670588235296,0.1853224478284336,difference of equal-sample representative means; not paired
B0,B0-M00,8,snv,1410.0278039215686,0.1839705540280651,difference of equal-sample representative means; not paired
B0,B0-M00,8,snv,1415.488549019608,0.1789751214034537,difference of equal-sample representative means; not paired
B0,B0-M00,8,snv,1420.9492941176472,0.1711894078568263,difference of equal-sample representative means; not paired
B0,B0-M00,8,snv,1426.4100392156865,0.16125405169343077,difference of equal-sample representative means; not paired
B0,B0-M00,8,snv,1431.8707843137256,0.15115205670500934,difference of equal-sample representative means; not paired
B0,B0-M00,8,snv,1437.3315294117647,0.14327555694291483,difference of equal-sample representative means; not paired
B0,B0-M00,8,snv,1442.792274509804,0.13879778133769333,difference of equal-sample representative means; not paired
B0,B0-M00,8,snv,1448.2530196078433,0.13549556486412667,difference of equal-sample representative means; not paired
B0,B0-M00,8,snv,1453.7137647058826,0.13360788586855432,difference of equal-sample representative means; not paired
B0,B0-M00,8,snv,1459.1745098039219,0.13249773461328096,difference of equal-sample representative means; not paired
B0,B0-M00,8,snv,1464.635254901961,0.13161017292740668,difference of equal-sample representative means; not paired
B0,B0-M00,8,snv,1470.096,0.13146144125144776,difference of equal-sample representative means; not paired
B0,B0-M00,8,snv,1475.5567450980393,0.13246052032660943,difference of equal-sample representative means; not paired
B0,B0-M00,8,snv,1481.0174901960786,0.1294815663700813,difference of equal-sample representative means; not paired
B0,B0-M00,8,snv,1486.478235294118,0.13436258663648226,difference of equal-sample representative means; not paired
B0,B0-M00,8,snv,1491.938980392157,0.13854803513885677,difference of equal-sample representative means; not paired
B0,B0-M00,8,snv,1497.3997254901963,0.14150839894450556,difference of equal-sample representative means; not paired
B0,B0-M00,8,snv,1502.8604705882353,0.14495807661742494,difference of equal-sample representative means; not paired
B0,B0-M00,8,snv,1508.3212156862746,0.14950851961260508,difference of equal-sample representative means; not paired
B0,B0-M00,8,snv,1513.781960784314,0.15501888759638777,difference of equal-sample representative means; not paired
B0,B0-M00,8,snv,1519.2427058823532,0.1584293251782638,difference of equal-sample representative means; not paired
B0,B0-M00,8,snv,1524.7034509803923,0.16287800839705963,difference of equal-sample representative means; not paired
B0,B0-M00,8,snv,1530.1641960784316,0.16611264371404988,difference of equal-sample representative means; not paired
B0,B0-M00,8,snv,1535.6249411764707,0.1689354188132346,difference of equal-sample representative means; not paired
B0,B0-M00,8,snv,1541.08568627451,0.17185244307327485,difference of equal-sample representative means; not paired
B0,B0-M00,8,snv,1546.5464313725493,0.17325319232040254,difference of equal-sample representative means; not paired
B0,B0-M00,8,snv,1552.0071764705885,0.1716479847537663,difference of equal-sample representative means; not paired
B0,B0-M00,8,snv,1557.4679215686276,0.17932820716623282,difference of equal-sample representative means; not paired
B0,B0-M00,8,snv,1562.9286666666667,0.17993134995152993,difference of equal-sample representative means; not paired
B0,B0-M00,8,snv,1568.389411764706,0.1832440789349026,difference of equal-sample representative means; not paired
B0,B0-M00,8,snv,1573.8501568627453,0.1852947690715194,difference of equal-sample representative means; not paired
B0,B0-M00,8,snv,1579.3109019607846,0.18700944401788577,difference of equal-sample representative means; not paired
B0,B0-M00,8,snv,1584.7716470588239,0.18897347301213577,difference of equal-sample representative means; not paired
B0,B0-M00,8,snv,1590.232392156863,0.19034085876214107,difference of equal-sample representative means; not paired
B0,B0-M00,8,snv,1595.693137254902,0.19294831371101234,difference of equal-sample representative means; not paired
B0,B0-M00,8,snv,1601.1538823529413,0.1958416185220712,difference of equal-sample representative means; not paired
B0,B0-M00,8,snv,1606.6146274509806,0.19812615373844697,difference of equal-sample representative means; not paired
B0,B0-M00,8,snv,1612.07537254902,0.19982586230619082,difference of equal-sample representative means; not paired
B0,B0-M00,8,snv,1617.536117647059,0.20083046287521739,difference of equal-sample representative means; not paired
B0,B0-M00,8,snv,1622.9968627450983,0.2012501075992349,difference of equal-sample representative means; not paired
B0,B0-M00,8,snv,1628.4576078431373,0.20101757363974831,difference of equal-sample representative means; not paired
B0,B0-M00,8,snv,1633.9183529411766,0.19956001173917992,difference of equal-sample representative means; not paired
B0,B0-M00,8,snv,1639.379098039216,0.1963304722422966,difference of equal-sample representative means; not paired
B0,B0-M00,8,snv,1644.8398431372552,0.19775083025451035,difference of equal-sample representative means; not paired
B0,B0-M00,8,snv,1650.3005882352943,0.19219833299318614,difference of equal-sample representative means; not paired
B0,B0-M00,8,snv,1655.7613333333334,0.18567841014583222,difference of equal-sample representative means; not paired
B0,B0-M00,8,snv,1661.2220784313727,0.1791524322400371,difference of equal-sample representative means; not paired
B0,B0-M00,8,snv,1666.682823529412,0.17297122189526284,difference of equal-sample representative means; not paired
B0,B0-M00,8,snv,1672.1435686274513,0.16798252433692515,difference of equal-sample representative means; not paired
B0,B0-M00,8,snv,1677.6043137254906,0.16215978152908708,difference of equal-sample representative means; not paired
B0,B0-M00,8,snv,1683.0650588235296,0.1596268962017804,difference of equal-sample representative means; not paired
B0,B0-M00,8,snv,1688.5258039215687,0.15753437801827422,difference of equal-sample representative means; not paired
B0,B0-M00,8,snv,1693.986549019608,0.1551633651538351,difference of equal-sample representative means; not paired
B0,B0-M00,8,snv,1699.4472941176473,0.15366883049327643,difference of equal-sample representative means; not paired
B0,B0-M00,8,snv,1704.9080392156866,0.15342186107078576,difference of equal-sample representative means; not paired
B0,B0-M00,8,snv,1710.3687843137257,0.15371014227899993,difference of equal-sample representative means; not paired
B0,B0-M00,8,snv,1715.829529411765,0.15348423198909156,difference of equal-sample representative means; not paired
B0,B0-M00,8,snv,1721.290274509804,0.152803502644254,difference of equal-sample representative means; not paired
B0,B0-M00,8,snv,1726.7510196078433,0.15217361736228946,difference of equal-sample representative means; not paired
B0,B0-M00,8,snv,1732.2117647058826,0.15124631192595195,difference of equal-sample representative means; not paired
B0,B0-M00,8,snv,1737.672509803922,0.15097556864427522,difference of equal-sample representative means; not paired
B0,B0-M00,8,snv,1743.133254901961,0.15071276824818855,difference of equal-sample representative means; not paired
B0,B0-M00,8,snv,1748.594,0.15048586012903215,difference of equal-sample representative means; not paired
B0,B0-M00,8,snv,1754.0547450980393,0.15119712856991285,difference of equal-sample representative means; not paired
B0,B0-M00,8,snv,1759.5154901960786,0.15281767400479523,difference of equal-sample representative means; not paired
B0,B0-M00,8,snv,1764.976235294118,0.1530488705366214,difference of equal-sample representative means; not paired
B0,B0-M00,8,snv,1770.4369803921572,0.1529743385371676,difference of equal-sample representative means; not paired
B0,B0-M00,8,snv,1775.8977254901963,0.15227460956282574,difference of equal-sample representative means; not paired
B0,B0-M00,8,snv,1781.3584705882354,0.15175485844839628,difference of equal-sample representative means; not paired
B0,B0-M00,8,snv,1786.8192156862747,0.15160949426353396,difference of equal-sample representative means; not paired
B0,B0-M00,8,snv,1792.279960784314,0.15142621652321991,difference of equal-sample representative means; not paired
B0,B0-M00,8,snv,1797.7407058823533,0.15107075151619231,difference of equal-sample representative means; not paired
B0,B0-M00,8,snv,1803.2014509803923,0.15242688262814266,difference of equal-sample representative means; not paired
B0,B0-M00,8,snv,1808.6621960784316,0.15619931509530002,difference of equal-sample representative means; not paired
B0,B0-M00,8,snv,1814.1229411764707,0.1584117914068957,difference of equal-sample representative means; not paired
B0,B0-M00,8,snv,1819.58368627451,0.1595059000932531,difference of equal-sample representative means; not paired
B0,B0-M00,8,snv,1825.0444313725493,0.16050808177167,difference of equal-sample representative means; not paired
B0,B0-M00,8,snv,1830.5051764705886,0.16192411339278295,difference of equal-sample representative means; not paired
B0,B0-M00,8,snv,1835.9659215686277,0.16369756876333982,difference of equal-sample representative means; not paired
B0,B0-M00,8,snv,1841.4266666666667,0.1656554854364205,difference of equal-sample representative means; not paired
B0,B0-M00,8,snv,1846.887411764706,0.16620122813469168,difference of equal-sample representative means; not paired
B0,B0-M00,8,snv,1852.3481568627453,0.16971699978671417,difference of equal-sample representative means; not paired
B0,B0-M00,8,snv,1857.8089019607846,0.17039144233542242,difference of equal-sample representative means; not paired
B0,B0-M00,8,snv,1863.269647058824,0.17070390444854255,difference of equal-sample representative means; not paired
B0,B0-M00,8,snv,1868.730392156863,0.16910756578547143,difference of equal-sample representative means; not paired
B0,B0-M00,8,snv,1874.191137254902,0.16448005980684488,difference of equal-sample representative means; not paired
B0,B0-M00,8,snv,1879.6518823529414,0.15739182851048997,difference of equal-sample representative means; not paired
B0,B0-M00,8,snv,1885.1126274509807,0.14274215486291214,difference of equal-sample representative means; not paired
B0,B0-M00,8,snv,1890.57337254902,0.1171205849788336,difference of equal-sample representative means; not paired
B0,B0-M00,8,snv,1896.034117647059,0.07935095810769666,difference of equal-sample representative means; not paired
B0,B0-M00,8,snv,1901.4948627450983,0.03366249285656908,difference of equal-sample representative means; not paired
B0,B0-M00,8,snv,1906.9556078431374,-0.01445905791529456,difference of equal-sample representative means; not paired
B0,B0-M00,8,snv,1912.4163529411767,-0.05911987119423934,difference of equal-sample representative means; not paired
B0,B0-M00,8,snv,1917.877098039216,-0.09579172188317431,difference of equal-sample representative means; not paired
B0,B0-M00,8,snv,1923.3378431372553,-0.12270250994008758,difference of equal-sample representative means; not paired
B0,B0-M00,8,snv,1928.7985882352943,-0.13884519148489183,difference of equal-sample representative means; not paired
B0,B0-M00,8,snv,1934.2593333333336,-0.14529481576322167,difference of equal-sample representative means; not paired
B0,B0-M00,8,snv,1939.7200784313727,-0.14494019467432406,difference of equal-sample representative means; not paired
B0,B0-M00,8,snv,1945.180823529412,-0.1401510910440349,difference of equal-sample representative means; not paired
B0,B0-M00,8,snv,1950.6415686274513,-0.13134378043920414,difference of equal-sample representative means; not paired
B0,B0-M00,8,snv,1956.1023137254906,-0.12016869288747367,difference of equal-sample representative means; not paired
B0,B0-M00,8,snv,1961.5630588235294,-0.1086800594997106,difference of equal-sample representative means; not paired
B0,B0-M00,8,snv,1967.0238039215687,-0.09525127583090387,difference of equal-sample representative means; not paired
B0,B0-M00,8,snv,1972.484549019608,-0.08278738631326377,difference of equal-sample representative means; not paired
B0,B0-M00,8,snv,1977.9452941176473,-0.07291500568343823,difference of equal-sample representative means; not paired
B0,B0-M00,8,snv,1983.4060392156866,-0.06274561762792952,difference of equal-sample representative means; not paired
B0,B0-M00,8,snv,1988.866784313726,-0.052564308039436014,difference of equal-sample representative means; not paired
B0,B0-M00,8,snv,1994.3275294117648,-0.04386567191107282,difference of equal-sample representative means; not paired
B0,B0-M00,8,snv,1999.788274509804,-0.03701779309878783,difference of equal-sample representative means; not paired
B0,B0-M00,8,snv,2005.2490196078434,-0.031219389739320702,difference of equal-sample representative means; not paired
B0,B0-M00,8,snv,2010.7097647058827,-0.029065486038892807,difference of equal-sample representative means; not paired
B0,B0-M00,8,snv,2016.170509803922,-0.02661005407582051,difference of equal-sample representative means; not paired
B0,B0-M00,8,snv,2021.6312549019613,-0.02633792442074645,difference of equal-sample representative means; not paired
B0,B0-M00,8,snv,2027.092,-0.028590075722335073,difference of equal-sample representative means; not paired
B0,B0-M00,8,snv,2032.5527450980394,-0.0339090117120564,difference of equal-sample representative means; not paired
B0,B0-M00,8,snv,2038.0134901960787,-0.04157223602439042,difference of equal-sample representative means; not paired
B0,B0-M00,8,snv,2043.474235294118,-0.050085289645527165,difference of equal-sample representative means; not paired
B0,B0-M00,8,snv,2048.9349803921573,-0.05857048606875437,difference of equal-sample representative means; not paired
B0,B0-M00,8,snv,2054.3957254901966,-0.06739787532195174,difference of equal-sample representative means; not paired
B0,B0-M00,8,snv,2059.8564705882354,-0.07621151595121578,difference of equal-sample representative means; not paired
B0,B0-M00,8,snv,2065.3172156862747,-0.0860580211382671,difference of equal-sample representative means; not paired
B0,B0-M00,8,snv,2070.777960784314,-0.0954258254596052,difference of equal-sample representative means; not paired
B0,B0-M00,8,snv,2076.2387058823533,-0.10347835229864599,difference of equal-sample representative means; not paired
B0,B0-M00,8,snv,2081.6994509803926,-0.1099050517069069,difference of equal-sample representative means; not paired
B0,B0-M00,8,snv,2087.1601960784315,-0.11493633303887885,difference of equal-sample representative means; not paired
B0,B0-M00,8,snv,2092.6209411764708,-0.11942873202664583,difference of equal-sample representative means; not paired
B0,B0-M00,8,snv,2098.08168627451,-0.11922993710169782,difference of equal-sample representative means; not paired
B0,B0-M00,8,snv,2103.5424313725493,-0.11928658973338768,difference of equal-sample representative means; not paired
B0,B0-M00,8,snv,2109.0031764705886,-0.12011997149940656,difference of equal-sample representative means; not paired
B0,B0-M00,8,snv,2114.463921568628,-0.11880644511042915,difference of equal-sample representative means; not paired
B0,B0-M00,8,snv,2119.924666666667,-0.11639700801259134,difference of equal-sample representative means; not paired
B0,B0-M00,8,snv,2125.385411764706,-0.11459906961001631,difference of equal-sample representative means; not paired
B0,B0-M00,8,snv,2130.8461568627454,-0.11243104417502425,difference of equal-sample representative means; not paired
B0,B0-M00,8,snv,2136.3069019607847,-0.10805308424898241,difference of equal-sample representative means; not paired
B0,B0-M00,8,snv,2141.767647058824,-0.10734585302489763,difference of equal-sample representative means; not paired
B0,B0-M00,8,snv,2147.2283921568633,-0.10215675244789435,difference of equal-sample representative means; not paired
B0,B0-M00,8,snv,2152.689137254902,-0.09764298097613677,difference of equal-sample representative means; not paired
B0,B0-M00,8,snv,2158.1498823529414,-0.09362727235963053,difference of equal-sample representative means; not paired
B0,B0-M00,8,snv,2163.6106274509807,-0.0889450355333472,difference of equal-sample representative means; not paired
B0,B0-M00,8,snv,2169.07137254902,-0.08360390889572855,difference of equal-sample representative means; not paired
B0,B0-M00,8,snv,2174.5321176470593,-0.07895916153262239,difference of equal-sample representative means; not paired
B0,B0-M00,8,snv,2179.992862745098,-0.07549912303325557,difference of equal-sample representative means; not paired
B0,B0-M00,8,snv,2185.4536078431374,-0.0710918451889655,difference of equal-sample representative means; not paired
B0,B0-M00,8,snv,2190.9143529411767,-0.06787549660462822,difference of equal-sample representative means; not paired
B0,B0-M00,8,snv,2196.375098039216,-0.06630596538561129,difference of equal-sample representative means; not paired
B0,B0-M00,8,snv,2201.8358431372553,-0.06508727285133675,difference of equal-sample representative means; not paired
B0,B0-M00,8,snv,2207.2965882352946,-0.06346971797827683,difference of equal-sample representative means; not paired
B0,B0-M00,8,snv,2212.7573333333335,-0.061332918084886945,difference of equal-sample representative means; not paired
B0,B0-M00,8,snv,2218.2180784313728,-0.05804912133435702,difference of equal-sample representative means; not paired
B0,B0-M00,8,snv,2223.678823529412,-0.057022187580850536,difference of equal-sample representative means; not paired
B0,B0-M00,8,snv,2229.1395686274514,-0.05847482701069606,difference of equal-sample representative means; not paired
B0,B0-M00,8,snv,2234.6003137254907,-0.06428858467299214,difference of equal-sample representative means; not paired
B0,B0-M00,8,snv,2240.06105882353,-0.0745273469609018,difference of equal-sample representative means; not paired
B0,B0-M00,8,snv,2245.521803921569,-0.08900699309600535,difference of equal-sample representative means; not paired
B0,B0-M00,8,snv,2250.982549019608,-0.10939546970311298,difference of equal-sample representative means; not paired
B0,B0-M00,8,snv,2256.4432941176474,-0.13789742494338442,difference of equal-sample representative means; not paired
B0,B0-M00,8,snv,2261.9040392156867,-0.17197496411201207,difference of equal-sample representative means; not paired
B0,B0-M00,8,snv,2267.364784313726,-0.20289279273397431,difference of equal-sample representative means; not paired
B0,B0-M00,8,snv,2272.825529411765,-0.23238967845558745,difference of equal-sample representative means; not paired
B0,B0-M00,8,snv,2278.286274509804,-0.25234602317943855,difference of equal-sample representative means; not paired
B0,B0-M00,8,snv,2283.7470196078434,-0.2707309056206959,difference of equal-sample representative means; not paired
B0,B0-M00,8,snv,2289.2077647058827,-0.2905570553189445,difference of equal-sample representative means; not paired
B0,B0-M00,8,snv,2294.668509803922,-0.3110629750519329,difference of equal-sample representative means; not paired
B0,B0-M00,8,snv,2300.1292549019613,-0.33127851873399683,difference of equal-sample representative means; not paired
B0,B0-M00,8,snv,2305.59,-0.3446683064809213,difference of equal-sample representative means; not paired
B0,B0-M00,8,second_derivative,913.1,1.3494332674428115e-05,difference of equal-sample representative means; not paired
B0,B0-M00,8,second_derivative,918.5607450980392,1.3494332674428115e-05,difference of equal-sample representative means; not paired
B0,B0-M00,8,second_derivative,924.0214901960785,1.3494332674428115e-05,difference of equal-sample representative means; not paired
B0,B0-M00,8,second_derivative,929.4822352941177,1.3494332674428386e-05,difference of equal-sample representative means; not paired
B0,B0-M00,8,second_derivative,934.9429803921569,8.87899657459658e-06,difference of equal-sample representative means; not paired
B0,B0-M00,8,second_derivative,940.4037254901962,4.096968864569928e-06,difference of equal-sample representative means; not paired
B0,B0-M00,8,second_derivative,945.8644705882353,-4.0957553870739984e-07,difference of equal-sample representative means; not paired
B0,B0-M00,8,second_derivative,951.3252156862745,-3.5459457591193087e-06,difference of equal-sample representative means; not paired
B0,B0-M00,8,second_derivative,956.7859607843137,-3.512743399873367e-06,difference of equal-sample representative means; not paired
B0,B0-M00,8,second_derivative,962.246705882353,-6.452410421737847e-07,difference of equal-sample representative means; not paired
B0,B0-M00,8,second_derivative,967.7074509803922,4.241012724026323e-07,difference of equal-sample representative means; not paired
B0,B0-M00,8,second_derivative,973.1681960784314,1.6803073890454834e-06,difference of equal-sample representative means; not paired
B0,B0-M00,8,second_derivative,978.6289411764706,3.7324845967650925e-06,difference of equal-sample representative means; not paired
B0,B0-M00,8,second_derivative,984.0896862745099,5.606300339746278e-06,difference of equal-sample representative means; not paired
B0,B0-M00,8,second_derivative,989.550431372549,5.6166470168352075e-06,difference of equal-sample representative means; not paired
B0,B0-M00,8,second_derivative,995.0111764705882,4.4173937377927965e-06,difference of equal-sample representative means; not paired
B0,B0-M00,8,second_derivative,1000.4719215686275,3.1090318366161166e-06,difference of equal-sample representative means; not paired
B0,B0-M00,8,second_derivative,1005.9326666666667,1.7096611613725551e-06,difference of equal-sample representative means; not paired
B0,B0-M00,8,second_derivative,1011.3934117647059,2.1265730204427018e-07,difference of equal-sample representative means; not paired
B0,B0-M00,8,second_derivative,1016.8541568627452,-5.058886671768149e-07,difference of equal-sample representative means; not paired
B0,B0-M00,8,second_derivative,1022.3149019607844,-6.60443853127729e-07,difference of equal-sample representative means; not paired
B0,B0-M00,8,second_derivative,1027.7756470588236,2.270706236758863e-07,difference of equal-sample representative means; not paired
B0,B0-M00,8,second_derivative,1033.2363921568628,8.071791646483409e-07,difference of equal-sample representative means; not paired
B0,B0-M00,8,second_derivative,1038.697137254902,2.7146878538015857e-07,difference of equal-sample representative means; not paired
B0,B0-M00,8,second_derivative,1044.1578823529412,-7.949704626252931e-07,difference of equal-sample representative means; not paired
B0,B0-M00,8,second_derivative,1049.6186274509805,-1.0639341703842755e-06,difference of equal-sample representative means; not paired
B0,B0-M00,8,second_derivative,1055.0793725490196,-1.135547613075675e-06,difference of equal-sample representative means; not paired
B0,B0-M00,8,second_derivative,1060.5401176470589,-5.480975943992716e-07,difference of equal-sample representative means; not paired
B0,B0-M00,8,second_derivative,1066.0008627450982,-7.319199266012109e-07,difference of equal-sample representative means; not paired
B0,B0-M00,8,second_derivative,1071.4616078431372,-1.059918281165324e-06,difference of equal-sample representative means; not paired
B0,B0-M00,8,second_derivative,1076.9223529411765,-1.3408635908320862e-06,difference of equal-sample representative means; not paired
B0,B0-M00,8,second_derivative,1082.3830980392158,-1.610696351530837e-06,difference of equal-sample representative means; not paired
B0,B0-M00,8,second_derivative,1087.843843137255,-1.8723462122791367e-06,difference of equal-sample representative means; not paired
B0,B0-M00,8,second_derivative,1093.3045882352942,-2.127537646429221e-06,difference of equal-sample representative means; not paired
B0,B0-M00,8,second_derivative,1098.7653333333333,-3.265500900639199e-06,difference of equal-sample representative means; not paired
B0,B0-M00,8,second_derivative,1104.2260784313726,-5.335850688253127e-06,difference of equal-sample representative means; not paired
B0,B0-M00,8,second_derivative,1109.6868235294119,-7.789352259258844e-06,difference of equal-sample representative means; not paired
B0,B0-M00,8,second_derivative,1115.1475686274512,-9.753184125273313e-06,difference of equal-sample representative means; not paired
B0,B0-M00,8,second_derivative,1120.6083137254902,-9.631264136039585e-06,difference of equal-sample representative means; not paired
B0,B0-M00,8,second_derivative,1126.0690588235295,-7.1236989001321845e-06,difference of equal-sample representative means; not paired
B0,B0-M00,8,second_derivative,1131.5298039215686,-4.400102178893754e-06,difference of equal-sample representative means; not paired
B0,B0-M00,8,second_derivative,1136.990549019608,-3.5748008270985538e-06,difference of equal-sample representative means; not paired
B0,B0-M00,8,second_derivative,1142.4512941176472,-4.293814104595986e-06,difference of equal-sample representative means; not paired
B0,B0-M00,8,second_derivative,1147.9120392156863,-4.433435712644492e-06,difference of equal-sample representative means; not paired
B0,B0-M00,8,second_derivative,1153.3727843137256,-2.6805662212636182e-06,difference of equal-sample representative means; not paired
B0,B0-M00,8,second_derivative,1158.8335294117649,4.379250100986225e-07,difference of equal-sample representative means; not paired
B0,B0-M00,8,second_derivative,1164.294274509804,2.5479481848016753e-06,difference of equal-sample representative means; not paired
B0,B0-M00,8,second_derivative,1169.7550196078432,2.232213834249368e-06,difference of equal-sample representative means; not paired
B0,B0-M00,8,second_derivative,1175.2157647058825,6.539311933906206e-07,difference of equal-sample representative means; not paired
B0,B0-M00,8,second_derivative,1180.6765098039216,8.997434378308662e-07,difference of equal-sample representative means; not paired
B0,B0-M00,8,second_derivative,1186.137254901961,3.779013148464011e-06,difference of equal-sample representative means; not paired
B0,B0-M00,8,second_derivative,1191.598,7.625680799178343e-06,difference of equal-sample representative means; not paired
B0,B0-M00,8,second_derivative,1197.0587450980393,9.523363775757252e-06,difference of equal-sample representative means; not paired
B0,B0-M00,8,second_derivative,1202.5194901960786,9.003440475227037e-06,difference of equal-sample representative means; not paired
B0,B0-M00,8,second_derivative,1207.9802352941178,8.190915063657083e-06,difference of equal-sample representative means; not paired
B0,B0-M00,8,second_derivative,1213.440980392157,7.748817670914427e-06,difference of equal-sample representative means; not paired
B0,B0-M00,8,second_derivative,1218.9017254901962,7.88650429101177e-06,difference of equal-sample representative means; not paired
B0,B0-M00,8,second_derivative,1224.3624705882353,7.678407247689315e-06,difference of equal-sample representative means; not paired
B0,B0-M00,8,second_derivative,1229.8232156862746,5.596806989573705e-06,difference of equal-sample representative means; not paired
B0,B0-M00,8,second_derivative,1235.2839607843139,2.675341557130946e-06,difference of equal-sample representative means; not paired
B0,B0-M00,8,second_derivative,1240.7447058823532,3.1815150669993407e-07,difference of equal-sample representative means; not paired
B0,B0-M00,8,second_derivative,1246.2054509803922,-1.6510897903354189e-06,difference of equal-sample representative means; not paired
B0,B0-M00,8,second_derivative,1251.6661960784315,-2.35700794324257e-06,difference of equal-sample representative means; not paired
B0,B0-M00,8,second_derivative,1257.1269411764706,-2.4909435385086326e-06,difference of equal-sample representative means; not paired
B0,B0-M00,8,second_derivative,1262.58768627451,-8.720353602612273e-07,difference of equal-sample representative means; not paired
B0,B0-M00,8,second_derivative,1268.0484313725492,-1.047721819587922e-08,difference of equal-sample representative means; not paired
B0,B0-M00,8,second_derivative,1273.5091764705883,1.1619111700400853e-06,difference of equal-sample representative means; not paired
B0,B0-M00,8,second_derivative,1278.9699215686276,1.2736913232628828e-06,difference of equal-sample representative means; not paired
B0,B0-M00,8,second_derivative,1284.4306666666666,-6.966286585369332e-07,difference of equal-sample representative means; not paired
B0,B0-M00,8,second_derivative,1289.891411764706,-3.6899475043351307e-06,difference of equal-sample representative means; not paired
B0,B0-M00,8,second_derivative,1295.3521568627452,-6.050726213357817e-06,difference of equal-sample representative means; not paired
B0,B0-M00,8,second_derivative,1300.8129019607845,-8.001669139434549e-06,difference of equal-sample representative means; not paired
B0,B0-M00,8,second_derivative,1306.2736470588236,-8.708746939168539e-06,difference of equal-sample representative means; not paired
B0,B0-M00,8,second_derivative,1311.734392156863,-9.755778537460507e-06,difference of equal-sample representative means; not paired
B0,B0-M00,8,second_derivative,1317.195137254902,-1.13606439994571e-05,difference of equal-sample representative means; not paired
B0,B0-M00,8,second_derivative,1322.6558823529413,-1.2652681020510689e-05,difference of equal-sample representative means; not paired
B0,B0-M00,8,second_derivative,1328.1166274509806,-1.433822340789804e-05,difference of equal-sample representative means; not paired
B0,B0-M00,8,second_derivative,1333.5773725490199,-1.4311524452731252e-05,difference of equal-sample representative means; not paired
B0,B0-M00,8,second_derivative,1339.038117647059,-1.1891865987753808e-05,difference of equal-sample representative means; not paired
B0,B0-M00,8,second_derivative,1344.4988627450982,-7.138294209162944e-06,difference of equal-sample representative means; not paired
B0,B0-M00,8,second_derivative,1349.9596078431373,-1.9271332670064826e-06,difference of equal-sample representative means; not paired
B0,B0-M00,8,second_derivative,1355.4203529411766,3.0097686049372797e-06,difference of equal-sample representative means; not paired
B0,B0-M00,8,second_derivative,1360.8810980392159,6.955836775700699e-06,difference of equal-sample representative means; not paired
B0,B0-M00,8,second_derivative,1366.341843137255,8.700544023397645e-06,difference of equal-sample representative means; not paired
B0,B0-M00,8,second_derivative,1371.8025882352943,6.751974254090469e-06,difference of equal-sample representative means; not paired
B0,B0-M00,8,second_derivative,1377.2633333333333,-1.5648571230176425e-06,difference of equal-sample representative means; not paired
B0,B0-M00,8,second_derivative,1382.7240784313726,-1.3698830631085177e-05,difference of equal-sample representative means; not paired
B0,B0-M00,8,second_derivative,1388.184823529412,-2.402531609954102e-05,difference of equal-sample representative means; not paired
B0,B0-M00,8,second_derivative,1393.6455686274512,-2.7755732204441658e-05,difference of equal-sample representative means; not paired
B0,B0-M00,8,second_derivative,1399.1063137254903,-2.4247782103678912e-05,difference of equal-sample representative means; not paired
B0,B0-M00,8,second_derivative,1404.5670588235296,-1.541299282518626e-05,difference of equal-sample representative means; not paired
B0,B0-M00,8,second_derivative,1410.0278039215686,-3.5315701719572392e-06,difference of equal-sample representative means; not paired
B0,B0-M00,8,second_derivative,1415.488549019608,9.642173890862847e-06,difference of equal-sample representative means; not paired
B0,B0-M00,8,second_derivative,1420.9492941176472,2.162499961049338e-05,difference of equal-sample representative means; not paired
B0,B0-M00,8,second_derivative,1426.4100392156865,2.8269941560765265e-05,difference of equal-sample representative means; not paired
B0,B0-M00,8,second_derivative,1431.8707843137256,2.837684160440387e-05,difference of equal-sample representative means; not paired
B0,B0-M00,8,second_derivative,1437.3315294117647,2.3141918848694777e-05,difference of equal-sample representative means; not paired
B0,B0-M00,8,second_derivative,1442.792274509804,1.6385281476420635e-05,difference of equal-sample representative means; not paired
B0,B0-M00,8,second_derivative,1448.2530196078433,1.1182295301895366e-05,difference of equal-sample representative means; not paired
B0,B0-M00,8,second_derivative,1453.7137647058826,8.230438750784379e-06,difference of equal-sample representative means; not paired
B0,B0-M00,8,second_derivative,1459.1745098039219,5.972099262421446e-06,difference of equal-sample representative means; not paired
B0,B0-M00,8,second_derivative,1464.635254901961,7.376963115553596e-06,difference of equal-sample representative means; not paired
B0,B0-M00,8,second_derivative,1470.096,6.917447629585869e-06,difference of equal-sample representative means; not paired
B0,B0-M00,8,second_derivative,1475.5567450980393,6.1620108428499635e-06,difference of equal-sample representative means; not paired
B0,B0-M00,8,second_derivative,1481.0174901960786,6.006029927406165e-06,difference of equal-sample representative means; not paired
B0,B0-M00,8,second_derivative,1486.478235294118,5.440523567407554e-06,difference of equal-sample representative means; not paired
B0,B0-M00,8,second_derivative,1491.938980392157,4.564190195359447e-06,difference of equal-sample representative means; not paired
B0,B0-M00,8,second_derivative,1497.3997254901963,4.693275830502801e-06,difference of equal-sample representative means; not paired
B0,B0-M00,8,second_derivative,1502.8604705882353,2.6455946882131575e-06,difference of equal-sample representative means; not paired
B0,B0-M00,8,second_derivative,1508.3212156862746,8.74624496712486e-07,difference of equal-sample representative means; not paired
B0,B0-M00,8,second_derivative,1513.781960784314,-3.940673906649986e-07,difference of equal-sample representative means; not paired
B0,B0-M00,8,second_derivative,1519.2427058823532,-1.4415990885033645e-06,difference of equal-sample representative means; not paired
B0,B0-M00,8,second_derivative,1524.7034509803923,-2.308298117899479e-06,difference of equal-sample representative means; not paired
B0,B0-M00,8,second_derivative,1530.1641960784316,-1.841651692717111e-06,difference of equal-sample representative means; not paired
B0,B0-M00,8,second_derivative,1535.6249411764707,1.28642579202321e-06,difference of equal-sample representative means; not paired
B0,B0-M00,8,second_derivative,1541.08568627451,1.567770546529165e-07,difference of equal-sample representative means; not paired
B0,B0-M00,8,second_derivative,1546.5464313725493,3.023947361198342e-07,difference of equal-sample representative means; not paired
B0,B0-M00,8,second_derivative,1552.0071764705885,-8.20429139114486e-07,difference of equal-sample representative means; not paired
B0,B0-M00,8,second_derivative,1557.4679215686276,-1.4659290003764576e-06,difference of equal-sample representative means; not paired
B0,B0-M00,8,second_derivative,1562.9286666666667,-6.493949877793239e-07,difference of equal-sample representative means; not paired
B0,B0-M00,8,second_derivative,1568.389411764706,1.0633968070264094e-06,difference of equal-sample representative means; not paired
B0,B0-M00,8,second_derivative,1573.8501568627453,4.744245493565612e-07,difference of equal-sample representative means; not paired
B0,B0-M00,8,second_derivative,1579.3109019607846,2.703669214226364e-06,difference of equal-sample representative means; not paired
B0,B0-M00,8,second_derivative,1584.7716470588239,4.414252472251488e-06,difference of equal-sample representative means; not paired
B0,B0-M00,8,second_derivative,1590.232392156863,6.652405471825193e-06,difference of equal-sample representative means; not paired
B0,B0-M00,8,second_derivative,1595.693137254902,8.024276649259138e-06,difference of equal-sample representative means; not paired
B0,B0-M00,8,second_derivative,1601.1538823529413,7.448812705107688e-06,difference of equal-sample representative means; not paired
B0,B0-M00,8,second_derivative,1606.6146274509806,5.167395664678298e-06,difference of equal-sample representative means; not paired
B0,B0-M00,8,second_derivative,1612.07537254902,1.6422675981392932e-06,difference of equal-sample representative means; not paired
B0,B0-M00,8,second_derivative,1617.536117647059,-9.659310107203219e-07,difference of equal-sample representative means; not paired
B0,B0-M00,8,second_derivative,1622.9968627450983,-2.408483832363015e-06,difference of equal-sample representative means; not paired
B0,B0-M00,8,second_derivative,1628.4576078431373,-5.423952706875306e-06,difference of equal-sample representative means; not paired
B0,B0-M00,8,second_derivative,1633.9183529411766,-7.224026089731911e-06,difference of equal-sample representative means; not paired
B0,B0-M00,8,second_derivative,1639.379098039216,-8.241753130280272e-06,difference of equal-sample representative means; not paired
B0,B0-M00,8,second_derivative,1644.8398431372552,-8.029320675087098e-06,difference of equal-sample representative means; not paired
B0,B0-M00,8,second_derivative,1650.3005882352943,-6.419242327275102e-06,difference of equal-sample representative means; not paired
B0,B0-M00,8,second_derivative,1655.7613333333334,-4.421551814741691e-06,difference of equal-sample representative means; not paired
B0,B0-M00,8,second_derivative,1661.2220784313727,-3.0894178596473095e-06,difference of equal-sample representative means; not paired
B0,B0-M00,8,second_derivative,1666.682823529412,-1.1540989617978962e-07,difference of equal-sample representative means; not paired
B0,B0-M00,8,second_derivative,1672.1435686274513,1.3025238518528843e-06,difference of equal-sample representative means; not paired
B0,B0-M00,8,second_derivative,1677.6043137254906,2.3131403370227945e-07,difference of equal-sample representative means; not paired
B0,B0-M00,8,second_derivative,1683.0650588235296,-2.1047712021202296e-06,difference of equal-sample representative means; not paired
B0,B0-M00,8,second_derivative,1688.5258039215687,-4.128421687390312e-06,difference of equal-sample representative means; not paired
B0,B0-M00,8,second_derivative,1693.986549019608,-3.5188739856073703e-06,difference of equal-sample representative means; not paired
B0,B0-M00,8,second_derivative,1699.4472941176473,-9.802201110663965e-07,difference of equal-sample representative means; not paired
B0,B0-M00,8,second_derivative,1704.9080392156866,3.8113184269666907e-07,difference of equal-sample representative means; not paired
B0,B0-M00,8,second_derivative,1710.3687843137257,-1.684582792356818e-07,difference of equal-sample representative means; not paired
B0,B0-M00,8,second_derivative,1715.829529411765,-2.6330828277961533e-07,difference of equal-sample representative means; not paired
B0,B0-M00,8,second_derivative,1721.290274509804,5.262717459534859e-07,difference of equal-sample representative means; not paired
B0,B0-M00,8,second_derivative,1726.7510196078433,1.1903555634779527e-06,difference of equal-sample representative means; not paired
B0,B0-M00,8,second_derivative,1732.2117647058826,9.832025859831407e-07,difference of equal-sample representative means; not paired
B0,B0-M00,8,second_derivative,1737.672509803922,-9.6882468407225e-07,difference of equal-sample representative means; not paired
B0,B0-M00,8,second_derivative,1743.133254901961,-2.887577576518763e-06,difference of equal-sample representative means; not paired
B0,B0-M00,8,second_derivative,1748.594,-2.6370962083172345e-06,difference of equal-sample representative means; not paired
B0,B0-M00,8,second_derivative,1754.0547450980393,-1.4454341206413304e-06,difference of equal-sample representative means; not paired
B0,B0-M00,8,second_derivative,1759.5154901960786,3.3965750606603566e-07,difference of equal-sample representative means; not paired
B0,B0-M00,8,second_derivative,1764.976235294118,1.577696704844585e-06,difference of equal-sample representative means; not paired
B0,B0-M00,8,second_derivative,1770.4369803921572,2.1171126774152246e-06,difference of equal-sample representative means; not paired
B0,B0-M00,8,second_derivative,1775.8977254901963,2.4161187548453098e-06,difference of equal-sample representative means; not paired
B0,B0-M00,8,second_derivative,1781.3584705882354,3.3098931848494547e-06,difference of equal-sample representative means; not paired
B0,B0-M00,8,second_derivative,1786.8192156862747,4.159235937921813e-06,difference of equal-sample representative means; not paired
B0,B0-M00,8,second_derivative,1792.279960784314,3.2567313086705665e-06,difference of equal-sample representative means; not paired
B0,B0-M00,8,second_derivative,1797.7407058823533,1.93630562360647e-06,difference of equal-sample representative means; not paired
B0,B0-M00,8,second_derivative,1803.2014509803923,5.07426379391284e-07,difference of equal-sample representative means; not paired
B0,B0-M00,8,second_derivative,1808.6621960784316,1.7807678181068866e-07,difference of equal-sample representative means; not paired
B0,B0-M00,8,second_derivative,1814.1229411764707,1.1792152365943913e-06,difference of equal-sample representative means; not paired
B0,B0-M00,8,second_derivative,1819.58368627451,2.324871172293299e-06,difference of equal-sample representative means; not paired
B0,B0-M00,8,second_derivative,1825.0444313725493,2.348266215420921e-06,difference of equal-sample representative means; not paired
B0,B0-M00,8,second_derivative,1830.5051764705886,3.292776812143246e-06,difference of equal-sample representative means; not paired
B0,B0-M00,8,second_derivative,1835.9659215686277,1.3579452661541988e-06,difference of equal-sample representative means; not paired
B0,B0-M00,8,second_derivative,1841.4266666666667,-2.1024579093401044e-06,difference of equal-sample representative means; not paired
B0,B0-M00,8,second_derivative,1846.887411764706,-6.255485492503025e-06,difference of equal-sample representative means; not paired
B0,B0-M00,8,second_derivative,1852.3481568627453,-9.306040606166032e-06,difference of equal-sample representative means; not paired
B0,B0-M00,8,second_derivative,1857.8089019607846,-1.0003505984921e-05,difference of equal-sample representative means; not paired
B0,B0-M00,8,second_derivative,1863.269647058824,-1.1165498508070177e-05,difference of equal-sample representative means; not paired
B0,B0-M00,8,second_derivative,1868.730392156863,-1.7428164896272225e-05,difference of equal-sample representative means; not paired
B0,B0-M00,8,second_derivative,1874.191137254902,-2.2600347927994243e-05,difference of equal-sample representative means; not paired
B0,B0-M00,8,second_derivative,1879.6518823529414,-2.3797101915110834e-05,difference of equal-sample representative means; not paired
B0,B0-M00,8,second_derivative,1885.1126274509807,-1.9624376424790847e-05,difference of equal-sample representative means; not paired
B0,B0-M00,8,second_derivative,1890.57337254902,-1.0291752712751693e-05,difference of equal-sample representative means; not paired
B0,B0-M00,8,second_derivative,1896.034117647059,6.808848604067218e-07,difference of equal-sample representative means; not paired
B0,B0-M00,8,second_derivative,1901.4948627450983,9.98050240813557e-06,difference of equal-sample representative means; not paired
B0,B0-M00,8,second_derivative,1906.9556078431374,2.0062188823407267e-05,difference of equal-sample representative means; not paired
B0,B0-M00,8,second_derivative,1912.4163529411767,2.432171562879792e-05,difference of equal-sample representative means; not paired
B0,B0-M00,8,second_derivative,1917.877098039216,2.257752991534874e-05,difference of equal-sample representative means; not paired
B0,B0-M00,8,second_derivative,1923.3378431372553,1.7182201001333578e-05,difference of equal-sample representative means; not paired
B0,B0-M00,8,second_derivative,1928.7985882352943,1.1610031393039514e-05,difference of equal-sample representative means; not paired
B0,B0-M00,8,second_derivative,1934.2593333333336,7.786626516110553e-06,difference of equal-sample representative means; not paired
B0,B0-M00,8,second_derivative,1939.7200784313727,6.94493377567803e-06,difference of equal-sample representative means; not paired
B0,B0-M00,8,second_derivative,1945.180823529412,6.264529705577842e-06,difference of equal-sample representative means; not paired
B0,B0-M00,8,second_derivative,1950.6415686274513,5.193072450119881e-06,difference of equal-sample representative means; not paired
B0,B0-M00,8,second_derivative,1956.1023137254906,4.072248550334009e-06,difference of equal-sample representative means; not paired
B0,B0-M00,8,second_derivative,1961.5630588235294,3.818942560717417e-06,difference of equal-sample representative means; not paired
B0,B0-M00,8,second_derivative,1967.0238039215687,4.328585980975747e-06,difference of equal-sample representative means; not paired
B0,B0-M00,8,second_derivative,1972.484549019608,4.359080810081507e-06,difference of equal-sample representative means; not paired
B0,B0-M00,8,second_derivative,1977.9452941176473,3.949939170529248e-06,difference of equal-sample representative means; not paired
B0,B0-M00,8,second_derivative,1983.4060392156866,1.7299673294673647e-06,difference of equal-sample representative means; not paired
B0,B0-M00,8,second_derivative,1988.866784313726,-9.543877971131249e-07,difference of equal-sample representative means; not paired
B0,B0-M00,8,second_derivative,1994.3275294117648,-1.6854767134154755e-06,difference of equal-sample representative means; not paired
B0,B0-M00,8,second_derivative,1999.788274509804,-3.2268257350469883e-06,difference of equal-sample representative means; not paired
B0,B0-M00,8,second_derivative,2005.2490196078434,-5.72931957611767e-06,difference of equal-sample representative means; not paired
B0,B0-M00,8,second_derivative,2010.7097647058827,-8.026963689407063e-06,difference of equal-sample representative means; not paired
B0,B0-M00,8,second_derivative,2016.170509803922,-8.639098092654404e-06,difference of equal-sample representative means; not paired
B0,B0-M00,8,second_derivative,2021.6312549019613,-8.218141674915487e-06,difference of equal-sample representative means; not paired
B0,B0-M00,8,second_derivative,2027.092,-6.550705119776773e-06,difference of equal-sample representative means; not paired
B0,B0-M00,8,second_derivative,2032.5527450980394,-5.8623810754559596e-06,difference of equal-sample representative means; not paired
B0,B0-M00,8,second_derivative,2038.0134901960787,-5.618747042591388e-06,difference of equal-sample representative means; not paired
B0,B0-M00,8,second_derivative,2043.474235294118,-4.819102290137114e-06,difference of equal-sample representative means; not paired
B0,B0-M00,8,second_derivative,2048.9349803921573,-2.2585934679655964e-06,difference of equal-sample representative means; not paired
B0,B0-M00,8,second_derivative,2054.3957254901966,9.422389538546954e-07,difference of equal-sample representative means; not paired
B0,B0-M00,8,second_derivative,2059.8564705882354,3.353595350533999e-06,difference of equal-sample representative means; not paired
B0,B0-M00,8,second_derivative,2065.3172156862747,4.729417221328888e-06,difference of equal-sample representative means; not paired
B0,B0-M00,8,second_derivative,2070.777960784314,3.5321203680717308e-06,difference of equal-sample representative means; not paired
B0,B0-M00,8,second_derivative,2076.2387058823533,1.39935770446472e-06,difference of equal-sample representative means; not paired
B0,B0-M00,8,second_derivative,2081.6994509803926,5.127986081968433e-07,difference of equal-sample representative means; not paired
B0,B0-M00,8,second_derivative,2087.1601960784315,-1.8555337533299272e-06,difference of equal-sample representative means; not paired
B0,B0-M00,8,second_derivative,2092.6209411764708,-1.8285036957861608e-06,difference of equal-sample representative means; not paired
B0,B0-M00,8,second_derivative,2098.08168627451,-1.2482386340626435e-06,difference of equal-sample representative means; not paired
B0,B0-M00,8,second_derivative,2103.5424313725493,-3.554647147762624e-08,difference of equal-sample representative means; not paired
B0,B0-M00,8,second_derivative,2109.0031764705886,2.7219128539789965e-06,difference of equal-sample representative means; not paired
B0,B0-M00,8,second_derivative,2114.463921568628,5.355357288642186e-06,difference of equal-sample representative means; not paired
B0,B0-M00,8,second_derivative,2119.924666666667,3.5647471107604593e-06,difference of equal-sample representative means; not paired
B0,B0-M00,8,second_derivative,2125.385411764706,4.056402250138038e-06,difference of equal-sample representative means; not paired
B0,B0-M00,8,second_derivative,2130.8461568627454,2.776389550965902e-06,difference of equal-sample representative means; not paired
B0,B0-M00,8,second_derivative,2136.3069019607847,9.78103964847346e-07,difference of equal-sample representative means; not paired
B0,B0-M00,8,second_derivative,2141.767647058824,1.2682518719811782e-06,difference of equal-sample representative means; not paired
B0,B0-M00,8,second_derivative,2147.2283921568633,1.1795603619892695e-06,difference of equal-sample representative means; not paired
B0,B0-M00,8,second_derivative,2152.689137254902,-9.551757668823163e-08,difference of equal-sample representative means; not paired
B0,B0-M00,8,second_derivative,2158.1498823529414,1.8371529568798868e-06,difference of equal-sample representative means; not paired
B0,B0-M00,8,second_derivative,2163.6106274509807,1.7987373193433895e-06,difference of equal-sample representative means; not paired
B0,B0-M00,8,second_derivative,2169.07137254902,1.1909819718489223e-06,difference of equal-sample representative means; not paired
B0,B0-M00,8,second_derivative,2174.5321176470593,4.989230642819953e-07,difference of equal-sample representative means; not paired
B0,B0-M00,8,second_derivative,2179.992862745098,8.772684951908795e-07,difference of equal-sample representative means; not paired
B0,B0-M00,8,second_derivative,2185.4536078431374,6.462610185159243e-07,difference of equal-sample representative means; not paired
B0,B0-M00,8,second_derivative,2190.9143529411767,1.5171814882655332e-07,difference of equal-sample representative means; not paired
B0,B0-M00,8,second_derivative,2196.375098039216,-1.6846719240331346e-06,difference of equal-sample representative means; not paired
B0,B0-M00,8,second_derivative,2201.8358431372553,-2.990351542993135e-06,difference of equal-sample representative means; not paired
B0,B0-M00,8,second_derivative,2207.2965882352946,-2.5387134980274773e-06,difference of equal-sample representative means; not paired
B0,B0-M00,8,second_derivative,2212.7573333333335,-2.843173825193222e-06,difference of equal-sample representative means; not paired
B0,B0-M00,8,second_derivative,2218.2180784313728,-3.5441800833175194e-06,difference of equal-sample representative means; not paired
B0,B0-M00,8,second_derivative,2223.678823529412,-4.776433408975128e-06,difference of equal-sample representative means; not paired
B0,B0-M00,8,second_derivative,2229.1395686274514,-4.751729737702878e-06,difference of equal-sample representative means; not paired
B0,B0-M00,8,second_derivative,2234.6003137254907,-3.4534299058931202e-06,difference of equal-sample representative means; not paired
B0,B0-M00,8,second_derivative,2240.06105882353,-6.899138684329472e-07,difference of equal-sample representative means; not paired
B0,B0-M00,8,second_derivative,2245.521803921569,2.393487115191664e-06,difference of equal-sample representative means; not paired
B0,B0-M00,8,second_derivative,2250.982549019608,5.247618495311023e-06,difference of equal-sample representative means; not paired
B0,B0-M00,8,second_derivative,2256.4432941176474,9.237225651525582e-06,difference of equal-sample representative means; not paired
B0,B0-M00,8,second_derivative,2261.9040392156867,7.8536228370305e-06,difference of equal-sample representative means; not paired
B0,B0-M00,8,second_derivative,2267.364784313726,8.670878429441454e-06,difference of equal-sample representative means; not paired
B0,B0-M00,8,second_derivative,2272.825529411765,1.4101353133062918e-05,difference of equal-sample representative means; not paired
B0,B0-M00,8,second_derivative,2278.286274509804,2.053994507751653e-05,difference of equal-sample representative means; not paired
B0,B0-M00,8,second_derivative,2283.7470196078434,2.0571030179585363e-05,difference of equal-sample representative means; not paired
B0,B0-M00,8,second_derivative,2289.2077647058827,8.012709570527509e-06,difference of equal-sample representative means; not paired
B0,B0-M00,8,second_derivative,2294.668509803922,8.012709570528078e-06,difference of equal-sample representative means; not paired
B0,B0-M00,8,second_derivative,2300.1292549019613,8.012709570528078e-06,difference of equal-sample representative means; not paired
B0,B0-M00,8,second_derivative,2305.59,8.012709570528078e-06,difference of equal-sample representative means; not paired
