priority,metric,window,source_metric,label,expression,kind,k,condition_id,repeat,total_samples,defined_samples,unavailable
1,LLA,3.0,adjusted_lla_3,LLA (3 x 3),(M11 - M10) - (M01 - M00),interaction,2,M11,1,49,48,"[{""sample_id"": ""KYOw02789"", ""fold"": 2, ""condition_id"": ""M11"", ""repeat"": 1, ""status"": ""undefined"", ""reason"": ""single_cluster""}]"
1,LLA,3.0,adjusted_lla_3,LLA (3 x 3),(M11 - M10) - (M01 - M00),interaction,2,M11,2,49,48,"[{""sample_id"": ""KYOw02789"", ""fold"": 2, ""condition_id"": ""M11"", ""repeat"": 2, ""status"": ""undefined"", ""reason"": ""single_cluster""}]"
1,LLA,3.0,adjusted_lla_3,LLA (3 x 3),(M11 - M10) - (M01 - M00),interaction,2,M11,3,49,48,"[{""sample_id"": ""KYOw02789"", ""fold"": 2, ""condition_id"": ""M11"", ""repeat"": 3, ""status"": ""undefined"", ""reason"": ""single_cluster""}]"
1,LLA,3.0,adjusted_lla_3,LLA (3 x 3),(M11 - M10) - (M01 - M00),interaction,2,M10,1,49,49,[]
1,LLA,3.0,adjusted_lla_3,LLA (3 x 3),(M11 - M10) - (M01 - M00),interaction,2,M10,2,49,49,[]
1,LLA,3.0,adjusted_lla_3,LLA (3 x 3),(M11 - M10) - (M01 - M00),interaction,2,M10,3,49,49,[]
1,LLA,3.0,adjusted_lla_3,LLA (3 x 3),(M11 - M10) - (M01 - M00),interaction,2,M01,1,49,49,[]
1,LLA,3.0,adjusted_lla_3,LLA (3 x 3),(M11 - M10) - (M01 - M00),interaction,2,M01,2,49,49,[]
1,LLA,3.0,adjusted_lla_3,LLA (3 x 3),(M11 - M10) - (M01 - M00),interaction,2,M01,3,49,49,[]
1,LLA,3.0,adjusted_lla_3,LLA (3 x 3),(M11 - M10) - (M01 - M00),interaction,2,M00,1,49,49,[]
1,LLA,3.0,adjusted_lla_3,LLA (3 x 3),(M11 - M10) - (M01 - M00),interaction,2,M00,2,49,49,[]
1,LLA,3.0,adjusted_lla_3,LLA (3 x 3),(M11 - M10) - (M01 - M00),interaction,2,M00,3,49,49,[]
1,LLA,3.0,adjusted_lla_3,LLA (3 x 3),(M11 - M10) - (M01 - M00),interaction,4,M11,1,49,49,[]
1,LLA,3.0,adjusted_lla_3,LLA (3 x 3),(M11 - M10) - (M01 - M00),interaction,4,M11,2,49,49,[]
1,LLA,3.0,adjusted_lla_3,LLA (3 x 3),(M11 - M10) - (M01 - M00),interaction,4,M11,3,49,49,[]
1,LLA,3.0,adjusted_lla_3,LLA (3 x 3),(M11 - M10) - (M01 - M00),interaction,4,M10,1,49,49,[]
1,LLA,3.0,adjusted_lla_3,LLA (3 x 3),(M11 - M10) - (M01 - M00),interaction,4,M10,2,49,49,[]
1,LLA,3.0,adjusted_lla_3,LLA (3 x 3),(M11 - M10) - (M01 - M00),interaction,4,M10,3,49,49,[]
1,LLA,3.0,adjusted_lla_3,LLA (3 x 3),(M11 - M10) - (M01 - M00),interaction,4,M01,1,49,49,[]
1,LLA,3.0,adjusted_lla_3,LLA (3 x 3),(M11 - M10) - (M01 - M00),interaction,4,M01,2,49,49,[]
1,LLA,3.0,adjusted_lla_3,LLA (3 x 3),(M11 - M10) - (M01 - M00),interaction,4,M01,3,49,49,[]
1,LLA,3.0,adjusted_lla_3,LLA (3 x 3),(M11 - M10) - (M01 - M00),interaction,4,M00,1,49,49,[]
1,LLA,3.0,adjusted_lla_3,LLA (3 x 3),(M11 - M10) - (M01 - M00),interaction,4,M00,2,49,49,[]
1,LLA,3.0,adjusted_lla_3,LLA (3 x 3),(M11 - M10) - (M01 - M00),interaction,4,M00,3,49,49,[]
1,LLA,3.0,adjusted_lla_3,LLA (3 x 3),(M11 - M10) - (M01 - M00),interaction,6,M11,1,49,49,[]
1,LLA,3.0,adjusted_lla_3,LLA (3 x 3),(M11 - M10) - (M01 - M00),interaction,6,M11,2,49,49,[]
1,LLA,3.0,adjusted_lla_3,LLA (3 x 3),(M11 - M10) - (M01 - M00),interaction,6,M11,3,49,49,[]
1,LLA,3.0,adjusted_lla_3,LLA (3 x 3),(M11 - M10) - (M01 - M00),interaction,6,M10,1,49,49,[]
1,LLA,3.0,adjusted_lla_3,LLA (3 x 3),(M11 - M10) - (M01 - M00),interaction,6,M10,2,49,49,[]
1,LLA,3.0,adjusted_lla_3,LLA (3 x 3),(M11 - M10) - (M01 - M00),interaction,6,M10,3,49,49,[]
1,LLA,3.0,adjusted_lla_3,LLA (3 x 3),(M11 - M10) - (M01 - M00),interaction,6,M01,1,49,49,[]
1,LLA,3.0,adjusted_lla_3,LLA (3 x 3),(M11 - M10) - (M01 - M00),interaction,6,M01,2,49,49,[]
1,LLA,3.0,adjusted_lla_3,LLA (3 x 3),(M11 - M10) - (M01 - M00),interaction,6,M01,3,49,49,[]
1,LLA,3.0,adjusted_lla_3,LLA (3 x 3),(M11 - M10) - (M01 - M00),interaction,6,M00,1,49,49,[]
1,LLA,3.0,adjusted_lla_3,LLA (3 x 3),(M11 - M10) - (M01 - M00),interaction,6,M00,2,49,49,[]
1,LLA,3.0,adjusted_lla_3,LLA (3 x 3),(M11 - M10) - (M01 - M00),interaction,6,M00,3,49,49,[]
1,LLA,3.0,adjusted_lla_3,LLA (3 x 3),(M11 - M10) - (M01 - M00),interaction,8,M11,1,49,49,[]
1,LLA,3.0,adjusted_lla_3,LLA (3 x 3),(M11 - M10) - (M01 - M00),interaction,8,M11,2,49,49,[]
1,LLA,3.0,adjusted_lla_3,LLA (3 x 3),(M11 - M10) - (M01 - M00),interaction,8,M11,3,49,49,[]
1,LLA,3.0,adjusted_lla_3,LLA (3 x 3),(M11 - M10) - (M01 - M00),interaction,8,M10,1,49,49,[]
1,LLA,3.0,adjusted_lla_3,LLA (3 x 3),(M11 - M10) - (M01 - M00),interaction,8,M10,2,49,49,[]
1,LLA,3.0,adjusted_lla_3,LLA (3 x 3),(M11 - M10) - (M01 - M00),interaction,8,M10,3,49,49,[]
1,LLA,3.0,adjusted_lla_3,LLA (3 x 3),(M11 - M10) - (M01 - M00),interaction,8,M01,1,49,49,[]
1,LLA,3.0,adjusted_lla_3,LLA (3 x 3),(M11 - M10) - (M01 - M00),interaction,8,M01,2,49,49,[]
1,LLA,3.0,adjusted_lla_3,LLA (3 x 3),(M11 - M10) - (M01 - M00),interaction,8,M01,3,49,49,[]
1,LLA,3.0,adjusted_lla_3,LLA (3 x 3),(M11 - M10) - (M01 - M00),interaction,8,M00,1,49,49,[]
1,LLA,3.0,adjusted_lla_3,LLA (3 x 3),(M11 - M10) - (M01 - M00),interaction,8,M00,2,49,49,[]
1,LLA,3.0,adjusted_lla_3,LLA (3 x 3),(M11 - M10) - (M01 - M00),interaction,8,M00,3,49,49,[]
1,LLA,3.0,adjusted_lla_3,LLA (3 x 3),(M11 - M10) - (M01 - M00),interaction,10,M11,1,49,49,[]
1,LLA,3.0,adjusted_lla_3,LLA (3 x 3),(M11 - M10) - (M01 - M00),interaction,10,M11,2,49,49,[]
1,LLA,3.0,adjusted_lla_3,LLA (3 x 3),(M11 - M10) - (M01 - M00),interaction,10,M11,3,49,49,[]
1,LLA,3.0,adjusted_lla_3,LLA (3 x 3),(M11 - M10) - (M01 - M00),interaction,10,M10,1,49,49,[]
1,LLA,3.0,adjusted_lla_3,LLA (3 x 3),(M11 - M10) - (M01 - M00),interaction,10,M10,2,49,49,[]
1,LLA,3.0,adjusted_lla_3,LLA (3 x 3),(M11 - M10) - (M01 - M00),interaction,10,M10,3,49,49,[]
1,LLA,3.0,adjusted_lla_3,LLA (3 x 3),(M11 - M10) - (M01 - M00),interaction,10,M01,1,49,49,[]
1,LLA,3.0,adjusted_lla_3,LLA (3 x 3),(M11 - M10) - (M01 - M00),interaction,10,M01,2,49,49,[]
1,LLA,3.0,adjusted_lla_3,LLA (3 x 3),(M11 - M10) - (M01 - M00),interaction,10,M01,3,49,49,[]
1,LLA,3.0,adjusted_lla_3,LLA (3 x 3),(M11 - M10) - (M01 - M00),interaction,10,M00,1,49,49,[]
1,LLA,3.0,adjusted_lla_3,LLA (3 x 3),(M11 - M10) - (M01 - M00),interaction,10,M00,2,49,49,[]
1,LLA,3.0,adjusted_lla_3,LLA (3 x 3),(M11 - M10) - (M01 - M00),interaction,10,M00,3,49,49,[]
1,LLA,3.0,adjusted_lla_3,LLA (3 x 3),(M11 - M10) - (M01 - M00),interaction,12,M11,1,49,49,[]
1,LLA,3.0,adjusted_lla_3,LLA (3 x 3),(M11 - M10) - (M01 - M00),interaction,12,M11,2,49,49,[]
1,LLA,3.0,adjusted_lla_3,LLA (3 x 3),(M11 - M10) - (M01 - M00),interaction,12,M11,3,49,49,[]
1,LLA,3.0,adjusted_lla_3,LLA (3 x 3),(M11 - M10) - (M01 - M00),interaction,12,M10,1,49,49,[]
1,LLA,3.0,adjusted_lla_3,LLA (3 x 3),(M11 - M10) - (M01 - M00),interaction,12,M10,2,49,49,[]
1,LLA,3.0,adjusted_lla_3,LLA (3 x 3),(M11 - M10) - (M01 - M00),interaction,12,M10,3,49,49,[]
1,LLA,3.0,adjusted_lla_3,LLA (3 x 3),(M11 - M10) - (M01 - M00),interaction,12,M01,1,49,49,[]
1,LLA,3.0,adjusted_lla_3,LLA (3 x 3),(M11 - M10) - (M01 - M00),interaction,12,M01,2,49,49,[]
1,LLA,3.0,adjusted_lla_3,LLA (3 x 3),(M11 - M10) - (M01 - M00),interaction,12,M01,3,49,49,[]
1,LLA,3.0,adjusted_lla_3,LLA (3 x 3),(M11 - M10) - (M01 - M00),interaction,12,M00,1,49,49,[]
1,LLA,3.0,adjusted_lla_3,LLA (3 x 3),(M11 - M10) - (M01 - M00),interaction,12,M00,2,49,49,[]
1,LLA,3.0,adjusted_lla_3,LLA (3 x 3),(M11 - M10) - (M01 - M00),interaction,12,M00,3,49,49,[]
1,LLA,3.0,adjusted_lla_3,LLA (3 x 3),(M11 - M10) - (M01 - M00),interaction,14,M11,1,49,49,[]
1,LLA,3.0,adjusted_lla_3,LLA (3 x 3),(M11 - M10) - (M01 - M00),interaction,14,M11,2,49,49,[]
1,LLA,3.0,adjusted_lla_3,LLA (3 x 3),(M11 - M10) - (M01 - M00),interaction,14,M11,3,49,49,[]
1,LLA,3.0,adjusted_lla_3,LLA (3 x 3),(M11 - M10) - (M01 - M00),interaction,14,M10,1,49,49,[]
1,LLA,3.0,adjusted_lla_3,LLA (3 x 3),(M11 - M10) - (M01 - M00),interaction,14,M10,2,49,49,[]
1,LLA,3.0,adjusted_lla_3,LLA (3 x 3),(M11 - M10) - (M01 - M00),interaction,14,M10,3,49,49,[]
1,LLA,3.0,adjusted_lla_3,LLA (3 x 3),(M11 - M10) - (M01 - M00),interaction,14,M01,1,49,49,[]
1,LLA,3.0,adjusted_lla_3,LLA (3 x 3),(M11 - M10) - (M01 - M00),interaction,14,M01,2,49,49,[]
1,LLA,3.0,adjusted_lla_3,LLA (3 x 3),(M11 - M10) - (M01 - M00),interaction,14,M01,3,49,49,[]
1,LLA,3.0,adjusted_lla_3,LLA (3 x 3),(M11 - M10) - (M01 - M00),interaction,14,M00,1,49,49,[]
1,LLA,3.0,adjusted_lla_3,LLA (3 x 3),(M11 - M10) - (M01 - M00),interaction,14,M00,2,49,49,[]
1,LLA,3.0,adjusted_lla_3,LLA (3 x 3),(M11 - M10) - (M01 - M00),interaction,14,M00,3,49,49,[]
1,LLA,3.0,adjusted_lla_3,LLA (3 x 3),A0,condition,2,A0,1,49,48,"[{""sample_id"": ""KYOw02789"", ""fold"": 2, ""condition_id"": ""A0"", ""repeat"": 1, ""status"": ""undefined"", ""reason"": ""single_cluster""}]"
1,LLA,3.0,adjusted_lla_3,LLA (3 x 3),A0,condition,2,A0,2,49,49,[]
1,LLA,3.0,adjusted_lla_3,LLA (3 x 3),A0,condition,2,A0,3,49,49,[]
1,LLA,3.0,adjusted_lla_3,LLA (3 x 3),A0,condition,4,A0,1,49,49,[]
1,LLA,3.0,adjusted_lla_3,LLA (3 x 3),A0,condition,4,A0,2,49,49,[]
1,LLA,3.0,adjusted_lla_3,LLA (3 x 3),A0,condition,4,A0,3,49,49,[]
1,LLA,3.0,adjusted_lla_3,LLA (3 x 3),A0,condition,6,A0,1,49,49,[]
1,LLA,3.0,adjusted_lla_3,LLA (3 x 3),A0,condition,6,A0,2,49,49,[]
1,LLA,3.0,adjusted_lla_3,LLA (3 x 3),A0,condition,6,A0,3,49,49,[]
1,LLA,3.0,adjusted_lla_3,LLA (3 x 3),A0,condition,8,A0,1,49,49,[]
1,LLA,3.0,adjusted_lla_3,LLA (3 x 3),A0,condition,8,A0,2,49,49,[]
1,LLA,3.0,adjusted_lla_3,LLA (3 x 3),A0,condition,8,A0,3,49,49,[]
1,LLA,3.0,adjusted_lla_3,LLA (3 x 3),A0,condition,10,A0,1,49,49,[]
1,LLA,3.0,adjusted_lla_3,LLA (3 x 3),A0,condition,10,A0,2,49,49,[]
1,LLA,3.0,adjusted_lla_3,LLA (3 x 3),A0,condition,10,A0,3,49,49,[]
1,LLA,3.0,adjusted_lla_3,LLA (3 x 3),A0,condition,12,A0,1,49,49,[]
1,LLA,3.0,adjusted_lla_3,LLA (3 x 3),A0,condition,12,A0,2,49,49,[]
1,LLA,3.0,adjusted_lla_3,LLA (3 x 3),A0,condition,12,A0,3,49,49,[]
1,LLA,3.0,adjusted_lla_3,LLA (3 x 3),A0,condition,14,A0,1,49,49,[]
1,LLA,3.0,adjusted_lla_3,LLA (3 x 3),A0,condition,14,A0,2,49,49,[]
1,LLA,3.0,adjusted_lla_3,LLA (3 x 3),A0,condition,14,A0,3,49,49,[]
1,LLA,3.0,adjusted_lla_3,LLA (3 x 3),B0,condition,2,B0,1,49,49,[]
1,LLA,3.0,adjusted_lla_3,LLA (3 x 3),B0,condition,2,B0,2,49,49,[]
1,LLA,3.0,adjusted_lla_3,LLA (3 x 3),B0,condition,2,B0,3,49,49,[]
1,LLA,3.0,adjusted_lla_3,LLA (3 x 3),B0,condition,4,B0,1,49,49,[]
1,LLA,3.0,adjusted_lla_3,LLA (3 x 3),B0,condition,4,B0,2,49,49,[]
1,LLA,3.0,adjusted_lla_3,LLA (3 x 3),B0,condition,4,B0,3,49,49,[]
1,LLA,3.0,adjusted_lla_3,LLA (3 x 3),B0,condition,6,B0,1,49,49,[]
1,LLA,3.0,adjusted_lla_3,LLA (3 x 3),B0,condition,6,B0,2,49,49,[]
1,LLA,3.0,adjusted_lla_3,LLA (3 x 3),B0,condition,6,B0,3,49,49,[]
1,LLA,3.0,adjusted_lla_3,LLA (3 x 3),B0,condition,8,B0,1,49,49,[]
1,LLA,3.0,adjusted_lla_3,LLA (3 x 3),B0,condition,8,B0,2,49,49,[]
1,LLA,3.0,adjusted_lla_3,LLA (3 x 3),B0,condition,8,B0,3,49,49,[]
1,LLA,3.0,adjusted_lla_3,LLA (3 x 3),B0,condition,10,B0,1,49,49,[]
1,LLA,3.0,adjusted_lla_3,LLA (3 x 3),B0,condition,10,B0,2,49,49,[]
1,LLA,3.0,adjusted_lla_3,LLA (3 x 3),B0,condition,10,B0,3,49,49,[]
1,LLA,3.0,adjusted_lla_3,LLA (3 x 3),B0,condition,12,B0,1,49,49,[]
1,LLA,3.0,adjusted_lla_3,LLA (3 x 3),B0,condition,12,B0,2,49,49,[]
1,LLA,3.0,adjusted_lla_3,LLA (3 x 3),B0,condition,12,B0,3,49,49,[]
1,LLA,3.0,adjusted_lla_3,LLA (3 x 3),B0,condition,14,B0,1,49,49,[]
1,LLA,3.0,adjusted_lla_3,LLA (3 x 3),B0,condition,14,B0,2,49,49,[]
1,LLA,3.0,adjusted_lla_3,LLA (3 x 3),B0,condition,14,B0,3,49,49,[]
1,LLA,3.0,adjusted_lla_3,LLA (3 x 3),B1,condition,2,B1,1,49,48,"[{""sample_id"": ""KYOw02789"", ""fold"": 2, ""condition_id"": ""B1"", ""repeat"": 1, ""status"": ""undefined"", ""reason"": ""single_cluster""}]"
1,LLA,3.0,adjusted_lla_3,LLA (3 x 3),B1,condition,2,B1,2,49,48,"[{""sample_id"": ""KYOw02789"", ""fold"": 2, ""condition_id"": ""B1"", ""repeat"": 2, ""status"": ""undefined"", ""reason"": ""single_cluster""}]"
1,LLA,3.0,adjusted_lla_3,LLA (3 x 3),B1,condition,2,B1,3,49,48,"[{""sample_id"": ""KYOw02789"", ""fold"": 2, ""condition_id"": ""B1"", ""repeat"": 3, ""status"": ""undefined"", ""reason"": ""single_cluster""}]"
1,LLA,3.0,adjusted_lla_3,LLA (3 x 3),B1,condition,4,B1,1,49,49,[]
1,LLA,3.0,adjusted_lla_3,LLA (3 x 3),B1,condition,4,B1,2,49,49,[]
1,LLA,3.0,adjusted_lla_3,LLA (3 x 3),B1,condition,4,B1,3,49,49,[]
1,LLA,3.0,adjusted_lla_3,LLA (3 x 3),B1,condition,6,B1,1,49,49,[]
1,LLA,3.0,adjusted_lla_3,LLA (3 x 3),B1,condition,6,B1,2,49,49,[]
1,LLA,3.0,adjusted_lla_3,LLA (3 x 3),B1,condition,6,B1,3,49,49,[]
1,LLA,3.0,adjusted_lla_3,LLA (3 x 3),B1,condition,8,B1,1,49,49,[]
1,LLA,3.0,adjusted_lla_3,LLA (3 x 3),B1,condition,8,B1,2,49,49,[]
1,LLA,3.0,adjusted_lla_3,LLA (3 x 3),B1,condition,8,B1,3,49,49,[]
1,LLA,3.0,adjusted_lla_3,LLA (3 x 3),B1,condition,10,B1,1,49,49,[]
1,LLA,3.0,adjusted_lla_3,LLA (3 x 3),B1,condition,10,B1,2,49,49,[]
1,LLA,3.0,adjusted_lla_3,LLA (3 x 3),B1,condition,10,B1,3,49,49,[]
1,LLA,3.0,adjusted_lla_3,LLA (3 x 3),B1,condition,12,B1,1,49,49,[]
1,LLA,3.0,adjusted_lla_3,LLA (3 x 3),B1,condition,12,B1,2,49,49,[]
1,LLA,3.0,adjusted_lla_3,LLA (3 x 3),B1,condition,12,B1,3,49,49,[]
1,LLA,3.0,adjusted_lla_3,LLA (3 x 3),B1,condition,14,B1,1,49,49,[]
1,LLA,3.0,adjusted_lla_3,LLA (3 x 3),B1,condition,14,B1,2,49,49,[]
1,LLA,3.0,adjusted_lla_3,LLA (3 x 3),B1,condition,14,B1,3,49,49,[]
1,LLA,3.0,adjusted_lla_3,LLA (3 x 3),M00,condition,2,M00,1,49,49,[]
1,LLA,3.0,adjusted_lla_3,LLA (3 x 3),M00,condition,2,M00,2,49,49,[]
1,LLA,3.0,adjusted_lla_3,LLA (3 x 3),M00,condition,2,M00,3,49,49,[]
1,LLA,3.0,adjusted_lla_3,LLA (3 x 3),M00,condition,4,M00,1,49,49,[]
1,LLA,3.0,adjusted_lla_3,LLA (3 x 3),M00,condition,4,M00,2,49,49,[]
1,LLA,3.0,adjusted_lla_3,LLA (3 x 3),M00,condition,4,M00,3,49,49,[]
1,LLA,3.0,adjusted_lla_3,LLA (3 x 3),M00,condition,6,M00,1,49,49,[]
1,LLA,3.0,adjusted_lla_3,LLA (3 x 3),M00,condition,6,M00,2,49,49,[]
1,LLA,3.0,adjusted_lla_3,LLA (3 x 3),M00,condition,6,M00,3,49,49,[]
1,LLA,3.0,adjusted_lla_3,LLA (3 x 3),M00,condition,8,M00,1,49,49,[]
1,LLA,3.0,adjusted_lla_3,LLA (3 x 3),M00,condition,8,M00,2,49,49,[]
1,LLA,3.0,adjusted_lla_3,LLA (3 x 3),M00,condition,8,M00,3,49,49,[]
1,LLA,3.0,adjusted_lla_3,LLA (3 x 3),M00,condition,10,M00,1,49,49,[]
1,LLA,3.0,adjusted_lla_3,LLA (3 x 3),M00,condition,10,M00,2,49,49,[]
1,LLA,3.0,adjusted_lla_3,LLA (3 x 3),M00,condition,10,M00,3,49,49,[]
1,LLA,3.0,adjusted_lla_3,LLA (3 x 3),M00,condition,12,M00,1,49,49,[]
1,LLA,3.0,adjusted_lla_3,LLA (3 x 3),M00,condition,12,M00,2,49,49,[]
1,LLA,3.0,adjusted_lla_3,LLA (3 x 3),M00,condition,12,M00,3,49,49,[]
1,LLA,3.0,adjusted_lla_3,LLA (3 x 3),M00,condition,14,M00,1,49,49,[]
1,LLA,3.0,adjusted_lla_3,LLA (3 x 3),M00,condition,14,M00,2,49,49,[]
1,LLA,3.0,adjusted_lla_3,LLA (3 x 3),M00,condition,14,M00,3,49,49,[]
1,LLA,3.0,adjusted_lla_3,LLA (3 x 3),M00 - A0,paired,2,M00,1,49,49,[]
1,LLA,3.0,adjusted_lla_3,LLA (3 x 3),M00 - A0,paired,2,M00,2,49,49,[]
1,LLA,3.0,adjusted_lla_3,LLA (3 x 3),M00 - A0,paired,2,M00,3,49,49,[]
1,LLA,3.0,adjusted_lla_3,LLA (3 x 3),M00 - A0,paired,2,A0,1,49,48,"[{""sample_id"": ""KYOw02789"", ""fold"": 2, ""condition_id"": ""A0"", ""repeat"": 1, ""status"": ""undefined"", ""reason"": ""single_cluster""}]"
1,LLA,3.0,adjusted_lla_3,LLA (3 x 3),M00 - A0,paired,2,A0,2,49,49,[]
1,LLA,3.0,adjusted_lla_3,LLA (3 x 3),M00 - A0,paired,2,A0,3,49,49,[]
1,LLA,3.0,adjusted_lla_3,LLA (3 x 3),M00 - A0,paired,4,M00,1,49,49,[]
1,LLA,3.0,adjusted_lla_3,LLA (3 x 3),M00 - A0,paired,4,M00,2,49,49,[]
1,LLA,3.0,adjusted_lla_3,LLA (3 x 3),M00 - A0,paired,4,M00,3,49,49,[]
1,LLA,3.0,adjusted_lla_3,LLA (3 x 3),M00 - A0,paired,4,A0,1,49,49,[]
1,LLA,3.0,adjusted_lla_3,LLA (3 x 3),M00 - A0,paired,4,A0,2,49,49,[]
1,LLA,3.0,adjusted_lla_3,LLA (3 x 3),M00 - A0,paired,4,A0,3,49,49,[]
1,LLA,3.0,adjusted_lla_3,LLA (3 x 3),M00 - A0,paired,6,M00,1,49,49,[]
1,LLA,3.0,adjusted_lla_3,LLA (3 x 3),M00 - A0,paired,6,M00,2,49,49,[]
1,LLA,3.0,adjusted_lla_3,LLA (3 x 3),M00 - A0,paired,6,M00,3,49,49,[]
1,LLA,3.0,adjusted_lla_3,LLA (3 x 3),M00 - A0,paired,6,A0,1,49,49,[]
1,LLA,3.0,adjusted_lla_3,LLA (3 x 3),M00 - A0,paired,6,A0,2,49,49,[]
1,LLA,3.0,adjusted_lla_3,LLA (3 x 3),M00 - A0,paired,6,A0,3,49,49,[]
1,LLA,3.0,adjusted_lla_3,LLA (3 x 3),M00 - A0,paired,8,M00,1,49,49,[]
1,LLA,3.0,adjusted_lla_3,LLA (3 x 3),M00 - A0,paired,8,M00,2,49,49,[]
1,LLA,3.0,adjusted_lla_3,LLA (3 x 3),M00 - A0,paired,8,M00,3,49,49,[]
1,LLA,3.0,adjusted_lla_3,LLA (3 x 3),M00 - A0,paired,8,A0,1,49,49,[]
1,LLA,3.0,adjusted_lla_3,LLA (3 x 3),M00 - A0,paired,8,A0,2,49,49,[]
1,LLA,3.0,adjusted_lla_3,LLA (3 x 3),M00 - A0,paired,8,A0,3,49,49,[]
1,LLA,3.0,adjusted_lla_3,LLA (3 x 3),M00 - A0,paired,10,M00,1,49,49,[]
1,LLA,3.0,adjusted_lla_3,LLA (3 x 3),M00 - A0,paired,10,M00,2,49,49,[]
1,LLA,3.0,adjusted_lla_3,LLA (3 x 3),M00 - A0,paired,10,M00,3,49,49,[]
1,LLA,3.0,adjusted_lla_3,LLA (3 x 3),M00 - A0,paired,10,A0,1,49,49,[]
1,LLA,3.0,adjusted_lla_3,LLA (3 x 3),M00 - A0,paired,10,A0,2,49,49,[]
1,LLA,3.0,adjusted_lla_3,LLA (3 x 3),M00 - A0,paired,10,A0,3,49,49,[]
1,LLA,3.0,adjusted_lla_3,LLA (3 x 3),M00 - A0,paired,12,M00,1,49,49,[]
1,LLA,3.0,adjusted_lla_3,LLA (3 x 3),M00 - A0,paired,12,M00,2,49,49,[]
1,LLA,3.0,adjusted_lla_3,LLA (3 x 3),M00 - A0,paired,12,M00,3,49,49,[]
1,LLA,3.0,adjusted_lla_3,LLA (3 x 3),M00 - A0,paired,12,A0,1,49,49,[]
1,LLA,3.0,adjusted_lla_3,LLA (3 x 3),M00 - A0,paired,12,A0,2,49,49,[]
1,LLA,3.0,adjusted_lla_3,LLA (3 x 3),M00 - A0,paired,12,A0,3,49,49,[]
1,LLA,3.0,adjusted_lla_3,LLA (3 x 3),M00 - A0,paired,14,M00,1,49,49,[]
1,LLA,3.0,adjusted_lla_3,LLA (3 x 3),M00 - A0,paired,14,M00,2,49,49,[]
1,LLA,3.0,adjusted_lla_3,LLA (3 x 3),M00 - A0,paired,14,M00,3,49,49,[]
1,LLA,3.0,adjusted_lla_3,LLA (3 x 3),M00 - A0,paired,14,A0,1,49,49,[]
1,LLA,3.0,adjusted_lla_3,LLA (3 x 3),M00 - A0,paired,14,A0,2,49,49,[]
1,LLA,3.0,adjusted_lla_3,LLA (3 x 3),M00 - A0,paired,14,A0,3,49,49,[]
1,LLA,3.0,adjusted_lla_3,LLA (3 x 3),M00 - B0,paired,2,M00,1,49,49,[]
1,LLA,3.0,adjusted_lla_3,LLA (3 x 3),M00 - B0,paired,2,M00,2,49,49,[]
1,LLA,3.0,adjusted_lla_3,LLA (3 x 3),M00 - B0,paired,2,M00,3,49,49,[]
1,LLA,3.0,adjusted_lla_3,LLA (3 x 3),M00 - B0,paired,2,B0,1,49,49,[]
1,LLA,3.0,adjusted_lla_3,LLA (3 x 3),M00 - B0,paired,2,B0,2,49,49,[]
1,LLA,3.0,adjusted_lla_3,LLA (3 x 3),M00 - B0,paired,2,B0,3,49,49,[]
1,LLA,3.0,adjusted_lla_3,LLA (3 x 3),M00 - B0,paired,4,M00,1,49,49,[]
1,LLA,3.0,adjusted_lla_3,LLA (3 x 3),M00 - B0,paired,4,M00,2,49,49,[]
1,LLA,3.0,adjusted_lla_3,LLA (3 x 3),M00 - B0,paired,4,M00,3,49,49,[]
1,LLA,3.0,adjusted_lla_3,LLA (3 x 3),M00 - B0,paired,4,B0,1,49,49,[]
1,LLA,3.0,adjusted_lla_3,LLA (3 x 3),M00 - B0,paired,4,B0,2,49,49,[]
1,LLA,3.0,adjusted_lla_3,LLA (3 x 3),M00 - B0,paired,4,B0,3,49,49,[]
1,LLA,3.0,adjusted_lla_3,LLA (3 x 3),M00 - B0,paired,6,M00,1,49,49,[]
1,LLA,3.0,adjusted_lla_3,LLA (3 x 3),M00 - B0,paired,6,M00,2,49,49,[]
1,LLA,3.0,adjusted_lla_3,LLA (3 x 3),M00 - B0,paired,6,M00,3,49,49,[]
1,LLA,3.0,adjusted_lla_3,LLA (3 x 3),M00 - B0,paired,6,B0,1,49,49,[]
1,LLA,3.0,adjusted_lla_3,LLA (3 x 3),M00 - B0,paired,6,B0,2,49,49,[]
1,LLA,3.0,adjusted_lla_3,LLA (3 x 3),M00 - B0,paired,6,B0,3,49,49,[]
1,LLA,3.0,adjusted_lla_3,LLA (3 x 3),M00 - B0,paired,8,M00,1,49,49,[]
1,LLA,3.0,adjusted_lla_3,LLA (3 x 3),M00 - B0,paired,8,M00,2,49,49,[]
1,LLA,3.0,adjusted_lla_3,LLA (3 x 3),M00 - B0,paired,8,M00,3,49,49,[]
1,LLA,3.0,adjusted_lla_3,LLA (3 x 3),M00 - B0,paired,8,B0,1,49,49,[]
1,LLA,3.0,adjusted_lla_3,LLA (3 x 3),M00 - B0,paired,8,B0,2,49,49,[]
1,LLA,3.0,adjusted_lla_3,LLA (3 x 3),M00 - B0,paired,8,B0,3,49,49,[]
1,LLA,3.0,adjusted_lla_3,LLA (3 x 3),M00 - B0,paired,10,M00,1,49,49,[]
1,LLA,3.0,adjusted_lla_3,LLA (3 x 3),M00 - B0,paired,10,M00,2,49,49,[]
1,LLA,3.0,adjusted_lla_3,LLA (3 x 3),M00 - B0,paired,10,M00,3,49,49,[]
1,LLA,3.0,adjusted_lla_3,LLA (3 x 3),M00 - B0,paired,10,B0,1,49,49,[]
1,LLA,3.0,adjusted_lla_3,LLA (3 x 3),M00 - B0,paired,10,B0,2,49,49,[]
1,LLA,3.0,adjusted_lla_3,LLA (3 x 3),M00 - B0,paired,10,B0,3,49,49,[]
1,LLA,3.0,adjusted_lla_3,LLA (3 x 3),M00 - B0,paired,12,M00,1,49,49,[]
1,LLA,3.0,adjusted_lla_3,LLA (3 x 3),M00 - B0,paired,12,M00,2,49,49,[]
1,LLA,3.0,adjusted_lla_3,LLA (3 x 3),M00 - B0,paired,12,M00,3,49,49,[]
1,LLA,3.0,adjusted_lla_3,LLA (3 x 3),M00 - B0,paired,12,B0,1,49,49,[]
1,LLA,3.0,adjusted_lla_3,LLA (3 x 3),M00 - B0,paired,12,B0,2,49,49,[]
1,LLA,3.0,adjusted_lla_3,LLA (3 x 3),M00 - B0,paired,12,B0,3,49,49,[]
1,LLA,3.0,adjusted_lla_3,LLA (3 x 3),M00 - B0,paired,14,M00,1,49,49,[]
1,LLA,3.0,adjusted_lla_3,LLA (3 x 3),M00 - B0,paired,14,M00,2,49,49,[]
1,LLA,3.0,adjusted_lla_3,LLA (3 x 3),M00 - B0,paired,14,M00,3,49,49,[]
1,LLA,3.0,adjusted_lla_3,LLA (3 x 3),M00 - B0,paired,14,B0,1,49,49,[]
1,LLA,3.0,adjusted_lla_3,LLA (3 x 3),M00 - B0,paired,14,B0,2,49,49,[]
1,LLA,3.0,adjusted_lla_3,LLA (3 x 3),M00 - B0,paired,14,B0,3,49,49,[]
1,LLA,3.0,adjusted_lla_3,LLA (3 x 3),M00 - B1,paired,2,M00,1,49,49,[]
1,LLA,3.0,adjusted_lla_3,LLA (3 x 3),M00 - B1,paired,2,M00,2,49,49,[]
1,LLA,3.0,adjusted_lla_3,LLA (3 x 3),M00 - B1,paired,2,M00,3,49,49,[]
1,LLA,3.0,adjusted_lla_3,LLA (3 x 3),M00 - B1,paired,2,B1,1,49,48,"[{""sample_id"": ""KYOw02789"", ""fold"": 2, ""condition_id"": ""B1"", ""repeat"": 1, ""status"": ""undefined"", ""reason"": ""single_cluster""}]"
1,LLA,3.0,adjusted_lla_3,LLA (3 x 3),M00 - B1,paired,2,B1,2,49,48,"[{""sample_id"": ""KYOw02789"", ""fold"": 2, ""condition_id"": ""B1"", ""repeat"": 2, ""status"": ""undefined"", ""reason"": ""single_cluster""}]"
1,LLA,3.0,adjusted_lla_3,LLA (3 x 3),M00 - B1,paired,2,B1,3,49,48,"[{""sample_id"": ""KYOw02789"", ""fold"": 2, ""condition_id"": ""B1"", ""repeat"": 3, ""status"": ""undefined"", ""reason"": ""single_cluster""}]"
1,LLA,3.0,adjusted_lla_3,LLA (3 x 3),M00 - B1,paired,4,M00,1,49,49,[]
1,LLA,3.0,adjusted_lla_3,LLA (3 x 3),M00 - B1,paired,4,M00,2,49,49,[]
1,LLA,3.0,adjusted_lla_3,LLA (3 x 3),M00 - B1,paired,4,M00,3,49,49,[]
1,LLA,3.0,adjusted_lla_3,LLA (3 x 3),M00 - B1,paired,4,B1,1,49,49,[]
1,LLA,3.0,adjusted_lla_3,LLA (3 x 3),M00 - B1,paired,4,B1,2,49,49,[]
1,LLA,3.0,adjusted_lla_3,LLA (3 x 3),M00 - B1,paired,4,B1,3,49,49,[]
1,LLA,3.0,adjusted_lla_3,LLA (3 x 3),M00 - B1,paired,6,M00,1,49,49,[]
1,LLA,3.0,adjusted_lla_3,LLA (3 x 3),M00 - B1,paired,6,M00,2,49,49,[]
1,LLA,3.0,adjusted_lla_3,LLA (3 x 3),M00 - B1,paired,6,M00,3,49,49,[]
1,LLA,3.0,adjusted_lla_3,LLA (3 x 3),M00 - B1,paired,6,B1,1,49,49,[]
1,LLA,3.0,adjusted_lla_3,LLA (3 x 3),M00 - B1,paired,6,B1,2,49,49,[]
1,LLA,3.0,adjusted_lla_3,LLA (3 x 3),M00 - B1,paired,6,B1,3,49,49,[]
1,LLA,3.0,adjusted_lla_3,LLA (3 x 3),M00 - B1,paired,8,M00,1,49,49,[]
1,LLA,3.0,adjusted_lla_3,LLA (3 x 3),M00 - B1,paired,8,M00,2,49,49,[]
1,LLA,3.0,adjusted_lla_3,LLA (3 x 3),M00 - B1,paired,8,M00,3,49,49,[]
1,LLA,3.0,adjusted_lla_3,LLA (3 x 3),M00 - B1,paired,8,B1,1,49,49,[]
1,LLA,3.0,adjusted_lla_3,LLA (3 x 3),M00 - B1,paired,8,B1,2,49,49,[]
1,LLA,3.0,adjusted_lla_3,LLA (3 x 3),M00 - B1,paired,8,B1,3,49,49,[]
1,LLA,3.0,adjusted_lla_3,LLA (3 x 3),M00 - B1,paired,10,M00,1,49,49,[]
1,LLA,3.0,adjusted_lla_3,LLA (3 x 3),M00 - B1,paired,10,M00,2,49,49,[]
1,LLA,3.0,adjusted_lla_3,LLA (3 x 3),M00 - B1,paired,10,M00,3,49,49,[]
1,LLA,3.0,adjusted_lla_3,LLA (3 x 3),M00 - B1,paired,10,B1,1,49,49,[]
1,LLA,3.0,adjusted_lla_3,LLA (3 x 3),M00 - B1,paired,10,B1,2,49,49,[]
1,LLA,3.0,adjusted_lla_3,LLA (3 x 3),M00 - B1,paired,10,B1,3,49,49,[]
1,LLA,3.0,adjusted_lla_3,LLA (3 x 3),M00 - B1,paired,12,M00,1,49,49,[]
1,LLA,3.0,adjusted_lla_3,LLA (3 x 3),M00 - B1,paired,12,M00,2,49,49,[]
1,LLA,3.0,adjusted_lla_3,LLA (3 x 3),M00 - B1,paired,12,M00,3,49,49,[]
1,LLA,3.0,adjusted_lla_3,LLA (3 x 3),M00 - B1,paired,12,B1,1,49,49,[]
1,LLA,3.0,adjusted_lla_3,LLA (3 x 3),M00 - B1,paired,12,B1,2,49,49,[]
1,LLA,3.0,adjusted_lla_3,LLA (3 x 3),M00 - B1,paired,12,B1,3,49,49,[]
1,LLA,3.0,adjusted_lla_3,LLA (3 x 3),M00 - B1,paired,14,M00,1,49,49,[]
1,LLA,3.0,adjusted_lla_3,LLA (3 x 3),M00 - B1,paired,14,M00,2,49,49,[]
1,LLA,3.0,adjusted_lla_3,LLA (3 x 3),M00 - B1,paired,14,M00,3,49,49,[]
1,LLA,3.0,adjusted_lla_3,LLA (3 x 3),M00 - B1,paired,14,B1,1,49,49,[]
1,LLA,3.0,adjusted_lla_3,LLA (3 x 3),M00 - B1,paired,14,B1,2,49,49,[]
1,LLA,3.0,adjusted_lla_3,LLA (3 x 3),M00 - B1,paired,14,B1,3,49,49,[]
1,LLA,3.0,adjusted_lla_3,LLA (3 x 3),M01,condition,2,M01,1,49,49,[]
1,LLA,3.0,adjusted_lla_3,LLA (3 x 3),M01,condition,2,M01,2,49,49,[]
1,LLA,3.0,adjusted_lla_3,LLA (3 x 3),M01,condition,2,M01,3,49,49,[]
1,LLA,3.0,adjusted_lla_3,LLA (3 x 3),M01,condition,4,M01,1,49,49,[]
1,LLA,3.0,adjusted_lla_3,LLA (3 x 3),M01,condition,4,M01,2,49,49,[]
1,LLA,3.0,adjusted_lla_3,LLA (3 x 3),M01,condition,4,M01,3,49,49,[]
1,LLA,3.0,adjusted_lla_3,LLA (3 x 3),M01,condition,6,M01,1,49,49,[]
1,LLA,3.0,adjusted_lla_3,LLA (3 x 3),M01,condition,6,M01,2,49,49,[]
1,LLA,3.0,adjusted_lla_3,LLA (3 x 3),M01,condition,6,M01,3,49,49,[]
1,LLA,3.0,adjusted_lla_3,LLA (3 x 3),M01,condition,8,M01,1,49,49,[]
1,LLA,3.0,adjusted_lla_3,LLA (3 x 3),M01,condition,8,M01,2,49,49,[]
1,LLA,3.0,adjusted_lla_3,LLA (3 x 3),M01,condition,8,M01,3,49,49,[]
1,LLA,3.0,adjusted_lla_3,LLA (3 x 3),M01,condition,10,M01,1,49,49,[]
1,LLA,3.0,adjusted_lla_3,LLA (3 x 3),M01,condition,10,M01,2,49,49,[]
1,LLA,3.0,adjusted_lla_3,LLA (3 x 3),M01,condition,10,M01,3,49,49,[]
1,LLA,3.0,adjusted_lla_3,LLA (3 x 3),M01,condition,12,M01,1,49,49,[]
1,LLA,3.0,adjusted_lla_3,LLA (3 x 3),M01,condition,12,M01,2,49,49,[]
1,LLA,3.0,adjusted_lla_3,LLA (3 x 3),M01,condition,12,M01,3,49,49,[]
1,LLA,3.0,adjusted_lla_3,LLA (3 x 3),M01,condition,14,M01,1,49,49,[]
1,LLA,3.0,adjusted_lla_3,LLA (3 x 3),M01,condition,14,M01,2,49,49,[]
1,LLA,3.0,adjusted_lla_3,LLA (3 x 3),M01,condition,14,M01,3,49,49,[]
1,LLA,3.0,adjusted_lla_3,LLA (3 x 3),M01 - M00,paired,2,M01,1,49,49,[]
1,LLA,3.0,adjusted_lla_3,LLA (3 x 3),M01 - M00,paired,2,M01,2,49,49,[]
1,LLA,3.0,adjusted_lla_3,LLA (3 x 3),M01 - M00,paired,2,M01,3,49,49,[]
1,LLA,3.0,adjusted_lla_3,LLA (3 x 3),M01 - M00,paired,2,M00,1,49,49,[]
1,LLA,3.0,adjusted_lla_3,LLA (3 x 3),M01 - M00,paired,2,M00,2,49,49,[]
1,LLA,3.0,adjusted_lla_3,LLA (3 x 3),M01 - M00,paired,2,M00,3,49,49,[]
1,LLA,3.0,adjusted_lla_3,LLA (3 x 3),M01 - M00,paired,4,M01,1,49,49,[]
1,LLA,3.0,adjusted_lla_3,LLA (3 x 3),M01 - M00,paired,4,M01,2,49,49,[]
1,LLA,3.0,adjusted_lla_3,LLA (3 x 3),M01 - M00,paired,4,M01,3,49,49,[]
1,LLA,3.0,adjusted_lla_3,LLA (3 x 3),M01 - M00,paired,4,M00,1,49,49,[]
1,LLA,3.0,adjusted_lla_3,LLA (3 x 3),M01 - M00,paired,4,M00,2,49,49,[]
1,LLA,3.0,adjusted_lla_3,LLA (3 x 3),M01 - M00,paired,4,M00,3,49,49,[]
1,LLA,3.0,adjusted_lla_3,LLA (3 x 3),M01 - M00,paired,6,M01,1,49,49,[]
1,LLA,3.0,adjusted_lla_3,LLA (3 x 3),M01 - M00,paired,6,M01,2,49,49,[]
1,LLA,3.0,adjusted_lla_3,LLA (3 x 3),M01 - M00,paired,6,M01,3,49,49,[]
1,LLA,3.0,adjusted_lla_3,LLA (3 x 3),M01 - M00,paired,6,M00,1,49,49,[]
1,LLA,3.0,adjusted_lla_3,LLA (3 x 3),M01 - M00,paired,6,M00,2,49,49,[]
1,LLA,3.0,adjusted_lla_3,LLA (3 x 3),M01 - M00,paired,6,M00,3,49,49,[]
1,LLA,3.0,adjusted_lla_3,LLA (3 x 3),M01 - M00,paired,8,M01,1,49,49,[]
1,LLA,3.0,adjusted_lla_3,LLA (3 x 3),M01 - M00,paired,8,M01,2,49,49,[]
1,LLA,3.0,adjusted_lla_3,LLA (3 x 3),M01 - M00,paired,8,M01,3,49,49,[]
1,LLA,3.0,adjusted_lla_3,LLA (3 x 3),M01 - M00,paired,8,M00,1,49,49,[]
1,LLA,3.0,adjusted_lla_3,LLA (3 x 3),M01 - M00,paired,8,M00,2,49,49,[]
1,LLA,3.0,adjusted_lla_3,LLA (3 x 3),M01 - M00,paired,8,M00,3,49,49,[]
1,LLA,3.0,adjusted_lla_3,LLA (3 x 3),M01 - M00,paired,10,M01,1,49,49,[]
1,LLA,3.0,adjusted_lla_3,LLA (3 x 3),M01 - M00,paired,10,M01,2,49,49,[]
1,LLA,3.0,adjusted_lla_3,LLA (3 x 3),M01 - M00,paired,10,M01,3,49,49,[]
1,LLA,3.0,adjusted_lla_3,LLA (3 x 3),M01 - M00,paired,10,M00,1,49,49,[]
1,LLA,3.0,adjusted_lla_3,LLA (3 x 3),M01 - M00,paired,10,M00,2,49,49,[]
1,LLA,3.0,adjusted_lla_3,LLA (3 x 3),M01 - M00,paired,10,M00,3,49,49,[]
1,LLA,3.0,adjusted_lla_3,LLA (3 x 3),M01 - M00,paired,12,M01,1,49,49,[]
1,LLA,3.0,adjusted_lla_3,LLA (3 x 3),M01 - M00,paired,12,M01,2,49,49,[]
1,LLA,3.0,adjusted_lla_3,LLA (3 x 3),M01 - M00,paired,12,M01,3,49,49,[]
1,LLA,3.0,adjusted_lla_3,LLA (3 x 3),M01 - M00,paired,12,M00,1,49,49,[]
1,LLA,3.0,adjusted_lla_3,LLA (3 x 3),M01 - M00,paired,12,M00,2,49,49,[]
1,LLA,3.0,adjusted_lla_3,LLA (3 x 3),M01 - M00,paired,12,M00,3,49,49,[]
1,LLA,3.0,adjusted_lla_3,LLA (3 x 3),M01 - M00,paired,14,M01,1,49,49,[]
1,LLA,3.0,adjusted_lla_3,LLA (3 x 3),M01 - M00,paired,14,M01,2,49,49,[]
1,LLA,3.0,adjusted_lla_3,LLA (3 x 3),M01 - M00,paired,14,M01,3,49,49,[]
1,LLA,3.0,adjusted_lla_3,LLA (3 x 3),M01 - M00,paired,14,M00,1,49,49,[]
1,LLA,3.0,adjusted_lla_3,LLA (3 x 3),M01 - M00,paired,14,M00,2,49,49,[]
1,LLA,3.0,adjusted_lla_3,LLA (3 x 3),M01 - M00,paired,14,M00,3,49,49,[]
1,LLA,3.0,adjusted_lla_3,LLA (3 x 3),M10,condition,2,M10,1,49,49,[]
1,LLA,3.0,adjusted_lla_3,LLA (3 x 3),M10,condition,2,M10,2,49,49,[]
1,LLA,3.0,adjusted_lla_3,LLA (3 x 3),M10,condition,2,M10,3,49,49,[]
1,LLA,3.0,adjusted_lla_3,LLA (3 x 3),M10,condition,4,M10,1,49,49,[]
1,LLA,3.0,adjusted_lla_3,LLA (3 x 3),M10,condition,4,M10,2,49,49,[]
1,LLA,3.0,adjusted_lla_3,LLA (3 x 3),M10,condition,4,M10,3,49,49,[]
1,LLA,3.0,adjusted_lla_3,LLA (3 x 3),M10,condition,6,M10,1,49,49,[]
1,LLA,3.0,adjusted_lla_3,LLA (3 x 3),M10,condition,6,M10,2,49,49,[]
1,LLA,3.0,adjusted_lla_3,LLA (3 x 3),M10,condition,6,M10,3,49,49,[]
1,LLA,3.0,adjusted_lla_3,LLA (3 x 3),M10,condition,8,M10,1,49,49,[]
1,LLA,3.0,adjusted_lla_3,LLA (3 x 3),M10,condition,8,M10,2,49,49,[]
1,LLA,3.0,adjusted_lla_3,LLA (3 x 3),M10,condition,8,M10,3,49,49,[]
1,LLA,3.0,adjusted_lla_3,LLA (3 x 3),M10,condition,10,M10,1,49,49,[]
1,LLA,3.0,adjusted_lla_3,LLA (3 x 3),M10,condition,10,M10,2,49,49,[]
1,LLA,3.0,adjusted_lla_3,LLA (3 x 3),M10,condition,10,M10,3,49,49,[]
1,LLA,3.0,adjusted_lla_3,LLA (3 x 3),M10,condition,12,M10,1,49,49,[]
1,LLA,3.0,adjusted_lla_3,LLA (3 x 3),M10,condition,12,M10,2,49,49,[]
1,LLA,3.0,adjusted_lla_3,LLA (3 x 3),M10,condition,12,M10,3,49,49,[]
1,LLA,3.0,adjusted_lla_3,LLA (3 x 3),M10,condition,14,M10,1,49,49,[]
1,LLA,3.0,adjusted_lla_3,LLA (3 x 3),M10,condition,14,M10,2,49,49,[]
1,LLA,3.0,adjusted_lla_3,LLA (3 x 3),M10,condition,14,M10,3,49,49,[]
1,LLA,3.0,adjusted_lla_3,LLA (3 x 3),M10 - M00,paired,2,M10,1,49,49,[]
1,LLA,3.0,adjusted_lla_3,LLA (3 x 3),M10 - M00,paired,2,M10,2,49,49,[]
1,LLA,3.0,adjusted_lla_3,LLA (3 x 3),M10 - M00,paired,2,M10,3,49,49,[]
1,LLA,3.0,adjusted_lla_3,LLA (3 x 3),M10 - M00,paired,2,M00,1,49,49,[]
1,LLA,3.0,adjusted_lla_3,LLA (3 x 3),M10 - M00,paired,2,M00,2,49,49,[]
1,LLA,3.0,adjusted_lla_3,LLA (3 x 3),M10 - M00,paired,2,M00,3,49,49,[]
1,LLA,3.0,adjusted_lla_3,LLA (3 x 3),M10 - M00,paired,4,M10,1,49,49,[]
1,LLA,3.0,adjusted_lla_3,LLA (3 x 3),M10 - M00,paired,4,M10,2,49,49,[]
1,LLA,3.0,adjusted_lla_3,LLA (3 x 3),M10 - M00,paired,4,M10,3,49,49,[]
1,LLA,3.0,adjusted_lla_3,LLA (3 x 3),M10 - M00,paired,4,M00,1,49,49,[]
1,LLA,3.0,adjusted_lla_3,LLA (3 x 3),M10 - M00,paired,4,M00,2,49,49,[]
1,LLA,3.0,adjusted_lla_3,LLA (3 x 3),M10 - M00,paired,4,M00,3,49,49,[]
1,LLA,3.0,adjusted_lla_3,LLA (3 x 3),M10 - M00,paired,6,M10,1,49,49,[]
1,LLA,3.0,adjusted_lla_3,LLA (3 x 3),M10 - M00,paired,6,M10,2,49,49,[]
1,LLA,3.0,adjusted_lla_3,LLA (3 x 3),M10 - M00,paired,6,M10,3,49,49,[]
1,LLA,3.0,adjusted_lla_3,LLA (3 x 3),M10 - M00,paired,6,M00,1,49,49,[]
1,LLA,3.0,adjusted_lla_3,LLA (3 x 3),M10 - M00,paired,6,M00,2,49,49,[]
1,LLA,3.0,adjusted_lla_3,LLA (3 x 3),M10 - M00,paired,6,M00,3,49,49,[]
1,LLA,3.0,adjusted_lla_3,LLA (3 x 3),M10 - M00,paired,8,M10,1,49,49,[]
1,LLA,3.0,adjusted_lla_3,LLA (3 x 3),M10 - M00,paired,8,M10,2,49,49,[]
1,LLA,3.0,adjusted_lla_3,LLA (3 x 3),M10 - M00,paired,8,M10,3,49,49,[]
1,LLA,3.0,adjusted_lla_3,LLA (3 x 3),M10 - M00,paired,8,M00,1,49,49,[]
1,LLA,3.0,adjusted_lla_3,LLA (3 x 3),M10 - M00,paired,8,M00,2,49,49,[]
1,LLA,3.0,adjusted_lla_3,LLA (3 x 3),M10 - M00,paired,8,M00,3,49,49,[]
1,LLA,3.0,adjusted_lla_3,LLA (3 x 3),M10 - M00,paired,10,M10,1,49,49,[]
1,LLA,3.0,adjusted_lla_3,LLA (3 x 3),M10 - M00,paired,10,M10,2,49,49,[]
1,LLA,3.0,adjusted_lla_3,LLA (3 x 3),M10 - M00,paired,10,M10,3,49,49,[]
1,LLA,3.0,adjusted_lla_3,LLA (3 x 3),M10 - M00,paired,10,M00,1,49,49,[]
1,LLA,3.0,adjusted_lla_3,LLA (3 x 3),M10 - M00,paired,10,M00,2,49,49,[]
1,LLA,3.0,adjusted_lla_3,LLA (3 x 3),M10 - M00,paired,10,M00,3,49,49,[]
1,LLA,3.0,adjusted_lla_3,LLA (3 x 3),M10 - M00,paired,12,M10,1,49,49,[]
1,LLA,3.0,adjusted_lla_3,LLA (3 x 3),M10 - M00,paired,12,M10,2,49,49,[]
1,LLA,3.0,adjusted_lla_3,LLA (3 x 3),M10 - M00,paired,12,M10,3,49,49,[]
1,LLA,3.0,adjusted_lla_3,LLA (3 x 3),M10 - M00,paired,12,M00,1,49,49,[]
1,LLA,3.0,adjusted_lla_3,LLA (3 x 3),M10 - M00,paired,12,M00,2,49,49,[]
1,LLA,3.0,adjusted_lla_3,LLA (3 x 3),M10 - M00,paired,12,M00,3,49,49,[]
1,LLA,3.0,adjusted_lla_3,LLA (3 x 3),M10 - M00,paired,14,M10,1,49,49,[]
1,LLA,3.0,adjusted_lla_3,LLA (3 x 3),M10 - M00,paired,14,M10,2,49,49,[]
1,LLA,3.0,adjusted_lla_3,LLA (3 x 3),M10 - M00,paired,14,M10,3,49,49,[]
1,LLA,3.0,adjusted_lla_3,LLA (3 x 3),M10 - M00,paired,14,M00,1,49,49,[]
1,LLA,3.0,adjusted_lla_3,LLA (3 x 3),M10 - M00,paired,14,M00,2,49,49,[]
1,LLA,3.0,adjusted_lla_3,LLA (3 x 3),M10 - M00,paired,14,M00,3,49,49,[]
1,LLA,3.0,adjusted_lla_3,LLA (3 x 3),M11,condition,2,M11,1,49,48,"[{""sample_id"": ""KYOw02789"", ""fold"": 2, ""condition_id"": ""M11"", ""repeat"": 1, ""status"": ""undefined"", ""reason"": ""single_cluster""}]"
1,LLA,3.0,adjusted_lla_3,LLA (3 x 3),M11,condition,2,M11,2,49,48,"[{""sample_id"": ""KYOw02789"", ""fold"": 2, ""condition_id"": ""M11"", ""repeat"": 2, ""status"": ""undefined"", ""reason"": ""single_cluster""}]"
1,LLA,3.0,adjusted_lla_3,LLA (3 x 3),M11,condition,2,M11,3,49,48,"[{""sample_id"": ""KYOw02789"", ""fold"": 2, ""condition_id"": ""M11"", ""repeat"": 3, ""status"": ""undefined"", ""reason"": ""single_cluster""}]"
1,LLA,3.0,adjusted_lla_3,LLA (3 x 3),M11,condition,4,M11,1,49,49,[]
1,LLA,3.0,adjusted_lla_3,LLA (3 x 3),M11,condition,4,M11,2,49,49,[]
1,LLA,3.0,adjusted_lla_3,LLA (3 x 3),M11,condition,4,M11,3,49,49,[]
1,LLA,3.0,adjusted_lla_3,LLA (3 x 3),M11,condition,6,M11,1,49,49,[]
1,LLA,3.0,adjusted_lla_3,LLA (3 x 3),M11,condition,6,M11,2,49,49,[]
1,LLA,3.0,adjusted_lla_3,LLA (3 x 3),M11,condition,6,M11,3,49,49,[]
1,LLA,3.0,adjusted_lla_3,LLA (3 x 3),M11,condition,8,M11,1,49,49,[]
1,LLA,3.0,adjusted_lla_3,LLA (3 x 3),M11,condition,8,M11,2,49,49,[]
1,LLA,3.0,adjusted_lla_3,LLA (3 x 3),M11,condition,8,M11,3,49,49,[]
1,LLA,3.0,adjusted_lla_3,LLA (3 x 3),M11,condition,10,M11,1,49,49,[]
1,LLA,3.0,adjusted_lla_3,LLA (3 x 3),M11,condition,10,M11,2,49,49,[]
1,LLA,3.0,adjusted_lla_3,LLA (3 x 3),M11,condition,10,M11,3,49,49,[]
1,LLA,3.0,adjusted_lla_3,LLA (3 x 3),M11,condition,12,M11,1,49,49,[]
1,LLA,3.0,adjusted_lla_3,LLA (3 x 3),M11,condition,12,M11,2,49,49,[]
1,LLA,3.0,adjusted_lla_3,LLA (3 x 3),M11,condition,12,M11,3,49,49,[]
1,LLA,3.0,adjusted_lla_3,LLA (3 x 3),M11,condition,14,M11,1,49,49,[]
1,LLA,3.0,adjusted_lla_3,LLA (3 x 3),M11,condition,14,M11,2,49,49,[]
1,LLA,3.0,adjusted_lla_3,LLA (3 x 3),M11,condition,14,M11,3,49,49,[]
1,LLA,3.0,adjusted_lla_3,LLA (3 x 3),M11 - B0,paired,2,M11,1,49,48,"[{""sample_id"": ""KYOw02789"", ""fold"": 2, ""condition_id"": ""M11"", ""repeat"": 1, ""status"": ""undefined"", ""reason"": ""single_cluster""}]"
1,LLA,3.0,adjusted_lla_3,LLA (3 x 3),M11 - B0,paired,2,M11,2,49,48,"[{""sample_id"": ""KYOw02789"", ""fold"": 2, ""condition_id"": ""M11"", ""repeat"": 2, ""status"": ""undefined"", ""reason"": ""single_cluster""}]"
1,LLA,3.0,adjusted_lla_3,LLA (3 x 3),M11 - B0,paired,2,M11,3,49,48,"[{""sample_id"": ""KYOw02789"", ""fold"": 2, ""condition_id"": ""M11"", ""repeat"": 3, ""status"": ""undefined"", ""reason"": ""single_cluster""}]"
1,LLA,3.0,adjusted_lla_3,LLA (3 x 3),M11 - B0,paired,2,B0,1,49,49,[]
1,LLA,3.0,adjusted_lla_3,LLA (3 x 3),M11 - B0,paired,2,B0,2,49,49,[]
1,LLA,3.0,adjusted_lla_3,LLA (3 x 3),M11 - B0,paired,2,B0,3,49,49,[]
1,LLA,3.0,adjusted_lla_3,LLA (3 x 3),M11 - B0,paired,4,M11,1,49,49,[]
1,LLA,3.0,adjusted_lla_3,LLA (3 x 3),M11 - B0,paired,4,M11,2,49,49,[]
1,LLA,3.0,adjusted_lla_3,LLA (3 x 3),M11 - B0,paired,4,M11,3,49,49,[]
1,LLA,3.0,adjusted_lla_3,LLA (3 x 3),M11 - B0,paired,4,B0,1,49,49,[]
1,LLA,3.0,adjusted_lla_3,LLA (3 x 3),M11 - B0,paired,4,B0,2,49,49,[]
1,LLA,3.0,adjusted_lla_3,LLA (3 x 3),M11 - B0,paired,4,B0,3,49,49,[]
1,LLA,3.0,adjusted_lla_3,LLA (3 x 3),M11 - B0,paired,6,M11,1,49,49,[]
1,LLA,3.0,adjusted_lla_3,LLA (3 x 3),M11 - B0,paired,6,M11,2,49,49,[]
1,LLA,3.0,adjusted_lla_3,LLA (3 x 3),M11 - B0,paired,6,M11,3,49,49,[]
1,LLA,3.0,adjusted_lla_3,LLA (3 x 3),M11 - B0,paired,6,B0,1,49,49,[]
1,LLA,3.0,adjusted_lla_3,LLA (3 x 3),M11 - B0,paired,6,B0,2,49,49,[]
1,LLA,3.0,adjusted_lla_3,LLA (3 x 3),M11 - B0,paired,6,B0,3,49,49,[]
1,LLA,3.0,adjusted_lla_3,LLA (3 x 3),M11 - B0,paired,8,M11,1,49,49,[]
1,LLA,3.0,adjusted_lla_3,LLA (3 x 3),M11 - B0,paired,8,M11,2,49,49,[]
1,LLA,3.0,adjusted_lla_3,LLA (3 x 3),M11 - B0,paired,8,M11,3,49,49,[]
1,LLA,3.0,adjusted_lla_3,LLA (3 x 3),M11 - B0,paired,8,B0,1,49,49,[]
1,LLA,3.0,adjusted_lla_3,LLA (3 x 3),M11 - B0,paired,8,B0,2,49,49,[]
1,LLA,3.0,adjusted_lla_3,LLA (3 x 3),M11 - B0,paired,8,B0,3,49,49,[]
1,LLA,3.0,adjusted_lla_3,LLA (3 x 3),M11 - B0,paired,10,M11,1,49,49,[]
1,LLA,3.0,adjusted_lla_3,LLA (3 x 3),M11 - B0,paired,10,M11,2,49,49,[]
1,LLA,3.0,adjusted_lla_3,LLA (3 x 3),M11 - B0,paired,10,M11,3,49,49,[]
1,LLA,3.0,adjusted_lla_3,LLA (3 x 3),M11 - B0,paired,10,B0,1,49,49,[]
1,LLA,3.0,adjusted_lla_3,LLA (3 x 3),M11 - B0,paired,10,B0,2,49,49,[]
1,LLA,3.0,adjusted_lla_3,LLA (3 x 3),M11 - B0,paired,10,B0,3,49,49,[]
1,LLA,3.0,adjusted_lla_3,LLA (3 x 3),M11 - B0,paired,12,M11,1,49,49,[]
1,LLA,3.0,adjusted_lla_3,LLA (3 x 3),M11 - B0,paired,12,M11,2,49,49,[]
1,LLA,3.0,adjusted_lla_3,LLA (3 x 3),M11 - B0,paired,12,M11,3,49,49,[]
1,LLA,3.0,adjusted_lla_3,LLA (3 x 3),M11 - B0,paired,12,B0,1,49,49,[]
1,LLA,3.0,adjusted_lla_3,LLA (3 x 3),M11 - B0,paired,12,B0,2,49,49,[]
1,LLA,3.0,adjusted_lla_3,LLA (3 x 3),M11 - B0,paired,12,B0,3,49,49,[]
1,LLA,3.0,adjusted_lla_3,LLA (3 x 3),M11 - B0,paired,14,M11,1,49,49,[]
1,LLA,3.0,adjusted_lla_3,LLA (3 x 3),M11 - B0,paired,14,M11,2,49,49,[]
1,LLA,3.0,adjusted_lla_3,LLA (3 x 3),M11 - B0,paired,14,M11,3,49,49,[]
1,LLA,3.0,adjusted_lla_3,LLA (3 x 3),M11 - B0,paired,14,B0,1,49,49,[]
1,LLA,3.0,adjusted_lla_3,LLA (3 x 3),M11 - B0,paired,14,B0,2,49,49,[]
1,LLA,3.0,adjusted_lla_3,LLA (3 x 3),M11 - B0,paired,14,B0,3,49,49,[]
1,LLA,3.0,adjusted_lla_3,LLA (3 x 3),M11 - B1,paired,2,M11,1,49,48,"[{""sample_id"": ""KYOw02789"", ""fold"": 2, ""condition_id"": ""M11"", ""repeat"": 1, ""status"": ""undefined"", ""reason"": ""single_cluster""}]"
1,LLA,3.0,adjusted_lla_3,LLA (3 x 3),M11 - B1,paired,2,M11,2,49,48,"[{""sample_id"": ""KYOw02789"", ""fold"": 2, ""condition_id"": ""M11"", ""repeat"": 2, ""status"": ""undefined"", ""reason"": ""single_cluster""}]"
1,LLA,3.0,adjusted_lla_3,LLA (3 x 3),M11 - B1,paired,2,M11,3,49,48,"[{""sample_id"": ""KYOw02789"", ""fold"": 2, ""condition_id"": ""M11"", ""repeat"": 3, ""status"": ""undefined"", ""reason"": ""single_cluster""}]"
1,LLA,3.0,adjusted_lla_3,LLA (3 x 3),M11 - B1,paired,2,B1,1,49,48,"[{""sample_id"": ""KYOw02789"", ""fold"": 2, ""condition_id"": ""B1"", ""repeat"": 1, ""status"": ""undefined"", ""reason"": ""single_cluster""}]"
1,LLA,3.0,adjusted_lla_3,LLA (3 x 3),M11 - B1,paired,2,B1,2,49,48,"[{""sample_id"": ""KYOw02789"", ""fold"": 2, ""condition_id"": ""B1"", ""repeat"": 2, ""status"": ""undefined"", ""reason"": ""single_cluster""}]"
1,LLA,3.0,adjusted_lla_3,LLA (3 x 3),M11 - B1,paired,2,B1,3,49,48,"[{""sample_id"": ""KYOw02789"", ""fold"": 2, ""condition_id"": ""B1"", ""repeat"": 3, ""status"": ""undefined"", ""reason"": ""single_cluster""}]"
1,LLA,3.0,adjusted_lla_3,LLA (3 x 3),M11 - B1,paired,4,M11,1,49,49,[]
1,LLA,3.0,adjusted_lla_3,LLA (3 x 3),M11 - B1,paired,4,M11,2,49,49,[]
1,LLA,3.0,adjusted_lla_3,LLA (3 x 3),M11 - B1,paired,4,M11,3,49,49,[]
1,LLA,3.0,adjusted_lla_3,LLA (3 x 3),M11 - B1,paired,4,B1,1,49,49,[]
1,LLA,3.0,adjusted_lla_3,LLA (3 x 3),M11 - B1,paired,4,B1,2,49,49,[]
1,LLA,3.0,adjusted_lla_3,LLA (3 x 3),M11 - B1,paired,4,B1,3,49,49,[]
1,LLA,3.0,adjusted_lla_3,LLA (3 x 3),M11 - B1,paired,6,M11,1,49,49,[]
1,LLA,3.0,adjusted_lla_3,LLA (3 x 3),M11 - B1,paired,6,M11,2,49,49,[]
1,LLA,3.0,adjusted_lla_3,LLA (3 x 3),M11 - B1,paired,6,M11,3,49,49,[]
1,LLA,3.0,adjusted_lla_3,LLA (3 x 3),M11 - B1,paired,6,B1,1,49,49,[]
1,LLA,3.0,adjusted_lla_3,LLA (3 x 3),M11 - B1,paired,6,B1,2,49,49,[]
1,LLA,3.0,adjusted_lla_3,LLA (3 x 3),M11 - B1,paired,6,B1,3,49,49,[]
1,LLA,3.0,adjusted_lla_3,LLA (3 x 3),M11 - B1,paired,8,M11,1,49,49,[]
1,LLA,3.0,adjusted_lla_3,LLA (3 x 3),M11 - B1,paired,8,M11,2,49,49,[]
1,LLA,3.0,adjusted_lla_3,LLA (3 x 3),M11 - B1,paired,8,M11,3,49,49,[]
1,LLA,3.0,adjusted_lla_3,LLA (3 x 3),M11 - B1,paired,8,B1,1,49,49,[]
1,LLA,3.0,adjusted_lla_3,LLA (3 x 3),M11 - B1,paired,8,B1,2,49,49,[]
1,LLA,3.0,adjusted_lla_3,LLA (3 x 3),M11 - B1,paired,8,B1,3,49,49,[]
1,LLA,3.0,adjusted_lla_3,LLA (3 x 3),M11 - B1,paired,10,M11,1,49,49,[]
1,LLA,3.0,adjusted_lla_3,LLA (3 x 3),M11 - B1,paired,10,M11,2,49,49,[]
1,LLA,3.0,adjusted_lla_3,LLA (3 x 3),M11 - B1,paired,10,M11,3,49,49,[]
1,LLA,3.0,adjusted_lla_3,LLA (3 x 3),M11 - B1,paired,10,B1,1,49,49,[]
1,LLA,3.0,adjusted_lla_3,LLA (3 x 3),M11 - B1,paired,10,B1,2,49,49,[]
1,LLA,3.0,adjusted_lla_3,LLA (3 x 3),M11 - B1,paired,10,B1,3,49,49,[]
1,LLA,3.0,adjusted_lla_3,LLA (3 x 3),M11 - B1,paired,12,M11,1,49,49,[]
1,LLA,3.0,adjusted_lla_3,LLA (3 x 3),M11 - B1,paired,12,M11,2,49,49,[]
1,LLA,3.0,adjusted_lla_3,LLA (3 x 3),M11 - B1,paired,12,M11,3,49,49,[]
1,LLA,3.0,adjusted_lla_3,LLA (3 x 3),M11 - B1,paired,12,B1,1,49,49,[]
1,LLA,3.0,adjusted_lla_3,LLA (3 x 3),M11 - B1,paired,12,B1,2,49,49,[]
1,LLA,3.0,adjusted_lla_3,LLA (3 x 3),M11 - B1,paired,12,B1,3,49,49,[]
1,LLA,3.0,adjusted_lla_3,LLA (3 x 3),M11 - B1,paired,14,M11,1,49,49,[]
1,LLA,3.0,adjusted_lla_3,LLA (3 x 3),M11 - B1,paired,14,M11,2,49,49,[]
1,LLA,3.0,adjusted_lla_3,LLA (3 x 3),M11 - B1,paired,14,M11,3,49,49,[]
1,LLA,3.0,adjusted_lla_3,LLA (3 x 3),M11 - B1,paired,14,B1,1,49,49,[]
1,LLA,3.0,adjusted_lla_3,LLA (3 x 3),M11 - B1,paired,14,B1,2,49,49,[]
1,LLA,3.0,adjusted_lla_3,LLA (3 x 3),M11 - B1,paired,14,B1,3,49,49,[]
1,LLA,3.0,adjusted_lla_3,LLA (3 x 3),M11 - M00,paired,2,M11,1,49,48,"[{""sample_id"": ""KYOw02789"", ""fold"": 2, ""condition_id"": ""M11"", ""repeat"": 1, ""status"": ""undefined"", ""reason"": ""single_cluster""}]"
1,LLA,3.0,adjusted_lla_3,LLA (3 x 3),M11 - M00,paired,2,M11,2,49,48,"[{""sample_id"": ""KYOw02789"", ""fold"": 2, ""condition_id"": ""M11"", ""repeat"": 2, ""status"": ""undefined"", ""reason"": ""single_cluster""}]"
1,LLA,3.0,adjusted_lla_3,LLA (3 x 3),M11 - M00,paired,2,M11,3,49,48,"[{""sample_id"": ""KYOw02789"", ""fold"": 2, ""condition_id"": ""M11"", ""repeat"": 3, ""status"": ""undefined"", ""reason"": ""single_cluster""}]"
1,LLA,3.0,adjusted_lla_3,LLA (3 x 3),M11 - M00,paired,2,M00,1,49,49,[]
1,LLA,3.0,adjusted_lla_3,LLA (3 x 3),M11 - M00,paired,2,M00,2,49,49,[]
1,LLA,3.0,adjusted_lla_3,LLA (3 x 3),M11 - M00,paired,2,M00,3,49,49,[]
1,LLA,3.0,adjusted_lla_3,LLA (3 x 3),M11 - M00,paired,4,M11,1,49,49,[]
1,LLA,3.0,adjusted_lla_3,LLA (3 x 3),M11 - M00,paired,4,M11,2,49,49,[]
1,LLA,3.0,adjusted_lla_3,LLA (3 x 3),M11 - M00,paired,4,M11,3,49,49,[]
1,LLA,3.0,adjusted_lla_3,LLA (3 x 3),M11 - M00,paired,4,M00,1,49,49,[]
1,LLA,3.0,adjusted_lla_3,LLA (3 x 3),M11 - M00,paired,4,M00,2,49,49,[]
1,LLA,3.0,adjusted_lla_3,LLA (3 x 3),M11 - M00,paired,4,M00,3,49,49,[]
1,LLA,3.0,adjusted_lla_3,LLA (3 x 3),M11 - M00,paired,6,M11,1,49,49,[]
1,LLA,3.0,adjusted_lla_3,LLA (3 x 3),M11 - M00,paired,6,M11,2,49,49,[]
1,LLA,3.0,adjusted_lla_3,LLA (3 x 3),M11 - M00,paired,6,M11,3,49,49,[]
1,LLA,3.0,adjusted_lla_3,LLA (3 x 3),M11 - M00,paired,6,M00,1,49,49,[]
1,LLA,3.0,adjusted_lla_3,LLA (3 x 3),M11 - M00,paired,6,M00,2,49,49,[]
1,LLA,3.0,adjusted_lla_3,LLA (3 x 3),M11 - M00,paired,6,M00,3,49,49,[]
1,LLA,3.0,adjusted_lla_3,LLA (3 x 3),M11 - M00,paired,8,M11,1,49,49,[]
1,LLA,3.0,adjusted_lla_3,LLA (3 x 3),M11 - M00,paired,8,M11,2,49,49,[]
1,LLA,3.0,adjusted_lla_3,LLA (3 x 3),M11 - M00,paired,8,M11,3,49,49,[]
1,LLA,3.0,adjusted_lla_3,LLA (3 x 3),M11 - M00,paired,8,M00,1,49,49,[]
1,LLA,3.0,adjusted_lla_3,LLA (3 x 3),M11 - M00,paired,8,M00,2,49,49,[]
1,LLA,3.0,adjusted_lla_3,LLA (3 x 3),M11 - M00,paired,8,M00,3,49,49,[]
1,LLA,3.0,adjusted_lla_3,LLA (3 x 3),M11 - M00,paired,10,M11,1,49,49,[]
1,LLA,3.0,adjusted_lla_3,LLA (3 x 3),M11 - M00,paired,10,M11,2,49,49,[]
1,LLA,3.0,adjusted_lla_3,LLA (3 x 3),M11 - M00,paired,10,M11,3,49,49,[]
1,LLA,3.0,adjusted_lla_3,LLA (3 x 3),M11 - M00,paired,10,M00,1,49,49,[]
1,LLA,3.0,adjusted_lla_3,LLA (3 x 3),M11 - M00,paired,10,M00,2,49,49,[]
1,LLA,3.0,adjusted_lla_3,LLA (3 x 3),M11 - M00,paired,10,M00,3,49,49,[]
1,LLA,3.0,adjusted_lla_3,LLA (3 x 3),M11 - M00,paired,12,M11,1,49,49,[]
1,LLA,3.0,adjusted_lla_3,LLA (3 x 3),M11 - M00,paired,12,M11,2,49,49,[]
1,LLA,3.0,adjusted_lla_3,LLA (3 x 3),M11 - M00,paired,12,M11,3,49,49,[]
1,LLA,3.0,adjusted_lla_3,LLA (3 x 3),M11 - M00,paired,12,M00,1,49,49,[]
1,LLA,3.0,adjusted_lla_3,LLA (3 x 3),M11 - M00,paired,12,M00,2,49,49,[]
1,LLA,3.0,adjusted_lla_3,LLA (3 x 3),M11 - M00,paired,12,M00,3,49,49,[]
1,LLA,3.0,adjusted_lla_3,LLA (3 x 3),M11 - M00,paired,14,M11,1,49,49,[]
1,LLA,3.0,adjusted_lla_3,LLA (3 x 3),M11 - M00,paired,14,M11,2,49,49,[]
1,LLA,3.0,adjusted_lla_3,LLA (3 x 3),M11 - M00,paired,14,M11,3,49,49,[]
1,LLA,3.0,adjusted_lla_3,LLA (3 x 3),M11 - M00,paired,14,M00,1,49,49,[]
1,LLA,3.0,adjusted_lla_3,LLA (3 x 3),M11 - M00,paired,14,M00,2,49,49,[]
1,LLA,3.0,adjusted_lla_3,LLA (3 x 3),M11 - M00,paired,14,M00,3,49,49,[]
1,LLA,3.0,adjusted_lla_3,LLA (3 x 3),M11 - M01,paired,2,M11,1,49,48,"[{""sample_id"": ""KYOw02789"", ""fold"": 2, ""condition_id"": ""M11"", ""repeat"": 1, ""status"": ""undefined"", ""reason"": ""single_cluster""}]"
1,LLA,3.0,adjusted_lla_3,LLA (3 x 3),M11 - M01,paired,2,M11,2,49,48,"[{""sample_id"": ""KYOw02789"", ""fold"": 2, ""condition_id"": ""M11"", ""repeat"": 2, ""status"": ""undefined"", ""reason"": ""single_cluster""}]"
1,LLA,3.0,adjusted_lla_3,LLA (3 x 3),M11 - M01,paired,2,M11,3,49,48,"[{""sample_id"": ""KYOw02789"", ""fold"": 2, ""condition_id"": ""M11"", ""repeat"": 3, ""status"": ""undefined"", ""reason"": ""single_cluster""}]"
1,LLA,3.0,adjusted_lla_3,LLA (3 x 3),M11 - M01,paired,2,M01,1,49,49,[]
1,LLA,3.0,adjusted_lla_3,LLA (3 x 3),M11 - M01,paired,2,M01,2,49,49,[]
1,LLA,3.0,adjusted_lla_3,LLA (3 x 3),M11 - M01,paired,2,M01,3,49,49,[]
1,LLA,3.0,adjusted_lla_3,LLA (3 x 3),M11 - M01,paired,4,M11,1,49,49,[]
1,LLA,3.0,adjusted_lla_3,LLA (3 x 3),M11 - M01,paired,4,M11,2,49,49,[]
1,LLA,3.0,adjusted_lla_3,LLA (3 x 3),M11 - M01,paired,4,M11,3,49,49,[]
1,LLA,3.0,adjusted_lla_3,LLA (3 x 3),M11 - M01,paired,4,M01,1,49,49,[]
1,LLA,3.0,adjusted_lla_3,LLA (3 x 3),M11 - M01,paired,4,M01,2,49,49,[]
1,LLA,3.0,adjusted_lla_3,LLA (3 x 3),M11 - M01,paired,4,M01,3,49,49,[]
1,LLA,3.0,adjusted_lla_3,LLA (3 x 3),M11 - M01,paired,6,M11,1,49,49,[]
1,LLA,3.0,adjusted_lla_3,LLA (3 x 3),M11 - M01,paired,6,M11,2,49,49,[]
1,LLA,3.0,adjusted_lla_3,LLA (3 x 3),M11 - M01,paired,6,M11,3,49,49,[]
1,LLA,3.0,adjusted_lla_3,LLA (3 x 3),M11 - M01,paired,6,M01,1,49,49,[]
1,LLA,3.0,adjusted_lla_3,LLA (3 x 3),M11 - M01,paired,6,M01,2,49,49,[]
1,LLA,3.0,adjusted_lla_3,LLA (3 x 3),M11 - M01,paired,6,M01,3,49,49,[]
1,LLA,3.0,adjusted_lla_3,LLA (3 x 3),M11 - M01,paired,8,M11,1,49,49,[]
1,LLA,3.0,adjusted_lla_3,LLA (3 x 3),M11 - M01,paired,8,M11,2,49,49,[]
1,LLA,3.0,adjusted_lla_3,LLA (3 x 3),M11 - M01,paired,8,M11,3,49,49,[]
1,LLA,3.0,adjusted_lla_3,LLA (3 x 3),M11 - M01,paired,8,M01,1,49,49,[]
1,LLA,3.0,adjusted_lla_3,LLA (3 x 3),M11 - M01,paired,8,M01,2,49,49,[]
1,LLA,3.0,adjusted_lla_3,LLA (3 x 3),M11 - M01,paired,8,M01,3,49,49,[]
1,LLA,3.0,adjusted_lla_3,LLA (3 x 3),M11 - M01,paired,10,M11,1,49,49,[]
1,LLA,3.0,adjusted_lla_3,LLA (3 x 3),M11 - M01,paired,10,M11,2,49,49,[]
1,LLA,3.0,adjusted_lla_3,LLA (3 x 3),M11 - M01,paired,10,M11,3,49,49,[]
1,LLA,3.0,adjusted_lla_3,LLA (3 x 3),M11 - M01,paired,10,M01,1,49,49,[]
1,LLA,3.0,adjusted_lla_3,LLA (3 x 3),M11 - M01,paired,10,M01,2,49,49,[]
1,LLA,3.0,adjusted_lla_3,LLA (3 x 3),M11 - M01,paired,10,M01,3,49,49,[]
1,LLA,3.0,adjusted_lla_3,LLA (3 x 3),M11 - M01,paired,12,M11,1,49,49,[]
1,LLA,3.0,adjusted_lla_3,LLA (3 x 3),M11 - M01,paired,12,M11,2,49,49,[]
1,LLA,3.0,adjusted_lla_3,LLA (3 x 3),M11 - M01,paired,12,M11,3,49,49,[]
1,LLA,3.0,adjusted_lla_3,LLA (3 x 3),M11 - M01,paired,12,M01,1,49,49,[]
1,LLA,3.0,adjusted_lla_3,LLA (3 x 3),M11 - M01,paired,12,M01,2,49,49,[]
1,LLA,3.0,adjusted_lla_3,LLA (3 x 3),M11 - M01,paired,12,M01,3,49,49,[]
1,LLA,3.0,adjusted_lla_3,LLA (3 x 3),M11 - M01,paired,14,M11,1,49,49,[]
1,LLA,3.0,adjusted_lla_3,LLA (3 x 3),M11 - M01,paired,14,M11,2,49,49,[]
1,LLA,3.0,adjusted_lla_3,LLA (3 x 3),M11 - M01,paired,14,M11,3,49,49,[]
1,LLA,3.0,adjusted_lla_3,LLA (3 x 3),M11 - M01,paired,14,M01,1,49,49,[]
1,LLA,3.0,adjusted_lla_3,LLA (3 x 3),M11 - M01,paired,14,M01,2,49,49,[]
1,LLA,3.0,adjusted_lla_3,LLA (3 x 3),M11 - M01,paired,14,M01,3,49,49,[]
1,LLA,3.0,adjusted_lla_3,LLA (3 x 3),M11 - M10,paired,2,M11,1,49,48,"[{""sample_id"": ""KYOw02789"", ""fold"": 2, ""condition_id"": ""M11"", ""repeat"": 1, ""status"": ""undefined"", ""reason"": ""single_cluster""}]"
1,LLA,3.0,adjusted_lla_3,LLA (3 x 3),M11 - M10,paired,2,M11,2,49,48,"[{""sample_id"": ""KYOw02789"", ""fold"": 2, ""condition_id"": ""M11"", ""repeat"": 2, ""status"": ""undefined"", ""reason"": ""single_cluster""}]"
1,LLA,3.0,adjusted_lla_3,LLA (3 x 3),M11 - M10,paired,2,M11,3,49,48,"[{""sample_id"": ""KYOw02789"", ""fold"": 2, ""condition_id"": ""M11"", ""repeat"": 3, ""status"": ""undefined"", ""reason"": ""single_cluster""}]"
1,LLA,3.0,adjusted_lla_3,LLA (3 x 3),M11 - M10,paired,2,M10,1,49,49,[]
1,LLA,3.0,adjusted_lla_3,LLA (3 x 3),M11 - M10,paired,2,M10,2,49,49,[]
1,LLA,3.0,adjusted_lla_3,LLA (3 x 3),M11 - M10,paired,2,M10,3,49,49,[]
1,LLA,3.0,adjusted_lla_3,LLA (3 x 3),M11 - M10,paired,4,M11,1,49,49,[]
1,LLA,3.0,adjusted_lla_3,LLA (3 x 3),M11 - M10,paired,4,M11,2,49,49,[]
1,LLA,3.0,adjusted_lla_3,LLA (3 x 3),M11 - M10,paired,4,M11,3,49,49,[]
1,LLA,3.0,adjusted_lla_3,LLA (3 x 3),M11 - M10,paired,4,M10,1,49,49,[]
1,LLA,3.0,adjusted_lla_3,LLA (3 x 3),M11 - M10,paired,4,M10,2,49,49,[]
1,LLA,3.0,adjusted_lla_3,LLA (3 x 3),M11 - M10,paired,4,M10,3,49,49,[]
1,LLA,3.0,adjusted_lla_3,LLA (3 x 3),M11 - M10,paired,6,M11,1,49,49,[]
1,LLA,3.0,adjusted_lla_3,LLA (3 x 3),M11 - M10,paired,6,M11,2,49,49,[]
1,LLA,3.0,adjusted_lla_3,LLA (3 x 3),M11 - M10,paired,6,M11,3,49,49,[]
1,LLA,3.0,adjusted_lla_3,LLA (3 x 3),M11 - M10,paired,6,M10,1,49,49,[]
1,LLA,3.0,adjusted_lla_3,LLA (3 x 3),M11 - M10,paired,6,M10,2,49,49,[]
1,LLA,3.0,adjusted_lla_3,LLA (3 x 3),M11 - M10,paired,6,M10,3,49,49,[]
1,LLA,3.0,adjusted_lla_3,LLA (3 x 3),M11 - M10,paired,8,M11,1,49,49,[]
1,LLA,3.0,adjusted_lla_3,LLA (3 x 3),M11 - M10,paired,8,M11,2,49,49,[]
1,LLA,3.0,adjusted_lla_3,LLA (3 x 3),M11 - M10,paired,8,M11,3,49,49,[]
1,LLA,3.0,adjusted_lla_3,LLA (3 x 3),M11 - M10,paired,8,M10,1,49,49,[]
1,LLA,3.0,adjusted_lla_3,LLA (3 x 3),M11 - M10,paired,8,M10,2,49,49,[]
1,LLA,3.0,adjusted_lla_3,LLA (3 x 3),M11 - M10,paired,8,M10,3,49,49,[]
1,LLA,3.0,adjusted_lla_3,LLA (3 x 3),M11 - M10,paired,10,M11,1,49,49,[]
1,LLA,3.0,adjusted_lla_3,LLA (3 x 3),M11 - M10,paired,10,M11,2,49,49,[]
1,LLA,3.0,adjusted_lla_3,LLA (3 x 3),M11 - M10,paired,10,M11,3,49,49,[]
1,LLA,3.0,adjusted_lla_3,LLA (3 x 3),M11 - M10,paired,10,M10,1,49,49,[]
1,LLA,3.0,adjusted_lla_3,LLA (3 x 3),M11 - M10,paired,10,M10,2,49,49,[]
1,LLA,3.0,adjusted_lla_3,LLA (3 x 3),M11 - M10,paired,10,M10,3,49,49,[]
1,LLA,3.0,adjusted_lla_3,LLA (3 x 3),M11 - M10,paired,12,M11,1,49,49,[]
1,LLA,3.0,adjusted_lla_3,LLA (3 x 3),M11 - M10,paired,12,M11,2,49,49,[]
1,LLA,3.0,adjusted_lla_3,LLA (3 x 3),M11 - M10,paired,12,M11,3,49,49,[]
1,LLA,3.0,adjusted_lla_3,LLA (3 x 3),M11 - M10,paired,12,M10,1,49,49,[]
1,LLA,3.0,adjusted_lla_3,LLA (3 x 3),M11 - M10,paired,12,M10,2,49,49,[]
1,LLA,3.0,adjusted_lla_3,LLA (3 x 3),M11 - M10,paired,12,M10,3,49,49,[]
1,LLA,3.0,adjusted_lla_3,LLA (3 x 3),M11 - M10,paired,14,M11,1,49,49,[]
1,LLA,3.0,adjusted_lla_3,LLA (3 x 3),M11 - M10,paired,14,M11,2,49,49,[]
1,LLA,3.0,adjusted_lla_3,LLA (3 x 3),M11 - M10,paired,14,M11,3,49,49,[]
1,LLA,3.0,adjusted_lla_3,LLA (3 x 3),M11 - M10,paired,14,M10,1,49,49,[]
1,LLA,3.0,adjusted_lla_3,LLA (3 x 3),M11 - M10,paired,14,M10,2,49,49,[]
1,LLA,3.0,adjusted_lla_3,LLA (3 x 3),M11 - M10,paired,14,M10,3,49,49,[]
1,LLA,5.0,adjusted_lla_5,LLA (5 x 5),(M11 - M10) - (M01 - M00),interaction,2,M11,1,49,48,"[{""sample_id"": ""KYOw02789"", ""fold"": 2, ""condition_id"": ""M11"", ""repeat"": 1, ""status"": ""undefined"", ""reason"": ""single_cluster""}]"
1,LLA,5.0,adjusted_lla_5,LLA (5 x 5),(M11 - M10) - (M01 - M00),interaction,2,M11,2,49,48,"[{""sample_id"": ""KYOw02789"", ""fold"": 2, ""condition_id"": ""M11"", ""repeat"": 2, ""status"": ""undefined"", ""reason"": ""single_cluster""}]"
1,LLA,5.0,adjusted_lla_5,LLA (5 x 5),(M11 - M10) - (M01 - M00),interaction,2,M11,3,49,48,"[{""sample_id"": ""KYOw02789"", ""fold"": 2, ""condition_id"": ""M11"", ""repeat"": 3, ""status"": ""undefined"", ""reason"": ""single_cluster""}]"
1,LLA,5.0,adjusted_lla_5,LLA (5 x 5),(M11 - M10) - (M01 - M00),interaction,2,M10,1,49,49,[]
1,LLA,5.0,adjusted_lla_5,LLA (5 x 5),(M11 - M10) - (M01 - M00),interaction,2,M10,2,49,49,[]
1,LLA,5.0,adjusted_lla_5,LLA (5 x 5),(M11 - M10) - (M01 - M00),interaction,2,M10,3,49,49,[]
1,LLA,5.0,adjusted_lla_5,LLA (5 x 5),(M11 - M10) - (M01 - M00),interaction,2,M01,1,49,49,[]
1,LLA,5.0,adjusted_lla_5,LLA (5 x 5),(M11 - M10) - (M01 - M00),interaction,2,M01,2,49,49,[]
1,LLA,5.0,adjusted_lla_5,LLA (5 x 5),(M11 - M10) - (M01 - M00),interaction,2,M01,3,49,49,[]
1,LLA,5.0,adjusted_lla_5,LLA (5 x 5),(M11 - M10) - (M01 - M00),interaction,2,M00,1,49,49,[]
1,LLA,5.0,adjusted_lla_5,LLA (5 x 5),(M11 - M10) - (M01 - M00),interaction,2,M00,2,49,49,[]
1,LLA,5.0,adjusted_lla_5,LLA (5 x 5),(M11 - M10) - (M01 - M00),interaction,2,M00,3,49,49,[]
1,LLA,5.0,adjusted_lla_5,LLA (5 x 5),(M11 - M10) - (M01 - M00),interaction,4,M11,1,49,49,[]
1,LLA,5.0,adjusted_lla_5,LLA (5 x 5),(M11 - M10) - (M01 - M00),interaction,4,M11,2,49,49,[]
1,LLA,5.0,adjusted_lla_5,LLA (5 x 5),(M11 - M10) - (M01 - M00),interaction,4,M11,3,49,49,[]
1,LLA,5.0,adjusted_lla_5,LLA (5 x 5),(M11 - M10) - (M01 - M00),interaction,4,M10,1,49,49,[]
1,LLA,5.0,adjusted_lla_5,LLA (5 x 5),(M11 - M10) - (M01 - M00),interaction,4,M10,2,49,49,[]
1,LLA,5.0,adjusted_lla_5,LLA (5 x 5),(M11 - M10) - (M01 - M00),interaction,4,M10,3,49,49,[]
1,LLA,5.0,adjusted_lla_5,LLA (5 x 5),(M11 - M10) - (M01 - M00),interaction,4,M01,1,49,49,[]
1,LLA,5.0,adjusted_lla_5,LLA (5 x 5),(M11 - M10) - (M01 - M00),interaction,4,M01,2,49,49,[]
1,LLA,5.0,adjusted_lla_5,LLA (5 x 5),(M11 - M10) - (M01 - M00),interaction,4,M01,3,49,49,[]
1,LLA,5.0,adjusted_lla_5,LLA (5 x 5),(M11 - M10) - (M01 - M00),interaction,4,M00,1,49,49,[]
1,LLA,5.0,adjusted_lla_5,LLA (5 x 5),(M11 - M10) - (M01 - M00),interaction,4,M00,2,49,49,[]
1,LLA,5.0,adjusted_lla_5,LLA (5 x 5),(M11 - M10) - (M01 - M00),interaction,4,M00,3,49,49,[]
1,LLA,5.0,adjusted_lla_5,LLA (5 x 5),(M11 - M10) - (M01 - M00),interaction,6,M11,1,49,49,[]
1,LLA,5.0,adjusted_lla_5,LLA (5 x 5),(M11 - M10) - (M01 - M00),interaction,6,M11,2,49,49,[]
1,LLA,5.0,adjusted_lla_5,LLA (5 x 5),(M11 - M10) - (M01 - M00),interaction,6,M11,3,49,49,[]
1,LLA,5.0,adjusted_lla_5,LLA (5 x 5),(M11 - M10) - (M01 - M00),interaction,6,M10,1,49,49,[]
1,LLA,5.0,adjusted_lla_5,LLA (5 x 5),(M11 - M10) - (M01 - M00),interaction,6,M10,2,49,49,[]
1,LLA,5.0,adjusted_lla_5,LLA (5 x 5),(M11 - M10) - (M01 - M00),interaction,6,M10,3,49,49,[]
1,LLA,5.0,adjusted_lla_5,LLA (5 x 5),(M11 - M10) - (M01 - M00),interaction,6,M01,1,49,49,[]
1,LLA,5.0,adjusted_lla_5,LLA (5 x 5),(M11 - M10) - (M01 - M00),interaction,6,M01,2,49,49,[]
1,LLA,5.0,adjusted_lla_5,LLA (5 x 5),(M11 - M10) - (M01 - M00),interaction,6,M01,3,49,49,[]
1,LLA,5.0,adjusted_lla_5,LLA (5 x 5),(M11 - M10) - (M01 - M00),interaction,6,M00,1,49,49,[]
1,LLA,5.0,adjusted_lla_5,LLA (5 x 5),(M11 - M10) - (M01 - M00),interaction,6,M00,2,49,49,[]
1,LLA,5.0,adjusted_lla_5,LLA (5 x 5),(M11 - M10) - (M01 - M00),interaction,6,M00,3,49,49,[]
1,LLA,5.0,adjusted_lla_5,LLA (5 x 5),(M11 - M10) - (M01 - M00),interaction,8,M11,1,49,49,[]
1,LLA,5.0,adjusted_lla_5,LLA (5 x 5),(M11 - M10) - (M01 - M00),interaction,8,M11,2,49,49,[]
1,LLA,5.0,adjusted_lla_5,LLA (5 x 5),(M11 - M10) - (M01 - M00),interaction,8,M11,3,49,49,[]
1,LLA,5.0,adjusted_lla_5,LLA (5 x 5),(M11 - M10) - (M01 - M00),interaction,8,M10,1,49,49,[]
1,LLA,5.0,adjusted_lla_5,LLA (5 x 5),(M11 - M10) - (M01 - M00),interaction,8,M10,2,49,49,[]
1,LLA,5.0,adjusted_lla_5,LLA (5 x 5),(M11 - M10) - (M01 - M00),interaction,8,M10,3,49,49,[]
1,LLA,5.0,adjusted_lla_5,LLA (5 x 5),(M11 - M10) - (M01 - M00),interaction,8,M01,1,49,49,[]
1,LLA,5.0,adjusted_lla_5,LLA (5 x 5),(M11 - M10) - (M01 - M00),interaction,8,M01,2,49,49,[]
1,LLA,5.0,adjusted_lla_5,LLA (5 x 5),(M11 - M10) - (M01 - M00),interaction,8,M01,3,49,49,[]
1,LLA,5.0,adjusted_lla_5,LLA (5 x 5),(M11 - M10) - (M01 - M00),interaction,8,M00,1,49,49,[]
1,LLA,5.0,adjusted_lla_5,LLA (5 x 5),(M11 - M10) - (M01 - M00),interaction,8,M00,2,49,49,[]
1,LLA,5.0,adjusted_lla_5,LLA (5 x 5),(M11 - M10) - (M01 - M00),interaction,8,M00,3,49,49,[]
1,LLA,5.0,adjusted_lla_5,LLA (5 x 5),(M11 - M10) - (M01 - M00),interaction,10,M11,1,49,49,[]
1,LLA,5.0,adjusted_lla_5,LLA (5 x 5),(M11 - M10) - (M01 - M00),interaction,10,M11,2,49,49,[]
1,LLA,5.0,adjusted_lla_5,LLA (5 x 5),(M11 - M10) - (M01 - M00),interaction,10,M11,3,49,49,[]
1,LLA,5.0,adjusted_lla_5,LLA (5 x 5),(M11 - M10) - (M01 - M00),interaction,10,M10,1,49,49,[]
1,LLA,5.0,adjusted_lla_5,LLA (5 x 5),(M11 - M10) - (M01 - M00),interaction,10,M10,2,49,49,[]
1,LLA,5.0,adjusted_lla_5,LLA (5 x 5),(M11 - M10) - (M01 - M00),interaction,10,M10,3,49,49,[]
1,LLA,5.0,adjusted_lla_5,LLA (5 x 5),(M11 - M10) - (M01 - M00),interaction,10,M01,1,49,49,[]
1,LLA,5.0,adjusted_lla_5,LLA (5 x 5),(M11 - M10) - (M01 - M00),interaction,10,M01,2,49,49,[]
1,LLA,5.0,adjusted_lla_5,LLA (5 x 5),(M11 - M10) - (M01 - M00),interaction,10,M01,3,49,49,[]
1,LLA,5.0,adjusted_lla_5,LLA (5 x 5),(M11 - M10) - (M01 - M00),interaction,10,M00,1,49,49,[]
1,LLA,5.0,adjusted_lla_5,LLA (5 x 5),(M11 - M10) - (M01 - M00),interaction,10,M00,2,49,49,[]
1,LLA,5.0,adjusted_lla_5,LLA (5 x 5),(M11 - M10) - (M01 - M00),interaction,10,M00,3,49,49,[]
1,LLA,5.0,adjusted_lla_5,LLA (5 x 5),(M11 - M10) - (M01 - M00),interaction,12,M11,1,49,49,[]
1,LLA,5.0,adjusted_lla_5,LLA (5 x 5),(M11 - M10) - (M01 - M00),interaction,12,M11,2,49,49,[]
1,LLA,5.0,adjusted_lla_5,LLA (5 x 5),(M11 - M10) - (M01 - M00),interaction,12,M11,3,49,49,[]
1,LLA,5.0,adjusted_lla_5,LLA (5 x 5),(M11 - M10) - (M01 - M00),interaction,12,M10,1,49,49,[]
1,LLA,5.0,adjusted_lla_5,LLA (5 x 5),(M11 - M10) - (M01 - M00),interaction,12,M10,2,49,49,[]
1,LLA,5.0,adjusted_lla_5,LLA (5 x 5),(M11 - M10) - (M01 - M00),interaction,12,M10,3,49,49,[]
1,LLA,5.0,adjusted_lla_5,LLA (5 x 5),(M11 - M10) - (M01 - M00),interaction,12,M01,1,49,49,[]
1,LLA,5.0,adjusted_lla_5,LLA (5 x 5),(M11 - M10) - (M01 - M00),interaction,12,M01,2,49,49,[]
1,LLA,5.0,adjusted_lla_5,LLA (5 x 5),(M11 - M10) - (M01 - M00),interaction,12,M01,3,49,49,[]
1,LLA,5.0,adjusted_lla_5,LLA (5 x 5),(M11 - M10) - (M01 - M00),interaction,12,M00,1,49,49,[]
1,LLA,5.0,adjusted_lla_5,LLA (5 x 5),(M11 - M10) - (M01 - M00),interaction,12,M00,2,49,49,[]
1,LLA,5.0,adjusted_lla_5,LLA (5 x 5),(M11 - M10) - (M01 - M00),interaction,12,M00,3,49,49,[]
1,LLA,5.0,adjusted_lla_5,LLA (5 x 5),(M11 - M10) - (M01 - M00),interaction,14,M11,1,49,49,[]
1,LLA,5.0,adjusted_lla_5,LLA (5 x 5),(M11 - M10) - (M01 - M00),interaction,14,M11,2,49,49,[]
1,LLA,5.0,adjusted_lla_5,LLA (5 x 5),(M11 - M10) - (M01 - M00),interaction,14,M11,3,49,49,[]
1,LLA,5.0,adjusted_lla_5,LLA (5 x 5),(M11 - M10) - (M01 - M00),interaction,14,M10,1,49,49,[]
1,LLA,5.0,adjusted_lla_5,LLA (5 x 5),(M11 - M10) - (M01 - M00),interaction,14,M10,2,49,49,[]
1,LLA,5.0,adjusted_lla_5,LLA (5 x 5),(M11 - M10) - (M01 - M00),interaction,14,M10,3,49,49,[]
1,LLA,5.0,adjusted_lla_5,LLA (5 x 5),(M11 - M10) - (M01 - M00),interaction,14,M01,1,49,49,[]
1,LLA,5.0,adjusted_lla_5,LLA (5 x 5),(M11 - M10) - (M01 - M00),interaction,14,M01,2,49,49,[]
1,LLA,5.0,adjusted_lla_5,LLA (5 x 5),(M11 - M10) - (M01 - M00),interaction,14,M01,3,49,49,[]
1,LLA,5.0,adjusted_lla_5,LLA (5 x 5),(M11 - M10) - (M01 - M00),interaction,14,M00,1,49,49,[]
1,LLA,5.0,adjusted_lla_5,LLA (5 x 5),(M11 - M10) - (M01 - M00),interaction,14,M00,2,49,49,[]
1,LLA,5.0,adjusted_lla_5,LLA (5 x 5),(M11 - M10) - (M01 - M00),interaction,14,M00,3,49,49,[]
1,LLA,5.0,adjusted_lla_5,LLA (5 x 5),A0,condition,2,A0,1,49,48,"[{""sample_id"": ""KYOw02789"", ""fold"": 2, ""condition_id"": ""A0"", ""repeat"": 1, ""status"": ""undefined"", ""reason"": ""single_cluster""}]"
1,LLA,5.0,adjusted_lla_5,LLA (5 x 5),A0,condition,2,A0,2,49,49,[]
1,LLA,5.0,adjusted_lla_5,LLA (5 x 5),A0,condition,2,A0,3,49,49,[]
1,LLA,5.0,adjusted_lla_5,LLA (5 x 5),A0,condition,4,A0,1,49,49,[]
1,LLA,5.0,adjusted_lla_5,LLA (5 x 5),A0,condition,4,A0,2,49,49,[]
1,LLA,5.0,adjusted_lla_5,LLA (5 x 5),A0,condition,4,A0,3,49,49,[]
1,LLA,5.0,adjusted_lla_5,LLA (5 x 5),A0,condition,6,A0,1,49,49,[]
1,LLA,5.0,adjusted_lla_5,LLA (5 x 5),A0,condition,6,A0,2,49,49,[]
1,LLA,5.0,adjusted_lla_5,LLA (5 x 5),A0,condition,6,A0,3,49,49,[]
1,LLA,5.0,adjusted_lla_5,LLA (5 x 5),A0,condition,8,A0,1,49,49,[]
1,LLA,5.0,adjusted_lla_5,LLA (5 x 5),A0,condition,8,A0,2,49,49,[]
1,LLA,5.0,adjusted_lla_5,LLA (5 x 5),A0,condition,8,A0,3,49,49,[]
1,LLA,5.0,adjusted_lla_5,LLA (5 x 5),A0,condition,10,A0,1,49,49,[]
1,LLA,5.0,adjusted_lla_5,LLA (5 x 5),A0,condition,10,A0,2,49,49,[]
1,LLA,5.0,adjusted_lla_5,LLA (5 x 5),A0,condition,10,A0,3,49,49,[]
1,LLA,5.0,adjusted_lla_5,LLA (5 x 5),A0,condition,12,A0,1,49,49,[]
1,LLA,5.0,adjusted_lla_5,LLA (5 x 5),A0,condition,12,A0,2,49,49,[]
1,LLA,5.0,adjusted_lla_5,LLA (5 x 5),A0,condition,12,A0,3,49,49,[]
1,LLA,5.0,adjusted_lla_5,LLA (5 x 5),A0,condition,14,A0,1,49,49,[]
1,LLA,5.0,adjusted_lla_5,LLA (5 x 5),A0,condition,14,A0,2,49,49,[]
1,LLA,5.0,adjusted_lla_5,LLA (5 x 5),A0,condition,14,A0,3,49,49,[]
1,LLA,5.0,adjusted_lla_5,LLA (5 x 5),B0,condition,2,B0,1,49,49,[]
1,LLA,5.0,adjusted_lla_5,LLA (5 x 5),B0,condition,2,B0,2,49,49,[]
1,LLA,5.0,adjusted_lla_5,LLA (5 x 5),B0,condition,2,B0,3,49,49,[]
1,LLA,5.0,adjusted_lla_5,LLA (5 x 5),B0,condition,4,B0,1,49,49,[]
1,LLA,5.0,adjusted_lla_5,LLA (5 x 5),B0,condition,4,B0,2,49,49,[]
1,LLA,5.0,adjusted_lla_5,LLA (5 x 5),B0,condition,4,B0,3,49,49,[]
1,LLA,5.0,adjusted_lla_5,LLA (5 x 5),B0,condition,6,B0,1,49,49,[]
1,LLA,5.0,adjusted_lla_5,LLA (5 x 5),B0,condition,6,B0,2,49,49,[]
1,LLA,5.0,adjusted_lla_5,LLA (5 x 5),B0,condition,6,B0,3,49,49,[]
1,LLA,5.0,adjusted_lla_5,LLA (5 x 5),B0,condition,8,B0,1,49,49,[]
1,LLA,5.0,adjusted_lla_5,LLA (5 x 5),B0,condition,8,B0,2,49,49,[]
1,LLA,5.0,adjusted_lla_5,LLA (5 x 5),B0,condition,8,B0,3,49,49,[]
1,LLA,5.0,adjusted_lla_5,LLA (5 x 5),B0,condition,10,B0,1,49,49,[]
1,LLA,5.0,adjusted_lla_5,LLA (5 x 5),B0,condition,10,B0,2,49,49,[]
1,LLA,5.0,adjusted_lla_5,LLA (5 x 5),B0,condition,10,B0,3,49,49,[]
1,LLA,5.0,adjusted_lla_5,LLA (5 x 5),B0,condition,12,B0,1,49,49,[]
1,LLA,5.0,adjusted_lla_5,LLA (5 x 5),B0,condition,12,B0,2,49,49,[]
1,LLA,5.0,adjusted_lla_5,LLA (5 x 5),B0,condition,12,B0,3,49,49,[]
1,LLA,5.0,adjusted_lla_5,LLA (5 x 5),B0,condition,14,B0,1,49,49,[]
1,LLA,5.0,adjusted_lla_5,LLA (5 x 5),B0,condition,14,B0,2,49,49,[]
1,LLA,5.0,adjusted_lla_5,LLA (5 x 5),B0,condition,14,B0,3,49,49,[]
1,LLA,5.0,adjusted_lla_5,LLA (5 x 5),B1,condition,2,B1,1,49,48,"[{""sample_id"": ""KYOw02789"", ""fold"": 2, ""condition_id"": ""B1"", ""repeat"": 1, ""status"": ""undefined"", ""reason"": ""single_cluster""}]"
1,LLA,5.0,adjusted_lla_5,LLA (5 x 5),B1,condition,2,B1,2,49,48,"[{""sample_id"": ""KYOw02789"", ""fold"": 2, ""condition_id"": ""B1"", ""repeat"": 2, ""status"": ""undefined"", ""reason"": ""single_cluster""}]"
1,LLA,5.0,adjusted_lla_5,LLA (5 x 5),B1,condition,2,B1,3,49,48,"[{""sample_id"": ""KYOw02789"", ""fold"": 2, ""condition_id"": ""B1"", ""repeat"": 3, ""status"": ""undefined"", ""reason"": ""single_cluster""}]"
1,LLA,5.0,adjusted_lla_5,LLA (5 x 5),B1,condition,4,B1,1,49,49,[]
1,LLA,5.0,adjusted_lla_5,LLA (5 x 5),B1,condition,4,B1,2,49,49,[]
1,LLA,5.0,adjusted_lla_5,LLA (5 x 5),B1,condition,4,B1,3,49,49,[]
1,LLA,5.0,adjusted_lla_5,LLA (5 x 5),B1,condition,6,B1,1,49,49,[]
1,LLA,5.0,adjusted_lla_5,LLA (5 x 5),B1,condition,6,B1,2,49,49,[]
1,LLA,5.0,adjusted_lla_5,LLA (5 x 5),B1,condition,6,B1,3,49,49,[]
1,LLA,5.0,adjusted_lla_5,LLA (5 x 5),B1,condition,8,B1,1,49,49,[]
1,LLA,5.0,adjusted_lla_5,LLA (5 x 5),B1,condition,8,B1,2,49,49,[]
1,LLA,5.0,adjusted_lla_5,LLA (5 x 5),B1,condition,8,B1,3,49,49,[]
1,LLA,5.0,adjusted_lla_5,LLA (5 x 5),B1,condition,10,B1,1,49,49,[]
1,LLA,5.0,adjusted_lla_5,LLA (5 x 5),B1,condition,10,B1,2,49,49,[]
1,LLA,5.0,adjusted_lla_5,LLA (5 x 5),B1,condition,10,B1,3,49,49,[]
1,LLA,5.0,adjusted_lla_5,LLA (5 x 5),B1,condition,12,B1,1,49,49,[]
1,LLA,5.0,adjusted_lla_5,LLA (5 x 5),B1,condition,12,B1,2,49,49,[]
1,LLA,5.0,adjusted_lla_5,LLA (5 x 5),B1,condition,12,B1,3,49,49,[]
1,LLA,5.0,adjusted_lla_5,LLA (5 x 5),B1,condition,14,B1,1,49,49,[]
1,LLA,5.0,adjusted_lla_5,LLA (5 x 5),B1,condition,14,B1,2,49,49,[]
1,LLA,5.0,adjusted_lla_5,LLA (5 x 5),B1,condition,14,B1,3,49,49,[]
1,LLA,5.0,adjusted_lla_5,LLA (5 x 5),M00,condition,2,M00,1,49,49,[]
1,LLA,5.0,adjusted_lla_5,LLA (5 x 5),M00,condition,2,M00,2,49,49,[]
1,LLA,5.0,adjusted_lla_5,LLA (5 x 5),M00,condition,2,M00,3,49,49,[]
1,LLA,5.0,adjusted_lla_5,LLA (5 x 5),M00,condition,4,M00,1,49,49,[]
1,LLA,5.0,adjusted_lla_5,LLA (5 x 5),M00,condition,4,M00,2,49,49,[]
1,LLA,5.0,adjusted_lla_5,LLA (5 x 5),M00,condition,4,M00,3,49,49,[]
1,LLA,5.0,adjusted_lla_5,LLA (5 x 5),M00,condition,6,M00,1,49,49,[]
1,LLA,5.0,adjusted_lla_5,LLA (5 x 5),M00,condition,6,M00,2,49,49,[]
1,LLA,5.0,adjusted_lla_5,LLA (5 x 5),M00,condition,6,M00,3,49,49,[]
1,LLA,5.0,adjusted_lla_5,LLA (5 x 5),M00,condition,8,M00,1,49,49,[]
1,LLA,5.0,adjusted_lla_5,LLA (5 x 5),M00,condition,8,M00,2,49,49,[]
1,LLA,5.0,adjusted_lla_5,LLA (5 x 5),M00,condition,8,M00,3,49,49,[]
1,LLA,5.0,adjusted_lla_5,LLA (5 x 5),M00,condition,10,M00,1,49,49,[]
1,LLA,5.0,adjusted_lla_5,LLA (5 x 5),M00,condition,10,M00,2,49,49,[]
1,LLA,5.0,adjusted_lla_5,LLA (5 x 5),M00,condition,10,M00,3,49,49,[]
1,LLA,5.0,adjusted_lla_5,LLA (5 x 5),M00,condition,12,M00,1,49,49,[]
1,LLA,5.0,adjusted_lla_5,LLA (5 x 5),M00,condition,12,M00,2,49,49,[]
1,LLA,5.0,adjusted_lla_5,LLA (5 x 5),M00,condition,12,M00,3,49,49,[]
1,LLA,5.0,adjusted_lla_5,LLA (5 x 5),M00,condition,14,M00,1,49,49,[]
1,LLA,5.0,adjusted_lla_5,LLA (5 x 5),M00,condition,14,M00,2,49,49,[]
1,LLA,5.0,adjusted_lla_5,LLA (5 x 5),M00,condition,14,M00,3,49,49,[]
1,LLA,5.0,adjusted_lla_5,LLA (5 x 5),M00 - A0,paired,2,M00,1,49,49,[]
1,LLA,5.0,adjusted_lla_5,LLA (5 x 5),M00 - A0,paired,2,M00,2,49,49,[]
1,LLA,5.0,adjusted_lla_5,LLA (5 x 5),M00 - A0,paired,2,M00,3,49,49,[]
1,LLA,5.0,adjusted_lla_5,LLA (5 x 5),M00 - A0,paired,2,A0,1,49,48,"[{""sample_id"": ""KYOw02789"", ""fold"": 2, ""condition_id"": ""A0"", ""repeat"": 1, ""status"": ""undefined"", ""reason"": ""single_cluster""}]"
1,LLA,5.0,adjusted_lla_5,LLA (5 x 5),M00 - A0,paired,2,A0,2,49,49,[]
1,LLA,5.0,adjusted_lla_5,LLA (5 x 5),M00 - A0,paired,2,A0,3,49,49,[]
1,LLA,5.0,adjusted_lla_5,LLA (5 x 5),M00 - A0,paired,4,M00,1,49,49,[]
1,LLA,5.0,adjusted_lla_5,LLA (5 x 5),M00 - A0,paired,4,M00,2,49,49,[]
1,LLA,5.0,adjusted_lla_5,LLA (5 x 5),M00 - A0,paired,4,M00,3,49,49,[]
1,LLA,5.0,adjusted_lla_5,LLA (5 x 5),M00 - A0,paired,4,A0,1,49,49,[]
1,LLA,5.0,adjusted_lla_5,LLA (5 x 5),M00 - A0,paired,4,A0,2,49,49,[]
1,LLA,5.0,adjusted_lla_5,LLA (5 x 5),M00 - A0,paired,4,A0,3,49,49,[]
1,LLA,5.0,adjusted_lla_5,LLA (5 x 5),M00 - A0,paired,6,M00,1,49,49,[]
1,LLA,5.0,adjusted_lla_5,LLA (5 x 5),M00 - A0,paired,6,M00,2,49,49,[]
1,LLA,5.0,adjusted_lla_5,LLA (5 x 5),M00 - A0,paired,6,M00,3,49,49,[]
1,LLA,5.0,adjusted_lla_5,LLA (5 x 5),M00 - A0,paired,6,A0,1,49,49,[]
1,LLA,5.0,adjusted_lla_5,LLA (5 x 5),M00 - A0,paired,6,A0,2,49,49,[]
1,LLA,5.0,adjusted_lla_5,LLA (5 x 5),M00 - A0,paired,6,A0,3,49,49,[]
1,LLA,5.0,adjusted_lla_5,LLA (5 x 5),M00 - A0,paired,8,M00,1,49,49,[]
1,LLA,5.0,adjusted_lla_5,LLA (5 x 5),M00 - A0,paired,8,M00,2,49,49,[]
1,LLA,5.0,adjusted_lla_5,LLA (5 x 5),M00 - A0,paired,8,M00,3,49,49,[]
1,LLA,5.0,adjusted_lla_5,LLA (5 x 5),M00 - A0,paired,8,A0,1,49,49,[]
1,LLA,5.0,adjusted_lla_5,LLA (5 x 5),M00 - A0,paired,8,A0,2,49,49,[]
1,LLA,5.0,adjusted_lla_5,LLA (5 x 5),M00 - A0,paired,8,A0,3,49,49,[]
1,LLA,5.0,adjusted_lla_5,LLA (5 x 5),M00 - A0,paired,10,M00,1,49,49,[]
1,LLA,5.0,adjusted_lla_5,LLA (5 x 5),M00 - A0,paired,10,M00,2,49,49,[]
1,LLA,5.0,adjusted_lla_5,LLA (5 x 5),M00 - A0,paired,10,M00,3,49,49,[]
1,LLA,5.0,adjusted_lla_5,LLA (5 x 5),M00 - A0,paired,10,A0,1,49,49,[]
1,LLA,5.0,adjusted_lla_5,LLA (5 x 5),M00 - A0,paired,10,A0,2,49,49,[]
1,LLA,5.0,adjusted_lla_5,LLA (5 x 5),M00 - A0,paired,10,A0,3,49,49,[]
1,LLA,5.0,adjusted_lla_5,LLA (5 x 5),M00 - A0,paired,12,M00,1,49,49,[]
1,LLA,5.0,adjusted_lla_5,LLA (5 x 5),M00 - A0,paired,12,M00,2,49,49,[]
1,LLA,5.0,adjusted_lla_5,LLA (5 x 5),M00 - A0,paired,12,M00,3,49,49,[]
1,LLA,5.0,adjusted_lla_5,LLA (5 x 5),M00 - A0,paired,12,A0,1,49,49,[]
1,LLA,5.0,adjusted_lla_5,LLA (5 x 5),M00 - A0,paired,12,A0,2,49,49,[]
1,LLA,5.0,adjusted_lla_5,LLA (5 x 5),M00 - A0,paired,12,A0,3,49,49,[]
1,LLA,5.0,adjusted_lla_5,LLA (5 x 5),M00 - A0,paired,14,M00,1,49,49,[]
1,LLA,5.0,adjusted_lla_5,LLA (5 x 5),M00 - A0,paired,14,M00,2,49,49,[]
1,LLA,5.0,adjusted_lla_5,LLA (5 x 5),M00 - A0,paired,14,M00,3,49,49,[]
1,LLA,5.0,adjusted_lla_5,LLA (5 x 5),M00 - A0,paired,14,A0,1,49,49,[]
1,LLA,5.0,adjusted_lla_5,LLA (5 x 5),M00 - A0,paired,14,A0,2,49,49,[]
1,LLA,5.0,adjusted_lla_5,LLA (5 x 5),M00 - A0,paired,14,A0,3,49,49,[]
1,LLA,5.0,adjusted_lla_5,LLA (5 x 5),M00 - B0,paired,2,M00,1,49,49,[]
1,LLA,5.0,adjusted_lla_5,LLA (5 x 5),M00 - B0,paired,2,M00,2,49,49,[]
1,LLA,5.0,adjusted_lla_5,LLA (5 x 5),M00 - B0,paired,2,M00,3,49,49,[]
1,LLA,5.0,adjusted_lla_5,LLA (5 x 5),M00 - B0,paired,2,B0,1,49,49,[]
1,LLA,5.0,adjusted_lla_5,LLA (5 x 5),M00 - B0,paired,2,B0,2,49,49,[]
1,LLA,5.0,adjusted_lla_5,LLA (5 x 5),M00 - B0,paired,2,B0,3,49,49,[]
1,LLA,5.0,adjusted_lla_5,LLA (5 x 5),M00 - B0,paired,4,M00,1,49,49,[]
1,LLA,5.0,adjusted_lla_5,LLA (5 x 5),M00 - B0,paired,4,M00,2,49,49,[]
1,LLA,5.0,adjusted_lla_5,LLA (5 x 5),M00 - B0,paired,4,M00,3,49,49,[]
1,LLA,5.0,adjusted_lla_5,LLA (5 x 5),M00 - B0,paired,4,B0,1,49,49,[]
1,LLA,5.0,adjusted_lla_5,LLA (5 x 5),M00 - B0,paired,4,B0,2,49,49,[]
1,LLA,5.0,adjusted_lla_5,LLA (5 x 5),M00 - B0,paired,4,B0,3,49,49,[]
1,LLA,5.0,adjusted_lla_5,LLA (5 x 5),M00 - B0,paired,6,M00,1,49,49,[]
1,LLA,5.0,adjusted_lla_5,LLA (5 x 5),M00 - B0,paired,6,M00,2,49,49,[]
1,LLA,5.0,adjusted_lla_5,LLA (5 x 5),M00 - B0,paired,6,M00,3,49,49,[]
1,LLA,5.0,adjusted_lla_5,LLA (5 x 5),M00 - B0,paired,6,B0,1,49,49,[]
1,LLA,5.0,adjusted_lla_5,LLA (5 x 5),M00 - B0,paired,6,B0,2,49,49,[]
1,LLA,5.0,adjusted_lla_5,LLA (5 x 5),M00 - B0,paired,6,B0,3,49,49,[]
1,LLA,5.0,adjusted_lla_5,LLA (5 x 5),M00 - B0,paired,8,M00,1,49,49,[]
1,LLA,5.0,adjusted_lla_5,LLA (5 x 5),M00 - B0,paired,8,M00,2,49,49,[]
1,LLA,5.0,adjusted_lla_5,LLA (5 x 5),M00 - B0,paired,8,M00,3,49,49,[]
1,LLA,5.0,adjusted_lla_5,LLA (5 x 5),M00 - B0,paired,8,B0,1,49,49,[]
1,LLA,5.0,adjusted_lla_5,LLA (5 x 5),M00 - B0,paired,8,B0,2,49,49,[]
1,LLA,5.0,adjusted_lla_5,LLA (5 x 5),M00 - B0,paired,8,B0,3,49,49,[]
1,LLA,5.0,adjusted_lla_5,LLA (5 x 5),M00 - B0,paired,10,M00,1,49,49,[]
1,LLA,5.0,adjusted_lla_5,LLA (5 x 5),M00 - B0,paired,10,M00,2,49,49,[]
1,LLA,5.0,adjusted_lla_5,LLA (5 x 5),M00 - B0,paired,10,M00,3,49,49,[]
1,LLA,5.0,adjusted_lla_5,LLA (5 x 5),M00 - B0,paired,10,B0,1,49,49,[]
1,LLA,5.0,adjusted_lla_5,LLA (5 x 5),M00 - B0,paired,10,B0,2,49,49,[]
1,LLA,5.0,adjusted_lla_5,LLA (5 x 5),M00 - B0,paired,10,B0,3,49,49,[]
1,LLA,5.0,adjusted_lla_5,LLA (5 x 5),M00 - B0,paired,12,M00,1,49,49,[]
1,LLA,5.0,adjusted_lla_5,LLA (5 x 5),M00 - B0,paired,12,M00,2,49,49,[]
1,LLA,5.0,adjusted_lla_5,LLA (5 x 5),M00 - B0,paired,12,M00,3,49,49,[]
1,LLA,5.0,adjusted_lla_5,LLA (5 x 5),M00 - B0,paired,12,B0,1,49,49,[]
1,LLA,5.0,adjusted_lla_5,LLA (5 x 5),M00 - B0,paired,12,B0,2,49,49,[]
1,LLA,5.0,adjusted_lla_5,LLA (5 x 5),M00 - B0,paired,12,B0,3,49,49,[]
1,LLA,5.0,adjusted_lla_5,LLA (5 x 5),M00 - B0,paired,14,M00,1,49,49,[]
1,LLA,5.0,adjusted_lla_5,LLA (5 x 5),M00 - B0,paired,14,M00,2,49,49,[]
1,LLA,5.0,adjusted_lla_5,LLA (5 x 5),M00 - B0,paired,14,M00,3,49,49,[]
1,LLA,5.0,adjusted_lla_5,LLA (5 x 5),M00 - B0,paired,14,B0,1,49,49,[]
1,LLA,5.0,adjusted_lla_5,LLA (5 x 5),M00 - B0,paired,14,B0,2,49,49,[]
1,LLA,5.0,adjusted_lla_5,LLA (5 x 5),M00 - B0,paired,14,B0,3,49,49,[]
1,LLA,5.0,adjusted_lla_5,LLA (5 x 5),M00 - B1,paired,2,M00,1,49,49,[]
1,LLA,5.0,adjusted_lla_5,LLA (5 x 5),M00 - B1,paired,2,M00,2,49,49,[]
1,LLA,5.0,adjusted_lla_5,LLA (5 x 5),M00 - B1,paired,2,M00,3,49,49,[]
1,LLA,5.0,adjusted_lla_5,LLA (5 x 5),M00 - B1,paired,2,B1,1,49,48,"[{""sample_id"": ""KYOw02789"", ""fold"": 2, ""condition_id"": ""B1"", ""repeat"": 1, ""status"": ""undefined"", ""reason"": ""single_cluster""}]"
1,LLA,5.0,adjusted_lla_5,LLA (5 x 5),M00 - B1,paired,2,B1,2,49,48,"[{""sample_id"": ""KYOw02789"", ""fold"": 2, ""condition_id"": ""B1"", ""repeat"": 2, ""status"": ""undefined"", ""reason"": ""single_cluster""}]"
1,LLA,5.0,adjusted_lla_5,LLA (5 x 5),M00 - B1,paired,2,B1,3,49,48,"[{""sample_id"": ""KYOw02789"", ""fold"": 2, ""condition_id"": ""B1"", ""repeat"": 3, ""status"": ""undefined"", ""reason"": ""single_cluster""}]"
1,LLA,5.0,adjusted_lla_5,LLA (5 x 5),M00 - B1,paired,4,M00,1,49,49,[]
1,LLA,5.0,adjusted_lla_5,LLA (5 x 5),M00 - B1,paired,4,M00,2,49,49,[]
1,LLA,5.0,adjusted_lla_5,LLA (5 x 5),M00 - B1,paired,4,M00,3,49,49,[]
1,LLA,5.0,adjusted_lla_5,LLA (5 x 5),M00 - B1,paired,4,B1,1,49,49,[]
1,LLA,5.0,adjusted_lla_5,LLA (5 x 5),M00 - B1,paired,4,B1,2,49,49,[]
1,LLA,5.0,adjusted_lla_5,LLA (5 x 5),M00 - B1,paired,4,B1,3,49,49,[]
1,LLA,5.0,adjusted_lla_5,LLA (5 x 5),M00 - B1,paired,6,M00,1,49,49,[]
1,LLA,5.0,adjusted_lla_5,LLA (5 x 5),M00 - B1,paired,6,M00,2,49,49,[]
1,LLA,5.0,adjusted_lla_5,LLA (5 x 5),M00 - B1,paired,6,M00,3,49,49,[]
1,LLA,5.0,adjusted_lla_5,LLA (5 x 5),M00 - B1,paired,6,B1,1,49,49,[]
1,LLA,5.0,adjusted_lla_5,LLA (5 x 5),M00 - B1,paired,6,B1,2,49,49,[]
1,LLA,5.0,adjusted_lla_5,LLA (5 x 5),M00 - B1,paired,6,B1,3,49,49,[]
1,LLA,5.0,adjusted_lla_5,LLA (5 x 5),M00 - B1,paired,8,M00,1,49,49,[]
1,LLA,5.0,adjusted_lla_5,LLA (5 x 5),M00 - B1,paired,8,M00,2,49,49,[]
1,LLA,5.0,adjusted_lla_5,LLA (5 x 5),M00 - B1,paired,8,M00,3,49,49,[]
1,LLA,5.0,adjusted_lla_5,LLA (5 x 5),M00 - B1,paired,8,B1,1,49,49,[]
1,LLA,5.0,adjusted_lla_5,LLA (5 x 5),M00 - B1,paired,8,B1,2,49,49,[]
1,LLA,5.0,adjusted_lla_5,LLA (5 x 5),M00 - B1,paired,8,B1,3,49,49,[]
1,LLA,5.0,adjusted_lla_5,LLA (5 x 5),M00 - B1,paired,10,M00,1,49,49,[]
1,LLA,5.0,adjusted_lla_5,LLA (5 x 5),M00 - B1,paired,10,M00,2,49,49,[]
1,LLA,5.0,adjusted_lla_5,LLA (5 x 5),M00 - B1,paired,10,M00,3,49,49,[]
1,LLA,5.0,adjusted_lla_5,LLA (5 x 5),M00 - B1,paired,10,B1,1,49,49,[]
1,LLA,5.0,adjusted_lla_5,LLA (5 x 5),M00 - B1,paired,10,B1,2,49,49,[]
1,LLA,5.0,adjusted_lla_5,LLA (5 x 5),M00 - B1,paired,10,B1,3,49,49,[]
1,LLA,5.0,adjusted_lla_5,LLA (5 x 5),M00 - B1,paired,12,M00,1,49,49,[]
1,LLA,5.0,adjusted_lla_5,LLA (5 x 5),M00 - B1,paired,12,M00,2,49,49,[]
1,LLA,5.0,adjusted_lla_5,LLA (5 x 5),M00 - B1,paired,12,M00,3,49,49,[]
1,LLA,5.0,adjusted_lla_5,LLA (5 x 5),M00 - B1,paired,12,B1,1,49,49,[]
1,LLA,5.0,adjusted_lla_5,LLA (5 x 5),M00 - B1,paired,12,B1,2,49,49,[]
1,LLA,5.0,adjusted_lla_5,LLA (5 x 5),M00 - B1,paired,12,B1,3,49,49,[]
1,LLA,5.0,adjusted_lla_5,LLA (5 x 5),M00 - B1,paired,14,M00,1,49,49,[]
1,LLA,5.0,adjusted_lla_5,LLA (5 x 5),M00 - B1,paired,14,M00,2,49,49,[]
1,LLA,5.0,adjusted_lla_5,LLA (5 x 5),M00 - B1,paired,14,M00,3,49,49,[]
1,LLA,5.0,adjusted_lla_5,LLA (5 x 5),M00 - B1,paired,14,B1,1,49,49,[]
1,LLA,5.0,adjusted_lla_5,LLA (5 x 5),M00 - B1,paired,14,B1,2,49,49,[]
1,LLA,5.0,adjusted_lla_5,LLA (5 x 5),M00 - B1,paired,14,B1,3,49,49,[]
1,LLA,5.0,adjusted_lla_5,LLA (5 x 5),M01,condition,2,M01,1,49,49,[]
1,LLA,5.0,adjusted_lla_5,LLA (5 x 5),M01,condition,2,M01,2,49,49,[]
1,LLA,5.0,adjusted_lla_5,LLA (5 x 5),M01,condition,2,M01,3,49,49,[]
1,LLA,5.0,adjusted_lla_5,LLA (5 x 5),M01,condition,4,M01,1,49,49,[]
1,LLA,5.0,adjusted_lla_5,LLA (5 x 5),M01,condition,4,M01,2,49,49,[]
1,LLA,5.0,adjusted_lla_5,LLA (5 x 5),M01,condition,4,M01,3,49,49,[]
1,LLA,5.0,adjusted_lla_5,LLA (5 x 5),M01,condition,6,M01,1,49,49,[]
1,LLA,5.0,adjusted_lla_5,LLA (5 x 5),M01,condition,6,M01,2,49,49,[]
1,LLA,5.0,adjusted_lla_5,LLA (5 x 5),M01,condition,6,M01,3,49,49,[]
1,LLA,5.0,adjusted_lla_5,LLA (5 x 5),M01,condition,8,M01,1,49,49,[]
1,LLA,5.0,adjusted_lla_5,LLA (5 x 5),M01,condition,8,M01,2,49,49,[]
1,LLA,5.0,adjusted_lla_5,LLA (5 x 5),M01,condition,8,M01,3,49,49,[]
1,LLA,5.0,adjusted_lla_5,LLA (5 x 5),M01,condition,10,M01,1,49,49,[]
1,LLA,5.0,adjusted_lla_5,LLA (5 x 5),M01,condition,10,M01,2,49,49,[]
1,LLA,5.0,adjusted_lla_5,LLA (5 x 5),M01,condition,10,M01,3,49,49,[]
1,LLA,5.0,adjusted_lla_5,LLA (5 x 5),M01,condition,12,M01,1,49,49,[]
1,LLA,5.0,adjusted_lla_5,LLA (5 x 5),M01,condition,12,M01,2,49,49,[]
1,LLA,5.0,adjusted_lla_5,LLA (5 x 5),M01,condition,12,M01,3,49,49,[]
1,LLA,5.0,adjusted_lla_5,LLA (5 x 5),M01,condition,14,M01,1,49,49,[]
1,LLA,5.0,adjusted_lla_5,LLA (5 x 5),M01,condition,14,M01,2,49,49,[]
1,LLA,5.0,adjusted_lla_5,LLA (5 x 5),M01,condition,14,M01,3,49,49,[]
1,LLA,5.0,adjusted_lla_5,LLA (5 x 5),M01 - M00,paired,2,M01,1,49,49,[]
1,LLA,5.0,adjusted_lla_5,LLA (5 x 5),M01 - M00,paired,2,M01,2,49,49,[]
1,LLA,5.0,adjusted_lla_5,LLA (5 x 5),M01 - M00,paired,2,M01,3,49,49,[]
1,LLA,5.0,adjusted_lla_5,LLA (5 x 5),M01 - M00,paired,2,M00,1,49,49,[]
1,LLA,5.0,adjusted_lla_5,LLA (5 x 5),M01 - M00,paired,2,M00,2,49,49,[]
1,LLA,5.0,adjusted_lla_5,LLA (5 x 5),M01 - M00,paired,2,M00,3,49,49,[]
1,LLA,5.0,adjusted_lla_5,LLA (5 x 5),M01 - M00,paired,4,M01,1,49,49,[]
1,LLA,5.0,adjusted_lla_5,LLA (5 x 5),M01 - M00,paired,4,M01,2,49,49,[]
1,LLA,5.0,adjusted_lla_5,LLA (5 x 5),M01 - M00,paired,4,M01,3,49,49,[]
1,LLA,5.0,adjusted_lla_5,LLA (5 x 5),M01 - M00,paired,4,M00,1,49,49,[]
1,LLA,5.0,adjusted_lla_5,LLA (5 x 5),M01 - M00,paired,4,M00,2,49,49,[]
1,LLA,5.0,adjusted_lla_5,LLA (5 x 5),M01 - M00,paired,4,M00,3,49,49,[]
1,LLA,5.0,adjusted_lla_5,LLA (5 x 5),M01 - M00,paired,6,M01,1,49,49,[]
1,LLA,5.0,adjusted_lla_5,LLA (5 x 5),M01 - M00,paired,6,M01,2,49,49,[]
1,LLA,5.0,adjusted_lla_5,LLA (5 x 5),M01 - M00,paired,6,M01,3,49,49,[]
1,LLA,5.0,adjusted_lla_5,LLA (5 x 5),M01 - M00,paired,6,M00,1,49,49,[]
1,LLA,5.0,adjusted_lla_5,LLA (5 x 5),M01 - M00,paired,6,M00,2,49,49,[]
1,LLA,5.0,adjusted_lla_5,LLA (5 x 5),M01 - M00,paired,6,M00,3,49,49,[]
1,LLA,5.0,adjusted_lla_5,LLA (5 x 5),M01 - M00,paired,8,M01,1,49,49,[]
1,LLA,5.0,adjusted_lla_5,LLA (5 x 5),M01 - M00,paired,8,M01,2,49,49,[]
1,LLA,5.0,adjusted_lla_5,LLA (5 x 5),M01 - M00,paired,8,M01,3,49,49,[]
1,LLA,5.0,adjusted_lla_5,LLA (5 x 5),M01 - M00,paired,8,M00,1,49,49,[]
1,LLA,5.0,adjusted_lla_5,LLA (5 x 5),M01 - M00,paired,8,M00,2,49,49,[]
1,LLA,5.0,adjusted_lla_5,LLA (5 x 5),M01 - M00,paired,8,M00,3,49,49,[]
1,LLA,5.0,adjusted_lla_5,LLA (5 x 5),M01 - M00,paired,10,M01,1,49,49,[]
1,LLA,5.0,adjusted_lla_5,LLA (5 x 5),M01 - M00,paired,10,M01,2,49,49,[]
1,LLA,5.0,adjusted_lla_5,LLA (5 x 5),M01 - M00,paired,10,M01,3,49,49,[]
1,LLA,5.0,adjusted_lla_5,LLA (5 x 5),M01 - M00,paired,10,M00,1,49,49,[]
1,LLA,5.0,adjusted_lla_5,LLA (5 x 5),M01 - M00,paired,10,M00,2,49,49,[]
1,LLA,5.0,adjusted_lla_5,LLA (5 x 5),M01 - M00,paired,10,M00,3,49,49,[]
1,LLA,5.0,adjusted_lla_5,LLA (5 x 5),M01 - M00,paired,12,M01,1,49,49,[]
1,LLA,5.0,adjusted_lla_5,LLA (5 x 5),M01 - M00,paired,12,M01,2,49,49,[]
1,LLA,5.0,adjusted_lla_5,LLA (5 x 5),M01 - M00,paired,12,M01,3,49,49,[]
1,LLA,5.0,adjusted_lla_5,LLA (5 x 5),M01 - M00,paired,12,M00,1,49,49,[]
1,LLA,5.0,adjusted_lla_5,LLA (5 x 5),M01 - M00,paired,12,M00,2,49,49,[]
1,LLA,5.0,adjusted_lla_5,LLA (5 x 5),M01 - M00,paired,12,M00,3,49,49,[]
1,LLA,5.0,adjusted_lla_5,LLA (5 x 5),M01 - M00,paired,14,M01,1,49,49,[]
1,LLA,5.0,adjusted_lla_5,LLA (5 x 5),M01 - M00,paired,14,M01,2,49,49,[]
1,LLA,5.0,adjusted_lla_5,LLA (5 x 5),M01 - M00,paired,14,M01,3,49,49,[]
1,LLA,5.0,adjusted_lla_5,LLA (5 x 5),M01 - M00,paired,14,M00,1,49,49,[]
1,LLA,5.0,adjusted_lla_5,LLA (5 x 5),M01 - M00,paired,14,M00,2,49,49,[]
1,LLA,5.0,adjusted_lla_5,LLA (5 x 5),M01 - M00,paired,14,M00,3,49,49,[]
1,LLA,5.0,adjusted_lla_5,LLA (5 x 5),M10,condition,2,M10,1,49,49,[]
1,LLA,5.0,adjusted_lla_5,LLA (5 x 5),M10,condition,2,M10,2,49,49,[]
1,LLA,5.0,adjusted_lla_5,LLA (5 x 5),M10,condition,2,M10,3,49,49,[]
1,LLA,5.0,adjusted_lla_5,LLA (5 x 5),M10,condition,4,M10,1,49,49,[]
1,LLA,5.0,adjusted_lla_5,LLA (5 x 5),M10,condition,4,M10,2,49,49,[]
1,LLA,5.0,adjusted_lla_5,LLA (5 x 5),M10,condition,4,M10,3,49,49,[]
1,LLA,5.0,adjusted_lla_5,LLA (5 x 5),M10,condition,6,M10,1,49,49,[]
1,LLA,5.0,adjusted_lla_5,LLA (5 x 5),M10,condition,6,M10,2,49,49,[]
1,LLA,5.0,adjusted_lla_5,LLA (5 x 5),M10,condition,6,M10,3,49,49,[]
1,LLA,5.0,adjusted_lla_5,LLA (5 x 5),M10,condition,8,M10,1,49,49,[]
1,LLA,5.0,adjusted_lla_5,LLA (5 x 5),M10,condition,8,M10,2,49,49,[]
1,LLA,5.0,adjusted_lla_5,LLA (5 x 5),M10,condition,8,M10,3,49,49,[]
1,LLA,5.0,adjusted_lla_5,LLA (5 x 5),M10,condition,10,M10,1,49,49,[]
1,LLA,5.0,adjusted_lla_5,LLA (5 x 5),M10,condition,10,M10,2,49,49,[]
1,LLA,5.0,adjusted_lla_5,LLA (5 x 5),M10,condition,10,M10,3,49,49,[]
1,LLA,5.0,adjusted_lla_5,LLA (5 x 5),M10,condition,12,M10,1,49,49,[]
1,LLA,5.0,adjusted_lla_5,LLA (5 x 5),M10,condition,12,M10,2,49,49,[]
1,LLA,5.0,adjusted_lla_5,LLA (5 x 5),M10,condition,12,M10,3,49,49,[]
1,LLA,5.0,adjusted_lla_5,LLA (5 x 5),M10,condition,14,M10,1,49,49,[]
1,LLA,5.0,adjusted_lla_5,LLA (5 x 5),M10,condition,14,M10,2,49,49,[]
1,LLA,5.0,adjusted_lla_5,LLA (5 x 5),M10,condition,14,M10,3,49,49,[]
1,LLA,5.0,adjusted_lla_5,LLA (5 x 5),M10 - M00,paired,2,M10,1,49,49,[]
1,LLA,5.0,adjusted_lla_5,LLA (5 x 5),M10 - M00,paired,2,M10,2,49,49,[]
1,LLA,5.0,adjusted_lla_5,LLA (5 x 5),M10 - M00,paired,2,M10,3,49,49,[]
1,LLA,5.0,adjusted_lla_5,LLA (5 x 5),M10 - M00,paired,2,M00,1,49,49,[]
1,LLA,5.0,adjusted_lla_5,LLA (5 x 5),M10 - M00,paired,2,M00,2,49,49,[]
1,LLA,5.0,adjusted_lla_5,LLA (5 x 5),M10 - M00,paired,2,M00,3,49,49,[]
1,LLA,5.0,adjusted_lla_5,LLA (5 x 5),M10 - M00,paired,4,M10,1,49,49,[]
1,LLA,5.0,adjusted_lla_5,LLA (5 x 5),M10 - M00,paired,4,M10,2,49,49,[]
1,LLA,5.0,adjusted_lla_5,LLA (5 x 5),M10 - M00,paired,4,M10,3,49,49,[]
1,LLA,5.0,adjusted_lla_5,LLA (5 x 5),M10 - M00,paired,4,M00,1,49,49,[]
1,LLA,5.0,adjusted_lla_5,LLA (5 x 5),M10 - M00,paired,4,M00,2,49,49,[]
1,LLA,5.0,adjusted_lla_5,LLA (5 x 5),M10 - M00,paired,4,M00,3,49,49,[]
1,LLA,5.0,adjusted_lla_5,LLA (5 x 5),M10 - M00,paired,6,M10,1,49,49,[]
1,LLA,5.0,adjusted_lla_5,LLA (5 x 5),M10 - M00,paired,6,M10,2,49,49,[]
1,LLA,5.0,adjusted_lla_5,LLA (5 x 5),M10 - M00,paired,6,M10,3,49,49,[]
1,LLA,5.0,adjusted_lla_5,LLA (5 x 5),M10 - M00,paired,6,M00,1,49,49,[]
1,LLA,5.0,adjusted_lla_5,LLA (5 x 5),M10 - M00,paired,6,M00,2,49,49,[]
1,LLA,5.0,adjusted_lla_5,LLA (5 x 5),M10 - M00,paired,6,M00,3,49,49,[]
1,LLA,5.0,adjusted_lla_5,LLA (5 x 5),M10 - M00,paired,8,M10,1,49,49,[]
1,LLA,5.0,adjusted_lla_5,LLA (5 x 5),M10 - M00,paired,8,M10,2,49,49,[]
1,LLA,5.0,adjusted_lla_5,LLA (5 x 5),M10 - M00,paired,8,M10,3,49,49,[]
1,LLA,5.0,adjusted_lla_5,LLA (5 x 5),M10 - M00,paired,8,M00,1,49,49,[]
1,LLA,5.0,adjusted_lla_5,LLA (5 x 5),M10 - M00,paired,8,M00,2,49,49,[]
1,LLA,5.0,adjusted_lla_5,LLA (5 x 5),M10 - M00,paired,8,M00,3,49,49,[]
1,LLA,5.0,adjusted_lla_5,LLA (5 x 5),M10 - M00,paired,10,M10,1,49,49,[]
1,LLA,5.0,adjusted_lla_5,LLA (5 x 5),M10 - M00,paired,10,M10,2,49,49,[]
1,LLA,5.0,adjusted_lla_5,LLA (5 x 5),M10 - M00,paired,10,M10,3,49,49,[]
1,LLA,5.0,adjusted_lla_5,LLA (5 x 5),M10 - M00,paired,10,M00,1,49,49,[]
1,LLA,5.0,adjusted_lla_5,LLA (5 x 5),M10 - M00,paired,10,M00,2,49,49,[]
1,LLA,5.0,adjusted_lla_5,LLA (5 x 5),M10 - M00,paired,10,M00,3,49,49,[]
1,LLA,5.0,adjusted_lla_5,LLA (5 x 5),M10 - M00,paired,12,M10,1,49,49,[]
1,LLA,5.0,adjusted_lla_5,LLA (5 x 5),M10 - M00,paired,12,M10,2,49,49,[]
1,LLA,5.0,adjusted_lla_5,LLA (5 x 5),M10 - M00,paired,12,M10,3,49,49,[]
1,LLA,5.0,adjusted_lla_5,LLA (5 x 5),M10 - M00,paired,12,M00,1,49,49,[]
1,LLA,5.0,adjusted_lla_5,LLA (5 x 5),M10 - M00,paired,12,M00,2,49,49,[]
1,LLA,5.0,adjusted_lla_5,LLA (5 x 5),M10 - M00,paired,12,M00,3,49,49,[]
1,LLA,5.0,adjusted_lla_5,LLA (5 x 5),M10 - M00,paired,14,M10,1,49,49,[]
1,LLA,5.0,adjusted_lla_5,LLA (5 x 5),M10 - M00,paired,14,M10,2,49,49,[]
1,LLA,5.0,adjusted_lla_5,LLA (5 x 5),M10 - M00,paired,14,M10,3,49,49,[]
1,LLA,5.0,adjusted_lla_5,LLA (5 x 5),M10 - M00,paired,14,M00,1,49,49,[]
1,LLA,5.0,adjusted_lla_5,LLA (5 x 5),M10 - M00,paired,14,M00,2,49,49,[]
1,LLA,5.0,adjusted_lla_5,LLA (5 x 5),M10 - M00,paired,14,M00,3,49,49,[]
1,LLA,5.0,adjusted_lla_5,LLA (5 x 5),M11,condition,2,M11,1,49,48,"[{""sample_id"": ""KYOw02789"", ""fold"": 2, ""condition_id"": ""M11"", ""repeat"": 1, ""status"": ""undefined"", ""reason"": ""single_cluster""}]"
1,LLA,5.0,adjusted_lla_5,LLA (5 x 5),M11,condition,2,M11,2,49,48,"[{""sample_id"": ""KYOw02789"", ""fold"": 2, ""condition_id"": ""M11"", ""repeat"": 2, ""status"": ""undefined"", ""reason"": ""single_cluster""}]"
1,LLA,5.0,adjusted_lla_5,LLA (5 x 5),M11,condition,2,M11,3,49,48,"[{""sample_id"": ""KYOw02789"", ""fold"": 2, ""condition_id"": ""M11"", ""repeat"": 3, ""status"": ""undefined"", ""reason"": ""single_cluster""}]"
1,LLA,5.0,adjusted_lla_5,LLA (5 x 5),M11,condition,4,M11,1,49,49,[]
1,LLA,5.0,adjusted_lla_5,LLA (5 x 5),M11,condition,4,M11,2,49,49,[]
1,LLA,5.0,adjusted_lla_5,LLA (5 x 5),M11,condition,4,M11,3,49,49,[]
1,LLA,5.0,adjusted_lla_5,LLA (5 x 5),M11,condition,6,M11,1,49,49,[]
1,LLA,5.0,adjusted_lla_5,LLA (5 x 5),M11,condition,6,M11,2,49,49,[]
1,LLA,5.0,adjusted_lla_5,LLA (5 x 5),M11,condition,6,M11,3,49,49,[]
1,LLA,5.0,adjusted_lla_5,LLA (5 x 5),M11,condition,8,M11,1,49,49,[]
1,LLA,5.0,adjusted_lla_5,LLA (5 x 5),M11,condition,8,M11,2,49,49,[]
1,LLA,5.0,adjusted_lla_5,LLA (5 x 5),M11,condition,8,M11,3,49,49,[]
1,LLA,5.0,adjusted_lla_5,LLA (5 x 5),M11,condition,10,M11,1,49,49,[]
1,LLA,5.0,adjusted_lla_5,LLA (5 x 5),M11,condition,10,M11,2,49,49,[]
1,LLA,5.0,adjusted_lla_5,LLA (5 x 5),M11,condition,10,M11,3,49,49,[]
1,LLA,5.0,adjusted_lla_5,LLA (5 x 5),M11,condition,12,M11,1,49,49,[]
1,LLA,5.0,adjusted_lla_5,LLA (5 x 5),M11,condition,12,M11,2,49,49,[]
1,LLA,5.0,adjusted_lla_5,LLA (5 x 5),M11,condition,12,M11,3,49,49,[]
1,LLA,5.0,adjusted_lla_5,LLA (5 x 5),M11,condition,14,M11,1,49,49,[]
1,LLA,5.0,adjusted_lla_5,LLA (5 x 5),M11,condition,14,M11,2,49,49,[]
1,LLA,5.0,adjusted_lla_5,LLA (5 x 5),M11,condition,14,M11,3,49,49,[]
1,LLA,5.0,adjusted_lla_5,LLA (5 x 5),M11 - B0,paired,2,M11,1,49,48,"[{""sample_id"": ""KYOw02789"", ""fold"": 2, ""condition_id"": ""M11"", ""repeat"": 1, ""status"": ""undefined"", ""reason"": ""single_cluster""}]"
1,LLA,5.0,adjusted_lla_5,LLA (5 x 5),M11 - B0,paired,2,M11,2,49,48,"[{""sample_id"": ""KYOw02789"", ""fold"": 2, ""condition_id"": ""M11"", ""repeat"": 2, ""status"": ""undefined"", ""reason"": ""single_cluster""}]"
1,LLA,5.0,adjusted_lla_5,LLA (5 x 5),M11 - B0,paired,2,M11,3,49,48,"[{""sample_id"": ""KYOw02789"", ""fold"": 2, ""condition_id"": ""M11"", ""repeat"": 3, ""status"": ""undefined"", ""reason"": ""single_cluster""}]"
1,LLA,5.0,adjusted_lla_5,LLA (5 x 5),M11 - B0,paired,2,B0,1,49,49,[]
1,LLA,5.0,adjusted_lla_5,LLA (5 x 5),M11 - B0,paired,2,B0,2,49,49,[]
1,LLA,5.0,adjusted_lla_5,LLA (5 x 5),M11 - B0,paired,2,B0,3,49,49,[]
1,LLA,5.0,adjusted_lla_5,LLA (5 x 5),M11 - B0,paired,4,M11,1,49,49,[]
1,LLA,5.0,adjusted_lla_5,LLA (5 x 5),M11 - B0,paired,4,M11,2,49,49,[]
1,LLA,5.0,adjusted_lla_5,LLA (5 x 5),M11 - B0,paired,4,M11,3,49,49,[]
1,LLA,5.0,adjusted_lla_5,LLA (5 x 5),M11 - B0,paired,4,B0,1,49,49,[]
1,LLA,5.0,adjusted_lla_5,LLA (5 x 5),M11 - B0,paired,4,B0,2,49,49,[]
1,LLA,5.0,adjusted_lla_5,LLA (5 x 5),M11 - B0,paired,4,B0,3,49,49,[]
1,LLA,5.0,adjusted_lla_5,LLA (5 x 5),M11 - B0,paired,6,M11,1,49,49,[]
1,LLA,5.0,adjusted_lla_5,LLA (5 x 5),M11 - B0,paired,6,M11,2,49,49,[]
1,LLA,5.0,adjusted_lla_5,LLA (5 x 5),M11 - B0,paired,6,M11,3,49,49,[]
1,LLA,5.0,adjusted_lla_5,LLA (5 x 5),M11 - B0,paired,6,B0,1,49,49,[]
1,LLA,5.0,adjusted_lla_5,LLA (5 x 5),M11 - B0,paired,6,B0,2,49,49,[]
1,LLA,5.0,adjusted_lla_5,LLA (5 x 5),M11 - B0,paired,6,B0,3,49,49,[]
1,LLA,5.0,adjusted_lla_5,LLA (5 x 5),M11 - B0,paired,8,M11,1,49,49,[]
1,LLA,5.0,adjusted_lla_5,LLA (5 x 5),M11 - B0,paired,8,M11,2,49,49,[]
1,LLA,5.0,adjusted_lla_5,LLA (5 x 5),M11 - B0,paired,8,M11,3,49,49,[]
1,LLA,5.0,adjusted_lla_5,LLA (5 x 5),M11 - B0,paired,8,B0,1,49,49,[]
1,LLA,5.0,adjusted_lla_5,LLA (5 x 5),M11 - B0,paired,8,B0,2,49,49,[]
1,LLA,5.0,adjusted_lla_5,LLA (5 x 5),M11 - B0,paired,8,B0,3,49,49,[]
1,LLA,5.0,adjusted_lla_5,LLA (5 x 5),M11 - B0,paired,10,M11,1,49,49,[]
1,LLA,5.0,adjusted_lla_5,LLA (5 x 5),M11 - B0,paired,10,M11,2,49,49,[]
1,LLA,5.0,adjusted_lla_5,LLA (5 x 5),M11 - B0,paired,10,M11,3,49,49,[]
1,LLA,5.0,adjusted_lla_5,LLA (5 x 5),M11 - B0,paired,10,B0,1,49,49,[]
1,LLA,5.0,adjusted_lla_5,LLA (5 x 5),M11 - B0,paired,10,B0,2,49,49,[]
1,LLA,5.0,adjusted_lla_5,LLA (5 x 5),M11 - B0,paired,10,B0,3,49,49,[]
1,LLA,5.0,adjusted_lla_5,LLA (5 x 5),M11 - B0,paired,12,M11,1,49,49,[]
1,LLA,5.0,adjusted_lla_5,LLA (5 x 5),M11 - B0,paired,12,M11,2,49,49,[]
1,LLA,5.0,adjusted_lla_5,LLA (5 x 5),M11 - B0,paired,12,M11,3,49,49,[]
1,LLA,5.0,adjusted_lla_5,LLA (5 x 5),M11 - B0,paired,12,B0,1,49,49,[]
1,LLA,5.0,adjusted_lla_5,LLA (5 x 5),M11 - B0,paired,12,B0,2,49,49,[]
1,LLA,5.0,adjusted_lla_5,LLA (5 x 5),M11 - B0,paired,12,B0,3,49,49,[]
1,LLA,5.0,adjusted_lla_5,LLA (5 x 5),M11 - B0,paired,14,M11,1,49,49,[]
1,LLA,5.0,adjusted_lla_5,LLA (5 x 5),M11 - B0,paired,14,M11,2,49,49,[]
1,LLA,5.0,adjusted_lla_5,LLA (5 x 5),M11 - B0,paired,14,M11,3,49,49,[]
1,LLA,5.0,adjusted_lla_5,LLA (5 x 5),M11 - B0,paired,14,B0,1,49,49,[]
1,LLA,5.0,adjusted_lla_5,LLA (5 x 5),M11 - B0,paired,14,B0,2,49,49,[]
1,LLA,5.0,adjusted_lla_5,LLA (5 x 5),M11 - B0,paired,14,B0,3,49,49,[]
1,LLA,5.0,adjusted_lla_5,LLA (5 x 5),M11 - B1,paired,2,M11,1,49,48,"[{""sample_id"": ""KYOw02789"", ""fold"": 2, ""condition_id"": ""M11"", ""repeat"": 1, ""status"": ""undefined"", ""reason"": ""single_cluster""}]"
1,LLA,5.0,adjusted_lla_5,LLA (5 x 5),M11 - B1,paired,2,M11,2,49,48,"[{""sample_id"": ""KYOw02789"", ""fold"": 2, ""condition_id"": ""M11"", ""repeat"": 2, ""status"": ""undefined"", ""reason"": ""single_cluster""}]"
1,LLA,5.0,adjusted_lla_5,LLA (5 x 5),M11 - B1,paired,2,M11,3,49,48,"[{""sample_id"": ""KYOw02789"", ""fold"": 2, ""condition_id"": ""M11"", ""repeat"": 3, ""status"": ""undefined"", ""reason"": ""single_cluster""}]"
1,LLA,5.0,adjusted_lla_5,LLA (5 x 5),M11 - B1,paired,2,B1,1,49,48,"[{""sample_id"": ""KYOw02789"", ""fold"": 2, ""condition_id"": ""B1"", ""repeat"": 1, ""status"": ""undefined"", ""reason"": ""single_cluster""}]"
1,LLA,5.0,adjusted_lla_5,LLA (5 x 5),M11 - B1,paired,2,B1,2,49,48,"[{""sample_id"": ""KYOw02789"", ""fold"": 2, ""condition_id"": ""B1"", ""repeat"": 2, ""status"": ""undefined"", ""reason"": ""single_cluster""}]"
1,LLA,5.0,adjusted_lla_5,LLA (5 x 5),M11 - B1,paired,2,B1,3,49,48,"[{""sample_id"": ""KYOw02789"", ""fold"": 2, ""condition_id"": ""B1"", ""repeat"": 3, ""status"": ""undefined"", ""reason"": ""single_cluster""}]"
1,LLA,5.0,adjusted_lla_5,LLA (5 x 5),M11 - B1,paired,4,M11,1,49,49,[]
1,LLA,5.0,adjusted_lla_5,LLA (5 x 5),M11 - B1,paired,4,M11,2,49,49,[]
1,LLA,5.0,adjusted_lla_5,LLA (5 x 5),M11 - B1,paired,4,M11,3,49,49,[]
1,LLA,5.0,adjusted_lla_5,LLA (5 x 5),M11 - B1,paired,4,B1,1,49,49,[]
1,LLA,5.0,adjusted_lla_5,LLA (5 x 5),M11 - B1,paired,4,B1,2,49,49,[]
1,LLA,5.0,adjusted_lla_5,LLA (5 x 5),M11 - B1,paired,4,B1,3,49,49,[]
1,LLA,5.0,adjusted_lla_5,LLA (5 x 5),M11 - B1,paired,6,M11,1,49,49,[]
1,LLA,5.0,adjusted_lla_5,LLA (5 x 5),M11 - B1,paired,6,M11,2,49,49,[]
1,LLA,5.0,adjusted_lla_5,LLA (5 x 5),M11 - B1,paired,6,M11,3,49,49,[]
1,LLA,5.0,adjusted_lla_5,LLA (5 x 5),M11 - B1,paired,6,B1,1,49,49,[]
1,LLA,5.0,adjusted_lla_5,LLA (5 x 5),M11 - B1,paired,6,B1,2,49,49,[]
1,LLA,5.0,adjusted_lla_5,LLA (5 x 5),M11 - B1,paired,6,B1,3,49,49,[]
1,LLA,5.0,adjusted_lla_5,LLA (5 x 5),M11 - B1,paired,8,M11,1,49,49,[]
1,LLA,5.0,adjusted_lla_5,LLA (5 x 5),M11 - B1,paired,8,M11,2,49,49,[]
1,LLA,5.0,adjusted_lla_5,LLA (5 x 5),M11 - B1,paired,8,M11,3,49,49,[]
1,LLA,5.0,adjusted_lla_5,LLA (5 x 5),M11 - B1,paired,8,B1,1,49,49,[]
1,LLA,5.0,adjusted_lla_5,LLA (5 x 5),M11 - B1,paired,8,B1,2,49,49,[]
1,LLA,5.0,adjusted_lla_5,LLA (5 x 5),M11 - B1,paired,8,B1,3,49,49,[]
1,LLA,5.0,adjusted_lla_5,LLA (5 x 5),M11 - B1,paired,10,M11,1,49,49,[]
1,LLA,5.0,adjusted_lla_5,LLA (5 x 5),M11 - B1,paired,10,M11,2,49,49,[]
1,LLA,5.0,adjusted_lla_5,LLA (5 x 5),M11 - B1,paired,10,M11,3,49,49,[]
1,LLA,5.0,adjusted_lla_5,LLA (5 x 5),M11 - B1,paired,10,B1,1,49,49,[]
1,LLA,5.0,adjusted_lla_5,LLA (5 x 5),M11 - B1,paired,10,B1,2,49,49,[]
1,LLA,5.0,adjusted_lla_5,LLA (5 x 5),M11 - B1,paired,10,B1,3,49,49,[]
1,LLA,5.0,adjusted_lla_5,LLA (5 x 5),M11 - B1,paired,12,M11,1,49,49,[]
1,LLA,5.0,adjusted_lla_5,LLA (5 x 5),M11 - B1,paired,12,M11,2,49,49,[]
1,LLA,5.0,adjusted_lla_5,LLA (5 x 5),M11 - B1,paired,12,M11,3,49,49,[]
1,LLA,5.0,adjusted_lla_5,LLA (5 x 5),M11 - B1,paired,12,B1,1,49,49,[]
1,LLA,5.0,adjusted_lla_5,LLA (5 x 5),M11 - B1,paired,12,B1,2,49,49,[]
1,LLA,5.0,adjusted_lla_5,LLA (5 x 5),M11 - B1,paired,12,B1,3,49,49,[]
1,LLA,5.0,adjusted_lla_5,LLA (5 x 5),M11 - B1,paired,14,M11,1,49,49,[]
1,LLA,5.0,adjusted_lla_5,LLA (5 x 5),M11 - B1,paired,14,M11,2,49,49,[]
1,LLA,5.0,adjusted_lla_5,LLA (5 x 5),M11 - B1,paired,14,M11,3,49,49,[]
1,LLA,5.0,adjusted_lla_5,LLA (5 x 5),M11 - B1,paired,14,B1,1,49,49,[]
1,LLA,5.0,adjusted_lla_5,LLA (5 x 5),M11 - B1,paired,14,B1,2,49,49,[]
1,LLA,5.0,adjusted_lla_5,LLA (5 x 5),M11 - B1,paired,14,B1,3,49,49,[]
1,LLA,5.0,adjusted_lla_5,LLA (5 x 5),M11 - M00,paired,2,M11,1,49,48,"[{""sample_id"": ""KYOw02789"", ""fold"": 2, ""condition_id"": ""M11"", ""repeat"": 1, ""status"": ""undefined"", ""reason"": ""single_cluster""}]"
1,LLA,5.0,adjusted_lla_5,LLA (5 x 5),M11 - M00,paired,2,M11,2,49,48,"[{""sample_id"": ""KYOw02789"", ""fold"": 2, ""condition_id"": ""M11"", ""repeat"": 2, ""status"": ""undefined"", ""reason"": ""single_cluster""}]"
1,LLA,5.0,adjusted_lla_5,LLA (5 x 5),M11 - M00,paired,2,M11,3,49,48,"[{""sample_id"": ""KYOw02789"", ""fold"": 2, ""condition_id"": ""M11"", ""repeat"": 3, ""status"": ""undefined"", ""reason"": ""single_cluster""}]"
1,LLA,5.0,adjusted_lla_5,LLA (5 x 5),M11 - M00,paired,2,M00,1,49,49,[]
1,LLA,5.0,adjusted_lla_5,LLA (5 x 5),M11 - M00,paired,2,M00,2,49,49,[]
1,LLA,5.0,adjusted_lla_5,LLA (5 x 5),M11 - M00,paired,2,M00,3,49,49,[]
1,LLA,5.0,adjusted_lla_5,LLA (5 x 5),M11 - M00,paired,4,M11,1,49,49,[]
1,LLA,5.0,adjusted_lla_5,LLA (5 x 5),M11 - M00,paired,4,M11,2,49,49,[]
1,LLA,5.0,adjusted_lla_5,LLA (5 x 5),M11 - M00,paired,4,M11,3,49,49,[]
1,LLA,5.0,adjusted_lla_5,LLA (5 x 5),M11 - M00,paired,4,M00,1,49,49,[]
1,LLA,5.0,adjusted_lla_5,LLA (5 x 5),M11 - M00,paired,4,M00,2,49,49,[]
1,LLA,5.0,adjusted_lla_5,LLA (5 x 5),M11 - M00,paired,4,M00,3,49,49,[]
1,LLA,5.0,adjusted_lla_5,LLA (5 x 5),M11 - M00,paired,6,M11,1,49,49,[]
1,LLA,5.0,adjusted_lla_5,LLA (5 x 5),M11 - M00,paired,6,M11,2,49,49,[]
1,LLA,5.0,adjusted_lla_5,LLA (5 x 5),M11 - M00,paired,6,M11,3,49,49,[]
1,LLA,5.0,adjusted_lla_5,LLA (5 x 5),M11 - M00,paired,6,M00,1,49,49,[]
1,LLA,5.0,adjusted_lla_5,LLA (5 x 5),M11 - M00,paired,6,M00,2,49,49,[]
1,LLA,5.0,adjusted_lla_5,LLA (5 x 5),M11 - M00,paired,6,M00,3,49,49,[]
1,LLA,5.0,adjusted_lla_5,LLA (5 x 5),M11 - M00,paired,8,M11,1,49,49,[]
1,LLA,5.0,adjusted_lla_5,LLA (5 x 5),M11 - M00,paired,8,M11,2,49,49,[]
1,LLA,5.0,adjusted_lla_5,LLA (5 x 5),M11 - M00,paired,8,M11,3,49,49,[]
1,LLA,5.0,adjusted_lla_5,LLA (5 x 5),M11 - M00,paired,8,M00,1,49,49,[]
1,LLA,5.0,adjusted_lla_5,LLA (5 x 5),M11 - M00,paired,8,M00,2,49,49,[]
1,LLA,5.0,adjusted_lla_5,LLA (5 x 5),M11 - M00,paired,8,M00,3,49,49,[]
1,LLA,5.0,adjusted_lla_5,LLA (5 x 5),M11 - M00,paired,10,M11,1,49,49,[]
1,LLA,5.0,adjusted_lla_5,LLA (5 x 5),M11 - M00,paired,10,M11,2,49,49,[]
1,LLA,5.0,adjusted_lla_5,LLA (5 x 5),M11 - M00,paired,10,M11,3,49,49,[]
1,LLA,5.0,adjusted_lla_5,LLA (5 x 5),M11 - M00,paired,10,M00,1,49,49,[]
1,LLA,5.0,adjusted_lla_5,LLA (5 x 5),M11 - M00,paired,10,M00,2,49,49,[]
1,LLA,5.0,adjusted_lla_5,LLA (5 x 5),M11 - M00,paired,10,M00,3,49,49,[]
1,LLA,5.0,adjusted_lla_5,LLA (5 x 5),M11 - M00,paired,12,M11,1,49,49,[]
1,LLA,5.0,adjusted_lla_5,LLA (5 x 5),M11 - M00,paired,12,M11,2,49,49,[]
1,LLA,5.0,adjusted_lla_5,LLA (5 x 5),M11 - M00,paired,12,M11,3,49,49,[]
1,LLA,5.0,adjusted_lla_5,LLA (5 x 5),M11 - M00,paired,12,M00,1,49,49,[]
1,LLA,5.0,adjusted_lla_5,LLA (5 x 5),M11 - M00,paired,12,M00,2,49,49,[]
1,LLA,5.0,adjusted_lla_5,LLA (5 x 5),M11 - M00,paired,12,M00,3,49,49,[]
1,LLA,5.0,adjusted_lla_5,LLA (5 x 5),M11 - M00,paired,14,M11,1,49,49,[]
1,LLA,5.0,adjusted_lla_5,LLA (5 x 5),M11 - M00,paired,14,M11,2,49,49,[]
1,LLA,5.0,adjusted_lla_5,LLA (5 x 5),M11 - M00,paired,14,M11,3,49,49,[]
1,LLA,5.0,adjusted_lla_5,LLA (5 x 5),M11 - M00,paired,14,M00,1,49,49,[]
1,LLA,5.0,adjusted_lla_5,LLA (5 x 5),M11 - M00,paired,14,M00,2,49,49,[]
1,LLA,5.0,adjusted_lla_5,LLA (5 x 5),M11 - M00,paired,14,M00,3,49,49,[]
1,LLA,5.0,adjusted_lla_5,LLA (5 x 5),M11 - M01,paired,2,M11,1,49,48,"[{""sample_id"": ""KYOw02789"", ""fold"": 2, ""condition_id"": ""M11"", ""repeat"": 1, ""status"": ""undefined"", ""reason"": ""single_cluster""}]"
1,LLA,5.0,adjusted_lla_5,LLA (5 x 5),M11 - M01,paired,2,M11,2,49,48,"[{""sample_id"": ""KYOw02789"", ""fold"": 2, ""condition_id"": ""M11"", ""repeat"": 2, ""status"": ""undefined"", ""reason"": ""single_cluster""}]"
1,LLA,5.0,adjusted_lla_5,LLA (5 x 5),M11 - M01,paired,2,M11,3,49,48,"[{""sample_id"": ""KYOw02789"", ""fold"": 2, ""condition_id"": ""M11"", ""repeat"": 3, ""status"": ""undefined"", ""reason"": ""single_cluster""}]"
1,LLA,5.0,adjusted_lla_5,LLA (5 x 5),M11 - M01,paired,2,M01,1,49,49,[]
1,LLA,5.0,adjusted_lla_5,LLA (5 x 5),M11 - M01,paired,2,M01,2,49,49,[]
1,LLA,5.0,adjusted_lla_5,LLA (5 x 5),M11 - M01,paired,2,M01,3,49,49,[]
1,LLA,5.0,adjusted_lla_5,LLA (5 x 5),M11 - M01,paired,4,M11,1,49,49,[]
1,LLA,5.0,adjusted_lla_5,LLA (5 x 5),M11 - M01,paired,4,M11,2,49,49,[]
1,LLA,5.0,adjusted_lla_5,LLA (5 x 5),M11 - M01,paired,4,M11,3,49,49,[]
1,LLA,5.0,adjusted_lla_5,LLA (5 x 5),M11 - M01,paired,4,M01,1,49,49,[]
1,LLA,5.0,adjusted_lla_5,LLA (5 x 5),M11 - M01,paired,4,M01,2,49,49,[]
1,LLA,5.0,adjusted_lla_5,LLA (5 x 5),M11 - M01,paired,4,M01,3,49,49,[]
1,LLA,5.0,adjusted_lla_5,LLA (5 x 5),M11 - M01,paired,6,M11,1,49,49,[]
1,LLA,5.0,adjusted_lla_5,LLA (5 x 5),M11 - M01,paired,6,M11,2,49,49,[]
1,LLA,5.0,adjusted_lla_5,LLA (5 x 5),M11 - M01,paired,6,M11,3,49,49,[]
1,LLA,5.0,adjusted_lla_5,LLA (5 x 5),M11 - M01,paired,6,M01,1,49,49,[]
1,LLA,5.0,adjusted_lla_5,LLA (5 x 5),M11 - M01,paired,6,M01,2,49,49,[]
1,LLA,5.0,adjusted_lla_5,LLA (5 x 5),M11 - M01,paired,6,M01,3,49,49,[]
1,LLA,5.0,adjusted_lla_5,LLA (5 x 5),M11 - M01,paired,8,M11,1,49,49,[]
1,LLA,5.0,adjusted_lla_5,LLA (5 x 5),M11 - M01,paired,8,M11,2,49,49,[]
1,LLA,5.0,adjusted_lla_5,LLA (5 x 5),M11 - M01,paired,8,M11,3,49,49,[]
1,LLA,5.0,adjusted_lla_5,LLA (5 x 5),M11 - M01,paired,8,M01,1,49,49,[]
1,LLA,5.0,adjusted_lla_5,LLA (5 x 5),M11 - M01,paired,8,M01,2,49,49,[]
1,LLA,5.0,adjusted_lla_5,LLA (5 x 5),M11 - M01,paired,8,M01,3,49,49,[]
1,LLA,5.0,adjusted_lla_5,LLA (5 x 5),M11 - M01,paired,10,M11,1,49,49,[]
1,LLA,5.0,adjusted_lla_5,LLA (5 x 5),M11 - M01,paired,10,M11,2,49,49,[]
1,LLA,5.0,adjusted_lla_5,LLA (5 x 5),M11 - M01,paired,10,M11,3,49,49,[]
1,LLA,5.0,adjusted_lla_5,LLA (5 x 5),M11 - M01,paired,10,M01,1,49,49,[]
1,LLA,5.0,adjusted_lla_5,LLA (5 x 5),M11 - M01,paired,10,M01,2,49,49,[]
1,LLA,5.0,adjusted_lla_5,LLA (5 x 5),M11 - M01,paired,10,M01,3,49,49,[]
1,LLA,5.0,adjusted_lla_5,LLA (5 x 5),M11 - M01,paired,12,M11,1,49,49,[]
1,LLA,5.0,adjusted_lla_5,LLA (5 x 5),M11 - M01,paired,12,M11,2,49,49,[]
1,LLA,5.0,adjusted_lla_5,LLA (5 x 5),M11 - M01,paired,12,M11,3,49,49,[]
1,LLA,5.0,adjusted_lla_5,LLA (5 x 5),M11 - M01,paired,12,M01,1,49,49,[]
1,LLA,5.0,adjusted_lla_5,LLA (5 x 5),M11 - M01,paired,12,M01,2,49,49,[]
1,LLA,5.0,adjusted_lla_5,LLA (5 x 5),M11 - M01,paired,12,M01,3,49,49,[]
1,LLA,5.0,adjusted_lla_5,LLA (5 x 5),M11 - M01,paired,14,M11,1,49,49,[]
1,LLA,5.0,adjusted_lla_5,LLA (5 x 5),M11 - M01,paired,14,M11,2,49,49,[]
1,LLA,5.0,adjusted_lla_5,LLA (5 x 5),M11 - M01,paired,14,M11,3,49,49,[]
1,LLA,5.0,adjusted_lla_5,LLA (5 x 5),M11 - M01,paired,14,M01,1,49,49,[]
1,LLA,5.0,adjusted_lla_5,LLA (5 x 5),M11 - M01,paired,14,M01,2,49,49,[]
1,LLA,5.0,adjusted_lla_5,LLA (5 x 5),M11 - M01,paired,14,M01,3,49,49,[]
1,LLA,5.0,adjusted_lla_5,LLA (5 x 5),M11 - M10,paired,2,M11,1,49,48,"[{""sample_id"": ""KYOw02789"", ""fold"": 2, ""condition_id"": ""M11"", ""repeat"": 1, ""status"": ""undefined"", ""reason"": ""single_cluster""}]"
1,LLA,5.0,adjusted_lla_5,LLA (5 x 5),M11 - M10,paired,2,M11,2,49,48,"[{""sample_id"": ""KYOw02789"", ""fold"": 2, ""condition_id"": ""M11"", ""repeat"": 2, ""status"": ""undefined"", ""reason"": ""single_cluster""}]"
1,LLA,5.0,adjusted_lla_5,LLA (5 x 5),M11 - M10,paired,2,M11,3,49,48,"[{""sample_id"": ""KYOw02789"", ""fold"": 2, ""condition_id"": ""M11"", ""repeat"": 3, ""status"": ""undefined"", ""reason"": ""single_cluster""}]"
1,LLA,5.0,adjusted_lla_5,LLA (5 x 5),M11 - M10,paired,2,M10,1,49,49,[]
1,LLA,5.0,adjusted_lla_5,LLA (5 x 5),M11 - M10,paired,2,M10,2,49,49,[]
1,LLA,5.0,adjusted_lla_5,LLA (5 x 5),M11 - M10,paired,2,M10,3,49,49,[]
1,LLA,5.0,adjusted_lla_5,LLA (5 x 5),M11 - M10,paired,4,M11,1,49,49,[]
1,LLA,5.0,adjusted_lla_5,LLA (5 x 5),M11 - M10,paired,4,M11,2,49,49,[]
1,LLA,5.0,adjusted_lla_5,LLA (5 x 5),M11 - M10,paired,4,M11,3,49,49,[]
1,LLA,5.0,adjusted_lla_5,LLA (5 x 5),M11 - M10,paired,4,M10,1,49,49,[]
1,LLA,5.0,adjusted_lla_5,LLA (5 x 5),M11 - M10,paired,4,M10,2,49,49,[]
1,LLA,5.0,adjusted_lla_5,LLA (5 x 5),M11 - M10,paired,4,M10,3,49,49,[]
1,LLA,5.0,adjusted_lla_5,LLA (5 x 5),M11 - M10,paired,6,M11,1,49,49,[]
1,LLA,5.0,adjusted_lla_5,LLA (5 x 5),M11 - M10,paired,6,M11,2,49,49,[]
1,LLA,5.0,adjusted_lla_5,LLA (5 x 5),M11 - M10,paired,6,M11,3,49,49,[]
1,LLA,5.0,adjusted_lla_5,LLA (5 x 5),M11 - M10,paired,6,M10,1,49,49,[]
1,LLA,5.0,adjusted_lla_5,LLA (5 x 5),M11 - M10,paired,6,M10,2,49,49,[]
1,LLA,5.0,adjusted_lla_5,LLA (5 x 5),M11 - M10,paired,6,M10,3,49,49,[]
1,LLA,5.0,adjusted_lla_5,LLA (5 x 5),M11 - M10,paired,8,M11,1,49,49,[]
1,LLA,5.0,adjusted_lla_5,LLA (5 x 5),M11 - M10,paired,8,M11,2,49,49,[]
1,LLA,5.0,adjusted_lla_5,LLA (5 x 5),M11 - M10,paired,8,M11,3,49,49,[]
1,LLA,5.0,adjusted_lla_5,LLA (5 x 5),M11 - M10,paired,8,M10,1,49,49,[]
1,LLA,5.0,adjusted_lla_5,LLA (5 x 5),M11 - M10,paired,8,M10,2,49,49,[]
1,LLA,5.0,adjusted_lla_5,LLA (5 x 5),M11 - M10,paired,8,M10,3,49,49,[]
1,LLA,5.0,adjusted_lla_5,LLA (5 x 5),M11 - M10,paired,10,M11,1,49,49,[]
1,LLA,5.0,adjusted_lla_5,LLA (5 x 5),M11 - M10,paired,10,M11,2,49,49,[]
1,LLA,5.0,adjusted_lla_5,LLA (5 x 5),M11 - M10,paired,10,M11,3,49,49,[]
1,LLA,5.0,adjusted_lla_5,LLA (5 x 5),M11 - M10,paired,10,M10,1,49,49,[]
1,LLA,5.0,adjusted_lla_5,LLA (5 x 5),M11 - M10,paired,10,M10,2,49,49,[]
1,LLA,5.0,adjusted_lla_5,LLA (5 x 5),M11 - M10,paired,10,M10,3,49,49,[]
1,LLA,5.0,adjusted_lla_5,LLA (5 x 5),M11 - M10,paired,12,M11,1,49,49,[]
1,LLA,5.0,adjusted_lla_5,LLA (5 x 5),M11 - M10,paired,12,M11,2,49,49,[]
1,LLA,5.0,adjusted_lla_5,LLA (5 x 5),M11 - M10,paired,12,M11,3,49,49,[]
1,LLA,5.0,adjusted_lla_5,LLA (5 x 5),M11 - M10,paired,12,M10,1,49,49,[]
1,LLA,5.0,adjusted_lla_5,LLA (5 x 5),M11 - M10,paired,12,M10,2,49,49,[]
1,LLA,5.0,adjusted_lla_5,LLA (5 x 5),M11 - M10,paired,12,M10,3,49,49,[]
1,LLA,5.0,adjusted_lla_5,LLA (5 x 5),M11 - M10,paired,14,M11,1,49,49,[]
1,LLA,5.0,adjusted_lla_5,LLA (5 x 5),M11 - M10,paired,14,M11,2,49,49,[]
1,LLA,5.0,adjusted_lla_5,LLA (5 x 5),M11 - M10,paired,14,M11,3,49,49,[]
1,LLA,5.0,adjusted_lla_5,LLA (5 x 5),M11 - M10,paired,14,M10,1,49,49,[]
1,LLA,5.0,adjusted_lla_5,LLA (5 x 5),M11 - M10,paired,14,M10,2,49,49,[]
1,LLA,5.0,adjusted_lla_5,LLA (5 x 5),M11 - M10,paired,14,M10,3,49,49,[]
1,LLA,9.0,adjusted_lla_9,LLA (9 x 9),(M11 - M10) - (M01 - M00),interaction,2,M11,1,49,48,"[{""sample_id"": ""KYOw02789"", ""fold"": 2, ""condition_id"": ""M11"", ""repeat"": 1, ""status"": ""undefined"", ""reason"": ""single_cluster""}]"
1,LLA,9.0,adjusted_lla_9,LLA (9 x 9),(M11 - M10) - (M01 - M00),interaction,2,M11,2,49,48,"[{""sample_id"": ""KYOw02789"", ""fold"": 2, ""condition_id"": ""M11"", ""repeat"": 2, ""status"": ""undefined"", ""reason"": ""single_cluster""}]"
1,LLA,9.0,adjusted_lla_9,LLA (9 x 9),(M11 - M10) - (M01 - M00),interaction,2,M11,3,49,48,"[{""sample_id"": ""KYOw02789"", ""fold"": 2, ""condition_id"": ""M11"", ""repeat"": 3, ""status"": ""undefined"", ""reason"": ""single_cluster""}]"
1,LLA,9.0,adjusted_lla_9,LLA (9 x 9),(M11 - M10) - (M01 - M00),interaction,2,M10,1,49,49,[]
1,LLA,9.0,adjusted_lla_9,LLA (9 x 9),(M11 - M10) - (M01 - M00),interaction,2,M10,2,49,49,[]
1,LLA,9.0,adjusted_lla_9,LLA (9 x 9),(M11 - M10) - (M01 - M00),interaction,2,M10,3,49,49,[]
1,LLA,9.0,adjusted_lla_9,LLA (9 x 9),(M11 - M10) - (M01 - M00),interaction,2,M01,1,49,49,[]
1,LLA,9.0,adjusted_lla_9,LLA (9 x 9),(M11 - M10) - (M01 - M00),interaction,2,M01,2,49,49,[]
1,LLA,9.0,adjusted_lla_9,LLA (9 x 9),(M11 - M10) - (M01 - M00),interaction,2,M01,3,49,49,[]
1,LLA,9.0,adjusted_lla_9,LLA (9 x 9),(M11 - M10) - (M01 - M00),interaction,2,M00,1,49,49,[]
1,LLA,9.0,adjusted_lla_9,LLA (9 x 9),(M11 - M10) - (M01 - M00),interaction,2,M00,2,49,49,[]
1,LLA,9.0,adjusted_lla_9,LLA (9 x 9),(M11 - M10) - (M01 - M00),interaction,2,M00,3,49,49,[]
1,LLA,9.0,adjusted_lla_9,LLA (9 x 9),(M11 - M10) - (M01 - M00),interaction,4,M11,1,49,49,[]
1,LLA,9.0,adjusted_lla_9,LLA (9 x 9),(M11 - M10) - (M01 - M00),interaction,4,M11,2,49,49,[]
1,LLA,9.0,adjusted_lla_9,LLA (9 x 9),(M11 - M10) - (M01 - M00),interaction,4,M11,3,49,49,[]
1,LLA,9.0,adjusted_lla_9,LLA (9 x 9),(M11 - M10) - (M01 - M00),interaction,4,M10,1,49,49,[]
1,LLA,9.0,adjusted_lla_9,LLA (9 x 9),(M11 - M10) - (M01 - M00),interaction,4,M10,2,49,49,[]
1,LLA,9.0,adjusted_lla_9,LLA (9 x 9),(M11 - M10) - (M01 - M00),interaction,4,M10,3,49,49,[]
1,LLA,9.0,adjusted_lla_9,LLA (9 x 9),(M11 - M10) - (M01 - M00),interaction,4,M01,1,49,49,[]
1,LLA,9.0,adjusted_lla_9,LLA (9 x 9),(M11 - M10) - (M01 - M00),interaction,4,M01,2,49,49,[]
1,LLA,9.0,adjusted_lla_9,LLA (9 x 9),(M11 - M10) - (M01 - M00),interaction,4,M01,3,49,49,[]
1,LLA,9.0,adjusted_lla_9,LLA (9 x 9),(M11 - M10) - (M01 - M00),interaction,4,M00,1,49,49,[]
1,LLA,9.0,adjusted_lla_9,LLA (9 x 9),(M11 - M10) - (M01 - M00),interaction,4,M00,2,49,49,[]
1,LLA,9.0,adjusted_lla_9,LLA (9 x 9),(M11 - M10) - (M01 - M00),interaction,4,M00,3,49,49,[]
1,LLA,9.0,adjusted_lla_9,LLA (9 x 9),(M11 - M10) - (M01 - M00),interaction,6,M11,1,49,49,[]
1,LLA,9.0,adjusted_lla_9,LLA (9 x 9),(M11 - M10) - (M01 - M00),interaction,6,M11,2,49,49,[]
1,LLA,9.0,adjusted_lla_9,LLA (9 x 9),(M11 - M10) - (M01 - M00),interaction,6,M11,3,49,49,[]
1,LLA,9.0,adjusted_lla_9,LLA (9 x 9),(M11 - M10) - (M01 - M00),interaction,6,M10,1,49,49,[]
1,LLA,9.0,adjusted_lla_9,LLA (9 x 9),(M11 - M10) - (M01 - M00),interaction,6,M10,2,49,49,[]
1,LLA,9.0,adjusted_lla_9,LLA (9 x 9),(M11 - M10) - (M01 - M00),interaction,6,M10,3,49,49,[]
1,LLA,9.0,adjusted_lla_9,LLA (9 x 9),(M11 - M10) - (M01 - M00),interaction,6,M01,1,49,49,[]
1,LLA,9.0,adjusted_lla_9,LLA (9 x 9),(M11 - M10) - (M01 - M00),interaction,6,M01,2,49,49,[]
1,LLA,9.0,adjusted_lla_9,LLA (9 x 9),(M11 - M10) - (M01 - M00),interaction,6,M01,3,49,49,[]
1,LLA,9.0,adjusted_lla_9,LLA (9 x 9),(M11 - M10) - (M01 - M00),interaction,6,M00,1,49,49,[]
1,LLA,9.0,adjusted_lla_9,LLA (9 x 9),(M11 - M10) - (M01 - M00),interaction,6,M00,2,49,49,[]
1,LLA,9.0,adjusted_lla_9,LLA (9 x 9),(M11 - M10) - (M01 - M00),interaction,6,M00,3,49,49,[]
1,LLA,9.0,adjusted_lla_9,LLA (9 x 9),(M11 - M10) - (M01 - M00),interaction,8,M11,1,49,49,[]
1,LLA,9.0,adjusted_lla_9,LLA (9 x 9),(M11 - M10) - (M01 - M00),interaction,8,M11,2,49,49,[]
1,LLA,9.0,adjusted_lla_9,LLA (9 x 9),(M11 - M10) - (M01 - M00),interaction,8,M11,3,49,49,[]
1,LLA,9.0,adjusted_lla_9,LLA (9 x 9),(M11 - M10) - (M01 - M00),interaction,8,M10,1,49,49,[]
1,LLA,9.0,adjusted_lla_9,LLA (9 x 9),(M11 - M10) - (M01 - M00),interaction,8,M10,2,49,49,[]
1,LLA,9.0,adjusted_lla_9,LLA (9 x 9),(M11 - M10) - (M01 - M00),interaction,8,M10,3,49,49,[]
1,LLA,9.0,adjusted_lla_9,LLA (9 x 9),(M11 - M10) - (M01 - M00),interaction,8,M01,1,49,49,[]
1,LLA,9.0,adjusted_lla_9,LLA (9 x 9),(M11 - M10) - (M01 - M00),interaction,8,M01,2,49,49,[]
1,LLA,9.0,adjusted_lla_9,LLA (9 x 9),(M11 - M10) - (M01 - M00),interaction,8,M01,3,49,49,[]
1,LLA,9.0,adjusted_lla_9,LLA (9 x 9),(M11 - M10) - (M01 - M00),interaction,8,M00,1,49,49,[]
1,LLA,9.0,adjusted_lla_9,LLA (9 x 9),(M11 - M10) - (M01 - M00),interaction,8,M00,2,49,49,[]
1,LLA,9.0,adjusted_lla_9,LLA (9 x 9),(M11 - M10) - (M01 - M00),interaction,8,M00,3,49,49,[]
1,LLA,9.0,adjusted_lla_9,LLA (9 x 9),(M11 - M10) - (M01 - M00),interaction,10,M11,1,49,49,[]
1,LLA,9.0,adjusted_lla_9,LLA (9 x 9),(M11 - M10) - (M01 - M00),interaction,10,M11,2,49,49,[]
1,LLA,9.0,adjusted_lla_9,LLA (9 x 9),(M11 - M10) - (M01 - M00),interaction,10,M11,3,49,49,[]
1,LLA,9.0,adjusted_lla_9,LLA (9 x 9),(M11 - M10) - (M01 - M00),interaction,10,M10,1,49,49,[]
1,LLA,9.0,adjusted_lla_9,LLA (9 x 9),(M11 - M10) - (M01 - M00),interaction,10,M10,2,49,49,[]
1,LLA,9.0,adjusted_lla_9,LLA (9 x 9),(M11 - M10) - (M01 - M00),interaction,10,M10,3,49,49,[]
1,LLA,9.0,adjusted_lla_9,LLA (9 x 9),(M11 - M10) - (M01 - M00),interaction,10,M01,1,49,49,[]
1,LLA,9.0,adjusted_lla_9,LLA (9 x 9),(M11 - M10) - (M01 - M00),interaction,10,M01,2,49,49,[]
1,LLA,9.0,adjusted_lla_9,LLA (9 x 9),(M11 - M10) - (M01 - M00),interaction,10,M01,3,49,49,[]
1,LLA,9.0,adjusted_lla_9,LLA (9 x 9),(M11 - M10) - (M01 - M00),interaction,10,M00,1,49,49,[]
1,LLA,9.0,adjusted_lla_9,LLA (9 x 9),(M11 - M10) - (M01 - M00),interaction,10,M00,2,49,49,[]
1,LLA,9.0,adjusted_lla_9,LLA (9 x 9),(M11 - M10) - (M01 - M00),interaction,10,M00,3,49,49,[]
1,LLA,9.0,adjusted_lla_9,LLA (9 x 9),(M11 - M10) - (M01 - M00),interaction,12,M11,1,49,49,[]
1,LLA,9.0,adjusted_lla_9,LLA (9 x 9),(M11 - M10) - (M01 - M00),interaction,12,M11,2,49,49,[]
1,LLA,9.0,adjusted_lla_9,LLA (9 x 9),(M11 - M10) - (M01 - M00),interaction,12,M11,3,49,49,[]
1,LLA,9.0,adjusted_lla_9,LLA (9 x 9),(M11 - M10) - (M01 - M00),interaction,12,M10,1,49,49,[]
1,LLA,9.0,adjusted_lla_9,LLA (9 x 9),(M11 - M10) - (M01 - M00),interaction,12,M10,2,49,49,[]
1,LLA,9.0,adjusted_lla_9,LLA (9 x 9),(M11 - M10) - (M01 - M00),interaction,12,M10,3,49,49,[]
1,LLA,9.0,adjusted_lla_9,LLA (9 x 9),(M11 - M10) - (M01 - M00),interaction,12,M01,1,49,49,[]
1,LLA,9.0,adjusted_lla_9,LLA (9 x 9),(M11 - M10) - (M01 - M00),interaction,12,M01,2,49,49,[]
1,LLA,9.0,adjusted_lla_9,LLA (9 x 9),(M11 - M10) - (M01 - M00),interaction,12,M01,3,49,49,[]
1,LLA,9.0,adjusted_lla_9,LLA (9 x 9),(M11 - M10) - (M01 - M00),interaction,12,M00,1,49,49,[]
1,LLA,9.0,adjusted_lla_9,LLA (9 x 9),(M11 - M10) - (M01 - M00),interaction,12,M00,2,49,49,[]
1,LLA,9.0,adjusted_lla_9,LLA (9 x 9),(M11 - M10) - (M01 - M00),interaction,12,M00,3,49,49,[]
1,LLA,9.0,adjusted_lla_9,LLA (9 x 9),(M11 - M10) - (M01 - M00),interaction,14,M11,1,49,49,[]
1,LLA,9.0,adjusted_lla_9,LLA (9 x 9),(M11 - M10) - (M01 - M00),interaction,14,M11,2,49,49,[]
1,LLA,9.0,adjusted_lla_9,LLA (9 x 9),(M11 - M10) - (M01 - M00),interaction,14,M11,3,49,49,[]
1,LLA,9.0,adjusted_lla_9,LLA (9 x 9),(M11 - M10) - (M01 - M00),interaction,14,M10,1,49,49,[]
1,LLA,9.0,adjusted_lla_9,LLA (9 x 9),(M11 - M10) - (M01 - M00),interaction,14,M10,2,49,49,[]
1,LLA,9.0,adjusted_lla_9,LLA (9 x 9),(M11 - M10) - (M01 - M00),interaction,14,M10,3,49,49,[]
1,LLA,9.0,adjusted_lla_9,LLA (9 x 9),(M11 - M10) - (M01 - M00),interaction,14,M01,1,49,49,[]
1,LLA,9.0,adjusted_lla_9,LLA (9 x 9),(M11 - M10) - (M01 - M00),interaction,14,M01,2,49,49,[]
1,LLA,9.0,adjusted_lla_9,LLA (9 x 9),(M11 - M10) - (M01 - M00),interaction,14,M01,3,49,49,[]
1,LLA,9.0,adjusted_lla_9,LLA (9 x 9),(M11 - M10) - (M01 - M00),interaction,14,M00,1,49,49,[]
1,LLA,9.0,adjusted_lla_9,LLA (9 x 9),(M11 - M10) - (M01 - M00),interaction,14,M00,2,49,49,[]
1,LLA,9.0,adjusted_lla_9,LLA (9 x 9),(M11 - M10) - (M01 - M00),interaction,14,M00,3,49,49,[]
1,LLA,9.0,adjusted_lla_9,LLA (9 x 9),A0,condition,2,A0,1,49,48,"[{""sample_id"": ""KYOw02789"", ""fold"": 2, ""condition_id"": ""A0"", ""repeat"": 1, ""status"": ""undefined"", ""reason"": ""single_cluster""}]"
1,LLA,9.0,adjusted_lla_9,LLA (9 x 9),A0,condition,2,A0,2,49,49,[]
1,LLA,9.0,adjusted_lla_9,LLA (9 x 9),A0,condition,2,A0,3,49,49,[]
1,LLA,9.0,adjusted_lla_9,LLA (9 x 9),A0,condition,4,A0,1,49,49,[]
1,LLA,9.0,adjusted_lla_9,LLA (9 x 9),A0,condition,4,A0,2,49,49,[]
1,LLA,9.0,adjusted_lla_9,LLA (9 x 9),A0,condition,4,A0,3,49,49,[]
1,LLA,9.0,adjusted_lla_9,LLA (9 x 9),A0,condition,6,A0,1,49,49,[]
1,LLA,9.0,adjusted_lla_9,LLA (9 x 9),A0,condition,6,A0,2,49,49,[]
1,LLA,9.0,adjusted_lla_9,LLA (9 x 9),A0,condition,6,A0,3,49,49,[]
1,LLA,9.0,adjusted_lla_9,LLA (9 x 9),A0,condition,8,A0,1,49,49,[]
1,LLA,9.0,adjusted_lla_9,LLA (9 x 9),A0,condition,8,A0,2,49,49,[]
1,LLA,9.0,adjusted_lla_9,LLA (9 x 9),A0,condition,8,A0,3,49,49,[]
1,LLA,9.0,adjusted_lla_9,LLA (9 x 9),A0,condition,10,A0,1,49,49,[]
1,LLA,9.0,adjusted_lla_9,LLA (9 x 9),A0,condition,10,A0,2,49,49,[]
1,LLA,9.0,adjusted_lla_9,LLA (9 x 9),A0,condition,10,A0,3,49,49,[]
1,LLA,9.0,adjusted_lla_9,LLA (9 x 9),A0,condition,12,A0,1,49,49,[]
1,LLA,9.0,adjusted_lla_9,LLA (9 x 9),A0,condition,12,A0,2,49,49,[]
1,LLA,9.0,adjusted_lla_9,LLA (9 x 9),A0,condition,12,A0,3,49,49,[]
1,LLA,9.0,adjusted_lla_9,LLA (9 x 9),A0,condition,14,A0,1,49,49,[]
1,LLA,9.0,adjusted_lla_9,LLA (9 x 9),A0,condition,14,A0,2,49,49,[]
1,LLA,9.0,adjusted_lla_9,LLA (9 x 9),A0,condition,14,A0,3,49,49,[]
1,LLA,9.0,adjusted_lla_9,LLA (9 x 9),B0,condition,2,B0,1,49,49,[]
1,LLA,9.0,adjusted_lla_9,LLA (9 x 9),B0,condition,2,B0,2,49,49,[]
1,LLA,9.0,adjusted_lla_9,LLA (9 x 9),B0,condition,2,B0,3,49,49,[]
1,LLA,9.0,adjusted_lla_9,LLA (9 x 9),B0,condition,4,B0,1,49,49,[]
1,LLA,9.0,adjusted_lla_9,LLA (9 x 9),B0,condition,4,B0,2,49,49,[]
1,LLA,9.0,adjusted_lla_9,LLA (9 x 9),B0,condition,4,B0,3,49,49,[]
1,LLA,9.0,adjusted_lla_9,LLA (9 x 9),B0,condition,6,B0,1,49,49,[]
1,LLA,9.0,adjusted_lla_9,LLA (9 x 9),B0,condition,6,B0,2,49,49,[]
1,LLA,9.0,adjusted_lla_9,LLA (9 x 9),B0,condition,6,B0,3,49,49,[]
1,LLA,9.0,adjusted_lla_9,LLA (9 x 9),B0,condition,8,B0,1,49,49,[]
1,LLA,9.0,adjusted_lla_9,LLA (9 x 9),B0,condition,8,B0,2,49,49,[]
1,LLA,9.0,adjusted_lla_9,LLA (9 x 9),B0,condition,8,B0,3,49,49,[]
1,LLA,9.0,adjusted_lla_9,LLA (9 x 9),B0,condition,10,B0,1,49,49,[]
1,LLA,9.0,adjusted_lla_9,LLA (9 x 9),B0,condition,10,B0,2,49,49,[]
1,LLA,9.0,adjusted_lla_9,LLA (9 x 9),B0,condition,10,B0,3,49,49,[]
1,LLA,9.0,adjusted_lla_9,LLA (9 x 9),B0,condition,12,B0,1,49,49,[]
1,LLA,9.0,adjusted_lla_9,LLA (9 x 9),B0,condition,12,B0,2,49,49,[]
1,LLA,9.0,adjusted_lla_9,LLA (9 x 9),B0,condition,12,B0,3,49,49,[]
1,LLA,9.0,adjusted_lla_9,LLA (9 x 9),B0,condition,14,B0,1,49,49,[]
1,LLA,9.0,adjusted_lla_9,LLA (9 x 9),B0,condition,14,B0,2,49,49,[]
1,LLA,9.0,adjusted_lla_9,LLA (9 x 9),B0,condition,14,B0,3,49,49,[]
1,LLA,9.0,adjusted_lla_9,LLA (9 x 9),B1,condition,2,B1,1,49,48,"[{""sample_id"": ""KYOw02789"", ""fold"": 2, ""condition_id"": ""B1"", ""repeat"": 1, ""status"": ""undefined"", ""reason"": ""single_cluster""}]"
1,LLA,9.0,adjusted_lla_9,LLA (9 x 9),B1,condition,2,B1,2,49,48,"[{""sample_id"": ""KYOw02789"", ""fold"": 2, ""condition_id"": ""B1"", ""repeat"": 2, ""status"": ""undefined"", ""reason"": ""single_cluster""}]"
1,LLA,9.0,adjusted_lla_9,LLA (9 x 9),B1,condition,2,B1,3,49,48,"[{""sample_id"": ""KYOw02789"", ""fold"": 2, ""condition_id"": ""B1"", ""repeat"": 3, ""status"": ""undefined"", ""reason"": ""single_cluster""}]"
1,LLA,9.0,adjusted_lla_9,LLA (9 x 9),B1,condition,4,B1,1,49,49,[]
1,LLA,9.0,adjusted_lla_9,LLA (9 x 9),B1,condition,4,B1,2,49,49,[]
1,LLA,9.0,adjusted_lla_9,LLA (9 x 9),B1,condition,4,B1,3,49,49,[]
1,LLA,9.0,adjusted_lla_9,LLA (9 x 9),B1,condition,6,B1,1,49,49,[]
1,LLA,9.0,adjusted_lla_9,LLA (9 x 9),B1,condition,6,B1,2,49,49,[]
1,LLA,9.0,adjusted_lla_9,LLA (9 x 9),B1,condition,6,B1,3,49,49,[]
1,LLA,9.0,adjusted_lla_9,LLA (9 x 9),B1,condition,8,B1,1,49,49,[]
1,LLA,9.0,adjusted_lla_9,LLA (9 x 9),B1,condition,8,B1,2,49,49,[]
1,LLA,9.0,adjusted_lla_9,LLA (9 x 9),B1,condition,8,B1,3,49,49,[]
1,LLA,9.0,adjusted_lla_9,LLA (9 x 9),B1,condition,10,B1,1,49,49,[]
1,LLA,9.0,adjusted_lla_9,LLA (9 x 9),B1,condition,10,B1,2,49,49,[]
1,LLA,9.0,adjusted_lla_9,LLA (9 x 9),B1,condition,10,B1,3,49,49,[]
1,LLA,9.0,adjusted_lla_9,LLA (9 x 9),B1,condition,12,B1,1,49,49,[]
1,LLA,9.0,adjusted_lla_9,LLA (9 x 9),B1,condition,12,B1,2,49,49,[]
1,LLA,9.0,adjusted_lla_9,LLA (9 x 9),B1,condition,12,B1,3,49,49,[]
1,LLA,9.0,adjusted_lla_9,LLA (9 x 9),B1,condition,14,B1,1,49,49,[]
1,LLA,9.0,adjusted_lla_9,LLA (9 x 9),B1,condition,14,B1,2,49,49,[]
1,LLA,9.0,adjusted_lla_9,LLA (9 x 9),B1,condition,14,B1,3,49,49,[]
1,LLA,9.0,adjusted_lla_9,LLA (9 x 9),M00,condition,2,M00,1,49,49,[]
1,LLA,9.0,adjusted_lla_9,LLA (9 x 9),M00,condition,2,M00,2,49,49,[]
1,LLA,9.0,adjusted_lla_9,LLA (9 x 9),M00,condition,2,M00,3,49,49,[]
1,LLA,9.0,adjusted_lla_9,LLA (9 x 9),M00,condition,4,M00,1,49,49,[]
1,LLA,9.0,adjusted_lla_9,LLA (9 x 9),M00,condition,4,M00,2,49,49,[]
1,LLA,9.0,adjusted_lla_9,LLA (9 x 9),M00,condition,4,M00,3,49,49,[]
1,LLA,9.0,adjusted_lla_9,LLA (9 x 9),M00,condition,6,M00,1,49,49,[]
1,LLA,9.0,adjusted_lla_9,LLA (9 x 9),M00,condition,6,M00,2,49,49,[]
1,LLA,9.0,adjusted_lla_9,LLA (9 x 9),M00,condition,6,M00,3,49,49,[]
1,LLA,9.0,adjusted_lla_9,LLA (9 x 9),M00,condition,8,M00,1,49,49,[]
1,LLA,9.0,adjusted_lla_9,LLA (9 x 9),M00,condition,8,M00,2,49,49,[]
1,LLA,9.0,adjusted_lla_9,LLA (9 x 9),M00,condition,8,M00,3,49,49,[]
1,LLA,9.0,adjusted_lla_9,LLA (9 x 9),M00,condition,10,M00,1,49,49,[]
1,LLA,9.0,adjusted_lla_9,LLA (9 x 9),M00,condition,10,M00,2,49,49,[]
1,LLA,9.0,adjusted_lla_9,LLA (9 x 9),M00,condition,10,M00,3,49,49,[]
1,LLA,9.0,adjusted_lla_9,LLA (9 x 9),M00,condition,12,M00,1,49,49,[]
1,LLA,9.0,adjusted_lla_9,LLA (9 x 9),M00,condition,12,M00,2,49,49,[]
1,LLA,9.0,adjusted_lla_9,LLA (9 x 9),M00,condition,12,M00,3,49,49,[]
1,LLA,9.0,adjusted_lla_9,LLA (9 x 9),M00,condition,14,M00,1,49,49,[]
1,LLA,9.0,adjusted_lla_9,LLA (9 x 9),M00,condition,14,M00,2,49,49,[]
1,LLA,9.0,adjusted_lla_9,LLA (9 x 9),M00,condition,14,M00,3,49,49,[]
1,LLA,9.0,adjusted_lla_9,LLA (9 x 9),M00 - A0,paired,2,M00,1,49,49,[]
1,LLA,9.0,adjusted_lla_9,LLA (9 x 9),M00 - A0,paired,2,M00,2,49,49,[]
1,LLA,9.0,adjusted_lla_9,LLA (9 x 9),M00 - A0,paired,2,M00,3,49,49,[]
1,LLA,9.0,adjusted_lla_9,LLA (9 x 9),M00 - A0,paired,2,A0,1,49,48,"[{""sample_id"": ""KYOw02789"", ""fold"": 2, ""condition_id"": ""A0"", ""repeat"": 1, ""status"": ""undefined"", ""reason"": ""single_cluster""}]"
1,LLA,9.0,adjusted_lla_9,LLA (9 x 9),M00 - A0,paired,2,A0,2,49,49,[]
1,LLA,9.0,adjusted_lla_9,LLA (9 x 9),M00 - A0,paired,2,A0,3,49,49,[]
1,LLA,9.0,adjusted_lla_9,LLA (9 x 9),M00 - A0,paired,4,M00,1,49,49,[]
1,LLA,9.0,adjusted_lla_9,LLA (9 x 9),M00 - A0,paired,4,M00,2,49,49,[]
1,LLA,9.0,adjusted_lla_9,LLA (9 x 9),M00 - A0,paired,4,M00,3,49,49,[]
1,LLA,9.0,adjusted_lla_9,LLA (9 x 9),M00 - A0,paired,4,A0,1,49,49,[]
1,LLA,9.0,adjusted_lla_9,LLA (9 x 9),M00 - A0,paired,4,A0,2,49,49,[]
1,LLA,9.0,adjusted_lla_9,LLA (9 x 9),M00 - A0,paired,4,A0,3,49,49,[]
1,LLA,9.0,adjusted_lla_9,LLA (9 x 9),M00 - A0,paired,6,M00,1,49,49,[]
1,LLA,9.0,adjusted_lla_9,LLA (9 x 9),M00 - A0,paired,6,M00,2,49,49,[]
1,LLA,9.0,adjusted_lla_9,LLA (9 x 9),M00 - A0,paired,6,M00,3,49,49,[]
1,LLA,9.0,adjusted_lla_9,LLA (9 x 9),M00 - A0,paired,6,A0,1,49,49,[]
1,LLA,9.0,adjusted_lla_9,LLA (9 x 9),M00 - A0,paired,6,A0,2,49,49,[]
1,LLA,9.0,adjusted_lla_9,LLA (9 x 9),M00 - A0,paired,6,A0,3,49,49,[]
1,LLA,9.0,adjusted_lla_9,LLA (9 x 9),M00 - A0,paired,8,M00,1,49,49,[]
1,LLA,9.0,adjusted_lla_9,LLA (9 x 9),M00 - A0,paired,8,M00,2,49,49,[]
1,LLA,9.0,adjusted_lla_9,LLA (9 x 9),M00 - A0,paired,8,M00,3,49,49,[]
1,LLA,9.0,adjusted_lla_9,LLA (9 x 9),M00 - A0,paired,8,A0,1,49,49,[]
1,LLA,9.0,adjusted_lla_9,LLA (9 x 9),M00 - A0,paired,8,A0,2,49,49,[]
1,LLA,9.0,adjusted_lla_9,LLA (9 x 9),M00 - A0,paired,8,A0,3,49,49,[]
1,LLA,9.0,adjusted_lla_9,LLA (9 x 9),M00 - A0,paired,10,M00,1,49,49,[]
1,LLA,9.0,adjusted_lla_9,LLA (9 x 9),M00 - A0,paired,10,M00,2,49,49,[]
1,LLA,9.0,adjusted_lla_9,LLA (9 x 9),M00 - A0,paired,10,M00,3,49,49,[]
1,LLA,9.0,adjusted_lla_9,LLA (9 x 9),M00 - A0,paired,10,A0,1,49,49,[]
1,LLA,9.0,adjusted_lla_9,LLA (9 x 9),M00 - A0,paired,10,A0,2,49,49,[]
1,LLA,9.0,adjusted_lla_9,LLA (9 x 9),M00 - A0,paired,10,A0,3,49,49,[]
1,LLA,9.0,adjusted_lla_9,LLA (9 x 9),M00 - A0,paired,12,M00,1,49,49,[]
1,LLA,9.0,adjusted_lla_9,LLA (9 x 9),M00 - A0,paired,12,M00,2,49,49,[]
1,LLA,9.0,adjusted_lla_9,LLA (9 x 9),M00 - A0,paired,12,M00,3,49,49,[]
1,LLA,9.0,adjusted_lla_9,LLA (9 x 9),M00 - A0,paired,12,A0,1,49,49,[]
1,LLA,9.0,adjusted_lla_9,LLA (9 x 9),M00 - A0,paired,12,A0,2,49,49,[]
1,LLA,9.0,adjusted_lla_9,LLA (9 x 9),M00 - A0,paired,12,A0,3,49,49,[]
1,LLA,9.0,adjusted_lla_9,LLA (9 x 9),M00 - A0,paired,14,M00,1,49,49,[]
1,LLA,9.0,adjusted_lla_9,LLA (9 x 9),M00 - A0,paired,14,M00,2,49,49,[]
1,LLA,9.0,adjusted_lla_9,LLA (9 x 9),M00 - A0,paired,14,M00,3,49,49,[]
1,LLA,9.0,adjusted_lla_9,LLA (9 x 9),M00 - A0,paired,14,A0,1,49,49,[]
1,LLA,9.0,adjusted_lla_9,LLA (9 x 9),M00 - A0,paired,14,A0,2,49,49,[]
1,LLA,9.0,adjusted_lla_9,LLA (9 x 9),M00 - A0,paired,14,A0,3,49,49,[]
1,LLA,9.0,adjusted_lla_9,LLA (9 x 9),M00 - B0,paired,2,M00,1,49,49,[]
1,LLA,9.0,adjusted_lla_9,LLA (9 x 9),M00 - B0,paired,2,M00,2,49,49,[]
1,LLA,9.0,adjusted_lla_9,LLA (9 x 9),M00 - B0,paired,2,M00,3,49,49,[]
1,LLA,9.0,adjusted_lla_9,LLA (9 x 9),M00 - B0,paired,2,B0,1,49,49,[]
1,LLA,9.0,adjusted_lla_9,LLA (9 x 9),M00 - B0,paired,2,B0,2,49,49,[]
1,LLA,9.0,adjusted_lla_9,LLA (9 x 9),M00 - B0,paired,2,B0,3,49,49,[]
1,LLA,9.0,adjusted_lla_9,LLA (9 x 9),M00 - B0,paired,4,M00,1,49,49,[]
1,LLA,9.0,adjusted_lla_9,LLA (9 x 9),M00 - B0,paired,4,M00,2,49,49,[]
1,LLA,9.0,adjusted_lla_9,LLA (9 x 9),M00 - B0,paired,4,M00,3,49,49,[]
1,LLA,9.0,adjusted_lla_9,LLA (9 x 9),M00 - B0,paired,4,B0,1,49,49,[]
1,LLA,9.0,adjusted_lla_9,LLA (9 x 9),M00 - B0,paired,4,B0,2,49,49,[]
1,LLA,9.0,adjusted_lla_9,LLA (9 x 9),M00 - B0,paired,4,B0,3,49,49,[]
1,LLA,9.0,adjusted_lla_9,LLA (9 x 9),M00 - B0,paired,6,M00,1,49,49,[]
1,LLA,9.0,adjusted_lla_9,LLA (9 x 9),M00 - B0,paired,6,M00,2,49,49,[]
1,LLA,9.0,adjusted_lla_9,LLA (9 x 9),M00 - B0,paired,6,M00,3,49,49,[]
1,LLA,9.0,adjusted_lla_9,LLA (9 x 9),M00 - B0,paired,6,B0,1,49,49,[]
1,LLA,9.0,adjusted_lla_9,LLA (9 x 9),M00 - B0,paired,6,B0,2,49,49,[]
1,LLA,9.0,adjusted_lla_9,LLA (9 x 9),M00 - B0,paired,6,B0,3,49,49,[]
1,LLA,9.0,adjusted_lla_9,LLA (9 x 9),M00 - B0,paired,8,M00,1,49,49,[]
1,LLA,9.0,adjusted_lla_9,LLA (9 x 9),M00 - B0,paired,8,M00,2,49,49,[]
1,LLA,9.0,adjusted_lla_9,LLA (9 x 9),M00 - B0,paired,8,M00,3,49,49,[]
1,LLA,9.0,adjusted_lla_9,LLA (9 x 9),M00 - B0,paired,8,B0,1,49,49,[]
1,LLA,9.0,adjusted_lla_9,LLA (9 x 9),M00 - B0,paired,8,B0,2,49,49,[]
1,LLA,9.0,adjusted_lla_9,LLA (9 x 9),M00 - B0,paired,8,B0,3,49,49,[]
1,LLA,9.0,adjusted_lla_9,LLA (9 x 9),M00 - B0,paired,10,M00,1,49,49,[]
1,LLA,9.0,adjusted_lla_9,LLA (9 x 9),M00 - B0,paired,10,M00,2,49,49,[]
1,LLA,9.0,adjusted_lla_9,LLA (9 x 9),M00 - B0,paired,10,M00,3,49,49,[]
1,LLA,9.0,adjusted_lla_9,LLA (9 x 9),M00 - B0,paired,10,B0,1,49,49,[]
1,LLA,9.0,adjusted_lla_9,LLA (9 x 9),M00 - B0,paired,10,B0,2,49,49,[]
1,LLA,9.0,adjusted_lla_9,LLA (9 x 9),M00 - B0,paired,10,B0,3,49,49,[]
1,LLA,9.0,adjusted_lla_9,LLA (9 x 9),M00 - B0,paired,12,M00,1,49,49,[]
1,LLA,9.0,adjusted_lla_9,LLA (9 x 9),M00 - B0,paired,12,M00,2,49,49,[]
1,LLA,9.0,adjusted_lla_9,LLA (9 x 9),M00 - B0,paired,12,M00,3,49,49,[]
1,LLA,9.0,adjusted_lla_9,LLA (9 x 9),M00 - B0,paired,12,B0,1,49,49,[]
1,LLA,9.0,adjusted_lla_9,LLA (9 x 9),M00 - B0,paired,12,B0,2,49,49,[]
1,LLA,9.0,adjusted_lla_9,LLA (9 x 9),M00 - B0,paired,12,B0,3,49,49,[]
1,LLA,9.0,adjusted_lla_9,LLA (9 x 9),M00 - B0,paired,14,M00,1,49,49,[]
1,LLA,9.0,adjusted_lla_9,LLA (9 x 9),M00 - B0,paired,14,M00,2,49,49,[]
1,LLA,9.0,adjusted_lla_9,LLA (9 x 9),M00 - B0,paired,14,M00,3,49,49,[]
1,LLA,9.0,adjusted_lla_9,LLA (9 x 9),M00 - B0,paired,14,B0,1,49,49,[]
1,LLA,9.0,adjusted_lla_9,LLA (9 x 9),M00 - B0,paired,14,B0,2,49,49,[]
1,LLA,9.0,adjusted_lla_9,LLA (9 x 9),M00 - B0,paired,14,B0,3,49,49,[]
1,LLA,9.0,adjusted_lla_9,LLA (9 x 9),M00 - B1,paired,2,M00,1,49,49,[]
1,LLA,9.0,adjusted_lla_9,LLA (9 x 9),M00 - B1,paired,2,M00,2,49,49,[]
1,LLA,9.0,adjusted_lla_9,LLA (9 x 9),M00 - B1,paired,2,M00,3,49,49,[]
1,LLA,9.0,adjusted_lla_9,LLA (9 x 9),M00 - B1,paired,2,B1,1,49,48,"[{""sample_id"": ""KYOw02789"", ""fold"": 2, ""condition_id"": ""B1"", ""repeat"": 1, ""status"": ""undefined"", ""reason"": ""single_cluster""}]"
1,LLA,9.0,adjusted_lla_9,LLA (9 x 9),M00 - B1,paired,2,B1,2,49,48,"[{""sample_id"": ""KYOw02789"", ""fold"": 2, ""condition_id"": ""B1"", ""repeat"": 2, ""status"": ""undefined"", ""reason"": ""single_cluster""}]"
1,LLA,9.0,adjusted_lla_9,LLA (9 x 9),M00 - B1,paired,2,B1,3,49,48,"[{""sample_id"": ""KYOw02789"", ""fold"": 2, ""condition_id"": ""B1"", ""repeat"": 3, ""status"": ""undefined"", ""reason"": ""single_cluster""}]"
1,LLA,9.0,adjusted_lla_9,LLA (9 x 9),M00 - B1,paired,4,M00,1,49,49,[]
1,LLA,9.0,adjusted_lla_9,LLA (9 x 9),M00 - B1,paired,4,M00,2,49,49,[]
1,LLA,9.0,adjusted_lla_9,LLA (9 x 9),M00 - B1,paired,4,M00,3,49,49,[]
1,LLA,9.0,adjusted_lla_9,LLA (9 x 9),M00 - B1,paired,4,B1,1,49,49,[]
1,LLA,9.0,adjusted_lla_9,LLA (9 x 9),M00 - B1,paired,4,B1,2,49,49,[]
1,LLA,9.0,adjusted_lla_9,LLA (9 x 9),M00 - B1,paired,4,B1,3,49,49,[]
1,LLA,9.0,adjusted_lla_9,LLA (9 x 9),M00 - B1,paired,6,M00,1,49,49,[]
1,LLA,9.0,adjusted_lla_9,LLA (9 x 9),M00 - B1,paired,6,M00,2,49,49,[]
1,LLA,9.0,adjusted_lla_9,LLA (9 x 9),M00 - B1,paired,6,M00,3,49,49,[]
1,LLA,9.0,adjusted_lla_9,LLA (9 x 9),M00 - B1,paired,6,B1,1,49,49,[]
1,LLA,9.0,adjusted_lla_9,LLA (9 x 9),M00 - B1,paired,6,B1,2,49,49,[]
1,LLA,9.0,adjusted_lla_9,LLA (9 x 9),M00 - B1,paired,6,B1,3,49,49,[]
1,LLA,9.0,adjusted_lla_9,LLA (9 x 9),M00 - B1,paired,8,M00,1,49,49,[]
1,LLA,9.0,adjusted_lla_9,LLA (9 x 9),M00 - B1,paired,8,M00,2,49,49,[]
1,LLA,9.0,adjusted_lla_9,LLA (9 x 9),M00 - B1,paired,8,M00,3,49,49,[]
1,LLA,9.0,adjusted_lla_9,LLA (9 x 9),M00 - B1,paired,8,B1,1,49,49,[]
1,LLA,9.0,adjusted_lla_9,LLA (9 x 9),M00 - B1,paired,8,B1,2,49,49,[]
1,LLA,9.0,adjusted_lla_9,LLA (9 x 9),M00 - B1,paired,8,B1,3,49,49,[]
1,LLA,9.0,adjusted_lla_9,LLA (9 x 9),M00 - B1,paired,10,M00,1,49,49,[]
1,LLA,9.0,adjusted_lla_9,LLA (9 x 9),M00 - B1,paired,10,M00,2,49,49,[]
1,LLA,9.0,adjusted_lla_9,LLA (9 x 9),M00 - B1,paired,10,M00,3,49,49,[]
1,LLA,9.0,adjusted_lla_9,LLA (9 x 9),M00 - B1,paired,10,B1,1,49,49,[]
1,LLA,9.0,adjusted_lla_9,LLA (9 x 9),M00 - B1,paired,10,B1,2,49,49,[]
1,LLA,9.0,adjusted_lla_9,LLA (9 x 9),M00 - B1,paired,10,B1,3,49,49,[]
1,LLA,9.0,adjusted_lla_9,LLA (9 x 9),M00 - B1,paired,12,M00,1,49,49,[]
1,LLA,9.0,adjusted_lla_9,LLA (9 x 9),M00 - B1,paired,12,M00,2,49,49,[]
1,LLA,9.0,adjusted_lla_9,LLA (9 x 9),M00 - B1,paired,12,M00,3,49,49,[]
1,LLA,9.0,adjusted_lla_9,LLA (9 x 9),M00 - B1,paired,12,B1,1,49,49,[]
1,LLA,9.0,adjusted_lla_9,LLA (9 x 9),M00 - B1,paired,12,B1,2,49,49,[]
1,LLA,9.0,adjusted_lla_9,LLA (9 x 9),M00 - B1,paired,12,B1,3,49,49,[]
1,LLA,9.0,adjusted_lla_9,LLA (9 x 9),M00 - B1,paired,14,M00,1,49,49,[]
1,LLA,9.0,adjusted_lla_9,LLA (9 x 9),M00 - B1,paired,14,M00,2,49,49,[]
1,LLA,9.0,adjusted_lla_9,LLA (9 x 9),M00 - B1,paired,14,M00,3,49,49,[]
1,LLA,9.0,adjusted_lla_9,LLA (9 x 9),M00 - B1,paired,14,B1,1,49,49,[]
1,LLA,9.0,adjusted_lla_9,LLA (9 x 9),M00 - B1,paired,14,B1,2,49,49,[]
1,LLA,9.0,adjusted_lla_9,LLA (9 x 9),M00 - B1,paired,14,B1,3,49,49,[]
1,LLA,9.0,adjusted_lla_9,LLA (9 x 9),M01,condition,2,M01,1,49,49,[]
1,LLA,9.0,adjusted_lla_9,LLA (9 x 9),M01,condition,2,M01,2,49,49,[]
1,LLA,9.0,adjusted_lla_9,LLA (9 x 9),M01,condition,2,M01,3,49,49,[]
1,LLA,9.0,adjusted_lla_9,LLA (9 x 9),M01,condition,4,M01,1,49,49,[]
1,LLA,9.0,adjusted_lla_9,LLA (9 x 9),M01,condition,4,M01,2,49,49,[]
1,LLA,9.0,adjusted_lla_9,LLA (9 x 9),M01,condition,4,M01,3,49,49,[]
1,LLA,9.0,adjusted_lla_9,LLA (9 x 9),M01,condition,6,M01,1,49,49,[]
1,LLA,9.0,adjusted_lla_9,LLA (9 x 9),M01,condition,6,M01,2,49,49,[]
1,LLA,9.0,adjusted_lla_9,LLA (9 x 9),M01,condition,6,M01,3,49,49,[]
1,LLA,9.0,adjusted_lla_9,LLA (9 x 9),M01,condition,8,M01,1,49,49,[]
1,LLA,9.0,adjusted_lla_9,LLA (9 x 9),M01,condition,8,M01,2,49,49,[]
1,LLA,9.0,adjusted_lla_9,LLA (9 x 9),M01,condition,8,M01,3,49,49,[]
1,LLA,9.0,adjusted_lla_9,LLA (9 x 9),M01,condition,10,M01,1,49,49,[]
1,LLA,9.0,adjusted_lla_9,LLA (9 x 9),M01,condition,10,M01,2,49,49,[]
1,LLA,9.0,adjusted_lla_9,LLA (9 x 9),M01,condition,10,M01,3,49,49,[]
1,LLA,9.0,adjusted_lla_9,LLA (9 x 9),M01,condition,12,M01,1,49,49,[]
1,LLA,9.0,adjusted_lla_9,LLA (9 x 9),M01,condition,12,M01,2,49,49,[]
1,LLA,9.0,adjusted_lla_9,LLA (9 x 9),M01,condition,12,M01,3,49,49,[]
1,LLA,9.0,adjusted_lla_9,LLA (9 x 9),M01,condition,14,M01,1,49,49,[]
1,LLA,9.0,adjusted_lla_9,LLA (9 x 9),M01,condition,14,M01,2,49,49,[]
1,LLA,9.0,adjusted_lla_9,LLA (9 x 9),M01,condition,14,M01,3,49,49,[]
1,LLA,9.0,adjusted_lla_9,LLA (9 x 9),M01 - M00,paired,2,M01,1,49,49,[]
1,LLA,9.0,adjusted_lla_9,LLA (9 x 9),M01 - M00,paired,2,M01,2,49,49,[]
1,LLA,9.0,adjusted_lla_9,LLA (9 x 9),M01 - M00,paired,2,M01,3,49,49,[]
1,LLA,9.0,adjusted_lla_9,LLA (9 x 9),M01 - M00,paired,2,M00,1,49,49,[]
1,LLA,9.0,adjusted_lla_9,LLA (9 x 9),M01 - M00,paired,2,M00,2,49,49,[]
1,LLA,9.0,adjusted_lla_9,LLA (9 x 9),M01 - M00,paired,2,M00,3,49,49,[]
1,LLA,9.0,adjusted_lla_9,LLA (9 x 9),M01 - M00,paired,4,M01,1,49,49,[]
1,LLA,9.0,adjusted_lla_9,LLA (9 x 9),M01 - M00,paired,4,M01,2,49,49,[]
1,LLA,9.0,adjusted_lla_9,LLA (9 x 9),M01 - M00,paired,4,M01,3,49,49,[]
1,LLA,9.0,adjusted_lla_9,LLA (9 x 9),M01 - M00,paired,4,M00,1,49,49,[]
1,LLA,9.0,adjusted_lla_9,LLA (9 x 9),M01 - M00,paired,4,M00,2,49,49,[]
1,LLA,9.0,adjusted_lla_9,LLA (9 x 9),M01 - M00,paired,4,M00,3,49,49,[]
1,LLA,9.0,adjusted_lla_9,LLA (9 x 9),M01 - M00,paired,6,M01,1,49,49,[]
1,LLA,9.0,adjusted_lla_9,LLA (9 x 9),M01 - M00,paired,6,M01,2,49,49,[]
1,LLA,9.0,adjusted_lla_9,LLA (9 x 9),M01 - M00,paired,6,M01,3,49,49,[]
1,LLA,9.0,adjusted_lla_9,LLA (9 x 9),M01 - M00,paired,6,M00,1,49,49,[]
1,LLA,9.0,adjusted_lla_9,LLA (9 x 9),M01 - M00,paired,6,M00,2,49,49,[]
1,LLA,9.0,adjusted_lla_9,LLA (9 x 9),M01 - M00,paired,6,M00,3,49,49,[]
1,LLA,9.0,adjusted_lla_9,LLA (9 x 9),M01 - M00,paired,8,M01,1,49,49,[]
1,LLA,9.0,adjusted_lla_9,LLA (9 x 9),M01 - M00,paired,8,M01,2,49,49,[]
1,LLA,9.0,adjusted_lla_9,LLA (9 x 9),M01 - M00,paired,8,M01,3,49,49,[]
1,LLA,9.0,adjusted_lla_9,LLA (9 x 9),M01 - M00,paired,8,M00,1,49,49,[]
1,LLA,9.0,adjusted_lla_9,LLA (9 x 9),M01 - M00,paired,8,M00,2,49,49,[]
1,LLA,9.0,adjusted_lla_9,LLA (9 x 9),M01 - M00,paired,8,M00,3,49,49,[]
1,LLA,9.0,adjusted_lla_9,LLA (9 x 9),M01 - M00,paired,10,M01,1,49,49,[]
1,LLA,9.0,adjusted_lla_9,LLA (9 x 9),M01 - M00,paired,10,M01,2,49,49,[]
1,LLA,9.0,adjusted_lla_9,LLA (9 x 9),M01 - M00,paired,10,M01,3,49,49,[]
1,LLA,9.0,adjusted_lla_9,LLA (9 x 9),M01 - M00,paired,10,M00,1,49,49,[]
1,LLA,9.0,adjusted_lla_9,LLA (9 x 9),M01 - M00,paired,10,M00,2,49,49,[]
1,LLA,9.0,adjusted_lla_9,LLA (9 x 9),M01 - M00,paired,10,M00,3,49,49,[]
1,LLA,9.0,adjusted_lla_9,LLA (9 x 9),M01 - M00,paired,12,M01,1,49,49,[]
1,LLA,9.0,adjusted_lla_9,LLA (9 x 9),M01 - M00,paired,12,M01,2,49,49,[]
1,LLA,9.0,adjusted_lla_9,LLA (9 x 9),M01 - M00,paired,12,M01,3,49,49,[]
1,LLA,9.0,adjusted_lla_9,LLA (9 x 9),M01 - M00,paired,12,M00,1,49,49,[]
1,LLA,9.0,adjusted_lla_9,LLA (9 x 9),M01 - M00,paired,12,M00,2,49,49,[]
1,LLA,9.0,adjusted_lla_9,LLA (9 x 9),M01 - M00,paired,12,M00,3,49,49,[]
1,LLA,9.0,adjusted_lla_9,LLA (9 x 9),M01 - M00,paired,14,M01,1,49,49,[]
1,LLA,9.0,adjusted_lla_9,LLA (9 x 9),M01 - M00,paired,14,M01,2,49,49,[]
1,LLA,9.0,adjusted_lla_9,LLA (9 x 9),M01 - M00,paired,14,M01,3,49,49,[]
1,LLA,9.0,adjusted_lla_9,LLA (9 x 9),M01 - M00,paired,14,M00,1,49,49,[]
1,LLA,9.0,adjusted_lla_9,LLA (9 x 9),M01 - M00,paired,14,M00,2,49,49,[]
1,LLA,9.0,adjusted_lla_9,LLA (9 x 9),M01 - M00,paired,14,M00,3,49,49,[]
1,LLA,9.0,adjusted_lla_9,LLA (9 x 9),M10,condition,2,M10,1,49,49,[]
1,LLA,9.0,adjusted_lla_9,LLA (9 x 9),M10,condition,2,M10,2,49,49,[]
1,LLA,9.0,adjusted_lla_9,LLA (9 x 9),M10,condition,2,M10,3,49,49,[]
1,LLA,9.0,adjusted_lla_9,LLA (9 x 9),M10,condition,4,M10,1,49,49,[]
1,LLA,9.0,adjusted_lla_9,LLA (9 x 9),M10,condition,4,M10,2,49,49,[]
1,LLA,9.0,adjusted_lla_9,LLA (9 x 9),M10,condition,4,M10,3,49,49,[]
1,LLA,9.0,adjusted_lla_9,LLA (9 x 9),M10,condition,6,M10,1,49,49,[]
1,LLA,9.0,adjusted_lla_9,LLA (9 x 9),M10,condition,6,M10,2,49,49,[]
1,LLA,9.0,adjusted_lla_9,LLA (9 x 9),M10,condition,6,M10,3,49,49,[]
1,LLA,9.0,adjusted_lla_9,LLA (9 x 9),M10,condition,8,M10,1,49,49,[]
1,LLA,9.0,adjusted_lla_9,LLA (9 x 9),M10,condition,8,M10,2,49,49,[]
1,LLA,9.0,adjusted_lla_9,LLA (9 x 9),M10,condition,8,M10,3,49,49,[]
1,LLA,9.0,adjusted_lla_9,LLA (9 x 9),M10,condition,10,M10,1,49,49,[]
1,LLA,9.0,adjusted_lla_9,LLA (9 x 9),M10,condition,10,M10,2,49,49,[]
1,LLA,9.0,adjusted_lla_9,LLA (9 x 9),M10,condition,10,M10,3,49,49,[]
1,LLA,9.0,adjusted_lla_9,LLA (9 x 9),M10,condition,12,M10,1,49,49,[]
1,LLA,9.0,adjusted_lla_9,LLA (9 x 9),M10,condition,12,M10,2,49,49,[]
1,LLA,9.0,adjusted_lla_9,LLA (9 x 9),M10,condition,12,M10,3,49,49,[]
1,LLA,9.0,adjusted_lla_9,LLA (9 x 9),M10,condition,14,M10,1,49,49,[]
1,LLA,9.0,adjusted_lla_9,LLA (9 x 9),M10,condition,14,M10,2,49,49,[]
1,LLA,9.0,adjusted_lla_9,LLA (9 x 9),M10,condition,14,M10,3,49,49,[]
1,LLA,9.0,adjusted_lla_9,LLA (9 x 9),M10 - M00,paired,2,M10,1,49,49,[]
1,LLA,9.0,adjusted_lla_9,LLA (9 x 9),M10 - M00,paired,2,M10,2,49,49,[]
1,LLA,9.0,adjusted_lla_9,LLA (9 x 9),M10 - M00,paired,2,M10,3,49,49,[]
1,LLA,9.0,adjusted_lla_9,LLA (9 x 9),M10 - M00,paired,2,M00,1,49,49,[]
1,LLA,9.0,adjusted_lla_9,LLA (9 x 9),M10 - M00,paired,2,M00,2,49,49,[]
1,LLA,9.0,adjusted_lla_9,LLA (9 x 9),M10 - M00,paired,2,M00,3,49,49,[]
1,LLA,9.0,adjusted_lla_9,LLA (9 x 9),M10 - M00,paired,4,M10,1,49,49,[]
1,LLA,9.0,adjusted_lla_9,LLA (9 x 9),M10 - M00,paired,4,M10,2,49,49,[]
1,LLA,9.0,adjusted_lla_9,LLA (9 x 9),M10 - M00,paired,4,M10,3,49,49,[]
1,LLA,9.0,adjusted_lla_9,LLA (9 x 9),M10 - M00,paired,4,M00,1,49,49,[]
1,LLA,9.0,adjusted_lla_9,LLA (9 x 9),M10 - M00,paired,4,M00,2,49,49,[]
1,LLA,9.0,adjusted_lla_9,LLA (9 x 9),M10 - M00,paired,4,M00,3,49,49,[]
1,LLA,9.0,adjusted_lla_9,LLA (9 x 9),M10 - M00,paired,6,M10,1,49,49,[]
1,LLA,9.0,adjusted_lla_9,LLA (9 x 9),M10 - M00,paired,6,M10,2,49,49,[]
1,LLA,9.0,adjusted_lla_9,LLA (9 x 9),M10 - M00,paired,6,M10,3,49,49,[]
1,LLA,9.0,adjusted_lla_9,LLA (9 x 9),M10 - M00,paired,6,M00,1,49,49,[]
1,LLA,9.0,adjusted_lla_9,LLA (9 x 9),M10 - M00,paired,6,M00,2,49,49,[]
1,LLA,9.0,adjusted_lla_9,LLA (9 x 9),M10 - M00,paired,6,M00,3,49,49,[]
1,LLA,9.0,adjusted_lla_9,LLA (9 x 9),M10 - M00,paired,8,M10,1,49,49,[]
1,LLA,9.0,adjusted_lla_9,LLA (9 x 9),M10 - M00,paired,8,M10,2,49,49,[]
1,LLA,9.0,adjusted_lla_9,LLA (9 x 9),M10 - M00,paired,8,M10,3,49,49,[]
1,LLA,9.0,adjusted_lla_9,LLA (9 x 9),M10 - M00,paired,8,M00,1,49,49,[]
1,LLA,9.0,adjusted_lla_9,LLA (9 x 9),M10 - M00,paired,8,M00,2,49,49,[]
1,LLA,9.0,adjusted_lla_9,LLA (9 x 9),M10 - M00,paired,8,M00,3,49,49,[]
1,LLA,9.0,adjusted_lla_9,LLA (9 x 9),M10 - M00,paired,10,M10,1,49,49,[]
1,LLA,9.0,adjusted_lla_9,LLA (9 x 9),M10 - M00,paired,10,M10,2,49,49,[]
1,LLA,9.0,adjusted_lla_9,LLA (9 x 9),M10 - M00,paired,10,M10,3,49,49,[]
1,LLA,9.0,adjusted_lla_9,LLA (9 x 9),M10 - M00,paired,10,M00,1,49,49,[]
1,LLA,9.0,adjusted_lla_9,LLA (9 x 9),M10 - M00,paired,10,M00,2,49,49,[]
1,LLA,9.0,adjusted_lla_9,LLA (9 x 9),M10 - M00,paired,10,M00,3,49,49,[]
1,LLA,9.0,adjusted_lla_9,LLA (9 x 9),M10 - M00,paired,12,M10,1,49,49,[]
1,LLA,9.0,adjusted_lla_9,LLA (9 x 9),M10 - M00,paired,12,M10,2,49,49,[]
1,LLA,9.0,adjusted_lla_9,LLA (9 x 9),M10 - M00,paired,12,M10,3,49,49,[]
1,LLA,9.0,adjusted_lla_9,LLA (9 x 9),M10 - M00,paired,12,M00,1,49,49,[]
1,LLA,9.0,adjusted_lla_9,LLA (9 x 9),M10 - M00,paired,12,M00,2,49,49,[]
1,LLA,9.0,adjusted_lla_9,LLA (9 x 9),M10 - M00,paired,12,M00,3,49,49,[]
1,LLA,9.0,adjusted_lla_9,LLA (9 x 9),M10 - M00,paired,14,M10,1,49,49,[]
1,LLA,9.0,adjusted_lla_9,LLA (9 x 9),M10 - M00,paired,14,M10,2,49,49,[]
1,LLA,9.0,adjusted_lla_9,LLA (9 x 9),M10 - M00,paired,14,M10,3,49,49,[]
1,LLA,9.0,adjusted_lla_9,LLA (9 x 9),M10 - M00,paired,14,M00,1,49,49,[]
1,LLA,9.0,adjusted_lla_9,LLA (9 x 9),M10 - M00,paired,14,M00,2,49,49,[]
1,LLA,9.0,adjusted_lla_9,LLA (9 x 9),M10 - M00,paired,14,M00,3,49,49,[]
1,LLA,9.0,adjusted_lla_9,LLA (9 x 9),M11,condition,2,M11,1,49,48,"[{""sample_id"": ""KYOw02789"", ""fold"": 2, ""condition_id"": ""M11"", ""repeat"": 1, ""status"": ""undefined"", ""reason"": ""single_cluster""}]"
1,LLA,9.0,adjusted_lla_9,LLA (9 x 9),M11,condition,2,M11,2,49,48,"[{""sample_id"": ""KYOw02789"", ""fold"": 2, ""condition_id"": ""M11"", ""repeat"": 2, ""status"": ""undefined"", ""reason"": ""single_cluster""}]"
1,LLA,9.0,adjusted_lla_9,LLA (9 x 9),M11,condition,2,M11,3,49,48,"[{""sample_id"": ""KYOw02789"", ""fold"": 2, ""condition_id"": ""M11"", ""repeat"": 3, ""status"": ""undefined"", ""reason"": ""single_cluster""}]"
1,LLA,9.0,adjusted_lla_9,LLA (9 x 9),M11,condition,4,M11,1,49,49,[]
1,LLA,9.0,adjusted_lla_9,LLA (9 x 9),M11,condition,4,M11,2,49,49,[]
1,LLA,9.0,adjusted_lla_9,LLA (9 x 9),M11,condition,4,M11,3,49,49,[]
1,LLA,9.0,adjusted_lla_9,LLA (9 x 9),M11,condition,6,M11,1,49,49,[]
1,LLA,9.0,adjusted_lla_9,LLA (9 x 9),M11,condition,6,M11,2,49,49,[]
1,LLA,9.0,adjusted_lla_9,LLA (9 x 9),M11,condition,6,M11,3,49,49,[]
1,LLA,9.0,adjusted_lla_9,LLA (9 x 9),M11,condition,8,M11,1,49,49,[]
1,LLA,9.0,adjusted_lla_9,LLA (9 x 9),M11,condition,8,M11,2,49,49,[]
1,LLA,9.0,adjusted_lla_9,LLA (9 x 9),M11,condition,8,M11,3,49,49,[]
1,LLA,9.0,adjusted_lla_9,LLA (9 x 9),M11,condition,10,M11,1,49,49,[]
1,LLA,9.0,adjusted_lla_9,LLA (9 x 9),M11,condition,10,M11,2,49,49,[]
1,LLA,9.0,adjusted_lla_9,LLA (9 x 9),M11,condition,10,M11,3,49,49,[]
1,LLA,9.0,adjusted_lla_9,LLA (9 x 9),M11,condition,12,M11,1,49,49,[]
1,LLA,9.0,adjusted_lla_9,LLA (9 x 9),M11,condition,12,M11,2,49,49,[]
1,LLA,9.0,adjusted_lla_9,LLA (9 x 9),M11,condition,12,M11,3,49,49,[]
1,LLA,9.0,adjusted_lla_9,LLA (9 x 9),M11,condition,14,M11,1,49,49,[]
1,LLA,9.0,adjusted_lla_9,LLA (9 x 9),M11,condition,14,M11,2,49,49,[]
1,LLA,9.0,adjusted_lla_9,LLA (9 x 9),M11,condition,14,M11,3,49,49,[]
1,LLA,9.0,adjusted_lla_9,LLA (9 x 9),M11 - B0,paired,2,M11,1,49,48,"[{""sample_id"": ""KYOw02789"", ""fold"": 2, ""condition_id"": ""M11"", ""repeat"": 1, ""status"": ""undefined"", ""reason"": ""single_cluster""}]"
1,LLA,9.0,adjusted_lla_9,LLA (9 x 9),M11 - B0,paired,2,M11,2,49,48,"[{""sample_id"": ""KYOw02789"", ""fold"": 2, ""condition_id"": ""M11"", ""repeat"": 2, ""status"": ""undefined"", ""reason"": ""single_cluster""}]"
1,LLA,9.0,adjusted_lla_9,LLA (9 x 9),M11 - B0,paired,2,M11,3,49,48,"[{""sample_id"": ""KYOw02789"", ""fold"": 2, ""condition_id"": ""M11"", ""repeat"": 3, ""status"": ""undefined"", ""reason"": ""single_cluster""}]"
1,LLA,9.0,adjusted_lla_9,LLA (9 x 9),M11 - B0,paired,2,B0,1,49,49,[]
1,LLA,9.0,adjusted_lla_9,LLA (9 x 9),M11 - B0,paired,2,B0,2,49,49,[]
1,LLA,9.0,adjusted_lla_9,LLA (9 x 9),M11 - B0,paired,2,B0,3,49,49,[]
1,LLA,9.0,adjusted_lla_9,LLA (9 x 9),M11 - B0,paired,4,M11,1,49,49,[]
1,LLA,9.0,adjusted_lla_9,LLA (9 x 9),M11 - B0,paired,4,M11,2,49,49,[]
1,LLA,9.0,adjusted_lla_9,LLA (9 x 9),M11 - B0,paired,4,M11,3,49,49,[]
1,LLA,9.0,adjusted_lla_9,LLA (9 x 9),M11 - B0,paired,4,B0,1,49,49,[]
1,LLA,9.0,adjusted_lla_9,LLA (9 x 9),M11 - B0,paired,4,B0,2,49,49,[]
1,LLA,9.0,adjusted_lla_9,LLA (9 x 9),M11 - B0,paired,4,B0,3,49,49,[]
1,LLA,9.0,adjusted_lla_9,LLA (9 x 9),M11 - B0,paired,6,M11,1,49,49,[]
1,LLA,9.0,adjusted_lla_9,LLA (9 x 9),M11 - B0,paired,6,M11,2,49,49,[]
1,LLA,9.0,adjusted_lla_9,LLA (9 x 9),M11 - B0,paired,6,M11,3,49,49,[]
1,LLA,9.0,adjusted_lla_9,LLA (9 x 9),M11 - B0,paired,6,B0,1,49,49,[]
1,LLA,9.0,adjusted_lla_9,LLA (9 x 9),M11 - B0,paired,6,B0,2,49,49,[]
1,LLA,9.0,adjusted_lla_9,LLA (9 x 9),M11 - B0,paired,6,B0,3,49,49,[]
1,LLA,9.0,adjusted_lla_9,LLA (9 x 9),M11 - B0,paired,8,M11,1,49,49,[]
1,LLA,9.0,adjusted_lla_9,LLA (9 x 9),M11 - B0,paired,8,M11,2,49,49,[]
1,LLA,9.0,adjusted_lla_9,LLA (9 x 9),M11 - B0,paired,8,M11,3,49,49,[]
1,LLA,9.0,adjusted_lla_9,LLA (9 x 9),M11 - B0,paired,8,B0,1,49,49,[]
1,LLA,9.0,adjusted_lla_9,LLA (9 x 9),M11 - B0,paired,8,B0,2,49,49,[]
1,LLA,9.0,adjusted_lla_9,LLA (9 x 9),M11 - B0,paired,8,B0,3,49,49,[]
1,LLA,9.0,adjusted_lla_9,LLA (9 x 9),M11 - B0,paired,10,M11,1,49,49,[]
1,LLA,9.0,adjusted_lla_9,LLA (9 x 9),M11 - B0,paired,10,M11,2,49,49,[]
1,LLA,9.0,adjusted_lla_9,LLA (9 x 9),M11 - B0,paired,10,M11,3,49,49,[]
1,LLA,9.0,adjusted_lla_9,LLA (9 x 9),M11 - B0,paired,10,B0,1,49,49,[]
1,LLA,9.0,adjusted_lla_9,LLA (9 x 9),M11 - B0,paired,10,B0,2,49,49,[]
1,LLA,9.0,adjusted_lla_9,LLA (9 x 9),M11 - B0,paired,10,B0,3,49,49,[]
1,LLA,9.0,adjusted_lla_9,LLA (9 x 9),M11 - B0,paired,12,M11,1,49,49,[]
1,LLA,9.0,adjusted_lla_9,LLA (9 x 9),M11 - B0,paired,12,M11,2,49,49,[]
1,LLA,9.0,adjusted_lla_9,LLA (9 x 9),M11 - B0,paired,12,M11,3,49,49,[]
1,LLA,9.0,adjusted_lla_9,LLA (9 x 9),M11 - B0,paired,12,B0,1,49,49,[]
1,LLA,9.0,adjusted_lla_9,LLA (9 x 9),M11 - B0,paired,12,B0,2,49,49,[]
1,LLA,9.0,adjusted_lla_9,LLA (9 x 9),M11 - B0,paired,12,B0,3,49,49,[]
1,LLA,9.0,adjusted_lla_9,LLA (9 x 9),M11 - B0,paired,14,M11,1,49,49,[]
1,LLA,9.0,adjusted_lla_9,LLA (9 x 9),M11 - B0,paired,14,M11,2,49,49,[]
1,LLA,9.0,adjusted_lla_9,LLA (9 x 9),M11 - B0,paired,14,M11,3,49,49,[]
1,LLA,9.0,adjusted_lla_9,LLA (9 x 9),M11 - B0,paired,14,B0,1,49,49,[]
1,LLA,9.0,adjusted_lla_9,LLA (9 x 9),M11 - B0,paired,14,B0,2,49,49,[]
1,LLA,9.0,adjusted_lla_9,LLA (9 x 9),M11 - B0,paired,14,B0,3,49,49,[]
1,LLA,9.0,adjusted_lla_9,LLA (9 x 9),M11 - B1,paired,2,M11,1,49,48,"[{""sample_id"": ""KYOw02789"", ""fold"": 2, ""condition_id"": ""M11"", ""repeat"": 1, ""status"": ""undefined"", ""reason"": ""single_cluster""}]"
1,LLA,9.0,adjusted_lla_9,LLA (9 x 9),M11 - B1,paired,2,M11,2,49,48,"[{""sample_id"": ""KYOw02789"", ""fold"": 2, ""condition_id"": ""M11"", ""repeat"": 2, ""status"": ""undefined"", ""reason"": ""single_cluster""}]"
1,LLA,9.0,adjusted_lla_9,LLA (9 x 9),M11 - B1,paired,2,M11,3,49,48,"[{""sample_id"": ""KYOw02789"", ""fold"": 2, ""condition_id"": ""M11"", ""repeat"": 3, ""status"": ""undefined"", ""reason"": ""single_cluster""}]"
1,LLA,9.0,adjusted_lla_9,LLA (9 x 9),M11 - B1,paired,2,B1,1,49,48,"[{""sample_id"": ""KYOw02789"", ""fold"": 2, ""condition_id"": ""B1"", ""repeat"": 1, ""status"": ""undefined"", ""reason"": ""single_cluster""}]"
1,LLA,9.0,adjusted_lla_9,LLA (9 x 9),M11 - B1,paired,2,B1,2,49,48,"[{""sample_id"": ""KYOw02789"", ""fold"": 2, ""condition_id"": ""B1"", ""repeat"": 2, ""status"": ""undefined"", ""reason"": ""single_cluster""}]"
1,LLA,9.0,adjusted_lla_9,LLA (9 x 9),M11 - B1,paired,2,B1,3,49,48,"[{""sample_id"": ""KYOw02789"", ""fold"": 2, ""condition_id"": ""B1"", ""repeat"": 3, ""status"": ""undefined"", ""reason"": ""single_cluster""}]"
1,LLA,9.0,adjusted_lla_9,LLA (9 x 9),M11 - B1,paired,4,M11,1,49,49,[]
1,LLA,9.0,adjusted_lla_9,LLA (9 x 9),M11 - B1,paired,4,M11,2,49,49,[]
1,LLA,9.0,adjusted_lla_9,LLA (9 x 9),M11 - B1,paired,4,M11,3,49,49,[]
1,LLA,9.0,adjusted_lla_9,LLA (9 x 9),M11 - B1,paired,4,B1,1,49,49,[]
1,LLA,9.0,adjusted_lla_9,LLA (9 x 9),M11 - B1,paired,4,B1,2,49,49,[]
1,LLA,9.0,adjusted_lla_9,LLA (9 x 9),M11 - B1,paired,4,B1,3,49,49,[]
1,LLA,9.0,adjusted_lla_9,LLA (9 x 9),M11 - B1,paired,6,M11,1,49,49,[]
1,LLA,9.0,adjusted_lla_9,LLA (9 x 9),M11 - B1,paired,6,M11,2,49,49,[]
1,LLA,9.0,adjusted_lla_9,LLA (9 x 9),M11 - B1,paired,6,M11,3,49,49,[]
1,LLA,9.0,adjusted_lla_9,LLA (9 x 9),M11 - B1,paired,6,B1,1,49,49,[]
1,LLA,9.0,adjusted_lla_9,LLA (9 x 9),M11 - B1,paired,6,B1,2,49,49,[]
1,LLA,9.0,adjusted_lla_9,LLA (9 x 9),M11 - B1,paired,6,B1,3,49,49,[]
1,LLA,9.0,adjusted_lla_9,LLA (9 x 9),M11 - B1,paired,8,M11,1,49,49,[]
1,LLA,9.0,adjusted_lla_9,LLA (9 x 9),M11 - B1,paired,8,M11,2,49,49,[]
1,LLA,9.0,adjusted_lla_9,LLA (9 x 9),M11 - B1,paired,8,M11,3,49,49,[]
1,LLA,9.0,adjusted_lla_9,LLA (9 x 9),M11 - B1,paired,8,B1,1,49,49,[]
1,LLA,9.0,adjusted_lla_9,LLA (9 x 9),M11 - B1,paired,8,B1,2,49,49,[]
1,LLA,9.0,adjusted_lla_9,LLA (9 x 9),M11 - B1,paired,8,B1,3,49,49,[]
1,LLA,9.0,adjusted_lla_9,LLA (9 x 9),M11 - B1,paired,10,M11,1,49,49,[]
1,LLA,9.0,adjusted_lla_9,LLA (9 x 9),M11 - B1,paired,10,M11,2,49,49,[]
1,LLA,9.0,adjusted_lla_9,LLA (9 x 9),M11 - B1,paired,10,M11,3,49,49,[]
1,LLA,9.0,adjusted_lla_9,LLA (9 x 9),M11 - B1,paired,10,B1,1,49,49,[]
1,LLA,9.0,adjusted_lla_9,LLA (9 x 9),M11 - B1,paired,10,B1,2,49,49,[]
1,LLA,9.0,adjusted_lla_9,LLA (9 x 9),M11 - B1,paired,10,B1,3,49,49,[]
1,LLA,9.0,adjusted_lla_9,LLA (9 x 9),M11 - B1,paired,12,M11,1,49,49,[]
1,LLA,9.0,adjusted_lla_9,LLA (9 x 9),M11 - B1,paired,12,M11,2,49,49,[]
1,LLA,9.0,adjusted_lla_9,LLA (9 x 9),M11 - B1,paired,12,M11,3,49,49,[]
1,LLA,9.0,adjusted_lla_9,LLA (9 x 9),M11 - B1,paired,12,B1,1,49,49,[]
1,LLA,9.0,adjusted_lla_9,LLA (9 x 9),M11 - B1,paired,12,B1,2,49,49,[]
1,LLA,9.0,adjusted_lla_9,LLA (9 x 9),M11 - B1,paired,12,B1,3,49,49,[]
1,LLA,9.0,adjusted_lla_9,LLA (9 x 9),M11 - B1,paired,14,M11,1,49,49,[]
1,LLA,9.0,adjusted_lla_9,LLA (9 x 9),M11 - B1,paired,14,M11,2,49,49,[]
1,LLA,9.0,adjusted_lla_9,LLA (9 x 9),M11 - B1,paired,14,M11,3,49,49,[]
1,LLA,9.0,adjusted_lla_9,LLA (9 x 9),M11 - B1,paired,14,B1,1,49,49,[]
1,LLA,9.0,adjusted_lla_9,LLA (9 x 9),M11 - B1,paired,14,B1,2,49,49,[]
1,LLA,9.0,adjusted_lla_9,LLA (9 x 9),M11 - B1,paired,14,B1,3,49,49,[]
1,LLA,9.0,adjusted_lla_9,LLA (9 x 9),M11 - M00,paired,2,M11,1,49,48,"[{""sample_id"": ""KYOw02789"", ""fold"": 2, ""condition_id"": ""M11"", ""repeat"": 1, ""status"": ""undefined"", ""reason"": ""single_cluster""}]"
1,LLA,9.0,adjusted_lla_9,LLA (9 x 9),M11 - M00,paired,2,M11,2,49,48,"[{""sample_id"": ""KYOw02789"", ""fold"": 2, ""condition_id"": ""M11"", ""repeat"": 2, ""status"": ""undefined"", ""reason"": ""single_cluster""}]"
1,LLA,9.0,adjusted_lla_9,LLA (9 x 9),M11 - M00,paired,2,M11,3,49,48,"[{""sample_id"": ""KYOw02789"", ""fold"": 2, ""condition_id"": ""M11"", ""repeat"": 3, ""status"": ""undefined"", ""reason"": ""single_cluster""}]"
1,LLA,9.0,adjusted_lla_9,LLA (9 x 9),M11 - M00,paired,2,M00,1,49,49,[]
1,LLA,9.0,adjusted_lla_9,LLA (9 x 9),M11 - M00,paired,2,M00,2,49,49,[]
1,LLA,9.0,adjusted_lla_9,LLA (9 x 9),M11 - M00,paired,2,M00,3,49,49,[]
1,LLA,9.0,adjusted_lla_9,LLA (9 x 9),M11 - M00,paired,4,M11,1,49,49,[]
1,LLA,9.0,adjusted_lla_9,LLA (9 x 9),M11 - M00,paired,4,M11,2,49,49,[]
1,LLA,9.0,adjusted_lla_9,LLA (9 x 9),M11 - M00,paired,4,M11,3,49,49,[]
1,LLA,9.0,adjusted_lla_9,LLA (9 x 9),M11 - M00,paired,4,M00,1,49,49,[]
1,LLA,9.0,adjusted_lla_9,LLA (9 x 9),M11 - M00,paired,4,M00,2,49,49,[]
1,LLA,9.0,adjusted_lla_9,LLA (9 x 9),M11 - M00,paired,4,M00,3,49,49,[]
1,LLA,9.0,adjusted_lla_9,LLA (9 x 9),M11 - M00,paired,6,M11,1,49,49,[]
1,LLA,9.0,adjusted_lla_9,LLA (9 x 9),M11 - M00,paired,6,M11,2,49,49,[]
1,LLA,9.0,adjusted_lla_9,LLA (9 x 9),M11 - M00,paired,6,M11,3,49,49,[]
1,LLA,9.0,adjusted_lla_9,LLA (9 x 9),M11 - M00,paired,6,M00,1,49,49,[]
1,LLA,9.0,adjusted_lla_9,LLA (9 x 9),M11 - M00,paired,6,M00,2,49,49,[]
1,LLA,9.0,adjusted_lla_9,LLA (9 x 9),M11 - M00,paired,6,M00,3,49,49,[]
1,LLA,9.0,adjusted_lla_9,LLA (9 x 9),M11 - M00,paired,8,M11,1,49,49,[]
1,LLA,9.0,adjusted_lla_9,LLA (9 x 9),M11 - M00,paired,8,M11,2,49,49,[]
1,LLA,9.0,adjusted_lla_9,LLA (9 x 9),M11 - M00,paired,8,M11,3,49,49,[]
1,LLA,9.0,adjusted_lla_9,LLA (9 x 9),M11 - M00,paired,8,M00,1,49,49,[]
1,LLA,9.0,adjusted_lla_9,LLA (9 x 9),M11 - M00,paired,8,M00,2,49,49,[]
1,LLA,9.0,adjusted_lla_9,LLA (9 x 9),M11 - M00,paired,8,M00,3,49,49,[]
1,LLA,9.0,adjusted_lla_9,LLA (9 x 9),M11 - M00,paired,10,M11,1,49,49,[]
1,LLA,9.0,adjusted_lla_9,LLA (9 x 9),M11 - M00,paired,10,M11,2,49,49,[]
1,LLA,9.0,adjusted_lla_9,LLA (9 x 9),M11 - M00,paired,10,M11,3,49,49,[]
1,LLA,9.0,adjusted_lla_9,LLA (9 x 9),M11 - M00,paired,10,M00,1,49,49,[]
1,LLA,9.0,adjusted_lla_9,LLA (9 x 9),M11 - M00,paired,10,M00,2,49,49,[]
1,LLA,9.0,adjusted_lla_9,LLA (9 x 9),M11 - M00,paired,10,M00,3,49,49,[]
1,LLA,9.0,adjusted_lla_9,LLA (9 x 9),M11 - M00,paired,12,M11,1,49,49,[]
1,LLA,9.0,adjusted_lla_9,LLA (9 x 9),M11 - M00,paired,12,M11,2,49,49,[]
1,LLA,9.0,adjusted_lla_9,LLA (9 x 9),M11 - M00,paired,12,M11,3,49,49,[]
1,LLA,9.0,adjusted_lla_9,LLA (9 x 9),M11 - M00,paired,12,M00,1,49,49,[]
1,LLA,9.0,adjusted_lla_9,LLA (9 x 9),M11 - M00,paired,12,M00,2,49,49,[]
1,LLA,9.0,adjusted_lla_9,LLA (9 x 9),M11 - M00,paired,12,M00,3,49,49,[]
1,LLA,9.0,adjusted_lla_9,LLA (9 x 9),M11 - M00,paired,14,M11,1,49,49,[]
1,LLA,9.0,adjusted_lla_9,LLA (9 x 9),M11 - M00,paired,14,M11,2,49,49,[]
1,LLA,9.0,adjusted_lla_9,LLA (9 x 9),M11 - M00,paired,14,M11,3,49,49,[]
1,LLA,9.0,adjusted_lla_9,LLA (9 x 9),M11 - M00,paired,14,M00,1,49,49,[]
1,LLA,9.0,adjusted_lla_9,LLA (9 x 9),M11 - M00,paired,14,M00,2,49,49,[]
1,LLA,9.0,adjusted_lla_9,LLA (9 x 9),M11 - M00,paired,14,M00,3,49,49,[]
1,LLA,9.0,adjusted_lla_9,LLA (9 x 9),M11 - M01,paired,2,M11,1,49,48,"[{""sample_id"": ""KYOw02789"", ""fold"": 2, ""condition_id"": ""M11"", ""repeat"": 1, ""status"": ""undefined"", ""reason"": ""single_cluster""}]"
1,LLA,9.0,adjusted_lla_9,LLA (9 x 9),M11 - M01,paired,2,M11,2,49,48,"[{""sample_id"": ""KYOw02789"", ""fold"": 2, ""condition_id"": ""M11"", ""repeat"": 2, ""status"": ""undefined"", ""reason"": ""single_cluster""}]"
1,LLA,9.0,adjusted_lla_9,LLA (9 x 9),M11 - M01,paired,2,M11,3,49,48,"[{""sample_id"": ""KYOw02789"", ""fold"": 2, ""condition_id"": ""M11"", ""repeat"": 3, ""status"": ""undefined"", ""reason"": ""single_cluster""}]"
1,LLA,9.0,adjusted_lla_9,LLA (9 x 9),M11 - M01,paired,2,M01,1,49,49,[]
1,LLA,9.0,adjusted_lla_9,LLA (9 x 9),M11 - M01,paired,2,M01,2,49,49,[]
1,LLA,9.0,adjusted_lla_9,LLA (9 x 9),M11 - M01,paired,2,M01,3,49,49,[]
1,LLA,9.0,adjusted_lla_9,LLA (9 x 9),M11 - M01,paired,4,M11,1,49,49,[]
1,LLA,9.0,adjusted_lla_9,LLA (9 x 9),M11 - M01,paired,4,M11,2,49,49,[]
1,LLA,9.0,adjusted_lla_9,LLA (9 x 9),M11 - M01,paired,4,M11,3,49,49,[]
1,LLA,9.0,adjusted_lla_9,LLA (9 x 9),M11 - M01,paired,4,M01,1,49,49,[]
1,LLA,9.0,adjusted_lla_9,LLA (9 x 9),M11 - M01,paired,4,M01,2,49,49,[]
1,LLA,9.0,adjusted_lla_9,LLA (9 x 9),M11 - M01,paired,4,M01,3,49,49,[]
1,LLA,9.0,adjusted_lla_9,LLA (9 x 9),M11 - M01,paired,6,M11,1,49,49,[]
1,LLA,9.0,adjusted_lla_9,LLA (9 x 9),M11 - M01,paired,6,M11,2,49,49,[]
1,LLA,9.0,adjusted_lla_9,LLA (9 x 9),M11 - M01,paired,6,M11,3,49,49,[]
1,LLA,9.0,adjusted_lla_9,LLA (9 x 9),M11 - M01,paired,6,M01,1,49,49,[]
1,LLA,9.0,adjusted_lla_9,LLA (9 x 9),M11 - M01,paired,6,M01,2,49,49,[]
1,LLA,9.0,adjusted_lla_9,LLA (9 x 9),M11 - M01,paired,6,M01,3,49,49,[]
1,LLA,9.0,adjusted_lla_9,LLA (9 x 9),M11 - M01,paired,8,M11,1,49,49,[]
1,LLA,9.0,adjusted_lla_9,LLA (9 x 9),M11 - M01,paired,8,M11,2,49,49,[]
1,LLA,9.0,adjusted_lla_9,LLA (9 x 9),M11 - M01,paired,8,M11,3,49,49,[]
1,LLA,9.0,adjusted_lla_9,LLA (9 x 9),M11 - M01,paired,8,M01,1,49,49,[]
1,LLA,9.0,adjusted_lla_9,LLA (9 x 9),M11 - M01,paired,8,M01,2,49,49,[]
1,LLA,9.0,adjusted_lla_9,LLA (9 x 9),M11 - M01,paired,8,M01,3,49,49,[]
1,LLA,9.0,adjusted_lla_9,LLA (9 x 9),M11 - M01,paired,10,M11,1,49,49,[]
1,LLA,9.0,adjusted_lla_9,LLA (9 x 9),M11 - M01,paired,10,M11,2,49,49,[]
1,LLA,9.0,adjusted_lla_9,LLA (9 x 9),M11 - M01,paired,10,M11,3,49,49,[]
1,LLA,9.0,adjusted_lla_9,LLA (9 x 9),M11 - M01,paired,10,M01,1,49,49,[]
1,LLA,9.0,adjusted_lla_9,LLA (9 x 9),M11 - M01,paired,10,M01,2,49,49,[]
1,LLA,9.0,adjusted_lla_9,LLA (9 x 9),M11 - M01,paired,10,M01,3,49,49,[]
1,LLA,9.0,adjusted_lla_9,LLA (9 x 9),M11 - M01,paired,12,M11,1,49,49,[]
1,LLA,9.0,adjusted_lla_9,LLA (9 x 9),M11 - M01,paired,12,M11,2,49,49,[]
1,LLA,9.0,adjusted_lla_9,LLA (9 x 9),M11 - M01,paired,12,M11,3,49,49,[]
1,LLA,9.0,adjusted_lla_9,LLA (9 x 9),M11 - M01,paired,12,M01,1,49,49,[]
1,LLA,9.0,adjusted_lla_9,LLA (9 x 9),M11 - M01,paired,12,M01,2,49,49,[]
1,LLA,9.0,adjusted_lla_9,LLA (9 x 9),M11 - M01,paired,12,M01,3,49,49,[]
1,LLA,9.0,adjusted_lla_9,LLA (9 x 9),M11 - M01,paired,14,M11,1,49,49,[]
1,LLA,9.0,adjusted_lla_9,LLA (9 x 9),M11 - M01,paired,14,M11,2,49,49,[]
1,LLA,9.0,adjusted_lla_9,LLA (9 x 9),M11 - M01,paired,14,M11,3,49,49,[]
1,LLA,9.0,adjusted_lla_9,LLA (9 x 9),M11 - M01,paired,14,M01,1,49,49,[]
1,LLA,9.0,adjusted_lla_9,LLA (9 x 9),M11 - M01,paired,14,M01,2,49,49,[]
1,LLA,9.0,adjusted_lla_9,LLA (9 x 9),M11 - M01,paired,14,M01,3,49,49,[]
1,LLA,9.0,adjusted_lla_9,LLA (9 x 9),M11 - M10,paired,2,M11,1,49,48,"[{""sample_id"": ""KYOw02789"", ""fold"": 2, ""condition_id"": ""M11"", ""repeat"": 1, ""status"": ""undefined"", ""reason"": ""single_cluster""}]"
1,LLA,9.0,adjusted_lla_9,LLA (9 x 9),M11 - M10,paired,2,M11,2,49,48,"[{""sample_id"": ""KYOw02789"", ""fold"": 2, ""condition_id"": ""M11"", ""repeat"": 2, ""status"": ""undefined"", ""reason"": ""single_cluster""}]"
1,LLA,9.0,adjusted_lla_9,LLA (9 x 9),M11 - M10,paired,2,M11,3,49,48,"[{""sample_id"": ""KYOw02789"", ""fold"": 2, ""condition_id"": ""M11"", ""repeat"": 3, ""status"": ""undefined"", ""reason"": ""single_cluster""}]"
1,LLA,9.0,adjusted_lla_9,LLA (9 x 9),M11 - M10,paired,2,M10,1,49,49,[]
1,LLA,9.0,adjusted_lla_9,LLA (9 x 9),M11 - M10,paired,2,M10,2,49,49,[]
1,LLA,9.0,adjusted_lla_9,LLA (9 x 9),M11 - M10,paired,2,M10,3,49,49,[]
1,LLA,9.0,adjusted_lla_9,LLA (9 x 9),M11 - M10,paired,4,M11,1,49,49,[]
1,LLA,9.0,adjusted_lla_9,LLA (9 x 9),M11 - M10,paired,4,M11,2,49,49,[]
1,LLA,9.0,adjusted_lla_9,LLA (9 x 9),M11 - M10,paired,4,M11,3,49,49,[]
1,LLA,9.0,adjusted_lla_9,LLA (9 x 9),M11 - M10,paired,4,M10,1,49,49,[]
1,LLA,9.0,adjusted_lla_9,LLA (9 x 9),M11 - M10,paired,4,M10,2,49,49,[]
1,LLA,9.0,adjusted_lla_9,LLA (9 x 9),M11 - M10,paired,4,M10,3,49,49,[]
1,LLA,9.0,adjusted_lla_9,LLA (9 x 9),M11 - M10,paired,6,M11,1,49,49,[]
1,LLA,9.0,adjusted_lla_9,LLA (9 x 9),M11 - M10,paired,6,M11,2,49,49,[]
1,LLA,9.0,adjusted_lla_9,LLA (9 x 9),M11 - M10,paired,6,M11,3,49,49,[]
1,LLA,9.0,adjusted_lla_9,LLA (9 x 9),M11 - M10,paired,6,M10,1,49,49,[]
1,LLA,9.0,adjusted_lla_9,LLA (9 x 9),M11 - M10,paired,6,M10,2,49,49,[]
1,LLA,9.0,adjusted_lla_9,LLA (9 x 9),M11 - M10,paired,6,M10,3,49,49,[]
1,LLA,9.0,adjusted_lla_9,LLA (9 x 9),M11 - M10,paired,8,M11,1,49,49,[]
1,LLA,9.0,adjusted_lla_9,LLA (9 x 9),M11 - M10,paired,8,M11,2,49,49,[]
1,LLA,9.0,adjusted_lla_9,LLA (9 x 9),M11 - M10,paired,8,M11,3,49,49,[]
1,LLA,9.0,adjusted_lla_9,LLA (9 x 9),M11 - M10,paired,8,M10,1,49,49,[]
1,LLA,9.0,adjusted_lla_9,LLA (9 x 9),M11 - M10,paired,8,M10,2,49,49,[]
1,LLA,9.0,adjusted_lla_9,LLA (9 x 9),M11 - M10,paired,8,M10,3,49,49,[]
1,LLA,9.0,adjusted_lla_9,LLA (9 x 9),M11 - M10,paired,10,M11,1,49,49,[]
1,LLA,9.0,adjusted_lla_9,LLA (9 x 9),M11 - M10,paired,10,M11,2,49,49,[]
1,LLA,9.0,adjusted_lla_9,LLA (9 x 9),M11 - M10,paired,10,M11,3,49,49,[]
1,LLA,9.0,adjusted_lla_9,LLA (9 x 9),M11 - M10,paired,10,M10,1,49,49,[]
1,LLA,9.0,adjusted_lla_9,LLA (9 x 9),M11 - M10,paired,10,M10,2,49,49,[]
1,LLA,9.0,adjusted_lla_9,LLA (9 x 9),M11 - M10,paired,10,M10,3,49,49,[]
1,LLA,9.0,adjusted_lla_9,LLA (9 x 9),M11 - M10,paired,12,M11,1,49,49,[]
1,LLA,9.0,adjusted_lla_9,LLA (9 x 9),M11 - M10,paired,12,M11,2,49,49,[]
1,LLA,9.0,adjusted_lla_9,LLA (9 x 9),M11 - M10,paired,12,M11,3,49,49,[]
1,LLA,9.0,adjusted_lla_9,LLA (9 x 9),M11 - M10,paired,12,M10,1,49,49,[]
1,LLA,9.0,adjusted_lla_9,LLA (9 x 9),M11 - M10,paired,12,M10,2,49,49,[]
1,LLA,9.0,adjusted_lla_9,LLA (9 x 9),M11 - M10,paired,12,M10,3,49,49,[]
1,LLA,9.0,adjusted_lla_9,LLA (9 x 9),M11 - M10,paired,14,M11,1,49,49,[]
1,LLA,9.0,adjusted_lla_9,LLA (9 x 9),M11 - M10,paired,14,M11,2,49,49,[]
1,LLA,9.0,adjusted_lla_9,LLA (9 x 9),M11 - M10,paired,14,M11,3,49,49,[]
1,LLA,9.0,adjusted_lla_9,LLA (9 x 9),M11 - M10,paired,14,M10,1,49,49,[]
1,LLA,9.0,adjusted_lla_9,LLA (9 x 9),M11 - M10,paired,14,M10,2,49,49,[]
1,LLA,9.0,adjusted_lla_9,LLA (9 x 9),M11 - M10,paired,14,M10,3,49,49,[]
2,LFR(TGN+FS),,lfr_both,LFR(TGN+FS),(M11 - M10) - (M01 - M00),interaction,2,M11,1,49,49,[]
2,LFR(TGN+FS),,lfr_both,LFR(TGN+FS),(M11 - M10) - (M01 - M00),interaction,2,M11,2,49,49,[]
2,LFR(TGN+FS),,lfr_both,LFR(TGN+FS),(M11 - M10) - (M01 - M00),interaction,2,M11,3,49,49,[]
2,LFR(TGN+FS),,lfr_both,LFR(TGN+FS),(M11 - M10) - (M01 - M00),interaction,2,M10,1,49,49,[]
2,LFR(TGN+FS),,lfr_both,LFR(TGN+FS),(M11 - M10) - (M01 - M00),interaction,2,M10,2,49,49,[]
2,LFR(TGN+FS),,lfr_both,LFR(TGN+FS),(M11 - M10) - (M01 - M00),interaction,2,M10,3,49,49,[]
2,LFR(TGN+FS),,lfr_both,LFR(TGN+FS),(M11 - M10) - (M01 - M00),interaction,2,M01,1,49,49,[]
2,LFR(TGN+FS),,lfr_both,LFR(TGN+FS),(M11 - M10) - (M01 - M00),interaction,2,M01,2,49,49,[]
2,LFR(TGN+FS),,lfr_both,LFR(TGN+FS),(M11 - M10) - (M01 - M00),interaction,2,M01,3,49,49,[]
2,LFR(TGN+FS),,lfr_both,LFR(TGN+FS),(M11 - M10) - (M01 - M00),interaction,2,M00,1,49,49,[]
2,LFR(TGN+FS),,lfr_both,LFR(TGN+FS),(M11 - M10) - (M01 - M00),interaction,2,M00,2,49,49,[]
2,LFR(TGN+FS),,lfr_both,LFR(TGN+FS),(M11 - M10) - (M01 - M00),interaction,2,M00,3,49,49,[]
2,LFR(TGN+FS),,lfr_both,LFR(TGN+FS),(M11 - M10) - (M01 - M00),interaction,4,M11,1,49,49,[]
2,LFR(TGN+FS),,lfr_both,LFR(TGN+FS),(M11 - M10) - (M01 - M00),interaction,4,M11,2,49,49,[]
2,LFR(TGN+FS),,lfr_both,LFR(TGN+FS),(M11 - M10) - (M01 - M00),interaction,4,M11,3,49,49,[]
2,LFR(TGN+FS),,lfr_both,LFR(TGN+FS),(M11 - M10) - (M01 - M00),interaction,4,M10,1,49,49,[]
2,LFR(TGN+FS),,lfr_both,LFR(TGN+FS),(M11 - M10) - (M01 - M00),interaction,4,M10,2,49,49,[]
2,LFR(TGN+FS),,lfr_both,LFR(TGN+FS),(M11 - M10) - (M01 - M00),interaction,4,M10,3,49,49,[]
2,LFR(TGN+FS),,lfr_both,LFR(TGN+FS),(M11 - M10) - (M01 - M00),interaction,4,M01,1,49,49,[]
2,LFR(TGN+FS),,lfr_both,LFR(TGN+FS),(M11 - M10) - (M01 - M00),interaction,4,M01,2,49,49,[]
2,LFR(TGN+FS),,lfr_both,LFR(TGN+FS),(M11 - M10) - (M01 - M00),interaction,4,M01,3,49,49,[]
2,LFR(TGN+FS),,lfr_both,LFR(TGN+FS),(M11 - M10) - (M01 - M00),interaction,4,M00,1,49,49,[]
2,LFR(TGN+FS),,lfr_both,LFR(TGN+FS),(M11 - M10) - (M01 - M00),interaction,4,M00,2,49,49,[]
2,LFR(TGN+FS),,lfr_both,LFR(TGN+FS),(M11 - M10) - (M01 - M00),interaction,4,M00,3,49,49,[]
2,LFR(TGN+FS),,lfr_both,LFR(TGN+FS),(M11 - M10) - (M01 - M00),interaction,6,M11,1,49,49,[]
2,LFR(TGN+FS),,lfr_both,LFR(TGN+FS),(M11 - M10) - (M01 - M00),interaction,6,M11,2,49,49,[]
2,LFR(TGN+FS),,lfr_both,LFR(TGN+FS),(M11 - M10) - (M01 - M00),interaction,6,M11,3,49,49,[]
2,LFR(TGN+FS),,lfr_both,LFR(TGN+FS),(M11 - M10) - (M01 - M00),interaction,6,M10,1,49,49,[]
2,LFR(TGN+FS),,lfr_both,LFR(TGN+FS),(M11 - M10) - (M01 - M00),interaction,6,M10,2,49,49,[]
2,LFR(TGN+FS),,lfr_both,LFR(TGN+FS),(M11 - M10) - (M01 - M00),interaction,6,M10,3,49,49,[]
2,LFR(TGN+FS),,lfr_both,LFR(TGN+FS),(M11 - M10) - (M01 - M00),interaction,6,M01,1,49,49,[]
2,LFR(TGN+FS),,lfr_both,LFR(TGN+FS),(M11 - M10) - (M01 - M00),interaction,6,M01,2,49,49,[]
2,LFR(TGN+FS),,lfr_both,LFR(TGN+FS),(M11 - M10) - (M01 - M00),interaction,6,M01,3,49,49,[]
2,LFR(TGN+FS),,lfr_both,LFR(TGN+FS),(M11 - M10) - (M01 - M00),interaction,6,M00,1,49,49,[]
2,LFR(TGN+FS),,lfr_both,LFR(TGN+FS),(M11 - M10) - (M01 - M00),interaction,6,M00,2,49,49,[]
2,LFR(TGN+FS),,lfr_both,LFR(TGN+FS),(M11 - M10) - (M01 - M00),interaction,6,M00,3,49,49,[]
2,LFR(TGN+FS),,lfr_both,LFR(TGN+FS),(M11 - M10) - (M01 - M00),interaction,8,M11,1,49,49,[]
2,LFR(TGN+FS),,lfr_both,LFR(TGN+FS),(M11 - M10) - (M01 - M00),interaction,8,M11,2,49,49,[]
2,LFR(TGN+FS),,lfr_both,LFR(TGN+FS),(M11 - M10) - (M01 - M00),interaction,8,M11,3,49,49,[]
2,LFR(TGN+FS),,lfr_both,LFR(TGN+FS),(M11 - M10) - (M01 - M00),interaction,8,M10,1,49,49,[]
2,LFR(TGN+FS),,lfr_both,LFR(TGN+FS),(M11 - M10) - (M01 - M00),interaction,8,M10,2,49,49,[]
2,LFR(TGN+FS),,lfr_both,LFR(TGN+FS),(M11 - M10) - (M01 - M00),interaction,8,M10,3,49,49,[]
2,LFR(TGN+FS),,lfr_both,LFR(TGN+FS),(M11 - M10) - (M01 - M00),interaction,8,M01,1,49,49,[]
2,LFR(TGN+FS),,lfr_both,LFR(TGN+FS),(M11 - M10) - (M01 - M00),interaction,8,M01,2,49,49,[]
2,LFR(TGN+FS),,lfr_both,LFR(TGN+FS),(M11 - M10) - (M01 - M00),interaction,8,M01,3,49,49,[]
2,LFR(TGN+FS),,lfr_both,LFR(TGN+FS),(M11 - M10) - (M01 - M00),interaction,8,M00,1,49,49,[]
2,LFR(TGN+FS),,lfr_both,LFR(TGN+FS),(M11 - M10) - (M01 - M00),interaction,8,M00,2,49,49,[]
2,LFR(TGN+FS),,lfr_both,LFR(TGN+FS),(M11 - M10) - (M01 - M00),interaction,8,M00,3,49,49,[]
2,LFR(TGN+FS),,lfr_both,LFR(TGN+FS),(M11 - M10) - (M01 - M00),interaction,10,M11,1,49,49,[]
2,LFR(TGN+FS),,lfr_both,LFR(TGN+FS),(M11 - M10) - (M01 - M00),interaction,10,M11,2,49,49,[]
2,LFR(TGN+FS),,lfr_both,LFR(TGN+FS),(M11 - M10) - (M01 - M00),interaction,10,M11,3,49,49,[]
2,LFR(TGN+FS),,lfr_both,LFR(TGN+FS),(M11 - M10) - (M01 - M00),interaction,10,M10,1,49,49,[]
2,LFR(TGN+FS),,lfr_both,LFR(TGN+FS),(M11 - M10) - (M01 - M00),interaction,10,M10,2,49,49,[]
2,LFR(TGN+FS),,lfr_both,LFR(TGN+FS),(M11 - M10) - (M01 - M00),interaction,10,M10,3,49,49,[]
2,LFR(TGN+FS),,lfr_both,LFR(TGN+FS),(M11 - M10) - (M01 - M00),interaction,10,M01,1,49,49,[]
2,LFR(TGN+FS),,lfr_both,LFR(TGN+FS),(M11 - M10) - (M01 - M00),interaction,10,M01,2,49,49,[]
2,LFR(TGN+FS),,lfr_both,LFR(TGN+FS),(M11 - M10) - (M01 - M00),interaction,10,M01,3,49,49,[]
2,LFR(TGN+FS),,lfr_both,LFR(TGN+FS),(M11 - M10) - (M01 - M00),interaction,10,M00,1,49,49,[]
2,LFR(TGN+FS),,lfr_both,LFR(TGN+FS),(M11 - M10) - (M01 - M00),interaction,10,M00,2,49,49,[]
2,LFR(TGN+FS),,lfr_both,LFR(TGN+FS),(M11 - M10) - (M01 - M00),interaction,10,M00,3,49,49,[]
2,LFR(TGN+FS),,lfr_both,LFR(TGN+FS),(M11 - M10) - (M01 - M00),interaction,12,M11,1,49,49,[]
2,LFR(TGN+FS),,lfr_both,LFR(TGN+FS),(M11 - M10) - (M01 - M00),interaction,12,M11,2,49,49,[]
2,LFR(TGN+FS),,lfr_both,LFR(TGN+FS),(M11 - M10) - (M01 - M00),interaction,12,M11,3,49,49,[]
2,LFR(TGN+FS),,lfr_both,LFR(TGN+FS),(M11 - M10) - (M01 - M00),interaction,12,M10,1,49,49,[]
2,LFR(TGN+FS),,lfr_both,LFR(TGN+FS),(M11 - M10) - (M01 - M00),interaction,12,M10,2,49,49,[]
2,LFR(TGN+FS),,lfr_both,LFR(TGN+FS),(M11 - M10) - (M01 - M00),interaction,12,M10,3,49,49,[]
2,LFR(TGN+FS),,lfr_both,LFR(TGN+FS),(M11 - M10) - (M01 - M00),interaction,12,M01,1,49,49,[]
2,LFR(TGN+FS),,lfr_both,LFR(TGN+FS),(M11 - M10) - (M01 - M00),interaction,12,M01,2,49,49,[]
2,LFR(TGN+FS),,lfr_both,LFR(TGN+FS),(M11 - M10) - (M01 - M00),interaction,12,M01,3,49,49,[]
2,LFR(TGN+FS),,lfr_both,LFR(TGN+FS),(M11 - M10) - (M01 - M00),interaction,12,M00,1,49,49,[]
2,LFR(TGN+FS),,lfr_both,LFR(TGN+FS),(M11 - M10) - (M01 - M00),interaction,12,M00,2,49,49,[]
2,LFR(TGN+FS),,lfr_both,LFR(TGN+FS),(M11 - M10) - (M01 - M00),interaction,12,M00,3,49,49,[]
2,LFR(TGN+FS),,lfr_both,LFR(TGN+FS),(M11 - M10) - (M01 - M00),interaction,14,M11,1,49,49,[]
2,LFR(TGN+FS),,lfr_both,LFR(TGN+FS),(M11 - M10) - (M01 - M00),interaction,14,M11,2,49,49,[]
2,LFR(TGN+FS),,lfr_both,LFR(TGN+FS),(M11 - M10) - (M01 - M00),interaction,14,M11,3,49,49,[]
2,LFR(TGN+FS),,lfr_both,LFR(TGN+FS),(M11 - M10) - (M01 - M00),interaction,14,M10,1,49,49,[]
2,LFR(TGN+FS),,lfr_both,LFR(TGN+FS),(M11 - M10) - (M01 - M00),interaction,14,M10,2,49,49,[]
2,LFR(TGN+FS),,lfr_both,LFR(TGN+FS),(M11 - M10) - (M01 - M00),interaction,14,M10,3,49,49,[]
2,LFR(TGN+FS),,lfr_both,LFR(TGN+FS),(M11 - M10) - (M01 - M00),interaction,14,M01,1,49,49,[]
2,LFR(TGN+FS),,lfr_both,LFR(TGN+FS),(M11 - M10) - (M01 - M00),interaction,14,M01,2,49,49,[]
2,LFR(TGN+FS),,lfr_both,LFR(TGN+FS),(M11 - M10) - (M01 - M00),interaction,14,M01,3,49,49,[]
2,LFR(TGN+FS),,lfr_both,LFR(TGN+FS),(M11 - M10) - (M01 - M00),interaction,14,M00,1,49,49,[]
2,LFR(TGN+FS),,lfr_both,LFR(TGN+FS),(M11 - M10) - (M01 - M00),interaction,14,M00,2,49,49,[]
2,LFR(TGN+FS),,lfr_both,LFR(TGN+FS),(M11 - M10) - (M01 - M00),interaction,14,M00,3,49,49,[]
2,LFR(TGN+FS),,lfr_both,LFR(TGN+FS),A0,condition,2,A0,1,49,49,[]
2,LFR(TGN+FS),,lfr_both,LFR(TGN+FS),A0,condition,2,A0,2,49,49,[]
2,LFR(TGN+FS),,lfr_both,LFR(TGN+FS),A0,condition,2,A0,3,49,49,[]
2,LFR(TGN+FS),,lfr_both,LFR(TGN+FS),A0,condition,4,A0,1,49,49,[]
2,LFR(TGN+FS),,lfr_both,LFR(TGN+FS),A0,condition,4,A0,2,49,49,[]
2,LFR(TGN+FS),,lfr_both,LFR(TGN+FS),A0,condition,4,A0,3,49,49,[]
2,LFR(TGN+FS),,lfr_both,LFR(TGN+FS),A0,condition,6,A0,1,49,49,[]
2,LFR(TGN+FS),,lfr_both,LFR(TGN+FS),A0,condition,6,A0,2,49,49,[]
2,LFR(TGN+FS),,lfr_both,LFR(TGN+FS),A0,condition,6,A0,3,49,49,[]
2,LFR(TGN+FS),,lfr_both,LFR(TGN+FS),A0,condition,8,A0,1,49,49,[]
2,LFR(TGN+FS),,lfr_both,LFR(TGN+FS),A0,condition,8,A0,2,49,49,[]
2,LFR(TGN+FS),,lfr_both,LFR(TGN+FS),A0,condition,8,A0,3,49,49,[]
2,LFR(TGN+FS),,lfr_both,LFR(TGN+FS),A0,condition,10,A0,1,49,49,[]
2,LFR(TGN+FS),,lfr_both,LFR(TGN+FS),A0,condition,10,A0,2,49,49,[]
2,LFR(TGN+FS),,lfr_both,LFR(TGN+FS),A0,condition,10,A0,3,49,49,[]
2,LFR(TGN+FS),,lfr_both,LFR(TGN+FS),A0,condition,12,A0,1,49,49,[]
2,LFR(TGN+FS),,lfr_both,LFR(TGN+FS),A0,condition,12,A0,2,49,49,[]
2,LFR(TGN+FS),,lfr_both,LFR(TGN+FS),A0,condition,12,A0,3,49,49,[]
2,LFR(TGN+FS),,lfr_both,LFR(TGN+FS),A0,condition,14,A0,1,49,49,[]
2,LFR(TGN+FS),,lfr_both,LFR(TGN+FS),A0,condition,14,A0,2,49,49,[]
2,LFR(TGN+FS),,lfr_both,LFR(TGN+FS),A0,condition,14,A0,3,49,49,[]
2,LFR(TGN+FS),,lfr_both,LFR(TGN+FS),B0,condition,2,B0,1,49,49,[]
2,LFR(TGN+FS),,lfr_both,LFR(TGN+FS),B0,condition,2,B0,2,49,49,[]
2,LFR(TGN+FS),,lfr_both,LFR(TGN+FS),B0,condition,2,B0,3,49,49,[]
2,LFR(TGN+FS),,lfr_both,LFR(TGN+FS),B0,condition,4,B0,1,49,49,[]
2,LFR(TGN+FS),,lfr_both,LFR(TGN+FS),B0,condition,4,B0,2,49,49,[]
2,LFR(TGN+FS),,lfr_both,LFR(TGN+FS),B0,condition,4,B0,3,49,49,[]
2,LFR(TGN+FS),,lfr_both,LFR(TGN+FS),B0,condition,6,B0,1,49,49,[]
2,LFR(TGN+FS),,lfr_both,LFR(TGN+FS),B0,condition,6,B0,2,49,49,[]
2,LFR(TGN+FS),,lfr_both,LFR(TGN+FS),B0,condition,6,B0,3,49,49,[]
2,LFR(TGN+FS),,lfr_both,LFR(TGN+FS),B0,condition,8,B0,1,49,49,[]
2,LFR(TGN+FS),,lfr_both,LFR(TGN+FS),B0,condition,8,B0,2,49,49,[]
2,LFR(TGN+FS),,lfr_both,LFR(TGN+FS),B0,condition,8,B0,3,49,49,[]
2,LFR(TGN+FS),,lfr_both,LFR(TGN+FS),B0,condition,10,B0,1,49,49,[]
2,LFR(TGN+FS),,lfr_both,LFR(TGN+FS),B0,condition,10,B0,2,49,49,[]
2,LFR(TGN+FS),,lfr_both,LFR(TGN+FS),B0,condition,10,B0,3,49,49,[]
2,LFR(TGN+FS),,lfr_both,LFR(TGN+FS),B0,condition,12,B0,1,49,49,[]
2,LFR(TGN+FS),,lfr_both,LFR(TGN+FS),B0,condition,12,B0,2,49,49,[]
2,LFR(TGN+FS),,lfr_both,LFR(TGN+FS),B0,condition,12,B0,3,49,49,[]
2,LFR(TGN+FS),,lfr_both,LFR(TGN+FS),B0,condition,14,B0,1,49,49,[]
2,LFR(TGN+FS),,lfr_both,LFR(TGN+FS),B0,condition,14,B0,2,49,49,[]
2,LFR(TGN+FS),,lfr_both,LFR(TGN+FS),B0,condition,14,B0,3,49,49,[]
2,LFR(TGN+FS),,lfr_both,LFR(TGN+FS),B1,condition,2,B1,1,49,49,[]
2,LFR(TGN+FS),,lfr_both,LFR(TGN+FS),B1,condition,2,B1,2,49,49,[]
2,LFR(TGN+FS),,lfr_both,LFR(TGN+FS),B1,condition,2,B1,3,49,49,[]
2,LFR(TGN+FS),,lfr_both,LFR(TGN+FS),B1,condition,4,B1,1,49,49,[]
2,LFR(TGN+FS),,lfr_both,LFR(TGN+FS),B1,condition,4,B1,2,49,49,[]
2,LFR(TGN+FS),,lfr_both,LFR(TGN+FS),B1,condition,4,B1,3,49,49,[]
2,LFR(TGN+FS),,lfr_both,LFR(TGN+FS),B1,condition,6,B1,1,49,49,[]
2,LFR(TGN+FS),,lfr_both,LFR(TGN+FS),B1,condition,6,B1,2,49,49,[]
2,LFR(TGN+FS),,lfr_both,LFR(TGN+FS),B1,condition,6,B1,3,49,49,[]
2,LFR(TGN+FS),,lfr_both,LFR(TGN+FS),B1,condition,8,B1,1,49,49,[]
2,LFR(TGN+FS),,lfr_both,LFR(TGN+FS),B1,condition,8,B1,2,49,49,[]
2,LFR(TGN+FS),,lfr_both,LFR(TGN+FS),B1,condition,8,B1,3,49,49,[]
2,LFR(TGN+FS),,lfr_both,LFR(TGN+FS),B1,condition,10,B1,1,49,49,[]
2,LFR(TGN+FS),,lfr_both,LFR(TGN+FS),B1,condition,10,B1,2,49,49,[]
2,LFR(TGN+FS),,lfr_both,LFR(TGN+FS),B1,condition,10,B1,3,49,49,[]
2,LFR(TGN+FS),,lfr_both,LFR(TGN+FS),B1,condition,12,B1,1,49,49,[]
2,LFR(TGN+FS),,lfr_both,LFR(TGN+FS),B1,condition,12,B1,2,49,49,[]
2,LFR(TGN+FS),,lfr_both,LFR(TGN+FS),B1,condition,12,B1,3,49,49,[]
2,LFR(TGN+FS),,lfr_both,LFR(TGN+FS),B1,condition,14,B1,1,49,49,[]
2,LFR(TGN+FS),,lfr_both,LFR(TGN+FS),B1,condition,14,B1,2,49,49,[]
2,LFR(TGN+FS),,lfr_both,LFR(TGN+FS),B1,condition,14,B1,3,49,49,[]
2,LFR(TGN+FS),,lfr_both,LFR(TGN+FS),M00,condition,2,M00,1,49,49,[]
2,LFR(TGN+FS),,lfr_both,LFR(TGN+FS),M00,condition,2,M00,2,49,49,[]
2,LFR(TGN+FS),,lfr_both,LFR(TGN+FS),M00,condition,2,M00,3,49,49,[]
2,LFR(TGN+FS),,lfr_both,LFR(TGN+FS),M00,condition,4,M00,1,49,49,[]
2,LFR(TGN+FS),,lfr_both,LFR(TGN+FS),M00,condition,4,M00,2,49,49,[]
2,LFR(TGN+FS),,lfr_both,LFR(TGN+FS),M00,condition,4,M00,3,49,49,[]
2,LFR(TGN+FS),,lfr_both,LFR(TGN+FS),M00,condition,6,M00,1,49,49,[]
2,LFR(TGN+FS),,lfr_both,LFR(TGN+FS),M00,condition,6,M00,2,49,49,[]
2,LFR(TGN+FS),,lfr_both,LFR(TGN+FS),M00,condition,6,M00,3,49,49,[]
2,LFR(TGN+FS),,lfr_both,LFR(TGN+FS),M00,condition,8,M00,1,49,49,[]
2,LFR(TGN+FS),,lfr_both,LFR(TGN+FS),M00,condition,8,M00,2,49,49,[]
2,LFR(TGN+FS),,lfr_both,LFR(TGN+FS),M00,condition,8,M00,3,49,49,[]
2,LFR(TGN+FS),,lfr_both,LFR(TGN+FS),M00,condition,10,M00,1,49,49,[]
2,LFR(TGN+FS),,lfr_both,LFR(TGN+FS),M00,condition,10,M00,2,49,49,[]
2,LFR(TGN+FS),,lfr_both,LFR(TGN+FS),M00,condition,10,M00,3,49,49,[]
2,LFR(TGN+FS),,lfr_both,LFR(TGN+FS),M00,condition,12,M00,1,49,49,[]
2,LFR(TGN+FS),,lfr_both,LFR(TGN+FS),M00,condition,12,M00,2,49,49,[]
2,LFR(TGN+FS),,lfr_both,LFR(TGN+FS),M00,condition,12,M00,3,49,49,[]
2,LFR(TGN+FS),,lfr_both,LFR(TGN+FS),M00,condition,14,M00,1,49,49,[]
2,LFR(TGN+FS),,lfr_both,LFR(TGN+FS),M00,condition,14,M00,2,49,49,[]
2,LFR(TGN+FS),,lfr_both,LFR(TGN+FS),M00,condition,14,M00,3,49,49,[]
2,LFR(TGN+FS),,lfr_both,LFR(TGN+FS),M00 - A0,paired,2,M00,1,49,49,[]
2,LFR(TGN+FS),,lfr_both,LFR(TGN+FS),M00 - A0,paired,2,M00,2,49,49,[]
2,LFR(TGN+FS),,lfr_both,LFR(TGN+FS),M00 - A0,paired,2,M00,3,49,49,[]
2,LFR(TGN+FS),,lfr_both,LFR(TGN+FS),M00 - A0,paired,2,A0,1,49,49,[]
2,LFR(TGN+FS),,lfr_both,LFR(TGN+FS),M00 - A0,paired,2,A0,2,49,49,[]
2,LFR(TGN+FS),,lfr_both,LFR(TGN+FS),M00 - A0,paired,2,A0,3,49,49,[]
2,LFR(TGN+FS),,lfr_both,LFR(TGN+FS),M00 - A0,paired,4,M00,1,49,49,[]
2,LFR(TGN+FS),,lfr_both,LFR(TGN+FS),M00 - A0,paired,4,M00,2,49,49,[]
2,LFR(TGN+FS),,lfr_both,LFR(TGN+FS),M00 - A0,paired,4,M00,3,49,49,[]
2,LFR(TGN+FS),,lfr_both,LFR(TGN+FS),M00 - A0,paired,4,A0,1,49,49,[]
2,LFR(TGN+FS),,lfr_both,LFR(TGN+FS),M00 - A0,paired,4,A0,2,49,49,[]
2,LFR(TGN+FS),,lfr_both,LFR(TGN+FS),M00 - A0,paired,4,A0,3,49,49,[]
2,LFR(TGN+FS),,lfr_both,LFR(TGN+FS),M00 - A0,paired,6,M00,1,49,49,[]
2,LFR(TGN+FS),,lfr_both,LFR(TGN+FS),M00 - A0,paired,6,M00,2,49,49,[]
2,LFR(TGN+FS),,lfr_both,LFR(TGN+FS),M00 - A0,paired,6,M00,3,49,49,[]
2,LFR(TGN+FS),,lfr_both,LFR(TGN+FS),M00 - A0,paired,6,A0,1,49,49,[]
2,LFR(TGN+FS),,lfr_both,LFR(TGN+FS),M00 - A0,paired,6,A0,2,49,49,[]
2,LFR(TGN+FS),,lfr_both,LFR(TGN+FS),M00 - A0,paired,6,A0,3,49,49,[]
2,LFR(TGN+FS),,lfr_both,LFR(TGN+FS),M00 - A0,paired,8,M00,1,49,49,[]
2,LFR(TGN+FS),,lfr_both,LFR(TGN+FS),M00 - A0,paired,8,M00,2,49,49,[]
2,LFR(TGN+FS),,lfr_both,LFR(TGN+FS),M00 - A0,paired,8,M00,3,49,49,[]
2,LFR(TGN+FS),,lfr_both,LFR(TGN+FS),M00 - A0,paired,8,A0,1,49,49,[]
2,LFR(TGN+FS),,lfr_both,LFR(TGN+FS),M00 - A0,paired,8,A0,2,49,49,[]
2,LFR(TGN+FS),,lfr_both,LFR(TGN+FS),M00 - A0,paired,8,A0,3,49,49,[]
2,LFR(TGN+FS),,lfr_both,LFR(TGN+FS),M00 - A0,paired,10,M00,1,49,49,[]
2,LFR(TGN+FS),,lfr_both,LFR(TGN+FS),M00 - A0,paired,10,M00,2,49,49,[]
2,LFR(TGN+FS),,lfr_both,LFR(TGN+FS),M00 - A0,paired,10,M00,3,49,49,[]
2,LFR(TGN+FS),,lfr_both,LFR(TGN+FS),M00 - A0,paired,10,A0,1,49,49,[]
2,LFR(TGN+FS),,lfr_both,LFR(TGN+FS),M00 - A0,paired,10,A0,2,49,49,[]
2,LFR(TGN+FS),,lfr_both,LFR(TGN+FS),M00 - A0,paired,10,A0,3,49,49,[]
2,LFR(TGN+FS),,lfr_both,LFR(TGN+FS),M00 - A0,paired,12,M00,1,49,49,[]
2,LFR(TGN+FS),,lfr_both,LFR(TGN+FS),M00 - A0,paired,12,M00,2,49,49,[]
2,LFR(TGN+FS),,lfr_both,LFR(TGN+FS),M00 - A0,paired,12,M00,3,49,49,[]
2,LFR(TGN+FS),,lfr_both,LFR(TGN+FS),M00 - A0,paired,12,A0,1,49,49,[]
2,LFR(TGN+FS),,lfr_both,LFR(TGN+FS),M00 - A0,paired,12,A0,2,49,49,[]
2,LFR(TGN+FS),,lfr_both,LFR(TGN+FS),M00 - A0,paired,12,A0,3,49,49,[]
2,LFR(TGN+FS),,lfr_both,LFR(TGN+FS),M00 - A0,paired,14,M00,1,49,49,[]
2,LFR(TGN+FS),,lfr_both,LFR(TGN+FS),M00 - A0,paired,14,M00,2,49,49,[]
2,LFR(TGN+FS),,lfr_both,LFR(TGN+FS),M00 - A0,paired,14,M00,3,49,49,[]
2,LFR(TGN+FS),,lfr_both,LFR(TGN+FS),M00 - A0,paired,14,A0,1,49,49,[]
2,LFR(TGN+FS),,lfr_both,LFR(TGN+FS),M00 - A0,paired,14,A0,2,49,49,[]
2,LFR(TGN+FS),,lfr_both,LFR(TGN+FS),M00 - A0,paired,14,A0,3,49,49,[]
2,LFR(TGN+FS),,lfr_both,LFR(TGN+FS),M00 - B0,paired,2,M00,1,49,49,[]
2,LFR(TGN+FS),,lfr_both,LFR(TGN+FS),M00 - B0,paired,2,M00,2,49,49,[]
2,LFR(TGN+FS),,lfr_both,LFR(TGN+FS),M00 - B0,paired,2,M00,3,49,49,[]
2,LFR(TGN+FS),,lfr_both,LFR(TGN+FS),M00 - B0,paired,2,B0,1,49,49,[]
2,LFR(TGN+FS),,lfr_both,LFR(TGN+FS),M00 - B0,paired,2,B0,2,49,49,[]
2,LFR(TGN+FS),,lfr_both,LFR(TGN+FS),M00 - B0,paired,2,B0,3,49,49,[]
2,LFR(TGN+FS),,lfr_both,LFR(TGN+FS),M00 - B0,paired,4,M00,1,49,49,[]
2,LFR(TGN+FS),,lfr_both,LFR(TGN+FS),M00 - B0,paired,4,M00,2,49,49,[]
2,LFR(TGN+FS),,lfr_both,LFR(TGN+FS),M00 - B0,paired,4,M00,3,49,49,[]
2,LFR(TGN+FS),,lfr_both,LFR(TGN+FS),M00 - B0,paired,4,B0,1,49,49,[]
2,LFR(TGN+FS),,lfr_both,LFR(TGN+FS),M00 - B0,paired,4,B0,2,49,49,[]
2,LFR(TGN+FS),,lfr_both,LFR(TGN+FS),M00 - B0,paired,4,B0,3,49,49,[]
2,LFR(TGN+FS),,lfr_both,LFR(TGN+FS),M00 - B0,paired,6,M00,1,49,49,[]
2,LFR(TGN+FS),,lfr_both,LFR(TGN+FS),M00 - B0,paired,6,M00,2,49,49,[]
2,LFR(TGN+FS),,lfr_both,LFR(TGN+FS),M00 - B0,paired,6,M00,3,49,49,[]
2,LFR(TGN+FS),,lfr_both,LFR(TGN+FS),M00 - B0,paired,6,B0,1,49,49,[]
2,LFR(TGN+FS),,lfr_both,LFR(TGN+FS),M00 - B0,paired,6,B0,2,49,49,[]
2,LFR(TGN+FS),,lfr_both,LFR(TGN+FS),M00 - B0,paired,6,B0,3,49,49,[]
2,LFR(TGN+FS),,lfr_both,LFR(TGN+FS),M00 - B0,paired,8,M00,1,49,49,[]
2,LFR(TGN+FS),,lfr_both,LFR(TGN+FS),M00 - B0,paired,8,M00,2,49,49,[]
2,LFR(TGN+FS),,lfr_both,LFR(TGN+FS),M00 - B0,paired,8,M00,3,49,49,[]
2,LFR(TGN+FS),,lfr_both,LFR(TGN+FS),M00 - B0,paired,8,B0,1,49,49,[]
2,LFR(TGN+FS),,lfr_both,LFR(TGN+FS),M00 - B0,paired,8,B0,2,49,49,[]
2,LFR(TGN+FS),,lfr_both,LFR(TGN+FS),M00 - B0,paired,8,B0,3,49,49,[]
2,LFR(TGN+FS),,lfr_both,LFR(TGN+FS),M00 - B0,paired,10,M00,1,49,49,[]
2,LFR(TGN+FS),,lfr_both,LFR(TGN+FS),M00 - B0,paired,10,M00,2,49,49,[]
2,LFR(TGN+FS),,lfr_both,LFR(TGN+FS),M00 - B0,paired,10,M00,3,49,49,[]
2,LFR(TGN+FS),,lfr_both,LFR(TGN+FS),M00 - B0,paired,10,B0,1,49,49,[]
2,LFR(TGN+FS),,lfr_both,LFR(TGN+FS),M00 - B0,paired,10,B0,2,49,49,[]
2,LFR(TGN+FS),,lfr_both,LFR(TGN+FS),M00 - B0,paired,10,B0,3,49,49,[]
2,LFR(TGN+FS),,lfr_both,LFR(TGN+FS),M00 - B0,paired,12,M00,1,49,49,[]
2,LFR(TGN+FS),,lfr_both,LFR(TGN+FS),M00 - B0,paired,12,M00,2,49,49,[]
2,LFR(TGN+FS),,lfr_both,LFR(TGN+FS),M00 - B0,paired,12,M00,3,49,49,[]
2,LFR(TGN+FS),,lfr_both,LFR(TGN+FS),M00 - B0,paired,12,B0,1,49,49,[]
2,LFR(TGN+FS),,lfr_both,LFR(TGN+FS),M00 - B0,paired,12,B0,2,49,49,[]
2,LFR(TGN+FS),,lfr_both,LFR(TGN+FS),M00 - B0,paired,12,B0,3,49,49,[]
2,LFR(TGN+FS),,lfr_both,LFR(TGN+FS),M00 - B0,paired,14,M00,1,49,49,[]
2,LFR(TGN+FS),,lfr_both,LFR(TGN+FS),M00 - B0,paired,14,M00,2,49,49,[]
2,LFR(TGN+FS),,lfr_both,LFR(TGN+FS),M00 - B0,paired,14,M00,3,49,49,[]
2,LFR(TGN+FS),,lfr_both,LFR(TGN+FS),M00 - B0,paired,14,B0,1,49,49,[]
2,LFR(TGN+FS),,lfr_both,LFR(TGN+FS),M00 - B0,paired,14,B0,2,49,49,[]
2,LFR(TGN+FS),,lfr_both,LFR(TGN+FS),M00 - B0,paired,14,B0,3,49,49,[]
2,LFR(TGN+FS),,lfr_both,LFR(TGN+FS),M00 - B1,paired,2,M00,1,49,49,[]
2,LFR(TGN+FS),,lfr_both,LFR(TGN+FS),M00 - B1,paired,2,M00,2,49,49,[]
2,LFR(TGN+FS),,lfr_both,LFR(TGN+FS),M00 - B1,paired,2,M00,3,49,49,[]
2,LFR(TGN+FS),,lfr_both,LFR(TGN+FS),M00 - B1,paired,2,B1,1,49,49,[]
2,LFR(TGN+FS),,lfr_both,LFR(TGN+FS),M00 - B1,paired,2,B1,2,49,49,[]
2,LFR(TGN+FS),,lfr_both,LFR(TGN+FS),M00 - B1,paired,2,B1,3,49,49,[]
2,LFR(TGN+FS),,lfr_both,LFR(TGN+FS),M00 - B1,paired,4,M00,1,49,49,[]
2,LFR(TGN+FS),,lfr_both,LFR(TGN+FS),M00 - B1,paired,4,M00,2,49,49,[]
2,LFR(TGN+FS),,lfr_both,LFR(TGN+FS),M00 - B1,paired,4,M00,3,49,49,[]
2,LFR(TGN+FS),,lfr_both,LFR(TGN+FS),M00 - B1,paired,4,B1,1,49,49,[]
2,LFR(TGN+FS),,lfr_both,LFR(TGN+FS),M00 - B1,paired,4,B1,2,49,49,[]
2,LFR(TGN+FS),,lfr_both,LFR(TGN+FS),M00 - B1,paired,4,B1,3,49,49,[]
2,LFR(TGN+FS),,lfr_both,LFR(TGN+FS),M00 - B1,paired,6,M00,1,49,49,[]
2,LFR(TGN+FS),,lfr_both,LFR(TGN+FS),M00 - B1,paired,6,M00,2,49,49,[]
2,LFR(TGN+FS),,lfr_both,LFR(TGN+FS),M00 - B1,paired,6,M00,3,49,49,[]
2,LFR(TGN+FS),,lfr_both,LFR(TGN+FS),M00 - B1,paired,6,B1,1,49,49,[]
2,LFR(TGN+FS),,lfr_both,LFR(TGN+FS),M00 - B1,paired,6,B1,2,49,49,[]
2,LFR(TGN+FS),,lfr_both,LFR(TGN+FS),M00 - B1,paired,6,B1,3,49,49,[]
2,LFR(TGN+FS),,lfr_both,LFR(TGN+FS),M00 - B1,paired,8,M00,1,49,49,[]
2,LFR(TGN+FS),,lfr_both,LFR(TGN+FS),M00 - B1,paired,8,M00,2,49,49,[]
2,LFR(TGN+FS),,lfr_both,LFR(TGN+FS),M00 - B1,paired,8,M00,3,49,49,[]
2,LFR(TGN+FS),,lfr_both,LFR(TGN+FS),M00 - B1,paired,8,B1,1,49,49,[]
2,LFR(TGN+FS),,lfr_both,LFR(TGN+FS),M00 - B1,paired,8,B1,2,49,49,[]
2,LFR(TGN+FS),,lfr_both,LFR(TGN+FS),M00 - B1,paired,8,B1,3,49,49,[]
2,LFR(TGN+FS),,lfr_both,LFR(TGN+FS),M00 - B1,paired,10,M00,1,49,49,[]
2,LFR(TGN+FS),,lfr_both,LFR(TGN+FS),M00 - B1,paired,10,M00,2,49,49,[]
2,LFR(TGN+FS),,lfr_both,LFR(TGN+FS),M00 - B1,paired,10,M00,3,49,49,[]
2,LFR(TGN+FS),,lfr_both,LFR(TGN+FS),M00 - B1,paired,10,B1,1,49,49,[]
2,LFR(TGN+FS),,lfr_both,LFR(TGN+FS),M00 - B1,paired,10,B1,2,49,49,[]
2,LFR(TGN+FS),,lfr_both,LFR(TGN+FS),M00 - B1,paired,10,B1,3,49,49,[]
2,LFR(TGN+FS),,lfr_both,LFR(TGN+FS),M00 - B1,paired,12,M00,1,49,49,[]
2,LFR(TGN+FS),,lfr_both,LFR(TGN+FS),M00 - B1,paired,12,M00,2,49,49,[]
2,LFR(TGN+FS),,lfr_both,LFR(TGN+FS),M00 - B1,paired,12,M00,3,49,49,[]
2,LFR(TGN+FS),,lfr_both,LFR(TGN+FS),M00 - B1,paired,12,B1,1,49,49,[]
2,LFR(TGN+FS),,lfr_both,LFR(TGN+FS),M00 - B1,paired,12,B1,2,49,49,[]
2,LFR(TGN+FS),,lfr_both,LFR(TGN+FS),M00 - B1,paired,12,B1,3,49,49,[]
2,LFR(TGN+FS),,lfr_both,LFR(TGN+FS),M00 - B1,paired,14,M00,1,49,49,[]
2,LFR(TGN+FS),,lfr_both,LFR(TGN+FS),M00 - B1,paired,14,M00,2,49,49,[]
2,LFR(TGN+FS),,lfr_both,LFR(TGN+FS),M00 - B1,paired,14,M00,3,49,49,[]
2,LFR(TGN+FS),,lfr_both,LFR(TGN+FS),M00 - B1,paired,14,B1,1,49,49,[]
2,LFR(TGN+FS),,lfr_both,LFR(TGN+FS),M00 - B1,paired,14,B1,2,49,49,[]
2,LFR(TGN+FS),,lfr_both,LFR(TGN+FS),M00 - B1,paired,14,B1,3,49,49,[]
2,LFR(TGN+FS),,lfr_both,LFR(TGN+FS),M01,condition,2,M01,1,49,49,[]
2,LFR(TGN+FS),,lfr_both,LFR(TGN+FS),M01,condition,2,M01,2,49,49,[]
2,LFR(TGN+FS),,lfr_both,LFR(TGN+FS),M01,condition,2,M01,3,49,49,[]
2,LFR(TGN+FS),,lfr_both,LFR(TGN+FS),M01,condition,4,M01,1,49,49,[]
2,LFR(TGN+FS),,lfr_both,LFR(TGN+FS),M01,condition,4,M01,2,49,49,[]
2,LFR(TGN+FS),,lfr_both,LFR(TGN+FS),M01,condition,4,M01,3,49,49,[]
2,LFR(TGN+FS),,lfr_both,LFR(TGN+FS),M01,condition,6,M01,1,49,49,[]
2,LFR(TGN+FS),,lfr_both,LFR(TGN+FS),M01,condition,6,M01,2,49,49,[]
2,LFR(TGN+FS),,lfr_both,LFR(TGN+FS),M01,condition,6,M01,3,49,49,[]
2,LFR(TGN+FS),,lfr_both,LFR(TGN+FS),M01,condition,8,M01,1,49,49,[]
2,LFR(TGN+FS),,lfr_both,LFR(TGN+FS),M01,condition,8,M01,2,49,49,[]
2,LFR(TGN+FS),,lfr_both,LFR(TGN+FS),M01,condition,8,M01,3,49,49,[]
2,LFR(TGN+FS),,lfr_both,LFR(TGN+FS),M01,condition,10,M01,1,49,49,[]
2,LFR(TGN+FS),,lfr_both,LFR(TGN+FS),M01,condition,10,M01,2,49,49,[]
2,LFR(TGN+FS),,lfr_both,LFR(TGN+FS),M01,condition,10,M01,3,49,49,[]
2,LFR(TGN+FS),,lfr_both,LFR(TGN+FS),M01,condition,12,M01,1,49,49,[]
2,LFR(TGN+FS),,lfr_both,LFR(TGN+FS),M01,condition,12,M01,2,49,49,[]
2,LFR(TGN+FS),,lfr_both,LFR(TGN+FS),M01,condition,12,M01,3,49,49,[]
2,LFR(TGN+FS),,lfr_both,LFR(TGN+FS),M01,condition,14,M01,1,49,49,[]
2,LFR(TGN+FS),,lfr_both,LFR(TGN+FS),M01,condition,14,M01,2,49,49,[]
2,LFR(TGN+FS),,lfr_both,LFR(TGN+FS),M01,condition,14,M01,3,49,49,[]
2,LFR(TGN+FS),,lfr_both,LFR(TGN+FS),M01 - M00,paired,2,M01,1,49,49,[]
2,LFR(TGN+FS),,lfr_both,LFR(TGN+FS),M01 - M00,paired,2,M01,2,49,49,[]
2,LFR(TGN+FS),,lfr_both,LFR(TGN+FS),M01 - M00,paired,2,M01,3,49,49,[]
2,LFR(TGN+FS),,lfr_both,LFR(TGN+FS),M01 - M00,paired,2,M00,1,49,49,[]
2,LFR(TGN+FS),,lfr_both,LFR(TGN+FS),M01 - M00,paired,2,M00,2,49,49,[]
2,LFR(TGN+FS),,lfr_both,LFR(TGN+FS),M01 - M00,paired,2,M00,3,49,49,[]
2,LFR(TGN+FS),,lfr_both,LFR(TGN+FS),M01 - M00,paired,4,M01,1,49,49,[]
2,LFR(TGN+FS),,lfr_both,LFR(TGN+FS),M01 - M00,paired,4,M01,2,49,49,[]
2,LFR(TGN+FS),,lfr_both,LFR(TGN+FS),M01 - M00,paired,4,M01,3,49,49,[]
2,LFR(TGN+FS),,lfr_both,LFR(TGN+FS),M01 - M00,paired,4,M00,1,49,49,[]
2,LFR(TGN+FS),,lfr_both,LFR(TGN+FS),M01 - M00,paired,4,M00,2,49,49,[]
2,LFR(TGN+FS),,lfr_both,LFR(TGN+FS),M01 - M00,paired,4,M00,3,49,49,[]
2,LFR(TGN+FS),,lfr_both,LFR(TGN+FS),M01 - M00,paired,6,M01,1,49,49,[]
2,LFR(TGN+FS),,lfr_both,LFR(TGN+FS),M01 - M00,paired,6,M01,2,49,49,[]
2,LFR(TGN+FS),,lfr_both,LFR(TGN+FS),M01 - M00,paired,6,M01,3,49,49,[]
2,LFR(TGN+FS),,lfr_both,LFR(TGN+FS),M01 - M00,paired,6,M00,1,49,49,[]
2,LFR(TGN+FS),,lfr_both,LFR(TGN+FS),M01 - M00,paired,6,M00,2,49,49,[]
2,LFR(TGN+FS),,lfr_both,LFR(TGN+FS),M01 - M00,paired,6,M00,3,49,49,[]
2,LFR(TGN+FS),,lfr_both,LFR(TGN+FS),M01 - M00,paired,8,M01,1,49,49,[]
2,LFR(TGN+FS),,lfr_both,LFR(TGN+FS),M01 - M00,paired,8,M01,2,49,49,[]
2,LFR(TGN+FS),,lfr_both,LFR(TGN+FS),M01 - M00,paired,8,M01,3,49,49,[]
2,LFR(TGN+FS),,lfr_both,LFR(TGN+FS),M01 - M00,paired,8,M00,1,49,49,[]
2,LFR(TGN+FS),,lfr_both,LFR(TGN+FS),M01 - M00,paired,8,M00,2,49,49,[]
2,LFR(TGN+FS),,lfr_both,LFR(TGN+FS),M01 - M00,paired,8,M00,3,49,49,[]
2,LFR(TGN+FS),,lfr_both,LFR(TGN+FS),M01 - M00,paired,10,M01,1,49,49,[]
2,LFR(TGN+FS),,lfr_both,LFR(TGN+FS),M01 - M00,paired,10,M01,2,49,49,[]
2,LFR(TGN+FS),,lfr_both,LFR(TGN+FS),M01 - M00,paired,10,M01,3,49,49,[]
2,LFR(TGN+FS),,lfr_both,LFR(TGN+FS),M01 - M00,paired,10,M00,1,49,49,[]
2,LFR(TGN+FS),,lfr_both,LFR(TGN+FS),M01 - M00,paired,10,M00,2,49,49,[]
2,LFR(TGN+FS),,lfr_both,LFR(TGN+FS),M01 - M00,paired,10,M00,3,49,49,[]
2,LFR(TGN+FS),,lfr_both,LFR(TGN+FS),M01 - M00,paired,12,M01,1,49,49,[]
2,LFR(TGN+FS),,lfr_both,LFR(TGN+FS),M01 - M00,paired,12,M01,2,49,49,[]
2,LFR(TGN+FS),,lfr_both,LFR(TGN+FS),M01 - M00,paired,12,M01,3,49,49,[]
2,LFR(TGN+FS),,lfr_both,LFR(TGN+FS),M01 - M00,paired,12,M00,1,49,49,[]
2,LFR(TGN+FS),,lfr_both,LFR(TGN+FS),M01 - M00,paired,12,M00,2,49,49,[]
2,LFR(TGN+FS),,lfr_both,LFR(TGN+FS),M01 - M00,paired,12,M00,3,49,49,[]
2,LFR(TGN+FS),,lfr_both,LFR(TGN+FS),M01 - M00,paired,14,M01,1,49,49,[]
2,LFR(TGN+FS),,lfr_both,LFR(TGN+FS),M01 - M00,paired,14,M01,2,49,49,[]
2,LFR(TGN+FS),,lfr_both,LFR(TGN+FS),M01 - M00,paired,14,M01,3,49,49,[]
2,LFR(TGN+FS),,lfr_both,LFR(TGN+FS),M01 - M00,paired,14,M00,1,49,49,[]
2,LFR(TGN+FS),,lfr_both,LFR(TGN+FS),M01 - M00,paired,14,M00,2,49,49,[]
2,LFR(TGN+FS),,lfr_both,LFR(TGN+FS),M01 - M00,paired,14,M00,3,49,49,[]
2,LFR(TGN+FS),,lfr_both,LFR(TGN+FS),M10,condition,2,M10,1,49,49,[]
2,LFR(TGN+FS),,lfr_both,LFR(TGN+FS),M10,condition,2,M10,2,49,49,[]
2,LFR(TGN+FS),,lfr_both,LFR(TGN+FS),M10,condition,2,M10,3,49,49,[]
2,LFR(TGN+FS),,lfr_both,LFR(TGN+FS),M10,condition,4,M10,1,49,49,[]
2,LFR(TGN+FS),,lfr_both,LFR(TGN+FS),M10,condition,4,M10,2,49,49,[]
2,LFR(TGN+FS),,lfr_both,LFR(TGN+FS),M10,condition,4,M10,3,49,49,[]
2,LFR(TGN+FS),,lfr_both,LFR(TGN+FS),M10,condition,6,M10,1,49,49,[]
2,LFR(TGN+FS),,lfr_both,LFR(TGN+FS),M10,condition,6,M10,2,49,49,[]
2,LFR(TGN+FS),,lfr_both,LFR(TGN+FS),M10,condition,6,M10,3,49,49,[]
2,LFR(TGN+FS),,lfr_both,LFR(TGN+FS),M10,condition,8,M10,1,49,49,[]
2,LFR(TGN+FS),,lfr_both,LFR(TGN+FS),M10,condition,8,M10,2,49,49,[]
2,LFR(TGN+FS),,lfr_both,LFR(TGN+FS),M10,condition,8,M10,3,49,49,[]
2,LFR(TGN+FS),,lfr_both,LFR(TGN+FS),M10,condition,10,M10,1,49,49,[]
2,LFR(TGN+FS),,lfr_both,LFR(TGN+FS),M10,condition,10,M10,2,49,49,[]
2,LFR(TGN+FS),,lfr_both,LFR(TGN+FS),M10,condition,10,M10,3,49,49,[]
2,LFR(TGN+FS),,lfr_both,LFR(TGN+FS),M10,condition,12,M10,1,49,49,[]
2,LFR(TGN+FS),,lfr_both,LFR(TGN+FS),M10,condition,12,M10,2,49,49,[]
2,LFR(TGN+FS),,lfr_both,LFR(TGN+FS),M10,condition,12,M10,3,49,49,[]
2,LFR(TGN+FS),,lfr_both,LFR(TGN+FS),M10,condition,14,M10,1,49,49,[]
2,LFR(TGN+FS),,lfr_both,LFR(TGN+FS),M10,condition,14,M10,2,49,49,[]
2,LFR(TGN+FS),,lfr_both,LFR(TGN+FS),M10,condition,14,M10,3,49,49,[]
2,LFR(TGN+FS),,lfr_both,LFR(TGN+FS),M10 - M00,paired,2,M10,1,49,49,[]
2,LFR(TGN+FS),,lfr_both,LFR(TGN+FS),M10 - M00,paired,2,M10,2,49,49,[]
2,LFR(TGN+FS),,lfr_both,LFR(TGN+FS),M10 - M00,paired,2,M10,3,49,49,[]
2,LFR(TGN+FS),,lfr_both,LFR(TGN+FS),M10 - M00,paired,2,M00,1,49,49,[]
2,LFR(TGN+FS),,lfr_both,LFR(TGN+FS),M10 - M00,paired,2,M00,2,49,49,[]
2,LFR(TGN+FS),,lfr_both,LFR(TGN+FS),M10 - M00,paired,2,M00,3,49,49,[]
2,LFR(TGN+FS),,lfr_both,LFR(TGN+FS),M10 - M00,paired,4,M10,1,49,49,[]
2,LFR(TGN+FS),,lfr_both,LFR(TGN+FS),M10 - M00,paired,4,M10,2,49,49,[]
2,LFR(TGN+FS),,lfr_both,LFR(TGN+FS),M10 - M00,paired,4,M10,3,49,49,[]
2,LFR(TGN+FS),,lfr_both,LFR(TGN+FS),M10 - M00,paired,4,M00,1,49,49,[]
2,LFR(TGN+FS),,lfr_both,LFR(TGN+FS),M10 - M00,paired,4,M00,2,49,49,[]
2,LFR(TGN+FS),,lfr_both,LFR(TGN+FS),M10 - M00,paired,4,M00,3,49,49,[]
2,LFR(TGN+FS),,lfr_both,LFR(TGN+FS),M10 - M00,paired,6,M10,1,49,49,[]
2,LFR(TGN+FS),,lfr_both,LFR(TGN+FS),M10 - M00,paired,6,M10,2,49,49,[]
2,LFR(TGN+FS),,lfr_both,LFR(TGN+FS),M10 - M00,paired,6,M10,3,49,49,[]
2,LFR(TGN+FS),,lfr_both,LFR(TGN+FS),M10 - M00,paired,6,M00,1,49,49,[]
2,LFR(TGN+FS),,lfr_both,LFR(TGN+FS),M10 - M00,paired,6,M00,2,49,49,[]
2,LFR(TGN+FS),,lfr_both,LFR(TGN+FS),M10 - M00,paired,6,M00,3,49,49,[]
2,LFR(TGN+FS),,lfr_both,LFR(TGN+FS),M10 - M00,paired,8,M10,1,49,49,[]
2,LFR(TGN+FS),,lfr_both,LFR(TGN+FS),M10 - M00,paired,8,M10,2,49,49,[]
2,LFR(TGN+FS),,lfr_both,LFR(TGN+FS),M10 - M00,paired,8,M10,3,49,49,[]
2,LFR(TGN+FS),,lfr_both,LFR(TGN+FS),M10 - M00,paired,8,M00,1,49,49,[]
2,LFR(TGN+FS),,lfr_both,LFR(TGN+FS),M10 - M00,paired,8,M00,2,49,49,[]
2,LFR(TGN+FS),,lfr_both,LFR(TGN+FS),M10 - M00,paired,8,M00,3,49,49,[]
2,LFR(TGN+FS),,lfr_both,LFR(TGN+FS),M10 - M00,paired,10,M10,1,49,49,[]
2,LFR(TGN+FS),,lfr_both,LFR(TGN+FS),M10 - M00,paired,10,M10,2,49,49,[]
2,LFR(TGN+FS),,lfr_both,LFR(TGN+FS),M10 - M00,paired,10,M10,3,49,49,[]
2,LFR(TGN+FS),,lfr_both,LFR(TGN+FS),M10 - M00,paired,10,M00,1,49,49,[]
2,LFR(TGN+FS),,lfr_both,LFR(TGN+FS),M10 - M00,paired,10,M00,2,49,49,[]
2,LFR(TGN+FS),,lfr_both,LFR(TGN+FS),M10 - M00,paired,10,M00,3,49,49,[]
2,LFR(TGN+FS),,lfr_both,LFR(TGN+FS),M10 - M00,paired,12,M10,1,49,49,[]
2,LFR(TGN+FS),,lfr_both,LFR(TGN+FS),M10 - M00,paired,12,M10,2,49,49,[]
2,LFR(TGN+FS),,lfr_both,LFR(TGN+FS),M10 - M00,paired,12,M10,3,49,49,[]
2,LFR(TGN+FS),,lfr_both,LFR(TGN+FS),M10 - M00,paired,12,M00,1,49,49,[]
2,LFR(TGN+FS),,lfr_both,LFR(TGN+FS),M10 - M00,paired,12,M00,2,49,49,[]
2,LFR(TGN+FS),,lfr_both,LFR(TGN+FS),M10 - M00,paired,12,M00,3,49,49,[]
2,LFR(TGN+FS),,lfr_both,LFR(TGN+FS),M10 - M00,paired,14,M10,1,49,49,[]
2,LFR(TGN+FS),,lfr_both,LFR(TGN+FS),M10 - M00,paired,14,M10,2,49,49,[]
2,LFR(TGN+FS),,lfr_both,LFR(TGN+FS),M10 - M00,paired,14,M10,3,49,49,[]
2,LFR(TGN+FS),,lfr_both,LFR(TGN+FS),M10 - M00,paired,14,M00,1,49,49,[]
2,LFR(TGN+FS),,lfr_both,LFR(TGN+FS),M10 - M00,paired,14,M00,2,49,49,[]
2,LFR(TGN+FS),,lfr_both,LFR(TGN+FS),M10 - M00,paired,14,M00,3,49,49,[]
2,LFR(TGN+FS),,lfr_both,LFR(TGN+FS),M11,condition,2,M11,1,49,49,[]
2,LFR(TGN+FS),,lfr_both,LFR(TGN+FS),M11,condition,2,M11,2,49,49,[]
2,LFR(TGN+FS),,lfr_both,LFR(TGN+FS),M11,condition,2,M11,3,49,49,[]
2,LFR(TGN+FS),,lfr_both,LFR(TGN+FS),M11,condition,4,M11,1,49,49,[]
2,LFR(TGN+FS),,lfr_both,LFR(TGN+FS),M11,condition,4,M11,2,49,49,[]
2,LFR(TGN+FS),,lfr_both,LFR(TGN+FS),M11,condition,4,M11,3,49,49,[]
2,LFR(TGN+FS),,lfr_both,LFR(TGN+FS),M11,condition,6,M11,1,49,49,[]
2,LFR(TGN+FS),,lfr_both,LFR(TGN+FS),M11,condition,6,M11,2,49,49,[]
2,LFR(TGN+FS),,lfr_both,LFR(TGN+FS),M11,condition,6,M11,3,49,49,[]
2,LFR(TGN+FS),,lfr_both,LFR(TGN+FS),M11,condition,8,M11,1,49,49,[]
2,LFR(TGN+FS),,lfr_both,LFR(TGN+FS),M11,condition,8,M11,2,49,49,[]
2,LFR(TGN+FS),,lfr_both,LFR(TGN+FS),M11,condition,8,M11,3,49,49,[]
2,LFR(TGN+FS),,lfr_both,LFR(TGN+FS),M11,condition,10,M11,1,49,49,[]
2,LFR(TGN+FS),,lfr_both,LFR(TGN+FS),M11,condition,10,M11,2,49,49,[]
2,LFR(TGN+FS),,lfr_both,LFR(TGN+FS),M11,condition,10,M11,3,49,49,[]
2,LFR(TGN+FS),,lfr_both,LFR(TGN+FS),M11,condition,12,M11,1,49,49,[]
2,LFR(TGN+FS),,lfr_both,LFR(TGN+FS),M11,condition,12,M11,2,49,49,[]
2,LFR(TGN+FS),,lfr_both,LFR(TGN+FS),M11,condition,12,M11,3,49,49,[]
2,LFR(TGN+FS),,lfr_both,LFR(TGN+FS),M11,condition,14,M11,1,49,49,[]
2,LFR(TGN+FS),,lfr_both,LFR(TGN+FS),M11,condition,14,M11,2,49,49,[]
2,LFR(TGN+FS),,lfr_both,LFR(TGN+FS),M11,condition,14,M11,3,49,49,[]
2,LFR(TGN+FS),,lfr_both,LFR(TGN+FS),M11 - B0,paired,2,M11,1,49,49,[]
2,LFR(TGN+FS),,lfr_both,LFR(TGN+FS),M11 - B0,paired,2,M11,2,49,49,[]
2,LFR(TGN+FS),,lfr_both,LFR(TGN+FS),M11 - B0,paired,2,M11,3,49,49,[]
2,LFR(TGN+FS),,lfr_both,LFR(TGN+FS),M11 - B0,paired,2,B0,1,49,49,[]
2,LFR(TGN+FS),,lfr_both,LFR(TGN+FS),M11 - B0,paired,2,B0,2,49,49,[]
2,LFR(TGN+FS),,lfr_both,LFR(TGN+FS),M11 - B0,paired,2,B0,3,49,49,[]
2,LFR(TGN+FS),,lfr_both,LFR(TGN+FS),M11 - B0,paired,4,M11,1,49,49,[]
2,LFR(TGN+FS),,lfr_both,LFR(TGN+FS),M11 - B0,paired,4,M11,2,49,49,[]
2,LFR(TGN+FS),,lfr_both,LFR(TGN+FS),M11 - B0,paired,4,M11,3,49,49,[]
2,LFR(TGN+FS),,lfr_both,LFR(TGN+FS),M11 - B0,paired,4,B0,1,49,49,[]
2,LFR(TGN+FS),,lfr_both,LFR(TGN+FS),M11 - B0,paired,4,B0,2,49,49,[]
2,LFR(TGN+FS),,lfr_both,LFR(TGN+FS),M11 - B0,paired,4,B0,3,49,49,[]
2,LFR(TGN+FS),,lfr_both,LFR(TGN+FS),M11 - B0,paired,6,M11,1,49,49,[]
2,LFR(TGN+FS),,lfr_both,LFR(TGN+FS),M11 - B0,paired,6,M11,2,49,49,[]
2,LFR(TGN+FS),,lfr_both,LFR(TGN+FS),M11 - B0,paired,6,M11,3,49,49,[]
2,LFR(TGN+FS),,lfr_both,LFR(TGN+FS),M11 - B0,paired,6,B0,1,49,49,[]
2,LFR(TGN+FS),,lfr_both,LFR(TGN+FS),M11 - B0,paired,6,B0,2,49,49,[]
2,LFR(TGN+FS),,lfr_both,LFR(TGN+FS),M11 - B0,paired,6,B0,3,49,49,[]
2,LFR(TGN+FS),,lfr_both,LFR(TGN+FS),M11 - B0,paired,8,M11,1,49,49,[]
2,LFR(TGN+FS),,lfr_both,LFR(TGN+FS),M11 - B0,paired,8,M11,2,49,49,[]
2,LFR(TGN+FS),,lfr_both,LFR(TGN+FS),M11 - B0,paired,8,M11,3,49,49,[]
2,LFR(TGN+FS),,lfr_both,LFR(TGN+FS),M11 - B0,paired,8,B0,1,49,49,[]
2,LFR(TGN+FS),,lfr_both,LFR(TGN+FS),M11 - B0,paired,8,B0,2,49,49,[]
2,LFR(TGN+FS),,lfr_both,LFR(TGN+FS),M11 - B0,paired,8,B0,3,49,49,[]
2,LFR(TGN+FS),,lfr_both,LFR(TGN+FS),M11 - B0,paired,10,M11,1,49,49,[]
2,LFR(TGN+FS),,lfr_both,LFR(TGN+FS),M11 - B0,paired,10,M11,2,49,49,[]
2,LFR(TGN+FS),,lfr_both,LFR(TGN+FS),M11 - B0,paired,10,M11,3,49,49,[]
2,LFR(TGN+FS),,lfr_both,LFR(TGN+FS),M11 - B0,paired,10,B0,1,49,49,[]
2,LFR(TGN+FS),,lfr_both,LFR(TGN+FS),M11 - B0,paired,10,B0,2,49,49,[]
2,LFR(TGN+FS),,lfr_both,LFR(TGN+FS),M11 - B0,paired,10,B0,3,49,49,[]
2,LFR(TGN+FS),,lfr_both,LFR(TGN+FS),M11 - B0,paired,12,M11,1,49,49,[]
2,LFR(TGN+FS),,lfr_both,LFR(TGN+FS),M11 - B0,paired,12,M11,2,49,49,[]
2,LFR(TGN+FS),,lfr_both,LFR(TGN+FS),M11 - B0,paired,12,M11,3,49,49,[]
2,LFR(TGN+FS),,lfr_both,LFR(TGN+FS),M11 - B0,paired,12,B0,1,49,49,[]
2,LFR(TGN+FS),,lfr_both,LFR(TGN+FS),M11 - B0,paired,12,B0,2,49,49,[]
2,LFR(TGN+FS),,lfr_both,LFR(TGN+FS),M11 - B0,paired,12,B0,3,49,49,[]
2,LFR(TGN+FS),,lfr_both,LFR(TGN+FS),M11 - B0,paired,14,M11,1,49,49,[]
2,LFR(TGN+FS),,lfr_both,LFR(TGN+FS),M11 - B0,paired,14,M11,2,49,49,[]
2,LFR(TGN+FS),,lfr_both,LFR(TGN+FS),M11 - B0,paired,14,M11,3,49,49,[]
2,LFR(TGN+FS),,lfr_both,LFR(TGN+FS),M11 - B0,paired,14,B0,1,49,49,[]
2,LFR(TGN+FS),,lfr_both,LFR(TGN+FS),M11 - B0,paired,14,B0,2,49,49,[]
2,LFR(TGN+FS),,lfr_both,LFR(TGN+FS),M11 - B0,paired,14,B0,3,49,49,[]
2,LFR(TGN+FS),,lfr_both,LFR(TGN+FS),M11 - B1,paired,2,M11,1,49,49,[]
2,LFR(TGN+FS),,lfr_both,LFR(TGN+FS),M11 - B1,paired,2,M11,2,49,49,[]
2,LFR(TGN+FS),,lfr_both,LFR(TGN+FS),M11 - B1,paired,2,M11,3,49,49,[]
2,LFR(TGN+FS),,lfr_both,LFR(TGN+FS),M11 - B1,paired,2,B1,1,49,49,[]
2,LFR(TGN+FS),,lfr_both,LFR(TGN+FS),M11 - B1,paired,2,B1,2,49,49,[]
2,LFR(TGN+FS),,lfr_both,LFR(TGN+FS),M11 - B1,paired,2,B1,3,49,49,[]
2,LFR(TGN+FS),,lfr_both,LFR(TGN+FS),M11 - B1,paired,4,M11,1,49,49,[]
2,LFR(TGN+FS),,lfr_both,LFR(TGN+FS),M11 - B1,paired,4,M11,2,49,49,[]
2,LFR(TGN+FS),,lfr_both,LFR(TGN+FS),M11 - B1,paired,4,M11,3,49,49,[]
2,LFR(TGN+FS),,lfr_both,LFR(TGN+FS),M11 - B1,paired,4,B1,1,49,49,[]
2,LFR(TGN+FS),,lfr_both,LFR(TGN+FS),M11 - B1,paired,4,B1,2,49,49,[]
2,LFR(TGN+FS),,lfr_both,LFR(TGN+FS),M11 - B1,paired,4,B1,3,49,49,[]
2,LFR(TGN+FS),,lfr_both,LFR(TGN+FS),M11 - B1,paired,6,M11,1,49,49,[]
2,LFR(TGN+FS),,lfr_both,LFR(TGN+FS),M11 - B1,paired,6,M11,2,49,49,[]
2,LFR(TGN+FS),,lfr_both,LFR(TGN+FS),M11 - B1,paired,6,M11,3,49,49,[]
2,LFR(TGN+FS),,lfr_both,LFR(TGN+FS),M11 - B1,paired,6,B1,1,49,49,[]
2,LFR(TGN+FS),,lfr_both,LFR(TGN+FS),M11 - B1,paired,6,B1,2,49,49,[]
2,LFR(TGN+FS),,lfr_both,LFR(TGN+FS),M11 - B1,paired,6,B1,3,49,49,[]
2,LFR(TGN+FS),,lfr_both,LFR(TGN+FS),M11 - B1,paired,8,M11,1,49,49,[]
2,LFR(TGN+FS),,lfr_both,LFR(TGN+FS),M11 - B1,paired,8,M11,2,49,49,[]
2,LFR(TGN+FS),,lfr_both,LFR(TGN+FS),M11 - B1,paired,8,M11,3,49,49,[]
2,LFR(TGN+FS),,lfr_both,LFR(TGN+FS),M11 - B1,paired,8,B1,1,49,49,[]
2,LFR(TGN+FS),,lfr_both,LFR(TGN+FS),M11 - B1,paired,8,B1,2,49,49,[]
2,LFR(TGN+FS),,lfr_both,LFR(TGN+FS),M11 - B1,paired,8,B1,3,49,49,[]
2,LFR(TGN+FS),,lfr_both,LFR(TGN+FS),M11 - B1,paired,10,M11,1,49,49,[]
2,LFR(TGN+FS),,lfr_both,LFR(TGN+FS),M11 - B1,paired,10,M11,2,49,49,[]
2,LFR(TGN+FS),,lfr_both,LFR(TGN+FS),M11 - B1,paired,10,M11,3,49,49,[]
2,LFR(TGN+FS),,lfr_both,LFR(TGN+FS),M11 - B1,paired,10,B1,1,49,49,[]
2,LFR(TGN+FS),,lfr_both,LFR(TGN+FS),M11 - B1,paired,10,B1,2,49,49,[]
2,LFR(TGN+FS),,lfr_both,LFR(TGN+FS),M11 - B1,paired,10,B1,3,49,49,[]
2,LFR(TGN+FS),,lfr_both,LFR(TGN+FS),M11 - B1,paired,12,M11,1,49,49,[]
2,LFR(TGN+FS),,lfr_both,LFR(TGN+FS),M11 - B1,paired,12,M11,2,49,49,[]
2,LFR(TGN+FS),,lfr_both,LFR(TGN+FS),M11 - B1,paired,12,M11,3,49,49,[]
2,LFR(TGN+FS),,lfr_both,LFR(TGN+FS),M11 - B1,paired,12,B1,1,49,49,[]
2,LFR(TGN+FS),,lfr_both,LFR(TGN+FS),M11 - B1,paired,12,B1,2,49,49,[]
2,LFR(TGN+FS),,lfr_both,LFR(TGN+FS),M11 - B1,paired,12,B1,3,49,49,[]
2,LFR(TGN+FS),,lfr_both,LFR(TGN+FS),M11 - B1,paired,14,M11,1,49,49,[]
2,LFR(TGN+FS),,lfr_both,LFR(TGN+FS),M11 - B1,paired,14,M11,2,49,49,[]
2,LFR(TGN+FS),,lfr_both,LFR(TGN+FS),M11 - B1,paired,14,M11,3,49,49,[]
2,LFR(TGN+FS),,lfr_both,LFR(TGN+FS),M11 - B1,paired,14,B1,1,49,49,[]
2,LFR(TGN+FS),,lfr_both,LFR(TGN+FS),M11 - B1,paired,14,B1,2,49,49,[]
2,LFR(TGN+FS),,lfr_both,LFR(TGN+FS),M11 - B1,paired,14,B1,3,49,49,[]
2,LFR(TGN+FS),,lfr_both,LFR(TGN+FS),M11 - M00,paired,2,M11,1,49,49,[]
2,LFR(TGN+FS),,lfr_both,LFR(TGN+FS),M11 - M00,paired,2,M11,2,49,49,[]
2,LFR(TGN+FS),,lfr_both,LFR(TGN+FS),M11 - M00,paired,2,M11,3,49,49,[]
2,LFR(TGN+FS),,lfr_both,LFR(TGN+FS),M11 - M00,paired,2,M00,1,49,49,[]
2,LFR(TGN+FS),,lfr_both,LFR(TGN+FS),M11 - M00,paired,2,M00,2,49,49,[]
2,LFR(TGN+FS),,lfr_both,LFR(TGN+FS),M11 - M00,paired,2,M00,3,49,49,[]
2,LFR(TGN+FS),,lfr_both,LFR(TGN+FS),M11 - M00,paired,4,M11,1,49,49,[]
2,LFR(TGN+FS),,lfr_both,LFR(TGN+FS),M11 - M00,paired,4,M11,2,49,49,[]
2,LFR(TGN+FS),,lfr_both,LFR(TGN+FS),M11 - M00,paired,4,M11,3,49,49,[]
2,LFR(TGN+FS),,lfr_both,LFR(TGN+FS),M11 - M00,paired,4,M00,1,49,49,[]
2,LFR(TGN+FS),,lfr_both,LFR(TGN+FS),M11 - M00,paired,4,M00,2,49,49,[]
2,LFR(TGN+FS),,lfr_both,LFR(TGN+FS),M11 - M00,paired,4,M00,3,49,49,[]
2,LFR(TGN+FS),,lfr_both,LFR(TGN+FS),M11 - M00,paired,6,M11,1,49,49,[]
2,LFR(TGN+FS),,lfr_both,LFR(TGN+FS),M11 - M00,paired,6,M11,2,49,49,[]
2,LFR(TGN+FS),,lfr_both,LFR(TGN+FS),M11 - M00,paired,6,M11,3,49,49,[]
2,LFR(TGN+FS),,lfr_both,LFR(TGN+FS),M11 - M00,paired,6,M00,1,49,49,[]
2,LFR(TGN+FS),,lfr_both,LFR(TGN+FS),M11 - M00,paired,6,M00,2,49,49,[]
2,LFR(TGN+FS),,lfr_both,LFR(TGN+FS),M11 - M00,paired,6,M00,3,49,49,[]
2,LFR(TGN+FS),,lfr_both,LFR(TGN+FS),M11 - M00,paired,8,M11,1,49,49,[]
2,LFR(TGN+FS),,lfr_both,LFR(TGN+FS),M11 - M00,paired,8,M11,2,49,49,[]
2,LFR(TGN+FS),,lfr_both,LFR(TGN+FS),M11 - M00,paired,8,M11,3,49,49,[]
2,LFR(TGN+FS),,lfr_both,LFR(TGN+FS),M11 - M00,paired,8,M00,1,49,49,[]
2,LFR(TGN+FS),,lfr_both,LFR(TGN+FS),M11 - M00,paired,8,M00,2,49,49,[]
2,LFR(TGN+FS),,lfr_both,LFR(TGN+FS),M11 - M00,paired,8,M00,3,49,49,[]
2,LFR(TGN+FS),,lfr_both,LFR(TGN+FS),M11 - M00,paired,10,M11,1,49,49,[]
2,LFR(TGN+FS),,lfr_both,LFR(TGN+FS),M11 - M00,paired,10,M11,2,49,49,[]
2,LFR(TGN+FS),,lfr_both,LFR(TGN+FS),M11 - M00,paired,10,M11,3,49,49,[]
2,LFR(TGN+FS),,lfr_both,LFR(TGN+FS),M11 - M00,paired,10,M00,1,49,49,[]
2,LFR(TGN+FS),,lfr_both,LFR(TGN+FS),M11 - M00,paired,10,M00,2,49,49,[]
2,LFR(TGN+FS),,lfr_both,LFR(TGN+FS),M11 - M00,paired,10,M00,3,49,49,[]
2,LFR(TGN+FS),,lfr_both,LFR(TGN+FS),M11 - M00,paired,12,M11,1,49,49,[]
2,LFR(TGN+FS),,lfr_both,LFR(TGN+FS),M11 - M00,paired,12,M11,2,49,49,[]
2,LFR(TGN+FS),,lfr_both,LFR(TGN+FS),M11 - M00,paired,12,M11,3,49,49,[]
2,LFR(TGN+FS),,lfr_both,LFR(TGN+FS),M11 - M00,paired,12,M00,1,49,49,[]
2,LFR(TGN+FS),,lfr_both,LFR(TGN+FS),M11 - M00,paired,12,M00,2,49,49,[]
2,LFR(TGN+FS),,lfr_both,LFR(TGN+FS),M11 - M00,paired,12,M00,3,49,49,[]
2,LFR(TGN+FS),,lfr_both,LFR(TGN+FS),M11 - M00,paired,14,M11,1,49,49,[]
2,LFR(TGN+FS),,lfr_both,LFR(TGN+FS),M11 - M00,paired,14,M11,2,49,49,[]
2,LFR(TGN+FS),,lfr_both,LFR(TGN+FS),M11 - M00,paired,14,M11,3,49,49,[]
2,LFR(TGN+FS),,lfr_both,LFR(TGN+FS),M11 - M00,paired,14,M00,1,49,49,[]
2,LFR(TGN+FS),,lfr_both,LFR(TGN+FS),M11 - M00,paired,14,M00,2,49,49,[]
2,LFR(TGN+FS),,lfr_both,LFR(TGN+FS),M11 - M00,paired,14,M00,3,49,49,[]
2,LFR(TGN+FS),,lfr_both,LFR(TGN+FS),M11 - M01,paired,2,M11,1,49,49,[]
2,LFR(TGN+FS),,lfr_both,LFR(TGN+FS),M11 - M01,paired,2,M11,2,49,49,[]
2,LFR(TGN+FS),,lfr_both,LFR(TGN+FS),M11 - M01,paired,2,M11,3,49,49,[]
2,LFR(TGN+FS),,lfr_both,LFR(TGN+FS),M11 - M01,paired,2,M01,1,49,49,[]
2,LFR(TGN+FS),,lfr_both,LFR(TGN+FS),M11 - M01,paired,2,M01,2,49,49,[]
2,LFR(TGN+FS),,lfr_both,LFR(TGN+FS),M11 - M01,paired,2,M01,3,49,49,[]
2,LFR(TGN+FS),,lfr_both,LFR(TGN+FS),M11 - M01,paired,4,M11,1,49,49,[]
2,LFR(TGN+FS),,lfr_both,LFR(TGN+FS),M11 - M01,paired,4,M11,2,49,49,[]
2,LFR(TGN+FS),,lfr_both,LFR(TGN+FS),M11 - M01,paired,4,M11,3,49,49,[]
2,LFR(TGN+FS),,lfr_both,LFR(TGN+FS),M11 - M01,paired,4,M01,1,49,49,[]
2,LFR(TGN+FS),,lfr_both,LFR(TGN+FS),M11 - M01,paired,4,M01,2,49,49,[]
2,LFR(TGN+FS),,lfr_both,LFR(TGN+FS),M11 - M01,paired,4,M01,3,49,49,[]
2,LFR(TGN+FS),,lfr_both,LFR(TGN+FS),M11 - M01,paired,6,M11,1,49,49,[]
2,LFR(TGN+FS),,lfr_both,LFR(TGN+FS),M11 - M01,paired,6,M11,2,49,49,[]
2,LFR(TGN+FS),,lfr_both,LFR(TGN+FS),M11 - M01,paired,6,M11,3,49,49,[]
2,LFR(TGN+FS),,lfr_both,LFR(TGN+FS),M11 - M01,paired,6,M01,1,49,49,[]
2,LFR(TGN+FS),,lfr_both,LFR(TGN+FS),M11 - M01,paired,6,M01,2,49,49,[]
2,LFR(TGN+FS),,lfr_both,LFR(TGN+FS),M11 - M01,paired,6,M01,3,49,49,[]
2,LFR(TGN+FS),,lfr_both,LFR(TGN+FS),M11 - M01,paired,8,M11,1,49,49,[]
2,LFR(TGN+FS),,lfr_both,LFR(TGN+FS),M11 - M01,paired,8,M11,2,49,49,[]
2,LFR(TGN+FS),,lfr_both,LFR(TGN+FS),M11 - M01,paired,8,M11,3,49,49,[]
2,LFR(TGN+FS),,lfr_both,LFR(TGN+FS),M11 - M01,paired,8,M01,1,49,49,[]
2,LFR(TGN+FS),,lfr_both,LFR(TGN+FS),M11 - M01,paired,8,M01,2,49,49,[]
2,LFR(TGN+FS),,lfr_both,LFR(TGN+FS),M11 - M01,paired,8,M01,3,49,49,[]
2,LFR(TGN+FS),,lfr_both,LFR(TGN+FS),M11 - M01,paired,10,M11,1,49,49,[]
2,LFR(TGN+FS),,lfr_both,LFR(TGN+FS),M11 - M01,paired,10,M11,2,49,49,[]
2,LFR(TGN+FS),,lfr_both,LFR(TGN+FS),M11 - M01,paired,10,M11,3,49,49,[]
2,LFR(TGN+FS),,lfr_both,LFR(TGN+FS),M11 - M01,paired,10,M01,1,49,49,[]
2,LFR(TGN+FS),,lfr_both,LFR(TGN+FS),M11 - M01,paired,10,M01,2,49,49,[]
2,LFR(TGN+FS),,lfr_both,LFR(TGN+FS),M11 - M01,paired,10,M01,3,49,49,[]
2,LFR(TGN+FS),,lfr_both,LFR(TGN+FS),M11 - M01,paired,12,M11,1,49,49,[]
2,LFR(TGN+FS),,lfr_both,LFR(TGN+FS),M11 - M01,paired,12,M11,2,49,49,[]
2,LFR(TGN+FS),,lfr_both,LFR(TGN+FS),M11 - M01,paired,12,M11,3,49,49,[]
2,LFR(TGN+FS),,lfr_both,LFR(TGN+FS),M11 - M01,paired,12,M01,1,49,49,[]
2,LFR(TGN+FS),,lfr_both,LFR(TGN+FS),M11 - M01,paired,12,M01,2,49,49,[]
2,LFR(TGN+FS),,lfr_both,LFR(TGN+FS),M11 - M01,paired,12,M01,3,49,49,[]
2,LFR(TGN+FS),,lfr_both,LFR(TGN+FS),M11 - M01,paired,14,M11,1,49,49,[]
2,LFR(TGN+FS),,lfr_both,LFR(TGN+FS),M11 - M01,paired,14,M11,2,49,49,[]
2,LFR(TGN+FS),,lfr_both,LFR(TGN+FS),M11 - M01,paired,14,M11,3,49,49,[]
2,LFR(TGN+FS),,lfr_both,LFR(TGN+FS),M11 - M01,paired,14,M01,1,49,49,[]
2,LFR(TGN+FS),,lfr_both,LFR(TGN+FS),M11 - M01,paired,14,M01,2,49,49,[]
2,LFR(TGN+FS),,lfr_both,LFR(TGN+FS),M11 - M01,paired,14,M01,3,49,49,[]
2,LFR(TGN+FS),,lfr_both,LFR(TGN+FS),M11 - M10,paired,2,M11,1,49,49,[]
2,LFR(TGN+FS),,lfr_both,LFR(TGN+FS),M11 - M10,paired,2,M11,2,49,49,[]
2,LFR(TGN+FS),,lfr_both,LFR(TGN+FS),M11 - M10,paired,2,M11,3,49,49,[]
2,LFR(TGN+FS),,lfr_both,LFR(TGN+FS),M11 - M10,paired,2,M10,1,49,49,[]
2,LFR(TGN+FS),,lfr_both,LFR(TGN+FS),M11 - M10,paired,2,M10,2,49,49,[]
2,LFR(TGN+FS),,lfr_both,LFR(TGN+FS),M11 - M10,paired,2,M10,3,49,49,[]
2,LFR(TGN+FS),,lfr_both,LFR(TGN+FS),M11 - M10,paired,4,M11,1,49,49,[]
2,LFR(TGN+FS),,lfr_both,LFR(TGN+FS),M11 - M10,paired,4,M11,2,49,49,[]
2,LFR(TGN+FS),,lfr_both,LFR(TGN+FS),M11 - M10,paired,4,M11,3,49,49,[]
2,LFR(TGN+FS),,lfr_both,LFR(TGN+FS),M11 - M10,paired,4,M10,1,49,49,[]
2,LFR(TGN+FS),,lfr_both,LFR(TGN+FS),M11 - M10,paired,4,M10,2,49,49,[]
2,LFR(TGN+FS),,lfr_both,LFR(TGN+FS),M11 - M10,paired,4,M10,3,49,49,[]
2,LFR(TGN+FS),,lfr_both,LFR(TGN+FS),M11 - M10,paired,6,M11,1,49,49,[]
2,LFR(TGN+FS),,lfr_both,LFR(TGN+FS),M11 - M10,paired,6,M11,2,49,49,[]
2,LFR(TGN+FS),,lfr_both,LFR(TGN+FS),M11 - M10,paired,6,M11,3,49,49,[]
2,LFR(TGN+FS),,lfr_both,LFR(TGN+FS),M11 - M10,paired,6,M10,1,49,49,[]
2,LFR(TGN+FS),,lfr_both,LFR(TGN+FS),M11 - M10,paired,6,M10,2,49,49,[]
2,LFR(TGN+FS),,lfr_both,LFR(TGN+FS),M11 - M10,paired,6,M10,3,49,49,[]
2,LFR(TGN+FS),,lfr_both,LFR(TGN+FS),M11 - M10,paired,8,M11,1,49,49,[]
2,LFR(TGN+FS),,lfr_both,LFR(TGN+FS),M11 - M10,paired,8,M11,2,49,49,[]
2,LFR(TGN+FS),,lfr_both,LFR(TGN+FS),M11 - M10,paired,8,M11,3,49,49,[]
2,LFR(TGN+FS),,lfr_both,LFR(TGN+FS),M11 - M10,paired,8,M10,1,49,49,[]
2,LFR(TGN+FS),,lfr_both,LFR(TGN+FS),M11 - M10,paired,8,M10,2,49,49,[]
2,LFR(TGN+FS),,lfr_both,LFR(TGN+FS),M11 - M10,paired,8,M10,3,49,49,[]
2,LFR(TGN+FS),,lfr_both,LFR(TGN+FS),M11 - M10,paired,10,M11,1,49,49,[]
2,LFR(TGN+FS),,lfr_both,LFR(TGN+FS),M11 - M10,paired,10,M11,2,49,49,[]
2,LFR(TGN+FS),,lfr_both,LFR(TGN+FS),M11 - M10,paired,10,M11,3,49,49,[]
2,LFR(TGN+FS),,lfr_both,LFR(TGN+FS),M11 - M10,paired,10,M10,1,49,49,[]
2,LFR(TGN+FS),,lfr_both,LFR(TGN+FS),M11 - M10,paired,10,M10,2,49,49,[]
2,LFR(TGN+FS),,lfr_both,LFR(TGN+FS),M11 - M10,paired,10,M10,3,49,49,[]
2,LFR(TGN+FS),,lfr_both,LFR(TGN+FS),M11 - M10,paired,12,M11,1,49,49,[]
2,LFR(TGN+FS),,lfr_both,LFR(TGN+FS),M11 - M10,paired,12,M11,2,49,49,[]
2,LFR(TGN+FS),,lfr_both,LFR(TGN+FS),M11 - M10,paired,12,M11,3,49,49,[]
2,LFR(TGN+FS),,lfr_both,LFR(TGN+FS),M11 - M10,paired,12,M10,1,49,49,[]
2,LFR(TGN+FS),,lfr_both,LFR(TGN+FS),M11 - M10,paired,12,M10,2,49,49,[]
2,LFR(TGN+FS),,lfr_both,LFR(TGN+FS),M11 - M10,paired,12,M10,3,49,49,[]
2,LFR(TGN+FS),,lfr_both,LFR(TGN+FS),M11 - M10,paired,14,M11,1,49,49,[]
2,LFR(TGN+FS),,lfr_both,LFR(TGN+FS),M11 - M10,paired,14,M11,2,49,49,[]
2,LFR(TGN+FS),,lfr_both,LFR(TGN+FS),M11 - M10,paired,14,M11,3,49,49,[]
2,LFR(TGN+FS),,lfr_both,LFR(TGN+FS),M11 - M10,paired,14,M10,1,49,49,[]
2,LFR(TGN+FS),,lfr_both,LFR(TGN+FS),M11 - M10,paired,14,M10,2,49,49,[]
2,LFR(TGN+FS),,lfr_both,LFR(TGN+FS),M11 - M10,paired,14,M10,3,49,49,[]
2,LFR(TGN),,lfr_noise,LFR(TGN),(M11 - M10) - (M01 - M00),interaction,2,M11,1,49,49,[]
2,LFR(TGN),,lfr_noise,LFR(TGN),(M11 - M10) - (M01 - M00),interaction,2,M11,2,49,49,[]
2,LFR(TGN),,lfr_noise,LFR(TGN),(M11 - M10) - (M01 - M00),interaction,2,M11,3,49,49,[]
2,LFR(TGN),,lfr_noise,LFR(TGN),(M11 - M10) - (M01 - M00),interaction,2,M10,1,49,49,[]
2,LFR(TGN),,lfr_noise,LFR(TGN),(M11 - M10) - (M01 - M00),interaction,2,M10,2,49,49,[]
2,LFR(TGN),,lfr_noise,LFR(TGN),(M11 - M10) - (M01 - M00),interaction,2,M10,3,49,49,[]
2,LFR(TGN),,lfr_noise,LFR(TGN),(M11 - M10) - (M01 - M00),interaction,2,M01,1,49,49,[]
2,LFR(TGN),,lfr_noise,LFR(TGN),(M11 - M10) - (M01 - M00),interaction,2,M01,2,49,49,[]
2,LFR(TGN),,lfr_noise,LFR(TGN),(M11 - M10) - (M01 - M00),interaction,2,M01,3,49,49,[]
2,LFR(TGN),,lfr_noise,LFR(TGN),(M11 - M10) - (M01 - M00),interaction,2,M00,1,49,49,[]
2,LFR(TGN),,lfr_noise,LFR(TGN),(M11 - M10) - (M01 - M00),interaction,2,M00,2,49,49,[]
2,LFR(TGN),,lfr_noise,LFR(TGN),(M11 - M10) - (M01 - M00),interaction,2,M00,3,49,49,[]
2,LFR(TGN),,lfr_noise,LFR(TGN),(M11 - M10) - (M01 - M00),interaction,4,M11,1,49,49,[]
2,LFR(TGN),,lfr_noise,LFR(TGN),(M11 - M10) - (M01 - M00),interaction,4,M11,2,49,49,[]
2,LFR(TGN),,lfr_noise,LFR(TGN),(M11 - M10) - (M01 - M00),interaction,4,M11,3,49,49,[]
2,LFR(TGN),,lfr_noise,LFR(TGN),(M11 - M10) - (M01 - M00),interaction,4,M10,1,49,49,[]
2,LFR(TGN),,lfr_noise,LFR(TGN),(M11 - M10) - (M01 - M00),interaction,4,M10,2,49,49,[]
2,LFR(TGN),,lfr_noise,LFR(TGN),(M11 - M10) - (M01 - M00),interaction,4,M10,3,49,49,[]
2,LFR(TGN),,lfr_noise,LFR(TGN),(M11 - M10) - (M01 - M00),interaction,4,M01,1,49,49,[]
2,LFR(TGN),,lfr_noise,LFR(TGN),(M11 - M10) - (M01 - M00),interaction,4,M01,2,49,49,[]
2,LFR(TGN),,lfr_noise,LFR(TGN),(M11 - M10) - (M01 - M00),interaction,4,M01,3,49,49,[]
2,LFR(TGN),,lfr_noise,LFR(TGN),(M11 - M10) - (M01 - M00),interaction,4,M00,1,49,49,[]
2,LFR(TGN),,lfr_noise,LFR(TGN),(M11 - M10) - (M01 - M00),interaction,4,M00,2,49,49,[]
2,LFR(TGN),,lfr_noise,LFR(TGN),(M11 - M10) - (M01 - M00),interaction,4,M00,3,49,49,[]
2,LFR(TGN),,lfr_noise,LFR(TGN),(M11 - M10) - (M01 - M00),interaction,6,M11,1,49,49,[]
2,LFR(TGN),,lfr_noise,LFR(TGN),(M11 - M10) - (M01 - M00),interaction,6,M11,2,49,49,[]
2,LFR(TGN),,lfr_noise,LFR(TGN),(M11 - M10) - (M01 - M00),interaction,6,M11,3,49,49,[]
2,LFR(TGN),,lfr_noise,LFR(TGN),(M11 - M10) - (M01 - M00),interaction,6,M10,1,49,49,[]
2,LFR(TGN),,lfr_noise,LFR(TGN),(M11 - M10) - (M01 - M00),interaction,6,M10,2,49,49,[]
2,LFR(TGN),,lfr_noise,LFR(TGN),(M11 - M10) - (M01 - M00),interaction,6,M10,3,49,49,[]
2,LFR(TGN),,lfr_noise,LFR(TGN),(M11 - M10) - (M01 - M00),interaction,6,M01,1,49,49,[]
2,LFR(TGN),,lfr_noise,LFR(TGN),(M11 - M10) - (M01 - M00),interaction,6,M01,2,49,49,[]
2,LFR(TGN),,lfr_noise,LFR(TGN),(M11 - M10) - (M01 - M00),interaction,6,M01,3,49,49,[]
2,LFR(TGN),,lfr_noise,LFR(TGN),(M11 - M10) - (M01 - M00),interaction,6,M00,1,49,49,[]
2,LFR(TGN),,lfr_noise,LFR(TGN),(M11 - M10) - (M01 - M00),interaction,6,M00,2,49,49,[]
2,LFR(TGN),,lfr_noise,LFR(TGN),(M11 - M10) - (M01 - M00),interaction,6,M00,3,49,49,[]
2,LFR(TGN),,lfr_noise,LFR(TGN),(M11 - M10) - (M01 - M00),interaction,8,M11,1,49,49,[]
2,LFR(TGN),,lfr_noise,LFR(TGN),(M11 - M10) - (M01 - M00),interaction,8,M11,2,49,49,[]
2,LFR(TGN),,lfr_noise,LFR(TGN),(M11 - M10) - (M01 - M00),interaction,8,M11,3,49,49,[]
2,LFR(TGN),,lfr_noise,LFR(TGN),(M11 - M10) - (M01 - M00),interaction,8,M10,1,49,49,[]
2,LFR(TGN),,lfr_noise,LFR(TGN),(M11 - M10) - (M01 - M00),interaction,8,M10,2,49,49,[]
2,LFR(TGN),,lfr_noise,LFR(TGN),(M11 - M10) - (M01 - M00),interaction,8,M10,3,49,49,[]
2,LFR(TGN),,lfr_noise,LFR(TGN),(M11 - M10) - (M01 - M00),interaction,8,M01,1,49,49,[]
2,LFR(TGN),,lfr_noise,LFR(TGN),(M11 - M10) - (M01 - M00),interaction,8,M01,2,49,49,[]
2,LFR(TGN),,lfr_noise,LFR(TGN),(M11 - M10) - (M01 - M00),interaction,8,M01,3,49,49,[]
2,LFR(TGN),,lfr_noise,LFR(TGN),(M11 - M10) - (M01 - M00),interaction,8,M00,1,49,49,[]
2,LFR(TGN),,lfr_noise,LFR(TGN),(M11 - M10) - (M01 - M00),interaction,8,M00,2,49,49,[]
2,LFR(TGN),,lfr_noise,LFR(TGN),(M11 - M10) - (M01 - M00),interaction,8,M00,3,49,49,[]
2,LFR(TGN),,lfr_noise,LFR(TGN),(M11 - M10) - (M01 - M00),interaction,10,M11,1,49,49,[]
2,LFR(TGN),,lfr_noise,LFR(TGN),(M11 - M10) - (M01 - M00),interaction,10,M11,2,49,49,[]
2,LFR(TGN),,lfr_noise,LFR(TGN),(M11 - M10) - (M01 - M00),interaction,10,M11,3,49,49,[]
2,LFR(TGN),,lfr_noise,LFR(TGN),(M11 - M10) - (M01 - M00),interaction,10,M10,1,49,49,[]
2,LFR(TGN),,lfr_noise,LFR(TGN),(M11 - M10) - (M01 - M00),interaction,10,M10,2,49,49,[]
2,LFR(TGN),,lfr_noise,LFR(TGN),(M11 - M10) - (M01 - M00),interaction,10,M10,3,49,49,[]
2,LFR(TGN),,lfr_noise,LFR(TGN),(M11 - M10) - (M01 - M00),interaction,10,M01,1,49,49,[]
2,LFR(TGN),,lfr_noise,LFR(TGN),(M11 - M10) - (M01 - M00),interaction,10,M01,2,49,49,[]
2,LFR(TGN),,lfr_noise,LFR(TGN),(M11 - M10) - (M01 - M00),interaction,10,M01,3,49,49,[]
2,LFR(TGN),,lfr_noise,LFR(TGN),(M11 - M10) - (M01 - M00),interaction,10,M00,1,49,49,[]
2,LFR(TGN),,lfr_noise,LFR(TGN),(M11 - M10) - (M01 - M00),interaction,10,M00,2,49,49,[]
2,LFR(TGN),,lfr_noise,LFR(TGN),(M11 - M10) - (M01 - M00),interaction,10,M00,3,49,49,[]
2,LFR(TGN),,lfr_noise,LFR(TGN),(M11 - M10) - (M01 - M00),interaction,12,M11,1,49,49,[]
2,LFR(TGN),,lfr_noise,LFR(TGN),(M11 - M10) - (M01 - M00),interaction,12,M11,2,49,49,[]
2,LFR(TGN),,lfr_noise,LFR(TGN),(M11 - M10) - (M01 - M00),interaction,12,M11,3,49,49,[]
2,LFR(TGN),,lfr_noise,LFR(TGN),(M11 - M10) - (M01 - M00),interaction,12,M10,1,49,49,[]
2,LFR(TGN),,lfr_noise,LFR(TGN),(M11 - M10) - (M01 - M00),interaction,12,M10,2,49,49,[]
2,LFR(TGN),,lfr_noise,LFR(TGN),(M11 - M10) - (M01 - M00),interaction,12,M10,3,49,49,[]
2,LFR(TGN),,lfr_noise,LFR(TGN),(M11 - M10) - (M01 - M00),interaction,12,M01,1,49,49,[]
2,LFR(TGN),,lfr_noise,LFR(TGN),(M11 - M10) - (M01 - M00),interaction,12,M01,2,49,49,[]
2,LFR(TGN),,lfr_noise,LFR(TGN),(M11 - M10) - (M01 - M00),interaction,12,M01,3,49,49,[]
2,LFR(TGN),,lfr_noise,LFR(TGN),(M11 - M10) - (M01 - M00),interaction,12,M00,1,49,49,[]
2,LFR(TGN),,lfr_noise,LFR(TGN),(M11 - M10) - (M01 - M00),interaction,12,M00,2,49,49,[]
2,LFR(TGN),,lfr_noise,LFR(TGN),(M11 - M10) - (M01 - M00),interaction,12,M00,3,49,49,[]
2,LFR(TGN),,lfr_noise,LFR(TGN),(M11 - M10) - (M01 - M00),interaction,14,M11,1,49,49,[]
2,LFR(TGN),,lfr_noise,LFR(TGN),(M11 - M10) - (M01 - M00),interaction,14,M11,2,49,49,[]
2,LFR(TGN),,lfr_noise,LFR(TGN),(M11 - M10) - (M01 - M00),interaction,14,M11,3,49,49,[]
2,LFR(TGN),,lfr_noise,LFR(TGN),(M11 - M10) - (M01 - M00),interaction,14,M10,1,49,49,[]
2,LFR(TGN),,lfr_noise,LFR(TGN),(M11 - M10) - (M01 - M00),interaction,14,M10,2,49,49,[]
2,LFR(TGN),,lfr_noise,LFR(TGN),(M11 - M10) - (M01 - M00),interaction,14,M10,3,49,49,[]
2,LFR(TGN),,lfr_noise,LFR(TGN),(M11 - M10) - (M01 - M00),interaction,14,M01,1,49,49,[]
2,LFR(TGN),,lfr_noise,LFR(TGN),(M11 - M10) - (M01 - M00),interaction,14,M01,2,49,49,[]
2,LFR(TGN),,lfr_noise,LFR(TGN),(M11 - M10) - (M01 - M00),interaction,14,M01,3,49,49,[]
2,LFR(TGN),,lfr_noise,LFR(TGN),(M11 - M10) - (M01 - M00),interaction,14,M00,1,49,49,[]
2,LFR(TGN),,lfr_noise,LFR(TGN),(M11 - M10) - (M01 - M00),interaction,14,M00,2,49,49,[]
2,LFR(TGN),,lfr_noise,LFR(TGN),(M11 - M10) - (M01 - M00),interaction,14,M00,3,49,49,[]
2,LFR(TGN),,lfr_noise,LFR(TGN),A0,condition,2,A0,1,49,49,[]
2,LFR(TGN),,lfr_noise,LFR(TGN),A0,condition,2,A0,2,49,49,[]
2,LFR(TGN),,lfr_noise,LFR(TGN),A0,condition,2,A0,3,49,49,[]
2,LFR(TGN),,lfr_noise,LFR(TGN),A0,condition,4,A0,1,49,49,[]
2,LFR(TGN),,lfr_noise,LFR(TGN),A0,condition,4,A0,2,49,49,[]
2,LFR(TGN),,lfr_noise,LFR(TGN),A0,condition,4,A0,3,49,49,[]
2,LFR(TGN),,lfr_noise,LFR(TGN),A0,condition,6,A0,1,49,49,[]
2,LFR(TGN),,lfr_noise,LFR(TGN),A0,condition,6,A0,2,49,49,[]
2,LFR(TGN),,lfr_noise,LFR(TGN),A0,condition,6,A0,3,49,49,[]
2,LFR(TGN),,lfr_noise,LFR(TGN),A0,condition,8,A0,1,49,49,[]
2,LFR(TGN),,lfr_noise,LFR(TGN),A0,condition,8,A0,2,49,49,[]
2,LFR(TGN),,lfr_noise,LFR(TGN),A0,condition,8,A0,3,49,49,[]
2,LFR(TGN),,lfr_noise,LFR(TGN),A0,condition,10,A0,1,49,49,[]
2,LFR(TGN),,lfr_noise,LFR(TGN),A0,condition,10,A0,2,49,49,[]
2,LFR(TGN),,lfr_noise,LFR(TGN),A0,condition,10,A0,3,49,49,[]
2,LFR(TGN),,lfr_noise,LFR(TGN),A0,condition,12,A0,1,49,49,[]
2,LFR(TGN),,lfr_noise,LFR(TGN),A0,condition,12,A0,2,49,49,[]
2,LFR(TGN),,lfr_noise,LFR(TGN),A0,condition,12,A0,3,49,49,[]
2,LFR(TGN),,lfr_noise,LFR(TGN),A0,condition,14,A0,1,49,49,[]
2,LFR(TGN),,lfr_noise,LFR(TGN),A0,condition,14,A0,2,49,49,[]
2,LFR(TGN),,lfr_noise,LFR(TGN),A0,condition,14,A0,3,49,49,[]
2,LFR(TGN),,lfr_noise,LFR(TGN),B0,condition,2,B0,1,49,49,[]
2,LFR(TGN),,lfr_noise,LFR(TGN),B0,condition,2,B0,2,49,49,[]
2,LFR(TGN),,lfr_noise,LFR(TGN),B0,condition,2,B0,3,49,49,[]
2,LFR(TGN),,lfr_noise,LFR(TGN),B0,condition,4,B0,1,49,49,[]
2,LFR(TGN),,lfr_noise,LFR(TGN),B0,condition,4,B0,2,49,49,[]
2,LFR(TGN),,lfr_noise,LFR(TGN),B0,condition,4,B0,3,49,49,[]
2,LFR(TGN),,lfr_noise,LFR(TGN),B0,condition,6,B0,1,49,49,[]
2,LFR(TGN),,lfr_noise,LFR(TGN),B0,condition,6,B0,2,49,49,[]
2,LFR(TGN),,lfr_noise,LFR(TGN),B0,condition,6,B0,3,49,49,[]
2,LFR(TGN),,lfr_noise,LFR(TGN),B0,condition,8,B0,1,49,49,[]
2,LFR(TGN),,lfr_noise,LFR(TGN),B0,condition,8,B0,2,49,49,[]
2,LFR(TGN),,lfr_noise,LFR(TGN),B0,condition,8,B0,3,49,49,[]
2,LFR(TGN),,lfr_noise,LFR(TGN),B0,condition,10,B0,1,49,49,[]
2,LFR(TGN),,lfr_noise,LFR(TGN),B0,condition,10,B0,2,49,49,[]
2,LFR(TGN),,lfr_noise,LFR(TGN),B0,condition,10,B0,3,49,49,[]
2,LFR(TGN),,lfr_noise,LFR(TGN),B0,condition,12,B0,1,49,49,[]
2,LFR(TGN),,lfr_noise,LFR(TGN),B0,condition,12,B0,2,49,49,[]
2,LFR(TGN),,lfr_noise,LFR(TGN),B0,condition,12,B0,3,49,49,[]
2,LFR(TGN),,lfr_noise,LFR(TGN),B0,condition,14,B0,1,49,49,[]
2,LFR(TGN),,lfr_noise,LFR(TGN),B0,condition,14,B0,2,49,49,[]
2,LFR(TGN),,lfr_noise,LFR(TGN),B0,condition,14,B0,3,49,49,[]
2,LFR(TGN),,lfr_noise,LFR(TGN),B1,condition,2,B1,1,49,49,[]
2,LFR(TGN),,lfr_noise,LFR(TGN),B1,condition,2,B1,2,49,49,[]
2,LFR(TGN),,lfr_noise,LFR(TGN),B1,condition,2,B1,3,49,49,[]
2,LFR(TGN),,lfr_noise,LFR(TGN),B1,condition,4,B1,1,49,49,[]
2,LFR(TGN),,lfr_noise,LFR(TGN),B1,condition,4,B1,2,49,49,[]
2,LFR(TGN),,lfr_noise,LFR(TGN),B1,condition,4,B1,3,49,49,[]
2,LFR(TGN),,lfr_noise,LFR(TGN),B1,condition,6,B1,1,49,49,[]
2,LFR(TGN),,lfr_noise,LFR(TGN),B1,condition,6,B1,2,49,49,[]
2,LFR(TGN),,lfr_noise,LFR(TGN),B1,condition,6,B1,3,49,49,[]
2,LFR(TGN),,lfr_noise,LFR(TGN),B1,condition,8,B1,1,49,49,[]
2,LFR(TGN),,lfr_noise,LFR(TGN),B1,condition,8,B1,2,49,49,[]
2,LFR(TGN),,lfr_noise,LFR(TGN),B1,condition,8,B1,3,49,49,[]
2,LFR(TGN),,lfr_noise,LFR(TGN),B1,condition,10,B1,1,49,49,[]
2,LFR(TGN),,lfr_noise,LFR(TGN),B1,condition,10,B1,2,49,49,[]
2,LFR(TGN),,lfr_noise,LFR(TGN),B1,condition,10,B1,3,49,49,[]
2,LFR(TGN),,lfr_noise,LFR(TGN),B1,condition,12,B1,1,49,49,[]
2,LFR(TGN),,lfr_noise,LFR(TGN),B1,condition,12,B1,2,49,49,[]
2,LFR(TGN),,lfr_noise,LFR(TGN),B1,condition,12,B1,3,49,49,[]
2,LFR(TGN),,lfr_noise,LFR(TGN),B1,condition,14,B1,1,49,49,[]
2,LFR(TGN),,lfr_noise,LFR(TGN),B1,condition,14,B1,2,49,49,[]
2,LFR(TGN),,lfr_noise,LFR(TGN),B1,condition,14,B1,3,49,49,[]
2,LFR(TGN),,lfr_noise,LFR(TGN),M00,condition,2,M00,1,49,49,[]
2,LFR(TGN),,lfr_noise,LFR(TGN),M00,condition,2,M00,2,49,49,[]
2,LFR(TGN),,lfr_noise,LFR(TGN),M00,condition,2,M00,3,49,49,[]
2,LFR(TGN),,lfr_noise,LFR(TGN),M00,condition,4,M00,1,49,49,[]
2,LFR(TGN),,lfr_noise,LFR(TGN),M00,condition,4,M00,2,49,49,[]
2,LFR(TGN),,lfr_noise,LFR(TGN),M00,condition,4,M00,3,49,49,[]
2,LFR(TGN),,lfr_noise,LFR(TGN),M00,condition,6,M00,1,49,49,[]
2,LFR(TGN),,lfr_noise,LFR(TGN),M00,condition,6,M00,2,49,49,[]
2,LFR(TGN),,lfr_noise,LFR(TGN),M00,condition,6,M00,3,49,49,[]
2,LFR(TGN),,lfr_noise,LFR(TGN),M00,condition,8,M00,1,49,49,[]
2,LFR(TGN),,lfr_noise,LFR(TGN),M00,condition,8,M00,2,49,49,[]
2,LFR(TGN),,lfr_noise,LFR(TGN),M00,condition,8,M00,3,49,49,[]
2,LFR(TGN),,lfr_noise,LFR(TGN),M00,condition,10,M00,1,49,49,[]
2,LFR(TGN),,lfr_noise,LFR(TGN),M00,condition,10,M00,2,49,49,[]
2,LFR(TGN),,lfr_noise,LFR(TGN),M00,condition,10,M00,3,49,49,[]
2,LFR(TGN),,lfr_noise,LFR(TGN),M00,condition,12,M00,1,49,49,[]
2,LFR(TGN),,lfr_noise,LFR(TGN),M00,condition,12,M00,2,49,49,[]
2,LFR(TGN),,lfr_noise,LFR(TGN),M00,condition,12,M00,3,49,49,[]
2,LFR(TGN),,lfr_noise,LFR(TGN),M00,condition,14,M00,1,49,49,[]
2,LFR(TGN),,lfr_noise,LFR(TGN),M00,condition,14,M00,2,49,49,[]
2,LFR(TGN),,lfr_noise,LFR(TGN),M00,condition,14,M00,3,49,49,[]
2,LFR(TGN),,lfr_noise,LFR(TGN),M00 - A0,paired,2,M00,1,49,49,[]
2,LFR(TGN),,lfr_noise,LFR(TGN),M00 - A0,paired,2,M00,2,49,49,[]
2,LFR(TGN),,lfr_noise,LFR(TGN),M00 - A0,paired,2,M00,3,49,49,[]
2,LFR(TGN),,lfr_noise,LFR(TGN),M00 - A0,paired,2,A0,1,49,49,[]
2,LFR(TGN),,lfr_noise,LFR(TGN),M00 - A0,paired,2,A0,2,49,49,[]
2,LFR(TGN),,lfr_noise,LFR(TGN),M00 - A0,paired,2,A0,3,49,49,[]
2,LFR(TGN),,lfr_noise,LFR(TGN),M00 - A0,paired,4,M00,1,49,49,[]
2,LFR(TGN),,lfr_noise,LFR(TGN),M00 - A0,paired,4,M00,2,49,49,[]
2,LFR(TGN),,lfr_noise,LFR(TGN),M00 - A0,paired,4,M00,3,49,49,[]
2,LFR(TGN),,lfr_noise,LFR(TGN),M00 - A0,paired,4,A0,1,49,49,[]
2,LFR(TGN),,lfr_noise,LFR(TGN),M00 - A0,paired,4,A0,2,49,49,[]
2,LFR(TGN),,lfr_noise,LFR(TGN),M00 - A0,paired,4,A0,3,49,49,[]
2,LFR(TGN),,lfr_noise,LFR(TGN),M00 - A0,paired,6,M00,1,49,49,[]
2,LFR(TGN),,lfr_noise,LFR(TGN),M00 - A0,paired,6,M00,2,49,49,[]
2,LFR(TGN),,lfr_noise,LFR(TGN),M00 - A0,paired,6,M00,3,49,49,[]
2,LFR(TGN),,lfr_noise,LFR(TGN),M00 - A0,paired,6,A0,1,49,49,[]
2,LFR(TGN),,lfr_noise,LFR(TGN),M00 - A0,paired,6,A0,2,49,49,[]
2,LFR(TGN),,lfr_noise,LFR(TGN),M00 - A0,paired,6,A0,3,49,49,[]
2,LFR(TGN),,lfr_noise,LFR(TGN),M00 - A0,paired,8,M00,1,49,49,[]
2,LFR(TGN),,lfr_noise,LFR(TGN),M00 - A0,paired,8,M00,2,49,49,[]
2,LFR(TGN),,lfr_noise,LFR(TGN),M00 - A0,paired,8,M00,3,49,49,[]
2,LFR(TGN),,lfr_noise,LFR(TGN),M00 - A0,paired,8,A0,1,49,49,[]
2,LFR(TGN),,lfr_noise,LFR(TGN),M00 - A0,paired,8,A0,2,49,49,[]
2,LFR(TGN),,lfr_noise,LFR(TGN),M00 - A0,paired,8,A0,3,49,49,[]
2,LFR(TGN),,lfr_noise,LFR(TGN),M00 - A0,paired,10,M00,1,49,49,[]
2,LFR(TGN),,lfr_noise,LFR(TGN),M00 - A0,paired,10,M00,2,49,49,[]
2,LFR(TGN),,lfr_noise,LFR(TGN),M00 - A0,paired,10,M00,3,49,49,[]
2,LFR(TGN),,lfr_noise,LFR(TGN),M00 - A0,paired,10,A0,1,49,49,[]
2,LFR(TGN),,lfr_noise,LFR(TGN),M00 - A0,paired,10,A0,2,49,49,[]
2,LFR(TGN),,lfr_noise,LFR(TGN),M00 - A0,paired,10,A0,3,49,49,[]
2,LFR(TGN),,lfr_noise,LFR(TGN),M00 - A0,paired,12,M00,1,49,49,[]
2,LFR(TGN),,lfr_noise,LFR(TGN),M00 - A0,paired,12,M00,2,49,49,[]
2,LFR(TGN),,lfr_noise,LFR(TGN),M00 - A0,paired,12,M00,3,49,49,[]
2,LFR(TGN),,lfr_noise,LFR(TGN),M00 - A0,paired,12,A0,1,49,49,[]
2,LFR(TGN),,lfr_noise,LFR(TGN),M00 - A0,paired,12,A0,2,49,49,[]
2,LFR(TGN),,lfr_noise,LFR(TGN),M00 - A0,paired,12,A0,3,49,49,[]
2,LFR(TGN),,lfr_noise,LFR(TGN),M00 - A0,paired,14,M00,1,49,49,[]
2,LFR(TGN),,lfr_noise,LFR(TGN),M00 - A0,paired,14,M00,2,49,49,[]
2,LFR(TGN),,lfr_noise,LFR(TGN),M00 - A0,paired,14,M00,3,49,49,[]
2,LFR(TGN),,lfr_noise,LFR(TGN),M00 - A0,paired,14,A0,1,49,49,[]
2,LFR(TGN),,lfr_noise,LFR(TGN),M00 - A0,paired,14,A0,2,49,49,[]
2,LFR(TGN),,lfr_noise,LFR(TGN),M00 - A0,paired,14,A0,3,49,49,[]
2,LFR(TGN),,lfr_noise,LFR(TGN),M00 - B0,paired,2,M00,1,49,49,[]
2,LFR(TGN),,lfr_noise,LFR(TGN),M00 - B0,paired,2,M00,2,49,49,[]
2,LFR(TGN),,lfr_noise,LFR(TGN),M00 - B0,paired,2,M00,3,49,49,[]
2,LFR(TGN),,lfr_noise,LFR(TGN),M00 - B0,paired,2,B0,1,49,49,[]
2,LFR(TGN),,lfr_noise,LFR(TGN),M00 - B0,paired,2,B0,2,49,49,[]
2,LFR(TGN),,lfr_noise,LFR(TGN),M00 - B0,paired,2,B0,3,49,49,[]
2,LFR(TGN),,lfr_noise,LFR(TGN),M00 - B0,paired,4,M00,1,49,49,[]
2,LFR(TGN),,lfr_noise,LFR(TGN),M00 - B0,paired,4,M00,2,49,49,[]
2,LFR(TGN),,lfr_noise,LFR(TGN),M00 - B0,paired,4,M00,3,49,49,[]
2,LFR(TGN),,lfr_noise,LFR(TGN),M00 - B0,paired,4,B0,1,49,49,[]
2,LFR(TGN),,lfr_noise,LFR(TGN),M00 - B0,paired,4,B0,2,49,49,[]
2,LFR(TGN),,lfr_noise,LFR(TGN),M00 - B0,paired,4,B0,3,49,49,[]
2,LFR(TGN),,lfr_noise,LFR(TGN),M00 - B0,paired,6,M00,1,49,49,[]
2,LFR(TGN),,lfr_noise,LFR(TGN),M00 - B0,paired,6,M00,2,49,49,[]
2,LFR(TGN),,lfr_noise,LFR(TGN),M00 - B0,paired,6,M00,3,49,49,[]
2,LFR(TGN),,lfr_noise,LFR(TGN),M00 - B0,paired,6,B0,1,49,49,[]
2,LFR(TGN),,lfr_noise,LFR(TGN),M00 - B0,paired,6,B0,2,49,49,[]
2,LFR(TGN),,lfr_noise,LFR(TGN),M00 - B0,paired,6,B0,3,49,49,[]
2,LFR(TGN),,lfr_noise,LFR(TGN),M00 - B0,paired,8,M00,1,49,49,[]
2,LFR(TGN),,lfr_noise,LFR(TGN),M00 - B0,paired,8,M00,2,49,49,[]
2,LFR(TGN),,lfr_noise,LFR(TGN),M00 - B0,paired,8,M00,3,49,49,[]
2,LFR(TGN),,lfr_noise,LFR(TGN),M00 - B0,paired,8,B0,1,49,49,[]
2,LFR(TGN),,lfr_noise,LFR(TGN),M00 - B0,paired,8,B0,2,49,49,[]
2,LFR(TGN),,lfr_noise,LFR(TGN),M00 - B0,paired,8,B0,3,49,49,[]
2,LFR(TGN),,lfr_noise,LFR(TGN),M00 - B0,paired,10,M00,1,49,49,[]
2,LFR(TGN),,lfr_noise,LFR(TGN),M00 - B0,paired,10,M00,2,49,49,[]
2,LFR(TGN),,lfr_noise,LFR(TGN),M00 - B0,paired,10,M00,3,49,49,[]
2,LFR(TGN),,lfr_noise,LFR(TGN),M00 - B0,paired,10,B0,1,49,49,[]
2,LFR(TGN),,lfr_noise,LFR(TGN),M00 - B0,paired,10,B0,2,49,49,[]
2,LFR(TGN),,lfr_noise,LFR(TGN),M00 - B0,paired,10,B0,3,49,49,[]
2,LFR(TGN),,lfr_noise,LFR(TGN),M00 - B0,paired,12,M00,1,49,49,[]
2,LFR(TGN),,lfr_noise,LFR(TGN),M00 - B0,paired,12,M00,2,49,49,[]
2,LFR(TGN),,lfr_noise,LFR(TGN),M00 - B0,paired,12,M00,3,49,49,[]
2,LFR(TGN),,lfr_noise,LFR(TGN),M00 - B0,paired,12,B0,1,49,49,[]
2,LFR(TGN),,lfr_noise,LFR(TGN),M00 - B0,paired,12,B0,2,49,49,[]
2,LFR(TGN),,lfr_noise,LFR(TGN),M00 - B0,paired,12,B0,3,49,49,[]
2,LFR(TGN),,lfr_noise,LFR(TGN),M00 - B0,paired,14,M00,1,49,49,[]
2,LFR(TGN),,lfr_noise,LFR(TGN),M00 - B0,paired,14,M00,2,49,49,[]
2,LFR(TGN),,lfr_noise,LFR(TGN),M00 - B0,paired,14,M00,3,49,49,[]
2,LFR(TGN),,lfr_noise,LFR(TGN),M00 - B0,paired,14,B0,1,49,49,[]
2,LFR(TGN),,lfr_noise,LFR(TGN),M00 - B0,paired,14,B0,2,49,49,[]
2,LFR(TGN),,lfr_noise,LFR(TGN),M00 - B0,paired,14,B0,3,49,49,[]
2,LFR(TGN),,lfr_noise,LFR(TGN),M00 - B1,paired,2,M00,1,49,49,[]
2,LFR(TGN),,lfr_noise,LFR(TGN),M00 - B1,paired,2,M00,2,49,49,[]
2,LFR(TGN),,lfr_noise,LFR(TGN),M00 - B1,paired,2,M00,3,49,49,[]
2,LFR(TGN),,lfr_noise,LFR(TGN),M00 - B1,paired,2,B1,1,49,49,[]
2,LFR(TGN),,lfr_noise,LFR(TGN),M00 - B1,paired,2,B1,2,49,49,[]
2,LFR(TGN),,lfr_noise,LFR(TGN),M00 - B1,paired,2,B1,3,49,49,[]
2,LFR(TGN),,lfr_noise,LFR(TGN),M00 - B1,paired,4,M00,1,49,49,[]
2,LFR(TGN),,lfr_noise,LFR(TGN),M00 - B1,paired,4,M00,2,49,49,[]
2,LFR(TGN),,lfr_noise,LFR(TGN),M00 - B1,paired,4,M00,3,49,49,[]
2,LFR(TGN),,lfr_noise,LFR(TGN),M00 - B1,paired,4,B1,1,49,49,[]
2,LFR(TGN),,lfr_noise,LFR(TGN),M00 - B1,paired,4,B1,2,49,49,[]
2,LFR(TGN),,lfr_noise,LFR(TGN),M00 - B1,paired,4,B1,3,49,49,[]
2,LFR(TGN),,lfr_noise,LFR(TGN),M00 - B1,paired,6,M00,1,49,49,[]
2,LFR(TGN),,lfr_noise,LFR(TGN),M00 - B1,paired,6,M00,2,49,49,[]
2,LFR(TGN),,lfr_noise,LFR(TGN),M00 - B1,paired,6,M00,3,49,49,[]
2,LFR(TGN),,lfr_noise,LFR(TGN),M00 - B1,paired,6,B1,1,49,49,[]
2,LFR(TGN),,lfr_noise,LFR(TGN),M00 - B1,paired,6,B1,2,49,49,[]
2,LFR(TGN),,lfr_noise,LFR(TGN),M00 - B1,paired,6,B1,3,49,49,[]
2,LFR(TGN),,lfr_noise,LFR(TGN),M00 - B1,paired,8,M00,1,49,49,[]
2,LFR(TGN),,lfr_noise,LFR(TGN),M00 - B1,paired,8,M00,2,49,49,[]
2,LFR(TGN),,lfr_noise,LFR(TGN),M00 - B1,paired,8,M00,3,49,49,[]
2,LFR(TGN),,lfr_noise,LFR(TGN),M00 - B1,paired,8,B1,1,49,49,[]
2,LFR(TGN),,lfr_noise,LFR(TGN),M00 - B1,paired,8,B1,2,49,49,[]
2,LFR(TGN),,lfr_noise,LFR(TGN),M00 - B1,paired,8,B1,3,49,49,[]
2,LFR(TGN),,lfr_noise,LFR(TGN),M00 - B1,paired,10,M00,1,49,49,[]
2,LFR(TGN),,lfr_noise,LFR(TGN),M00 - B1,paired,10,M00,2,49,49,[]
2,LFR(TGN),,lfr_noise,LFR(TGN),M00 - B1,paired,10,M00,3,49,49,[]
2,LFR(TGN),,lfr_noise,LFR(TGN),M00 - B1,paired,10,B1,1,49,49,[]
2,LFR(TGN),,lfr_noise,LFR(TGN),M00 - B1,paired,10,B1,2,49,49,[]
2,LFR(TGN),,lfr_noise,LFR(TGN),M00 - B1,paired,10,B1,3,49,49,[]
2,LFR(TGN),,lfr_noise,LFR(TGN),M00 - B1,paired,12,M00,1,49,49,[]
2,LFR(TGN),,lfr_noise,LFR(TGN),M00 - B1,paired,12,M00,2,49,49,[]
2,LFR(TGN),,lfr_noise,LFR(TGN),M00 - B1,paired,12,M00,3,49,49,[]
2,LFR(TGN),,lfr_noise,LFR(TGN),M00 - B1,paired,12,B1,1,49,49,[]
2,LFR(TGN),,lfr_noise,LFR(TGN),M00 - B1,paired,12,B1,2,49,49,[]
2,LFR(TGN),,lfr_noise,LFR(TGN),M00 - B1,paired,12,B1,3,49,49,[]
2,LFR(TGN),,lfr_noise,LFR(TGN),M00 - B1,paired,14,M00,1,49,49,[]
2,LFR(TGN),,lfr_noise,LFR(TGN),M00 - B1,paired,14,M00,2,49,49,[]
2,LFR(TGN),,lfr_noise,LFR(TGN),M00 - B1,paired,14,M00,3,49,49,[]
2,LFR(TGN),,lfr_noise,LFR(TGN),M00 - B1,paired,14,B1,1,49,49,[]
2,LFR(TGN),,lfr_noise,LFR(TGN),M00 - B1,paired,14,B1,2,49,49,[]
2,LFR(TGN),,lfr_noise,LFR(TGN),M00 - B1,paired,14,B1,3,49,49,[]
2,LFR(TGN),,lfr_noise,LFR(TGN),M01,condition,2,M01,1,49,49,[]
2,LFR(TGN),,lfr_noise,LFR(TGN),M01,condition,2,M01,2,49,49,[]
2,LFR(TGN),,lfr_noise,LFR(TGN),M01,condition,2,M01,3,49,49,[]
2,LFR(TGN),,lfr_noise,LFR(TGN),M01,condition,4,M01,1,49,49,[]
2,LFR(TGN),,lfr_noise,LFR(TGN),M01,condition,4,M01,2,49,49,[]
2,LFR(TGN),,lfr_noise,LFR(TGN),M01,condition,4,M01,3,49,49,[]
2,LFR(TGN),,lfr_noise,LFR(TGN),M01,condition,6,M01,1,49,49,[]
2,LFR(TGN),,lfr_noise,LFR(TGN),M01,condition,6,M01,2,49,49,[]
2,LFR(TGN),,lfr_noise,LFR(TGN),M01,condition,6,M01,3,49,49,[]
2,LFR(TGN),,lfr_noise,LFR(TGN),M01,condition,8,M01,1,49,49,[]
2,LFR(TGN),,lfr_noise,LFR(TGN),M01,condition,8,M01,2,49,49,[]
2,LFR(TGN),,lfr_noise,LFR(TGN),M01,condition,8,M01,3,49,49,[]
2,LFR(TGN),,lfr_noise,LFR(TGN),M01,condition,10,M01,1,49,49,[]
2,LFR(TGN),,lfr_noise,LFR(TGN),M01,condition,10,M01,2,49,49,[]
2,LFR(TGN),,lfr_noise,LFR(TGN),M01,condition,10,M01,3,49,49,[]
2,LFR(TGN),,lfr_noise,LFR(TGN),M01,condition,12,M01,1,49,49,[]
2,LFR(TGN),,lfr_noise,LFR(TGN),M01,condition,12,M01,2,49,49,[]
2,LFR(TGN),,lfr_noise,LFR(TGN),M01,condition,12,M01,3,49,49,[]
2,LFR(TGN),,lfr_noise,LFR(TGN),M01,condition,14,M01,1,49,49,[]
2,LFR(TGN),,lfr_noise,LFR(TGN),M01,condition,14,M01,2,49,49,[]
2,LFR(TGN),,lfr_noise,LFR(TGN),M01,condition,14,M01,3,49,49,[]
2,LFR(TGN),,lfr_noise,LFR(TGN),M01 - M00,paired,2,M01,1,49,49,[]
2,LFR(TGN),,lfr_noise,LFR(TGN),M01 - M00,paired,2,M01,2,49,49,[]
2,LFR(TGN),,lfr_noise,LFR(TGN),M01 - M00,paired,2,M01,3,49,49,[]
2,LFR(TGN),,lfr_noise,LFR(TGN),M01 - M00,paired,2,M00,1,49,49,[]
2,LFR(TGN),,lfr_noise,LFR(TGN),M01 - M00,paired,2,M00,2,49,49,[]
2,LFR(TGN),,lfr_noise,LFR(TGN),M01 - M00,paired,2,M00,3,49,49,[]
2,LFR(TGN),,lfr_noise,LFR(TGN),M01 - M00,paired,4,M01,1,49,49,[]
2,LFR(TGN),,lfr_noise,LFR(TGN),M01 - M00,paired,4,M01,2,49,49,[]
2,LFR(TGN),,lfr_noise,LFR(TGN),M01 - M00,paired,4,M01,3,49,49,[]
2,LFR(TGN),,lfr_noise,LFR(TGN),M01 - M00,paired,4,M00,1,49,49,[]
2,LFR(TGN),,lfr_noise,LFR(TGN),M01 - M00,paired,4,M00,2,49,49,[]
2,LFR(TGN),,lfr_noise,LFR(TGN),M01 - M00,paired,4,M00,3,49,49,[]
2,LFR(TGN),,lfr_noise,LFR(TGN),M01 - M00,paired,6,M01,1,49,49,[]
2,LFR(TGN),,lfr_noise,LFR(TGN),M01 - M00,paired,6,M01,2,49,49,[]
2,LFR(TGN),,lfr_noise,LFR(TGN),M01 - M00,paired,6,M01,3,49,49,[]
2,LFR(TGN),,lfr_noise,LFR(TGN),M01 - M00,paired,6,M00,1,49,49,[]
2,LFR(TGN),,lfr_noise,LFR(TGN),M01 - M00,paired,6,M00,2,49,49,[]
2,LFR(TGN),,lfr_noise,LFR(TGN),M01 - M00,paired,6,M00,3,49,49,[]
2,LFR(TGN),,lfr_noise,LFR(TGN),M01 - M00,paired,8,M01,1,49,49,[]
2,LFR(TGN),,lfr_noise,LFR(TGN),M01 - M00,paired,8,M01,2,49,49,[]
2,LFR(TGN),,lfr_noise,LFR(TGN),M01 - M00,paired,8,M01,3,49,49,[]
2,LFR(TGN),,lfr_noise,LFR(TGN),M01 - M00,paired,8,M00,1,49,49,[]
2,LFR(TGN),,lfr_noise,LFR(TGN),M01 - M00,paired,8,M00,2,49,49,[]
2,LFR(TGN),,lfr_noise,LFR(TGN),M01 - M00,paired,8,M00,3,49,49,[]
2,LFR(TGN),,lfr_noise,LFR(TGN),M01 - M00,paired,10,M01,1,49,49,[]
2,LFR(TGN),,lfr_noise,LFR(TGN),M01 - M00,paired,10,M01,2,49,49,[]
2,LFR(TGN),,lfr_noise,LFR(TGN),M01 - M00,paired,10,M01,3,49,49,[]
2,LFR(TGN),,lfr_noise,LFR(TGN),M01 - M00,paired,10,M00,1,49,49,[]
2,LFR(TGN),,lfr_noise,LFR(TGN),M01 - M00,paired,10,M00,2,49,49,[]
2,LFR(TGN),,lfr_noise,LFR(TGN),M01 - M00,paired,10,M00,3,49,49,[]
2,LFR(TGN),,lfr_noise,LFR(TGN),M01 - M00,paired,12,M01,1,49,49,[]
2,LFR(TGN),,lfr_noise,LFR(TGN),M01 - M00,paired,12,M01,2,49,49,[]
2,LFR(TGN),,lfr_noise,LFR(TGN),M01 - M00,paired,12,M01,3,49,49,[]
2,LFR(TGN),,lfr_noise,LFR(TGN),M01 - M00,paired,12,M00,1,49,49,[]
2,LFR(TGN),,lfr_noise,LFR(TGN),M01 - M00,paired,12,M00,2,49,49,[]
2,LFR(TGN),,lfr_noise,LFR(TGN),M01 - M00,paired,12,M00,3,49,49,[]
2,LFR(TGN),,lfr_noise,LFR(TGN),M01 - M00,paired,14,M01,1,49,49,[]
2,LFR(TGN),,lfr_noise,LFR(TGN),M01 - M00,paired,14,M01,2,49,49,[]
2,LFR(TGN),,lfr_noise,LFR(TGN),M01 - M00,paired,14,M01,3,49,49,[]
2,LFR(TGN),,lfr_noise,LFR(TGN),M01 - M00,paired,14,M00,1,49,49,[]
2,LFR(TGN),,lfr_noise,LFR(TGN),M01 - M00,paired,14,M00,2,49,49,[]
2,LFR(TGN),,lfr_noise,LFR(TGN),M01 - M00,paired,14,M00,3,49,49,[]
2,LFR(TGN),,lfr_noise,LFR(TGN),M10,condition,2,M10,1,49,49,[]
2,LFR(TGN),,lfr_noise,LFR(TGN),M10,condition,2,M10,2,49,49,[]
2,LFR(TGN),,lfr_noise,LFR(TGN),M10,condition,2,M10,3,49,49,[]
2,LFR(TGN),,lfr_noise,LFR(TGN),M10,condition,4,M10,1,49,49,[]
2,LFR(TGN),,lfr_noise,LFR(TGN),M10,condition,4,M10,2,49,49,[]
2,LFR(TGN),,lfr_noise,LFR(TGN),M10,condition,4,M10,3,49,49,[]
2,LFR(TGN),,lfr_noise,LFR(TGN),M10,condition,6,M10,1,49,49,[]
2,LFR(TGN),,lfr_noise,LFR(TGN),M10,condition,6,M10,2,49,49,[]
2,LFR(TGN),,lfr_noise,LFR(TGN),M10,condition,6,M10,3,49,49,[]
2,LFR(TGN),,lfr_noise,LFR(TGN),M10,condition,8,M10,1,49,49,[]
2,LFR(TGN),,lfr_noise,LFR(TGN),M10,condition,8,M10,2,49,49,[]
2,LFR(TGN),,lfr_noise,LFR(TGN),M10,condition,8,M10,3,49,49,[]
2,LFR(TGN),,lfr_noise,LFR(TGN),M10,condition,10,M10,1,49,49,[]
2,LFR(TGN),,lfr_noise,LFR(TGN),M10,condition,10,M10,2,49,49,[]
2,LFR(TGN),,lfr_noise,LFR(TGN),M10,condition,10,M10,3,49,49,[]
2,LFR(TGN),,lfr_noise,LFR(TGN),M10,condition,12,M10,1,49,49,[]
2,LFR(TGN),,lfr_noise,LFR(TGN),M10,condition,12,M10,2,49,49,[]
2,LFR(TGN),,lfr_noise,LFR(TGN),M10,condition,12,M10,3,49,49,[]
2,LFR(TGN),,lfr_noise,LFR(TGN),M10,condition,14,M10,1,49,49,[]
2,LFR(TGN),,lfr_noise,LFR(TGN),M10,condition,14,M10,2,49,49,[]
2,LFR(TGN),,lfr_noise,LFR(TGN),M10,condition,14,M10,3,49,49,[]
2,LFR(TGN),,lfr_noise,LFR(TGN),M10 - M00,paired,2,M10,1,49,49,[]
2,LFR(TGN),,lfr_noise,LFR(TGN),M10 - M00,paired,2,M10,2,49,49,[]
2,LFR(TGN),,lfr_noise,LFR(TGN),M10 - M00,paired,2,M10,3,49,49,[]
2,LFR(TGN),,lfr_noise,LFR(TGN),M10 - M00,paired,2,M00,1,49,49,[]
2,LFR(TGN),,lfr_noise,LFR(TGN),M10 - M00,paired,2,M00,2,49,49,[]
2,LFR(TGN),,lfr_noise,LFR(TGN),M10 - M00,paired,2,M00,3,49,49,[]
2,LFR(TGN),,lfr_noise,LFR(TGN),M10 - M00,paired,4,M10,1,49,49,[]
2,LFR(TGN),,lfr_noise,LFR(TGN),M10 - M00,paired,4,M10,2,49,49,[]
2,LFR(TGN),,lfr_noise,LFR(TGN),M10 - M00,paired,4,M10,3,49,49,[]
2,LFR(TGN),,lfr_noise,LFR(TGN),M10 - M00,paired,4,M00,1,49,49,[]
2,LFR(TGN),,lfr_noise,LFR(TGN),M10 - M00,paired,4,M00,2,49,49,[]
2,LFR(TGN),,lfr_noise,LFR(TGN),M10 - M00,paired,4,M00,3,49,49,[]
2,LFR(TGN),,lfr_noise,LFR(TGN),M10 - M00,paired,6,M10,1,49,49,[]
2,LFR(TGN),,lfr_noise,LFR(TGN),M10 - M00,paired,6,M10,2,49,49,[]
2,LFR(TGN),,lfr_noise,LFR(TGN),M10 - M00,paired,6,M10,3,49,49,[]
2,LFR(TGN),,lfr_noise,LFR(TGN),M10 - M00,paired,6,M00,1,49,49,[]
2,LFR(TGN),,lfr_noise,LFR(TGN),M10 - M00,paired,6,M00,2,49,49,[]
2,LFR(TGN),,lfr_noise,LFR(TGN),M10 - M00,paired,6,M00,3,49,49,[]
2,LFR(TGN),,lfr_noise,LFR(TGN),M10 - M00,paired,8,M10,1,49,49,[]
2,LFR(TGN),,lfr_noise,LFR(TGN),M10 - M00,paired,8,M10,2,49,49,[]
2,LFR(TGN),,lfr_noise,LFR(TGN),M10 - M00,paired,8,M10,3,49,49,[]
2,LFR(TGN),,lfr_noise,LFR(TGN),M10 - M00,paired,8,M00,1,49,49,[]
2,LFR(TGN),,lfr_noise,LFR(TGN),M10 - M00,paired,8,M00,2,49,49,[]
2,LFR(TGN),,lfr_noise,LFR(TGN),M10 - M00,paired,8,M00,3,49,49,[]
2,LFR(TGN),,lfr_noise,LFR(TGN),M10 - M00,paired,10,M10,1,49,49,[]
2,LFR(TGN),,lfr_noise,LFR(TGN),M10 - M00,paired,10,M10,2,49,49,[]
2,LFR(TGN),,lfr_noise,LFR(TGN),M10 - M00,paired,10,M10,3,49,49,[]
2,LFR(TGN),,lfr_noise,LFR(TGN),M10 - M00,paired,10,M00,1,49,49,[]
2,LFR(TGN),,lfr_noise,LFR(TGN),M10 - M00,paired,10,M00,2,49,49,[]
2,LFR(TGN),,lfr_noise,LFR(TGN),M10 - M00,paired,10,M00,3,49,49,[]
2,LFR(TGN),,lfr_noise,LFR(TGN),M10 - M00,paired,12,M10,1,49,49,[]
2,LFR(TGN),,lfr_noise,LFR(TGN),M10 - M00,paired,12,M10,2,49,49,[]
2,LFR(TGN),,lfr_noise,LFR(TGN),M10 - M00,paired,12,M10,3,49,49,[]
2,LFR(TGN),,lfr_noise,LFR(TGN),M10 - M00,paired,12,M00,1,49,49,[]
2,LFR(TGN),,lfr_noise,LFR(TGN),M10 - M00,paired,12,M00,2,49,49,[]
2,LFR(TGN),,lfr_noise,LFR(TGN),M10 - M00,paired,12,M00,3,49,49,[]
2,LFR(TGN),,lfr_noise,LFR(TGN),M10 - M00,paired,14,M10,1,49,49,[]
2,LFR(TGN),,lfr_noise,LFR(TGN),M10 - M00,paired,14,M10,2,49,49,[]
2,LFR(TGN),,lfr_noise,LFR(TGN),M10 - M00,paired,14,M10,3,49,49,[]
2,LFR(TGN),,lfr_noise,LFR(TGN),M10 - M00,paired,14,M00,1,49,49,[]
2,LFR(TGN),,lfr_noise,LFR(TGN),M10 - M00,paired,14,M00,2,49,49,[]
2,LFR(TGN),,lfr_noise,LFR(TGN),M10 - M00,paired,14,M00,3,49,49,[]
2,LFR(TGN),,lfr_noise,LFR(TGN),M11,condition,2,M11,1,49,49,[]
2,LFR(TGN),,lfr_noise,LFR(TGN),M11,condition,2,M11,2,49,49,[]
2,LFR(TGN),,lfr_noise,LFR(TGN),M11,condition,2,M11,3,49,49,[]
2,LFR(TGN),,lfr_noise,LFR(TGN),M11,condition,4,M11,1,49,49,[]
2,LFR(TGN),,lfr_noise,LFR(TGN),M11,condition,4,M11,2,49,49,[]
2,LFR(TGN),,lfr_noise,LFR(TGN),M11,condition,4,M11,3,49,49,[]
2,LFR(TGN),,lfr_noise,LFR(TGN),M11,condition,6,M11,1,49,49,[]
2,LFR(TGN),,lfr_noise,LFR(TGN),M11,condition,6,M11,2,49,49,[]
2,LFR(TGN),,lfr_noise,LFR(TGN),M11,condition,6,M11,3,49,49,[]
2,LFR(TGN),,lfr_noise,LFR(TGN),M11,condition,8,M11,1,49,49,[]
2,LFR(TGN),,lfr_noise,LFR(TGN),M11,condition,8,M11,2,49,49,[]
2,LFR(TGN),,lfr_noise,LFR(TGN),M11,condition,8,M11,3,49,49,[]
2,LFR(TGN),,lfr_noise,LFR(TGN),M11,condition,10,M11,1,49,49,[]
2,LFR(TGN),,lfr_noise,LFR(TGN),M11,condition,10,M11,2,49,49,[]
2,LFR(TGN),,lfr_noise,LFR(TGN),M11,condition,10,M11,3,49,49,[]
2,LFR(TGN),,lfr_noise,LFR(TGN),M11,condition,12,M11,1,49,49,[]
2,LFR(TGN),,lfr_noise,LFR(TGN),M11,condition,12,M11,2,49,49,[]
2,LFR(TGN),,lfr_noise,LFR(TGN),M11,condition,12,M11,3,49,49,[]
2,LFR(TGN),,lfr_noise,LFR(TGN),M11,condition,14,M11,1,49,49,[]
2,LFR(TGN),,lfr_noise,LFR(TGN),M11,condition,14,M11,2,49,49,[]
2,LFR(TGN),,lfr_noise,LFR(TGN),M11,condition,14,M11,3,49,49,[]
2,LFR(TGN),,lfr_noise,LFR(TGN),M11 - B0,paired,2,M11,1,49,49,[]
2,LFR(TGN),,lfr_noise,LFR(TGN),M11 - B0,paired,2,M11,2,49,49,[]
2,LFR(TGN),,lfr_noise,LFR(TGN),M11 - B0,paired,2,M11,3,49,49,[]
2,LFR(TGN),,lfr_noise,LFR(TGN),M11 - B0,paired,2,B0,1,49,49,[]
2,LFR(TGN),,lfr_noise,LFR(TGN),M11 - B0,paired,2,B0,2,49,49,[]
2,LFR(TGN),,lfr_noise,LFR(TGN),M11 - B0,paired,2,B0,3,49,49,[]
2,LFR(TGN),,lfr_noise,LFR(TGN),M11 - B0,paired,4,M11,1,49,49,[]
2,LFR(TGN),,lfr_noise,LFR(TGN),M11 - B0,paired,4,M11,2,49,49,[]
2,LFR(TGN),,lfr_noise,LFR(TGN),M11 - B0,paired,4,M11,3,49,49,[]
2,LFR(TGN),,lfr_noise,LFR(TGN),M11 - B0,paired,4,B0,1,49,49,[]
2,LFR(TGN),,lfr_noise,LFR(TGN),M11 - B0,paired,4,B0,2,49,49,[]
2,LFR(TGN),,lfr_noise,LFR(TGN),M11 - B0,paired,4,B0,3,49,49,[]
2,LFR(TGN),,lfr_noise,LFR(TGN),M11 - B0,paired,6,M11,1,49,49,[]
2,LFR(TGN),,lfr_noise,LFR(TGN),M11 - B0,paired,6,M11,2,49,49,[]
2,LFR(TGN),,lfr_noise,LFR(TGN),M11 - B0,paired,6,M11,3,49,49,[]
2,LFR(TGN),,lfr_noise,LFR(TGN),M11 - B0,paired,6,B0,1,49,49,[]
2,LFR(TGN),,lfr_noise,LFR(TGN),M11 - B0,paired,6,B0,2,49,49,[]
2,LFR(TGN),,lfr_noise,LFR(TGN),M11 - B0,paired,6,B0,3,49,49,[]
2,LFR(TGN),,lfr_noise,LFR(TGN),M11 - B0,paired,8,M11,1,49,49,[]
2,LFR(TGN),,lfr_noise,LFR(TGN),M11 - B0,paired,8,M11,2,49,49,[]
2,LFR(TGN),,lfr_noise,LFR(TGN),M11 - B0,paired,8,M11,3,49,49,[]
2,LFR(TGN),,lfr_noise,LFR(TGN),M11 - B0,paired,8,B0,1,49,49,[]
2,LFR(TGN),,lfr_noise,LFR(TGN),M11 - B0,paired,8,B0,2,49,49,[]
2,LFR(TGN),,lfr_noise,LFR(TGN),M11 - B0,paired,8,B0,3,49,49,[]
2,LFR(TGN),,lfr_noise,LFR(TGN),M11 - B0,paired,10,M11,1,49,49,[]
2,LFR(TGN),,lfr_noise,LFR(TGN),M11 - B0,paired,10,M11,2,49,49,[]
2,LFR(TGN),,lfr_noise,LFR(TGN),M11 - B0,paired,10,M11,3,49,49,[]
2,LFR(TGN),,lfr_noise,LFR(TGN),M11 - B0,paired,10,B0,1,49,49,[]
2,LFR(TGN),,lfr_noise,LFR(TGN),M11 - B0,paired,10,B0,2,49,49,[]
2,LFR(TGN),,lfr_noise,LFR(TGN),M11 - B0,paired,10,B0,3,49,49,[]
2,LFR(TGN),,lfr_noise,LFR(TGN),M11 - B0,paired,12,M11,1,49,49,[]
2,LFR(TGN),,lfr_noise,LFR(TGN),M11 - B0,paired,12,M11,2,49,49,[]
2,LFR(TGN),,lfr_noise,LFR(TGN),M11 - B0,paired,12,M11,3,49,49,[]
2,LFR(TGN),,lfr_noise,LFR(TGN),M11 - B0,paired,12,B0,1,49,49,[]
2,LFR(TGN),,lfr_noise,LFR(TGN),M11 - B0,paired,12,B0,2,49,49,[]
2,LFR(TGN),,lfr_noise,LFR(TGN),M11 - B0,paired,12,B0,3,49,49,[]
2,LFR(TGN),,lfr_noise,LFR(TGN),M11 - B0,paired,14,M11,1,49,49,[]
2,LFR(TGN),,lfr_noise,LFR(TGN),M11 - B0,paired,14,M11,2,49,49,[]
2,LFR(TGN),,lfr_noise,LFR(TGN),M11 - B0,paired,14,M11,3,49,49,[]
2,LFR(TGN),,lfr_noise,LFR(TGN),M11 - B0,paired,14,B0,1,49,49,[]
2,LFR(TGN),,lfr_noise,LFR(TGN),M11 - B0,paired,14,B0,2,49,49,[]
2,LFR(TGN),,lfr_noise,LFR(TGN),M11 - B0,paired,14,B0,3,49,49,[]
2,LFR(TGN),,lfr_noise,LFR(TGN),M11 - B1,paired,2,M11,1,49,49,[]
2,LFR(TGN),,lfr_noise,LFR(TGN),M11 - B1,paired,2,M11,2,49,49,[]
2,LFR(TGN),,lfr_noise,LFR(TGN),M11 - B1,paired,2,M11,3,49,49,[]
2,LFR(TGN),,lfr_noise,LFR(TGN),M11 - B1,paired,2,B1,1,49,49,[]
2,LFR(TGN),,lfr_noise,LFR(TGN),M11 - B1,paired,2,B1,2,49,49,[]
2,LFR(TGN),,lfr_noise,LFR(TGN),M11 - B1,paired,2,B1,3,49,49,[]
2,LFR(TGN),,lfr_noise,LFR(TGN),M11 - B1,paired,4,M11,1,49,49,[]
2,LFR(TGN),,lfr_noise,LFR(TGN),M11 - B1,paired,4,M11,2,49,49,[]
2,LFR(TGN),,lfr_noise,LFR(TGN),M11 - B1,paired,4,M11,3,49,49,[]
2,LFR(TGN),,lfr_noise,LFR(TGN),M11 - B1,paired,4,B1,1,49,49,[]
2,LFR(TGN),,lfr_noise,LFR(TGN),M11 - B1,paired,4,B1,2,49,49,[]
2,LFR(TGN),,lfr_noise,LFR(TGN),M11 - B1,paired,4,B1,3,49,49,[]
2,LFR(TGN),,lfr_noise,LFR(TGN),M11 - B1,paired,6,M11,1,49,49,[]
2,LFR(TGN),,lfr_noise,LFR(TGN),M11 - B1,paired,6,M11,2,49,49,[]
2,LFR(TGN),,lfr_noise,LFR(TGN),M11 - B1,paired,6,M11,3,49,49,[]
2,LFR(TGN),,lfr_noise,LFR(TGN),M11 - B1,paired,6,B1,1,49,49,[]
2,LFR(TGN),,lfr_noise,LFR(TGN),M11 - B1,paired,6,B1,2,49,49,[]
2,LFR(TGN),,lfr_noise,LFR(TGN),M11 - B1,paired,6,B1,3,49,49,[]
2,LFR(TGN),,lfr_noise,LFR(TGN),M11 - B1,paired,8,M11,1,49,49,[]
2,LFR(TGN),,lfr_noise,LFR(TGN),M11 - B1,paired,8,M11,2,49,49,[]
2,LFR(TGN),,lfr_noise,LFR(TGN),M11 - B1,paired,8,M11,3,49,49,[]
2,LFR(TGN),,lfr_noise,LFR(TGN),M11 - B1,paired,8,B1,1,49,49,[]
2,LFR(TGN),,lfr_noise,LFR(TGN),M11 - B1,paired,8,B1,2,49,49,[]
2,LFR(TGN),,lfr_noise,LFR(TGN),M11 - B1,paired,8,B1,3,49,49,[]
2,LFR(TGN),,lfr_noise,LFR(TGN),M11 - B1,paired,10,M11,1,49,49,[]
2,LFR(TGN),,lfr_noise,LFR(TGN),M11 - B1,paired,10,M11,2,49,49,[]
2,LFR(TGN),,lfr_noise,LFR(TGN),M11 - B1,paired,10,M11,3,49,49,[]
2,LFR(TGN),,lfr_noise,LFR(TGN),M11 - B1,paired,10,B1,1,49,49,[]
2,LFR(TGN),,lfr_noise,LFR(TGN),M11 - B1,paired,10,B1,2,49,49,[]
2,LFR(TGN),,lfr_noise,LFR(TGN),M11 - B1,paired,10,B1,3,49,49,[]
2,LFR(TGN),,lfr_noise,LFR(TGN),M11 - B1,paired,12,M11,1,49,49,[]
2,LFR(TGN),,lfr_noise,LFR(TGN),M11 - B1,paired,12,M11,2,49,49,[]
2,LFR(TGN),,lfr_noise,LFR(TGN),M11 - B1,paired,12,M11,3,49,49,[]
2,LFR(TGN),,lfr_noise,LFR(TGN),M11 - B1,paired,12,B1,1,49,49,[]
2,LFR(TGN),,lfr_noise,LFR(TGN),M11 - B1,paired,12,B1,2,49,49,[]
2,LFR(TGN),,lfr_noise,LFR(TGN),M11 - B1,paired,12,B1,3,49,49,[]
2,LFR(TGN),,lfr_noise,LFR(TGN),M11 - B1,paired,14,M11,1,49,49,[]
2,LFR(TGN),,lfr_noise,LFR(TGN),M11 - B1,paired,14,M11,2,49,49,[]
2,LFR(TGN),,lfr_noise,LFR(TGN),M11 - B1,paired,14,M11,3,49,49,[]
2,LFR(TGN),,lfr_noise,LFR(TGN),M11 - B1,paired,14,B1,1,49,49,[]
2,LFR(TGN),,lfr_noise,LFR(TGN),M11 - B1,paired,14,B1,2,49,49,[]
2,LFR(TGN),,lfr_noise,LFR(TGN),M11 - B1,paired,14,B1,3,49,49,[]
2,LFR(TGN),,lfr_noise,LFR(TGN),M11 - M00,paired,2,M11,1,49,49,[]
2,LFR(TGN),,lfr_noise,LFR(TGN),M11 - M00,paired,2,M11,2,49,49,[]
2,LFR(TGN),,lfr_noise,LFR(TGN),M11 - M00,paired,2,M11,3,49,49,[]
2,LFR(TGN),,lfr_noise,LFR(TGN),M11 - M00,paired,2,M00,1,49,49,[]
2,LFR(TGN),,lfr_noise,LFR(TGN),M11 - M00,paired,2,M00,2,49,49,[]
2,LFR(TGN),,lfr_noise,LFR(TGN),M11 - M00,paired,2,M00,3,49,49,[]
2,LFR(TGN),,lfr_noise,LFR(TGN),M11 - M00,paired,4,M11,1,49,49,[]
2,LFR(TGN),,lfr_noise,LFR(TGN),M11 - M00,paired,4,M11,2,49,49,[]
2,LFR(TGN),,lfr_noise,LFR(TGN),M11 - M00,paired,4,M11,3,49,49,[]
2,LFR(TGN),,lfr_noise,LFR(TGN),M11 - M00,paired,4,M00,1,49,49,[]
2,LFR(TGN),,lfr_noise,LFR(TGN),M11 - M00,paired,4,M00,2,49,49,[]
2,LFR(TGN),,lfr_noise,LFR(TGN),M11 - M00,paired,4,M00,3,49,49,[]
2,LFR(TGN),,lfr_noise,LFR(TGN),M11 - M00,paired,6,M11,1,49,49,[]
2,LFR(TGN),,lfr_noise,LFR(TGN),M11 - M00,paired,6,M11,2,49,49,[]
2,LFR(TGN),,lfr_noise,LFR(TGN),M11 - M00,paired,6,M11,3,49,49,[]
2,LFR(TGN),,lfr_noise,LFR(TGN),M11 - M00,paired,6,M00,1,49,49,[]
2,LFR(TGN),,lfr_noise,LFR(TGN),M11 - M00,paired,6,M00,2,49,49,[]
2,LFR(TGN),,lfr_noise,LFR(TGN),M11 - M00,paired,6,M00,3,49,49,[]
2,LFR(TGN),,lfr_noise,LFR(TGN),M11 - M00,paired,8,M11,1,49,49,[]
2,LFR(TGN),,lfr_noise,LFR(TGN),M11 - M00,paired,8,M11,2,49,49,[]
2,LFR(TGN),,lfr_noise,LFR(TGN),M11 - M00,paired,8,M11,3,49,49,[]
2,LFR(TGN),,lfr_noise,LFR(TGN),M11 - M00,paired,8,M00,1,49,49,[]
2,LFR(TGN),,lfr_noise,LFR(TGN),M11 - M00,paired,8,M00,2,49,49,[]
2,LFR(TGN),,lfr_noise,LFR(TGN),M11 - M00,paired,8,M00,3,49,49,[]
2,LFR(TGN),,lfr_noise,LFR(TGN),M11 - M00,paired,10,M11,1,49,49,[]
2,LFR(TGN),,lfr_noise,LFR(TGN),M11 - M00,paired,10,M11,2,49,49,[]
2,LFR(TGN),,lfr_noise,LFR(TGN),M11 - M00,paired,10,M11,3,49,49,[]
2,LFR(TGN),,lfr_noise,LFR(TGN),M11 - M00,paired,10,M00,1,49,49,[]
2,LFR(TGN),,lfr_noise,LFR(TGN),M11 - M00,paired,10,M00,2,49,49,[]
2,LFR(TGN),,lfr_noise,LFR(TGN),M11 - M00,paired,10,M00,3,49,49,[]
2,LFR(TGN),,lfr_noise,LFR(TGN),M11 - M00,paired,12,M11,1,49,49,[]
2,LFR(TGN),,lfr_noise,LFR(TGN),M11 - M00,paired,12,M11,2,49,49,[]
2,LFR(TGN),,lfr_noise,LFR(TGN),M11 - M00,paired,12,M11,3,49,49,[]
2,LFR(TGN),,lfr_noise,LFR(TGN),M11 - M00,paired,12,M00,1,49,49,[]
2,LFR(TGN),,lfr_noise,LFR(TGN),M11 - M00,paired,12,M00,2,49,49,[]
2,LFR(TGN),,lfr_noise,LFR(TGN),M11 - M00,paired,12,M00,3,49,49,[]
2,LFR(TGN),,lfr_noise,LFR(TGN),M11 - M00,paired,14,M11,1,49,49,[]
2,LFR(TGN),,lfr_noise,LFR(TGN),M11 - M00,paired,14,M11,2,49,49,[]
2,LFR(TGN),,lfr_noise,LFR(TGN),M11 - M00,paired,14,M11,3,49,49,[]
2,LFR(TGN),,lfr_noise,LFR(TGN),M11 - M00,paired,14,M00,1,49,49,[]
2,LFR(TGN),,lfr_noise,LFR(TGN),M11 - M00,paired,14,M00,2,49,49,[]
2,LFR(TGN),,lfr_noise,LFR(TGN),M11 - M00,paired,14,M00,3,49,49,[]
2,LFR(TGN),,lfr_noise,LFR(TGN),M11 - M01,paired,2,M11,1,49,49,[]
2,LFR(TGN),,lfr_noise,LFR(TGN),M11 - M01,paired,2,M11,2,49,49,[]
2,LFR(TGN),,lfr_noise,LFR(TGN),M11 - M01,paired,2,M11,3,49,49,[]
2,LFR(TGN),,lfr_noise,LFR(TGN),M11 - M01,paired,2,M01,1,49,49,[]
2,LFR(TGN),,lfr_noise,LFR(TGN),M11 - M01,paired,2,M01,2,49,49,[]
2,LFR(TGN),,lfr_noise,LFR(TGN),M11 - M01,paired,2,M01,3,49,49,[]
2,LFR(TGN),,lfr_noise,LFR(TGN),M11 - M01,paired,4,M11,1,49,49,[]
2,LFR(TGN),,lfr_noise,LFR(TGN),M11 - M01,paired,4,M11,2,49,49,[]
2,LFR(TGN),,lfr_noise,LFR(TGN),M11 - M01,paired,4,M11,3,49,49,[]
2,LFR(TGN),,lfr_noise,LFR(TGN),M11 - M01,paired,4,M01,1,49,49,[]
2,LFR(TGN),,lfr_noise,LFR(TGN),M11 - M01,paired,4,M01,2,49,49,[]
2,LFR(TGN),,lfr_noise,LFR(TGN),M11 - M01,paired,4,M01,3,49,49,[]
2,LFR(TGN),,lfr_noise,LFR(TGN),M11 - M01,paired,6,M11,1,49,49,[]
2,LFR(TGN),,lfr_noise,LFR(TGN),M11 - M01,paired,6,M11,2,49,49,[]
2,LFR(TGN),,lfr_noise,LFR(TGN),M11 - M01,paired,6,M11,3,49,49,[]
2,LFR(TGN),,lfr_noise,LFR(TGN),M11 - M01,paired,6,M01,1,49,49,[]
2,LFR(TGN),,lfr_noise,LFR(TGN),M11 - M01,paired,6,M01,2,49,49,[]
2,LFR(TGN),,lfr_noise,LFR(TGN),M11 - M01,paired,6,M01,3,49,49,[]
2,LFR(TGN),,lfr_noise,LFR(TGN),M11 - M01,paired,8,M11,1,49,49,[]
2,LFR(TGN),,lfr_noise,LFR(TGN),M11 - M01,paired,8,M11,2,49,49,[]
2,LFR(TGN),,lfr_noise,LFR(TGN),M11 - M01,paired,8,M11,3,49,49,[]
2,LFR(TGN),,lfr_noise,LFR(TGN),M11 - M01,paired,8,M01,1,49,49,[]
2,LFR(TGN),,lfr_noise,LFR(TGN),M11 - M01,paired,8,M01,2,49,49,[]
2,LFR(TGN),,lfr_noise,LFR(TGN),M11 - M01,paired,8,M01,3,49,49,[]
2,LFR(TGN),,lfr_noise,LFR(TGN),M11 - M01,paired,10,M11,1,49,49,[]
2,LFR(TGN),,lfr_noise,LFR(TGN),M11 - M01,paired,10,M11,2,49,49,[]
2,LFR(TGN),,lfr_noise,LFR(TGN),M11 - M01,paired,10,M11,3,49,49,[]
2,LFR(TGN),,lfr_noise,LFR(TGN),M11 - M01,paired,10,M01,1,49,49,[]
2,LFR(TGN),,lfr_noise,LFR(TGN),M11 - M01,paired,10,M01,2,49,49,[]
2,LFR(TGN),,lfr_noise,LFR(TGN),M11 - M01,paired,10,M01,3,49,49,[]
2,LFR(TGN),,lfr_noise,LFR(TGN),M11 - M01,paired,12,M11,1,49,49,[]
2,LFR(TGN),,lfr_noise,LFR(TGN),M11 - M01,paired,12,M11,2,49,49,[]
2,LFR(TGN),,lfr_noise,LFR(TGN),M11 - M01,paired,12,M11,3,49,49,[]
2,LFR(TGN),,lfr_noise,LFR(TGN),M11 - M01,paired,12,M01,1,49,49,[]
2,LFR(TGN),,lfr_noise,LFR(TGN),M11 - M01,paired,12,M01,2,49,49,[]
2,LFR(TGN),,lfr_noise,LFR(TGN),M11 - M01,paired,12,M01,3,49,49,[]
2,LFR(TGN),,lfr_noise,LFR(TGN),M11 - M01,paired,14,M11,1,49,49,[]
2,LFR(TGN),,lfr_noise,LFR(TGN),M11 - M01,paired,14,M11,2,49,49,[]
2,LFR(TGN),,lfr_noise,LFR(TGN),M11 - M01,paired,14,M11,3,49,49,[]
2,LFR(TGN),,lfr_noise,LFR(TGN),M11 - M01,paired,14,M01,1,49,49,[]
2,LFR(TGN),,lfr_noise,LFR(TGN),M11 - M01,paired,14,M01,2,49,49,[]
2,LFR(TGN),,lfr_noise,LFR(TGN),M11 - M01,paired,14,M01,3,49,49,[]
2,LFR(TGN),,lfr_noise,LFR(TGN),M11 - M10,paired,2,M11,1,49,49,[]
2,LFR(TGN),,lfr_noise,LFR(TGN),M11 - M10,paired,2,M11,2,49,49,[]
2,LFR(TGN),,lfr_noise,LFR(TGN),M11 - M10,paired,2,M11,3,49,49,[]
2,LFR(TGN),,lfr_noise,LFR(TGN),M11 - M10,paired,2,M10,1,49,49,[]
2,LFR(TGN),,lfr_noise,LFR(TGN),M11 - M10,paired,2,M10,2,49,49,[]
2,LFR(TGN),,lfr_noise,LFR(TGN),M11 - M10,paired,2,M10,3,49,49,[]
2,LFR(TGN),,lfr_noise,LFR(TGN),M11 - M10,paired,4,M11,1,49,49,[]
2,LFR(TGN),,lfr_noise,LFR(TGN),M11 - M10,paired,4,M11,2,49,49,[]
2,LFR(TGN),,lfr_noise,LFR(TGN),M11 - M10,paired,4,M11,3,49,49,[]
2,LFR(TGN),,lfr_noise,LFR(TGN),M11 - M10,paired,4,M10,1,49,49,[]
2,LFR(TGN),,lfr_noise,LFR(TGN),M11 - M10,paired,4,M10,2,49,49,[]
2,LFR(TGN),,lfr_noise,LFR(TGN),M11 - M10,paired,4,M10,3,49,49,[]
2,LFR(TGN),,lfr_noise,LFR(TGN),M11 - M10,paired,6,M11,1,49,49,[]
2,LFR(TGN),,lfr_noise,LFR(TGN),M11 - M10,paired,6,M11,2,49,49,[]
2,LFR(TGN),,lfr_noise,LFR(TGN),M11 - M10,paired,6,M11,3,49,49,[]
2,LFR(TGN),,lfr_noise,LFR(TGN),M11 - M10,paired,6,M10,1,49,49,[]
2,LFR(TGN),,lfr_noise,LFR(TGN),M11 - M10,paired,6,M10,2,49,49,[]
2,LFR(TGN),,lfr_noise,LFR(TGN),M11 - M10,paired,6,M10,3,49,49,[]
2,LFR(TGN),,lfr_noise,LFR(TGN),M11 - M10,paired,8,M11,1,49,49,[]
2,LFR(TGN),,lfr_noise,LFR(TGN),M11 - M10,paired,8,M11,2,49,49,[]
2,LFR(TGN),,lfr_noise,LFR(TGN),M11 - M10,paired,8,M11,3,49,49,[]
2,LFR(TGN),,lfr_noise,LFR(TGN),M11 - M10,paired,8,M10,1,49,49,[]
2,LFR(TGN),,lfr_noise,LFR(TGN),M11 - M10,paired,8,M10,2,49,49,[]
2,LFR(TGN),,lfr_noise,LFR(TGN),M11 - M10,paired,8,M10,3,49,49,[]
2,LFR(TGN),,lfr_noise,LFR(TGN),M11 - M10,paired,10,M11,1,49,49,[]
2,LFR(TGN),,lfr_noise,LFR(TGN),M11 - M10,paired,10,M11,2,49,49,[]
2,LFR(TGN),,lfr_noise,LFR(TGN),M11 - M10,paired,10,M11,3,49,49,[]
2,LFR(TGN),,lfr_noise,LFR(TGN),M11 - M10,paired,10,M10,1,49,49,[]
2,LFR(TGN),,lfr_noise,LFR(TGN),M11 - M10,paired,10,M10,2,49,49,[]
2,LFR(TGN),,lfr_noise,LFR(TGN),M11 - M10,paired,10,M10,3,49,49,[]
2,LFR(TGN),,lfr_noise,LFR(TGN),M11 - M10,paired,12,M11,1,49,49,[]
2,LFR(TGN),,lfr_noise,LFR(TGN),M11 - M10,paired,12,M11,2,49,49,[]
2,LFR(TGN),,lfr_noise,LFR(TGN),M11 - M10,paired,12,M11,3,49,49,[]
2,LFR(TGN),,lfr_noise,LFR(TGN),M11 - M10,paired,12,M10,1,49,49,[]
2,LFR(TGN),,lfr_noise,LFR(TGN),M11 - M10,paired,12,M10,2,49,49,[]
2,LFR(TGN),,lfr_noise,LFR(TGN),M11 - M10,paired,12,M10,3,49,49,[]
2,LFR(TGN),,lfr_noise,LFR(TGN),M11 - M10,paired,14,M11,1,49,49,[]
2,LFR(TGN),,lfr_noise,LFR(TGN),M11 - M10,paired,14,M11,2,49,49,[]
2,LFR(TGN),,lfr_noise,LFR(TGN),M11 - M10,paired,14,M11,3,49,49,[]
2,LFR(TGN),,lfr_noise,LFR(TGN),M11 - M10,paired,14,M10,1,49,49,[]
2,LFR(TGN),,lfr_noise,LFR(TGN),M11 - M10,paired,14,M10,2,49,49,[]
2,LFR(TGN),,lfr_noise,LFR(TGN),M11 - M10,paired,14,M10,3,49,49,[]
2,LFR(FS),,lfr_shift,LFR(FS),(M11 - M10) - (M01 - M00),interaction,2,M11,1,49,49,[]
2,LFR(FS),,lfr_shift,LFR(FS),(M11 - M10) - (M01 - M00),interaction,2,M11,2,49,49,[]
2,LFR(FS),,lfr_shift,LFR(FS),(M11 - M10) - (M01 - M00),interaction,2,M11,3,49,49,[]
2,LFR(FS),,lfr_shift,LFR(FS),(M11 - M10) - (M01 - M00),interaction,2,M10,1,49,49,[]
2,LFR(FS),,lfr_shift,LFR(FS),(M11 - M10) - (M01 - M00),interaction,2,M10,2,49,49,[]
2,LFR(FS),,lfr_shift,LFR(FS),(M11 - M10) - (M01 - M00),interaction,2,M10,3,49,49,[]
2,LFR(FS),,lfr_shift,LFR(FS),(M11 - M10) - (M01 - M00),interaction,2,M01,1,49,49,[]
2,LFR(FS),,lfr_shift,LFR(FS),(M11 - M10) - (M01 - M00),interaction,2,M01,2,49,49,[]
2,LFR(FS),,lfr_shift,LFR(FS),(M11 - M10) - (M01 - M00),interaction,2,M01,3,49,49,[]
2,LFR(FS),,lfr_shift,LFR(FS),(M11 - M10) - (M01 - M00),interaction,2,M00,1,49,49,[]
2,LFR(FS),,lfr_shift,LFR(FS),(M11 - M10) - (M01 - M00),interaction,2,M00,2,49,49,[]
2,LFR(FS),,lfr_shift,LFR(FS),(M11 - M10) - (M01 - M00),interaction,2,M00,3,49,49,[]
2,LFR(FS),,lfr_shift,LFR(FS),(M11 - M10) - (M01 - M00),interaction,4,M11,1,49,49,[]
2,LFR(FS),,lfr_shift,LFR(FS),(M11 - M10) - (M01 - M00),interaction,4,M11,2,49,49,[]
2,LFR(FS),,lfr_shift,LFR(FS),(M11 - M10) - (M01 - M00),interaction,4,M11,3,49,49,[]
2,LFR(FS),,lfr_shift,LFR(FS),(M11 - M10) - (M01 - M00),interaction,4,M10,1,49,49,[]
2,LFR(FS),,lfr_shift,LFR(FS),(M11 - M10) - (M01 - M00),interaction,4,M10,2,49,49,[]
2,LFR(FS),,lfr_shift,LFR(FS),(M11 - M10) - (M01 - M00),interaction,4,M10,3,49,49,[]
2,LFR(FS),,lfr_shift,LFR(FS),(M11 - M10) - (M01 - M00),interaction,4,M01,1,49,49,[]
2,LFR(FS),,lfr_shift,LFR(FS),(M11 - M10) - (M01 - M00),interaction,4,M01,2,49,49,[]
2,LFR(FS),,lfr_shift,LFR(FS),(M11 - M10) - (M01 - M00),interaction,4,M01,3,49,49,[]
2,LFR(FS),,lfr_shift,LFR(FS),(M11 - M10) - (M01 - M00),interaction,4,M00,1,49,49,[]
2,LFR(FS),,lfr_shift,LFR(FS),(M11 - M10) - (M01 - M00),interaction,4,M00,2,49,49,[]
2,LFR(FS),,lfr_shift,LFR(FS),(M11 - M10) - (M01 - M00),interaction,4,M00,3,49,49,[]
2,LFR(FS),,lfr_shift,LFR(FS),(M11 - M10) - (M01 - M00),interaction,6,M11,1,49,49,[]
2,LFR(FS),,lfr_shift,LFR(FS),(M11 - M10) - (M01 - M00),interaction,6,M11,2,49,49,[]
2,LFR(FS),,lfr_shift,LFR(FS),(M11 - M10) - (M01 - M00),interaction,6,M11,3,49,49,[]
2,LFR(FS),,lfr_shift,LFR(FS),(M11 - M10) - (M01 - M00),interaction,6,M10,1,49,49,[]
2,LFR(FS),,lfr_shift,LFR(FS),(M11 - M10) - (M01 - M00),interaction,6,M10,2,49,49,[]
2,LFR(FS),,lfr_shift,LFR(FS),(M11 - M10) - (M01 - M00),interaction,6,M10,3,49,49,[]
2,LFR(FS),,lfr_shift,LFR(FS),(M11 - M10) - (M01 - M00),interaction,6,M01,1,49,49,[]
2,LFR(FS),,lfr_shift,LFR(FS),(M11 - M10) - (M01 - M00),interaction,6,M01,2,49,49,[]
2,LFR(FS),,lfr_shift,LFR(FS),(M11 - M10) - (M01 - M00),interaction,6,M01,3,49,49,[]
2,LFR(FS),,lfr_shift,LFR(FS),(M11 - M10) - (M01 - M00),interaction,6,M00,1,49,49,[]
2,LFR(FS),,lfr_shift,LFR(FS),(M11 - M10) - (M01 - M00),interaction,6,M00,2,49,49,[]
2,LFR(FS),,lfr_shift,LFR(FS),(M11 - M10) - (M01 - M00),interaction,6,M00,3,49,49,[]
2,LFR(FS),,lfr_shift,LFR(FS),(M11 - M10) - (M01 - M00),interaction,8,M11,1,49,49,[]
2,LFR(FS),,lfr_shift,LFR(FS),(M11 - M10) - (M01 - M00),interaction,8,M11,2,49,49,[]
2,LFR(FS),,lfr_shift,LFR(FS),(M11 - M10) - (M01 - M00),interaction,8,M11,3,49,49,[]
2,LFR(FS),,lfr_shift,LFR(FS),(M11 - M10) - (M01 - M00),interaction,8,M10,1,49,49,[]
2,LFR(FS),,lfr_shift,LFR(FS),(M11 - M10) - (M01 - M00),interaction,8,M10,2,49,49,[]
2,LFR(FS),,lfr_shift,LFR(FS),(M11 - M10) - (M01 - M00),interaction,8,M10,3,49,49,[]
2,LFR(FS),,lfr_shift,LFR(FS),(M11 - M10) - (M01 - M00),interaction,8,M01,1,49,49,[]
2,LFR(FS),,lfr_shift,LFR(FS),(M11 - M10) - (M01 - M00),interaction,8,M01,2,49,49,[]
2,LFR(FS),,lfr_shift,LFR(FS),(M11 - M10) - (M01 - M00),interaction,8,M01,3,49,49,[]
2,LFR(FS),,lfr_shift,LFR(FS),(M11 - M10) - (M01 - M00),interaction,8,M00,1,49,49,[]
2,LFR(FS),,lfr_shift,LFR(FS),(M11 - M10) - (M01 - M00),interaction,8,M00,2,49,49,[]
2,LFR(FS),,lfr_shift,LFR(FS),(M11 - M10) - (M01 - M00),interaction,8,M00,3,49,49,[]
2,LFR(FS),,lfr_shift,LFR(FS),(M11 - M10) - (M01 - M00),interaction,10,M11,1,49,49,[]
2,LFR(FS),,lfr_shift,LFR(FS),(M11 - M10) - (M01 - M00),interaction,10,M11,2,49,49,[]
2,LFR(FS),,lfr_shift,LFR(FS),(M11 - M10) - (M01 - M00),interaction,10,M11,3,49,49,[]
2,LFR(FS),,lfr_shift,LFR(FS),(M11 - M10) - (M01 - M00),interaction,10,M10,1,49,49,[]
2,LFR(FS),,lfr_shift,LFR(FS),(M11 - M10) - (M01 - M00),interaction,10,M10,2,49,49,[]
2,LFR(FS),,lfr_shift,LFR(FS),(M11 - M10) - (M01 - M00),interaction,10,M10,3,49,49,[]
2,LFR(FS),,lfr_shift,LFR(FS),(M11 - M10) - (M01 - M00),interaction,10,M01,1,49,49,[]
2,LFR(FS),,lfr_shift,LFR(FS),(M11 - M10) - (M01 - M00),interaction,10,M01,2,49,49,[]
2,LFR(FS),,lfr_shift,LFR(FS),(M11 - M10) - (M01 - M00),interaction,10,M01,3,49,49,[]
2,LFR(FS),,lfr_shift,LFR(FS),(M11 - M10) - (M01 - M00),interaction,10,M00,1,49,49,[]
2,LFR(FS),,lfr_shift,LFR(FS),(M11 - M10) - (M01 - M00),interaction,10,M00,2,49,49,[]
2,LFR(FS),,lfr_shift,LFR(FS),(M11 - M10) - (M01 - M00),interaction,10,M00,3,49,49,[]
2,LFR(FS),,lfr_shift,LFR(FS),(M11 - M10) - (M01 - M00),interaction,12,M11,1,49,49,[]
2,LFR(FS),,lfr_shift,LFR(FS),(M11 - M10) - (M01 - M00),interaction,12,M11,2,49,49,[]
2,LFR(FS),,lfr_shift,LFR(FS),(M11 - M10) - (M01 - M00),interaction,12,M11,3,49,49,[]
2,LFR(FS),,lfr_shift,LFR(FS),(M11 - M10) - (M01 - M00),interaction,12,M10,1,49,49,[]
2,LFR(FS),,lfr_shift,LFR(FS),(M11 - M10) - (M01 - M00),interaction,12,M10,2,49,49,[]
2,LFR(FS),,lfr_shift,LFR(FS),(M11 - M10) - (M01 - M00),interaction,12,M10,3,49,49,[]
2,LFR(FS),,lfr_shift,LFR(FS),(M11 - M10) - (M01 - M00),interaction,12,M01,1,49,49,[]
2,LFR(FS),,lfr_shift,LFR(FS),(M11 - M10) - (M01 - M00),interaction,12,M01,2,49,49,[]
2,LFR(FS),,lfr_shift,LFR(FS),(M11 - M10) - (M01 - M00),interaction,12,M01,3,49,49,[]
2,LFR(FS),,lfr_shift,LFR(FS),(M11 - M10) - (M01 - M00),interaction,12,M00,1,49,49,[]
2,LFR(FS),,lfr_shift,LFR(FS),(M11 - M10) - (M01 - M00),interaction,12,M00,2,49,49,[]
2,LFR(FS),,lfr_shift,LFR(FS),(M11 - M10) - (M01 - M00),interaction,12,M00,3,49,49,[]
2,LFR(FS),,lfr_shift,LFR(FS),(M11 - M10) - (M01 - M00),interaction,14,M11,1,49,49,[]
2,LFR(FS),,lfr_shift,LFR(FS),(M11 - M10) - (M01 - M00),interaction,14,M11,2,49,49,[]
2,LFR(FS),,lfr_shift,LFR(FS),(M11 - M10) - (M01 - M00),interaction,14,M11,3,49,49,[]
2,LFR(FS),,lfr_shift,LFR(FS),(M11 - M10) - (M01 - M00),interaction,14,M10,1,49,49,[]
2,LFR(FS),,lfr_shift,LFR(FS),(M11 - M10) - (M01 - M00),interaction,14,M10,2,49,49,[]
2,LFR(FS),,lfr_shift,LFR(FS),(M11 - M10) - (M01 - M00),interaction,14,M10,3,49,49,[]
2,LFR(FS),,lfr_shift,LFR(FS),(M11 - M10) - (M01 - M00),interaction,14,M01,1,49,49,[]
2,LFR(FS),,lfr_shift,LFR(FS),(M11 - M10) - (M01 - M00),interaction,14,M01,2,49,49,[]
2,LFR(FS),,lfr_shift,LFR(FS),(M11 - M10) - (M01 - M00),interaction,14,M01,3,49,49,[]
2,LFR(FS),,lfr_shift,LFR(FS),(M11 - M10) - (M01 - M00),interaction,14,M00,1,49,49,[]
2,LFR(FS),,lfr_shift,LFR(FS),(M11 - M10) - (M01 - M00),interaction,14,M00,2,49,49,[]
2,LFR(FS),,lfr_shift,LFR(FS),(M11 - M10) - (M01 - M00),interaction,14,M00,3,49,49,[]
2,LFR(FS),,lfr_shift,LFR(FS),A0,condition,2,A0,1,49,49,[]
2,LFR(FS),,lfr_shift,LFR(FS),A0,condition,2,A0,2,49,49,[]
2,LFR(FS),,lfr_shift,LFR(FS),A0,condition,2,A0,3,49,49,[]
2,LFR(FS),,lfr_shift,LFR(FS),A0,condition,4,A0,1,49,49,[]
2,LFR(FS),,lfr_shift,LFR(FS),A0,condition,4,A0,2,49,49,[]
2,LFR(FS),,lfr_shift,LFR(FS),A0,condition,4,A0,3,49,49,[]
2,LFR(FS),,lfr_shift,LFR(FS),A0,condition,6,A0,1,49,49,[]
2,LFR(FS),,lfr_shift,LFR(FS),A0,condition,6,A0,2,49,49,[]
2,LFR(FS),,lfr_shift,LFR(FS),A0,condition,6,A0,3,49,49,[]
2,LFR(FS),,lfr_shift,LFR(FS),A0,condition,8,A0,1,49,49,[]
2,LFR(FS),,lfr_shift,LFR(FS),A0,condition,8,A0,2,49,49,[]
2,LFR(FS),,lfr_shift,LFR(FS),A0,condition,8,A0,3,49,49,[]
2,LFR(FS),,lfr_shift,LFR(FS),A0,condition,10,A0,1,49,49,[]
2,LFR(FS),,lfr_shift,LFR(FS),A0,condition,10,A0,2,49,49,[]
2,LFR(FS),,lfr_shift,LFR(FS),A0,condition,10,A0,3,49,49,[]
2,LFR(FS),,lfr_shift,LFR(FS),A0,condition,12,A0,1,49,49,[]
2,LFR(FS),,lfr_shift,LFR(FS),A0,condition,12,A0,2,49,49,[]
2,LFR(FS),,lfr_shift,LFR(FS),A0,condition,12,A0,3,49,49,[]
2,LFR(FS),,lfr_shift,LFR(FS),A0,condition,14,A0,1,49,49,[]
2,LFR(FS),,lfr_shift,LFR(FS),A0,condition,14,A0,2,49,49,[]
2,LFR(FS),,lfr_shift,LFR(FS),A0,condition,14,A0,3,49,49,[]
2,LFR(FS),,lfr_shift,LFR(FS),B0,condition,2,B0,1,49,49,[]
2,LFR(FS),,lfr_shift,LFR(FS),B0,condition,2,B0,2,49,49,[]
2,LFR(FS),,lfr_shift,LFR(FS),B0,condition,2,B0,3,49,49,[]
2,LFR(FS),,lfr_shift,LFR(FS),B0,condition,4,B0,1,49,49,[]
2,LFR(FS),,lfr_shift,LFR(FS),B0,condition,4,B0,2,49,49,[]
2,LFR(FS),,lfr_shift,LFR(FS),B0,condition,4,B0,3,49,49,[]
2,LFR(FS),,lfr_shift,LFR(FS),B0,condition,6,B0,1,49,49,[]
2,LFR(FS),,lfr_shift,LFR(FS),B0,condition,6,B0,2,49,49,[]
2,LFR(FS),,lfr_shift,LFR(FS),B0,condition,6,B0,3,49,49,[]
2,LFR(FS),,lfr_shift,LFR(FS),B0,condition,8,B0,1,49,49,[]
2,LFR(FS),,lfr_shift,LFR(FS),B0,condition,8,B0,2,49,49,[]
2,LFR(FS),,lfr_shift,LFR(FS),B0,condition,8,B0,3,49,49,[]
2,LFR(FS),,lfr_shift,LFR(FS),B0,condition,10,B0,1,49,49,[]
2,LFR(FS),,lfr_shift,LFR(FS),B0,condition,10,B0,2,49,49,[]
2,LFR(FS),,lfr_shift,LFR(FS),B0,condition,10,B0,3,49,49,[]
2,LFR(FS),,lfr_shift,LFR(FS),B0,condition,12,B0,1,49,49,[]
2,LFR(FS),,lfr_shift,LFR(FS),B0,condition,12,B0,2,49,49,[]
2,LFR(FS),,lfr_shift,LFR(FS),B0,condition,12,B0,3,49,49,[]
2,LFR(FS),,lfr_shift,LFR(FS),B0,condition,14,B0,1,49,49,[]
2,LFR(FS),,lfr_shift,LFR(FS),B0,condition,14,B0,2,49,49,[]
2,LFR(FS),,lfr_shift,LFR(FS),B0,condition,14,B0,3,49,49,[]
2,LFR(FS),,lfr_shift,LFR(FS),B1,condition,2,B1,1,49,49,[]
2,LFR(FS),,lfr_shift,LFR(FS),B1,condition,2,B1,2,49,49,[]
2,LFR(FS),,lfr_shift,LFR(FS),B1,condition,2,B1,3,49,49,[]
2,LFR(FS),,lfr_shift,LFR(FS),B1,condition,4,B1,1,49,49,[]
2,LFR(FS),,lfr_shift,LFR(FS),B1,condition,4,B1,2,49,49,[]
2,LFR(FS),,lfr_shift,LFR(FS),B1,condition,4,B1,3,49,49,[]
2,LFR(FS),,lfr_shift,LFR(FS),B1,condition,6,B1,1,49,49,[]
2,LFR(FS),,lfr_shift,LFR(FS),B1,condition,6,B1,2,49,49,[]
2,LFR(FS),,lfr_shift,LFR(FS),B1,condition,6,B1,3,49,49,[]
2,LFR(FS),,lfr_shift,LFR(FS),B1,condition,8,B1,1,49,49,[]
2,LFR(FS),,lfr_shift,LFR(FS),B1,condition,8,B1,2,49,49,[]
2,LFR(FS),,lfr_shift,LFR(FS),B1,condition,8,B1,3,49,49,[]
2,LFR(FS),,lfr_shift,LFR(FS),B1,condition,10,B1,1,49,49,[]
2,LFR(FS),,lfr_shift,LFR(FS),B1,condition,10,B1,2,49,49,[]
2,LFR(FS),,lfr_shift,LFR(FS),B1,condition,10,B1,3,49,49,[]
2,LFR(FS),,lfr_shift,LFR(FS),B1,condition,12,B1,1,49,49,[]
2,LFR(FS),,lfr_shift,LFR(FS),B1,condition,12,B1,2,49,49,[]
2,LFR(FS),,lfr_shift,LFR(FS),B1,condition,12,B1,3,49,49,[]
2,LFR(FS),,lfr_shift,LFR(FS),B1,condition,14,B1,1,49,49,[]
2,LFR(FS),,lfr_shift,LFR(FS),B1,condition,14,B1,2,49,49,[]
2,LFR(FS),,lfr_shift,LFR(FS),B1,condition,14,B1,3,49,49,[]
2,LFR(FS),,lfr_shift,LFR(FS),M00,condition,2,M00,1,49,49,[]
2,LFR(FS),,lfr_shift,LFR(FS),M00,condition,2,M00,2,49,49,[]
2,LFR(FS),,lfr_shift,LFR(FS),M00,condition,2,M00,3,49,49,[]
2,LFR(FS),,lfr_shift,LFR(FS),M00,condition,4,M00,1,49,49,[]
2,LFR(FS),,lfr_shift,LFR(FS),M00,condition,4,M00,2,49,49,[]
2,LFR(FS),,lfr_shift,LFR(FS),M00,condition,4,M00,3,49,49,[]
2,LFR(FS),,lfr_shift,LFR(FS),M00,condition,6,M00,1,49,49,[]
2,LFR(FS),,lfr_shift,LFR(FS),M00,condition,6,M00,2,49,49,[]
2,LFR(FS),,lfr_shift,LFR(FS),M00,condition,6,M00,3,49,49,[]
2,LFR(FS),,lfr_shift,LFR(FS),M00,condition,8,M00,1,49,49,[]
2,LFR(FS),,lfr_shift,LFR(FS),M00,condition,8,M00,2,49,49,[]
2,LFR(FS),,lfr_shift,LFR(FS),M00,condition,8,M00,3,49,49,[]
2,LFR(FS),,lfr_shift,LFR(FS),M00,condition,10,M00,1,49,49,[]
2,LFR(FS),,lfr_shift,LFR(FS),M00,condition,10,M00,2,49,49,[]
2,LFR(FS),,lfr_shift,LFR(FS),M00,condition,10,M00,3,49,49,[]
2,LFR(FS),,lfr_shift,LFR(FS),M00,condition,12,M00,1,49,49,[]
2,LFR(FS),,lfr_shift,LFR(FS),M00,condition,12,M00,2,49,49,[]
2,LFR(FS),,lfr_shift,LFR(FS),M00,condition,12,M00,3,49,49,[]
2,LFR(FS),,lfr_shift,LFR(FS),M00,condition,14,M00,1,49,49,[]
2,LFR(FS),,lfr_shift,LFR(FS),M00,condition,14,M00,2,49,49,[]
2,LFR(FS),,lfr_shift,LFR(FS),M00,condition,14,M00,3,49,49,[]
2,LFR(FS),,lfr_shift,LFR(FS),M00 - A0,paired,2,M00,1,49,49,[]
2,LFR(FS),,lfr_shift,LFR(FS),M00 - A0,paired,2,M00,2,49,49,[]
2,LFR(FS),,lfr_shift,LFR(FS),M00 - A0,paired,2,M00,3,49,49,[]
2,LFR(FS),,lfr_shift,LFR(FS),M00 - A0,paired,2,A0,1,49,49,[]
2,LFR(FS),,lfr_shift,LFR(FS),M00 - A0,paired,2,A0,2,49,49,[]
2,LFR(FS),,lfr_shift,LFR(FS),M00 - A0,paired,2,A0,3,49,49,[]
2,LFR(FS),,lfr_shift,LFR(FS),M00 - A0,paired,4,M00,1,49,49,[]
2,LFR(FS),,lfr_shift,LFR(FS),M00 - A0,paired,4,M00,2,49,49,[]
2,LFR(FS),,lfr_shift,LFR(FS),M00 - A0,paired,4,M00,3,49,49,[]
2,LFR(FS),,lfr_shift,LFR(FS),M00 - A0,paired,4,A0,1,49,49,[]
2,LFR(FS),,lfr_shift,LFR(FS),M00 - A0,paired,4,A0,2,49,49,[]
2,LFR(FS),,lfr_shift,LFR(FS),M00 - A0,paired,4,A0,3,49,49,[]
2,LFR(FS),,lfr_shift,LFR(FS),M00 - A0,paired,6,M00,1,49,49,[]
2,LFR(FS),,lfr_shift,LFR(FS),M00 - A0,paired,6,M00,2,49,49,[]
2,LFR(FS),,lfr_shift,LFR(FS),M00 - A0,paired,6,M00,3,49,49,[]
2,LFR(FS),,lfr_shift,LFR(FS),M00 - A0,paired,6,A0,1,49,49,[]
2,LFR(FS),,lfr_shift,LFR(FS),M00 - A0,paired,6,A0,2,49,49,[]
2,LFR(FS),,lfr_shift,LFR(FS),M00 - A0,paired,6,A0,3,49,49,[]
2,LFR(FS),,lfr_shift,LFR(FS),M00 - A0,paired,8,M00,1,49,49,[]
2,LFR(FS),,lfr_shift,LFR(FS),M00 - A0,paired,8,M00,2,49,49,[]
2,LFR(FS),,lfr_shift,LFR(FS),M00 - A0,paired,8,M00,3,49,49,[]
2,LFR(FS),,lfr_shift,LFR(FS),M00 - A0,paired,8,A0,1,49,49,[]
2,LFR(FS),,lfr_shift,LFR(FS),M00 - A0,paired,8,A0,2,49,49,[]
2,LFR(FS),,lfr_shift,LFR(FS),M00 - A0,paired,8,A0,3,49,49,[]
2,LFR(FS),,lfr_shift,LFR(FS),M00 - A0,paired,10,M00,1,49,49,[]
2,LFR(FS),,lfr_shift,LFR(FS),M00 - A0,paired,10,M00,2,49,49,[]
2,LFR(FS),,lfr_shift,LFR(FS),M00 - A0,paired,10,M00,3,49,49,[]
2,LFR(FS),,lfr_shift,LFR(FS),M00 - A0,paired,10,A0,1,49,49,[]
2,LFR(FS),,lfr_shift,LFR(FS),M00 - A0,paired,10,A0,2,49,49,[]
2,LFR(FS),,lfr_shift,LFR(FS),M00 - A0,paired,10,A0,3,49,49,[]
2,LFR(FS),,lfr_shift,LFR(FS),M00 - A0,paired,12,M00,1,49,49,[]
2,LFR(FS),,lfr_shift,LFR(FS),M00 - A0,paired,12,M00,2,49,49,[]
2,LFR(FS),,lfr_shift,LFR(FS),M00 - A0,paired,12,M00,3,49,49,[]
2,LFR(FS),,lfr_shift,LFR(FS),M00 - A0,paired,12,A0,1,49,49,[]
2,LFR(FS),,lfr_shift,LFR(FS),M00 - A0,paired,12,A0,2,49,49,[]
2,LFR(FS),,lfr_shift,LFR(FS),M00 - A0,paired,12,A0,3,49,49,[]
2,LFR(FS),,lfr_shift,LFR(FS),M00 - A0,paired,14,M00,1,49,49,[]
2,LFR(FS),,lfr_shift,LFR(FS),M00 - A0,paired,14,M00,2,49,49,[]
2,LFR(FS),,lfr_shift,LFR(FS),M00 - A0,paired,14,M00,3,49,49,[]
2,LFR(FS),,lfr_shift,LFR(FS),M00 - A0,paired,14,A0,1,49,49,[]
2,LFR(FS),,lfr_shift,LFR(FS),M00 - A0,paired,14,A0,2,49,49,[]
2,LFR(FS),,lfr_shift,LFR(FS),M00 - A0,paired,14,A0,3,49,49,[]
2,LFR(FS),,lfr_shift,LFR(FS),M00 - B0,paired,2,M00,1,49,49,[]
2,LFR(FS),,lfr_shift,LFR(FS),M00 - B0,paired,2,M00,2,49,49,[]
2,LFR(FS),,lfr_shift,LFR(FS),M00 - B0,paired,2,M00,3,49,49,[]
2,LFR(FS),,lfr_shift,LFR(FS),M00 - B0,paired,2,B0,1,49,49,[]
2,LFR(FS),,lfr_shift,LFR(FS),M00 - B0,paired,2,B0,2,49,49,[]
2,LFR(FS),,lfr_shift,LFR(FS),M00 - B0,paired,2,B0,3,49,49,[]
2,LFR(FS),,lfr_shift,LFR(FS),M00 - B0,paired,4,M00,1,49,49,[]
2,LFR(FS),,lfr_shift,LFR(FS),M00 - B0,paired,4,M00,2,49,49,[]
2,LFR(FS),,lfr_shift,LFR(FS),M00 - B0,paired,4,M00,3,49,49,[]
2,LFR(FS),,lfr_shift,LFR(FS),M00 - B0,paired,4,B0,1,49,49,[]
2,LFR(FS),,lfr_shift,LFR(FS),M00 - B0,paired,4,B0,2,49,49,[]
2,LFR(FS),,lfr_shift,LFR(FS),M00 - B0,paired,4,B0,3,49,49,[]
2,LFR(FS),,lfr_shift,LFR(FS),M00 - B0,paired,6,M00,1,49,49,[]
2,LFR(FS),,lfr_shift,LFR(FS),M00 - B0,paired,6,M00,2,49,49,[]
2,LFR(FS),,lfr_shift,LFR(FS),M00 - B0,paired,6,M00,3,49,49,[]
2,LFR(FS),,lfr_shift,LFR(FS),M00 - B0,paired,6,B0,1,49,49,[]
2,LFR(FS),,lfr_shift,LFR(FS),M00 - B0,paired,6,B0,2,49,49,[]
2,LFR(FS),,lfr_shift,LFR(FS),M00 - B0,paired,6,B0,3,49,49,[]
2,LFR(FS),,lfr_shift,LFR(FS),M00 - B0,paired,8,M00,1,49,49,[]
2,LFR(FS),,lfr_shift,LFR(FS),M00 - B0,paired,8,M00,2,49,49,[]
2,LFR(FS),,lfr_shift,LFR(FS),M00 - B0,paired,8,M00,3,49,49,[]
2,LFR(FS),,lfr_shift,LFR(FS),M00 - B0,paired,8,B0,1,49,49,[]
2,LFR(FS),,lfr_shift,LFR(FS),M00 - B0,paired,8,B0,2,49,49,[]
2,LFR(FS),,lfr_shift,LFR(FS),M00 - B0,paired,8,B0,3,49,49,[]
2,LFR(FS),,lfr_shift,LFR(FS),M00 - B0,paired,10,M00,1,49,49,[]
2,LFR(FS),,lfr_shift,LFR(FS),M00 - B0,paired,10,M00,2,49,49,[]
2,LFR(FS),,lfr_shift,LFR(FS),M00 - B0,paired,10,M00,3,49,49,[]
2,LFR(FS),,lfr_shift,LFR(FS),M00 - B0,paired,10,B0,1,49,49,[]
2,LFR(FS),,lfr_shift,LFR(FS),M00 - B0,paired,10,B0,2,49,49,[]
2,LFR(FS),,lfr_shift,LFR(FS),M00 - B0,paired,10,B0,3,49,49,[]
2,LFR(FS),,lfr_shift,LFR(FS),M00 - B0,paired,12,M00,1,49,49,[]
2,LFR(FS),,lfr_shift,LFR(FS),M00 - B0,paired,12,M00,2,49,49,[]
2,LFR(FS),,lfr_shift,LFR(FS),M00 - B0,paired,12,M00,3,49,49,[]
2,LFR(FS),,lfr_shift,LFR(FS),M00 - B0,paired,12,B0,1,49,49,[]
2,LFR(FS),,lfr_shift,LFR(FS),M00 - B0,paired,12,B0,2,49,49,[]
2,LFR(FS),,lfr_shift,LFR(FS),M00 - B0,paired,12,B0,3,49,49,[]
2,LFR(FS),,lfr_shift,LFR(FS),M00 - B0,paired,14,M00,1,49,49,[]
2,LFR(FS),,lfr_shift,LFR(FS),M00 - B0,paired,14,M00,2,49,49,[]
2,LFR(FS),,lfr_shift,LFR(FS),M00 - B0,paired,14,M00,3,49,49,[]
2,LFR(FS),,lfr_shift,LFR(FS),M00 - B0,paired,14,B0,1,49,49,[]
2,LFR(FS),,lfr_shift,LFR(FS),M00 - B0,paired,14,B0,2,49,49,[]
2,LFR(FS),,lfr_shift,LFR(FS),M00 - B0,paired,14,B0,3,49,49,[]
2,LFR(FS),,lfr_shift,LFR(FS),M00 - B1,paired,2,M00,1,49,49,[]
2,LFR(FS),,lfr_shift,LFR(FS),M00 - B1,paired,2,M00,2,49,49,[]
2,LFR(FS),,lfr_shift,LFR(FS),M00 - B1,paired,2,M00,3,49,49,[]
2,LFR(FS),,lfr_shift,LFR(FS),M00 - B1,paired,2,B1,1,49,49,[]
2,LFR(FS),,lfr_shift,LFR(FS),M00 - B1,paired,2,B1,2,49,49,[]
2,LFR(FS),,lfr_shift,LFR(FS),M00 - B1,paired,2,B1,3,49,49,[]
2,LFR(FS),,lfr_shift,LFR(FS),M00 - B1,paired,4,M00,1,49,49,[]
2,LFR(FS),,lfr_shift,LFR(FS),M00 - B1,paired,4,M00,2,49,49,[]
2,LFR(FS),,lfr_shift,LFR(FS),M00 - B1,paired,4,M00,3,49,49,[]
2,LFR(FS),,lfr_shift,LFR(FS),M00 - B1,paired,4,B1,1,49,49,[]
2,LFR(FS),,lfr_shift,LFR(FS),M00 - B1,paired,4,B1,2,49,49,[]
2,LFR(FS),,lfr_shift,LFR(FS),M00 - B1,paired,4,B1,3,49,49,[]
2,LFR(FS),,lfr_shift,LFR(FS),M00 - B1,paired,6,M00,1,49,49,[]
2,LFR(FS),,lfr_shift,LFR(FS),M00 - B1,paired,6,M00,2,49,49,[]
2,LFR(FS),,lfr_shift,LFR(FS),M00 - B1,paired,6,M00,3,49,49,[]
2,LFR(FS),,lfr_shift,LFR(FS),M00 - B1,paired,6,B1,1,49,49,[]
2,LFR(FS),,lfr_shift,LFR(FS),M00 - B1,paired,6,B1,2,49,49,[]
2,LFR(FS),,lfr_shift,LFR(FS),M00 - B1,paired,6,B1,3,49,49,[]
2,LFR(FS),,lfr_shift,LFR(FS),M00 - B1,paired,8,M00,1,49,49,[]
2,LFR(FS),,lfr_shift,LFR(FS),M00 - B1,paired,8,M00,2,49,49,[]
2,LFR(FS),,lfr_shift,LFR(FS),M00 - B1,paired,8,M00,3,49,49,[]
2,LFR(FS),,lfr_shift,LFR(FS),M00 - B1,paired,8,B1,1,49,49,[]
2,LFR(FS),,lfr_shift,LFR(FS),M00 - B1,paired,8,B1,2,49,49,[]
2,LFR(FS),,lfr_shift,LFR(FS),M00 - B1,paired,8,B1,3,49,49,[]
2,LFR(FS),,lfr_shift,LFR(FS),M00 - B1,paired,10,M00,1,49,49,[]
2,LFR(FS),,lfr_shift,LFR(FS),M00 - B1,paired,10,M00,2,49,49,[]
2,LFR(FS),,lfr_shift,LFR(FS),M00 - B1,paired,10,M00,3,49,49,[]
2,LFR(FS),,lfr_shift,LFR(FS),M00 - B1,paired,10,B1,1,49,49,[]
2,LFR(FS),,lfr_shift,LFR(FS),M00 - B1,paired,10,B1,2,49,49,[]
2,LFR(FS),,lfr_shift,LFR(FS),M00 - B1,paired,10,B1,3,49,49,[]
2,LFR(FS),,lfr_shift,LFR(FS),M00 - B1,paired,12,M00,1,49,49,[]
2,LFR(FS),,lfr_shift,LFR(FS),M00 - B1,paired,12,M00,2,49,49,[]
2,LFR(FS),,lfr_shift,LFR(FS),M00 - B1,paired,12,M00,3,49,49,[]
2,LFR(FS),,lfr_shift,LFR(FS),M00 - B1,paired,12,B1,1,49,49,[]
2,LFR(FS),,lfr_shift,LFR(FS),M00 - B1,paired,12,B1,2,49,49,[]
2,LFR(FS),,lfr_shift,LFR(FS),M00 - B1,paired,12,B1,3,49,49,[]
2,LFR(FS),,lfr_shift,LFR(FS),M00 - B1,paired,14,M00,1,49,49,[]
2,LFR(FS),,lfr_shift,LFR(FS),M00 - B1,paired,14,M00,2,49,49,[]
2,LFR(FS),,lfr_shift,LFR(FS),M00 - B1,paired,14,M00,3,49,49,[]
2,LFR(FS),,lfr_shift,LFR(FS),M00 - B1,paired,14,B1,1,49,49,[]
2,LFR(FS),,lfr_shift,LFR(FS),M00 - B1,paired,14,B1,2,49,49,[]
2,LFR(FS),,lfr_shift,LFR(FS),M00 - B1,paired,14,B1,3,49,49,[]
2,LFR(FS),,lfr_shift,LFR(FS),M01,condition,2,M01,1,49,49,[]
2,LFR(FS),,lfr_shift,LFR(FS),M01,condition,2,M01,2,49,49,[]
2,LFR(FS),,lfr_shift,LFR(FS),M01,condition,2,M01,3,49,49,[]
2,LFR(FS),,lfr_shift,LFR(FS),M01,condition,4,M01,1,49,49,[]
2,LFR(FS),,lfr_shift,LFR(FS),M01,condition,4,M01,2,49,49,[]
2,LFR(FS),,lfr_shift,LFR(FS),M01,condition,4,M01,3,49,49,[]
2,LFR(FS),,lfr_shift,LFR(FS),M01,condition,6,M01,1,49,49,[]
2,LFR(FS),,lfr_shift,LFR(FS),M01,condition,6,M01,2,49,49,[]
2,LFR(FS),,lfr_shift,LFR(FS),M01,condition,6,M01,3,49,49,[]
2,LFR(FS),,lfr_shift,LFR(FS),M01,condition,8,M01,1,49,49,[]
2,LFR(FS),,lfr_shift,LFR(FS),M01,condition,8,M01,2,49,49,[]
2,LFR(FS),,lfr_shift,LFR(FS),M01,condition,8,M01,3,49,49,[]
2,LFR(FS),,lfr_shift,LFR(FS),M01,condition,10,M01,1,49,49,[]
2,LFR(FS),,lfr_shift,LFR(FS),M01,condition,10,M01,2,49,49,[]
2,LFR(FS),,lfr_shift,LFR(FS),M01,condition,10,M01,3,49,49,[]
2,LFR(FS),,lfr_shift,LFR(FS),M01,condition,12,M01,1,49,49,[]
2,LFR(FS),,lfr_shift,LFR(FS),M01,condition,12,M01,2,49,49,[]
2,LFR(FS),,lfr_shift,LFR(FS),M01,condition,12,M01,3,49,49,[]
2,LFR(FS),,lfr_shift,LFR(FS),M01,condition,14,M01,1,49,49,[]
2,LFR(FS),,lfr_shift,LFR(FS),M01,condition,14,M01,2,49,49,[]
2,LFR(FS),,lfr_shift,LFR(FS),M01,condition,14,M01,3,49,49,[]
2,LFR(FS),,lfr_shift,LFR(FS),M01 - M00,paired,2,M01,1,49,49,[]
2,LFR(FS),,lfr_shift,LFR(FS),M01 - M00,paired,2,M01,2,49,49,[]
2,LFR(FS),,lfr_shift,LFR(FS),M01 - M00,paired,2,M01,3,49,49,[]
2,LFR(FS),,lfr_shift,LFR(FS),M01 - M00,paired,2,M00,1,49,49,[]
2,LFR(FS),,lfr_shift,LFR(FS),M01 - M00,paired,2,M00,2,49,49,[]
2,LFR(FS),,lfr_shift,LFR(FS),M01 - M00,paired,2,M00,3,49,49,[]
2,LFR(FS),,lfr_shift,LFR(FS),M01 - M00,paired,4,M01,1,49,49,[]
2,LFR(FS),,lfr_shift,LFR(FS),M01 - M00,paired,4,M01,2,49,49,[]
2,LFR(FS),,lfr_shift,LFR(FS),M01 - M00,paired,4,M01,3,49,49,[]
2,LFR(FS),,lfr_shift,LFR(FS),M01 - M00,paired,4,M00,1,49,49,[]
2,LFR(FS),,lfr_shift,LFR(FS),M01 - M00,paired,4,M00,2,49,49,[]
2,LFR(FS),,lfr_shift,LFR(FS),M01 - M00,paired,4,M00,3,49,49,[]
2,LFR(FS),,lfr_shift,LFR(FS),M01 - M00,paired,6,M01,1,49,49,[]
2,LFR(FS),,lfr_shift,LFR(FS),M01 - M00,paired,6,M01,2,49,49,[]
2,LFR(FS),,lfr_shift,LFR(FS),M01 - M00,paired,6,M01,3,49,49,[]
2,LFR(FS),,lfr_shift,LFR(FS),M01 - M00,paired,6,M00,1,49,49,[]
2,LFR(FS),,lfr_shift,LFR(FS),M01 - M00,paired,6,M00,2,49,49,[]
2,LFR(FS),,lfr_shift,LFR(FS),M01 - M00,paired,6,M00,3,49,49,[]
2,LFR(FS),,lfr_shift,LFR(FS),M01 - M00,paired,8,M01,1,49,49,[]
2,LFR(FS),,lfr_shift,LFR(FS),M01 - M00,paired,8,M01,2,49,49,[]
2,LFR(FS),,lfr_shift,LFR(FS),M01 - M00,paired,8,M01,3,49,49,[]
2,LFR(FS),,lfr_shift,LFR(FS),M01 - M00,paired,8,M00,1,49,49,[]
2,LFR(FS),,lfr_shift,LFR(FS),M01 - M00,paired,8,M00,2,49,49,[]
2,LFR(FS),,lfr_shift,LFR(FS),M01 - M00,paired,8,M00,3,49,49,[]
2,LFR(FS),,lfr_shift,LFR(FS),M01 - M00,paired,10,M01,1,49,49,[]
2,LFR(FS),,lfr_shift,LFR(FS),M01 - M00,paired,10,M01,2,49,49,[]
2,LFR(FS),,lfr_shift,LFR(FS),M01 - M00,paired,10,M01,3,49,49,[]
2,LFR(FS),,lfr_shift,LFR(FS),M01 - M00,paired,10,M00,1,49,49,[]
2,LFR(FS),,lfr_shift,LFR(FS),M01 - M00,paired,10,M00,2,49,49,[]
2,LFR(FS),,lfr_shift,LFR(FS),M01 - M00,paired,10,M00,3,49,49,[]
2,LFR(FS),,lfr_shift,LFR(FS),M01 - M00,paired,12,M01,1,49,49,[]
2,LFR(FS),,lfr_shift,LFR(FS),M01 - M00,paired,12,M01,2,49,49,[]
2,LFR(FS),,lfr_shift,LFR(FS),M01 - M00,paired,12,M01,3,49,49,[]
2,LFR(FS),,lfr_shift,LFR(FS),M01 - M00,paired,12,M00,1,49,49,[]
2,LFR(FS),,lfr_shift,LFR(FS),M01 - M00,paired,12,M00,2,49,49,[]
2,LFR(FS),,lfr_shift,LFR(FS),M01 - M00,paired,12,M00,3,49,49,[]
2,LFR(FS),,lfr_shift,LFR(FS),M01 - M00,paired,14,M01,1,49,49,[]
2,LFR(FS),,lfr_shift,LFR(FS),M01 - M00,paired,14,M01,2,49,49,[]
2,LFR(FS),,lfr_shift,LFR(FS),M01 - M00,paired,14,M01,3,49,49,[]
2,LFR(FS),,lfr_shift,LFR(FS),M01 - M00,paired,14,M00,1,49,49,[]
2,LFR(FS),,lfr_shift,LFR(FS),M01 - M00,paired,14,M00,2,49,49,[]
2,LFR(FS),,lfr_shift,LFR(FS),M01 - M00,paired,14,M00,3,49,49,[]
2,LFR(FS),,lfr_shift,LFR(FS),M10,condition,2,M10,1,49,49,[]
2,LFR(FS),,lfr_shift,LFR(FS),M10,condition,2,M10,2,49,49,[]
2,LFR(FS),,lfr_shift,LFR(FS),M10,condition,2,M10,3,49,49,[]
2,LFR(FS),,lfr_shift,LFR(FS),M10,condition,4,M10,1,49,49,[]
2,LFR(FS),,lfr_shift,LFR(FS),M10,condition,4,M10,2,49,49,[]
2,LFR(FS),,lfr_shift,LFR(FS),M10,condition,4,M10,3,49,49,[]
2,LFR(FS),,lfr_shift,LFR(FS),M10,condition,6,M10,1,49,49,[]
2,LFR(FS),,lfr_shift,LFR(FS),M10,condition,6,M10,2,49,49,[]
2,LFR(FS),,lfr_shift,LFR(FS),M10,condition,6,M10,3,49,49,[]
2,LFR(FS),,lfr_shift,LFR(FS),M10,condition,8,M10,1,49,49,[]
2,LFR(FS),,lfr_shift,LFR(FS),M10,condition,8,M10,2,49,49,[]
2,LFR(FS),,lfr_shift,LFR(FS),M10,condition,8,M10,3,49,49,[]
2,LFR(FS),,lfr_shift,LFR(FS),M10,condition,10,M10,1,49,49,[]
2,LFR(FS),,lfr_shift,LFR(FS),M10,condition,10,M10,2,49,49,[]
2,LFR(FS),,lfr_shift,LFR(FS),M10,condition,10,M10,3,49,49,[]
2,LFR(FS),,lfr_shift,LFR(FS),M10,condition,12,M10,1,49,49,[]
2,LFR(FS),,lfr_shift,LFR(FS),M10,condition,12,M10,2,49,49,[]
2,LFR(FS),,lfr_shift,LFR(FS),M10,condition,12,M10,3,49,49,[]
2,LFR(FS),,lfr_shift,LFR(FS),M10,condition,14,M10,1,49,49,[]
2,LFR(FS),,lfr_shift,LFR(FS),M10,condition,14,M10,2,49,49,[]
2,LFR(FS),,lfr_shift,LFR(FS),M10,condition,14,M10,3,49,49,[]
2,LFR(FS),,lfr_shift,LFR(FS),M10 - M00,paired,2,M10,1,49,49,[]
2,LFR(FS),,lfr_shift,LFR(FS),M10 - M00,paired,2,M10,2,49,49,[]
2,LFR(FS),,lfr_shift,LFR(FS),M10 - M00,paired,2,M10,3,49,49,[]
2,LFR(FS),,lfr_shift,LFR(FS),M10 - M00,paired,2,M00,1,49,49,[]
2,LFR(FS),,lfr_shift,LFR(FS),M10 - M00,paired,2,M00,2,49,49,[]
2,LFR(FS),,lfr_shift,LFR(FS),M10 - M00,paired,2,M00,3,49,49,[]
2,LFR(FS),,lfr_shift,LFR(FS),M10 - M00,paired,4,M10,1,49,49,[]
2,LFR(FS),,lfr_shift,LFR(FS),M10 - M00,paired,4,M10,2,49,49,[]
2,LFR(FS),,lfr_shift,LFR(FS),M10 - M00,paired,4,M10,3,49,49,[]
2,LFR(FS),,lfr_shift,LFR(FS),M10 - M00,paired,4,M00,1,49,49,[]
2,LFR(FS),,lfr_shift,LFR(FS),M10 - M00,paired,4,M00,2,49,49,[]
2,LFR(FS),,lfr_shift,LFR(FS),M10 - M00,paired,4,M00,3,49,49,[]
2,LFR(FS),,lfr_shift,LFR(FS),M10 - M00,paired,6,M10,1,49,49,[]
2,LFR(FS),,lfr_shift,LFR(FS),M10 - M00,paired,6,M10,2,49,49,[]
2,LFR(FS),,lfr_shift,LFR(FS),M10 - M00,paired,6,M10,3,49,49,[]
2,LFR(FS),,lfr_shift,LFR(FS),M10 - M00,paired,6,M00,1,49,49,[]
2,LFR(FS),,lfr_shift,LFR(FS),M10 - M00,paired,6,M00,2,49,49,[]
2,LFR(FS),,lfr_shift,LFR(FS),M10 - M00,paired,6,M00,3,49,49,[]
2,LFR(FS),,lfr_shift,LFR(FS),M10 - M00,paired,8,M10,1,49,49,[]
2,LFR(FS),,lfr_shift,LFR(FS),M10 - M00,paired,8,M10,2,49,49,[]
2,LFR(FS),,lfr_shift,LFR(FS),M10 - M00,paired,8,M10,3,49,49,[]
2,LFR(FS),,lfr_shift,LFR(FS),M10 - M00,paired,8,M00,1,49,49,[]
2,LFR(FS),,lfr_shift,LFR(FS),M10 - M00,paired,8,M00,2,49,49,[]
2,LFR(FS),,lfr_shift,LFR(FS),M10 - M00,paired,8,M00,3,49,49,[]
2,LFR(FS),,lfr_shift,LFR(FS),M10 - M00,paired,10,M10,1,49,49,[]
2,LFR(FS),,lfr_shift,LFR(FS),M10 - M00,paired,10,M10,2,49,49,[]
2,LFR(FS),,lfr_shift,LFR(FS),M10 - M00,paired,10,M10,3,49,49,[]
2,LFR(FS),,lfr_shift,LFR(FS),M10 - M00,paired,10,M00,1,49,49,[]
2,LFR(FS),,lfr_shift,LFR(FS),M10 - M00,paired,10,M00,2,49,49,[]
2,LFR(FS),,lfr_shift,LFR(FS),M10 - M00,paired,10,M00,3,49,49,[]
2,LFR(FS),,lfr_shift,LFR(FS),M10 - M00,paired,12,M10,1,49,49,[]
2,LFR(FS),,lfr_shift,LFR(FS),M10 - M00,paired,12,M10,2,49,49,[]
2,LFR(FS),,lfr_shift,LFR(FS),M10 - M00,paired,12,M10,3,49,49,[]
2,LFR(FS),,lfr_shift,LFR(FS),M10 - M00,paired,12,M00,1,49,49,[]
2,LFR(FS),,lfr_shift,LFR(FS),M10 - M00,paired,12,M00,2,49,49,[]
2,LFR(FS),,lfr_shift,LFR(FS),M10 - M00,paired,12,M00,3,49,49,[]
2,LFR(FS),,lfr_shift,LFR(FS),M10 - M00,paired,14,M10,1,49,49,[]
2,LFR(FS),,lfr_shift,LFR(FS),M10 - M00,paired,14,M10,2,49,49,[]
2,LFR(FS),,lfr_shift,LFR(FS),M10 - M00,paired,14,M10,3,49,49,[]
2,LFR(FS),,lfr_shift,LFR(FS),M10 - M00,paired,14,M00,1,49,49,[]
2,LFR(FS),,lfr_shift,LFR(FS),M10 - M00,paired,14,M00,2,49,49,[]
2,LFR(FS),,lfr_shift,LFR(FS),M10 - M00,paired,14,M00,3,49,49,[]
2,LFR(FS),,lfr_shift,LFR(FS),M11,condition,2,M11,1,49,49,[]
2,LFR(FS),,lfr_shift,LFR(FS),M11,condition,2,M11,2,49,49,[]
2,LFR(FS),,lfr_shift,LFR(FS),M11,condition,2,M11,3,49,49,[]
2,LFR(FS),,lfr_shift,LFR(FS),M11,condition,4,M11,1,49,49,[]
2,LFR(FS),,lfr_shift,LFR(FS),M11,condition,4,M11,2,49,49,[]
2,LFR(FS),,lfr_shift,LFR(FS),M11,condition,4,M11,3,49,49,[]
2,LFR(FS),,lfr_shift,LFR(FS),M11,condition,6,M11,1,49,49,[]
2,LFR(FS),,lfr_shift,LFR(FS),M11,condition,6,M11,2,49,49,[]
2,LFR(FS),,lfr_shift,LFR(FS),M11,condition,6,M11,3,49,49,[]
2,LFR(FS),,lfr_shift,LFR(FS),M11,condition,8,M11,1,49,49,[]
2,LFR(FS),,lfr_shift,LFR(FS),M11,condition,8,M11,2,49,49,[]
2,LFR(FS),,lfr_shift,LFR(FS),M11,condition,8,M11,3,49,49,[]
2,LFR(FS),,lfr_shift,LFR(FS),M11,condition,10,M11,1,49,49,[]
2,LFR(FS),,lfr_shift,LFR(FS),M11,condition,10,M11,2,49,49,[]
2,LFR(FS),,lfr_shift,LFR(FS),M11,condition,10,M11,3,49,49,[]
2,LFR(FS),,lfr_shift,LFR(FS),M11,condition,12,M11,1,49,49,[]
2,LFR(FS),,lfr_shift,LFR(FS),M11,condition,12,M11,2,49,49,[]
2,LFR(FS),,lfr_shift,LFR(FS),M11,condition,12,M11,3,49,49,[]
2,LFR(FS),,lfr_shift,LFR(FS),M11,condition,14,M11,1,49,49,[]
2,LFR(FS),,lfr_shift,LFR(FS),M11,condition,14,M11,2,49,49,[]
2,LFR(FS),,lfr_shift,LFR(FS),M11,condition,14,M11,3,49,49,[]
2,LFR(FS),,lfr_shift,LFR(FS),M11 - B0,paired,2,M11,1,49,49,[]
2,LFR(FS),,lfr_shift,LFR(FS),M11 - B0,paired,2,M11,2,49,49,[]
2,LFR(FS),,lfr_shift,LFR(FS),M11 - B0,paired,2,M11,3,49,49,[]
2,LFR(FS),,lfr_shift,LFR(FS),M11 - B0,paired,2,B0,1,49,49,[]
2,LFR(FS),,lfr_shift,LFR(FS),M11 - B0,paired,2,B0,2,49,49,[]
2,LFR(FS),,lfr_shift,LFR(FS),M11 - B0,paired,2,B0,3,49,49,[]
2,LFR(FS),,lfr_shift,LFR(FS),M11 - B0,paired,4,M11,1,49,49,[]
2,LFR(FS),,lfr_shift,LFR(FS),M11 - B0,paired,4,M11,2,49,49,[]
2,LFR(FS),,lfr_shift,LFR(FS),M11 - B0,paired,4,M11,3,49,49,[]
2,LFR(FS),,lfr_shift,LFR(FS),M11 - B0,paired,4,B0,1,49,49,[]
2,LFR(FS),,lfr_shift,LFR(FS),M11 - B0,paired,4,B0,2,49,49,[]
2,LFR(FS),,lfr_shift,LFR(FS),M11 - B0,paired,4,B0,3,49,49,[]
2,LFR(FS),,lfr_shift,LFR(FS),M11 - B0,paired,6,M11,1,49,49,[]
2,LFR(FS),,lfr_shift,LFR(FS),M11 - B0,paired,6,M11,2,49,49,[]
2,LFR(FS),,lfr_shift,LFR(FS),M11 - B0,paired,6,M11,3,49,49,[]
2,LFR(FS),,lfr_shift,LFR(FS),M11 - B0,paired,6,B0,1,49,49,[]
2,LFR(FS),,lfr_shift,LFR(FS),M11 - B0,paired,6,B0,2,49,49,[]
2,LFR(FS),,lfr_shift,LFR(FS),M11 - B0,paired,6,B0,3,49,49,[]
2,LFR(FS),,lfr_shift,LFR(FS),M11 - B0,paired,8,M11,1,49,49,[]
2,LFR(FS),,lfr_shift,LFR(FS),M11 - B0,paired,8,M11,2,49,49,[]
2,LFR(FS),,lfr_shift,LFR(FS),M11 - B0,paired,8,M11,3,49,49,[]
2,LFR(FS),,lfr_shift,LFR(FS),M11 - B0,paired,8,B0,1,49,49,[]
2,LFR(FS),,lfr_shift,LFR(FS),M11 - B0,paired,8,B0,2,49,49,[]
2,LFR(FS),,lfr_shift,LFR(FS),M11 - B0,paired,8,B0,3,49,49,[]
2,LFR(FS),,lfr_shift,LFR(FS),M11 - B0,paired,10,M11,1,49,49,[]
2,LFR(FS),,lfr_shift,LFR(FS),M11 - B0,paired,10,M11,2,49,49,[]
2,LFR(FS),,lfr_shift,LFR(FS),M11 - B0,paired,10,M11,3,49,49,[]
2,LFR(FS),,lfr_shift,LFR(FS),M11 - B0,paired,10,B0,1,49,49,[]
2,LFR(FS),,lfr_shift,LFR(FS),M11 - B0,paired,10,B0,2,49,49,[]
2,LFR(FS),,lfr_shift,LFR(FS),M11 - B0,paired,10,B0,3,49,49,[]
2,LFR(FS),,lfr_shift,LFR(FS),M11 - B0,paired,12,M11,1,49,49,[]
2,LFR(FS),,lfr_shift,LFR(FS),M11 - B0,paired,12,M11,2,49,49,[]
2,LFR(FS),,lfr_shift,LFR(FS),M11 - B0,paired,12,M11,3,49,49,[]
2,LFR(FS),,lfr_shift,LFR(FS),M11 - B0,paired,12,B0,1,49,49,[]
2,LFR(FS),,lfr_shift,LFR(FS),M11 - B0,paired,12,B0,2,49,49,[]
2,LFR(FS),,lfr_shift,LFR(FS),M11 - B0,paired,12,B0,3,49,49,[]
2,LFR(FS),,lfr_shift,LFR(FS),M11 - B0,paired,14,M11,1,49,49,[]
2,LFR(FS),,lfr_shift,LFR(FS),M11 - B0,paired,14,M11,2,49,49,[]
2,LFR(FS),,lfr_shift,LFR(FS),M11 - B0,paired,14,M11,3,49,49,[]
2,LFR(FS),,lfr_shift,LFR(FS),M11 - B0,paired,14,B0,1,49,49,[]
2,LFR(FS),,lfr_shift,LFR(FS),M11 - B0,paired,14,B0,2,49,49,[]
2,LFR(FS),,lfr_shift,LFR(FS),M11 - B0,paired,14,B0,3,49,49,[]
2,LFR(FS),,lfr_shift,LFR(FS),M11 - B1,paired,2,M11,1,49,49,[]
2,LFR(FS),,lfr_shift,LFR(FS),M11 - B1,paired,2,M11,2,49,49,[]
2,LFR(FS),,lfr_shift,LFR(FS),M11 - B1,paired,2,M11,3,49,49,[]
2,LFR(FS),,lfr_shift,LFR(FS),M11 - B1,paired,2,B1,1,49,49,[]
2,LFR(FS),,lfr_shift,LFR(FS),M11 - B1,paired,2,B1,2,49,49,[]
2,LFR(FS),,lfr_shift,LFR(FS),M11 - B1,paired,2,B1,3,49,49,[]
2,LFR(FS),,lfr_shift,LFR(FS),M11 - B1,paired,4,M11,1,49,49,[]
2,LFR(FS),,lfr_shift,LFR(FS),M11 - B1,paired,4,M11,2,49,49,[]
2,LFR(FS),,lfr_shift,LFR(FS),M11 - B1,paired,4,M11,3,49,49,[]
2,LFR(FS),,lfr_shift,LFR(FS),M11 - B1,paired,4,B1,1,49,49,[]
2,LFR(FS),,lfr_shift,LFR(FS),M11 - B1,paired,4,B1,2,49,49,[]
2,LFR(FS),,lfr_shift,LFR(FS),M11 - B1,paired,4,B1,3,49,49,[]
2,LFR(FS),,lfr_shift,LFR(FS),M11 - B1,paired,6,M11,1,49,49,[]
2,LFR(FS),,lfr_shift,LFR(FS),M11 - B1,paired,6,M11,2,49,49,[]
2,LFR(FS),,lfr_shift,LFR(FS),M11 - B1,paired,6,M11,3,49,49,[]
2,LFR(FS),,lfr_shift,LFR(FS),M11 - B1,paired,6,B1,1,49,49,[]
2,LFR(FS),,lfr_shift,LFR(FS),M11 - B1,paired,6,B1,2,49,49,[]
2,LFR(FS),,lfr_shift,LFR(FS),M11 - B1,paired,6,B1,3,49,49,[]
2,LFR(FS),,lfr_shift,LFR(FS),M11 - B1,paired,8,M11,1,49,49,[]
2,LFR(FS),,lfr_shift,LFR(FS),M11 - B1,paired,8,M11,2,49,49,[]
2,LFR(FS),,lfr_shift,LFR(FS),M11 - B1,paired,8,M11,3,49,49,[]
2,LFR(FS),,lfr_shift,LFR(FS),M11 - B1,paired,8,B1,1,49,49,[]
2,LFR(FS),,lfr_shift,LFR(FS),M11 - B1,paired,8,B1,2,49,49,[]
2,LFR(FS),,lfr_shift,LFR(FS),M11 - B1,paired,8,B1,3,49,49,[]
2,LFR(FS),,lfr_shift,LFR(FS),M11 - B1,paired,10,M11,1,49,49,[]
2,LFR(FS),,lfr_shift,LFR(FS),M11 - B1,paired,10,M11,2,49,49,[]
2,LFR(FS),,lfr_shift,LFR(FS),M11 - B1,paired,10,M11,3,49,49,[]
2,LFR(FS),,lfr_shift,LFR(FS),M11 - B1,paired,10,B1,1,49,49,[]
2,LFR(FS),,lfr_shift,LFR(FS),M11 - B1,paired,10,B1,2,49,49,[]
2,LFR(FS),,lfr_shift,LFR(FS),M11 - B1,paired,10,B1,3,49,49,[]
2,LFR(FS),,lfr_shift,LFR(FS),M11 - B1,paired,12,M11,1,49,49,[]
2,LFR(FS),,lfr_shift,LFR(FS),M11 - B1,paired,12,M11,2,49,49,[]
2,LFR(FS),,lfr_shift,LFR(FS),M11 - B1,paired,12,M11,3,49,49,[]
2,LFR(FS),,lfr_shift,LFR(FS),M11 - B1,paired,12,B1,1,49,49,[]
2,LFR(FS),,lfr_shift,LFR(FS),M11 - B1,paired,12,B1,2,49,49,[]
2,LFR(FS),,lfr_shift,LFR(FS),M11 - B1,paired,12,B1,3,49,49,[]
2,LFR(FS),,lfr_shift,LFR(FS),M11 - B1,paired,14,M11,1,49,49,[]
2,LFR(FS),,lfr_shift,LFR(FS),M11 - B1,paired,14,M11,2,49,49,[]
2,LFR(FS),,lfr_shift,LFR(FS),M11 - B1,paired,14,M11,3,49,49,[]
2,LFR(FS),,lfr_shift,LFR(FS),M11 - B1,paired,14,B1,1,49,49,[]
2,LFR(FS),,lfr_shift,LFR(FS),M11 - B1,paired,14,B1,2,49,49,[]
2,LFR(FS),,lfr_shift,LFR(FS),M11 - B1,paired,14,B1,3,49,49,[]
2,LFR(FS),,lfr_shift,LFR(FS),M11 - M00,paired,2,M11,1,49,49,[]
2,LFR(FS),,lfr_shift,LFR(FS),M11 - M00,paired,2,M11,2,49,49,[]
2,LFR(FS),,lfr_shift,LFR(FS),M11 - M00,paired,2,M11,3,49,49,[]
2,LFR(FS),,lfr_shift,LFR(FS),M11 - M00,paired,2,M00,1,49,49,[]
2,LFR(FS),,lfr_shift,LFR(FS),M11 - M00,paired,2,M00,2,49,49,[]
2,LFR(FS),,lfr_shift,LFR(FS),M11 - M00,paired,2,M00,3,49,49,[]
2,LFR(FS),,lfr_shift,LFR(FS),M11 - M00,paired,4,M11,1,49,49,[]
2,LFR(FS),,lfr_shift,LFR(FS),M11 - M00,paired,4,M11,2,49,49,[]
2,LFR(FS),,lfr_shift,LFR(FS),M11 - M00,paired,4,M11,3,49,49,[]
2,LFR(FS),,lfr_shift,LFR(FS),M11 - M00,paired,4,M00,1,49,49,[]
2,LFR(FS),,lfr_shift,LFR(FS),M11 - M00,paired,4,M00,2,49,49,[]
2,LFR(FS),,lfr_shift,LFR(FS),M11 - M00,paired,4,M00,3,49,49,[]
2,LFR(FS),,lfr_shift,LFR(FS),M11 - M00,paired,6,M11,1,49,49,[]
2,LFR(FS),,lfr_shift,LFR(FS),M11 - M00,paired,6,M11,2,49,49,[]
2,LFR(FS),,lfr_shift,LFR(FS),M11 - M00,paired,6,M11,3,49,49,[]
2,LFR(FS),,lfr_shift,LFR(FS),M11 - M00,paired,6,M00,1,49,49,[]
2,LFR(FS),,lfr_shift,LFR(FS),M11 - M00,paired,6,M00,2,49,49,[]
2,LFR(FS),,lfr_shift,LFR(FS),M11 - M00,paired,6,M00,3,49,49,[]
2,LFR(FS),,lfr_shift,LFR(FS),M11 - M00,paired,8,M11,1,49,49,[]
2,LFR(FS),,lfr_shift,LFR(FS),M11 - M00,paired,8,M11,2,49,49,[]
2,LFR(FS),,lfr_shift,LFR(FS),M11 - M00,paired,8,M11,3,49,49,[]
2,LFR(FS),,lfr_shift,LFR(FS),M11 - M00,paired,8,M00,1,49,49,[]
2,LFR(FS),,lfr_shift,LFR(FS),M11 - M00,paired,8,M00,2,49,49,[]
2,LFR(FS),,lfr_shift,LFR(FS),M11 - M00,paired,8,M00,3,49,49,[]
2,LFR(FS),,lfr_shift,LFR(FS),M11 - M00,paired,10,M11,1,49,49,[]
2,LFR(FS),,lfr_shift,LFR(FS),M11 - M00,paired,10,M11,2,49,49,[]
2,LFR(FS),,lfr_shift,LFR(FS),M11 - M00,paired,10,M11,3,49,49,[]
2,LFR(FS),,lfr_shift,LFR(FS),M11 - M00,paired,10,M00,1,49,49,[]
2,LFR(FS),,lfr_shift,LFR(FS),M11 - M00,paired,10,M00,2,49,49,[]
2,LFR(FS),,lfr_shift,LFR(FS),M11 - M00,paired,10,M00,3,49,49,[]
2,LFR(FS),,lfr_shift,LFR(FS),M11 - M00,paired,12,M11,1,49,49,[]
2,LFR(FS),,lfr_shift,LFR(FS),M11 - M00,paired,12,M11,2,49,49,[]
2,LFR(FS),,lfr_shift,LFR(FS),M11 - M00,paired,12,M11,3,49,49,[]
2,LFR(FS),,lfr_shift,LFR(FS),M11 - M00,paired,12,M00,1,49,49,[]
2,LFR(FS),,lfr_shift,LFR(FS),M11 - M00,paired,12,M00,2,49,49,[]
2,LFR(FS),,lfr_shift,LFR(FS),M11 - M00,paired,12,M00,3,49,49,[]
2,LFR(FS),,lfr_shift,LFR(FS),M11 - M00,paired,14,M11,1,49,49,[]
2,LFR(FS),,lfr_shift,LFR(FS),M11 - M00,paired,14,M11,2,49,49,[]
2,LFR(FS),,lfr_shift,LFR(FS),M11 - M00,paired,14,M11,3,49,49,[]
2,LFR(FS),,lfr_shift,LFR(FS),M11 - M00,paired,14,M00,1,49,49,[]
2,LFR(FS),,lfr_shift,LFR(FS),M11 - M00,paired,14,M00,2,49,49,[]
2,LFR(FS),,lfr_shift,LFR(FS),M11 - M00,paired,14,M00,3,49,49,[]
2,LFR(FS),,lfr_shift,LFR(FS),M11 - M01,paired,2,M11,1,49,49,[]
2,LFR(FS),,lfr_shift,LFR(FS),M11 - M01,paired,2,M11,2,49,49,[]
2,LFR(FS),,lfr_shift,LFR(FS),M11 - M01,paired,2,M11,3,49,49,[]
2,LFR(FS),,lfr_shift,LFR(FS),M11 - M01,paired,2,M01,1,49,49,[]
2,LFR(FS),,lfr_shift,LFR(FS),M11 - M01,paired,2,M01,2,49,49,[]
2,LFR(FS),,lfr_shift,LFR(FS),M11 - M01,paired,2,M01,3,49,49,[]
2,LFR(FS),,lfr_shift,LFR(FS),M11 - M01,paired,4,M11,1,49,49,[]
2,LFR(FS),,lfr_shift,LFR(FS),M11 - M01,paired,4,M11,2,49,49,[]
2,LFR(FS),,lfr_shift,LFR(FS),M11 - M01,paired,4,M11,3,49,49,[]
2,LFR(FS),,lfr_shift,LFR(FS),M11 - M01,paired,4,M01,1,49,49,[]
2,LFR(FS),,lfr_shift,LFR(FS),M11 - M01,paired,4,M01,2,49,49,[]
2,LFR(FS),,lfr_shift,LFR(FS),M11 - M01,paired,4,M01,3,49,49,[]
2,LFR(FS),,lfr_shift,LFR(FS),M11 - M01,paired,6,M11,1,49,49,[]
2,LFR(FS),,lfr_shift,LFR(FS),M11 - M01,paired,6,M11,2,49,49,[]
2,LFR(FS),,lfr_shift,LFR(FS),M11 - M01,paired,6,M11,3,49,49,[]
2,LFR(FS),,lfr_shift,LFR(FS),M11 - M01,paired,6,M01,1,49,49,[]
2,LFR(FS),,lfr_shift,LFR(FS),M11 - M01,paired,6,M01,2,49,49,[]
2,LFR(FS),,lfr_shift,LFR(FS),M11 - M01,paired,6,M01,3,49,49,[]
2,LFR(FS),,lfr_shift,LFR(FS),M11 - M01,paired,8,M11,1,49,49,[]
2,LFR(FS),,lfr_shift,LFR(FS),M11 - M01,paired,8,M11,2,49,49,[]
2,LFR(FS),,lfr_shift,LFR(FS),M11 - M01,paired,8,M11,3,49,49,[]
2,LFR(FS),,lfr_shift,LFR(FS),M11 - M01,paired,8,M01,1,49,49,[]
2,LFR(FS),,lfr_shift,LFR(FS),M11 - M01,paired,8,M01,2,49,49,[]
2,LFR(FS),,lfr_shift,LFR(FS),M11 - M01,paired,8,M01,3,49,49,[]
2,LFR(FS),,lfr_shift,LFR(FS),M11 - M01,paired,10,M11,1,49,49,[]
2,LFR(FS),,lfr_shift,LFR(FS),M11 - M01,paired,10,M11,2,49,49,[]
2,LFR(FS),,lfr_shift,LFR(FS),M11 - M01,paired,10,M11,3,49,49,[]
2,LFR(FS),,lfr_shift,LFR(FS),M11 - M01,paired,10,M01,1,49,49,[]
2,LFR(FS),,lfr_shift,LFR(FS),M11 - M01,paired,10,M01,2,49,49,[]
2,LFR(FS),,lfr_shift,LFR(FS),M11 - M01,paired,10,M01,3,49,49,[]
2,LFR(FS),,lfr_shift,LFR(FS),M11 - M01,paired,12,M11,1,49,49,[]
2,LFR(FS),,lfr_shift,LFR(FS),M11 - M01,paired,12,M11,2,49,49,[]
2,LFR(FS),,lfr_shift,LFR(FS),M11 - M01,paired,12,M11,3,49,49,[]
2,LFR(FS),,lfr_shift,LFR(FS),M11 - M01,paired,12,M01,1,49,49,[]
2,LFR(FS),,lfr_shift,LFR(FS),M11 - M01,paired,12,M01,2,49,49,[]
2,LFR(FS),,lfr_shift,LFR(FS),M11 - M01,paired,12,M01,3,49,49,[]
2,LFR(FS),,lfr_shift,LFR(FS),M11 - M01,paired,14,M11,1,49,49,[]
2,LFR(FS),,lfr_shift,LFR(FS),M11 - M01,paired,14,M11,2,49,49,[]
2,LFR(FS),,lfr_shift,LFR(FS),M11 - M01,paired,14,M11,3,49,49,[]
2,LFR(FS),,lfr_shift,LFR(FS),M11 - M01,paired,14,M01,1,49,49,[]
2,LFR(FS),,lfr_shift,LFR(FS),M11 - M01,paired,14,M01,2,49,49,[]
2,LFR(FS),,lfr_shift,LFR(FS),M11 - M01,paired,14,M01,3,49,49,[]
2,LFR(FS),,lfr_shift,LFR(FS),M11 - M10,paired,2,M11,1,49,49,[]
2,LFR(FS),,lfr_shift,LFR(FS),M11 - M10,paired,2,M11,2,49,49,[]
2,LFR(FS),,lfr_shift,LFR(FS),M11 - M10,paired,2,M11,3,49,49,[]
2,LFR(FS),,lfr_shift,LFR(FS),M11 - M10,paired,2,M10,1,49,49,[]
2,LFR(FS),,lfr_shift,LFR(FS),M11 - M10,paired,2,M10,2,49,49,[]
2,LFR(FS),,lfr_shift,LFR(FS),M11 - M10,paired,2,M10,3,49,49,[]
2,LFR(FS),,lfr_shift,LFR(FS),M11 - M10,paired,4,M11,1,49,49,[]
2,LFR(FS),,lfr_shift,LFR(FS),M11 - M10,paired,4,M11,2,49,49,[]
2,LFR(FS),,lfr_shift,LFR(FS),M11 - M10,paired,4,M11,3,49,49,[]
2,LFR(FS),,lfr_shift,LFR(FS),M11 - M10,paired,4,M10,1,49,49,[]
2,LFR(FS),,lfr_shift,LFR(FS),M11 - M10,paired,4,M10,2,49,49,[]
2,LFR(FS),,lfr_shift,LFR(FS),M11 - M10,paired,4,M10,3,49,49,[]
2,LFR(FS),,lfr_shift,LFR(FS),M11 - M10,paired,6,M11,1,49,49,[]
2,LFR(FS),,lfr_shift,LFR(FS),M11 - M10,paired,6,M11,2,49,49,[]
2,LFR(FS),,lfr_shift,LFR(FS),M11 - M10,paired,6,M11,3,49,49,[]
2,LFR(FS),,lfr_shift,LFR(FS),M11 - M10,paired,6,M10,1,49,49,[]
2,LFR(FS),,lfr_shift,LFR(FS),M11 - M10,paired,6,M10,2,49,49,[]
2,LFR(FS),,lfr_shift,LFR(FS),M11 - M10,paired,6,M10,3,49,49,[]
2,LFR(FS),,lfr_shift,LFR(FS),M11 - M10,paired,8,M11,1,49,49,[]
2,LFR(FS),,lfr_shift,LFR(FS),M11 - M10,paired,8,M11,2,49,49,[]
2,LFR(FS),,lfr_shift,LFR(FS),M11 - M10,paired,8,M11,3,49,49,[]
2,LFR(FS),,lfr_shift,LFR(FS),M11 - M10,paired,8,M10,1,49,49,[]
2,LFR(FS),,lfr_shift,LFR(FS),M11 - M10,paired,8,M10,2,49,49,[]
2,LFR(FS),,lfr_shift,LFR(FS),M11 - M10,paired,8,M10,3,49,49,[]
2,LFR(FS),,lfr_shift,LFR(FS),M11 - M10,paired,10,M11,1,49,49,[]
2,LFR(FS),,lfr_shift,LFR(FS),M11 - M10,paired,10,M11,2,49,49,[]
2,LFR(FS),,lfr_shift,LFR(FS),M11 - M10,paired,10,M11,3,49,49,[]
2,LFR(FS),,lfr_shift,LFR(FS),M11 - M10,paired,10,M10,1,49,49,[]
2,LFR(FS),,lfr_shift,LFR(FS),M11 - M10,paired,10,M10,2,49,49,[]
2,LFR(FS),,lfr_shift,LFR(FS),M11 - M10,paired,10,M10,3,49,49,[]
2,LFR(FS),,lfr_shift,LFR(FS),M11 - M10,paired,12,M11,1,49,49,[]
2,LFR(FS),,lfr_shift,LFR(FS),M11 - M10,paired,12,M11,2,49,49,[]
2,LFR(FS),,lfr_shift,LFR(FS),M11 - M10,paired,12,M11,3,49,49,[]
2,LFR(FS),,lfr_shift,LFR(FS),M11 - M10,paired,12,M10,1,49,49,[]
2,LFR(FS),,lfr_shift,LFR(FS),M11 - M10,paired,12,M10,2,49,49,[]
2,LFR(FS),,lfr_shift,LFR(FS),M11 - M10,paired,12,M10,3,49,49,[]
2,LFR(FS),,lfr_shift,LFR(FS),M11 - M10,paired,14,M11,1,49,49,[]
2,LFR(FS),,lfr_shift,LFR(FS),M11 - M10,paired,14,M11,2,49,49,[]
2,LFR(FS),,lfr_shift,LFR(FS),M11 - M10,paired,14,M11,3,49,49,[]
2,LFR(FS),,lfr_shift,LFR(FS),M11 - M10,paired,14,M10,1,49,49,[]
2,LFR(FS),,lfr_shift,LFR(FS),M11 - M10,paired,14,M10,2,49,49,[]
2,LFR(FS),,lfr_shift,LFR(FS),M11 - M10,paired,14,M10,3,49,49,[]
4,Cosine-Silhouette,,silhouette,Cosine-Silhouette,A0,condition,2,A0,1,49,49,[]
4,Cosine-Silhouette,,silhouette,Cosine-Silhouette,A0,condition,2,A0,2,49,49,[]
4,Cosine-Silhouette,,silhouette,Cosine-Silhouette,A0,condition,2,A0,3,49,49,[]
4,Cosine-Silhouette,,silhouette,Cosine-Silhouette,A0,condition,4,A0,1,49,49,[]
4,Cosine-Silhouette,,silhouette,Cosine-Silhouette,A0,condition,4,A0,2,49,49,[]
4,Cosine-Silhouette,,silhouette,Cosine-Silhouette,A0,condition,4,A0,3,49,49,[]
4,Cosine-Silhouette,,silhouette,Cosine-Silhouette,A0,condition,6,A0,1,49,49,[]
4,Cosine-Silhouette,,silhouette,Cosine-Silhouette,A0,condition,6,A0,2,49,49,[]
4,Cosine-Silhouette,,silhouette,Cosine-Silhouette,A0,condition,6,A0,3,49,49,[]
4,Cosine-Silhouette,,silhouette,Cosine-Silhouette,A0,condition,8,A0,1,49,49,[]
4,Cosine-Silhouette,,silhouette,Cosine-Silhouette,A0,condition,8,A0,2,49,49,[]
4,Cosine-Silhouette,,silhouette,Cosine-Silhouette,A0,condition,8,A0,3,49,49,[]
4,Cosine-Silhouette,,silhouette,Cosine-Silhouette,A0,condition,10,A0,1,49,49,[]
4,Cosine-Silhouette,,silhouette,Cosine-Silhouette,A0,condition,10,A0,2,49,49,[]
4,Cosine-Silhouette,,silhouette,Cosine-Silhouette,A0,condition,10,A0,3,49,49,[]
4,Cosine-Silhouette,,silhouette,Cosine-Silhouette,A0,condition,12,A0,1,49,49,[]
4,Cosine-Silhouette,,silhouette,Cosine-Silhouette,A0,condition,12,A0,2,49,49,[]
4,Cosine-Silhouette,,silhouette,Cosine-Silhouette,A0,condition,12,A0,3,49,49,[]
4,Cosine-Silhouette,,silhouette,Cosine-Silhouette,A0,condition,14,A0,1,49,49,[]
4,Cosine-Silhouette,,silhouette,Cosine-Silhouette,A0,condition,14,A0,2,49,49,[]
4,Cosine-Silhouette,,silhouette,Cosine-Silhouette,A0,condition,14,A0,3,49,49,[]
4,Cosine-Silhouette,,silhouette,Cosine-Silhouette,B0,condition,2,B0,1,49,49,[]
4,Cosine-Silhouette,,silhouette,Cosine-Silhouette,B0,condition,2,B0,2,49,49,[]
4,Cosine-Silhouette,,silhouette,Cosine-Silhouette,B0,condition,2,B0,3,49,49,[]
4,Cosine-Silhouette,,silhouette,Cosine-Silhouette,B0,condition,4,B0,1,49,49,[]
4,Cosine-Silhouette,,silhouette,Cosine-Silhouette,B0,condition,4,B0,2,49,49,[]
4,Cosine-Silhouette,,silhouette,Cosine-Silhouette,B0,condition,4,B0,3,49,49,[]
4,Cosine-Silhouette,,silhouette,Cosine-Silhouette,B0,condition,6,B0,1,49,49,[]
4,Cosine-Silhouette,,silhouette,Cosine-Silhouette,B0,condition,6,B0,2,49,49,[]
4,Cosine-Silhouette,,silhouette,Cosine-Silhouette,B0,condition,6,B0,3,49,49,[]
4,Cosine-Silhouette,,silhouette,Cosine-Silhouette,B0,condition,8,B0,1,49,49,[]
4,Cosine-Silhouette,,silhouette,Cosine-Silhouette,B0,condition,8,B0,2,49,49,[]
4,Cosine-Silhouette,,silhouette,Cosine-Silhouette,B0,condition,8,B0,3,49,49,[]
4,Cosine-Silhouette,,silhouette,Cosine-Silhouette,B0,condition,10,B0,1,49,49,[]
4,Cosine-Silhouette,,silhouette,Cosine-Silhouette,B0,condition,10,B0,2,49,49,[]
4,Cosine-Silhouette,,silhouette,Cosine-Silhouette,B0,condition,10,B0,3,49,49,[]
4,Cosine-Silhouette,,silhouette,Cosine-Silhouette,B0,condition,12,B0,1,49,49,[]
4,Cosine-Silhouette,,silhouette,Cosine-Silhouette,B0,condition,12,B0,2,49,49,[]
4,Cosine-Silhouette,,silhouette,Cosine-Silhouette,B0,condition,12,B0,3,49,49,[]
4,Cosine-Silhouette,,silhouette,Cosine-Silhouette,B0,condition,14,B0,1,49,49,[]
4,Cosine-Silhouette,,silhouette,Cosine-Silhouette,B0,condition,14,B0,2,49,49,[]
4,Cosine-Silhouette,,silhouette,Cosine-Silhouette,B0,condition,14,B0,3,49,49,[]
4,Cosine-Silhouette,,silhouette,Cosine-Silhouette,B1,condition,2,B1,1,49,49,[]
4,Cosine-Silhouette,,silhouette,Cosine-Silhouette,B1,condition,2,B1,2,49,49,[]
4,Cosine-Silhouette,,silhouette,Cosine-Silhouette,B1,condition,2,B1,3,49,49,[]
4,Cosine-Silhouette,,silhouette,Cosine-Silhouette,B1,condition,4,B1,1,49,49,[]
4,Cosine-Silhouette,,silhouette,Cosine-Silhouette,B1,condition,4,B1,2,49,49,[]
4,Cosine-Silhouette,,silhouette,Cosine-Silhouette,B1,condition,4,B1,3,49,49,[]
4,Cosine-Silhouette,,silhouette,Cosine-Silhouette,B1,condition,6,B1,1,49,49,[]
4,Cosine-Silhouette,,silhouette,Cosine-Silhouette,B1,condition,6,B1,2,49,49,[]
4,Cosine-Silhouette,,silhouette,Cosine-Silhouette,B1,condition,6,B1,3,49,49,[]
4,Cosine-Silhouette,,silhouette,Cosine-Silhouette,B1,condition,8,B1,1,49,49,[]
4,Cosine-Silhouette,,silhouette,Cosine-Silhouette,B1,condition,8,B1,2,49,49,[]
4,Cosine-Silhouette,,silhouette,Cosine-Silhouette,B1,condition,8,B1,3,49,49,[]
4,Cosine-Silhouette,,silhouette,Cosine-Silhouette,B1,condition,10,B1,1,49,49,[]
4,Cosine-Silhouette,,silhouette,Cosine-Silhouette,B1,condition,10,B1,2,49,49,[]
4,Cosine-Silhouette,,silhouette,Cosine-Silhouette,B1,condition,10,B1,3,49,49,[]
4,Cosine-Silhouette,,silhouette,Cosine-Silhouette,B1,condition,12,B1,1,49,49,[]
4,Cosine-Silhouette,,silhouette,Cosine-Silhouette,B1,condition,12,B1,2,49,49,[]
4,Cosine-Silhouette,,silhouette,Cosine-Silhouette,B1,condition,12,B1,3,49,49,[]
4,Cosine-Silhouette,,silhouette,Cosine-Silhouette,B1,condition,14,B1,1,49,49,[]
4,Cosine-Silhouette,,silhouette,Cosine-Silhouette,B1,condition,14,B1,2,49,49,[]
4,Cosine-Silhouette,,silhouette,Cosine-Silhouette,B1,condition,14,B1,3,49,49,[]
4,Cosine-Silhouette,,silhouette,Cosine-Silhouette,M00,condition,2,M00,1,49,49,[]
4,Cosine-Silhouette,,silhouette,Cosine-Silhouette,M00,condition,2,M00,2,49,49,[]
4,Cosine-Silhouette,,silhouette,Cosine-Silhouette,M00,condition,2,M00,3,49,49,[]
4,Cosine-Silhouette,,silhouette,Cosine-Silhouette,M00,condition,4,M00,1,49,49,[]
4,Cosine-Silhouette,,silhouette,Cosine-Silhouette,M00,condition,4,M00,2,49,49,[]
4,Cosine-Silhouette,,silhouette,Cosine-Silhouette,M00,condition,4,M00,3,49,49,[]
4,Cosine-Silhouette,,silhouette,Cosine-Silhouette,M00,condition,6,M00,1,49,49,[]
4,Cosine-Silhouette,,silhouette,Cosine-Silhouette,M00,condition,6,M00,2,49,49,[]
4,Cosine-Silhouette,,silhouette,Cosine-Silhouette,M00,condition,6,M00,3,49,49,[]
4,Cosine-Silhouette,,silhouette,Cosine-Silhouette,M00,condition,8,M00,1,49,49,[]
4,Cosine-Silhouette,,silhouette,Cosine-Silhouette,M00,condition,8,M00,2,49,49,[]
4,Cosine-Silhouette,,silhouette,Cosine-Silhouette,M00,condition,8,M00,3,49,49,[]
4,Cosine-Silhouette,,silhouette,Cosine-Silhouette,M00,condition,10,M00,1,49,49,[]
4,Cosine-Silhouette,,silhouette,Cosine-Silhouette,M00,condition,10,M00,2,49,49,[]
4,Cosine-Silhouette,,silhouette,Cosine-Silhouette,M00,condition,10,M00,3,49,49,[]
4,Cosine-Silhouette,,silhouette,Cosine-Silhouette,M00,condition,12,M00,1,49,49,[]
4,Cosine-Silhouette,,silhouette,Cosine-Silhouette,M00,condition,12,M00,2,49,49,[]
4,Cosine-Silhouette,,silhouette,Cosine-Silhouette,M00,condition,12,M00,3,49,49,[]
4,Cosine-Silhouette,,silhouette,Cosine-Silhouette,M00,condition,14,M00,1,49,49,[]
4,Cosine-Silhouette,,silhouette,Cosine-Silhouette,M00,condition,14,M00,2,49,49,[]
4,Cosine-Silhouette,,silhouette,Cosine-Silhouette,M00,condition,14,M00,3,49,49,[]
4,Cosine-Silhouette,,silhouette,Cosine-Silhouette,M00 - A0,paired,2,M00,1,49,49,[]
4,Cosine-Silhouette,,silhouette,Cosine-Silhouette,M00 - A0,paired,2,M00,2,49,49,[]
4,Cosine-Silhouette,,silhouette,Cosine-Silhouette,M00 - A0,paired,2,M00,3,49,49,[]
4,Cosine-Silhouette,,silhouette,Cosine-Silhouette,M00 - A0,paired,2,A0,1,49,49,[]
4,Cosine-Silhouette,,silhouette,Cosine-Silhouette,M00 - A0,paired,2,A0,2,49,49,[]
4,Cosine-Silhouette,,silhouette,Cosine-Silhouette,M00 - A0,paired,2,A0,3,49,49,[]
4,Cosine-Silhouette,,silhouette,Cosine-Silhouette,M00 - A0,paired,4,M00,1,49,49,[]
4,Cosine-Silhouette,,silhouette,Cosine-Silhouette,M00 - A0,paired,4,M00,2,49,49,[]
4,Cosine-Silhouette,,silhouette,Cosine-Silhouette,M00 - A0,paired,4,M00,3,49,49,[]
4,Cosine-Silhouette,,silhouette,Cosine-Silhouette,M00 - A0,paired,4,A0,1,49,49,[]
4,Cosine-Silhouette,,silhouette,Cosine-Silhouette,M00 - A0,paired,4,A0,2,49,49,[]
4,Cosine-Silhouette,,silhouette,Cosine-Silhouette,M00 - A0,paired,4,A0,3,49,49,[]
4,Cosine-Silhouette,,silhouette,Cosine-Silhouette,M00 - A0,paired,6,M00,1,49,49,[]
4,Cosine-Silhouette,,silhouette,Cosine-Silhouette,M00 - A0,paired,6,M00,2,49,49,[]
4,Cosine-Silhouette,,silhouette,Cosine-Silhouette,M00 - A0,paired,6,M00,3,49,49,[]
4,Cosine-Silhouette,,silhouette,Cosine-Silhouette,M00 - A0,paired,6,A0,1,49,49,[]
4,Cosine-Silhouette,,silhouette,Cosine-Silhouette,M00 - A0,paired,6,A0,2,49,49,[]
4,Cosine-Silhouette,,silhouette,Cosine-Silhouette,M00 - A0,paired,6,A0,3,49,49,[]
4,Cosine-Silhouette,,silhouette,Cosine-Silhouette,M00 - A0,paired,8,M00,1,49,49,[]
4,Cosine-Silhouette,,silhouette,Cosine-Silhouette,M00 - A0,paired,8,M00,2,49,49,[]
4,Cosine-Silhouette,,silhouette,Cosine-Silhouette,M00 - A0,paired,8,M00,3,49,49,[]
4,Cosine-Silhouette,,silhouette,Cosine-Silhouette,M00 - A0,paired,8,A0,1,49,49,[]
4,Cosine-Silhouette,,silhouette,Cosine-Silhouette,M00 - A0,paired,8,A0,2,49,49,[]
4,Cosine-Silhouette,,silhouette,Cosine-Silhouette,M00 - A0,paired,8,A0,3,49,49,[]
4,Cosine-Silhouette,,silhouette,Cosine-Silhouette,M00 - A0,paired,10,M00,1,49,49,[]
4,Cosine-Silhouette,,silhouette,Cosine-Silhouette,M00 - A0,paired,10,M00,2,49,49,[]
4,Cosine-Silhouette,,silhouette,Cosine-Silhouette,M00 - A0,paired,10,M00,3,49,49,[]
4,Cosine-Silhouette,,silhouette,Cosine-Silhouette,M00 - A0,paired,10,A0,1,49,49,[]
4,Cosine-Silhouette,,silhouette,Cosine-Silhouette,M00 - A0,paired,10,A0,2,49,49,[]
4,Cosine-Silhouette,,silhouette,Cosine-Silhouette,M00 - A0,paired,10,A0,3,49,49,[]
4,Cosine-Silhouette,,silhouette,Cosine-Silhouette,M00 - A0,paired,12,M00,1,49,49,[]
4,Cosine-Silhouette,,silhouette,Cosine-Silhouette,M00 - A0,paired,12,M00,2,49,49,[]
4,Cosine-Silhouette,,silhouette,Cosine-Silhouette,M00 - A0,paired,12,M00,3,49,49,[]
4,Cosine-Silhouette,,silhouette,Cosine-Silhouette,M00 - A0,paired,12,A0,1,49,49,[]
4,Cosine-Silhouette,,silhouette,Cosine-Silhouette,M00 - A0,paired,12,A0,2,49,49,[]
4,Cosine-Silhouette,,silhouette,Cosine-Silhouette,M00 - A0,paired,12,A0,3,49,49,[]
4,Cosine-Silhouette,,silhouette,Cosine-Silhouette,M00 - A0,paired,14,M00,1,49,49,[]
4,Cosine-Silhouette,,silhouette,Cosine-Silhouette,M00 - A0,paired,14,M00,2,49,49,[]
4,Cosine-Silhouette,,silhouette,Cosine-Silhouette,M00 - A0,paired,14,M00,3,49,49,[]
4,Cosine-Silhouette,,silhouette,Cosine-Silhouette,M00 - A0,paired,14,A0,1,49,49,[]
4,Cosine-Silhouette,,silhouette,Cosine-Silhouette,M00 - A0,paired,14,A0,2,49,49,[]
4,Cosine-Silhouette,,silhouette,Cosine-Silhouette,M00 - A0,paired,14,A0,3,49,49,[]
4,Cosine-Silhouette,,silhouette,Cosine-Silhouette,M00 - B0,paired,2,M00,1,49,49,[]
4,Cosine-Silhouette,,silhouette,Cosine-Silhouette,M00 - B0,paired,2,M00,2,49,49,[]
4,Cosine-Silhouette,,silhouette,Cosine-Silhouette,M00 - B0,paired,2,M00,3,49,49,[]
4,Cosine-Silhouette,,silhouette,Cosine-Silhouette,M00 - B0,paired,2,B0,1,49,49,[]
4,Cosine-Silhouette,,silhouette,Cosine-Silhouette,M00 - B0,paired,2,B0,2,49,49,[]
4,Cosine-Silhouette,,silhouette,Cosine-Silhouette,M00 - B0,paired,2,B0,3,49,49,[]
4,Cosine-Silhouette,,silhouette,Cosine-Silhouette,M00 - B0,paired,4,M00,1,49,49,[]
4,Cosine-Silhouette,,silhouette,Cosine-Silhouette,M00 - B0,paired,4,M00,2,49,49,[]
4,Cosine-Silhouette,,silhouette,Cosine-Silhouette,M00 - B0,paired,4,M00,3,49,49,[]
4,Cosine-Silhouette,,silhouette,Cosine-Silhouette,M00 - B0,paired,4,B0,1,49,49,[]
4,Cosine-Silhouette,,silhouette,Cosine-Silhouette,M00 - B0,paired,4,B0,2,49,49,[]
4,Cosine-Silhouette,,silhouette,Cosine-Silhouette,M00 - B0,paired,4,B0,3,49,49,[]
4,Cosine-Silhouette,,silhouette,Cosine-Silhouette,M00 - B0,paired,6,M00,1,49,49,[]
4,Cosine-Silhouette,,silhouette,Cosine-Silhouette,M00 - B0,paired,6,M00,2,49,49,[]
4,Cosine-Silhouette,,silhouette,Cosine-Silhouette,M00 - B0,paired,6,M00,3,49,49,[]
4,Cosine-Silhouette,,silhouette,Cosine-Silhouette,M00 - B0,paired,6,B0,1,49,49,[]
4,Cosine-Silhouette,,silhouette,Cosine-Silhouette,M00 - B0,paired,6,B0,2,49,49,[]
4,Cosine-Silhouette,,silhouette,Cosine-Silhouette,M00 - B0,paired,6,B0,3,49,49,[]
4,Cosine-Silhouette,,silhouette,Cosine-Silhouette,M00 - B0,paired,8,M00,1,49,49,[]
4,Cosine-Silhouette,,silhouette,Cosine-Silhouette,M00 - B0,paired,8,M00,2,49,49,[]
4,Cosine-Silhouette,,silhouette,Cosine-Silhouette,M00 - B0,paired,8,M00,3,49,49,[]
4,Cosine-Silhouette,,silhouette,Cosine-Silhouette,M00 - B0,paired,8,B0,1,49,49,[]
4,Cosine-Silhouette,,silhouette,Cosine-Silhouette,M00 - B0,paired,8,B0,2,49,49,[]
4,Cosine-Silhouette,,silhouette,Cosine-Silhouette,M00 - B0,paired,8,B0,3,49,49,[]
4,Cosine-Silhouette,,silhouette,Cosine-Silhouette,M00 - B0,paired,10,M00,1,49,49,[]
4,Cosine-Silhouette,,silhouette,Cosine-Silhouette,M00 - B0,paired,10,M00,2,49,49,[]
4,Cosine-Silhouette,,silhouette,Cosine-Silhouette,M00 - B0,paired,10,M00,3,49,49,[]
4,Cosine-Silhouette,,silhouette,Cosine-Silhouette,M00 - B0,paired,10,B0,1,49,49,[]
4,Cosine-Silhouette,,silhouette,Cosine-Silhouette,M00 - B0,paired,10,B0,2,49,49,[]
4,Cosine-Silhouette,,silhouette,Cosine-Silhouette,M00 - B0,paired,10,B0,3,49,49,[]
4,Cosine-Silhouette,,silhouette,Cosine-Silhouette,M00 - B0,paired,12,M00,1,49,49,[]
4,Cosine-Silhouette,,silhouette,Cosine-Silhouette,M00 - B0,paired,12,M00,2,49,49,[]
4,Cosine-Silhouette,,silhouette,Cosine-Silhouette,M00 - B0,paired,12,M00,3,49,49,[]
4,Cosine-Silhouette,,silhouette,Cosine-Silhouette,M00 - B0,paired,12,B0,1,49,49,[]
4,Cosine-Silhouette,,silhouette,Cosine-Silhouette,M00 - B0,paired,12,B0,2,49,49,[]
4,Cosine-Silhouette,,silhouette,Cosine-Silhouette,M00 - B0,paired,12,B0,3,49,49,[]
4,Cosine-Silhouette,,silhouette,Cosine-Silhouette,M00 - B0,paired,14,M00,1,49,49,[]
4,Cosine-Silhouette,,silhouette,Cosine-Silhouette,M00 - B0,paired,14,M00,2,49,49,[]
4,Cosine-Silhouette,,silhouette,Cosine-Silhouette,M00 - B0,paired,14,M00,3,49,49,[]
4,Cosine-Silhouette,,silhouette,Cosine-Silhouette,M00 - B0,paired,14,B0,1,49,49,[]
4,Cosine-Silhouette,,silhouette,Cosine-Silhouette,M00 - B0,paired,14,B0,2,49,49,[]
4,Cosine-Silhouette,,silhouette,Cosine-Silhouette,M00 - B0,paired,14,B0,3,49,49,[]
4,Cosine-Silhouette,,silhouette,Cosine-Silhouette,M00 - B1,paired,2,M00,1,49,49,[]
4,Cosine-Silhouette,,silhouette,Cosine-Silhouette,M00 - B1,paired,2,M00,2,49,49,[]
4,Cosine-Silhouette,,silhouette,Cosine-Silhouette,M00 - B1,paired,2,M00,3,49,49,[]
4,Cosine-Silhouette,,silhouette,Cosine-Silhouette,M00 - B1,paired,2,B1,1,49,49,[]
4,Cosine-Silhouette,,silhouette,Cosine-Silhouette,M00 - B1,paired,2,B1,2,49,49,[]
4,Cosine-Silhouette,,silhouette,Cosine-Silhouette,M00 - B1,paired,2,B1,3,49,49,[]
4,Cosine-Silhouette,,silhouette,Cosine-Silhouette,M00 - B1,paired,4,M00,1,49,49,[]
4,Cosine-Silhouette,,silhouette,Cosine-Silhouette,M00 - B1,paired,4,M00,2,49,49,[]
4,Cosine-Silhouette,,silhouette,Cosine-Silhouette,M00 - B1,paired,4,M00,3,49,49,[]
4,Cosine-Silhouette,,silhouette,Cosine-Silhouette,M00 - B1,paired,4,B1,1,49,49,[]
4,Cosine-Silhouette,,silhouette,Cosine-Silhouette,M00 - B1,paired,4,B1,2,49,49,[]
4,Cosine-Silhouette,,silhouette,Cosine-Silhouette,M00 - B1,paired,4,B1,3,49,49,[]
4,Cosine-Silhouette,,silhouette,Cosine-Silhouette,M00 - B1,paired,6,M00,1,49,49,[]
4,Cosine-Silhouette,,silhouette,Cosine-Silhouette,M00 - B1,paired,6,M00,2,49,49,[]
4,Cosine-Silhouette,,silhouette,Cosine-Silhouette,M00 - B1,paired,6,M00,3,49,49,[]
4,Cosine-Silhouette,,silhouette,Cosine-Silhouette,M00 - B1,paired,6,B1,1,49,49,[]
4,Cosine-Silhouette,,silhouette,Cosine-Silhouette,M00 - B1,paired,6,B1,2,49,49,[]
4,Cosine-Silhouette,,silhouette,Cosine-Silhouette,M00 - B1,paired,6,B1,3,49,49,[]
4,Cosine-Silhouette,,silhouette,Cosine-Silhouette,M00 - B1,paired,8,M00,1,49,49,[]
4,Cosine-Silhouette,,silhouette,Cosine-Silhouette,M00 - B1,paired,8,M00,2,49,49,[]
4,Cosine-Silhouette,,silhouette,Cosine-Silhouette,M00 - B1,paired,8,M00,3,49,49,[]
4,Cosine-Silhouette,,silhouette,Cosine-Silhouette,M00 - B1,paired,8,B1,1,49,49,[]
4,Cosine-Silhouette,,silhouette,Cosine-Silhouette,M00 - B1,paired,8,B1,2,49,49,[]
4,Cosine-Silhouette,,silhouette,Cosine-Silhouette,M00 - B1,paired,8,B1,3,49,49,[]
4,Cosine-Silhouette,,silhouette,Cosine-Silhouette,M00 - B1,paired,10,M00,1,49,49,[]
4,Cosine-Silhouette,,silhouette,Cosine-Silhouette,M00 - B1,paired,10,M00,2,49,49,[]
4,Cosine-Silhouette,,silhouette,Cosine-Silhouette,M00 - B1,paired,10,M00,3,49,49,[]
4,Cosine-Silhouette,,silhouette,Cosine-Silhouette,M00 - B1,paired,10,B1,1,49,49,[]
4,Cosine-Silhouette,,silhouette,Cosine-Silhouette,M00 - B1,paired,10,B1,2,49,49,[]
4,Cosine-Silhouette,,silhouette,Cosine-Silhouette,M00 - B1,paired,10,B1,3,49,49,[]
4,Cosine-Silhouette,,silhouette,Cosine-Silhouette,M00 - B1,paired,12,M00,1,49,49,[]
4,Cosine-Silhouette,,silhouette,Cosine-Silhouette,M00 - B1,paired,12,M00,2,49,49,[]
4,Cosine-Silhouette,,silhouette,Cosine-Silhouette,M00 - B1,paired,12,M00,3,49,49,[]
4,Cosine-Silhouette,,silhouette,Cosine-Silhouette,M00 - B1,paired,12,B1,1,49,49,[]
4,Cosine-Silhouette,,silhouette,Cosine-Silhouette,M00 - B1,paired,12,B1,2,49,49,[]
4,Cosine-Silhouette,,silhouette,Cosine-Silhouette,M00 - B1,paired,12,B1,3,49,49,[]
4,Cosine-Silhouette,,silhouette,Cosine-Silhouette,M00 - B1,paired,14,M00,1,49,49,[]
4,Cosine-Silhouette,,silhouette,Cosine-Silhouette,M00 - B1,paired,14,M00,2,49,49,[]
4,Cosine-Silhouette,,silhouette,Cosine-Silhouette,M00 - B1,paired,14,M00,3,49,49,[]
4,Cosine-Silhouette,,silhouette,Cosine-Silhouette,M00 - B1,paired,14,B1,1,49,49,[]
4,Cosine-Silhouette,,silhouette,Cosine-Silhouette,M00 - B1,paired,14,B1,2,49,49,[]
4,Cosine-Silhouette,,silhouette,Cosine-Silhouette,M00 - B1,paired,14,B1,3,49,49,[]
4,Cosine-Silhouette,,silhouette,Cosine-Silhouette,M01,condition,2,M01,1,49,49,[]
4,Cosine-Silhouette,,silhouette,Cosine-Silhouette,M01,condition,2,M01,2,49,49,[]
4,Cosine-Silhouette,,silhouette,Cosine-Silhouette,M01,condition,2,M01,3,49,49,[]
4,Cosine-Silhouette,,silhouette,Cosine-Silhouette,M01,condition,4,M01,1,49,49,[]
4,Cosine-Silhouette,,silhouette,Cosine-Silhouette,M01,condition,4,M01,2,49,49,[]
4,Cosine-Silhouette,,silhouette,Cosine-Silhouette,M01,condition,4,M01,3,49,49,[]
4,Cosine-Silhouette,,silhouette,Cosine-Silhouette,M01,condition,6,M01,1,49,49,[]
4,Cosine-Silhouette,,silhouette,Cosine-Silhouette,M01,condition,6,M01,2,49,49,[]
4,Cosine-Silhouette,,silhouette,Cosine-Silhouette,M01,condition,6,M01,3,49,49,[]
4,Cosine-Silhouette,,silhouette,Cosine-Silhouette,M01,condition,8,M01,1,49,49,[]
4,Cosine-Silhouette,,silhouette,Cosine-Silhouette,M01,condition,8,M01,2,49,49,[]
4,Cosine-Silhouette,,silhouette,Cosine-Silhouette,M01,condition,8,M01,3,49,49,[]
4,Cosine-Silhouette,,silhouette,Cosine-Silhouette,M01,condition,10,M01,1,49,49,[]
4,Cosine-Silhouette,,silhouette,Cosine-Silhouette,M01,condition,10,M01,2,49,49,[]
4,Cosine-Silhouette,,silhouette,Cosine-Silhouette,M01,condition,10,M01,3,49,49,[]
4,Cosine-Silhouette,,silhouette,Cosine-Silhouette,M01,condition,12,M01,1,49,49,[]
4,Cosine-Silhouette,,silhouette,Cosine-Silhouette,M01,condition,12,M01,2,49,49,[]
4,Cosine-Silhouette,,silhouette,Cosine-Silhouette,M01,condition,12,M01,3,49,49,[]
4,Cosine-Silhouette,,silhouette,Cosine-Silhouette,M01,condition,14,M01,1,49,49,[]
4,Cosine-Silhouette,,silhouette,Cosine-Silhouette,M01,condition,14,M01,2,49,49,[]
4,Cosine-Silhouette,,silhouette,Cosine-Silhouette,M01,condition,14,M01,3,49,49,[]
4,Cosine-Silhouette,,silhouette,Cosine-Silhouette,M01 - M00,paired,2,M01,1,49,49,[]
4,Cosine-Silhouette,,silhouette,Cosine-Silhouette,M01 - M00,paired,2,M01,2,49,49,[]
4,Cosine-Silhouette,,silhouette,Cosine-Silhouette,M01 - M00,paired,2,M01,3,49,49,[]
4,Cosine-Silhouette,,silhouette,Cosine-Silhouette,M01 - M00,paired,2,M00,1,49,49,[]
4,Cosine-Silhouette,,silhouette,Cosine-Silhouette,M01 - M00,paired,2,M00,2,49,49,[]
4,Cosine-Silhouette,,silhouette,Cosine-Silhouette,M01 - M00,paired,2,M00,3,49,49,[]
4,Cosine-Silhouette,,silhouette,Cosine-Silhouette,M01 - M00,paired,4,M01,1,49,49,[]
4,Cosine-Silhouette,,silhouette,Cosine-Silhouette,M01 - M00,paired,4,M01,2,49,49,[]
4,Cosine-Silhouette,,silhouette,Cosine-Silhouette,M01 - M00,paired,4,M01,3,49,49,[]
4,Cosine-Silhouette,,silhouette,Cosine-Silhouette,M01 - M00,paired,4,M00,1,49,49,[]
4,Cosine-Silhouette,,silhouette,Cosine-Silhouette,M01 - M00,paired,4,M00,2,49,49,[]
4,Cosine-Silhouette,,silhouette,Cosine-Silhouette,M01 - M00,paired,4,M00,3,49,49,[]
4,Cosine-Silhouette,,silhouette,Cosine-Silhouette,M01 - M00,paired,6,M01,1,49,49,[]
4,Cosine-Silhouette,,silhouette,Cosine-Silhouette,M01 - M00,paired,6,M01,2,49,49,[]
4,Cosine-Silhouette,,silhouette,Cosine-Silhouette,M01 - M00,paired,6,M01,3,49,49,[]
4,Cosine-Silhouette,,silhouette,Cosine-Silhouette,M01 - M00,paired,6,M00,1,49,49,[]
4,Cosine-Silhouette,,silhouette,Cosine-Silhouette,M01 - M00,paired,6,M00,2,49,49,[]
4,Cosine-Silhouette,,silhouette,Cosine-Silhouette,M01 - M00,paired,6,M00,3,49,49,[]
4,Cosine-Silhouette,,silhouette,Cosine-Silhouette,M01 - M00,paired,8,M01,1,49,49,[]
4,Cosine-Silhouette,,silhouette,Cosine-Silhouette,M01 - M00,paired,8,M01,2,49,49,[]
4,Cosine-Silhouette,,silhouette,Cosine-Silhouette,M01 - M00,paired,8,M01,3,49,49,[]
4,Cosine-Silhouette,,silhouette,Cosine-Silhouette,M01 - M00,paired,8,M00,1,49,49,[]
4,Cosine-Silhouette,,silhouette,Cosine-Silhouette,M01 - M00,paired,8,M00,2,49,49,[]
4,Cosine-Silhouette,,silhouette,Cosine-Silhouette,M01 - M00,paired,8,M00,3,49,49,[]
4,Cosine-Silhouette,,silhouette,Cosine-Silhouette,M01 - M00,paired,10,M01,1,49,49,[]
4,Cosine-Silhouette,,silhouette,Cosine-Silhouette,M01 - M00,paired,10,M01,2,49,49,[]
4,Cosine-Silhouette,,silhouette,Cosine-Silhouette,M01 - M00,paired,10,M01,3,49,49,[]
4,Cosine-Silhouette,,silhouette,Cosine-Silhouette,M01 - M00,paired,10,M00,1,49,49,[]
4,Cosine-Silhouette,,silhouette,Cosine-Silhouette,M01 - M00,paired,10,M00,2,49,49,[]
4,Cosine-Silhouette,,silhouette,Cosine-Silhouette,M01 - M00,paired,10,M00,3,49,49,[]
4,Cosine-Silhouette,,silhouette,Cosine-Silhouette,M01 - M00,paired,12,M01,1,49,49,[]
4,Cosine-Silhouette,,silhouette,Cosine-Silhouette,M01 - M00,paired,12,M01,2,49,49,[]
4,Cosine-Silhouette,,silhouette,Cosine-Silhouette,M01 - M00,paired,12,M01,3,49,49,[]
4,Cosine-Silhouette,,silhouette,Cosine-Silhouette,M01 - M00,paired,12,M00,1,49,49,[]
4,Cosine-Silhouette,,silhouette,Cosine-Silhouette,M01 - M00,paired,12,M00,2,49,49,[]
4,Cosine-Silhouette,,silhouette,Cosine-Silhouette,M01 - M00,paired,12,M00,3,49,49,[]
4,Cosine-Silhouette,,silhouette,Cosine-Silhouette,M01 - M00,paired,14,M01,1,49,49,[]
4,Cosine-Silhouette,,silhouette,Cosine-Silhouette,M01 - M00,paired,14,M01,2,49,49,[]
4,Cosine-Silhouette,,silhouette,Cosine-Silhouette,M01 - M00,paired,14,M01,3,49,49,[]
4,Cosine-Silhouette,,silhouette,Cosine-Silhouette,M01 - M00,paired,14,M00,1,49,49,[]
4,Cosine-Silhouette,,silhouette,Cosine-Silhouette,M01 - M00,paired,14,M00,2,49,49,[]
4,Cosine-Silhouette,,silhouette,Cosine-Silhouette,M01 - M00,paired,14,M00,3,49,49,[]
4,Cosine-Silhouette,,silhouette,Cosine-Silhouette,M10,condition,2,M10,1,49,49,[]
4,Cosine-Silhouette,,silhouette,Cosine-Silhouette,M10,condition,2,M10,2,49,49,[]
4,Cosine-Silhouette,,silhouette,Cosine-Silhouette,M10,condition,2,M10,3,49,49,[]
4,Cosine-Silhouette,,silhouette,Cosine-Silhouette,M10,condition,4,M10,1,49,49,[]
4,Cosine-Silhouette,,silhouette,Cosine-Silhouette,M10,condition,4,M10,2,49,49,[]
4,Cosine-Silhouette,,silhouette,Cosine-Silhouette,M10,condition,4,M10,3,49,49,[]
4,Cosine-Silhouette,,silhouette,Cosine-Silhouette,M10,condition,6,M10,1,49,49,[]
4,Cosine-Silhouette,,silhouette,Cosine-Silhouette,M10,condition,6,M10,2,49,49,[]
4,Cosine-Silhouette,,silhouette,Cosine-Silhouette,M10,condition,6,M10,3,49,49,[]
4,Cosine-Silhouette,,silhouette,Cosine-Silhouette,M10,condition,8,M10,1,49,49,[]
4,Cosine-Silhouette,,silhouette,Cosine-Silhouette,M10,condition,8,M10,2,49,49,[]
4,Cosine-Silhouette,,silhouette,Cosine-Silhouette,M10,condition,8,M10,3,49,49,[]
4,Cosine-Silhouette,,silhouette,Cosine-Silhouette,M10,condition,10,M10,1,49,49,[]
4,Cosine-Silhouette,,silhouette,Cosine-Silhouette,M10,condition,10,M10,2,49,49,[]
4,Cosine-Silhouette,,silhouette,Cosine-Silhouette,M10,condition,10,M10,3,49,49,[]
4,Cosine-Silhouette,,silhouette,Cosine-Silhouette,M10,condition,12,M10,1,49,49,[]
4,Cosine-Silhouette,,silhouette,Cosine-Silhouette,M10,condition,12,M10,2,49,49,[]
4,Cosine-Silhouette,,silhouette,Cosine-Silhouette,M10,condition,12,M10,3,49,49,[]
4,Cosine-Silhouette,,silhouette,Cosine-Silhouette,M10,condition,14,M10,1,49,49,[]
4,Cosine-Silhouette,,silhouette,Cosine-Silhouette,M10,condition,14,M10,2,49,49,[]
4,Cosine-Silhouette,,silhouette,Cosine-Silhouette,M10,condition,14,M10,3,49,49,[]
4,Cosine-Silhouette,,silhouette,Cosine-Silhouette,M10 - M00,paired,2,M10,1,49,49,[]
4,Cosine-Silhouette,,silhouette,Cosine-Silhouette,M10 - M00,paired,2,M10,2,49,49,[]
4,Cosine-Silhouette,,silhouette,Cosine-Silhouette,M10 - M00,paired,2,M10,3,49,49,[]
4,Cosine-Silhouette,,silhouette,Cosine-Silhouette,M10 - M00,paired,2,M00,1,49,49,[]
4,Cosine-Silhouette,,silhouette,Cosine-Silhouette,M10 - M00,paired,2,M00,2,49,49,[]
4,Cosine-Silhouette,,silhouette,Cosine-Silhouette,M10 - M00,paired,2,M00,3,49,49,[]
4,Cosine-Silhouette,,silhouette,Cosine-Silhouette,M10 - M00,paired,4,M10,1,49,49,[]
4,Cosine-Silhouette,,silhouette,Cosine-Silhouette,M10 - M00,paired,4,M10,2,49,49,[]
4,Cosine-Silhouette,,silhouette,Cosine-Silhouette,M10 - M00,paired,4,M10,3,49,49,[]
4,Cosine-Silhouette,,silhouette,Cosine-Silhouette,M10 - M00,paired,4,M00,1,49,49,[]
4,Cosine-Silhouette,,silhouette,Cosine-Silhouette,M10 - M00,paired,4,M00,2,49,49,[]
4,Cosine-Silhouette,,silhouette,Cosine-Silhouette,M10 - M00,paired,4,M00,3,49,49,[]
4,Cosine-Silhouette,,silhouette,Cosine-Silhouette,M10 - M00,paired,6,M10,1,49,49,[]
4,Cosine-Silhouette,,silhouette,Cosine-Silhouette,M10 - M00,paired,6,M10,2,49,49,[]
4,Cosine-Silhouette,,silhouette,Cosine-Silhouette,M10 - M00,paired,6,M10,3,49,49,[]
4,Cosine-Silhouette,,silhouette,Cosine-Silhouette,M10 - M00,paired,6,M00,1,49,49,[]
4,Cosine-Silhouette,,silhouette,Cosine-Silhouette,M10 - M00,paired,6,M00,2,49,49,[]
4,Cosine-Silhouette,,silhouette,Cosine-Silhouette,M10 - M00,paired,6,M00,3,49,49,[]
4,Cosine-Silhouette,,silhouette,Cosine-Silhouette,M10 - M00,paired,8,M10,1,49,49,[]
4,Cosine-Silhouette,,silhouette,Cosine-Silhouette,M10 - M00,paired,8,M10,2,49,49,[]
4,Cosine-Silhouette,,silhouette,Cosine-Silhouette,M10 - M00,paired,8,M10,3,49,49,[]
4,Cosine-Silhouette,,silhouette,Cosine-Silhouette,M10 - M00,paired,8,M00,1,49,49,[]
4,Cosine-Silhouette,,silhouette,Cosine-Silhouette,M10 - M00,paired,8,M00,2,49,49,[]
4,Cosine-Silhouette,,silhouette,Cosine-Silhouette,M10 - M00,paired,8,M00,3,49,49,[]
4,Cosine-Silhouette,,silhouette,Cosine-Silhouette,M10 - M00,paired,10,M10,1,49,49,[]
4,Cosine-Silhouette,,silhouette,Cosine-Silhouette,M10 - M00,paired,10,M10,2,49,49,[]
4,Cosine-Silhouette,,silhouette,Cosine-Silhouette,M10 - M00,paired,10,M10,3,49,49,[]
4,Cosine-Silhouette,,silhouette,Cosine-Silhouette,M10 - M00,paired,10,M00,1,49,49,[]
4,Cosine-Silhouette,,silhouette,Cosine-Silhouette,M10 - M00,paired,10,M00,2,49,49,[]
4,Cosine-Silhouette,,silhouette,Cosine-Silhouette,M10 - M00,paired,10,M00,3,49,49,[]
4,Cosine-Silhouette,,silhouette,Cosine-Silhouette,M10 - M00,paired,12,M10,1,49,49,[]
4,Cosine-Silhouette,,silhouette,Cosine-Silhouette,M10 - M00,paired,12,M10,2,49,49,[]
4,Cosine-Silhouette,,silhouette,Cosine-Silhouette,M10 - M00,paired,12,M10,3,49,49,[]
4,Cosine-Silhouette,,silhouette,Cosine-Silhouette,M10 - M00,paired,12,M00,1,49,49,[]
4,Cosine-Silhouette,,silhouette,Cosine-Silhouette,M10 - M00,paired,12,M00,2,49,49,[]
4,Cosine-Silhouette,,silhouette,Cosine-Silhouette,M10 - M00,paired,12,M00,3,49,49,[]
4,Cosine-Silhouette,,silhouette,Cosine-Silhouette,M10 - M00,paired,14,M10,1,49,49,[]
4,Cosine-Silhouette,,silhouette,Cosine-Silhouette,M10 - M00,paired,14,M10,2,49,49,[]
4,Cosine-Silhouette,,silhouette,Cosine-Silhouette,M10 - M00,paired,14,M10,3,49,49,[]
4,Cosine-Silhouette,,silhouette,Cosine-Silhouette,M10 - M00,paired,14,M00,1,49,49,[]
4,Cosine-Silhouette,,silhouette,Cosine-Silhouette,M10 - M00,paired,14,M00,2,49,49,[]
4,Cosine-Silhouette,,silhouette,Cosine-Silhouette,M10 - M00,paired,14,M00,3,49,49,[]
4,Cosine-Silhouette,,silhouette,Cosine-Silhouette,M11,condition,2,M11,1,49,49,[]
4,Cosine-Silhouette,,silhouette,Cosine-Silhouette,M11,condition,2,M11,2,49,49,[]
4,Cosine-Silhouette,,silhouette,Cosine-Silhouette,M11,condition,2,M11,3,49,49,[]
4,Cosine-Silhouette,,silhouette,Cosine-Silhouette,M11,condition,4,M11,1,49,49,[]
4,Cosine-Silhouette,,silhouette,Cosine-Silhouette,M11,condition,4,M11,2,49,49,[]
4,Cosine-Silhouette,,silhouette,Cosine-Silhouette,M11,condition,4,M11,3,49,49,[]
4,Cosine-Silhouette,,silhouette,Cosine-Silhouette,M11,condition,6,M11,1,49,49,[]
4,Cosine-Silhouette,,silhouette,Cosine-Silhouette,M11,condition,6,M11,2,49,49,[]
4,Cosine-Silhouette,,silhouette,Cosine-Silhouette,M11,condition,6,M11,3,49,49,[]
4,Cosine-Silhouette,,silhouette,Cosine-Silhouette,M11,condition,8,M11,1,49,49,[]
4,Cosine-Silhouette,,silhouette,Cosine-Silhouette,M11,condition,8,M11,2,49,49,[]
4,Cosine-Silhouette,,silhouette,Cosine-Silhouette,M11,condition,8,M11,3,49,49,[]
4,Cosine-Silhouette,,silhouette,Cosine-Silhouette,M11,condition,10,M11,1,49,49,[]
4,Cosine-Silhouette,,silhouette,Cosine-Silhouette,M11,condition,10,M11,2,49,49,[]
4,Cosine-Silhouette,,silhouette,Cosine-Silhouette,M11,condition,10,M11,3,49,49,[]
4,Cosine-Silhouette,,silhouette,Cosine-Silhouette,M11,condition,12,M11,1,49,49,[]
4,Cosine-Silhouette,,silhouette,Cosine-Silhouette,M11,condition,12,M11,2,49,49,[]
4,Cosine-Silhouette,,silhouette,Cosine-Silhouette,M11,condition,12,M11,3,49,49,[]
4,Cosine-Silhouette,,silhouette,Cosine-Silhouette,M11,condition,14,M11,1,49,49,[]
4,Cosine-Silhouette,,silhouette,Cosine-Silhouette,M11,condition,14,M11,2,49,49,[]
4,Cosine-Silhouette,,silhouette,Cosine-Silhouette,M11,condition,14,M11,3,49,49,[]
4,Cosine-Silhouette,,silhouette,Cosine-Silhouette,M11 - B0,paired,2,M11,1,49,49,[]
4,Cosine-Silhouette,,silhouette,Cosine-Silhouette,M11 - B0,paired,2,M11,2,49,49,[]
4,Cosine-Silhouette,,silhouette,Cosine-Silhouette,M11 - B0,paired,2,M11,3,49,49,[]
4,Cosine-Silhouette,,silhouette,Cosine-Silhouette,M11 - B0,paired,2,B0,1,49,49,[]
4,Cosine-Silhouette,,silhouette,Cosine-Silhouette,M11 - B0,paired,2,B0,2,49,49,[]
4,Cosine-Silhouette,,silhouette,Cosine-Silhouette,M11 - B0,paired,2,B0,3,49,49,[]
4,Cosine-Silhouette,,silhouette,Cosine-Silhouette,M11 - B0,paired,4,M11,1,49,49,[]
4,Cosine-Silhouette,,silhouette,Cosine-Silhouette,M11 - B0,paired,4,M11,2,49,49,[]
4,Cosine-Silhouette,,silhouette,Cosine-Silhouette,M11 - B0,paired,4,M11,3,49,49,[]
4,Cosine-Silhouette,,silhouette,Cosine-Silhouette,M11 - B0,paired,4,B0,1,49,49,[]
4,Cosine-Silhouette,,silhouette,Cosine-Silhouette,M11 - B0,paired,4,B0,2,49,49,[]
4,Cosine-Silhouette,,silhouette,Cosine-Silhouette,M11 - B0,paired,4,B0,3,49,49,[]
4,Cosine-Silhouette,,silhouette,Cosine-Silhouette,M11 - B0,paired,6,M11,1,49,49,[]
4,Cosine-Silhouette,,silhouette,Cosine-Silhouette,M11 - B0,paired,6,M11,2,49,49,[]
4,Cosine-Silhouette,,silhouette,Cosine-Silhouette,M11 - B0,paired,6,M11,3,49,49,[]
4,Cosine-Silhouette,,silhouette,Cosine-Silhouette,M11 - B0,paired,6,B0,1,49,49,[]
4,Cosine-Silhouette,,silhouette,Cosine-Silhouette,M11 - B0,paired,6,B0,2,49,49,[]
4,Cosine-Silhouette,,silhouette,Cosine-Silhouette,M11 - B0,paired,6,B0,3,49,49,[]
4,Cosine-Silhouette,,silhouette,Cosine-Silhouette,M11 - B0,paired,8,M11,1,49,49,[]
4,Cosine-Silhouette,,silhouette,Cosine-Silhouette,M11 - B0,paired,8,M11,2,49,49,[]
4,Cosine-Silhouette,,silhouette,Cosine-Silhouette,M11 - B0,paired,8,M11,3,49,49,[]
4,Cosine-Silhouette,,silhouette,Cosine-Silhouette,M11 - B0,paired,8,B0,1,49,49,[]
4,Cosine-Silhouette,,silhouette,Cosine-Silhouette,M11 - B0,paired,8,B0,2,49,49,[]
4,Cosine-Silhouette,,silhouette,Cosine-Silhouette,M11 - B0,paired,8,B0,3,49,49,[]
4,Cosine-Silhouette,,silhouette,Cosine-Silhouette,M11 - B0,paired,10,M11,1,49,49,[]
4,Cosine-Silhouette,,silhouette,Cosine-Silhouette,M11 - B0,paired,10,M11,2,49,49,[]
4,Cosine-Silhouette,,silhouette,Cosine-Silhouette,M11 - B0,paired,10,M11,3,49,49,[]
4,Cosine-Silhouette,,silhouette,Cosine-Silhouette,M11 - B0,paired,10,B0,1,49,49,[]
4,Cosine-Silhouette,,silhouette,Cosine-Silhouette,M11 - B0,paired,10,B0,2,49,49,[]
4,Cosine-Silhouette,,silhouette,Cosine-Silhouette,M11 - B0,paired,10,B0,3,49,49,[]
4,Cosine-Silhouette,,silhouette,Cosine-Silhouette,M11 - B0,paired,12,M11,1,49,49,[]
4,Cosine-Silhouette,,silhouette,Cosine-Silhouette,M11 - B0,paired,12,M11,2,49,49,[]
4,Cosine-Silhouette,,silhouette,Cosine-Silhouette,M11 - B0,paired,12,M11,3,49,49,[]
4,Cosine-Silhouette,,silhouette,Cosine-Silhouette,M11 - B0,paired,12,B0,1,49,49,[]
4,Cosine-Silhouette,,silhouette,Cosine-Silhouette,M11 - B0,paired,12,B0,2,49,49,[]
4,Cosine-Silhouette,,silhouette,Cosine-Silhouette,M11 - B0,paired,12,B0,3,49,49,[]
4,Cosine-Silhouette,,silhouette,Cosine-Silhouette,M11 - B0,paired,14,M11,1,49,49,[]
4,Cosine-Silhouette,,silhouette,Cosine-Silhouette,M11 - B0,paired,14,M11,2,49,49,[]
4,Cosine-Silhouette,,silhouette,Cosine-Silhouette,M11 - B0,paired,14,M11,3,49,49,[]
4,Cosine-Silhouette,,silhouette,Cosine-Silhouette,M11 - B0,paired,14,B0,1,49,49,[]
4,Cosine-Silhouette,,silhouette,Cosine-Silhouette,M11 - B0,paired,14,B0,2,49,49,[]
4,Cosine-Silhouette,,silhouette,Cosine-Silhouette,M11 - B0,paired,14,B0,3,49,49,[]
4,Cosine-Silhouette,,silhouette,Cosine-Silhouette,M11 - B1,paired,2,M11,1,49,49,[]
4,Cosine-Silhouette,,silhouette,Cosine-Silhouette,M11 - B1,paired,2,M11,2,49,49,[]
4,Cosine-Silhouette,,silhouette,Cosine-Silhouette,M11 - B1,paired,2,M11,3,49,49,[]
4,Cosine-Silhouette,,silhouette,Cosine-Silhouette,M11 - B1,paired,2,B1,1,49,49,[]
4,Cosine-Silhouette,,silhouette,Cosine-Silhouette,M11 - B1,paired,2,B1,2,49,49,[]
4,Cosine-Silhouette,,silhouette,Cosine-Silhouette,M11 - B1,paired,2,B1,3,49,49,[]
4,Cosine-Silhouette,,silhouette,Cosine-Silhouette,M11 - B1,paired,4,M11,1,49,49,[]
4,Cosine-Silhouette,,silhouette,Cosine-Silhouette,M11 - B1,paired,4,M11,2,49,49,[]
4,Cosine-Silhouette,,silhouette,Cosine-Silhouette,M11 - B1,paired,4,M11,3,49,49,[]
4,Cosine-Silhouette,,silhouette,Cosine-Silhouette,M11 - B1,paired,4,B1,1,49,49,[]
4,Cosine-Silhouette,,silhouette,Cosine-Silhouette,M11 - B1,paired,4,B1,2,49,49,[]
4,Cosine-Silhouette,,silhouette,Cosine-Silhouette,M11 - B1,paired,4,B1,3,49,49,[]
4,Cosine-Silhouette,,silhouette,Cosine-Silhouette,M11 - B1,paired,6,M11,1,49,49,[]
4,Cosine-Silhouette,,silhouette,Cosine-Silhouette,M11 - B1,paired,6,M11,2,49,49,[]
4,Cosine-Silhouette,,silhouette,Cosine-Silhouette,M11 - B1,paired,6,M11,3,49,49,[]
4,Cosine-Silhouette,,silhouette,Cosine-Silhouette,M11 - B1,paired,6,B1,1,49,49,[]
4,Cosine-Silhouette,,silhouette,Cosine-Silhouette,M11 - B1,paired,6,B1,2,49,49,[]
4,Cosine-Silhouette,,silhouette,Cosine-Silhouette,M11 - B1,paired,6,B1,3,49,49,[]
4,Cosine-Silhouette,,silhouette,Cosine-Silhouette,M11 - B1,paired,8,M11,1,49,49,[]
4,Cosine-Silhouette,,silhouette,Cosine-Silhouette,M11 - B1,paired,8,M11,2,49,49,[]
4,Cosine-Silhouette,,silhouette,Cosine-Silhouette,M11 - B1,paired,8,M11,3,49,49,[]
4,Cosine-Silhouette,,silhouette,Cosine-Silhouette,M11 - B1,paired,8,B1,1,49,49,[]
4,Cosine-Silhouette,,silhouette,Cosine-Silhouette,M11 - B1,paired,8,B1,2,49,49,[]
4,Cosine-Silhouette,,silhouette,Cosine-Silhouette,M11 - B1,paired,8,B1,3,49,49,[]
4,Cosine-Silhouette,,silhouette,Cosine-Silhouette,M11 - B1,paired,10,M11,1,49,49,[]
4,Cosine-Silhouette,,silhouette,Cosine-Silhouette,M11 - B1,paired,10,M11,2,49,49,[]
4,Cosine-Silhouette,,silhouette,Cosine-Silhouette,M11 - B1,paired,10,M11,3,49,49,[]
4,Cosine-Silhouette,,silhouette,Cosine-Silhouette,M11 - B1,paired,10,B1,1,49,49,[]
4,Cosine-Silhouette,,silhouette,Cosine-Silhouette,M11 - B1,paired,10,B1,2,49,49,[]
4,Cosine-Silhouette,,silhouette,Cosine-Silhouette,M11 - B1,paired,10,B1,3,49,49,[]
4,Cosine-Silhouette,,silhouette,Cosine-Silhouette,M11 - B1,paired,12,M11,1,49,49,[]
4,Cosine-Silhouette,,silhouette,Cosine-Silhouette,M11 - B1,paired,12,M11,2,49,49,[]
4,Cosine-Silhouette,,silhouette,Cosine-Silhouette,M11 - B1,paired,12,M11,3,49,49,[]
4,Cosine-Silhouette,,silhouette,Cosine-Silhouette,M11 - B1,paired,12,B1,1,49,49,[]
4,Cosine-Silhouette,,silhouette,Cosine-Silhouette,M11 - B1,paired,12,B1,2,49,49,[]
4,Cosine-Silhouette,,silhouette,Cosine-Silhouette,M11 - B1,paired,12,B1,3,49,49,[]
4,Cosine-Silhouette,,silhouette,Cosine-Silhouette,M11 - B1,paired,14,M11,1,49,49,[]
4,Cosine-Silhouette,,silhouette,Cosine-Silhouette,M11 - B1,paired,14,M11,2,49,49,[]
4,Cosine-Silhouette,,silhouette,Cosine-Silhouette,M11 - B1,paired,14,M11,3,49,49,[]
4,Cosine-Silhouette,,silhouette,Cosine-Silhouette,M11 - B1,paired,14,B1,1,49,49,[]
4,Cosine-Silhouette,,silhouette,Cosine-Silhouette,M11 - B1,paired,14,B1,2,49,49,[]
4,Cosine-Silhouette,,silhouette,Cosine-Silhouette,M11 - B1,paired,14,B1,3,49,49,[]
4,Cosine-Silhouette,,silhouette,Cosine-Silhouette,M11 - M00,paired,2,M11,1,49,49,[]
4,Cosine-Silhouette,,silhouette,Cosine-Silhouette,M11 - M00,paired,2,M11,2,49,49,[]
4,Cosine-Silhouette,,silhouette,Cosine-Silhouette,M11 - M00,paired,2,M11,3,49,49,[]
4,Cosine-Silhouette,,silhouette,Cosine-Silhouette,M11 - M00,paired,2,M00,1,49,49,[]
4,Cosine-Silhouette,,silhouette,Cosine-Silhouette,M11 - M00,paired,2,M00,2,49,49,[]
4,Cosine-Silhouette,,silhouette,Cosine-Silhouette,M11 - M00,paired,2,M00,3,49,49,[]
4,Cosine-Silhouette,,silhouette,Cosine-Silhouette,M11 - M00,paired,4,M11,1,49,49,[]
4,Cosine-Silhouette,,silhouette,Cosine-Silhouette,M11 - M00,paired,4,M11,2,49,49,[]
4,Cosine-Silhouette,,silhouette,Cosine-Silhouette,M11 - M00,paired,4,M11,3,49,49,[]
4,Cosine-Silhouette,,silhouette,Cosine-Silhouette,M11 - M00,paired,4,M00,1,49,49,[]
4,Cosine-Silhouette,,silhouette,Cosine-Silhouette,M11 - M00,paired,4,M00,2,49,49,[]
4,Cosine-Silhouette,,silhouette,Cosine-Silhouette,M11 - M00,paired,4,M00,3,49,49,[]
4,Cosine-Silhouette,,silhouette,Cosine-Silhouette,M11 - M00,paired,6,M11,1,49,49,[]
4,Cosine-Silhouette,,silhouette,Cosine-Silhouette,M11 - M00,paired,6,M11,2,49,49,[]
4,Cosine-Silhouette,,silhouette,Cosine-Silhouette,M11 - M00,paired,6,M11,3,49,49,[]
4,Cosine-Silhouette,,silhouette,Cosine-Silhouette,M11 - M00,paired,6,M00,1,49,49,[]
4,Cosine-Silhouette,,silhouette,Cosine-Silhouette,M11 - M00,paired,6,M00,2,49,49,[]
4,Cosine-Silhouette,,silhouette,Cosine-Silhouette,M11 - M00,paired,6,M00,3,49,49,[]
4,Cosine-Silhouette,,silhouette,Cosine-Silhouette,M11 - M00,paired,8,M11,1,49,49,[]
4,Cosine-Silhouette,,silhouette,Cosine-Silhouette,M11 - M00,paired,8,M11,2,49,49,[]
4,Cosine-Silhouette,,silhouette,Cosine-Silhouette,M11 - M00,paired,8,M11,3,49,49,[]
4,Cosine-Silhouette,,silhouette,Cosine-Silhouette,M11 - M00,paired,8,M00,1,49,49,[]
4,Cosine-Silhouette,,silhouette,Cosine-Silhouette,M11 - M00,paired,8,M00,2,49,49,[]
4,Cosine-Silhouette,,silhouette,Cosine-Silhouette,M11 - M00,paired,8,M00,3,49,49,[]
4,Cosine-Silhouette,,silhouette,Cosine-Silhouette,M11 - M00,paired,10,M11,1,49,49,[]
4,Cosine-Silhouette,,silhouette,Cosine-Silhouette,M11 - M00,paired,10,M11,2,49,49,[]
4,Cosine-Silhouette,,silhouette,Cosine-Silhouette,M11 - M00,paired,10,M11,3,49,49,[]
4,Cosine-Silhouette,,silhouette,Cosine-Silhouette,M11 - M00,paired,10,M00,1,49,49,[]
4,Cosine-Silhouette,,silhouette,Cosine-Silhouette,M11 - M00,paired,10,M00,2,49,49,[]
4,Cosine-Silhouette,,silhouette,Cosine-Silhouette,M11 - M00,paired,10,M00,3,49,49,[]
4,Cosine-Silhouette,,silhouette,Cosine-Silhouette,M11 - M00,paired,12,M11,1,49,49,[]
4,Cosine-Silhouette,,silhouette,Cosine-Silhouette,M11 - M00,paired,12,M11,2,49,49,[]
4,Cosine-Silhouette,,silhouette,Cosine-Silhouette,M11 - M00,paired,12,M11,3,49,49,[]
4,Cosine-Silhouette,,silhouette,Cosine-Silhouette,M11 - M00,paired,12,M00,1,49,49,[]
4,Cosine-Silhouette,,silhouette,Cosine-Silhouette,M11 - M00,paired,12,M00,2,49,49,[]
4,Cosine-Silhouette,,silhouette,Cosine-Silhouette,M11 - M00,paired,12,M00,3,49,49,[]
4,Cosine-Silhouette,,silhouette,Cosine-Silhouette,M11 - M00,paired,14,M11,1,49,49,[]
4,Cosine-Silhouette,,silhouette,Cosine-Silhouette,M11 - M00,paired,14,M11,2,49,49,[]
4,Cosine-Silhouette,,silhouette,Cosine-Silhouette,M11 - M00,paired,14,M11,3,49,49,[]
4,Cosine-Silhouette,,silhouette,Cosine-Silhouette,M11 - M00,paired,14,M00,1,49,49,[]
4,Cosine-Silhouette,,silhouette,Cosine-Silhouette,M11 - M00,paired,14,M00,2,49,49,[]
4,Cosine-Silhouette,,silhouette,Cosine-Silhouette,M11 - M00,paired,14,M00,3,49,49,[]
4,Cosine-Silhouette,,silhouette,Cosine-Silhouette,M11 - M01,paired,2,M11,1,49,49,[]
4,Cosine-Silhouette,,silhouette,Cosine-Silhouette,M11 - M01,paired,2,M11,2,49,49,[]
4,Cosine-Silhouette,,silhouette,Cosine-Silhouette,M11 - M01,paired,2,M11,3,49,49,[]
4,Cosine-Silhouette,,silhouette,Cosine-Silhouette,M11 - M01,paired,2,M01,1,49,49,[]
4,Cosine-Silhouette,,silhouette,Cosine-Silhouette,M11 - M01,paired,2,M01,2,49,49,[]
4,Cosine-Silhouette,,silhouette,Cosine-Silhouette,M11 - M01,paired,2,M01,3,49,49,[]
4,Cosine-Silhouette,,silhouette,Cosine-Silhouette,M11 - M01,paired,4,M11,1,49,49,[]
4,Cosine-Silhouette,,silhouette,Cosine-Silhouette,M11 - M01,paired,4,M11,2,49,49,[]
4,Cosine-Silhouette,,silhouette,Cosine-Silhouette,M11 - M01,paired,4,M11,3,49,49,[]
4,Cosine-Silhouette,,silhouette,Cosine-Silhouette,M11 - M01,paired,4,M01,1,49,49,[]
4,Cosine-Silhouette,,silhouette,Cosine-Silhouette,M11 - M01,paired,4,M01,2,49,49,[]
4,Cosine-Silhouette,,silhouette,Cosine-Silhouette,M11 - M01,paired,4,M01,3,49,49,[]
4,Cosine-Silhouette,,silhouette,Cosine-Silhouette,M11 - M01,paired,6,M11,1,49,49,[]
4,Cosine-Silhouette,,silhouette,Cosine-Silhouette,M11 - M01,paired,6,M11,2,49,49,[]
4,Cosine-Silhouette,,silhouette,Cosine-Silhouette,M11 - M01,paired,6,M11,3,49,49,[]
4,Cosine-Silhouette,,silhouette,Cosine-Silhouette,M11 - M01,paired,6,M01,1,49,49,[]
4,Cosine-Silhouette,,silhouette,Cosine-Silhouette,M11 - M01,paired,6,M01,2,49,49,[]
4,Cosine-Silhouette,,silhouette,Cosine-Silhouette,M11 - M01,paired,6,M01,3,49,49,[]
4,Cosine-Silhouette,,silhouette,Cosine-Silhouette,M11 - M01,paired,8,M11,1,49,49,[]
4,Cosine-Silhouette,,silhouette,Cosine-Silhouette,M11 - M01,paired,8,M11,2,49,49,[]
4,Cosine-Silhouette,,silhouette,Cosine-Silhouette,M11 - M01,paired,8,M11,3,49,49,[]
4,Cosine-Silhouette,,silhouette,Cosine-Silhouette,M11 - M01,paired,8,M01,1,49,49,[]
4,Cosine-Silhouette,,silhouette,Cosine-Silhouette,M11 - M01,paired,8,M01,2,49,49,[]
4,Cosine-Silhouette,,silhouette,Cosine-Silhouette,M11 - M01,paired,8,M01,3,49,49,[]
4,Cosine-Silhouette,,silhouette,Cosine-Silhouette,M11 - M01,paired,10,M11,1,49,49,[]
4,Cosine-Silhouette,,silhouette,Cosine-Silhouette,M11 - M01,paired,10,M11,2,49,49,[]
4,Cosine-Silhouette,,silhouette,Cosine-Silhouette,M11 - M01,paired,10,M11,3,49,49,[]
4,Cosine-Silhouette,,silhouette,Cosine-Silhouette,M11 - M01,paired,10,M01,1,49,49,[]
4,Cosine-Silhouette,,silhouette,Cosine-Silhouette,M11 - M01,paired,10,M01,2,49,49,[]
4,Cosine-Silhouette,,silhouette,Cosine-Silhouette,M11 - M01,paired,10,M01,3,49,49,[]
4,Cosine-Silhouette,,silhouette,Cosine-Silhouette,M11 - M01,paired,12,M11,1,49,49,[]
4,Cosine-Silhouette,,silhouette,Cosine-Silhouette,M11 - M01,paired,12,M11,2,49,49,[]
4,Cosine-Silhouette,,silhouette,Cosine-Silhouette,M11 - M01,paired,12,M11,3,49,49,[]
4,Cosine-Silhouette,,silhouette,Cosine-Silhouette,M11 - M01,paired,12,M01,1,49,49,[]
4,Cosine-Silhouette,,silhouette,Cosine-Silhouette,M11 - M01,paired,12,M01,2,49,49,[]
4,Cosine-Silhouette,,silhouette,Cosine-Silhouette,M11 - M01,paired,12,M01,3,49,49,[]
4,Cosine-Silhouette,,silhouette,Cosine-Silhouette,M11 - M01,paired,14,M11,1,49,49,[]
4,Cosine-Silhouette,,silhouette,Cosine-Silhouette,M11 - M01,paired,14,M11,2,49,49,[]
4,Cosine-Silhouette,,silhouette,Cosine-Silhouette,M11 - M01,paired,14,M11,3,49,49,[]
4,Cosine-Silhouette,,silhouette,Cosine-Silhouette,M11 - M01,paired,14,M01,1,49,49,[]
4,Cosine-Silhouette,,silhouette,Cosine-Silhouette,M11 - M01,paired,14,M01,2,49,49,[]
4,Cosine-Silhouette,,silhouette,Cosine-Silhouette,M11 - M01,paired,14,M01,3,49,49,[]
4,Cosine-Silhouette,,silhouette,Cosine-Silhouette,M11 - M10,paired,2,M11,1,49,49,[]
4,Cosine-Silhouette,,silhouette,Cosine-Silhouette,M11 - M10,paired,2,M11,2,49,49,[]
4,Cosine-Silhouette,,silhouette,Cosine-Silhouette,M11 - M10,paired,2,M11,3,49,49,[]
4,Cosine-Silhouette,,silhouette,Cosine-Silhouette,M11 - M10,paired,2,M10,1,49,49,[]
4,Cosine-Silhouette,,silhouette,Cosine-Silhouette,M11 - M10,paired,2,M10,2,49,49,[]
4,Cosine-Silhouette,,silhouette,Cosine-Silhouette,M11 - M10,paired,2,M10,3,49,49,[]
4,Cosine-Silhouette,,silhouette,Cosine-Silhouette,M11 - M10,paired,4,M11,1,49,49,[]
4,Cosine-Silhouette,,silhouette,Cosine-Silhouette,M11 - M10,paired,4,M11,2,49,49,[]
4,Cosine-Silhouette,,silhouette,Cosine-Silhouette,M11 - M10,paired,4,M11,3,49,49,[]
4,Cosine-Silhouette,,silhouette,Cosine-Silhouette,M11 - M10,paired,4,M10,1,49,49,[]
4,Cosine-Silhouette,,silhouette,Cosine-Silhouette,M11 - M10,paired,4,M10,2,49,49,[]
4,Cosine-Silhouette,,silhouette,Cosine-Silhouette,M11 - M10,paired,4,M10,3,49,49,[]
4,Cosine-Silhouette,,silhouette,Cosine-Silhouette,M11 - M10,paired,6,M11,1,49,49,[]
4,Cosine-Silhouette,,silhouette,Cosine-Silhouette,M11 - M10,paired,6,M11,2,49,49,[]
4,Cosine-Silhouette,,silhouette,Cosine-Silhouette,M11 - M10,paired,6,M11,3,49,49,[]
4,Cosine-Silhouette,,silhouette,Cosine-Silhouette,M11 - M10,paired,6,M10,1,49,49,[]
4,Cosine-Silhouette,,silhouette,Cosine-Silhouette,M11 - M10,paired,6,M10,2,49,49,[]
4,Cosine-Silhouette,,silhouette,Cosine-Silhouette,M11 - M10,paired,6,M10,3,49,49,[]
4,Cosine-Silhouette,,silhouette,Cosine-Silhouette,M11 - M10,paired,8,M11,1,49,49,[]
4,Cosine-Silhouette,,silhouette,Cosine-Silhouette,M11 - M10,paired,8,M11,2,49,49,[]
4,Cosine-Silhouette,,silhouette,Cosine-Silhouette,M11 - M10,paired,8,M11,3,49,49,[]
4,Cosine-Silhouette,,silhouette,Cosine-Silhouette,M11 - M10,paired,8,M10,1,49,49,[]
4,Cosine-Silhouette,,silhouette,Cosine-Silhouette,M11 - M10,paired,8,M10,2,49,49,[]
4,Cosine-Silhouette,,silhouette,Cosine-Silhouette,M11 - M10,paired,8,M10,3,49,49,[]
4,Cosine-Silhouette,,silhouette,Cosine-Silhouette,M11 - M10,paired,10,M11,1,49,49,[]
4,Cosine-Silhouette,,silhouette,Cosine-Silhouette,M11 - M10,paired,10,M11,2,49,49,[]
4,Cosine-Silhouette,,silhouette,Cosine-Silhouette,M11 - M10,paired,10,M11,3,49,49,[]
4,Cosine-Silhouette,,silhouette,Cosine-Silhouette,M11 - M10,paired,10,M10,1,49,49,[]
4,Cosine-Silhouette,,silhouette,Cosine-Silhouette,M11 - M10,paired,10,M10,2,49,49,[]
4,Cosine-Silhouette,,silhouette,Cosine-Silhouette,M11 - M10,paired,10,M10,3,49,49,[]
4,Cosine-Silhouette,,silhouette,Cosine-Silhouette,M11 - M10,paired,12,M11,1,49,49,[]
4,Cosine-Silhouette,,silhouette,Cosine-Silhouette,M11 - M10,paired,12,M11,2,49,49,[]
4,Cosine-Silhouette,,silhouette,Cosine-Silhouette,M11 - M10,paired,12,M11,3,49,49,[]
4,Cosine-Silhouette,,silhouette,Cosine-Silhouette,M11 - M10,paired,12,M10,1,49,49,[]
4,Cosine-Silhouette,,silhouette,Cosine-Silhouette,M11 - M10,paired,12,M10,2,49,49,[]
4,Cosine-Silhouette,,silhouette,Cosine-Silhouette,M11 - M10,paired,12,M10,3,49,49,[]
4,Cosine-Silhouette,,silhouette,Cosine-Silhouette,M11 - M10,paired,14,M11,1,49,49,[]
4,Cosine-Silhouette,,silhouette,Cosine-Silhouette,M11 - M10,paired,14,M11,2,49,49,[]
4,Cosine-Silhouette,,silhouette,Cosine-Silhouette,M11 - M10,paired,14,M11,3,49,49,[]
4,Cosine-Silhouette,,silhouette,Cosine-Silhouette,M11 - M10,paired,14,M10,1,49,49,[]
4,Cosine-Silhouette,,silhouette,Cosine-Silhouette,M11 - M10,paired,14,M10,2,49,49,[]
4,Cosine-Silhouette,,silhouette,Cosine-Silhouette,M11 - M10,paired,14,M10,3,49,49,[]
