condition,contrast,cluster,kind,wavelength_nm,difference,aggregation
M11,M11-M00,1,reflectance,913.1,-0.0007248459603046431,difference of equal-sample representative means; not paired
M11,M11-M00,1,reflectance,918.5607450980392,-0.0016052026657352725,difference of equal-sample representative means; not paired
M11,M11-M00,1,reflectance,924.0214901960785,-0.002112866956734183,difference of equal-sample representative means; not paired
M11,M11-M00,1,reflectance,929.4822352941177,-0.0024688126865757276,difference of equal-sample representative means; not paired
M11,M11-M00,1,reflectance,934.9429803921569,-0.002716842748579862,difference of equal-sample representative means; not paired
M11,M11-M00,1,reflectance,940.4037254901962,-0.0028843684167431105,difference of equal-sample representative means; not paired
M11,M11-M00,1,reflectance,945.8644705882353,-0.0030093863299532897,difference of equal-sample representative means; not paired
M11,M11-M00,1,reflectance,951.3252156862745,-0.0030798685745310195,difference of equal-sample representative means; not paired
M11,M11-M00,1,reflectance,956.7859607843137,-0.0031479723020231276,difference of equal-sample representative means; not paired
M11,M11-M00,1,reflectance,962.246705882353,-0.0031309222839167594,difference of equal-sample representative means; not paired
M11,M11-M00,1,reflectance,967.7074509803922,-0.0031642978564195845,difference of equal-sample representative means; not paired
M11,M11-M00,1,reflectance,973.1681960784314,-0.0032114455192562286,difference of equal-sample representative means; not paired
M11,M11-M00,1,reflectance,978.6289411764706,-0.0032311732827632333,difference of equal-sample representative means; not paired
M11,M11-M00,1,reflectance,984.0896862745099,-0.0032332171358667727,difference of equal-sample representative means; not paired
M11,M11-M00,1,reflectance,989.550431372549,-0.003268429175743104,difference of equal-sample representative means; not paired
M11,M11-M00,1,reflectance,995.0111764705882,-0.0032827327072755264,difference of equal-sample representative means; not paired
M11,M11-M00,1,reflectance,1000.4719215686275,-0.0032736377646450654,difference of equal-sample representative means; not paired
M11,M11-M00,1,reflectance,1005.9326666666667,-0.0032889878877550016,difference of equal-sample representative means; not paired
M11,M11-M00,1,reflectance,1011.3934117647059,-0.0032754614372987323,difference of equal-sample representative means; not paired
M11,M11-M00,1,reflectance,1016.8541568627452,-0.003266849694919194,difference of equal-sample representative means; not paired
M11,M11-M00,1,reflectance,1022.3149019607844,-0.0032813970184983887,difference of equal-sample representative means; not paired
M11,M11-M00,1,reflectance,1027.7756470588236,-0.0032693365709404176,difference of equal-sample representative means; not paired
M11,M11-M00,1,reflectance,1033.2363921568628,-0.003296970352640316,difference of equal-sample representative means; not paired
M11,M11-M00,1,reflectance,1038.697137254902,-0.003282661862290537,difference of equal-sample representative means; not paired
M11,M11-M00,1,reflectance,1044.1578823529412,-0.003324614295456718,difference of equal-sample representative means; not paired
M11,M11-M00,1,reflectance,1049.6186274509805,-0.0033317859736510247,difference of equal-sample representative means; not paired
M11,M11-M00,1,reflectance,1055.0793725490196,-0.0033171491588150914,difference of equal-sample representative means; not paired
M11,M11-M00,1,reflectance,1060.5401176470589,-0.003325150403125643,difference of equal-sample representative means; not paired
M11,M11-M00,1,reflectance,1066.0008627450982,-0.0033647470370129495,difference of equal-sample representative means; not paired
M11,M11-M00,1,reflectance,1071.4616078431372,-0.003379699960581739,difference of equal-sample representative means; not paired
M11,M11-M00,1,reflectance,1076.9223529411765,-0.003375298717530062,difference of equal-sample representative means; not paired
M11,M11-M00,1,reflectance,1082.3830980392158,-0.003411902895618768,difference of equal-sample representative means; not paired
M11,M11-M00,1,reflectance,1087.843843137255,-0.0034309053580122706,difference of equal-sample representative means; not paired
M11,M11-M00,1,reflectance,1093.3045882352942,-0.003453566715307055,difference of equal-sample representative means; not paired
M11,M11-M00,1,reflectance,1098.7653333333333,-0.0034858637820268656,difference of equal-sample representative means; not paired
M11,M11-M00,1,reflectance,1104.2260784313726,-0.003503687406207212,difference of equal-sample representative means; not paired
M11,M11-M00,1,reflectance,1109.6868235294119,-0.0034873390316528807,difference of equal-sample representative means; not paired
M11,M11-M00,1,reflectance,1115.1475686274512,-0.0034981444535789885,difference of equal-sample representative means; not paired
M11,M11-M00,1,reflectance,1120.6083137254902,-0.003498509741717837,difference of equal-sample representative means; not paired
M11,M11-M00,1,reflectance,1126.0690588235295,-0.003465312239507967,difference of equal-sample representative means; not paired
M11,M11-M00,1,reflectance,1131.5298039215686,-0.0034430583013086435,difference of equal-sample representative means; not paired
M11,M11-M00,1,reflectance,1136.990549019608,-0.0034243361254588933,difference of equal-sample representative means; not paired
M11,M11-M00,1,reflectance,1142.4512941176472,-0.00339584154807282,difference of equal-sample representative means; not paired
M11,M11-M00,1,reflectance,1147.9120392156863,-0.0033783858116707144,difference of equal-sample representative means; not paired
M11,M11-M00,1,reflectance,1153.3727843137256,-0.0033232656015897977,difference of equal-sample representative means; not paired
M11,M11-M00,1,reflectance,1158.8335294117649,-0.0033106280447371406,difference of equal-sample representative means; not paired
M11,M11-M00,1,reflectance,1164.294274509804,-0.003262573013829595,difference of equal-sample representative means; not paired
M11,M11-M00,1,reflectance,1169.7550196078432,-0.003204090015003991,difference of equal-sample representative means; not paired
M11,M11-M00,1,reflectance,1175.2157647058825,-0.003138018139005161,difference of equal-sample representative means; not paired
M11,M11-M00,1,reflectance,1180.6765098039216,-0.0030708064811955094,difference of equal-sample representative means; not paired
M11,M11-M00,1,reflectance,1186.137254901961,-0.0030201156815451435,difference of equal-sample representative means; not paired
M11,M11-M00,1,reflectance,1191.598,-0.002985886659680359,difference of equal-sample representative means; not paired
M11,M11-M00,1,reflectance,1197.0587450980393,-0.0030034618550301984,difference of equal-sample representative means; not paired
M11,M11-M00,1,reflectance,1202.5194901960786,-0.0030460562061586094,difference of equal-sample representative means; not paired
M11,M11-M00,1,reflectance,1207.9802352941178,-0.003060067332361416,difference of equal-sample representative means; not paired
M11,M11-M00,1,reflectance,1213.440980392157,-0.0030902069530799325,difference of equal-sample representative means; not paired
M11,M11-M00,1,reflectance,1218.9017254901962,-0.003124599441332254,difference of equal-sample representative means; not paired
M11,M11-M00,1,reflectance,1224.3624705882353,-0.003130274084653051,difference of equal-sample representative means; not paired
M11,M11-M00,1,reflectance,1229.8232156862746,-0.00316218926408951,difference of equal-sample representative means; not paired
M11,M11-M00,1,reflectance,1235.2839607843139,-0.003188445533610529,difference of equal-sample representative means; not paired
M11,M11-M00,1,reflectance,1240.7447058823532,-0.0032179219804693293,difference of equal-sample representative means; not paired
M11,M11-M00,1,reflectance,1246.2054509803922,-0.003243711794903681,difference of equal-sample representative means; not paired
M11,M11-M00,1,reflectance,1251.6661960784315,-0.003255514847284924,difference of equal-sample representative means; not paired
M11,M11-M00,1,reflectance,1257.1269411764706,-0.003271057807300748,difference of equal-sample representative means; not paired
M11,M11-M00,1,reflectance,1262.58768627451,-0.00329821014469156,difference of equal-sample representative means; not paired
M11,M11-M00,1,reflectance,1268.0484313725492,-0.003311419008993899,difference of equal-sample representative means; not paired
M11,M11-M00,1,reflectance,1273.5091764705883,-0.0033086382478082488,difference of equal-sample representative means; not paired
M11,M11-M00,1,reflectance,1278.9699215686276,-0.0032953907370684155,difference of equal-sample representative means; not paired
M11,M11-M00,1,reflectance,1284.4306666666666,-0.0033151632774202078,difference of equal-sample representative means; not paired
M11,M11-M00,1,reflectance,1289.891411764706,-0.0033464188549103824,difference of equal-sample representative means; not paired
M11,M11-M00,1,reflectance,1295.3521568627452,-0.0033667912992539906,difference of equal-sample representative means; not paired
M11,M11-M00,1,reflectance,1300.8129019607845,-0.0035144523080611334,difference of equal-sample representative means; not paired
M11,M11-M00,1,reflectance,1306.2736470588236,-0.0037867859498880163,difference of equal-sample representative means; not paired
M11,M11-M00,1,reflectance,1311.734392156863,-0.003383282981607505,difference of equal-sample representative means; not paired
M11,M11-M00,1,reflectance,1317.195137254902,-0.0034020898329436555,difference of equal-sample representative means; not paired
M11,M11-M00,1,reflectance,1322.6558823529413,-0.0033989810043435487,difference of equal-sample representative means; not paired
M11,M11-M00,1,reflectance,1328.1166274509806,-0.003384463633146817,difference of equal-sample representative means; not paired
M11,M11-M00,1,reflectance,1333.5773725490199,-0.0033686351766227807,difference of equal-sample representative means; not paired
M11,M11-M00,1,reflectance,1339.038117647059,-0.0033446686524128966,difference of equal-sample representative means; not paired
M11,M11-M00,1,reflectance,1344.4988627450982,-0.003303182506839364,difference of equal-sample representative means; not paired
M11,M11-M00,1,reflectance,1349.9596078431373,-0.0032535852220828554,difference of equal-sample representative means; not paired
M11,M11-M00,1,reflectance,1355.4203529411766,-0.0032142571890166893,difference of equal-sample representative means; not paired
M11,M11-M00,1,reflectance,1360.8810980392159,-0.003135944870746754,difference of equal-sample representative means; not paired
M11,M11-M00,1,reflectance,1366.341843137255,-0.0030732648653651884,difference of equal-sample representative means; not paired
M11,M11-M00,1,reflectance,1371.8025882352943,-0.003037599130479185,difference of equal-sample representative means; not paired
M11,M11-M00,1,reflectance,1377.2633333333333,-0.0030249745884366463,difference of equal-sample representative means; not paired
M11,M11-M00,1,reflectance,1382.7240784313726,-0.003021593454093807,difference of equal-sample representative means; not paired
M11,M11-M00,1,reflectance,1388.184823529412,-0.003014140901434037,difference of equal-sample representative means; not paired
M11,M11-M00,1,reflectance,1393.6455686274512,-0.003010130796388233,difference of equal-sample representative means; not paired
M11,M11-M00,1,reflectance,1399.1063137254903,-0.002991641971149872,difference of equal-sample representative means; not paired
M11,M11-M00,1,reflectance,1404.5670588235296,-0.0029235088215125993,difference of equal-sample representative means; not paired
M11,M11-M00,1,reflectance,1410.0278039215686,-0.002841081451482985,difference of equal-sample representative means; not paired
M11,M11-M00,1,reflectance,1415.488549019608,-0.0027482722716103414,difference of equal-sample representative means; not paired
M11,M11-M00,1,reflectance,1420.9492941176472,-0.002642487047689046,difference of equal-sample representative means; not paired
M11,M11-M00,1,reflectance,1426.4100392156865,-0.0025414900912062444,difference of equal-sample representative means; not paired
M11,M11-M00,1,reflectance,1431.8707843137256,-0.0024923113522021256,difference of equal-sample representative means; not paired
M11,M11-M00,1,reflectance,1437.3315294117647,-0.0024414231370059603,difference of equal-sample representative means; not paired
M11,M11-M00,1,reflectance,1442.792274509804,-0.0024040446928485504,difference of equal-sample representative means; not paired
M11,M11-M00,1,reflectance,1448.2530196078433,-0.0023802549169388287,difference of equal-sample representative means; not paired
M11,M11-M00,1,reflectance,1453.7137647058826,-0.0023596897124366634,difference of equal-sample representative means; not paired
M11,M11-M00,1,reflectance,1459.1745098039219,-0.002343142052555258,difference of equal-sample representative means; not paired
M11,M11-M00,1,reflectance,1464.635254901961,-0.0023272118602029046,difference of equal-sample representative means; not paired
M11,M11-M00,1,reflectance,1470.096,-0.002301983424912446,difference of equal-sample representative means; not paired
M11,M11-M00,1,reflectance,1475.5567450980393,-0.002304425867021287,difference of equal-sample representative means; not paired
M11,M11-M00,1,reflectance,1481.0174901960786,-0.0022677232085018817,difference of equal-sample representative means; not paired
M11,M11-M00,1,reflectance,1486.478235294118,-0.002271088984820757,difference of equal-sample representative means; not paired
M11,M11-M00,1,reflectance,1491.938980392157,-0.0022751960448821884,difference of equal-sample representative means; not paired
M11,M11-M00,1,reflectance,1497.3997254901963,-0.0022724986088818455,difference of equal-sample representative means; not paired
M11,M11-M00,1,reflectance,1502.8604705882353,-0.0022716719612725367,difference of equal-sample representative means; not paired
M11,M11-M00,1,reflectance,1508.3212156862746,-0.002277739672453871,difference of equal-sample representative means; not paired
M11,M11-M00,1,reflectance,1513.781960784314,-0.0022803546989358936,difference of equal-sample representative means; not paired
M11,M11-M00,1,reflectance,1519.2427058823532,-0.0022975567499280425,difference of equal-sample representative means; not paired
M11,M11-M00,1,reflectance,1524.7034509803923,-0.0023014712827605366,difference of equal-sample representative means; not paired
M11,M11-M00,1,reflectance,1530.1641960784316,-0.0023116203048483275,difference of equal-sample representative means; not paired
M11,M11-M00,1,reflectance,1535.6249411764707,-0.002323716537822096,difference of equal-sample representative means; not paired
M11,M11-M00,1,reflectance,1541.08568627451,-0.0023329424896737505,difference of equal-sample representative means; not paired
M11,M11-M00,1,reflectance,1546.5464313725493,-0.002338930414932494,difference of equal-sample representative means; not paired
M11,M11-M00,1,reflectance,1552.0071764705885,-0.00234583962295587,difference of equal-sample representative means; not paired
M11,M11-M00,1,reflectance,1557.4679215686276,-0.0023648714286318984,difference of equal-sample representative means; not paired
M11,M11-M00,1,reflectance,1562.9286666666667,-0.0023164771473525025,difference of equal-sample representative means; not paired
M11,M11-M00,1,reflectance,1568.389411764706,-0.0023680807424440453,difference of equal-sample representative means; not paired
M11,M11-M00,1,reflectance,1573.8501568627453,-0.002395385705677988,difference of equal-sample representative means; not paired
M11,M11-M00,1,reflectance,1579.3109019607846,-0.0023855710941660946,difference of equal-sample representative means; not paired
M11,M11-M00,1,reflectance,1584.7716470588239,-0.0023739414994997654,difference of equal-sample representative means; not paired
M11,M11-M00,1,reflectance,1590.232392156863,-0.002382885217618147,difference of equal-sample representative means; not paired
M11,M11-M00,1,reflectance,1595.693137254902,-0.0024024257564882467,difference of equal-sample representative means; not paired
M11,M11-M00,1,reflectance,1601.1538823529413,-0.002431327203214151,difference of equal-sample representative means; not paired
M11,M11-M00,1,reflectance,1606.6146274509806,-0.002452777094883618,difference of equal-sample representative means; not paired
M11,M11-M00,1,reflectance,1612.07537254902,-0.002465949063014339,difference of equal-sample representative means; not paired
M11,M11-M00,1,reflectance,1617.536117647059,-0.002486464515234099,difference of equal-sample representative means; not paired
M11,M11-M00,1,reflectance,1622.9968627450983,-0.0025083867606934263,difference of equal-sample representative means; not paired
M11,M11-M00,1,reflectance,1628.4576078431373,-0.002516783243558529,difference of equal-sample representative means; not paired
M11,M11-M00,1,reflectance,1633.9183529411766,-0.002512439696068236,difference of equal-sample representative means; not paired
M11,M11-M00,1,reflectance,1639.379098039216,-0.0025197765525735716,difference of equal-sample representative means; not paired
M11,M11-M00,1,reflectance,1644.8398431372552,-0.0025048966413044327,difference of equal-sample representative means; not paired
M11,M11-M00,1,reflectance,1650.3005882352943,-0.0024681274480964355,difference of equal-sample representative means; not paired
M11,M11-M00,1,reflectance,1655.7613333333334,-0.002445411872530223,difference of equal-sample representative means; not paired
M11,M11-M00,1,reflectance,1661.2220784313727,-0.002413503591044641,difference of equal-sample representative means; not paired
M11,M11-M00,1,reflectance,1666.682823529412,-0.002370652730647349,difference of equal-sample representative means; not paired
M11,M11-M00,1,reflectance,1672.1435686274513,-0.002344884758316068,difference of equal-sample representative means; not paired
M11,M11-M00,1,reflectance,1677.6043137254906,-0.0023253939402703705,difference of equal-sample representative means; not paired
M11,M11-M00,1,reflectance,1683.0650588235296,-0.0023343341343992074,difference of equal-sample representative means; not paired
M11,M11-M00,1,reflectance,1688.5258039215687,-0.0022785331191905733,difference of equal-sample representative means; not paired
M11,M11-M00,1,reflectance,1693.986549019608,-0.0022427111823244417,difference of equal-sample representative means; not paired
M11,M11-M00,1,reflectance,1699.4472941176473,-0.0022284174518674704,difference of equal-sample representative means; not paired
M11,M11-M00,1,reflectance,1704.9080392156866,-0.002213104340033356,difference of equal-sample representative means; not paired
M11,M11-M00,1,reflectance,1710.3687843137257,-0.002195814874762725,difference of equal-sample representative means; not paired
M11,M11-M00,1,reflectance,1715.829529411765,-0.0022043152666606503,difference of equal-sample representative means; not paired
M11,M11-M00,1,reflectance,1721.290274509804,-0.0022014418659488943,difference of equal-sample representative means; not paired
M11,M11-M00,1,reflectance,1726.7510196078433,-0.0022582743356794888,difference of equal-sample representative means; not paired
M11,M11-M00,1,reflectance,1732.2117647058826,-0.0022407441899046088,difference of equal-sample representative means; not paired
M11,M11-M00,1,reflectance,1737.672509803922,-0.0022435407139970165,difference of equal-sample representative means; not paired
M11,M11-M00,1,reflectance,1743.133254901961,-0.0022333599459344877,difference of equal-sample representative means; not paired
M11,M11-M00,1,reflectance,1748.594,-0.0022129239264909173,difference of equal-sample representative means; not paired
M11,M11-M00,1,reflectance,1754.0547450980393,-0.002228083144398485,difference of equal-sample representative means; not paired
M11,M11-M00,1,reflectance,1759.5154901960786,-0.00223805125436799,difference of equal-sample representative means; not paired
M11,M11-M00,1,reflectance,1764.976235294118,-0.0022500386771100445,difference of equal-sample representative means; not paired
M11,M11-M00,1,reflectance,1770.4369803921572,-0.002267125596801256,difference of equal-sample representative means; not paired
M11,M11-M00,1,reflectance,1775.8977254901963,-0.0022524135348352403,difference of equal-sample representative means; not paired
M11,M11-M00,1,reflectance,1781.3584705882354,-0.002246536753047368,difference of equal-sample representative means; not paired
M11,M11-M00,1,reflectance,1786.8192156862747,-0.002249685366832732,difference of equal-sample representative means; not paired
M11,M11-M00,1,reflectance,1792.279960784314,-0.0022446475314892855,difference of equal-sample representative means; not paired
M11,M11-M00,1,reflectance,1797.7407058823533,-0.0022386834797474275,difference of equal-sample representative means; not paired
M11,M11-M00,1,reflectance,1803.2014509803923,-0.0022661768598087884,difference of equal-sample representative means; not paired
M11,M11-M00,1,reflectance,1808.6621960784316,-0.002208334953785085,difference of equal-sample representative means; not paired
M11,M11-M00,1,reflectance,1814.1229411764707,-0.0022811743836834153,difference of equal-sample representative means; not paired
M11,M11-M00,1,reflectance,1819.58368627451,-0.0022657360619798284,difference of equal-sample representative means; not paired
M11,M11-M00,1,reflectance,1825.0444313725493,-0.002246852005654054,difference of equal-sample representative means; not paired
M11,M11-M00,1,reflectance,1830.5051764705886,-0.0022652126828114905,difference of equal-sample representative means; not paired
M11,M11-M00,1,reflectance,1835.9659215686277,-0.0022751385020763903,difference of equal-sample representative means; not paired
M11,M11-M00,1,reflectance,1841.4266666666667,-0.0022965794354705693,difference of equal-sample representative means; not paired
M11,M11-M00,1,reflectance,1846.887411764706,-0.002324079648926336,difference of equal-sample representative means; not paired
M11,M11-M00,1,reflectance,1852.3481568627453,-0.002372873471471304,difference of equal-sample representative means; not paired
M11,M11-M00,1,reflectance,1857.8089019607846,-0.0023411722064063945,difference of equal-sample representative means; not paired
M11,M11-M00,1,reflectance,1863.269647058824,-0.002312198029900292,difference of equal-sample representative means; not paired
M11,M11-M00,1,reflectance,1868.730392156863,-0.0022770787721787533,difference of equal-sample representative means; not paired
M11,M11-M00,1,reflectance,1874.191137254902,-0.002218245338714564,difference of equal-sample representative means; not paired
M11,M11-M00,1,reflectance,1879.6518823529414,-0.0021825934584087103,difference of equal-sample representative means; not paired
M11,M11-M00,1,reflectance,1885.1126274509807,-0.0022361058261421984,difference of equal-sample representative means; not paired
M11,M11-M00,1,reflectance,1890.57337254902,-0.002159526666650813,difference of equal-sample representative means; not paired
M11,M11-M00,1,reflectance,1896.034117647059,-0.0020614153261792056,difference of equal-sample representative means; not paired
M11,M11-M00,1,reflectance,1901.4948627450983,-0.0019545056810710837,difference of equal-sample representative means; not paired
M11,M11-M00,1,reflectance,1906.9556078431374,-0.0017875108708869658,difference of equal-sample representative means; not paired
M11,M11-M00,1,reflectance,1912.4163529411767,-0.001623083424969085,difference of equal-sample representative means; not paired
M11,M11-M00,1,reflectance,1917.877098039216,-0.0015459154656375373,difference of equal-sample representative means; not paired
M11,M11-M00,1,reflectance,1923.3378431372553,-0.0015156595434598352,difference of equal-sample representative means; not paired
M11,M11-M00,1,reflectance,1928.7985882352943,-0.0014607449298491837,difference of equal-sample representative means; not paired
M11,M11-M00,1,reflectance,1934.2593333333336,-0.0014935324901942104,difference of equal-sample representative means; not paired
M11,M11-M00,1,reflectance,1939.7200784313727,-0.0014997449531392038,difference of equal-sample representative means; not paired
M11,M11-M00,1,reflectance,1945.180823529412,-0.0015057279352017061,difference of equal-sample representative means; not paired
M11,M11-M00,1,reflectance,1950.6415686274513,-0.0015106385869984862,difference of equal-sample representative means; not paired
M11,M11-M00,1,reflectance,1956.1023137254906,-0.001514644262928383,difference of equal-sample representative means; not paired
M11,M11-M00,1,reflectance,1961.5630588235294,-0.0015337625021980827,difference of equal-sample representative means; not paired
M11,M11-M00,1,reflectance,1967.0238039215687,-0.001583975663049797,difference of equal-sample representative means; not paired
M11,M11-M00,1,reflectance,1972.484549019608,-0.0016377637720816907,difference of equal-sample representative means; not paired
M11,M11-M00,1,reflectance,1977.9452941176473,-0.0015426366289424953,difference of equal-sample representative means; not paired
M11,M11-M00,1,reflectance,1983.4060392156866,-0.0015643890525871007,difference of equal-sample representative means; not paired
M11,M11-M00,1,reflectance,1988.866784313726,-0.0016274525185642208,difference of equal-sample representative means; not paired
M11,M11-M00,1,reflectance,1994.3275294117648,-0.0016294962170623761,difference of equal-sample representative means; not paired
M11,M11-M00,1,reflectance,1999.788274509804,-0.0016137727552218983,difference of equal-sample representative means; not paired
M11,M11-M00,1,reflectance,2005.2490196078434,-0.0017072706403117865,difference of equal-sample representative means; not paired
M11,M11-M00,1,reflectance,2010.7097647058827,-0.0016876504418737448,difference of equal-sample representative means; not paired
M11,M11-M00,1,reflectance,2016.170509803922,-0.001667489705541647,difference of equal-sample representative means; not paired
M11,M11-M00,1,reflectance,2021.6312549019613,-0.001641691868313977,difference of equal-sample representative means; not paired
M11,M11-M00,1,reflectance,2027.092,-0.001594738108541105,difference of equal-sample representative means; not paired
M11,M11-M00,1,reflectance,2032.5527450980394,-0.0015565526012114028,difference of equal-sample representative means; not paired
M11,M11-M00,1,reflectance,2038.0134901960787,-0.001551715922341379,difference of equal-sample representative means; not paired
M11,M11-M00,1,reflectance,2043.474235294118,-0.0015405052205140213,difference of equal-sample representative means; not paired
M11,M11-M00,1,reflectance,2048.9349803921573,-0.0014331291060430962,difference of equal-sample representative means; not paired
M11,M11-M00,1,reflectance,2054.3957254901966,-0.0014177492155538207,difference of equal-sample representative means; not paired
M11,M11-M00,1,reflectance,2059.8564705882354,-0.0013674569073627851,difference of equal-sample representative means; not paired
M11,M11-M00,1,reflectance,2065.3172156862747,-0.0013820157634506502,difference of equal-sample representative means; not paired
M11,M11-M00,1,reflectance,2070.777960784314,-0.0013566828881614867,difference of equal-sample representative means; not paired
M11,M11-M00,1,reflectance,2076.2387058823533,-0.0013323389503520078,difference of equal-sample representative means; not paired
M11,M11-M00,1,reflectance,2081.6994509803926,-0.0013225727544524113,difference of equal-sample representative means; not paired
M11,M11-M00,1,reflectance,2087.1601960784315,-0.001288288387044867,difference of equal-sample representative means; not paired
M11,M11-M00,1,reflectance,2092.6209411764708,-0.0012846151687547769,difference of equal-sample representative means; not paired
M11,M11-M00,1,reflectance,2098.08168627451,-0.0012225690062361294,difference of equal-sample representative means; not paired
M11,M11-M00,1,reflectance,2103.5424313725493,-0.0013137811215216955,difference of equal-sample representative means; not paired
M11,M11-M00,1,reflectance,2109.0031764705886,-0.0012879388008411041,difference of equal-sample representative means; not paired
M11,M11-M00,1,reflectance,2114.463921568628,-0.0012724942230255554,difference of equal-sample representative means; not paired
M11,M11-M00,1,reflectance,2119.924666666667,-0.001290402062363083,difference of equal-sample representative means; not paired
M11,M11-M00,1,reflectance,2125.385411764706,-0.0012884090264547177,difference of equal-sample representative means; not paired
M11,M11-M00,1,reflectance,2130.8461568627454,-0.0012508088762795966,difference of equal-sample representative means; not paired
M11,M11-M00,1,reflectance,2136.3069019607847,-0.0012239109982765672,difference of equal-sample representative means; not paired
M11,M11-M00,1,reflectance,2141.767647058824,-0.0012833061739663254,difference of equal-sample representative means; not paired
M11,M11-M00,1,reflectance,2147.2283921568633,-0.0013393174204159308,difference of equal-sample representative means; not paired
M11,M11-M00,1,reflectance,2152.689137254902,-0.0013224130442974213,difference of equal-sample representative means; not paired
M11,M11-M00,1,reflectance,2158.1498823529414,-0.0013324502926149173,difference of equal-sample representative means; not paired
M11,M11-M00,1,reflectance,2163.6106274509807,-0.0013406830631372824,difference of equal-sample representative means; not paired
M11,M11-M00,1,reflectance,2169.07137254902,-0.0013139268631651713,difference of equal-sample representative means; not paired
M11,M11-M00,1,reflectance,2174.5321176470593,-0.0013729513437845675,difference of equal-sample representative means; not paired
M11,M11-M00,1,reflectance,2179.992862745098,-0.0013601795974531594,difference of equal-sample representative means; not paired
M11,M11-M00,1,reflectance,2185.4536078431374,-0.001379359916918399,difference of equal-sample representative means; not paired
M11,M11-M00,1,reflectance,2190.9143529411767,-0.001426286669861998,difference of equal-sample representative means; not paired
M11,M11-M00,1,reflectance,2196.375098039216,-0.0014414300926261503,difference of equal-sample representative means; not paired
M11,M11-M00,1,reflectance,2201.8358431372553,-0.0014190005461923727,difference of equal-sample representative means; not paired
M11,M11-M00,1,reflectance,2207.2965882352946,-0.0014444052078126934,difference of equal-sample representative means; not paired
M11,M11-M00,1,reflectance,2212.7573333333335,-0.0015362715462223786,difference of equal-sample representative means; not paired
M11,M11-M00,1,reflectance,2218.2180784313728,-0.0014615303067534446,difference of equal-sample representative means; not paired
M11,M11-M00,1,reflectance,2223.678823529412,-0.0013352904425404377,difference of equal-sample representative means; not paired
M11,M11-M00,1,reflectance,2229.1395686274514,-0.0013214100512826676,difference of equal-sample representative means; not paired
M11,M11-M00,1,reflectance,2234.6003137254907,-0.0013494438216117843,difference of equal-sample representative means; not paired
M11,M11-M00,1,reflectance,2240.06105882353,-0.0013705113576238936,difference of equal-sample representative means; not paired
M11,M11-M00,1,reflectance,2245.521803921569,-0.0013147706125049008,difference of equal-sample representative means; not paired
M11,M11-M00,1,reflectance,2250.982549019608,-0.001193806710815537,difference of equal-sample representative means; not paired
M11,M11-M00,1,reflectance,2256.4432941176474,-0.0011075868503799824,difference of equal-sample representative means; not paired
M11,M11-M00,1,reflectance,2261.9040392156867,-0.0011025040534591857,difference of equal-sample representative means; not paired
M11,M11-M00,1,reflectance,2267.364784313726,-0.0010045817803941426,difference of equal-sample representative means; not paired
M11,M11-M00,1,reflectance,2272.825529411765,-0.0008610776937036102,difference of equal-sample representative means; not paired
M11,M11-M00,1,reflectance,2278.286274509804,-0.0007229858383525078,difference of equal-sample representative means; not paired
M11,M11-M00,1,reflectance,2283.7470196078434,-0.000650944330134573,difference of equal-sample representative means; not paired
M11,M11-M00,1,reflectance,2289.2077647058827,-0.0005801025060223064,difference of equal-sample representative means; not paired
M11,M11-M00,1,reflectance,2294.668509803922,-0.00046489886648973244,difference of equal-sample representative means; not paired
M11,M11-M00,1,reflectance,2300.1292549019613,-0.00039083325853969675,difference of equal-sample representative means; not paired
M11,M11-M00,1,reflectance,2305.59,-0.00043996480868233045,difference of equal-sample representative means; not paired
M11,M11-M00,1,snv,913.1,0.018176383140414254,difference of equal-sample representative means; not paired
M11,M11-M00,1,snv,918.5607450980392,0.011242586275482358,difference of equal-sample representative means; not paired
M11,M11-M00,1,snv,924.0214901960785,0.006287973813176029,difference of equal-sample representative means; not paired
M11,M11-M00,1,snv,929.4822352941177,0.0026355126179677946,difference of equal-sample representative means; not paired
M11,M11-M00,1,snv,934.9429803921569,0.00048273794004205506,difference of equal-sample representative means; not paired
M11,M11-M00,1,snv,940.4037254901962,-0.0005613537483786235,difference of equal-sample representative means; not paired
M11,M11-M00,1,snv,945.8644705882353,-0.0012825567881686872,difference of equal-sample representative means; not paired
M11,M11-M00,1,snv,951.3252156862745,-0.0016362082710661419,difference of equal-sample representative means; not paired
M11,M11-M00,1,snv,956.7859607843137,-0.00208321950312218,difference of equal-sample representative means; not paired
M11,M11-M00,1,snv,962.246705882353,-0.0019418572647906807,difference of equal-sample representative means; not paired
M11,M11-M00,1,snv,967.7074509803922,-0.002182508077537948,difference of equal-sample representative means; not paired
M11,M11-M00,1,snv,973.1681960784314,-0.0025452762360880232,difference of equal-sample representative means; not paired
M11,M11-M00,1,snv,978.6289411764706,-0.002584261332246207,difference of equal-sample representative means; not paired
M11,M11-M00,1,snv,984.0896862745099,-0.0023320195818632428,difference of equal-sample representative means; not paired
M11,M11-M00,1,snv,989.550431372549,-0.0024679560818761104,difference of equal-sample representative means; not paired
M11,M11-M00,1,snv,995.0111764705882,-0.0026100725356672516,difference of equal-sample representative means; not paired
M11,M11-M00,1,snv,1000.4719215686275,-0.0019472734965790828,difference of equal-sample representative means; not paired
M11,M11-M00,1,snv,1005.9326666666667,-0.0020823915582279806,difference of equal-sample representative means; not paired
M11,M11-M00,1,snv,1011.3934117647059,-0.0019259983542208037,difference of equal-sample representative means; not paired
M11,M11-M00,1,snv,1016.8541568627452,-0.0018071335556248957,difference of equal-sample representative means; not paired
M11,M11-M00,1,snv,1022.3149019607844,-0.001947933333406926,difference of equal-sample representative means; not paired
M11,M11-M00,1,snv,1027.7756470588236,-0.0015322147862348867,difference of equal-sample representative means; not paired
M11,M11-M00,1,snv,1033.2363921568628,-0.0014053365297641562,difference of equal-sample representative means; not paired
M11,M11-M00,1,snv,1038.697137254902,-0.001369622302317186,difference of equal-sample representative means; not paired
M11,M11-M00,1,snv,1044.1578823529412,-0.0015426787662935482,difference of equal-sample representative means; not paired
M11,M11-M00,1,snv,1049.6186274509805,-0.0015499637231688457,difference of equal-sample representative means; not paired
M11,M11-M00,1,snv,1055.0793725490196,-0.001393014692444794,difference of equal-sample representative means; not paired
M11,M11-M00,1,snv,1060.5401176470589,-0.0013236154270086509,difference of equal-sample representative means; not paired
M11,M11-M00,1,snv,1066.0008627450982,-0.0014944361552815533,difference of equal-sample representative means; not paired
M11,M11-M00,1,snv,1071.4616078431372,-0.0014835170166873635,difference of equal-sample representative means; not paired
M11,M11-M00,1,snv,1076.9223529411765,-0.001493640700529708,difference of equal-sample representative means; not paired
M11,M11-M00,1,snv,1082.3830980392158,-0.00169336092583805,difference of equal-sample representative means; not paired
M11,M11-M00,1,snv,1087.843843137255,-0.0016654381768703708,difference of equal-sample representative means; not paired
M11,M11-M00,1,snv,1093.3045882352942,-0.0016592783205313655,difference of equal-sample representative means; not paired
M11,M11-M00,1,snv,1098.7653333333333,-0.0017336090406465665,difference of equal-sample representative means; not paired
M11,M11-M00,1,snv,1104.2260784313726,-0.0017172869006731872,difference of equal-sample representative means; not paired
M11,M11-M00,1,snv,1109.6868235294119,-0.0016058518631099084,difference of equal-sample representative means; not paired
M11,M11-M00,1,snv,1115.1475686274512,-0.0018606768094429071,difference of equal-sample representative means; not paired
M11,M11-M00,1,snv,1120.6083137254902,-0.0018705434660126752,difference of equal-sample representative means; not paired
M11,M11-M00,1,snv,1126.0690588235295,-0.0014815170528896804,difference of equal-sample representative means; not paired
M11,M11-M00,1,snv,1131.5298039215686,-0.0012368550907191356,difference of equal-sample representative means; not paired
M11,M11-M00,1,snv,1136.990549019608,-0.0011770399996660075,difference of equal-sample representative means; not paired
M11,M11-M00,1,snv,1142.4512941176472,-0.001089985901727264,difference of equal-sample representative means; not paired
M11,M11-M00,1,snv,1147.9120392156863,-0.0009398144126231411,difference of equal-sample representative means; not paired
M11,M11-M00,1,snv,1153.3727843137256,-0.0007298880441459765,difference of equal-sample representative means; not paired
M11,M11-M00,1,snv,1158.8335294117649,-0.0006669245558050818,difference of equal-sample representative means; not paired
M11,M11-M00,1,snv,1164.294274509804,-0.0005875481263655224,difference of equal-sample representative means; not paired
M11,M11-M00,1,snv,1169.7550196078432,-0.00023805322009584629,difference of equal-sample representative means; not paired
M11,M11-M00,1,snv,1175.2157647058825,0.0001399627062494968,difference of equal-sample representative means; not paired
M11,M11-M00,1,snv,1180.6765098039216,0.0004277256303621968,difference of equal-sample representative means; not paired
M11,M11-M00,1,snv,1186.137254901961,0.0008118039114866082,difference of equal-sample representative means; not paired
M11,M11-M00,1,snv,1191.598,0.0012711052471405804,difference of equal-sample representative means; not paired
M11,M11-M00,1,snv,1197.0587450980393,0.000861741309011177,difference of equal-sample representative means; not paired
M11,M11-M00,1,snv,1202.5194901960786,0.0005914169385519141,difference of equal-sample representative means; not paired
M11,M11-M00,1,snv,1207.9802352941178,0.0006614022386127738,difference of equal-sample representative means; not paired
M11,M11-M00,1,snv,1213.440980392157,0.00042024096125981014,difference of equal-sample representative means; not paired
M11,M11-M00,1,snv,1218.9017254901962,0.00018156890664167147,difference of equal-sample representative means; not paired
M11,M11-M00,1,snv,1224.3624705882353,0.0004525648903022095,difference of equal-sample representative means; not paired
M11,M11-M00,1,snv,1229.8232156862746,0.00026760418887938897,difference of equal-sample representative means; not paired
M11,M11-M00,1,snv,1235.2839607843139,9.625235516819153e-05,difference of equal-sample representative means; not paired
M11,M11-M00,1,snv,1240.7447058823532,0.00019789968590444573,difference of equal-sample representative means; not paired
M11,M11-M00,1,snv,1246.2054509803922,0.00030390911652888875,difference of equal-sample representative means; not paired
M11,M11-M00,1,snv,1251.6661960784315,0.000392732290917186,difference of equal-sample representative means; not paired
M11,M11-M00,1,snv,1257.1269411764706,0.00039162855866492485,difference of equal-sample representative means; not paired
M11,M11-M00,1,snv,1262.58768627451,0.00024976233420503924,difference of equal-sample representative means; not paired
M11,M11-M00,1,snv,1268.0484313725492,7.991535215956524e-05,difference of equal-sample representative means; not paired
M11,M11-M00,1,snv,1273.5091764705883,0.0003203958646043059,difference of equal-sample representative means; not paired
M11,M11-M00,1,snv,1278.9699215686276,0.0005154603884871545,difference of equal-sample representative means; not paired
M11,M11-M00,1,snv,1284.4306666666666,0.00038707940316351497,difference of equal-sample representative means; not paired
M11,M11-M00,1,snv,1289.891411764706,0.00039569794452565255,difference of equal-sample representative means; not paired
M11,M11-M00,1,snv,1295.3521568627452,0.00037927359664036153,difference of equal-sample representative means; not paired
M11,M11-M00,1,snv,1300.8129019607845,-0.0004340033715166669,difference of equal-sample representative means; not paired
M11,M11-M00,1,snv,1306.2736470588236,-0.0017775620190578767,difference of equal-sample representative means; not paired
M11,M11-M00,1,snv,1311.734392156863,0.0002559527962773256,difference of equal-sample representative means; not paired
M11,M11-M00,1,snv,1317.195137254902,0.00017414073267407737,difference of equal-sample representative means; not paired
M11,M11-M00,1,snv,1322.6558823529413,6.685844075526859e-05,difference of equal-sample representative means; not paired
M11,M11-M00,1,snv,1328.1166274509806,9.673980026381201e-06,difference of equal-sample representative means; not paired
M11,M11-M00,1,snv,1333.5773725490199,-4.242270385246272e-05,difference of equal-sample representative means; not paired
M11,M11-M00,1,snv,1339.038117647059,-7.167514568551248e-05,difference of equal-sample representative means; not paired
M11,M11-M00,1,snv,1344.4988627450982,-4.6444837623838e-05,difference of equal-sample representative means; not paired
M11,M11-M00,1,snv,1349.9596078431373,-3.139273087005012e-05,difference of equal-sample representative means; not paired
M11,M11-M00,1,snv,1355.4203529411766,-0.00011508698393658534,difference of equal-sample representative means; not paired
M11,M11-M00,1,snv,1360.8810980392159,3.854072051701074e-05,difference of equal-sample representative means; not paired
M11,M11-M00,1,snv,1366.341843137255,0.00012679974353879686,difference of equal-sample representative means; not paired
M11,M11-M00,1,snv,1371.8025882352943,9.134018390655196e-05,difference of equal-sample representative means; not paired
M11,M11-M00,1,snv,1377.2633333333333,-0.00010443399990411883,difference of equal-sample representative means; not paired
M11,M11-M00,1,snv,1382.7240784313726,-0.00038653809977212683,difference of equal-sample representative means; not paired
M11,M11-M00,1,snv,1388.184823529412,-0.0006460329524736186,difference of equal-sample representative means; not paired
M11,M11-M00,1,snv,1393.6455686274512,-0.0011514537054001517,difference of equal-sample representative means; not paired
M11,M11-M00,1,snv,1399.1063137254903,-0.001958119305975531,difference of equal-sample representative means; not paired
M11,M11-M00,1,snv,1404.5670588235296,-0.0021402608288036695,difference of equal-sample representative means; not paired
M11,M11-M00,1,snv,1410.0278039215686,-0.0023978223107147117,difference of equal-sample representative means; not paired
M11,M11-M00,1,snv,1415.488549019608,-0.002612922031241083,difference of equal-sample representative means; not paired
M11,M11-M00,1,snv,1420.9492941176472,-0.002548246579734126,difference of equal-sample representative means; not paired
M11,M11-M00,1,snv,1426.4100392156865,-0.0022757257913225692,difference of equal-sample representative means; not paired
M11,M11-M00,1,snv,1431.8707843137256,-0.0022257020395131666,difference of equal-sample representative means; not paired
M11,M11-M00,1,snv,1437.3315294117647,-0.002117840446591801,difference of equal-sample representative means; not paired
M11,M11-M00,1,snv,1442.792274509804,-0.0020211426526453025,difference of equal-sample representative means; not paired
M11,M11-M00,1,snv,1448.2530196078433,-0.0020441422700185896,difference of equal-sample representative means; not paired
M11,M11-M00,1,snv,1453.7137647058826,-0.0020249344060166985,difference of equal-sample representative means; not paired
M11,M11-M00,1,snv,1459.1745098039219,-0.002018319287962367,difference of equal-sample representative means; not paired
M11,M11-M00,1,snv,1464.635254901961,-0.002055690587250969,difference of equal-sample representative means; not paired
M11,M11-M00,1,snv,1470.096,-0.001990211149315746,difference of equal-sample representative means; not paired
M11,M11-M00,1,snv,1475.5567450980393,-0.001979430718228481,difference of equal-sample representative means; not paired
M11,M11-M00,1,snv,1481.0174901960786,-0.001728796942893629,difference of equal-sample representative means; not paired
M11,M11-M00,1,snv,1486.478235294118,-0.0017667675327123211,difference of equal-sample representative means; not paired
M11,M11-M00,1,snv,1491.938980392157,-0.0017411594102101358,difference of equal-sample representative means; not paired
M11,M11-M00,1,snv,1497.3997254901963,-0.001661672558670002,difference of equal-sample representative means; not paired
M11,M11-M00,1,snv,1502.8604705882353,-0.0016046558505279362,difference of equal-sample representative means; not paired
M11,M11-M00,1,snv,1508.3212156862746,-0.0015593619305696027,difference of equal-sample representative means; not paired
M11,M11-M00,1,snv,1513.781960784314,-0.0014841230924335092,difference of equal-sample representative means; not paired
M11,M11-M00,1,snv,1519.2427058823532,-0.0014873593374242766,difference of equal-sample representative means; not paired
M11,M11-M00,1,snv,1524.7034509803923,-0.0013930555500814013,difference of equal-sample representative means; not paired
M11,M11-M00,1,snv,1530.1641960784316,-0.001393762974478685,difference of equal-sample representative means; not paired
M11,M11-M00,1,snv,1535.6249411764707,-0.0014219209428786295,difference of equal-sample representative means; not paired
M11,M11-M00,1,snv,1541.08568627451,-0.0014131095238081315,difference of equal-sample representative means; not paired
M11,M11-M00,1,snv,1546.5464313725493,-0.0013637180415843053,difference of equal-sample representative means; not paired
M11,M11-M00,1,snv,1552.0071764705885,-0.0013284562299998859,difference of equal-sample representative means; not paired
M11,M11-M00,1,snv,1557.4679215686276,-0.0014359343431234461,difference of equal-sample representative means; not paired
M11,M11-M00,1,snv,1562.9286666666667,-0.0008970350849294428,difference of equal-sample representative means; not paired
M11,M11-M00,1,snv,1568.389411764706,-0.0012138183681224546,difference of equal-sample representative means; not paired
M11,M11-M00,1,snv,1573.8501568627453,-0.001359878963668737,difference of equal-sample representative means; not paired
M11,M11-M00,1,snv,1579.3109019607846,-0.0012364046030068354,difference of equal-sample representative means; not paired
M11,M11-M00,1,snv,1584.7716470588239,-0.0010660003147182073,difference of equal-sample representative means; not paired
M11,M11-M00,1,snv,1590.232392156863,-0.00098145888521739,difference of equal-sample representative means; not paired
M11,M11-M00,1,snv,1595.693137254902,-0.0010828249816894342,difference of equal-sample representative means; not paired
M11,M11-M00,1,snv,1601.1538823529413,-0.0010282750588695988,difference of equal-sample representative means; not paired
M11,M11-M00,1,snv,1606.6146274509806,-0.0010438102191601129,difference of equal-sample representative means; not paired
M11,M11-M00,1,snv,1612.07537254902,-0.0009673198736060429,difference of equal-sample representative means; not paired
M11,M11-M00,1,snv,1617.536117647059,-0.0009439940354570298,difference of equal-sample representative means; not paired
M11,M11-M00,1,snv,1622.9968627450983,-0.000911773960022344,difference of equal-sample representative means; not paired
M11,M11-M00,1,snv,1628.4576078431373,-0.0007903246362854777,difference of equal-sample representative means; not paired
M11,M11-M00,1,snv,1633.9183529411766,-0.000710452281865559,difference of equal-sample representative means; not paired
M11,M11-M00,1,snv,1639.379098039216,-0.000613329441488869,difference of equal-sample representative means; not paired
M11,M11-M00,1,snv,1644.8398431372552,-0.000480244994382123,difference of equal-sample representative means; not paired
M11,M11-M00,1,snv,1650.3005882352943,-0.00015423162651292954,difference of equal-sample representative means; not paired
M11,M11-M00,1,snv,1655.7613333333334,1.6879079036968836e-05,difference of equal-sample representative means; not paired
M11,M11-M00,1,snv,1661.2220784313727,0.00019227704632340803,difference of equal-sample representative means; not paired
M11,M11-M00,1,snv,1666.682823529412,0.00045390771472147984,difference of equal-sample representative means; not paired
M11,M11-M00,1,snv,1672.1435686274513,0.0006533613134126481,difference of equal-sample representative means; not paired
M11,M11-M00,1,snv,1677.6043137254906,0.0007773336441279088,difference of equal-sample representative means; not paired
M11,M11-M00,1,snv,1683.0650588235296,0.0005704544141861279,difference of equal-sample representative means; not paired
M11,M11-M00,1,snv,1688.5258039215687,0.000779011827885201,difference of equal-sample representative means; not paired
M11,M11-M00,1,snv,1693.986549019608,0.0010160420837230233,difference of equal-sample representative means; not paired
M11,M11-M00,1,snv,1699.4472941176473,0.0011073159320320047,difference of equal-sample representative means; not paired
M11,M11-M00,1,snv,1704.9080392156866,0.0011155966772453119,difference of equal-sample representative means; not paired
M11,M11-M00,1,snv,1710.3687843137257,0.0010995510389062435,difference of equal-sample representative means; not paired
M11,M11-M00,1,snv,1715.829529411765,0.000988100815837889,difference of equal-sample representative means; not paired
M11,M11-M00,1,snv,1721.290274509804,0.0010625145118912105,difference of equal-sample representative means; not paired
M11,M11-M00,1,snv,1726.7510196078433,0.0005858534104647983,difference of equal-sample representative means; not paired
M11,M11-M00,1,snv,1732.2117647058826,0.0006706759849025579,difference of equal-sample representative means; not paired
M11,M11-M00,1,snv,1737.672509803922,0.0006631181701107769,difference of equal-sample representative means; not paired
M11,M11-M00,1,snv,1743.133254901961,0.000719881674265288,difference of equal-sample representative means; not paired
M11,M11-M00,1,snv,1748.594,0.000787392220574834,difference of equal-sample representative means; not paired
M11,M11-M00,1,snv,1754.0547450980393,0.0006063784394815808,difference of equal-sample representative means; not paired
M11,M11-M00,1,snv,1759.5154901960786,0.0005808422587681994,difference of equal-sample representative means; not paired
M11,M11-M00,1,snv,1764.976235294118,0.0006050659514785228,difference of equal-sample representative means; not paired
M11,M11-M00,1,snv,1770.4369803921572,0.0003567266940530667,difference of equal-sample representative means; not paired
M11,M11-M00,1,snv,1775.8977254901963,0.000419754858531296,difference of equal-sample representative means; not paired
M11,M11-M00,1,snv,1781.3584705882354,0.0004364939885352359,difference of equal-sample representative means; not paired
M11,M11-M00,1,snv,1786.8192156862747,0.00040849483705196477,difference of equal-sample representative means; not paired
M11,M11-M00,1,snv,1792.279960784314,0.00039451259595979504,difference of equal-sample representative means; not paired
M11,M11-M00,1,snv,1797.7407058823533,0.00025636740835199845,difference of equal-sample representative means; not paired
M11,M11-M00,1,snv,1803.2014509803923,0.00038612054529507667,difference of equal-sample representative means; not paired
M11,M11-M00,1,snv,1808.6621960784316,0.0006859783547150111,difference of equal-sample representative means; not paired
M11,M11-M00,1,snv,1814.1229411764707,0.00030679240274983366,difference of equal-sample representative means; not paired
M11,M11-M00,1,snv,1819.58368627451,0.0007615475250949411,difference of equal-sample representative means; not paired
M11,M11-M00,1,snv,1825.0444313725493,0.0009619666238008806,difference of equal-sample representative means; not paired
M11,M11-M00,1,snv,1830.5051764705886,0.0006786382790435752,difference of equal-sample representative means; not paired
M11,M11-M00,1,snv,1835.9659215686277,0.0005949333663882173,difference of equal-sample representative means; not paired
M11,M11-M00,1,snv,1841.4266666666667,0.00040423866013866716,difference of equal-sample representative means; not paired
M11,M11-M00,1,snv,1846.887411764706,0.00038378339797928707,difference of equal-sample representative means; not paired
M11,M11-M00,1,snv,1852.3481568627453,4.661116894089101e-05,difference of equal-sample representative means; not paired
M11,M11-M00,1,snv,1857.8089019607846,0.00017575293037802586,difference of equal-sample representative means; not paired
M11,M11-M00,1,snv,1863.269647058824,0.0003169882507086941,difference of equal-sample representative means; not paired
M11,M11-M00,1,snv,1868.730392156863,0.0004834783301526646,difference of equal-sample representative means; not paired
M11,M11-M00,1,snv,1874.191137254902,0.0007587975984820194,difference of equal-sample representative means; not paired
M11,M11-M00,1,snv,1879.6518823529414,0.0007812974262262351,difference of equal-sample representative means; not paired
M11,M11-M00,1,snv,1885.1126274509807,-0.00030476825623826365,difference of equal-sample representative means; not paired
M11,M11-M00,1,snv,1890.57337254902,-0.0005428031646120823,difference of equal-sample representative means; not paired
M11,M11-M00,1,snv,1896.034117647059,-0.0007168648508927289,difference of equal-sample representative means; not paired
M11,M11-M00,1,snv,1901.4948627450983,-0.0013229499060821714,difference of equal-sample representative means; not paired
M11,M11-M00,1,snv,1906.9556078431374,-0.0013976625339884308,difference of equal-sample representative means; not paired
M11,M11-M00,1,snv,1912.4163529411767,-0.001257252389754271,difference of equal-sample representative means; not paired
M11,M11-M00,1,snv,1917.877098039216,-0.0015586230861266426,difference of equal-sample representative means; not paired
M11,M11-M00,1,snv,1923.3378431372553,-0.0016754891415728945,difference of equal-sample representative means; not paired
M11,M11-M00,1,snv,1928.7985882352943,-0.0016571020670685943,difference of equal-sample representative means; not paired
M11,M11-M00,1,snv,1934.2593333333336,-0.001822037809965149,difference of equal-sample representative means; not paired
M11,M11-M00,1,snv,1939.7200784313727,-0.001832985905046769,difference of equal-sample representative means; not paired
M11,M11-M00,1,snv,1945.180823529412,-0.0018844456838700285,difference of equal-sample representative means; not paired
M11,M11-M00,1,snv,1950.6415686274513,-0.0017181856394854478,difference of equal-sample representative means; not paired
M11,M11-M00,1,snv,1956.1023137254906,-0.0014321393163092555,difference of equal-sample representative means; not paired
M11,M11-M00,1,snv,1961.5630588235294,-0.0014007251810372878,difference of equal-sample representative means; not paired
M11,M11-M00,1,snv,1967.0238039215687,-0.0013699848659547431,difference of equal-sample representative means; not paired
M11,M11-M00,1,snv,1972.484549019608,-0.001336521695789461,difference of equal-sample representative means; not paired
M11,M11-M00,1,snv,1977.9452941176473,-0.0006771337860127513,difference of equal-sample representative means; not paired
M11,M11-M00,1,snv,1983.4060392156866,-0.00045520434258405906,difference of equal-sample representative means; not paired
M11,M11-M00,1,snv,1988.866784313726,-0.0006484558255925865,difference of equal-sample representative means; not paired
M11,M11-M00,1,snv,1994.3275294117648,-0.0004461812898126638,difference of equal-sample representative means; not paired
M11,M11-M00,1,snv,1999.788274509804,7.935082584165087e-05,difference of equal-sample representative means; not paired
M11,M11-M00,1,snv,2005.2490196078434,-0.00013336335896796392,difference of equal-sample representative means; not paired
M11,M11-M00,1,snv,2010.7097647058827,0.0003801868012901499,difference of equal-sample representative means; not paired
M11,M11-M00,1,snv,2016.170509803922,0.0004508271053937918,difference of equal-sample representative means; not paired
M11,M11-M00,1,snv,2021.6312549019613,0.0008466113310152679,difference of equal-sample representative means; not paired
M11,M11-M00,1,snv,2027.092,0.0013236539470535824,difference of equal-sample representative means; not paired
M11,M11-M00,1,snv,2032.5527450980394,0.0015705597232750224,difference of equal-sample representative means; not paired
M11,M11-M00,1,snv,2038.0134901960787,0.0014574639947791956,difference of equal-sample representative means; not paired
M11,M11-M00,1,snv,2043.474235294118,0.001374754797908162,difference of equal-sample representative means; not paired
M11,M11-M00,1,snv,2048.9349803921573,0.002049155099785094,difference of equal-sample representative means; not paired
M11,M11-M00,1,snv,2054.3957254901966,0.002002869845029953,difference of equal-sample representative means; not paired
M11,M11-M00,1,snv,2059.8564705882354,0.0023380449740986187,difference of equal-sample representative means; not paired
M11,M11-M00,1,snv,2065.3172156862747,0.002056215147560936,difference of equal-sample representative means; not paired
M11,M11-M00,1,snv,2070.777960784314,0.0021381056354763395,difference of equal-sample representative means; not paired
M11,M11-M00,1,snv,2076.2387058823533,0.0022293057436382213,difference of equal-sample representative means; not paired
M11,M11-M00,1,snv,2081.6994509803926,0.002198025237744705,difference of equal-sample representative means; not paired
M11,M11-M00,1,snv,2087.1601960784315,0.002357187476841327,difference of equal-sample representative means; not paired
M11,M11-M00,1,snv,2092.6209411764708,0.0021242623938271255,difference of equal-sample representative means; not paired
M11,M11-M00,1,snv,2098.08168627451,0.002226526991857991,difference of equal-sample representative means; not paired
M11,M11-M00,1,snv,2103.5424313725493,0.0018369837799627753,difference of equal-sample representative means; not paired
M11,M11-M00,1,snv,2109.0031764705886,0.002206022687086362,difference of equal-sample representative means; not paired
M11,M11-M00,1,snv,2114.463921568628,0.002222522076208655,difference of equal-sample representative means; not paired
M11,M11-M00,1,snv,2119.924666666667,0.0019843183122785213,difference of equal-sample representative means; not paired
M11,M11-M00,1,snv,2125.385411764706,0.002093433558211899,difference of equal-sample representative means; not paired
M11,M11-M00,1,snv,2130.8461568627454,0.0025337061964876284,difference of equal-sample representative means; not paired
M11,M11-M00,1,snv,2136.3069019607847,0.0028194711159363894,difference of equal-sample representative means; not paired
M11,M11-M00,1,snv,2141.767647058824,0.0025351016612846777,difference of equal-sample representative means; not paired
M11,M11-M00,1,snv,2147.2283921568633,0.002019303745427692,difference of equal-sample representative means; not paired
M11,M11-M00,1,snv,2152.689137254902,0.0023260296614124876,difference of equal-sample representative means; not paired
M11,M11-M00,1,snv,2158.1498823529414,0.0023257727944636652,difference of equal-sample representative means; not paired
M11,M11-M00,1,snv,2163.6106274509807,0.002019323647797222,difference of equal-sample representative means; not paired
M11,M11-M00,1,snv,2169.07137254902,0.001945447754121421,difference of equal-sample representative means; not paired
M11,M11-M00,1,snv,2174.5321176470593,0.001656402955284797,difference of equal-sample representative means; not paired
M11,M11-M00,1,snv,2179.992862745098,0.001706559005680619,difference of equal-sample representative means; not paired
M11,M11-M00,1,snv,2185.4536078431374,0.0014252078827351466,difference of equal-sample representative means; not paired
M11,M11-M00,1,snv,2190.9143529411767,0.0011206557516141302,difference of equal-sample representative means; not paired
M11,M11-M00,1,snv,2196.375098039216,0.0007630256141871739,difference of equal-sample representative means; not paired
M11,M11-M00,1,snv,2201.8358431372553,0.0006237550023037164,difference of equal-sample representative means; not paired
M11,M11-M00,1,snv,2207.2965882352946,0.0003971206576953712,difference of equal-sample representative means; not paired
M11,M11-M00,1,snv,2212.7573333333335,-0.00010762380242868019,difference of equal-sample representative means; not paired
M11,M11-M00,1,snv,2218.2180784313728,0.00034421481789359554,difference of equal-sample representative means; not paired
M11,M11-M00,1,snv,2223.678823529412,0.0010273742474230518,difference of equal-sample representative means; not paired
M11,M11-M00,1,snv,2229.1395686274514,0.001386261819690815,difference of equal-sample representative means; not paired
M11,M11-M00,1,snv,2234.6003137254907,0.001544210985361394,difference of equal-sample representative means; not paired
M11,M11-M00,1,snv,2240.06105882353,0.001279395281661655,difference of equal-sample representative means; not paired
M11,M11-M00,1,snv,2245.521803921569,0.0011536959102516064,difference of equal-sample representative means; not paired
M11,M11-M00,1,snv,2250.982549019608,0.0014040603604816848,difference of equal-sample representative means; not paired
M11,M11-M00,1,snv,2256.4432941176474,0.0014885042028802697,difference of equal-sample representative means; not paired
M11,M11-M00,1,snv,2261.9040392156867,0.0010067935809254802,difference of equal-sample representative means; not paired
M11,M11-M00,1,snv,2267.364784313726,0.0010437328307459914,difference of equal-sample representative means; not paired
M11,M11-M00,1,snv,2272.825529411765,0.0016556635655484708,difference of equal-sample representative means; not paired
M11,M11-M00,1,snv,2278.286274509804,0.002178896555844023,difference of equal-sample representative means; not paired
M11,M11-M00,1,snv,2283.7470196078434,0.0023940549378023146,difference of equal-sample representative means; not paired
M11,M11-M00,1,snv,2289.2077647058827,0.0029237187637149997,difference of equal-sample representative means; not paired
M11,M11-M00,1,snv,2294.668509803922,0.0036444745610488827,difference of equal-sample representative means; not paired
M11,M11-M00,1,snv,2300.1292549019613,0.0031885063761736276,difference of equal-sample representative means; not paired
M11,M11-M00,1,snv,2305.59,0.0017975183947840367,difference of equal-sample representative means; not paired
M11,M11-M00,1,second_derivative,913.1,-3.6144458055009638e-06,difference of equal-sample representative means; not paired
M11,M11-M00,1,second_derivative,918.5607450980392,-3.6144458055009638e-06,difference of equal-sample representative means; not paired
M11,M11-M00,1,second_derivative,924.0214901960785,-3.6144458055009638e-06,difference of equal-sample representative means; not paired
M11,M11-M00,1,second_derivative,929.4822352941177,-3.6144458055009502e-06,difference of equal-sample representative means; not paired
M11,M11-M00,1,second_derivative,934.9429803921569,-2.4218660418419486e-06,difference of equal-sample representative means; not paired
M11,M11-M00,1,second_derivative,940.4037254901962,-1.6328517323387656e-06,difference of equal-sample representative means; not paired
M11,M11-M00,1,second_derivative,945.8644705882353,-1.1026025368303431e-06,difference of equal-sample representative means; not paired
M11,M11-M00,1,second_derivative,951.3252156862745,-6.548351681503396e-07,difference of equal-sample representative means; not paired
M11,M11-M00,1,second_derivative,956.7859607843137,-2.8537194660743987e-07,difference of equal-sample representative means; not paired
M11,M11-M00,1,second_derivative,962.246705882353,-5.738499973182882e-08,difference of equal-sample representative means; not paired
M11,M11-M00,1,second_derivative,967.7074509803922,-7.292628729755413e-08,difference of equal-sample representative means; not paired
M11,M11-M00,1,second_derivative,973.1681960784314,-1.50522658597588e-08,difference of equal-sample representative means; not paired
M11,M11-M00,1,second_derivative,978.6289411764706,-1.3965951576633983e-07,difference of equal-sample representative means; not paired
M11,M11-M00,1,second_derivative,984.0896862745099,-2.076429573662725e-07,difference of equal-sample representative means; not paired
M11,M11-M00,1,second_derivative,989.550431372549,-1.2034557055859733e-07,difference of equal-sample representative means; not paired
M11,M11-M00,1,second_derivative,995.0111764705882,-1.7491472272261784e-07,difference of equal-sample representative means; not paired
M11,M11-M00,1,second_derivative,1000.4719215686275,-1.9970029828032554e-07,difference of equal-sample representative means; not paired
M11,M11-M00,1,second_derivative,1005.9326666666667,3.3139329309902666e-08,difference of equal-sample representative means; not paired
M11,M11-M00,1,second_derivative,1011.3934117647059,3.025892798392547e-08,difference of equal-sample representative means; not paired
M11,M11-M00,1,second_derivative,1016.8541568627452,-2.6389223151726312e-08,difference of equal-sample representative means; not paired
M11,M11-M00,1,second_derivative,1022.3149019607844,2.539632159653068e-08,difference of equal-sample representative means; not paired
M11,M11-M00,1,second_derivative,1027.7756470588236,1.0418534350879287e-07,difference of equal-sample representative means; not paired
M11,M11-M00,1,second_derivative,1033.2363921568628,1.3351443922903775e-07,difference of equal-sample representative means; not paired
M11,M11-M00,1,second_derivative,1038.697137254902,8.374444397803348e-08,difference of equal-sample representative means; not paired
M11,M11-M00,1,second_derivative,1044.1578823529412,-7.210985951849385e-08,difference of equal-sample representative means; not paired
M11,M11-M00,1,second_derivative,1049.6186274509805,2.424922094414268e-09,difference of equal-sample representative means; not paired
M11,M11-M00,1,second_derivative,1055.0793725490196,5.5767867021782585e-08,difference of equal-sample representative means; not paired
M11,M11-M00,1,second_derivative,1060.5401176470589,1.0715011047270792e-07,difference of equal-sample representative means; not paired
M11,M11-M00,1,second_derivative,1066.0008627450982,1.0185315769376386e-07,difference of equal-sample representative means; not paired
M11,M11-M00,1,second_derivative,1071.4616078431372,-3.3973921200619504e-09,difference of equal-sample representative means; not paired
M11,M11-M00,1,second_derivative,1076.9223529411765,-3.951802543840335e-08,difference of equal-sample representative means; not paired
M11,M11-M00,1,second_derivative,1082.3830980392158,2.519661812280305e-08,difference of equal-sample representative means; not paired
M11,M11-M00,1,second_derivative,1087.843843137255,1.2096663950098779e-08,difference of equal-sample representative means; not paired
M11,M11-M00,1,second_derivative,1093.3045882352942,-1.022911677083979e-07,difference of equal-sample representative means; not paired
M11,M11-M00,1,second_derivative,1098.7653333333333,1.9384426810596363e-09,difference of equal-sample representative means; not paired
M11,M11-M00,1,second_derivative,1104.2260784313726,1.3618188193771999e-08,difference of equal-sample representative means; not paired
M11,M11-M00,1,second_derivative,1109.6868235294119,-9.723343413159212e-08,difference of equal-sample representative means; not paired
M11,M11-M00,1,second_derivative,1115.1475686274512,-1.461986165638237e-07,difference of equal-sample representative means; not paired
M11,M11-M00,1,second_derivative,1120.6083137254902,-1.2705916288183574e-07,difference of equal-sample representative means; not paired
M11,M11-M00,1,second_derivative,1126.0690588235295,-9.672616531968909e-08,difference of equal-sample representative means; not paired
M11,M11-M00,1,second_derivative,1131.5298039215686,6.21385750221377e-08,difference of equal-sample representative means; not paired
M11,M11-M00,1,second_derivative,1136.990549019608,4.011490491452507e-08,difference of equal-sample representative means; not paired
M11,M11-M00,1,second_derivative,1142.4512941176472,-1.5344840714859502e-08,difference of equal-sample representative means; not paired
M11,M11-M00,1,second_derivative,1147.9120392156863,-4.2372134896490923e-08,difference of equal-sample representative means; not paired
M11,M11-M00,1,second_derivative,1153.3727843137256,-9.091696339857312e-08,difference of equal-sample representative means; not paired
M11,M11-M00,1,second_derivative,1158.8335294117649,-1.7714362447752862e-07,difference of equal-sample representative means; not paired
M11,M11-M00,1,second_derivative,1164.294274509804,-2.214544842628021e-07,difference of equal-sample representative means; not paired
M11,M11-M00,1,second_derivative,1169.7550196078432,-2.0907350514817165e-07,difference of equal-sample representative means; not paired
M11,M11-M00,1,second_derivative,1175.2157647058825,-4.70913013107074e-09,difference of equal-sample representative means; not paired
M11,M11-M00,1,second_derivative,1180.6765098039216,3.078762874302268e-07,difference of equal-sample representative means; not paired
M11,M11-M00,1,second_derivative,1186.137254901961,5.438997698941012e-07,difference of equal-sample representative means; not paired
M11,M11-M00,1,second_derivative,1191.598,4.84678712617701e-07,difference of equal-sample representative means; not paired
M11,M11-M00,1,second_derivative,1197.0587450980393,3.2715096946279374e-07,difference of equal-sample representative means; not paired
M11,M11-M00,1,second_derivative,1202.5194901960786,1.2296097158833163e-07,difference of equal-sample representative means; not paired
M11,M11-M00,1,second_derivative,1207.9802352941178,-1.7482231195884356e-07,difference of equal-sample representative means; not paired
M11,M11-M00,1,second_derivative,1213.440980392157,-1.626203692394482e-07,difference of equal-sample representative means; not paired
M11,M11-M00,1,second_derivative,1218.9017254901962,-8.112270931333025e-08,difference of equal-sample representative means; not paired
M11,M11-M00,1,second_derivative,1224.3624705882353,-1.0721405179191381e-07,difference of equal-sample representative means; not paired
M11,M11-M00,1,second_derivative,1229.8232156862746,-5.8420856347050996e-08,difference of equal-sample representative means; not paired
M11,M11-M00,1,second_derivative,1235.2839607843139,-5.985540832883182e-08,difference of equal-sample representative means; not paired
M11,M11-M00,1,second_derivative,1240.7447058823532,-1.4066663852568335e-07,difference of equal-sample representative means; not paired
M11,M11-M00,1,second_derivative,1246.2054509803922,-7.423525979398599e-09,difference of equal-sample representative means; not paired
M11,M11-M00,1,second_derivative,1251.6661960784315,1.0750417865687145e-07,difference of equal-sample representative means; not paired
M11,M11-M00,1,second_derivative,1257.1269411764706,2.8348616437836804e-08,difference of equal-sample representative means; not paired
M11,M11-M00,1,second_derivative,1262.58768627451,-1.2514818579909052e-07,difference of equal-sample representative means; not paired
M11,M11-M00,1,second_derivative,1268.0484313725492,-1.4843168128732689e-07,difference of equal-sample representative means; not paired
M11,M11-M00,1,second_derivative,1273.5091764705883,-4.762619222994521e-08,difference of equal-sample representative means; not paired
M11,M11-M00,1,second_derivative,1278.9699215686276,1.0128315793139318e-07,difference of equal-sample representative means; not paired
M11,M11-M00,1,second_derivative,1284.4306666666666,5.292372205095822e-07,difference of equal-sample representative means; not paired
M11,M11-M00,1,second_derivative,1289.891411764706,1.1034320277446331e-06,difference of equal-sample representative means; not paired
M11,M11-M00,1,second_derivative,1295.3521568627452,-2.5372791005610283e-07,difference of equal-sample representative means; not paired
M11,M11-M00,1,second_derivative,1300.8129019607845,-8.754189200697025e-07,difference of equal-sample representative means; not paired
M11,M11-M00,1,second_derivative,1306.2736470588236,-9.689826756458333e-07,difference of equal-sample representative means; not paired
M11,M11-M00,1,second_derivative,1311.734392156863,-5.619338803285342e-07,difference of equal-sample representative means; not paired
M11,M11-M00,1,second_derivative,1317.195137254902,3.8872396814159754e-07,difference of equal-sample representative means; not paired
M11,M11-M00,1,second_derivative,1322.6558823529413,1.0213330848008934e-06,difference of equal-sample representative means; not paired
M11,M11-M00,1,second_derivative,1328.1166274509806,-5.208629439425015e-08,difference of equal-sample representative means; not paired
M11,M11-M00,1,second_derivative,1333.5773725490199,-2.9759416803282288e-08,difference of equal-sample representative means; not paired
M11,M11-M00,1,second_derivative,1339.038117647059,-7.783381401823023e-09,difference of equal-sample representative means; not paired
M11,M11-M00,1,second_derivative,1344.4988627450982,-1.2595867682618637e-07,difference of equal-sample representative means; not paired
M11,M11-M00,1,second_derivative,1349.9596078431373,-1.8759301862443946e-07,difference of equal-sample representative means; not paired
M11,M11-M00,1,second_derivative,1355.4203529411766,-1.160837766692806e-07,difference of equal-sample representative means; not paired
M11,M11-M00,1,second_derivative,1360.8810980392159,6.835691222493683e-08,difference of equal-sample representative means; not paired
M11,M11-M00,1,second_derivative,1366.341843137255,2.806718301098824e-07,difference of equal-sample representative means; not paired
M11,M11-M00,1,second_derivative,1371.8025882352943,3.8986492516733813e-07,difference of equal-sample representative means; not paired
M11,M11-M00,1,second_derivative,1377.2633333333333,3.7813042775745855e-07,difference of equal-sample representative means; not paired
M11,M11-M00,1,second_derivative,1382.7240784313726,4.3660055574329236e-07,difference of equal-sample representative means; not paired
M11,M11-M00,1,second_derivative,1388.184823529412,3.396515650212138e-07,difference of equal-sample representative means; not paired
M11,M11-M00,1,second_derivative,1393.6455686274512,1.7243956929777454e-07,difference of equal-sample representative means; not paired
M11,M11-M00,1,second_derivative,1399.1063137254903,-3.837271129805155e-08,difference of equal-sample representative means; not paired
M11,M11-M00,1,second_derivative,1404.5670588235296,-2.853279671174004e-07,difference of equal-sample representative means; not paired
M11,M11-M00,1,second_derivative,1410.0278039215686,-3.769535686007167e-07,difference of equal-sample representative means; not paired
M11,M11-M00,1,second_derivative,1415.488549019608,-1.8179821990287878e-07,difference of equal-sample representative means; not paired
M11,M11-M00,1,second_derivative,1420.9492941176472,-1.4630226697531963e-07,difference of equal-sample representative means; not paired
M11,M11-M00,1,second_derivative,1426.4100392156865,-1.047786396714273e-07,difference of equal-sample representative means; not paired
M11,M11-M00,1,second_derivative,1431.8707843137256,-7.236200570009694e-08,difference of equal-sample representative means; not paired
M11,M11-M00,1,second_derivative,1437.3315294117647,-1.3637058191153873e-07,difference of equal-sample representative means; not paired
M11,M11-M00,1,second_derivative,1442.792274509804,-1.8718207729057188e-07,difference of equal-sample representative means; not paired
M11,M11-M00,1,second_derivative,1448.2530196078433,-8.273916478846935e-08,difference of equal-sample representative means; not paired
M11,M11-M00,1,second_derivative,1453.7137647058826,-1.680213515606045e-07,difference of equal-sample representative means; not paired
M11,M11-M00,1,second_derivative,1459.1745098039219,-1.0822317022490425e-07,difference of equal-sample representative means; not paired
M11,M11-M00,1,second_derivative,1464.635254901961,-2.1972035270848199e-07,difference of equal-sample representative means; not paired
M11,M11-M00,1,second_derivative,1470.096,-1.721785182063491e-07,difference of equal-sample representative means; not paired
M11,M11-M00,1,second_derivative,1475.5567450980393,-6.525297950729718e-08,difference of equal-sample representative means; not paired
M11,M11-M00,1,second_derivative,1481.0174901960786,-9.230858921680028e-10,difference of equal-sample representative means; not paired
M11,M11-M00,1,second_derivative,1486.478235294118,6.522362891449952e-09,difference of equal-sample representative means; not paired
M11,M11-M00,1,second_derivative,1491.938980392157,7.537278774802307e-08,difference of equal-sample representative means; not paired
M11,M11-M00,1,second_derivative,1497.3997254901963,-7.302466024912432e-08,difference of equal-sample representative means; not paired
M11,M11-M00,1,second_derivative,1502.8604705882353,4.1070506835386104e-08,difference of equal-sample representative means; not paired
M11,M11-M00,1,second_derivative,1508.3212156862746,6.710431303520315e-08,difference of equal-sample representative means; not paired
M11,M11-M00,1,second_derivative,1513.781960784314,7.263450915702729e-08,difference of equal-sample representative means; not paired
M11,M11-M00,1,second_derivative,1519.2427058823532,9.687351633126944e-08,difference of equal-sample representative means; not paired
M11,M11-M00,1,second_derivative,1524.7034509803923,1.0138388738736605e-07,difference of equal-sample representative means; not paired
M11,M11-M00,1,second_derivative,1530.1641960784316,5.8884067252916724e-08,difference of equal-sample representative means; not paired
M11,M11-M00,1,second_derivative,1535.6249411764707,2.8098583398154866e-08,difference of equal-sample representative means; not paired
M11,M11-M00,1,second_derivative,1541.08568627451,3.773897645343496e-08,difference of equal-sample representative means; not paired
M11,M11-M00,1,second_derivative,1546.5464313725493,-3.7195766946678214e-07,difference of equal-sample representative means; not paired
M11,M11-M00,1,second_derivative,1552.0071764705885,-9.537735013920327e-08,difference of equal-sample representative means; not paired
M11,M11-M00,1,second_derivative,1557.4679215686276,2.481004298536745e-07,difference of equal-sample representative means; not paired
M11,M11-M00,1,second_derivative,1562.9286666666667,2.6245928401523064e-07,difference of equal-sample representative means; not paired
M11,M11-M00,1,second_derivative,1568.389411764706,7.682910916102676e-08,difference of equal-sample representative means; not paired
M11,M11-M00,1,second_derivative,1573.8501568627453,-9.763934639094311e-08,difference of equal-sample representative means; not paired
M11,M11-M00,1,second_derivative,1579.3109019607846,-3.9377788430734016e-07,difference of equal-sample representative means; not paired
M11,M11-M00,1,second_derivative,1584.7716470588239,6.460160854015047e-08,difference of equal-sample representative means; not paired
M11,M11-M00,1,second_derivative,1590.232392156863,2.3615135405666724e-07,difference of equal-sample representative means; not paired
M11,M11-M00,1,second_derivative,1595.693137254902,3.8224750020916744e-08,difference of equal-sample representative means; not paired
M11,M11-M00,1,second_derivative,1601.1538823529413,-1.4201909215104364e-07,difference of equal-sample representative means; not paired
M11,M11-M00,1,second_derivative,1606.6146274509806,-1.5701560777623276e-07,difference of equal-sample representative means; not paired
M11,M11-M00,1,second_derivative,1612.07537254902,-1.0059776680688146e-07,difference of equal-sample representative means; not paired
M11,M11-M00,1,second_derivative,1617.536117647059,-1.1011280855110747e-07,difference of equal-sample representative means; not paired
M11,M11-M00,1,second_derivative,1622.9968627450983,-4.777819517454764e-08,difference of equal-sample representative means; not paired
M11,M11-M00,1,second_derivative,1628.4576078431373,-9.562676268228999e-08,difference of equal-sample representative means; not paired
M11,M11-M00,1,second_derivative,1633.9183529411766,-1.8419155833553595e-07,difference of equal-sample representative means; not paired
M11,M11-M00,1,second_derivative,1639.379098039216,-1.3903405628436986e-07,difference of equal-sample representative means; not paired
M11,M11-M00,1,second_derivative,1644.8398431372552,-7.953292373857624e-08,difference of equal-sample representative means; not paired
M11,M11-M00,1,second_derivative,1650.3005882352943,-4.4442660745686415e-08,difference of equal-sample representative means; not paired
M11,M11-M00,1,second_derivative,1655.7613333333334,9.764887180734825e-08,difference of equal-sample representative means; not paired
M11,M11-M00,1,second_derivative,1661.2220784313727,1.4070876593058482e-07,difference of equal-sample representative means; not paired
M11,M11-M00,1,second_derivative,1666.682823529412,2.633673057908198e-07,difference of equal-sample representative means; not paired
M11,M11-M00,1,second_derivative,1672.1435686274513,9.539676231693842e-08,difference of equal-sample representative means; not paired
M11,M11-M00,1,second_derivative,1677.6043137254906,-1.43995679570048e-07,difference of equal-sample representative means; not paired
M11,M11-M00,1,second_derivative,1683.0650588235296,-2.3599735861573948e-07,difference of equal-sample representative means; not paired
M11,M11-M00,1,second_derivative,1688.5258039215687,-9.629096338906952e-08,difference of equal-sample representative means; not paired
M11,M11-M00,1,second_derivative,1693.986549019608,1.52171182683187e-07,difference of equal-sample representative means; not paired
M11,M11-M00,1,second_derivative,1699.4472941176473,4.7563802551145366e-07,difference of equal-sample representative means; not paired
M11,M11-M00,1,second_derivative,1704.9080392156866,2.7371696363922044e-07,difference of equal-sample representative means; not paired
M11,M11-M00,1,second_derivative,1710.3687843137257,4.438376868358627e-07,difference of equal-sample representative means; not paired
M11,M11-M00,1,second_derivative,1715.829529411765,3.202858503255739e-07,difference of equal-sample representative means; not paired
M11,M11-M00,1,second_derivative,1721.290274509804,7.2980492831637e-08,difference of equal-sample representative means; not paired
M11,M11-M00,1,second_derivative,1726.7510196078433,-2.1985061511473348e-07,difference of equal-sample representative means; not paired
M11,M11-M00,1,second_derivative,1732.2117647058826,-3.7771234321679235e-07,difference of equal-sample representative means; not paired
M11,M11-M00,1,second_derivative,1737.672509803922,-2.531500978801768e-07,difference of equal-sample representative means; not paired
M11,M11-M00,1,second_derivative,1743.133254901961,1.7116929916661717e-07,difference of equal-sample representative means; not paired
M11,M11-M00,1,second_derivative,1748.594,2.1715865996890603e-07,difference of equal-sample representative means; not paired
M11,M11-M00,1,second_derivative,1754.0547450980393,2.9749545327534715e-07,difference of equal-sample representative means; not paired
M11,M11-M00,1,second_derivative,1759.5154901960786,7.010190501166322e-08,difference of equal-sample representative means; not paired
M11,M11-M00,1,second_derivative,1764.976235294118,-1.9195123164038765e-07,difference of equal-sample representative means; not paired
M11,M11-M00,1,second_derivative,1770.4369803921572,-2.1786381080697154e-07,difference of equal-sample representative means; not paired
M11,M11-M00,1,second_derivative,1775.8977254901963,-2.214148222455539e-07,difference of equal-sample representative means; not paired
M11,M11-M00,1,second_derivative,1781.3584705882354,-8.579686577749922e-08,difference of equal-sample representative means; not paired
M11,M11-M00,1,second_derivative,1786.8192156862747,1.2888350879125969e-07,difference of equal-sample representative means; not paired
M11,M11-M00,1,second_derivative,1792.279960784314,-2.389237360094843e-07,difference of equal-sample representative means; not paired
M11,M11-M00,1,second_derivative,1797.7407058823533,3.863056345287797e-08,difference of equal-sample representative means; not paired
M11,M11-M00,1,second_derivative,1803.2014509803923,-2.8426250907653136e-08,difference of equal-sample representative means; not paired
M11,M11-M00,1,second_derivative,1808.6621960784316,-1.573228000808949e-07,difference of equal-sample representative means; not paired
M11,M11-M00,1,second_derivative,1814.1229411764707,4.573487759278879e-08,difference of equal-sample representative means; not paired
M11,M11-M00,1,second_derivative,1819.58368627451,1.72920455361101e-07,difference of equal-sample representative means; not paired
M11,M11-M00,1,second_derivative,1825.0444313725493,4.827654494913564e-08,difference of equal-sample representative means; not paired
M11,M11-M00,1,second_derivative,1830.5051764705886,4.0136980451105757e-07,difference of equal-sample representative means; not paired
M11,M11-M00,1,second_derivative,1835.9659215686277,2.3671230483264477e-07,difference of equal-sample representative means; not paired
M11,M11-M00,1,second_derivative,1841.4266666666667,-1.343627081974804e-07,difference of equal-sample representative means; not paired
M11,M11-M00,1,second_derivative,1846.887411764706,-2.828857391527331e-07,difference of equal-sample representative means; not paired
M11,M11-M00,1,second_derivative,1852.3481568627453,-4.6983761600581e-07,difference of equal-sample representative means; not paired
M11,M11-M00,1,second_derivative,1857.8089019607846,-5.493677015252449e-07,difference of equal-sample representative means; not paired
M11,M11-M00,1,second_derivative,1863.269647058824,-2.9074938797813007e-07,difference of equal-sample representative means; not paired
M11,M11-M00,1,second_derivative,1868.730392156863,8.297250470074198e-07,difference of equal-sample representative means; not paired
M11,M11-M00,1,second_derivative,1874.191137254902,1.0064697012915705e-06,difference of equal-sample representative means; not paired
M11,M11-M00,1,second_derivative,1879.6518823529414,7.830244411728498e-07,difference of equal-sample representative means; not paired
M11,M11-M00,1,second_derivative,1885.1126274509807,3.134980689092177e-07,difference of equal-sample representative means; not paired
M11,M11-M00,1,second_derivative,1890.57337254902,-7.499188775636403e-07,difference of equal-sample representative means; not paired
M11,M11-M00,1,second_derivative,1896.034117647059,-1.5534820380473804e-06,difference of equal-sample representative means; not paired
M11,M11-M00,1,second_derivative,1901.4948627450983,-8.825104895271178e-07,difference of equal-sample representative means; not paired
M11,M11-M00,1,second_derivative,1906.9556078431374,-1.5888593699247622e-07,difference of equal-sample representative means; not paired
M11,M11-M00,1,second_derivative,1912.4163529411767,3.896458747253107e-07,difference of equal-sample representative means; not paired
M11,M11-M00,1,second_derivative,1917.877098039216,1.1207922442362135e-06,difference of equal-sample representative means; not paired
M11,M11-M00,1,second_derivative,1923.3378431372553,8.393321792891039e-07,difference of equal-sample representative means; not paired
M11,M11-M00,1,second_derivative,1928.7985882352943,1.5323977038976446e-07,difference of equal-sample representative means; not paired
M11,M11-M00,1,second_derivative,1934.2593333333336,-1.9317320273446576e-07,difference of equal-sample representative means; not paired
M11,M11-M00,1,second_derivative,1939.7200784313727,-5.154105666472397e-07,difference of equal-sample representative means; not paired
M11,M11-M00,1,second_derivative,1945.180823529412,-7.81619335342944e-07,difference of equal-sample representative means; not paired
M11,M11-M00,1,second_derivative,1950.6415686274513,-1.2405171899264192e-07,difference of equal-sample representative means; not paired
M11,M11-M00,1,second_derivative,1956.1023137254906,4.980392007062875e-07,difference of equal-sample representative means; not paired
M11,M11-M00,1,second_derivative,1961.5630588235294,-3.131131892462163e-07,difference of equal-sample representative means; not paired
M11,M11-M00,1,second_derivative,1967.0238039215687,-6.527805343080445e-07,difference of equal-sample representative means; not paired
M11,M11-M00,1,second_derivative,1972.484549019608,-2.6932705538147463e-07,difference of equal-sample representative means; not paired
M11,M11-M00,1,second_derivative,1977.9452941176473,9.886983126709464e-08,difference of equal-sample representative means; not paired
M11,M11-M00,1,second_derivative,1983.4060392156866,3.340370345773063e-07,difference of equal-sample representative means; not paired
M11,M11-M00,1,second_derivative,1988.866784313726,9.975633415602431e-07,difference of equal-sample representative means; not paired
M11,M11-M00,1,second_derivative,1994.3275294117648,-3.867751539298264e-08,difference of equal-sample representative means; not paired
M11,M11-M00,1,second_derivative,1999.788274509804,-2.354549529132402e-07,difference of equal-sample representative means; not paired
M11,M11-M00,1,second_derivative,2005.2490196078434,-1.7822193161553152e-07,difference of equal-sample representative means; not paired
M11,M11-M00,1,second_derivative,2010.7097647058827,-5.673059089629658e-07,difference of equal-sample representative means; not paired
M11,M11-M00,1,second_derivative,2016.170509803922,-6.299778305978546e-07,difference of equal-sample representative means; not paired
M11,M11-M00,1,second_derivative,2021.6312549019613,3.409236286443991e-07,difference of equal-sample representative means; not paired
M11,M11-M00,1,second_derivative,2027.092,5.312958365809732e-07,difference of equal-sample representative means; not paired
M11,M11-M00,1,second_derivative,2032.5527450980394,-9.698177548260098e-08,difference of equal-sample representative means; not paired
M11,M11-M00,1,second_derivative,2038.0134901960787,-1.380225190415811e-07,difference of equal-sample representative means; not paired
M11,M11-M00,1,second_derivative,2043.474235294118,-3.2072074653776664e-07,difference of equal-sample representative means; not paired
M11,M11-M00,1,second_derivative,2048.9349803921573,1.8786062265595165e-07,difference of equal-sample representative means; not paired
M11,M11-M00,1,second_derivative,2054.3957254901966,6.561368206670093e-07,difference of equal-sample representative means; not paired
M11,M11-M00,1,second_derivative,2059.8564705882354,5.883982147122139e-07,difference of equal-sample representative means; not paired
M11,M11-M00,1,second_derivative,2065.3172156862747,-1.1167975849239018e-07,difference of equal-sample representative means; not paired
M11,M11-M00,1,second_derivative,2070.777960784314,-2.470255864654647e-07,difference of equal-sample representative means; not paired
M11,M11-M00,1,second_derivative,2076.2387058823533,-2.69547020797393e-07,difference of equal-sample representative means; not paired
M11,M11-M00,1,second_derivative,2081.6994509803926,-3.5040085579326276e-07,difference of equal-sample representative means; not paired
M11,M11-M00,1,second_derivative,2087.1601960784315,4.430712272101065e-07,difference of equal-sample representative means; not paired
M11,M11-M00,1,second_derivative,2092.6209411764708,4.813108626806534e-07,difference of equal-sample representative means; not paired
M11,M11-M00,1,second_derivative,2098.08168627451,2.67143192758343e-07,difference of equal-sample representative means; not paired
M11,M11-M00,1,second_derivative,2103.5424313725493,9.960496751681692e-08,difference of equal-sample representative means; not paired
M11,M11-M00,1,second_derivative,2109.0031764705886,-1.610252770655772e-08,difference of equal-sample representative means; not paired
M11,M11-M00,1,second_derivative,2114.463921568628,-7.789933736233647e-07,difference of equal-sample representative means; not paired
M11,M11-M00,1,second_derivative,2119.924666666667,-4.6452279080223363e-07,difference of equal-sample representative means; not paired
M11,M11-M00,1,second_derivative,2125.385411764706,-4.044515795367257e-08,difference of equal-sample representative means; not paired
M11,M11-M00,1,second_derivative,2130.8461568627454,6.632739201927605e-07,difference of equal-sample representative means; not paired
M11,M11-M00,1,second_derivative,2136.3069019607847,8.050349303243545e-07,difference of equal-sample representative means; not paired
M11,M11-M00,1,second_derivative,2141.767647058824,3.7440427194257244e-07,difference of equal-sample representative means; not paired
M11,M11-M00,1,second_derivative,2147.2283921568633,-4.108514097617689e-07,difference of equal-sample representative means; not paired
M11,M11-M00,1,second_derivative,2152.689137254902,-9.740956257649735e-07,difference of equal-sample representative means; not paired
M11,M11-M00,1,second_derivative,2158.1498823529414,-3.7509879579709357e-08,difference of equal-sample representative means; not paired
M11,M11-M00,1,second_derivative,2163.6106274509807,2.4794210324419763e-07,difference of equal-sample representative means; not paired
M11,M11-M00,1,second_derivative,2169.07137254902,8.578068771109689e-08,difference of equal-sample representative means; not paired
M11,M11-M00,1,second_derivative,2174.5321176470593,3.3013265436139275e-07,difference of equal-sample representative means; not paired
M11,M11-M00,1,second_derivative,2179.992862745098,3.4645524685547835e-07,difference of equal-sample representative means; not paired
M11,M11-M00,1,second_derivative,2185.4536078431374,-1.774876199016925e-07,difference of equal-sample representative means; not paired
M11,M11-M00,1,second_derivative,2190.9143529411767,-3.5632615254006935e-08,difference of equal-sample representative means; not paired
M11,M11-M00,1,second_derivative,2196.375098039216,4.3376644320061924e-07,difference of equal-sample representative means; not paired
M11,M11-M00,1,second_derivative,2201.8358431372553,-7.605735605803774e-08,difference of equal-sample representative means; not paired
M11,M11-M00,1,second_derivative,2207.2965882352946,-1.0550850047235666e-06,difference of equal-sample representative means; not paired
M11,M11-M00,1,second_derivative,2212.7573333333335,-1.5025444743968466e-06,difference of equal-sample representative means; not paired
M11,M11-M00,1,second_derivative,2218.2180784313728,-8.896109298620289e-07,difference of equal-sample representative means; not paired
M11,M11-M00,1,second_derivative,2223.678823529412,7.803757389262018e-07,difference of equal-sample representative means; not paired
M11,M11-M00,1,second_derivative,2229.1395686274514,1.8027329801903447e-06,difference of equal-sample representative means; not paired
M11,M11-M00,1,second_derivative,2234.6003137254907,1.906989828475916e-07,difference of equal-sample representative means; not paired
M11,M11-M00,1,second_derivative,2240.06105882353,-1.40749970471704e-06,difference of equal-sample representative means; not paired
M11,M11-M00,1,second_derivative,2245.521803921569,-7.57428386643751e-07,difference of equal-sample representative means; not paired
M11,M11-M00,1,second_derivative,2250.982549019608,7.103181077094972e-08,difference of equal-sample representative means; not paired
M11,M11-M00,1,second_derivative,2256.4432941176474,3.7976389267621016e-08,difference of equal-sample representative means; not paired
M11,M11-M00,1,second_derivative,2261.9040392156867,-1.3093696049372496e-06,difference of equal-sample representative means; not paired
M11,M11-M00,1,second_derivative,2267.364784313726,-2.1732975049914888e-06,difference of equal-sample representative means; not paired
M11,M11-M00,1,second_derivative,2272.825529411765,-1.3540874091768485e-06,difference of equal-sample representative means; not paired
M11,M11-M00,1,second_derivative,2278.286274509804,2.1797822769230562e-07,difference of equal-sample representative means; not paired
M11,M11-M00,1,second_derivative,2283.7470196078434,6.718605216714918e-07,difference of equal-sample representative means; not paired
M11,M11-M00,1,second_derivative,2289.2077647058827,1.7600448664235275e-06,difference of equal-sample representative means; not paired
M11,M11-M00,1,second_derivative,2294.668509803922,1.7600448664233242e-06,difference of equal-sample representative means; not paired
M11,M11-M00,1,second_derivative,2300.1292549019613,1.7600448664233242e-06,difference of equal-sample representative means; not paired
M11,M11-M00,1,second_derivative,2305.59,1.7600448664233242e-06,difference of equal-sample representative means; not paired
M11,M11-M00,2,reflectance,913.1,0.008737159502008929,difference of equal-sample representative means; not paired
M11,M11-M00,2,reflectance,918.5607450980392,0.008957885900554574,difference of equal-sample representative means; not paired
M11,M11-M00,2,reflectance,924.0214901960785,0.009920374576304347,difference of equal-sample representative means; not paired
M11,M11-M00,2,reflectance,929.4822352941177,0.010212020820712486,difference of equal-sample representative means; not paired
M11,M11-M00,2,reflectance,934.9429803921569,0.010390604130578907,difference of equal-sample representative means; not paired
M11,M11-M00,2,reflectance,940.4037254901962,0.010695921908130956,difference of equal-sample representative means; not paired
M11,M11-M00,2,reflectance,945.8644705882353,0.010734397558289421,difference of equal-sample representative means; not paired
M11,M11-M00,2,reflectance,951.3252156862745,0.010566634637634298,difference of equal-sample representative means; not paired
M11,M11-M00,2,reflectance,956.7859607843137,0.01052524892662332,difference of equal-sample representative means; not paired
M11,M11-M00,2,reflectance,962.246705882353,0.01045018098221917,difference of equal-sample representative means; not paired
M11,M11-M00,2,reflectance,967.7074509803922,0.010470009138053737,difference of equal-sample representative means; not paired
M11,M11-M00,2,reflectance,973.1681960784314,0.010467628646793847,difference of equal-sample representative means; not paired
M11,M11-M00,2,reflectance,978.6289411764706,0.010177203452838346,difference of equal-sample representative means; not paired
M11,M11-M00,2,reflectance,984.0896862745099,0.009803080756357385,difference of equal-sample representative means; not paired
M11,M11-M00,2,reflectance,989.550431372549,0.010235560579614611,difference of equal-sample representative means; not paired
M11,M11-M00,2,reflectance,995.0111764705882,0.010098159036014576,difference of equal-sample representative means; not paired
M11,M11-M00,2,reflectance,1000.4719215686275,0.010169447557188238,difference of equal-sample representative means; not paired
M11,M11-M00,2,reflectance,1005.9326666666667,0.010182050896079542,difference of equal-sample representative means; not paired
M11,M11-M00,2,reflectance,1011.3934117647059,0.010245404170441952,difference of equal-sample representative means; not paired
M11,M11-M00,2,reflectance,1016.8541568627452,0.010378154137683615,difference of equal-sample representative means; not paired
M11,M11-M00,2,reflectance,1022.3149019607844,0.01049402860560733,difference of equal-sample representative means; not paired
M11,M11-M00,2,reflectance,1027.7756470588236,0.010495780027293233,difference of equal-sample representative means; not paired
M11,M11-M00,2,reflectance,1033.2363921568628,0.01044729240613751,difference of equal-sample representative means; not paired
M11,M11-M00,2,reflectance,1038.697137254902,0.010690135249117882,difference of equal-sample representative means; not paired
M11,M11-M00,2,reflectance,1044.1578823529412,0.010680994079059647,difference of equal-sample representative means; not paired
M11,M11-M00,2,reflectance,1049.6186274509805,0.010729618205847058,difference of equal-sample representative means; not paired
M11,M11-M00,2,reflectance,1055.0793725490196,0.010713328485631335,difference of equal-sample representative means; not paired
M11,M11-M00,2,reflectance,1060.5401176470589,0.0106666203099397,difference of equal-sample representative means; not paired
M11,M11-M00,2,reflectance,1066.0008627450982,0.010802569090527236,difference of equal-sample representative means; not paired
M11,M11-M00,2,reflectance,1071.4616078431372,0.010812025195492625,difference of equal-sample representative means; not paired
M11,M11-M00,2,reflectance,1076.9223529411765,0.010832539262061958,difference of equal-sample representative means; not paired
M11,M11-M00,2,reflectance,1082.3830980392158,0.010824242549348662,difference of equal-sample representative means; not paired
M11,M11-M00,2,reflectance,1087.843843137255,0.010877612492369737,difference of equal-sample representative means; not paired
M11,M11-M00,2,reflectance,1093.3045882352942,0.010892338306102145,difference of equal-sample representative means; not paired
M11,M11-M00,2,reflectance,1098.7653333333333,0.010905427894774555,difference of equal-sample representative means; not paired
M11,M11-M00,2,reflectance,1104.2260784313726,0.010941755618222415,difference of equal-sample representative means; not paired
M11,M11-M00,2,reflectance,1109.6868235294119,0.010750832722773551,difference of equal-sample representative means; not paired
M11,M11-M00,2,reflectance,1115.1475686274512,0.01076459823279563,difference of equal-sample representative means; not paired
M11,M11-M00,2,reflectance,1120.6083137254902,0.010597904204687758,difference of equal-sample representative means; not paired
M11,M11-M00,2,reflectance,1126.0690588235295,0.009966814248063782,difference of equal-sample representative means; not paired
M11,M11-M00,2,reflectance,1131.5298039215686,0.009769091311671474,difference of equal-sample representative means; not paired
M11,M11-M00,2,reflectance,1136.990549019608,0.009655834006354336,difference of equal-sample representative means; not paired
M11,M11-M00,2,reflectance,1142.4512941176472,0.009212010569803974,difference of equal-sample representative means; not paired
M11,M11-M00,2,reflectance,1147.9120392156863,0.009045971026252708,difference of equal-sample representative means; not paired
M11,M11-M00,2,reflectance,1153.3727843137256,0.008956198817652083,difference of equal-sample representative means; not paired
M11,M11-M00,2,reflectance,1158.8335294117649,0.008693682162347172,difference of equal-sample representative means; not paired
M11,M11-M00,2,reflectance,1164.294274509804,0.008461584570952196,difference of equal-sample representative means; not paired
M11,M11-M00,2,reflectance,1169.7550196078432,0.008277902961333627,difference of equal-sample representative means; not paired
M11,M11-M00,2,reflectance,1175.2157647058825,0.008062344755042694,difference of equal-sample representative means; not paired
M11,M11-M00,2,reflectance,1180.6765098039216,0.007799041304571375,difference of equal-sample representative means; not paired
M11,M11-M00,2,reflectance,1186.137254901961,0.007567957675306991,difference of equal-sample representative means; not paired
M11,M11-M00,2,reflectance,1191.598,0.0073998746416855665,difference of equal-sample representative means; not paired
M11,M11-M00,2,reflectance,1197.0587450980393,0.0075386982290500115,difference of equal-sample representative means; not paired
M11,M11-M00,2,reflectance,1202.5194901960786,0.007718192825550141,difference of equal-sample representative means; not paired
M11,M11-M00,2,reflectance,1207.9802352941178,0.007856485408166636,difference of equal-sample representative means; not paired
M11,M11-M00,2,reflectance,1213.440980392157,0.00798791300643259,difference of equal-sample representative means; not paired
M11,M11-M00,2,reflectance,1218.9017254901962,0.008138406193908099,difference of equal-sample representative means; not paired
M11,M11-M00,2,reflectance,1224.3624705882353,0.0085664582551509,difference of equal-sample representative means; not paired
M11,M11-M00,2,reflectance,1229.8232156862746,0.009763478499560163,difference of equal-sample representative means; not paired
M11,M11-M00,2,reflectance,1235.2839607843139,0.008565395154789213,difference of equal-sample representative means; not paired
M11,M11-M00,2,reflectance,1240.7447058823532,0.00851811978999012,difference of equal-sample representative means; not paired
M11,M11-M00,2,reflectance,1246.2054509803922,0.008609454765045654,difference of equal-sample representative means; not paired
M11,M11-M00,2,reflectance,1251.6661960784315,0.008737653257300415,difference of equal-sample representative means; not paired
M11,M11-M00,2,reflectance,1257.1269411764706,0.00875294486056688,difference of equal-sample representative means; not paired
M11,M11-M00,2,reflectance,1262.58768627451,0.008704505340401514,difference of equal-sample representative means; not paired
M11,M11-M00,2,reflectance,1268.0484313725492,0.008896348413661714,difference of equal-sample representative means; not paired
M11,M11-M00,2,reflectance,1273.5091764705883,0.00876838141152353,difference of equal-sample representative means; not paired
M11,M11-M00,2,reflectance,1278.9699215686276,0.007806008391575303,difference of equal-sample representative means; not paired
M11,M11-M00,2,reflectance,1284.4306666666666,0.008471709693143648,difference of equal-sample representative means; not paired
M11,M11-M00,2,reflectance,1289.891411764706,0.008895284359076217,difference of equal-sample representative means; not paired
M11,M11-M00,2,reflectance,1295.3521568627452,0.0088219235345261,difference of equal-sample representative means; not paired
M11,M11-M00,2,reflectance,1300.8129019607845,0.00842008347896539,difference of equal-sample representative means; not paired
M11,M11-M00,2,reflectance,1306.2736470588236,0.007994556375126416,difference of equal-sample representative means; not paired
M11,M11-M00,2,reflectance,1311.734392156863,0.00896020519732893,difference of equal-sample representative means; not paired
M11,M11-M00,2,reflectance,1317.195137254902,0.008870122351404497,difference of equal-sample representative means; not paired
M11,M11-M00,2,reflectance,1322.6558823529413,0.008792749877304717,difference of equal-sample representative means; not paired
M11,M11-M00,2,reflectance,1328.1166274509806,0.008711782966188186,difference of equal-sample representative means; not paired
M11,M11-M00,2,reflectance,1333.5773725490199,0.008580047192945639,difference of equal-sample representative means; not paired
M11,M11-M00,2,reflectance,1339.038117647059,0.008418406002462242,difference of equal-sample representative means; not paired
M11,M11-M00,2,reflectance,1344.4988627450982,0.008228921539644551,difference of equal-sample representative means; not paired
M11,M11-M00,2,reflectance,1349.9596078431373,0.007922036763225615,difference of equal-sample representative means; not paired
M11,M11-M00,2,reflectance,1355.4203529411766,0.007754384434383088,difference of equal-sample representative means; not paired
M11,M11-M00,2,reflectance,1360.8810980392159,0.0076914889981494206,difference of equal-sample representative means; not paired
M11,M11-M00,2,reflectance,1366.341843137255,0.007304479682385845,difference of equal-sample representative means; not paired
M11,M11-M00,2,reflectance,1371.8025882352943,0.0072281489882937144,difference of equal-sample representative means; not paired
M11,M11-M00,2,reflectance,1377.2633333333333,0.00723970945233815,difference of equal-sample representative means; not paired
M11,M11-M00,2,reflectance,1382.7240784313726,0.007100020248212324,difference of equal-sample representative means; not paired
M11,M11-M00,2,reflectance,1388.184823529412,0.007046846155360609,difference of equal-sample representative means; not paired
M11,M11-M00,2,reflectance,1393.6455686274512,0.006958675821872207,difference of equal-sample representative means; not paired
M11,M11-M00,2,reflectance,1399.1063137254903,0.0068567335160262255,difference of equal-sample representative means; not paired
M11,M11-M00,2,reflectance,1404.5670588235296,0.006666973093960582,difference of equal-sample representative means; not paired
M11,M11-M00,2,reflectance,1410.0278039215686,0.006462858493874402,difference of equal-sample representative means; not paired
M11,M11-M00,2,reflectance,1415.488549019608,0.00620582408663678,difference of equal-sample representative means; not paired
M11,M11-M00,2,reflectance,1420.9492941176472,0.005922261990571498,difference of equal-sample representative means; not paired
M11,M11-M00,2,reflectance,1426.4100392156865,0.005681320412267682,difference of equal-sample representative means; not paired
M11,M11-M00,2,reflectance,1431.8707843137256,0.005464421770628086,difference of equal-sample representative means; not paired
M11,M11-M00,2,reflectance,1437.3315294117647,0.005317359377665809,difference of equal-sample representative means; not paired
M11,M11-M00,2,reflectance,1442.792274509804,0.005304774401049067,difference of equal-sample representative means; not paired
M11,M11-M00,2,reflectance,1448.2530196078433,0.005273744681420778,difference of equal-sample representative means; not paired
M11,M11-M00,2,reflectance,1453.7137647058826,0.005177762580937523,difference of equal-sample representative means; not paired
M11,M11-M00,2,reflectance,1459.1745098039219,0.004925255400198808,difference of equal-sample representative means; not paired
M11,M11-M00,2,reflectance,1464.635254901961,0.004714134102897144,difference of equal-sample representative means; not paired
M11,M11-M00,2,reflectance,1470.096,0.0049895491112876,difference of equal-sample representative means; not paired
M11,M11-M00,2,reflectance,1475.5567450980393,0.005221807254962407,difference of equal-sample representative means; not paired
M11,M11-M00,2,reflectance,1481.0174901960786,0.005066424627537619,difference of equal-sample representative means; not paired
M11,M11-M00,2,reflectance,1486.478235294118,0.005248590137158449,difference of equal-sample representative means; not paired
M11,M11-M00,2,reflectance,1491.938980392157,0.005344637643065364,difference of equal-sample representative means; not paired
M11,M11-M00,2,reflectance,1497.3997254901963,0.0053773911317115675,difference of equal-sample representative means; not paired
M11,M11-M00,2,reflectance,1502.8604705882353,0.005435849796601305,difference of equal-sample representative means; not paired
M11,M11-M00,2,reflectance,1508.3212156862746,0.005506974217973387,difference of equal-sample representative means; not paired
M11,M11-M00,2,reflectance,1513.781960784314,0.005577209403114958,difference of equal-sample representative means; not paired
M11,M11-M00,2,reflectance,1519.2427058823532,0.005525457002652723,difference of equal-sample representative means; not paired
M11,M11-M00,2,reflectance,1524.7034509803923,0.005690220263007584,difference of equal-sample representative means; not paired
M11,M11-M00,2,reflectance,1530.1641960784316,0.00570755872907322,difference of equal-sample representative means; not paired
M11,M11-M00,2,reflectance,1535.6249411764707,0.005672628000135849,difference of equal-sample representative means; not paired
M11,M11-M00,2,reflectance,1541.08568627451,0.005641843704205507,difference of equal-sample representative means; not paired
M11,M11-M00,2,reflectance,1546.5464313725493,0.005629310264222115,difference of equal-sample representative means; not paired
M11,M11-M00,2,reflectance,1552.0071764705885,0.005674088513041936,difference of equal-sample representative means; not paired
M11,M11-M00,2,reflectance,1557.4679215686276,0.0056692230252861076,difference of equal-sample representative means; not paired
M11,M11-M00,2,reflectance,1562.9286666666667,0.005735371805609291,difference of equal-sample representative means; not paired
M11,M11-M00,2,reflectance,1568.389411764706,0.005635782913440551,difference of equal-sample representative means; not paired
M11,M11-M00,2,reflectance,1573.8501568627453,0.005623476503011898,difference of equal-sample representative means; not paired
M11,M11-M00,2,reflectance,1579.3109019607846,0.0056496095541361535,difference of equal-sample representative means; not paired
M11,M11-M00,2,reflectance,1584.7716470588239,0.005655204638171291,difference of equal-sample representative means; not paired
M11,M11-M00,2,reflectance,1590.232392156863,0.005676558231353657,difference of equal-sample representative means; not paired
M11,M11-M00,2,reflectance,1595.693137254902,0.005695656828017287,difference of equal-sample representative means; not paired
M11,M11-M00,2,reflectance,1601.1538823529413,0.005751024566186869,difference of equal-sample representative means; not paired
M11,M11-M00,2,reflectance,1606.6146274509806,0.005721448776446064,difference of equal-sample representative means; not paired
M11,M11-M00,2,reflectance,1612.07537254902,0.005678042354808899,difference of equal-sample representative means; not paired
M11,M11-M00,2,reflectance,1617.536117647059,0.005596239739446729,difference of equal-sample representative means; not paired
M11,M11-M00,2,reflectance,1622.9968627450983,0.005539487890664996,difference of equal-sample representative means; not paired
M11,M11-M00,2,reflectance,1628.4576078431373,0.005550901423293314,difference of equal-sample representative means; not paired
M11,M11-M00,2,reflectance,1633.9183529411766,0.00553322146499699,difference of equal-sample representative means; not paired
M11,M11-M00,2,reflectance,1639.379098039216,0.005385313965079935,difference of equal-sample representative means; not paired
M11,M11-M00,2,reflectance,1644.8398431372552,0.005351079394569164,difference of equal-sample representative means; not paired
M11,M11-M00,2,reflectance,1650.3005882352943,0.005281528439109756,difference of equal-sample representative means; not paired
M11,M11-M00,2,reflectance,1655.7613333333334,0.005223097265338872,difference of equal-sample representative means; not paired
M11,M11-M00,2,reflectance,1661.2220784313727,0.005176924233305347,difference of equal-sample representative means; not paired
M11,M11-M00,2,reflectance,1666.682823529412,0.005101626992624231,difference of equal-sample representative means; not paired
M11,M11-M00,2,reflectance,1672.1435686274513,0.0049440371664143945,difference of equal-sample representative means; not paired
M11,M11-M00,2,reflectance,1677.6043137254906,0.004686691097419399,difference of equal-sample representative means; not paired
M11,M11-M00,2,reflectance,1683.0650588235296,0.004566148112866347,difference of equal-sample representative means; not paired
M11,M11-M00,2,reflectance,1688.5258039215687,0.004343419265669918,difference of equal-sample representative means; not paired
M11,M11-M00,2,reflectance,1693.986549019608,0.00423342851075556,difference of equal-sample representative means; not paired
M11,M11-M00,2,reflectance,1699.4472941176473,0.004091968794291495,difference of equal-sample representative means; not paired
M11,M11-M00,2,reflectance,1704.9080392156866,0.003953282080489229,difference of equal-sample representative means; not paired
M11,M11-M00,2,reflectance,1710.3687843137257,0.003938014674975232,difference of equal-sample representative means; not paired
M11,M11-M00,2,reflectance,1715.829529411765,0.004022700948351082,difference of equal-sample representative means; not paired
M11,M11-M00,2,reflectance,1721.290274509804,0.00397889999019202,difference of equal-sample representative means; not paired
M11,M11-M00,2,reflectance,1726.7510196078433,0.003917655123423347,difference of equal-sample representative means; not paired
M11,M11-M00,2,reflectance,1732.2117647058826,0.003943386944701532,difference of equal-sample representative means; not paired
M11,M11-M00,2,reflectance,1737.672509803922,0.004062539923204184,difference of equal-sample representative means; not paired
M11,M11-M00,2,reflectance,1743.133254901961,0.00403243608415807,difference of equal-sample representative means; not paired
M11,M11-M00,2,reflectance,1748.594,0.003893583286409902,difference of equal-sample representative means; not paired
M11,M11-M00,2,reflectance,1754.0547450980393,0.003894849226097785,difference of equal-sample representative means; not paired
M11,M11-M00,2,reflectance,1759.5154901960786,0.00395188335714991,difference of equal-sample representative means; not paired
M11,M11-M00,2,reflectance,1764.976235294118,0.004091871909372324,difference of equal-sample representative means; not paired
M11,M11-M00,2,reflectance,1770.4369803921572,0.00411973901741422,difference of equal-sample representative means; not paired
M11,M11-M00,2,reflectance,1775.8977254901963,0.004159829759968259,difference of equal-sample representative means; not paired
M11,M11-M00,2,reflectance,1781.3584705882354,0.004199127082411103,difference of equal-sample representative means; not paired
M11,M11-M00,2,reflectance,1786.8192156862747,0.004205297381000256,difference of equal-sample representative means; not paired
M11,M11-M00,2,reflectance,1792.279960784314,0.004167302532753547,difference of equal-sample representative means; not paired
M11,M11-M00,2,reflectance,1797.7407058823533,0.004103670080205679,difference of equal-sample representative means; not paired
M11,M11-M00,2,reflectance,1803.2014509803923,0.004037178371456923,difference of equal-sample representative means; not paired
M11,M11-M00,2,reflectance,1808.6621960784316,0.004168040541032397,difference of equal-sample representative means; not paired
M11,M11-M00,2,reflectance,1814.1229411764707,0.004242265072322393,difference of equal-sample representative means; not paired
M11,M11-M00,2,reflectance,1819.58368627451,0.004224069823355908,difference of equal-sample representative means; not paired
M11,M11-M00,2,reflectance,1825.0444313725493,0.0041817774117494655,difference of equal-sample representative means; not paired
M11,M11-M00,2,reflectance,1830.5051764705886,0.004217758443689268,difference of equal-sample representative means; not paired
M11,M11-M00,2,reflectance,1835.9659215686277,0.004305994688963588,difference of equal-sample representative means; not paired
M11,M11-M00,2,reflectance,1841.4266666666667,0.00420823752188576,difference of equal-sample representative means; not paired
M11,M11-M00,2,reflectance,1846.887411764706,0.004211597947667511,difference of equal-sample representative means; not paired
M11,M11-M00,2,reflectance,1852.3481568627453,0.004266195501526848,difference of equal-sample representative means; not paired
M11,M11-M00,2,reflectance,1857.8089019607846,0.00431484343127822,difference of equal-sample representative means; not paired
M11,M11-M00,2,reflectance,1863.269647058824,0.004309697899490289,difference of equal-sample representative means; not paired
M11,M11-M00,2,reflectance,1868.730392156863,0.0042015918636817695,difference of equal-sample representative means; not paired
M11,M11-M00,2,reflectance,1874.191137254902,0.004040044579495555,difference of equal-sample representative means; not paired
M11,M11-M00,2,reflectance,1879.6518823529414,0.003952895833203518,difference of equal-sample representative means; not paired
M11,M11-M00,2,reflectance,1885.1126274509807,0.003930270527704172,difference of equal-sample representative means; not paired
M11,M11-M00,2,reflectance,1890.57337254902,0.0037359912632892456,difference of equal-sample representative means; not paired
M11,M11-M00,2,reflectance,1896.034117647059,0.003370448960276662,difference of equal-sample representative means; not paired
M11,M11-M00,2,reflectance,1901.4948627450983,0.002953520358688788,difference of equal-sample representative means; not paired
M11,M11-M00,2,reflectance,1906.9556078431374,0.00276708602946249,difference of equal-sample representative means; not paired
M11,M11-M00,2,reflectance,1912.4163529411767,0.002653462777832599,difference of equal-sample representative means; not paired
M11,M11-M00,2,reflectance,1917.877098039216,0.0023910797684996155,difference of equal-sample representative means; not paired
M11,M11-M00,2,reflectance,1923.3378431372553,0.0022082975427361595,difference of equal-sample representative means; not paired
M11,M11-M00,2,reflectance,1928.7985882352943,0.002209006809725883,difference of equal-sample representative means; not paired
M11,M11-M00,2,reflectance,1934.2593333333336,0.002036528521809189,difference of equal-sample representative means; not paired
M11,M11-M00,2,reflectance,1939.7200784313727,0.0021344930522035066,difference of equal-sample representative means; not paired
M11,M11-M00,2,reflectance,1945.180823529412,0.002088970934319534,difference of equal-sample representative means; not paired
M11,M11-M00,2,reflectance,1950.6415686274513,0.0020962234604047503,difference of equal-sample representative means; not paired
M11,M11-M00,2,reflectance,1956.1023137254906,0.0021936689882646188,difference of equal-sample representative means; not paired
M11,M11-M00,2,reflectance,1961.5630588235294,0.0021580504812667434,difference of equal-sample representative means; not paired
M11,M11-M00,2,reflectance,1967.0238039215687,0.0021273505194088493,difference of equal-sample representative means; not paired
M11,M11-M00,2,reflectance,1972.484549019608,0.0020748800766010878,difference of equal-sample representative means; not paired
M11,M11-M00,2,reflectance,1977.9452941176473,0.002072587014499583,difference of equal-sample representative means; not paired
M11,M11-M00,2,reflectance,1983.4060392156866,0.0022165997018613326,difference of equal-sample representative means; not paired
M11,M11-M00,2,reflectance,1988.866784313726,0.0023113966185288326,difference of equal-sample representative means; not paired
M11,M11-M00,2,reflectance,1994.3275294117648,0.002203240967838749,difference of equal-sample representative means; not paired
M11,M11-M00,2,reflectance,1999.788274509804,0.002112007166779062,difference of equal-sample representative means; not paired
M11,M11-M00,2,reflectance,2005.2490196078434,0.0023919016156400963,difference of equal-sample representative means; not paired
M11,M11-M00,2,reflectance,2010.7097647058827,0.0022706748024149404,difference of equal-sample representative means; not paired
M11,M11-M00,2,reflectance,2016.170509803922,0.002434025143107227,difference of equal-sample representative means; not paired
M11,M11-M00,2,reflectance,2021.6312549019613,0.002335175910246984,difference of equal-sample representative means; not paired
M11,M11-M00,2,reflectance,2027.092,0.0024670750891303272,difference of equal-sample representative means; not paired
M11,M11-M00,2,reflectance,2032.5527450980394,0.0025223220987868056,difference of equal-sample representative means; not paired
M11,M11-M00,2,reflectance,2038.0134901960787,0.0024000172245036977,difference of equal-sample representative means; not paired
M11,M11-M00,2,reflectance,2043.474235294118,0.0022388197535442855,difference of equal-sample representative means; not paired
M11,M11-M00,2,reflectance,2048.9349803921573,0.0020350656362326802,difference of equal-sample representative means; not paired
M11,M11-M00,2,reflectance,2054.3957254901966,0.0018813921869459682,difference of equal-sample representative means; not paired
M11,M11-M00,2,reflectance,2059.8564705882354,0.0019010208498525527,difference of equal-sample representative means; not paired
M11,M11-M00,2,reflectance,2065.3172156862747,0.0017057989909866067,difference of equal-sample representative means; not paired
M11,M11-M00,2,reflectance,2070.777960784314,0.0015279116940410953,difference of equal-sample representative means; not paired
M11,M11-M00,2,reflectance,2076.2387058823533,0.001680710798148688,difference of equal-sample representative means; not paired
M11,M11-M00,2,reflectance,2081.6994509803926,0.001811527695892018,difference of equal-sample representative means; not paired
M11,M11-M00,2,reflectance,2087.1601960784315,0.0015337626747402022,difference of equal-sample representative means; not paired
M11,M11-M00,2,reflectance,2092.6209411764708,0.0019453741315003659,difference of equal-sample representative means; not paired
M11,M11-M00,2,reflectance,2098.08168627451,0.001605798078465559,difference of equal-sample representative means; not paired
M11,M11-M00,2,reflectance,2103.5424313725493,0.0015481023252211235,difference of equal-sample representative means; not paired
M11,M11-M00,2,reflectance,2109.0031764705886,0.0013378986561580208,difference of equal-sample representative means; not paired
M11,M11-M00,2,reflectance,2114.463921568628,0.0015389283118834585,difference of equal-sample representative means; not paired
M11,M11-M00,2,reflectance,2119.924666666667,0.001670227545159636,difference of equal-sample representative means; not paired
M11,M11-M00,2,reflectance,2125.385411764706,0.001434188122667296,difference of equal-sample representative means; not paired
M11,M11-M00,2,reflectance,2130.8461568627454,0.0014582834482909646,difference of equal-sample representative means; not paired
M11,M11-M00,2,reflectance,2136.3069019607847,0.001676007292824494,difference of equal-sample representative means; not paired
M11,M11-M00,2,reflectance,2141.767647058824,0.0016579861687170128,difference of equal-sample representative means; not paired
M11,M11-M00,2,reflectance,2147.2283921568633,0.0014965923103767709,difference of equal-sample representative means; not paired
M11,M11-M00,2,reflectance,2152.689137254902,0.0011204309477122476,difference of equal-sample representative means; not paired
M11,M11-M00,2,reflectance,2158.1498823529414,0.0010243007976394602,difference of equal-sample representative means; not paired
M11,M11-M00,2,reflectance,2163.6106274509807,0.001146815475191798,difference of equal-sample representative means; not paired
M11,M11-M00,2,reflectance,2169.07137254902,0.001161462226246135,difference of equal-sample representative means; not paired
M11,M11-M00,2,reflectance,2174.5321176470593,0.0011516468944489933,difference of equal-sample representative means; not paired
M11,M11-M00,2,reflectance,2179.992862745098,0.0011830020626559523,difference of equal-sample representative means; not paired
M11,M11-M00,2,reflectance,2185.4536078431374,0.0006230332821708373,difference of equal-sample representative means; not paired
M11,M11-M00,2,reflectance,2190.9143529411767,0.0008898272629920267,difference of equal-sample representative means; not paired
M11,M11-M00,2,reflectance,2196.375098039216,0.001087188587658744,difference of equal-sample representative means; not paired
M11,M11-M00,2,reflectance,2201.8358431372553,0.0010611715196936766,difference of equal-sample representative means; not paired
M11,M11-M00,2,reflectance,2207.2965882352946,0.0009365342372148477,difference of equal-sample representative means; not paired
M11,M11-M00,2,reflectance,2212.7573333333335,0.0008342921614441223,difference of equal-sample representative means; not paired
M11,M11-M00,2,reflectance,2218.2180784313728,0.0008962565809091105,difference of equal-sample representative means; not paired
M11,M11-M00,2,reflectance,2223.678823529412,0.0009491582590569203,difference of equal-sample representative means; not paired
M11,M11-M00,2,reflectance,2229.1395686274514,0.00042610016981639576,difference of equal-sample representative means; not paired
M11,M11-M00,2,reflectance,2234.6003137254907,0.0006208404981714599,difference of equal-sample representative means; not paired
M11,M11-M00,2,reflectance,2240.06105882353,0.0007673085486146758,difference of equal-sample representative means; not paired
M11,M11-M00,2,reflectance,2245.521803921569,0.0005767389208544693,difference of equal-sample representative means; not paired
M11,M11-M00,2,reflectance,2250.982549019608,0.0002063895739843613,difference of equal-sample representative means; not paired
M11,M11-M00,2,reflectance,2256.4432941176474,-0.0001123624263247025,difference of equal-sample representative means; not paired
M11,M11-M00,2,reflectance,2261.9040392156867,-0.00028366266062385126,difference of equal-sample representative means; not paired
M11,M11-M00,2,reflectance,2267.364784313726,0.00014984315339786058,difference of equal-sample representative means; not paired
M11,M11-M00,2,reflectance,2272.825529411765,0.0003585543143613257,difference of equal-sample representative means; not paired
M11,M11-M00,2,reflectance,2278.286274509804,-0.00029248788414351634,difference of equal-sample representative means; not paired
M11,M11-M00,2,reflectance,2283.7470196078434,-0.00021348740438531522,difference of equal-sample representative means; not paired
M11,M11-M00,2,reflectance,2289.2077647058827,-0.00010104986185088816,difference of equal-sample representative means; not paired
M11,M11-M00,2,reflectance,2294.668509803922,-0.00036147878145811885,difference of equal-sample representative means; not paired
M11,M11-M00,2,reflectance,2300.1292549019613,0.0002490979357930856,difference of equal-sample representative means; not paired
M11,M11-M00,2,reflectance,2305.59,-0.000694860825956628,difference of equal-sample representative means; not paired
M11,M11-M00,2,snv,913.1,-0.04095979174514386,difference of equal-sample representative means; not paired
M11,M11-M00,2,snv,918.5607450980392,-0.04240421340525602,difference of equal-sample representative means; not paired
M11,M11-M00,2,snv,924.0214901960785,-0.012792607594721339,difference of equal-sample representative means; not paired
M11,M11-M00,2,snv,929.4822352941177,0.006096859285854572,difference of equal-sample representative means; not paired
M11,M11-M00,2,snv,934.9429803921569,0.018325210234126255,difference of equal-sample representative means; not paired
M11,M11-M00,2,snv,940.4037254901962,0.030359316906472866,difference of equal-sample representative means; not paired
M11,M11-M00,2,snv,945.8644705882353,0.03696080890252884,difference of equal-sample representative means; not paired
M11,M11-M00,2,snv,951.3252156862745,0.03111022301647659,difference of equal-sample representative means; not paired
M11,M11-M00,2,snv,956.7859607843137,0.03304844830257814,difference of equal-sample representative means; not paired
M11,M11-M00,2,snv,962.246705882353,0.03257241259983079,difference of equal-sample representative means; not paired
M11,M11-M00,2,snv,967.7074509803922,0.036388084754711336,difference of equal-sample representative means; not paired
M11,M11-M00,2,snv,973.1681960784314,0.0397183461938575,difference of equal-sample representative means; not paired
M11,M11-M00,2,snv,978.6289411764706,0.0391341991553551,difference of equal-sample representative means; not paired
M11,M11-M00,2,snv,984.0896862745099,0.03474835824238642,difference of equal-sample representative means; not paired
M11,M11-M00,2,snv,989.550431372549,0.028821117208084113,difference of equal-sample representative means; not paired
M11,M11-M00,2,snv,995.0111764705882,0.027528628750300266,difference of equal-sample representative means; not paired
M11,M11-M00,2,snv,1000.4719215686275,0.03357163604756308,difference of equal-sample representative means; not paired
M11,M11-M00,2,snv,1005.9326666666667,0.03224983179889884,difference of equal-sample representative means; not paired
M11,M11-M00,2,snv,1011.3934117647059,0.03303361333575561,difference of equal-sample representative means; not paired
M11,M11-M00,2,snv,1016.8541568627452,0.03781882686466931,difference of equal-sample representative means; not paired
M11,M11-M00,2,snv,1022.3149019607844,0.04122579917625924,difference of equal-sample representative means; not paired
M11,M11-M00,2,snv,1027.7756470588236,0.03774425862570974,difference of equal-sample representative means; not paired
M11,M11-M00,2,snv,1033.2363921568628,0.0321800656115927,difference of equal-sample representative means; not paired
M11,M11-M00,2,snv,1038.697137254902,0.033058033916292695,difference of equal-sample representative means; not paired
M11,M11-M00,2,snv,1044.1578823529412,0.03432606208502165,difference of equal-sample representative means; not paired
M11,M11-M00,2,snv,1049.6186274509805,0.03472845647806033,difference of equal-sample representative means; not paired
M11,M11-M00,2,snv,1055.0793725490196,0.032174830920212116,difference of equal-sample representative means; not paired
M11,M11-M00,2,snv,1060.5401176470589,0.030233423395046533,difference of equal-sample representative means; not paired
M11,M11-M00,2,snv,1066.0008627450982,0.033639768158181926,difference of equal-sample representative means; not paired
M11,M11-M00,2,snv,1071.4616078431372,0.032056713087999844,difference of equal-sample representative means; not paired
M11,M11-M00,2,snv,1076.9223529411765,0.030377883044676146,difference of equal-sample representative means; not paired
M11,M11-M00,2,snv,1082.3830980392158,0.03061218797747145,difference of equal-sample representative means; not paired
M11,M11-M00,2,snv,1087.843843137255,0.03064744060711755,difference of equal-sample representative means; not paired
M11,M11-M00,2,snv,1093.3045882352942,0.029174638144720877,difference of equal-sample representative means; not paired
M11,M11-M00,2,snv,1098.7653333333333,0.027282012880486706,difference of equal-sample representative means; not paired
M11,M11-M00,2,snv,1104.2260784313726,0.026302603497855293,difference of equal-sample representative means; not paired
M11,M11-M00,2,snv,1109.6868235294119,0.02477807002865684,difference of equal-sample representative means; not paired
M11,M11-M00,2,snv,1115.1475686274512,0.024972785609716386,difference of equal-sample representative means; not paired
M11,M11-M00,2,snv,1120.6083137254902,0.0268917005469671,difference of equal-sample representative means; not paired
M11,M11-M00,2,snv,1126.0690588235295,0.01999096455714522,difference of equal-sample representative means; not paired
M11,M11-M00,2,snv,1131.5298039215686,0.015423692612878126,difference of equal-sample representative means; not paired
M11,M11-M00,2,snv,1136.990549019608,0.01336298524096069,difference of equal-sample representative means; not paired
M11,M11-M00,2,snv,1142.4512941176472,0.010371070932248871,difference of equal-sample representative means; not paired
M11,M11-M00,2,snv,1147.9120392156863,0.009680213963300544,difference of equal-sample representative means; not paired
M11,M11-M00,2,snv,1153.3727843137256,0.011277167836594826,difference of equal-sample representative means; not paired
M11,M11-M00,2,snv,1158.8335294117649,0.009196322473556728,difference of equal-sample representative means; not paired
M11,M11-M00,2,snv,1164.294274509804,0.00677761408649924,difference of equal-sample representative means; not paired
M11,M11-M00,2,snv,1169.7550196078432,0.004885860131410458,difference of equal-sample representative means; not paired
M11,M11-M00,2,snv,1175.2157647058825,0.003770245181859311,difference of equal-sample representative means; not paired
M11,M11-M00,2,snv,1180.6765098039216,0.002508148807333632,difference of equal-sample representative means; not paired
M11,M11-M00,2,snv,1186.137254901961,-0.00010864496015450253,difference of equal-sample representative means; not paired
M11,M11-M00,2,snv,1191.598,-0.002872396652986886,difference of equal-sample representative means; not paired
M11,M11-M00,2,snv,1197.0587450980393,-0.0003286303262941548,difference of equal-sample representative means; not paired
M11,M11-M00,2,snv,1202.5194901960786,0.0039096461726365606,difference of equal-sample representative means; not paired
M11,M11-M00,2,snv,1207.9802352941178,0.006409630164268321,difference of equal-sample representative means; not paired
M11,M11-M00,2,snv,1213.440980392157,0.0057847628161161735,difference of equal-sample representative means; not paired
M11,M11-M00,2,snv,1218.9017254901962,0.0051788808546062715,difference of equal-sample representative means; not paired
M11,M11-M00,2,snv,1224.3624705882353,0.009310969591376561,difference of equal-sample representative means; not paired
M11,M11-M00,2,snv,1229.8232156862746,0.01758902530228268,difference of equal-sample representative means; not paired
M11,M11-M00,2,snv,1235.2839607843139,0.006740268241463787,difference of equal-sample representative means; not paired
M11,M11-M00,2,snv,1240.7447058823532,0.006081895066351151,difference of equal-sample representative means; not paired
M11,M11-M00,2,snv,1246.2054509803922,0.005572844207434202,difference of equal-sample representative means; not paired
M11,M11-M00,2,snv,1251.6661960784315,0.006099787050080296,difference of equal-sample representative means; not paired
M11,M11-M00,2,snv,1257.1269411764706,0.004585089649430829,difference of equal-sample representative means; not paired
M11,M11-M00,2,snv,1262.58768627451,0.0034891851444084354,difference of equal-sample representative means; not paired
M11,M11-M00,2,snv,1268.0484313725492,0.011062569412169654,difference of equal-sample representative means; not paired
M11,M11-M00,2,snv,1273.5091764705883,0.0012093994343044256,difference of equal-sample representative means; not paired
M11,M11-M00,2,snv,1278.9699215686276,-0.0065486589706706955,difference of equal-sample representative means; not paired
M11,M11-M00,2,snv,1284.4306666666666,-0.004991298012836376,difference of equal-sample representative means; not paired
M11,M11-M00,2,snv,1289.891411764706,-0.0021196392823130683,difference of equal-sample representative means; not paired
M11,M11-M00,2,snv,1295.3521568627452,-0.0032333638120845,difference of equal-sample representative means; not paired
M11,M11-M00,2,snv,1300.8129019607845,-0.02735190807815102,difference of equal-sample representative means; not paired
M11,M11-M00,2,snv,1306.2736470588236,-0.06640029056453622,difference of equal-sample representative means; not paired
M11,M11-M00,2,snv,1311.734392156863,-0.0015437781187872535,difference of equal-sample representative means; not paired
M11,M11-M00,2,snv,1317.195137254902,-0.003380787265951035,difference of equal-sample representative means; not paired
M11,M11-M00,2,snv,1322.6558823529413,-0.0032834363643681197,difference of equal-sample representative means; not paired
M11,M11-M00,2,snv,1328.1166274509806,-0.003260739557561454,difference of equal-sample representative means; not paired
M11,M11-M00,2,snv,1333.5773725490199,-0.0032135988960628747,difference of equal-sample representative means; not paired
M11,M11-M00,2,snv,1339.038117647059,-0.0033458252504138253,difference of equal-sample representative means; not paired
M11,M11-M00,2,snv,1344.4988627450982,-0.004646512784431178,difference of equal-sample representative means; not paired
M11,M11-M00,2,snv,1349.9596078431373,-0.0078006736359893525,difference of equal-sample representative means; not paired
M11,M11-M00,2,snv,1355.4203529411766,-0.007746622893206823,difference of equal-sample representative means; not paired
M11,M11-M00,2,snv,1360.8810980392159,-0.00352729944881508,difference of equal-sample representative means; not paired
M11,M11-M00,2,snv,1366.341843137255,-0.010551535169527282,difference of equal-sample representative means; not paired
M11,M11-M00,2,snv,1371.8025882352943,-0.01003265618934529,difference of equal-sample representative means; not paired
M11,M11-M00,2,snv,1377.2633333333333,-0.005038238316251886,difference of equal-sample representative means; not paired
M11,M11-M00,2,snv,1382.7240784313726,-0.0035245885571457136,difference of equal-sample representative means; not paired
M11,M11-M00,2,snv,1388.184823529412,-0.003247855771650293,difference of equal-sample representative means; not paired
M11,M11-M00,2,snv,1393.6455686274512,0.0004923341671313405,difference of equal-sample representative means; not paired
M11,M11-M00,2,snv,1399.1063137254903,0.004553239111310288,difference of equal-sample representative means; not paired
M11,M11-M00,2,snv,1404.5670588235296,0.010471105935689312,difference of equal-sample representative means; not paired
M11,M11-M00,2,snv,1410.0278039215686,0.014011250607512127,difference of equal-sample representative means; not paired
M11,M11-M00,2,snv,1415.488549019608,0.01805367723784318,difference of equal-sample representative means; not paired
M11,M11-M00,2,snv,1420.9492941176472,0.023135201377810055,difference of equal-sample representative means; not paired
M11,M11-M00,2,snv,1426.4100392156865,0.027566625334518036,difference of equal-sample representative means; not paired
M11,M11-M00,2,snv,1431.8707843137256,0.032302447473620544,difference of equal-sample representative means; not paired
M11,M11-M00,2,snv,1437.3315294117647,0.0257705527489146,difference of equal-sample representative means; not paired
M11,M11-M00,2,snv,1442.792274509804,0.03208631617630575,difference of equal-sample representative means; not paired
M11,M11-M00,2,snv,1448.2530196078433,0.035522678318004486,difference of equal-sample representative means; not paired
M11,M11-M00,2,snv,1453.7137647058826,0.033243476827423124,difference of equal-sample representative means; not paired
M11,M11-M00,2,snv,1459.1745098039219,0.030465031357761352,difference of equal-sample representative means; not paired
M11,M11-M00,2,snv,1464.635254901961,0.029404538807741964,difference of equal-sample representative means; not paired
M11,M11-M00,2,snv,1470.096,0.026586321925716305,difference of equal-sample representative means; not paired
M11,M11-M00,2,snv,1475.5567450980393,0.03616926396715847,difference of equal-sample representative means; not paired
M11,M11-M00,2,snv,1481.0174901960786,0.03565577259984587,difference of equal-sample representative means; not paired
M11,M11-M00,2,snv,1486.478235294118,0.03733932800194495,difference of equal-sample representative means; not paired
M11,M11-M00,2,snv,1491.938980392157,0.03862761112854818,difference of equal-sample representative means; not paired
M11,M11-M00,2,snv,1497.3997254901963,0.0380060729127244,difference of equal-sample representative means; not paired
M11,M11-M00,2,snv,1502.8604705882353,0.036755596240631516,difference of equal-sample representative means; not paired
M11,M11-M00,2,snv,1508.3212156862746,0.03650434202171682,difference of equal-sample representative means; not paired
M11,M11-M00,2,snv,1513.781960784314,0.034683042596239555,difference of equal-sample representative means; not paired
M11,M11-M00,2,snv,1519.2427058823532,0.03277035663922745,difference of equal-sample representative means; not paired
M11,M11-M00,2,snv,1524.7034509803923,0.03241867224288497,difference of equal-sample representative means; not paired
M11,M11-M00,2,snv,1530.1641960784316,0.03250104493254302,difference of equal-sample representative means; not paired
M11,M11-M00,2,snv,1535.6249411764707,0.030266730296855893,difference of equal-sample representative means; not paired
M11,M11-M00,2,snv,1541.08568627451,0.02829108510580791,difference of equal-sample representative means; not paired
M11,M11-M00,2,snv,1546.5464313725493,0.02852874491564583,difference of equal-sample representative means; not paired
M11,M11-M00,2,snv,1552.0071764705885,0.027356296296565552,difference of equal-sample representative means; not paired
M11,M11-M00,2,snv,1557.4679215686276,0.02584637007784707,difference of equal-sample representative means; not paired
M11,M11-M00,2,snv,1562.9286666666667,0.026631282279139024,difference of equal-sample representative means; not paired
M11,M11-M00,2,snv,1568.389411764706,0.02110543820810795,difference of equal-sample representative means; not paired
M11,M11-M00,2,snv,1573.8501568627453,0.020190580106344003,difference of equal-sample representative means; not paired
M11,M11-M00,2,snv,1579.3109019607846,0.02164990795952848,difference of equal-sample representative means; not paired
M11,M11-M00,2,snv,1584.7716470588239,0.020820261944286544,difference of equal-sample representative means; not paired
M11,M11-M00,2,snv,1590.232392156863,0.018372104204528283,difference of equal-sample representative means; not paired
M11,M11-M00,2,snv,1595.693137254902,0.020253156016386664,difference of equal-sample representative means; not paired
M11,M11-M00,2,snv,1601.1538823529413,0.01818914829274232,difference of equal-sample representative means; not paired
M11,M11-M00,2,snv,1606.6146274509806,0.014952344605045575,difference of equal-sample representative means; not paired
M11,M11-M00,2,snv,1612.07537254902,0.010023138794258757,difference of equal-sample representative means; not paired
M11,M11-M00,2,snv,1617.536117647059,0.007675235282128101,difference of equal-sample representative means; not paired
M11,M11-M00,2,snv,1622.9968627450983,0.0057370023400117875,difference of equal-sample representative means; not paired
M11,M11-M00,2,snv,1628.4576078431373,0.002239793822003844,difference of equal-sample representative means; not paired
M11,M11-M00,2,snv,1633.9183529411766,0.0013046660870429383,difference of equal-sample representative means; not paired
M11,M11-M00,2,snv,1639.379098039216,-0.003206953479917507,difference of equal-sample representative means; not paired
M11,M11-M00,2,snv,1644.8398431372552,-0.006895526845689448,difference of equal-sample representative means; not paired
M11,M11-M00,2,snv,1650.3005882352943,-0.00827983573202784,difference of equal-sample representative means; not paired
M11,M11-M00,2,snv,1655.7613333333334,-0.006665702190874034,difference of equal-sample representative means; not paired
M11,M11-M00,2,snv,1661.2220784313727,-0.005465664568495232,difference of equal-sample representative means; not paired
M11,M11-M00,2,snv,1666.682823529412,-0.005517207534243118,difference of equal-sample representative means; not paired
M11,M11-M00,2,snv,1672.1435686274513,-0.006027508877958887,difference of equal-sample representative means; not paired
M11,M11-M00,2,snv,1677.6043137254906,-0.011851320162511725,difference of equal-sample representative means; not paired
M11,M11-M00,2,snv,1683.0650588235296,-0.01043932421389926,difference of equal-sample representative means; not paired
M11,M11-M00,2,snv,1688.5258039215687,-0.012084121157129868,difference of equal-sample representative means; not paired
M11,M11-M00,2,snv,1693.986549019608,-0.009660221311873385,difference of equal-sample representative means; not paired
M11,M11-M00,2,snv,1699.4472941176473,-0.01208043212187987,difference of equal-sample representative means; not paired
M11,M11-M00,2,snv,1704.9080392156866,-0.017458032327544393,difference of equal-sample representative means; not paired
M11,M11-M00,2,snv,1710.3687843137257,-0.018295331077490207,difference of equal-sample representative means; not paired
M11,M11-M00,2,snv,1715.829529411765,-0.013726752553130828,difference of equal-sample representative means; not paired
M11,M11-M00,2,snv,1721.290274509804,-0.012550724911335465,difference of equal-sample representative means; not paired
M11,M11-M00,2,snv,1726.7510196078433,-0.01799637304520907,difference of equal-sample representative means; not paired
M11,M11-M00,2,snv,1732.2117647058826,-0.01906806743273265,difference of equal-sample representative means; not paired
M11,M11-M00,2,snv,1737.672509803922,-0.01654303692400777,difference of equal-sample representative means; not paired
M11,M11-M00,2,snv,1743.133254901961,-0.01852773333430152,difference of equal-sample representative means; not paired
M11,M11-M00,2,snv,1748.594,-0.022358747171302207,difference of equal-sample representative means; not paired
M11,M11-M00,2,snv,1754.0547450980393,-0.020160350732906784,difference of equal-sample representative means; not paired
M11,M11-M00,2,snv,1759.5154901960786,-0.020295562775484333,difference of equal-sample representative means; not paired
M11,M11-M00,2,snv,1764.976235294118,-0.01443129533975307,difference of equal-sample representative means; not paired
M11,M11-M00,2,snv,1770.4369803921572,-0.01687986646298195,difference of equal-sample representative means; not paired
M11,M11-M00,2,snv,1775.8977254901963,-0.015356485482385829,difference of equal-sample representative means; not paired
M11,M11-M00,2,snv,1781.3584705882354,-0.012672629998018714,difference of equal-sample representative means; not paired
M11,M11-M00,2,snv,1786.8192156862747,-0.0139297884235558,difference of equal-sample representative means; not paired
M11,M11-M00,2,snv,1792.279960784314,-0.01917354724141379,difference of equal-sample representative means; not paired
M11,M11-M00,2,snv,1797.7407058823533,-0.02297265654484265,difference of equal-sample representative means; not paired
M11,M11-M00,2,snv,1803.2014509803923,-0.025978292079602894,difference of equal-sample representative means; not paired
M11,M11-M00,2,snv,1808.6621960784316,-0.02195384171468806,difference of equal-sample representative means; not paired
M11,M11-M00,2,snv,1814.1229411764707,-0.020936580396214044,difference of equal-sample representative means; not paired
M11,M11-M00,2,snv,1819.58368627451,-0.022719582339676136,difference of equal-sample representative means; not paired
M11,M11-M00,2,snv,1825.0444313725493,-0.025843504055488964,difference of equal-sample representative means; not paired
M11,M11-M00,2,snv,1830.5051764705886,-0.026490143560167434,difference of equal-sample representative means; not paired
M11,M11-M00,2,snv,1835.9659215686277,-0.024888105099643287,difference of equal-sample representative means; not paired
M11,M11-M00,2,snv,1841.4266666666667,-0.030587116589248176,difference of equal-sample representative means; not paired
M11,M11-M00,2,snv,1846.887411764706,-0.029455670716140026,difference of equal-sample representative means; not paired
M11,M11-M00,2,snv,1852.3481568627453,-0.03186656616213923,difference of equal-sample representative means; not paired
M11,M11-M00,2,snv,1857.8089019607846,-0.029021603784182504,difference of equal-sample representative means; not paired
M11,M11-M00,2,snv,1863.269647058824,-0.0268899701468851,difference of equal-sample representative means; not paired
M11,M11-M00,2,snv,1868.730392156863,-0.02704802527372141,difference of equal-sample representative means; not paired
M11,M11-M00,2,snv,1874.191137254902,-0.03009922442381535,difference of equal-sample representative means; not paired
M11,M11-M00,2,snv,1879.6518823529414,-0.033762574331532846,difference of equal-sample representative means; not paired
M11,M11-M00,2,snv,1885.1126274509807,-0.019498136330932225,difference of equal-sample representative means; not paired
M11,M11-M00,2,snv,1890.57337254902,-0.01463073604409626,difference of equal-sample representative means; not paired
M11,M11-M00,2,snv,1896.034117647059,-0.009985333873546942,difference of equal-sample representative means; not paired
M11,M11-M00,2,snv,1901.4948627450983,-0.010342034635797637,difference of equal-sample representative means; not paired
M11,M11-M00,2,snv,1906.9556078431374,0.00512249185103586,difference of equal-sample representative means; not paired
M11,M11-M00,2,snv,1912.4163529411767,0.026867460665124576,difference of equal-sample representative means; not paired
M11,M11-M00,2,snv,1917.877098039216,0.034900291080469215,difference of equal-sample representative means; not paired
M11,M11-M00,2,snv,1923.3378431372553,0.03602803406609967,difference of equal-sample representative means; not paired
M11,M11-M00,2,snv,1928.7985882352943,0.0382196542361517,difference of equal-sample representative means; not paired
M11,M11-M00,2,snv,1934.2593333333336,0.04054457901895114,difference of equal-sample representative means; not paired
M11,M11-M00,2,snv,1939.7200784313727,0.04183408171380232,difference of equal-sample representative means; not paired
M11,M11-M00,2,snv,1945.180823529412,0.03355295827239457,difference of equal-sample representative means; not paired
M11,M11-M00,2,snv,1950.6415686274513,0.027708505708338604,difference of equal-sample representative means; not paired
M11,M11-M00,2,snv,1956.1023137254906,0.028044375323684312,difference of equal-sample representative means; not paired
M11,M11-M00,2,snv,1961.5630588235294,0.025438266363157602,difference of equal-sample representative means; not paired
M11,M11-M00,2,snv,1967.0238039215687,0.01901227626370683,difference of equal-sample representative means; not paired
M11,M11-M00,2,snv,1972.484549019608,0.0051125547706191155,difference of equal-sample representative means; not paired
M11,M11-M00,2,snv,1977.9452941176473,0.0017757611946360718,difference of equal-sample representative means; not paired
M11,M11-M00,2,snv,1983.4060392156866,0.002156995440535159,difference of equal-sample representative means; not paired
M11,M11-M00,2,snv,1988.866784313726,-0.0019244828473760078,difference of equal-sample representative means; not paired
M11,M11-M00,2,snv,1994.3275294117648,-0.01569741795182411,difference of equal-sample representative means; not paired
M11,M11-M00,2,snv,1999.788274509804,-0.02508127789503556,difference of equal-sample representative means; not paired
M11,M11-M00,2,snv,2005.2490196078434,-0.010342970646217364,difference of equal-sample representative means; not paired
M11,M11-M00,2,snv,2010.7097647058827,-0.018348613767063426,difference of equal-sample representative means; not paired
M11,M11-M00,2,snv,2016.170509803922,-0.008626130962507306,difference of equal-sample representative means; not paired
M11,M11-M00,2,snv,2021.6312549019613,-0.02230508555768107,difference of equal-sample representative means; not paired
M11,M11-M00,2,snv,2027.092,-0.02120065962029216,difference of equal-sample representative means; not paired
M11,M11-M00,2,snv,2032.5527450980394,-0.014767954923194049,difference of equal-sample representative means; not paired
M11,M11-M00,2,snv,2038.0134901960787,-0.014923508111157058,difference of equal-sample representative means; not paired
M11,M11-M00,2,snv,2043.474235294118,-0.02113407232780873,difference of equal-sample representative means; not paired
M11,M11-M00,2,snv,2048.9349803921573,-0.02594153393844356,difference of equal-sample representative means; not paired
M11,M11-M00,2,snv,2054.3957254901966,-0.02664246307318463,difference of equal-sample representative means; not paired
M11,M11-M00,2,snv,2059.8564705882354,-0.014500063967781696,difference of equal-sample representative means; not paired
M11,M11-M00,2,snv,2065.3172156862747,-0.022107773841055445,difference of equal-sample representative means; not paired
M11,M11-M00,2,snv,2070.777960784314,-0.03585054300590573,difference of equal-sample representative means; not paired
M11,M11-M00,2,snv,2076.2387058823533,-0.027622617252899273,difference of equal-sample representative means; not paired
M11,M11-M00,2,snv,2081.6994509803926,-0.01301908779366956,difference of equal-sample representative means; not paired
M11,M11-M00,2,snv,2087.1601960784315,-0.021272947818116283,difference of equal-sample representative means; not paired
M11,M11-M00,2,snv,2092.6209411764708,-0.0005351226987292401,difference of equal-sample representative means; not paired
M11,M11-M00,2,snv,2098.08168627451,-0.017006455234267803,difference of equal-sample representative means; not paired
M11,M11-M00,2,snv,2103.5424313725493,-0.022659272929065444,difference of equal-sample representative means; not paired
M11,M11-M00,2,snv,2109.0031764705886,-0.03398248840815732,difference of equal-sample representative means; not paired
M11,M11-M00,2,snv,2114.463921568628,-0.024419577265330394,difference of equal-sample representative means; not paired
M11,M11-M00,2,snv,2119.924666666667,-0.016022069434210473,difference of equal-sample representative means; not paired
M11,M11-M00,2,snv,2125.385411764706,-0.024626665313509655,difference of equal-sample representative means; not paired
M11,M11-M00,2,snv,2130.8461568627454,-0.025732438858223627,difference of equal-sample representative means; not paired
M11,M11-M00,2,snv,2136.3069019607847,-0.024476617214955754,difference of equal-sample representative means; not paired
M11,M11-M00,2,snv,2141.767647058824,-0.018645274880969454,difference of equal-sample representative means; not paired
M11,M11-M00,2,snv,2147.2283921568633,-0.0358282833636725,difference of equal-sample representative means; not paired
M11,M11-M00,2,snv,2152.689137254902,-0.05191809238624434,difference of equal-sample representative means; not paired
M11,M11-M00,2,snv,2158.1498823529414,-0.04771145723306214,difference of equal-sample representative means; not paired
M11,M11-M00,2,snv,2163.6106274509807,-0.036693652283012135,difference of equal-sample representative means; not paired
M11,M11-M00,2,snv,2169.07137254902,-0.039547399356210544,difference of equal-sample representative means; not paired
M11,M11-M00,2,snv,2174.5321176470593,-0.04814049684787314,difference of equal-sample representative means; not paired
M11,M11-M00,2,snv,2179.992862745098,-0.040643310013581346,difference of equal-sample representative means; not paired
M11,M11-M00,2,snv,2185.4536078431374,-0.06518711862232951,difference of equal-sample representative means; not paired
M11,M11-M00,2,snv,2190.9143529411767,-0.056826765128292656,difference of equal-sample representative means; not paired
M11,M11-M00,2,snv,2196.375098039216,-0.053466595599018896,difference of equal-sample representative means; not paired
M11,M11-M00,2,snv,2201.8358431372553,-0.055001675505729875,difference of equal-sample representative means; not paired
M11,M11-M00,2,snv,2207.2965882352946,-0.05982440906862496,difference of equal-sample representative means; not paired
M11,M11-M00,2,snv,2212.7573333333335,-0.06867657274022798,difference of equal-sample representative means; not paired
M11,M11-M00,2,snv,2218.2180784313728,-0.062277247334950214,difference of equal-sample representative means; not paired
M11,M11-M00,2,snv,2223.678823529412,-0.04747236400151078,difference of equal-sample representative means; not paired
M11,M11-M00,2,snv,2229.1395686274514,-0.07124862673737037,difference of equal-sample representative means; not paired
M11,M11-M00,2,snv,2234.6003137254907,-0.07654956474844415,difference of equal-sample representative means; not paired
M11,M11-M00,2,snv,2240.06105882353,-0.05931246900064413,difference of equal-sample representative means; not paired
M11,M11-M00,2,snv,2245.521803921569,-0.046861057078032786,difference of equal-sample representative means; not paired
M11,M11-M00,2,snv,2250.982549019608,-0.05478720228591427,difference of equal-sample representative means; not paired
M11,M11-M00,2,snv,2256.4432941176474,-0.06233074855344245,difference of equal-sample representative means; not paired
M11,M11-M00,2,snv,2261.9040392156867,-0.0266896297215653,difference of equal-sample representative means; not paired
M11,M11-M00,2,snv,2267.364784313726,-0.007223248221225331,difference of equal-sample representative means; not paired
M11,M11-M00,2,snv,2272.825529411765,0.005048950950015563,difference of equal-sample representative means; not paired
M11,M11-M00,2,snv,2278.286274509804,-0.020124275553646265,difference of equal-sample representative means; not paired
M11,M11-M00,2,snv,2283.7470196078434,0.0037382184616749914,difference of equal-sample representative means; not paired
M11,M11-M00,2,snv,2289.2077647058827,0.029491811662049505,difference of equal-sample representative means; not paired
M11,M11-M00,2,snv,2294.668509803922,0.02624802512207225,difference of equal-sample representative means; not paired
M11,M11-M00,2,snv,2300.1292549019613,0.0629026889399511,difference of equal-sample representative means; not paired
M11,M11-M00,2,snv,2305.59,0.018142818446720055,difference of equal-sample representative means; not paired
M11,M11-M00,2,second_derivative,913.1,2.657869819126111e-06,difference of equal-sample representative means; not paired
M11,M11-M00,2,second_derivative,918.5607450980392,2.657869819126111e-06,difference of equal-sample representative means; not paired
M11,M11-M00,2,second_derivative,924.0214901960785,2.657869819126111e-06,difference of equal-sample representative means; not paired
M11,M11-M00,2,second_derivative,929.4822352941177,2.6578698191258753e-06,difference of equal-sample representative means; not paired
M11,M11-M00,2,second_derivative,934.9429803921569,4.976747302022568e-06,difference of equal-sample representative means; not paired
M11,M11-M00,2,second_derivative,940.4037254901962,2.5257246873239483e-06,difference of equal-sample representative means; not paired
M11,M11-M00,2,second_derivative,945.8644705882353,1.5988438822218163e-06,difference of equal-sample representative means; not paired
M11,M11-M00,2,second_derivative,951.3252156862745,2.0585292129880338e-07,difference of equal-sample representative means; not paired
M11,M11-M00,2,second_derivative,956.7859607843137,-1.5957823053953845e-06,difference of equal-sample representative means; not paired
M11,M11-M00,2,second_derivative,962.246705882353,-9.219259133044024e-07,difference of equal-sample representative means; not paired
M11,M11-M00,2,second_derivative,967.7074509803922,1.8163834799965622e-06,difference of equal-sample representative means; not paired
M11,M11-M00,2,second_derivative,973.1681960784314,1.297156243880333e-06,difference of equal-sample representative means; not paired
M11,M11-M00,2,second_derivative,978.6289411764706,5.849094674551623e-07,difference of equal-sample representative means; not paired
M11,M11-M00,2,second_derivative,984.0896862745099,-1.496646001024301e-06,difference of equal-sample representative means; not paired
M11,M11-M00,2,second_derivative,989.550431372549,-2.203193866785873e-06,difference of equal-sample representative means; not paired
M11,M11-M00,2,second_derivative,995.0111764705882,-1.2101716117552937e-06,difference of equal-sample representative means; not paired
M11,M11-M00,2,second_derivative,1000.4719215686275,-3.029012455112355e-07,difference of equal-sample representative means; not paired
M11,M11-M00,2,second_derivative,1005.9326666666667,-8.15339063141128e-07,difference of equal-sample representative means; not paired
M11,M11-M00,2,second_derivative,1011.3934117647059,4.3941894120962326e-07,difference of equal-sample representative means; not paired
M11,M11-M00,2,second_derivative,1016.8541568627452,1.0468162329072005e-06,difference of equal-sample representative means; not paired
M11,M11-M00,2,second_derivative,1022.3149019607844,1.15851017455059e-06,difference of equal-sample representative means; not paired
M11,M11-M00,2,second_derivative,1027.7756470588236,4.460814658243416e-07,difference of equal-sample representative means; not paired
M11,M11-M00,2,second_derivative,1033.2363921568628,-7.663993168110819e-07,difference of equal-sample representative means; not paired
M11,M11-M00,2,second_derivative,1038.697137254902,-7.524962147544624e-07,difference of equal-sample representative means; not paired
M11,M11-M00,2,second_derivative,1044.1578823529412,5.120814953070995e-07,difference of equal-sample representative means; not paired
M11,M11-M00,2,second_derivative,1049.6186274509805,5.852874034777006e-07,difference of equal-sample representative means; not paired
M11,M11-M00,2,second_derivative,1055.0793725490196,-1.0245477563919841e-08,difference of equal-sample representative means; not paired
M11,M11-M00,2,second_derivative,1060.5401176470589,-1.3835861590306728e-07,difference of equal-sample representative means; not paired
M11,M11-M00,2,second_derivative,1066.0008627450982,-1.574485446675961e-07,difference of equal-sample representative means; not paired
M11,M11-M00,2,second_derivative,1071.4616078431372,1.6562323875387326e-07,difference of equal-sample representative means; not paired
M11,M11-M00,2,second_derivative,1076.9223529411765,4.3639871749557915e-07,difference of equal-sample representative means; not paired
M11,M11-M00,2,second_derivative,1082.3830980392158,5.0235895750911056e-08,difference of equal-sample representative means; not paired
M11,M11-M00,2,second_derivative,1087.843843137255,6.060867233468645e-08,difference of equal-sample representative means; not paired
M11,M11-M00,2,second_derivative,1093.3045882352942,7.520126445730774e-07,difference of equal-sample representative means; not paired
M11,M11-M00,2,second_derivative,1098.7653333333333,8.175241976537635e-07,difference of equal-sample representative means; not paired
M11,M11-M00,2,second_derivative,1104.2260784313726,2.1911062989647814e-07,difference of equal-sample representative means; not paired
M11,M11-M00,2,second_derivative,1109.6868235294119,1.6723452131855592e-06,difference of equal-sample representative means; not paired
M11,M11-M00,2,second_derivative,1115.1475686274512,2.182879074853086e-06,difference of equal-sample representative means; not paired
M11,M11-M00,2,second_derivative,1120.6083137254902,1.0004139513563714e-06,difference of equal-sample representative means; not paired
M11,M11-M00,2,second_derivative,1126.0690588235295,3.888236369275648e-07,difference of equal-sample representative means; not paired
M11,M11-M00,2,second_derivative,1131.5298039215686,-9.741702775864826e-07,difference of equal-sample representative means; not paired
M11,M11-M00,2,second_derivative,1136.990549019608,-2.176990501444483e-06,difference of equal-sample representative means; not paired
M11,M11-M00,2,second_derivative,1142.4512941176472,-4.0470492539721376e-07,difference of equal-sample representative means; not paired
M11,M11-M00,2,second_derivative,1147.9120392156863,3.687757262110874e-07,difference of equal-sample representative means; not paired
M11,M11-M00,2,second_derivative,1153.3727843137256,2.6759045972958166e-07,difference of equal-sample representative means; not paired
M11,M11-M00,2,second_derivative,1158.8335294117649,6.483538680674937e-07,difference of equal-sample representative means; not paired
M11,M11-M00,2,second_derivative,1164.294274509804,4.884569652358397e-07,difference of equal-sample representative means; not paired
M11,M11-M00,2,second_derivative,1169.7550196078432,8.764880234317923e-08,difference of equal-sample representative means; not paired
M11,M11-M00,2,second_derivative,1175.2157647058825,2.5050875888623806e-07,difference of equal-sample representative means; not paired
M11,M11-M00,2,second_derivative,1180.6765098039216,-1.2052555059153444e-06,difference of equal-sample representative means; not paired
M11,M11-M00,2,second_derivative,1186.137254901961,-2.850559024838581e-06,difference of equal-sample representative means; not paired
M11,M11-M00,2,second_derivative,1191.598,-3.1969674710745274e-06,difference of equal-sample representative means; not paired
M11,M11-M00,2,second_derivative,1197.0587450980393,-1.6984671137445313e-06,difference of equal-sample representative means; not paired
M11,M11-M00,2,second_derivative,1202.5194901960786,5.324635959879883e-08,difference of equal-sample representative means; not paired
M11,M11-M00,2,second_derivative,1207.9802352941178,-5.759365581177076e-07,difference of equal-sample representative means; not paired
M11,M11-M00,2,second_derivative,1213.440980392157,-4.6715699592357e-06,difference of equal-sample representative means; not paired
M11,M11-M00,2,second_derivative,1218.9017254901962,3.0062868529756914e-07,difference of equal-sample representative means; not paired
M11,M11-M00,2,second_derivative,1224.3624705882353,4.19523335758328e-06,difference of equal-sample representative means; not paired
M11,M11-M00,2,second_derivative,1229.8232156862746,5.729669817650959e-06,difference of equal-sample representative means; not paired
M11,M11-M00,2,second_derivative,1235.2839607843139,4.097248304757484e-06,difference of equal-sample representative means; not paired
M11,M11-M00,2,second_derivative,1240.7447058823532,-5.389338914945938e-07,difference of equal-sample representative means; not paired
M11,M11-M00,2,second_derivative,1246.2054509803922,-4.6849325442846515e-06,difference of equal-sample representative means; not paired
M11,M11-M00,2,second_derivative,1251.6661960784315,-1.3406600914789513e-06,difference of equal-sample representative means; not paired
M11,M11-M00,2,second_derivative,1257.1269411764706,-6.12947641920569e-08,difference of equal-sample representative means; not paired
M11,M11-M00,2,second_derivative,1262.58768627451,4.1461477148169074e-06,difference of equal-sample representative means; not paired
M11,M11-M00,2,second_derivative,1268.0484313725492,2.2912805579554134e-06,difference of equal-sample representative means; not paired
M11,M11-M00,2,second_derivative,1273.5091764705883,-1.5589794760056136e-06,difference of equal-sample representative means; not paired
M11,M11-M00,2,second_derivative,1278.9699215686276,-3.5438532123145298e-06,difference of equal-sample representative means; not paired
M11,M11-M00,2,second_derivative,1284.4306666666666,-1.4610230317176994e-06,difference of equal-sample representative means; not paired
M11,M11-M00,2,second_derivative,1289.891411764706,4.707345535139171e-06,difference of equal-sample representative means; not paired
M11,M11-M00,2,second_derivative,1295.3521568627452,1.423094977293069e-06,difference of equal-sample representative means; not paired
M11,M11-M00,2,second_derivative,1300.8129019607845,-4.3667649101122245e-06,difference of equal-sample representative means; not paired
M11,M11-M00,2,second_derivative,1306.2736470588236,-5.969448848495477e-06,difference of equal-sample representative means; not paired
M11,M11-M00,2,second_derivative,1311.734392156863,-2.5634992232525627e-06,difference of equal-sample representative means; not paired
M11,M11-M00,2,second_derivative,1317.195137254902,3.4174386826234823e-06,difference of equal-sample representative means; not paired
M11,M11-M00,2,second_derivative,1322.6558823529413,6.197315082973881e-06,difference of equal-sample representative means; not paired
M11,M11-M00,2,second_derivative,1328.1166274509806,1.7126814523356544e-07,difference of equal-sample representative means; not paired
M11,M11-M00,2,second_derivative,1333.5773725490199,8.553013083960846e-07,difference of equal-sample representative means; not paired
M11,M11-M00,2,second_derivative,1339.038117647059,3.57451304054908e-07,difference of equal-sample representative means; not paired
M11,M11-M00,2,second_derivative,1344.4988627450982,-1.0131710132584845e-06,difference of equal-sample representative means; not paired
M11,M11-M00,2,second_derivative,1349.9596078431373,-6.372487010451991e-07,difference of equal-sample representative means; not paired
M11,M11-M00,2,second_derivative,1355.4203529411766,-1.481764224544509e-07,difference of equal-sample representative means; not paired
M11,M11-M00,2,second_derivative,1360.8810980392159,-4.1711463594140474e-07,difference of equal-sample representative means; not paired
M11,M11-M00,2,second_derivative,1366.341843137255,-6.343657765296749e-07,difference of equal-sample representative means; not paired
M11,M11-M00,2,second_derivative,1371.8025882352943,-1.5361116905394883e-06,difference of equal-sample representative means; not paired
M11,M11-M00,2,second_derivative,1377.2633333333333,-2.198047236413025e-06,difference of equal-sample representative means; not paired
M11,M11-M00,2,second_derivative,1382.7240784313726,-1.2955303663527443e-06,difference of equal-sample representative means; not paired
M11,M11-M00,2,second_derivative,1388.184823529412,-1.016251771878687e-06,difference of equal-sample representative means; not paired
M11,M11-M00,2,second_derivative,1393.6455686274512,-1.7039193245776664e-06,difference of equal-sample representative means; not paired
M11,M11-M00,2,second_derivative,1399.1063137254903,-1.909818266252199e-06,difference of equal-sample representative means; not paired
M11,M11-M00,2,second_derivative,1404.5670588235296,-1.423989341309143e-06,difference of equal-sample representative means; not paired
M11,M11-M00,2,second_derivative,1410.0278039215686,-5.664015531413048e-07,difference of equal-sample representative means; not paired
M11,M11-M00,2,second_derivative,1415.488549019608,7.394559465903459e-07,difference of equal-sample representative means; not paired
M11,M11-M00,2,second_derivative,1420.9492941176472,1.7755282873290054e-06,difference of equal-sample representative means; not paired
M11,M11-M00,2,second_derivative,1426.4100392156865,1.2408603319764313e-06,difference of equal-sample representative means; not paired
M11,M11-M00,2,second_derivative,1431.8707843137256,6.715080313985462e-07,difference of equal-sample representative means; not paired
M11,M11-M00,2,second_derivative,1437.3315294117647,1.2567939909772033e-06,difference of equal-sample representative means; not paired
M11,M11-M00,2,second_derivative,1442.792274509804,2.9646995990360994e-06,difference of equal-sample representative means; not paired
M11,M11-M00,2,second_derivative,1448.2530196078433,3.842583484531939e-06,difference of equal-sample representative means; not paired
M11,M11-M00,2,second_derivative,1453.7137647058826,2.966479005145788e-07,difference of equal-sample representative means; not paired
M11,M11-M00,2,second_derivative,1459.1745098039219,-3.817613560247184e-06,difference of equal-sample representative means; not paired
M11,M11-M00,2,second_derivative,1464.635254901961,-2.813528291791757e-07,difference of equal-sample representative means; not paired
M11,M11-M00,2,second_derivative,1470.096,1.3273309028340874e-07,difference of equal-sample representative means; not paired
M11,M11-M00,2,second_derivative,1475.5567450980393,1.6929082486638424e-07,difference of equal-sample representative means; not paired
M11,M11-M00,2,second_derivative,1481.0174901960786,-1.0504541753167385e-07,difference of equal-sample representative means; not paired
M11,M11-M00,2,second_derivative,1486.478235294118,-2.1284911745511427e-06,difference of equal-sample representative means; not paired
M11,M11-M00,2,second_derivative,1491.938980392157,-1.1396548802739043e-06,difference of equal-sample representative means; not paired
M11,M11-M00,2,second_derivative,1497.3997254901963,3.770651417628582e-06,difference of equal-sample representative means; not paired
M11,M11-M00,2,second_derivative,1502.8604705882353,2.5342595725017695e-06,difference of equal-sample representative means; not paired
M11,M11-M00,2,second_derivative,1508.3212156862746,6.087594705992544e-07,difference of equal-sample representative means; not paired
M11,M11-M00,2,second_derivative,1513.781960784314,5.4958731986996896e-08,difference of equal-sample representative means; not paired
M11,M11-M00,2,second_derivative,1519.2427058823532,-1.1145790443709302e-07,difference of equal-sample representative means; not paired
M11,M11-M00,2,second_derivative,1524.7034509803923,2.606259571526147e-07,difference of equal-sample representative means; not paired
M11,M11-M00,2,second_derivative,1530.1641960784316,7.688569690939813e-07,difference of equal-sample representative means; not paired
M11,M11-M00,2,second_derivative,1535.6249411764707,9.199384482996828e-07,difference of equal-sample representative means; not paired
M11,M11-M00,2,second_derivative,1541.08568627451,-4.403055765485686e-07,difference of equal-sample representative means; not paired
M11,M11-M00,2,second_derivative,1546.5464313725493,-1.6294690680496754e-06,difference of equal-sample representative means; not paired
M11,M11-M00,2,second_derivative,1552.0071764705885,-2.6454260300302754e-07,difference of equal-sample representative means; not paired
M11,M11-M00,2,second_derivative,1557.4679215686276,1.0379316538570281e-06,difference of equal-sample representative means; not paired
M11,M11-M00,2,second_derivative,1562.9286666666667,1.2008358268798696e-06,difference of equal-sample representative means; not paired
M11,M11-M00,2,second_derivative,1568.389411764706,4.868966179980927e-07,difference of equal-sample representative means; not paired
M11,M11-M00,2,second_derivative,1573.8501568627453,-4.388037909600923e-07,difference of equal-sample representative means; not paired
M11,M11-M00,2,second_derivative,1579.3109019607846,-1.2263148981461124e-06,difference of equal-sample representative means; not paired
M11,M11-M00,2,second_derivative,1584.7716470588239,-1.7242423724882352e-07,difference of equal-sample representative means; not paired
M11,M11-M00,2,second_derivative,1590.232392156863,9.218033628720724e-07,difference of equal-sample representative means; not paired
M11,M11-M00,2,second_derivative,1595.693137254902,1.7015673352018375e-06,difference of equal-sample representative means; not paired
M11,M11-M00,2,second_derivative,1601.1538823529413,2.4363042341224985e-06,difference of equal-sample representative means; not paired
M11,M11-M00,2,second_derivative,1606.6146274509806,1.907046444567812e-06,difference of equal-sample representative means; not paired
M11,M11-M00,2,second_derivative,1612.07537254902,7.243440853840254e-08,difference of equal-sample representative means; not paired
M11,M11-M00,2,second_derivative,1617.536117647059,-1.8038286188386404e-06,difference of equal-sample representative means; not paired
M11,M11-M00,2,second_derivative,1622.9968627450983,-1.1772800729844872e-06,difference of equal-sample representative means; not paired
M11,M11-M00,2,second_derivative,1628.4576078431373,-8.099801226129719e-07,difference of equal-sample representative means; not paired
M11,M11-M00,2,second_derivative,1633.9183529411766,-2.859919740280099e-07,difference of equal-sample representative means; not paired
M11,M11-M00,2,second_derivative,1639.379098039216,-7.730798224673489e-07,difference of equal-sample representative means; not paired
M11,M11-M00,2,second_derivative,1644.8398431372552,-2.0134485972476623e-06,difference of equal-sample representative means; not paired
M11,M11-M00,2,second_derivative,1650.3005882352943,-2.164237627428336e-06,difference of equal-sample representative means; not paired
M11,M11-M00,2,second_derivative,1655.7613333333334,-6.338557985964839e-07,difference of equal-sample representative means; not paired
M11,M11-M00,2,second_derivative,1661.2220784313727,6.560661000002514e-07,difference of equal-sample representative means; not paired
M11,M11-M00,2,second_derivative,1666.682823529412,1.5377546080800688e-06,difference of equal-sample representative means; not paired
M11,M11-M00,2,second_derivative,1672.1435686274513,2.0593479219689705e-06,difference of equal-sample representative means; not paired
M11,M11-M00,2,second_derivative,1677.6043137254906,1.2036623783792748e-06,difference of equal-sample representative means; not paired
M11,M11-M00,2,second_derivative,1683.0650588235296,1.4814951250826333e-07,difference of equal-sample representative means; not paired
M11,M11-M00,2,second_derivative,1688.5258039215687,-2.526852618072562e-07,difference of equal-sample representative means; not paired
M11,M11-M00,2,second_derivative,1693.986549019608,-6.99691843174507e-07,difference of equal-sample representative means; not paired
M11,M11-M00,2,second_derivative,1699.4472941176473,-2.3077787968658336e-06,difference of equal-sample representative means; not paired
M11,M11-M00,2,second_derivative,1704.9080392156866,-1.7022628678583348e-06,difference of equal-sample representative means; not paired
M11,M11-M00,2,second_derivative,1710.3687843137257,-9.039799492341429e-07,difference of equal-sample representative means; not paired
M11,M11-M00,2,second_derivative,1715.829529411765,-6.698192739501608e-08,difference of equal-sample representative means; not paired
M11,M11-M00,2,second_derivative,1721.290274509804,-1.0453881978722555e-07,difference of equal-sample representative means; not paired
M11,M11-M00,2,second_derivative,1726.7510196078433,-1.6664802078455108e-07,difference of equal-sample representative means; not paired
M11,M11-M00,2,second_derivative,1732.2117647058826,4.6081031630773516e-07,difference of equal-sample representative means; not paired
M11,M11-M00,2,second_derivative,1737.672509803922,1.597318222490257e-06,difference of equal-sample representative means; not paired
M11,M11-M00,2,second_derivative,1743.133254901961,7.833524961271875e-07,difference of equal-sample representative means; not paired
M11,M11-M00,2,second_derivative,1748.594,-1.2913519353049715e-06,difference of equal-sample representative means; not paired
M11,M11-M00,2,second_derivative,1754.0547450980393,-2.5606005414992834e-06,difference of equal-sample representative means; not paired
M11,M11-M00,2,second_derivative,1759.5154901960786,-1.5684058165380082e-06,difference of equal-sample representative means; not paired
M11,M11-M00,2,second_derivative,1764.976235294118,4.03790231475233e-07,difference of equal-sample representative means; not paired
M11,M11-M00,2,second_derivative,1770.4369803921572,1.259670413917385e-06,difference of equal-sample representative means; not paired
M11,M11-M00,2,second_derivative,1775.8977254901963,1.241542771296792e-06,difference of equal-sample representative means; not paired
M11,M11-M00,2,second_derivative,1781.3584705882354,6.81091231161144e-07,difference of equal-sample representative means; not paired
M11,M11-M00,2,second_derivative,1786.8192156862747,1.9502046188641405e-06,difference of equal-sample representative means; not paired
M11,M11-M00,2,second_derivative,1792.279960784314,6.3387690208082e-07,difference of equal-sample representative means; not paired
M11,M11-M00,2,second_derivative,1797.7407058823533,-9.642873935881015e-07,difference of equal-sample representative means; not paired
M11,M11-M00,2,second_derivative,1803.2014509803923,-1.501553997592443e-06,difference of equal-sample representative means; not paired
M11,M11-M00,2,second_derivative,1808.6621960784316,-7.86096431256398e-07,difference of equal-sample representative means; not paired
M11,M11-M00,2,second_derivative,1814.1229411764707,-1.529569454673132e-08,difference of equal-sample representative means; not paired
M11,M11-M00,2,second_derivative,1819.58368627451,9.183374993526909e-07,difference of equal-sample representative means; not paired
M11,M11-M00,2,second_derivative,1825.0444313725493,7.3898358341949e-07,difference of equal-sample representative means; not paired
M11,M11-M00,2,second_derivative,1830.5051764705886,3.9649274310121194e-07,difference of equal-sample representative means; not paired
M11,M11-M00,2,second_derivative,1835.9659215686277,4.28313503206597e-07,difference of equal-sample representative means; not paired
M11,M11-M00,2,second_derivative,1841.4266666666667,-3.884360590165527e-07,difference of equal-sample representative means; not paired
M11,M11-M00,2,second_derivative,1846.887411764706,-1.4490579702597562e-06,difference of equal-sample representative means; not paired
M11,M11-M00,2,second_derivative,1852.3481568627453,-1.1417839422719664e-06,difference of equal-sample representative means; not paired
M11,M11-M00,2,second_derivative,1857.8089019607846,1.2752492689114308e-06,difference of equal-sample representative means; not paired
M11,M11-M00,2,second_derivative,1863.269647058824,1.2799597204337317e-06,difference of equal-sample representative means; not paired
M11,M11-M00,2,second_derivative,1868.730392156863,-7.91160173918833e-07,difference of equal-sample representative means; not paired
M11,M11-M00,2,second_derivative,1874.191137254902,-2.9918804307603193e-06,difference of equal-sample representative means; not paired
M11,M11-M00,2,second_derivative,1879.6518823529414,-2.5110590540263888e-06,difference of equal-sample representative means; not paired
M11,M11-M00,2,second_derivative,1885.1126274509807,-3.0835756630173336e-07,difference of equal-sample representative means; not paired
M11,M11-M00,2,second_derivative,1890.57337254902,4.2977142326334073e-07,difference of equal-sample representative means; not paired
M11,M11-M00,2,second_derivative,1896.034117647059,-5.060607124383708e-07,difference of equal-sample representative means; not paired
M11,M11-M00,2,second_derivative,1901.4948627450983,-4.3082157042931046e-07,difference of equal-sample representative means; not paired
M11,M11-M00,2,second_derivative,1906.9556078431374,1.4080798074024375e-06,difference of equal-sample representative means; not paired
M11,M11-M00,2,second_derivative,1912.4163529411767,1.4491933643314293e-06,difference of equal-sample representative means; not paired
M11,M11-M00,2,second_derivative,1917.877098039216,2.813366823817227e-06,difference of equal-sample representative means; not paired
M11,M11-M00,2,second_derivative,1923.3378431372553,1.0822349591808151e-06,difference of equal-sample representative means; not paired
M11,M11-M00,2,second_derivative,1928.7985882352943,1.9745425509883942e-07,difference of equal-sample representative means; not paired
M11,M11-M00,2,second_derivative,1934.2593333333336,5.826747144440671e-07,difference of equal-sample representative means; not paired
M11,M11-M00,2,second_derivative,1939.7200784313727,-1.2658342343059798e-07,difference of equal-sample representative means; not paired
M11,M11-M00,2,second_derivative,1945.180823529412,-6.328315617165701e-07,difference of equal-sample representative means; not paired
M11,M11-M00,2,second_derivative,1950.6415686274513,2.2359322225692073e-06,difference of equal-sample representative means; not paired
M11,M11-M00,2,second_derivative,1956.1023137254906,2.4441645558883577e-06,difference of equal-sample representative means; not paired
M11,M11-M00,2,second_derivative,1961.5630588235294,1.4768780692670739e-06,difference of equal-sample representative means; not paired
M11,M11-M00,2,second_derivative,1967.0238039215687,-1.287108077905864e-06,difference of equal-sample representative means; not paired
M11,M11-M00,2,second_derivative,1972.484549019608,-3.6269788632487433e-06,difference of equal-sample representative means; not paired
M11,M11-M00,2,second_derivative,1977.9452941176473,-1.4827190577439467e-06,difference of equal-sample representative means; not paired
M11,M11-M00,2,second_derivative,1983.4060392156866,1.9355188188746045e-06,difference of equal-sample representative means; not paired
M11,M11-M00,2,second_derivative,1988.866784313726,4.362657658040466e-07,difference of equal-sample representative means; not paired
M11,M11-M00,2,second_derivative,1994.3275294117648,-8.547716008825958e-09,difference of equal-sample representative means; not paired
M11,M11-M00,2,second_derivative,1999.788274509804,-1.2655064007523138e-06,difference of equal-sample representative means; not paired
M11,M11-M00,2,second_derivative,2005.2490196078434,-1.3373136648854377e-06,difference of equal-sample representative means; not paired
M11,M11-M00,2,second_derivative,2010.7097647058827,-3.5564035101577597e-07,difference of equal-sample representative means; not paired
M11,M11-M00,2,second_derivative,2016.170509803922,-4.561455131457464e-07,difference of equal-sample representative means; not paired
M11,M11-M00,2,second_derivative,2021.6312549019613,-2.1404770316566855e-06,difference of equal-sample representative means; not paired
M11,M11-M00,2,second_derivative,2027.092,1.2412842195915372e-06,difference of equal-sample representative means; not paired
M11,M11-M00,2,second_derivative,2032.5527450980394,3.1597724579753052e-06,difference of equal-sample representative means; not paired
M11,M11-M00,2,second_derivative,2038.0134901960787,3.859486564545089e-06,difference of equal-sample representative means; not paired
M11,M11-M00,2,second_derivative,2043.474235294118,5.045562919550637e-07,difference of equal-sample representative means; not paired
M11,M11-M00,2,second_derivative,2048.9349803921573,-1.4879251408453218e-06,difference of equal-sample representative means; not paired
M11,M11-M00,2,second_derivative,2054.3957254901966,-1.149338910542273e-06,difference of equal-sample representative means; not paired
M11,M11-M00,2,second_derivative,2059.8564705882354,-2.0305084066997243e-06,difference of equal-sample representative means; not paired
M11,M11-M00,2,second_derivative,2065.3172156862747,-3.038769429270281e-06,difference of equal-sample representative means; not paired
M11,M11-M00,2,second_derivative,2070.777960784314,-3.525995536806208e-08,difference of equal-sample representative means; not paired
M11,M11-M00,2,second_derivative,2076.2387058823533,-2.8796000552852775e-06,difference of equal-sample representative means; not paired
M11,M11-M00,2,second_derivative,2081.6994509803926,1.0544586479114323e-06,difference of equal-sample representative means; not paired
M11,M11-M00,2,second_derivative,2087.1601960784315,3.329024599606838e-06,difference of equal-sample representative means; not paired
M11,M11-M00,2,second_derivative,2092.6209411764708,2.459940857863308e-06,difference of equal-sample representative means; not paired
M11,M11-M00,2,second_derivative,2098.08168627451,-1.0744455253673846e-06,difference of equal-sample representative means; not paired
M11,M11-M00,2,second_derivative,2103.5424313725493,-1.4317149807550535e-06,difference of equal-sample representative means; not paired
M11,M11-M00,2,second_derivative,2109.0031764705886,-1.86431260244214e-06,difference of equal-sample representative means; not paired
M11,M11-M00,2,second_derivative,2114.463921568628,1.3423576858679934e-06,difference of equal-sample representative means; not paired
M11,M11-M00,2,second_derivative,2119.924666666667,-7.920771331097123e-07,difference of equal-sample representative means; not paired
M11,M11-M00,2,second_derivative,2125.385411764706,-3.4226325683297707e-07,difference of equal-sample representative means; not paired
M11,M11-M00,2,second_derivative,2130.8461568627454,-2.739575294934702e-07,difference of equal-sample representative means; not paired
M11,M11-M00,2,second_derivative,2136.3069019607847,4.43834307000039e-06,difference of equal-sample representative means; not paired
M11,M11-M00,2,second_derivative,2141.767647058824,9.068973629301406e-06,difference of equal-sample representative means; not paired
M11,M11-M00,2,second_derivative,2147.2283921568633,4.738528390950609e-06,difference of equal-sample representative means; not paired
M11,M11-M00,2,second_derivative,2152.689137254902,-3.3882177919777275e-06,difference of equal-sample representative means; not paired
M11,M11-M00,2,second_derivative,2158.1498823529414,-7.116613933399737e-06,difference of equal-sample representative means; not paired
M11,M11-M00,2,second_derivative,2163.6106274509807,-6.635431391257953e-06,difference of equal-sample representative means; not paired
M11,M11-M00,2,second_derivative,2169.07137254902,3.282259552743088e-06,difference of equal-sample representative means; not paired
M11,M11-M00,2,second_derivative,2174.5321176470593,2.8505945320771396e-06,difference of equal-sample representative means; not paired
M11,M11-M00,2,second_derivative,2179.992862745098,-1.2053546176142485e-06,difference of equal-sample representative means; not paired
M11,M11-M00,2,second_derivative,2185.4536078431374,-3.7479235331033214e-06,difference of equal-sample representative means; not paired
M11,M11-M00,2,second_derivative,2190.9143529411767,-3.121306995976022e-06,difference of equal-sample representative means; not paired
M11,M11-M00,2,second_derivative,2196.375098039216,1.6260086494706836e-06,difference of equal-sample representative means; not paired
M11,M11-M00,2,second_derivative,2201.8358431372553,6.372671590219942e-06,difference of equal-sample representative means; not paired
M11,M11-M00,2,second_derivative,2207.2965882352946,2.1346530743261042e-07,difference of equal-sample representative means; not paired
M11,M11-M00,2,second_derivative,2212.7573333333335,7.319890378102623e-07,difference of equal-sample representative means; not paired
M11,M11-M00,2,second_derivative,2218.2180784313728,-3.0057841116532476e-06,difference of equal-sample representative means; not paired
M11,M11-M00,2,second_derivative,2223.678823529412,-4.096425162694272e-06,difference of equal-sample representative means; not paired
M11,M11-M00,2,second_derivative,2229.1395686274514,-1.1301552893605511e-06,difference of equal-sample representative means; not paired
M11,M11-M00,2,second_derivative,2234.6003137254907,1.7882963394702598e-06,difference of equal-sample representative means; not paired
M11,M11-M00,2,second_derivative,2240.06105882353,7.2009516457883615e-06,difference of equal-sample representative means; not paired
M11,M11-M00,2,second_derivative,2245.521803921569,1.0617689191603293e-05,difference of equal-sample representative means; not paired
M11,M11-M00,2,second_derivative,2250.982549019608,-5.219470345115881e-06,difference of equal-sample representative means; not paired
M11,M11-M00,2,second_derivative,2256.4432941176474,-1.1588699257369616e-05,difference of equal-sample representative means; not paired
M11,M11-M00,2,second_derivative,2261.9040392156867,-5.807019850010996e-06,difference of equal-sample representative means; not paired
M11,M11-M00,2,second_derivative,2267.364784313726,1.5765081173026412e-07,difference of equal-sample representative means; not paired
M11,M11-M00,2,second_derivative,2272.825529411765,6.240624096991203e-06,difference of equal-sample representative means; not paired
M11,M11-M00,2,second_derivative,2278.286274509804,9.895180035463601e-06,difference of equal-sample representative means; not paired
M11,M11-M00,2,second_derivative,2283.7470196078434,-3.349392638151848e-06,difference of equal-sample representative means; not paired
M11,M11-M00,2,second_derivative,2289.2077647058827,-1.566465609247372e-06,difference of equal-sample representative means; not paired
M11,M11-M00,2,second_derivative,2294.668509803922,-1.566465609247521e-06,difference of equal-sample representative means; not paired
M11,M11-M00,2,second_derivative,2300.1292549019613,-1.566465609247521e-06,difference of equal-sample representative means; not paired
M11,M11-M00,2,second_derivative,2305.59,-1.566465609247521e-06,difference of equal-sample representative means; not paired
M11,M11-M00,3,reflectance,913.1,-0.001686210076381811,difference of equal-sample representative means; not paired
M11,M11-M00,3,reflectance,918.5607450980392,-0.0015624425792742924,difference of equal-sample representative means; not paired
M11,M11-M00,3,reflectance,924.0214901960785,-0.0014425803369901846,difference of equal-sample representative means; not paired
M11,M11-M00,3,reflectance,929.4822352941177,-0.0013606283912355743,difference of equal-sample representative means; not paired
M11,M11-M00,3,reflectance,934.9429803921569,-0.0013022360517690457,difference of equal-sample representative means; not paired
M11,M11-M00,3,reflectance,940.4037254901962,-0.0012704555129336992,difference of equal-sample representative means; not paired
M11,M11-M00,3,reflectance,945.8644705882353,-0.00126788975762393,difference of equal-sample representative means; not paired
M11,M11-M00,3,reflectance,951.3252156862745,-0.0012347418807189259,difference of equal-sample representative means; not paired
M11,M11-M00,3,reflectance,956.7859607843137,-0.001228526527130902,difference of equal-sample representative means; not paired
M11,M11-M00,3,reflectance,962.246705882353,-0.001219017224591501,difference of equal-sample representative means; not paired
M11,M11-M00,3,reflectance,967.7074509803922,-0.0012130691407198357,difference of equal-sample representative means; not paired
M11,M11-M00,3,reflectance,973.1681960784314,-0.0012043706671756027,difference of equal-sample representative means; not paired
M11,M11-M00,3,reflectance,978.6289411764706,-0.0011917696978879233,difference of equal-sample representative means; not paired
M11,M11-M00,3,reflectance,984.0896862745099,-0.0011808589253827773,difference of equal-sample representative means; not paired
M11,M11-M00,3,reflectance,989.550431372549,-0.001181331605641378,difference of equal-sample representative means; not paired
M11,M11-M00,3,reflectance,995.0111764705882,-0.0012210580794623782,difference of equal-sample representative means; not paired
M11,M11-M00,3,reflectance,1000.4719215686275,-0.0012108386457474474,difference of equal-sample representative means; not paired
M11,M11-M00,3,reflectance,1005.9326666666667,-0.0012270279919068816,difference of equal-sample representative means; not paired
M11,M11-M00,3,reflectance,1011.3934117647059,-0.001251485867505564,difference of equal-sample representative means; not paired
M11,M11-M00,3,reflectance,1016.8541568627452,-0.0012699172398022984,difference of equal-sample representative means; not paired
M11,M11-M00,3,reflectance,1022.3149019607844,-0.0012782319972234335,difference of equal-sample representative means; not paired
M11,M11-M00,3,reflectance,1027.7756470588236,-0.0012788601087800888,difference of equal-sample representative means; not paired
M11,M11-M00,3,reflectance,1033.2363921568628,-0.0012876987573764431,difference of equal-sample representative means; not paired
M11,M11-M00,3,reflectance,1038.697137254902,-0.0012682664810704791,difference of equal-sample representative means; not paired
M11,M11-M00,3,reflectance,1044.1578823529412,-0.0013000518103328806,difference of equal-sample representative means; not paired
M11,M11-M00,3,reflectance,1049.6186274509805,-0.0013157821134183179,difference of equal-sample representative means; not paired
M11,M11-M00,3,reflectance,1055.0793725490196,-0.0013168046891257612,difference of equal-sample representative means; not paired
M11,M11-M00,3,reflectance,1060.5401176470589,-0.0013194312598105995,difference of equal-sample representative means; not paired
M11,M11-M00,3,reflectance,1066.0008627450982,-0.001326295996094351,difference of equal-sample representative means; not paired
M11,M11-M00,3,reflectance,1071.4616078431372,-0.0013432478865199604,difference of equal-sample representative means; not paired
M11,M11-M00,3,reflectance,1076.9223529411765,-0.0013344970618047736,difference of equal-sample representative means; not paired
M11,M11-M00,3,reflectance,1082.3830980392158,-0.0013325921999126633,difference of equal-sample representative means; not paired
M11,M11-M00,3,reflectance,1087.843843137255,-0.001339713598522141,difference of equal-sample representative means; not paired
M11,M11-M00,3,reflectance,1093.3045882352942,-0.0013435966421108114,difference of equal-sample representative means; not paired
M11,M11-M00,3,reflectance,1098.7653333333333,-0.0013364975232460496,difference of equal-sample representative means; not paired
M11,M11-M00,3,reflectance,1104.2260784313726,-0.001322812481559854,difference of equal-sample representative means; not paired
M11,M11-M00,3,reflectance,1109.6868235294119,-0.001314948919415082,difference of equal-sample representative means; not paired
M11,M11-M00,3,reflectance,1115.1475686274512,-0.0012870778235144487,difference of equal-sample representative means; not paired
M11,M11-M00,3,reflectance,1120.6083137254902,-0.0012514830800189891,difference of equal-sample representative means; not paired
M11,M11-M00,3,reflectance,1126.0690588235295,-0.0012147020444783774,difference of equal-sample representative means; not paired
M11,M11-M00,3,reflectance,1131.5298039215686,-0.0011696778230382288,difference of equal-sample representative means; not paired
M11,M11-M00,3,reflectance,1136.990549019608,-0.0011343943218402597,difference of equal-sample representative means; not paired
M11,M11-M00,3,reflectance,1142.4512941176472,-0.0011177926027947649,difference of equal-sample representative means; not paired
M11,M11-M00,3,reflectance,1147.9120392156863,-0.0010907242554628604,difference of equal-sample representative means; not paired
M11,M11-M00,3,reflectance,1153.3727843137256,-0.0010185960946861305,difference of equal-sample representative means; not paired
M11,M11-M00,3,reflectance,1158.8335294117649,-0.0009622799874930976,difference of equal-sample representative means; not paired
M11,M11-M00,3,reflectance,1164.294274509804,-0.0009228178555563682,difference of equal-sample representative means; not paired
M11,M11-M00,3,reflectance,1169.7550196078432,-0.0008819213012999372,difference of equal-sample representative means; not paired
M11,M11-M00,3,reflectance,1175.2157647058825,-0.0008309798503544075,difference of equal-sample representative means; not paired
M11,M11-M00,3,reflectance,1180.6765098039216,-0.0007813683434970686,difference of equal-sample representative means; not paired
M11,M11-M00,3,reflectance,1186.137254901961,-0.000747097287016163,difference of equal-sample representative means; not paired
M11,M11-M00,3,reflectance,1191.598,-0.0006987215195430885,difference of equal-sample representative means; not paired
M11,M11-M00,3,reflectance,1197.0587450980393,-0.0006593596359970588,difference of equal-sample representative means; not paired
M11,M11-M00,3,reflectance,1202.5194901960786,-0.0006377196344575786,difference of equal-sample representative means; not paired
M11,M11-M00,3,reflectance,1207.9802352941178,-0.0006248284399923421,difference of equal-sample representative means; not paired
M11,M11-M00,3,reflectance,1213.440980392157,-0.0005981607581250215,difference of equal-sample representative means; not paired
M11,M11-M00,3,reflectance,1218.9017254901962,-0.0005839271668371948,difference of equal-sample representative means; not paired
M11,M11-M00,3,reflectance,1224.3624705882353,-0.0006058897747580616,difference of equal-sample representative means; not paired
M11,M11-M00,3,reflectance,1229.8232156862746,-0.0006022291904090871,difference of equal-sample representative means; not paired
M11,M11-M00,3,reflectance,1235.2839607843139,-0.0005885453032855592,difference of equal-sample representative means; not paired
M11,M11-M00,3,reflectance,1240.7447058823532,-0.0005919706701342786,difference of equal-sample representative means; not paired
M11,M11-M00,3,reflectance,1246.2054509803922,-0.0005907560601607909,difference of equal-sample representative means; not paired
M11,M11-M00,3,reflectance,1251.6661960784315,-0.0005889924386266454,difference of equal-sample representative means; not paired
M11,M11-M00,3,reflectance,1257.1269411764706,-0.00059026518219496,difference of equal-sample representative means; not paired
M11,M11-M00,3,reflectance,1262.58768627451,-0.0005915938018736799,difference of equal-sample representative means; not paired
M11,M11-M00,3,reflectance,1268.0484313725492,-0.0005888447168479471,difference of equal-sample representative means; not paired
M11,M11-M00,3,reflectance,1273.5091764705883,-0.0006032329301065564,difference of equal-sample representative means; not paired
M11,M11-M00,3,reflectance,1278.9699215686276,-0.0006052178847779643,difference of equal-sample representative means; not paired
M11,M11-M00,3,reflectance,1284.4306666666666,-0.0005947144163852558,difference of equal-sample representative means; not paired
M11,M11-M00,3,reflectance,1289.891411764706,-0.000592784761363041,difference of equal-sample representative means; not paired
M11,M11-M00,3,reflectance,1295.3521568627452,-0.0005867604390358272,difference of equal-sample representative means; not paired
M11,M11-M00,3,reflectance,1300.8129019607845,-0.0005723277256487469,difference of equal-sample representative means; not paired
M11,M11-M00,3,reflectance,1306.2736470588236,-0.0005590233783686616,difference of equal-sample representative means; not paired
M11,M11-M00,3,reflectance,1311.734392156863,-0.0005329655049173265,difference of equal-sample representative means; not paired
M11,M11-M00,3,reflectance,1317.195137254902,-0.0005240872337842761,difference of equal-sample representative means; not paired
M11,M11-M00,3,reflectance,1322.6558823529413,-0.0004963476368256003,difference of equal-sample representative means; not paired
M11,M11-M00,3,reflectance,1328.1166274509806,-0.00046232604829810064,difference of equal-sample representative means; not paired
M11,M11-M00,3,reflectance,1333.5773725490199,-0.0004211196042364085,difference of equal-sample representative means; not paired
M11,M11-M00,3,reflectance,1339.038117647059,-0.0003687120720212711,difference of equal-sample representative means; not paired
M11,M11-M00,3,reflectance,1344.4988627450982,-0.0003054034585187049,difference of equal-sample representative means; not paired
M11,M11-M00,3,reflectance,1349.9596078431373,-0.000239430036740651,difference of equal-sample representative means; not paired
M11,M11-M00,3,reflectance,1355.4203529411766,-0.0001804489953278754,difference of equal-sample representative means; not paired
M11,M11-M00,3,reflectance,1360.8810980392159,-0.00013734938266174446,difference of equal-sample representative means; not paired
M11,M11-M00,3,reflectance,1366.341843137255,-8.710532200151277e-05,difference of equal-sample representative means; not paired
M11,M11-M00,3,reflectance,1371.8025882352943,-3.9605767320094465e-05,difference of equal-sample representative means; not paired
M11,M11-M00,3,reflectance,1377.2633333333333,2.1001752783522676e-06,difference of equal-sample representative means; not paired
M11,M11-M00,3,reflectance,1382.7240784313726,4.05751177271485e-05,difference of equal-sample representative means; not paired
M11,M11-M00,3,reflectance,1388.184823529412,8.26570288143813e-05,difference of equal-sample representative means; not paired
M11,M11-M00,3,reflectance,1393.6455686274512,0.00014835267596946533,difference of equal-sample representative means; not paired
M11,M11-M00,3,reflectance,1399.1063137254903,0.00021524094251734738,difference of equal-sample representative means; not paired
M11,M11-M00,3,reflectance,1404.5670588235296,0.0002966995022136709,difference of equal-sample representative means; not paired
M11,M11-M00,3,reflectance,1410.0278039215686,0.0003782051205327708,difference of equal-sample representative means; not paired
M11,M11-M00,3,reflectance,1415.488549019608,0.00046487803530148586,difference of equal-sample representative means; not paired
M11,M11-M00,3,reflectance,1420.9492941176472,0.0005430835151703506,difference of equal-sample representative means; not paired
M11,M11-M00,3,reflectance,1426.4100392156865,0.0005926171904806488,difference of equal-sample representative means; not paired
M11,M11-M00,3,reflectance,1431.8707843137256,0.0006236929893351228,difference of equal-sample representative means; not paired
M11,M11-M00,3,reflectance,1437.3315294117647,0.0006254128383282875,difference of equal-sample representative means; not paired
M11,M11-M00,3,reflectance,1442.792274509804,0.0006640282420129484,difference of equal-sample representative means; not paired
M11,M11-M00,3,reflectance,1448.2530196078433,0.0006597725219308903,difference of equal-sample representative means; not paired
M11,M11-M00,3,reflectance,1453.7137647058826,0.0006784241278081637,difference of equal-sample representative means; not paired
M11,M11-M00,3,reflectance,1459.1745098039219,0.0007037541741628517,difference of equal-sample representative means; not paired
M11,M11-M00,3,reflectance,1464.635254901961,0.0007047706870054182,difference of equal-sample representative means; not paired
M11,M11-M00,3,reflectance,1470.096,0.000709231808982691,difference of equal-sample representative means; not paired
M11,M11-M00,3,reflectance,1475.5567450980393,0.0007224894690401884,difference of equal-sample representative means; not paired
M11,M11-M00,3,reflectance,1481.0174901960786,0.000694621502410564,difference of equal-sample representative means; not paired
M11,M11-M00,3,reflectance,1486.478235294118,0.000699753945359205,difference of equal-sample representative means; not paired
M11,M11-M00,3,reflectance,1491.938980392157,0.0006972238050003132,difference of equal-sample representative means; not paired
M11,M11-M00,3,reflectance,1497.3997254901963,0.0006863295548421577,difference of equal-sample representative means; not paired
M11,M11-M00,3,reflectance,1502.8604705882353,0.0006741728937449953,difference of equal-sample representative means; not paired
M11,M11-M00,3,reflectance,1508.3212156862746,0.0006687065649148005,difference of equal-sample representative means; not paired
M11,M11-M00,3,reflectance,1513.781960784314,0.0006934100371084884,difference of equal-sample representative means; not paired
M11,M11-M00,3,reflectance,1519.2427058823532,0.0006738272334000373,difference of equal-sample representative means; not paired
M11,M11-M00,3,reflectance,1524.7034509803923,0.0006726403105971612,difference of equal-sample representative means; not paired
M11,M11-M00,3,reflectance,1530.1641960784316,0.0007003333221601293,difference of equal-sample representative means; not paired
M11,M11-M00,3,reflectance,1535.6249411764707,0.000692213031214528,difference of equal-sample representative means; not paired
M11,M11-M00,3,reflectance,1541.08568627451,0.0006678824191580501,difference of equal-sample representative means; not paired
M11,M11-M00,3,reflectance,1546.5464313725493,0.0006647851203990252,difference of equal-sample representative means; not paired
M11,M11-M00,3,reflectance,1552.0071764705885,0.0006585930141925211,difference of equal-sample representative means; not paired
M11,M11-M00,3,reflectance,1557.4679215686276,0.0006608020161137929,difference of equal-sample representative means; not paired
M11,M11-M00,3,reflectance,1562.9286666666667,0.0006562228192042996,difference of equal-sample representative means; not paired
M11,M11-M00,3,reflectance,1568.389411764706,0.0006658470543610129,difference of equal-sample representative means; not paired
M11,M11-M00,3,reflectance,1573.8501568627453,0.0006664394072274371,difference of equal-sample representative means; not paired
M11,M11-M00,3,reflectance,1579.3109019607846,0.0006644245668377957,difference of equal-sample representative means; not paired
M11,M11-M00,3,reflectance,1584.7716470588239,0.0006607770094366194,difference of equal-sample representative means; not paired
M11,M11-M00,3,reflectance,1590.232392156863,0.0006498699219991688,difference of equal-sample representative means; not paired
M11,M11-M00,3,reflectance,1595.693137254902,0.0006533402784277831,difference of equal-sample representative means; not paired
M11,M11-M00,3,reflectance,1601.1538823529413,0.0006433912329788516,difference of equal-sample representative means; not paired
M11,M11-M00,3,reflectance,1606.6146274509806,0.000634207428425182,difference of equal-sample representative means; not paired
M11,M11-M00,3,reflectance,1612.07537254902,0.0006203880642535187,difference of equal-sample representative means; not paired
M11,M11-M00,3,reflectance,1617.536117647059,0.0006056785059965764,difference of equal-sample representative means; not paired
M11,M11-M00,3,reflectance,1622.9968627450983,0.0005886585379909492,difference of equal-sample representative means; not paired
M11,M11-M00,3,reflectance,1628.4576078431373,0.000576547064688071,difference of equal-sample representative means; not paired
M11,M11-M00,3,reflectance,1633.9183529411766,0.0005830593924041061,difference of equal-sample representative means; not paired
M11,M11-M00,3,reflectance,1639.379098039216,0.0005420841950368183,difference of equal-sample representative means; not paired
M11,M11-M00,3,reflectance,1644.8398431372552,0.0005512046727761399,difference of equal-sample representative means; not paired
M11,M11-M00,3,reflectance,1650.3005882352943,0.0005376344240047848,difference of equal-sample representative means; not paired
M11,M11-M00,3,reflectance,1655.7613333333334,0.0005316759150472139,difference of equal-sample representative means; not paired
M11,M11-M00,3,reflectance,1661.2220784313727,0.0005268596382937973,difference of equal-sample representative means; not paired
M11,M11-M00,3,reflectance,1666.682823529412,0.0005170971312415951,difference of equal-sample representative means; not paired
M11,M11-M00,3,reflectance,1672.1435686274513,0.0005087501141347039,difference of equal-sample representative means; not paired
M11,M11-M00,3,reflectance,1677.6043137254906,0.0004977373051048284,difference of equal-sample representative means; not paired
M11,M11-M00,3,reflectance,1683.0650588235296,0.0004985578357003528,difference of equal-sample representative means; not paired
M11,M11-M00,3,reflectance,1688.5258039215687,0.0004918124443551997,difference of equal-sample representative means; not paired
M11,M11-M00,3,reflectance,1693.986549019608,0.0004924791374683601,difference of equal-sample representative means; not paired
M11,M11-M00,3,reflectance,1699.4472941176473,0.0004903331891445428,difference of equal-sample representative means; not paired
M11,M11-M00,3,reflectance,1704.9080392156866,0.0004876965180982684,difference of equal-sample representative means; not paired
M11,M11-M00,3,reflectance,1710.3687843137257,0.0004888243189575814,difference of equal-sample representative means; not paired
M11,M11-M00,3,reflectance,1715.829529411765,0.0004869685641997745,difference of equal-sample representative means; not paired
M11,M11-M00,3,reflectance,1721.290274509804,0.0004880807947102994,difference of equal-sample representative means; not paired
M11,M11-M00,3,reflectance,1726.7510196078433,0.000495845889662061,difference of equal-sample representative means; not paired
M11,M11-M00,3,reflectance,1732.2117647058826,0.0004954004545453805,difference of equal-sample representative means; not paired
M11,M11-M00,3,reflectance,1737.672509803922,0.0004826576664686,difference of equal-sample representative means; not paired
M11,M11-M00,3,reflectance,1743.133254901961,0.00048215430609221954,difference of equal-sample representative means; not paired
M11,M11-M00,3,reflectance,1748.594,0.0004997519532500827,difference of equal-sample representative means; not paired
M11,M11-M00,3,reflectance,1754.0547450980393,0.0005122872821228253,difference of equal-sample representative means; not paired
M11,M11-M00,3,reflectance,1759.5154901960786,0.0004982057394956607,difference of equal-sample representative means; not paired
M11,M11-M00,3,reflectance,1764.976235294118,0.0005186470514053632,difference of equal-sample representative means; not paired
M11,M11-M00,3,reflectance,1770.4369803921572,0.0005196628277269189,difference of equal-sample representative means; not paired
M11,M11-M00,3,reflectance,1775.8977254901963,0.0005200745905349913,difference of equal-sample representative means; not paired
M11,M11-M00,3,reflectance,1781.3584705882354,0.0005181769373314715,difference of equal-sample representative means; not paired
M11,M11-M00,3,reflectance,1786.8192156862747,0.000515606251570877,difference of equal-sample representative means; not paired
M11,M11-M00,3,reflectance,1792.279960784314,0.0005130906123209655,difference of equal-sample representative means; not paired
M11,M11-M00,3,reflectance,1797.7407058823533,0.0005065055514720251,difference of equal-sample representative means; not paired
M11,M11-M00,3,reflectance,1803.2014509803923,0.0004976757771730234,difference of equal-sample representative means; not paired
M11,M11-M00,3,reflectance,1808.6621960784316,0.0005084526838206038,difference of equal-sample representative means; not paired
M11,M11-M00,3,reflectance,1814.1229411764707,0.0005065447747314988,difference of equal-sample representative means; not paired
M11,M11-M00,3,reflectance,1819.58368627451,0.0005027801231536344,difference of equal-sample representative means; not paired
M11,M11-M00,3,reflectance,1825.0444313725493,0.0004984576783534367,difference of equal-sample representative means; not paired
M11,M11-M00,3,reflectance,1830.5051764705886,0.0004949764413195168,difference of equal-sample representative means; not paired
M11,M11-M00,3,reflectance,1835.9659215686277,0.0004943961521202689,difference of equal-sample representative means; not paired
M11,M11-M00,3,reflectance,1841.4266666666667,0.0004929422340985701,difference of equal-sample representative means; not paired
M11,M11-M00,3,reflectance,1846.887411764706,0.00047177373148643564,difference of equal-sample representative means; not paired
M11,M11-M00,3,reflectance,1852.3481568627453,0.0004932244312323975,difference of equal-sample representative means; not paired
M11,M11-M00,3,reflectance,1857.8089019607846,0.0005094707657055109,difference of equal-sample representative means; not paired
M11,M11-M00,3,reflectance,1863.269647058824,0.0005198735851292269,difference of equal-sample representative means; not paired
M11,M11-M00,3,reflectance,1868.730392156863,0.0005123697273731187,difference of equal-sample representative means; not paired
M11,M11-M00,3,reflectance,1874.191137254902,0.0005043055367792704,difference of equal-sample representative means; not paired
M11,M11-M00,3,reflectance,1879.6518823529414,0.0005352348976713217,difference of equal-sample representative means; not paired
M11,M11-M00,3,reflectance,1885.1126274509807,0.0005712889921725139,difference of equal-sample representative means; not paired
M11,M11-M00,3,reflectance,1890.57337254902,0.000586119776659344,difference of equal-sample representative means; not paired
M11,M11-M00,3,reflectance,1896.034117647059,0.0005961858168873624,difference of equal-sample representative means; not paired
M11,M11-M00,3,reflectance,1901.4948627450983,0.0006041002123095551,difference of equal-sample representative means; not paired
M11,M11-M00,3,reflectance,1906.9556078431374,0.0006225981509351275,difference of equal-sample representative means; not paired
M11,M11-M00,3,reflectance,1912.4163529411767,0.0006495101631099898,difference of equal-sample representative means; not paired
M11,M11-M00,3,reflectance,1917.877098039216,0.0006683780056209176,difference of equal-sample representative means; not paired
M11,M11-M00,3,reflectance,1923.3378431372553,0.0006644876227138163,difference of equal-sample representative means; not paired
M11,M11-M00,3,reflectance,1928.7985882352943,0.0006514235815752167,difference of equal-sample representative means; not paired
M11,M11-M00,3,reflectance,1934.2593333333336,0.0006539356164039223,difference of equal-sample representative means; not paired
M11,M11-M00,3,reflectance,1939.7200784313727,0.0006416546905988474,difference of equal-sample representative means; not paired
M11,M11-M00,3,reflectance,1945.180823529412,0.0006490004081605716,difference of equal-sample representative means; not paired
M11,M11-M00,3,reflectance,1950.6415686274513,0.0006517737498657472,difference of equal-sample representative means; not paired
M11,M11-M00,3,reflectance,1956.1023137254906,0.0006400957586722433,difference of equal-sample representative means; not paired
M11,M11-M00,3,reflectance,1961.5630588235294,0.0006352293222559591,difference of equal-sample representative means; not paired
M11,M11-M00,3,reflectance,1967.0238039215687,0.0006394424416584776,difference of equal-sample representative means; not paired
M11,M11-M00,3,reflectance,1972.484549019608,0.0006327350398553366,difference of equal-sample representative means; not paired
M11,M11-M00,3,reflectance,1977.9452941176473,0.0006107578623831822,difference of equal-sample representative means; not paired
M11,M11-M00,3,reflectance,1983.4060392156866,0.0005959630432493257,difference of equal-sample representative means; not paired
M11,M11-M00,3,reflectance,1988.866784313726,0.000582149459811665,difference of equal-sample representative means; not paired
M11,M11-M00,3,reflectance,1994.3275294117648,0.0005685886622833203,difference of equal-sample representative means; not paired
M11,M11-M00,3,reflectance,1999.788274509804,0.0005541056129240718,difference of equal-sample representative means; not paired
M11,M11-M00,3,reflectance,2005.2490196078434,0.0005335732918708147,difference of equal-sample representative means; not paired
M11,M11-M00,3,reflectance,2010.7097647058827,0.0005170663494562522,difference of equal-sample representative means; not paired
M11,M11-M00,3,reflectance,2016.170509803922,0.0004985670795230601,difference of equal-sample representative means; not paired
M11,M11-M00,3,reflectance,2021.6312549019613,0.0004945306828107454,difference of equal-sample representative means; not paired
M11,M11-M00,3,reflectance,2027.092,0.0004911016574388749,difference of equal-sample representative means; not paired
M11,M11-M00,3,reflectance,2032.5527450980394,0.0004860443760174027,difference of equal-sample representative means; not paired
M11,M11-M00,3,reflectance,2038.0134901960787,0.00047292860237707623,difference of equal-sample representative means; not paired
M11,M11-M00,3,reflectance,2043.474235294118,0.00045283930018485963,difference of equal-sample representative means; not paired
M11,M11-M00,3,reflectance,2048.9349803921573,0.0004466930015710191,difference of equal-sample representative means; not paired
M11,M11-M00,3,reflectance,2054.3957254901966,0.00045016321048757524,difference of equal-sample representative means; not paired
M11,M11-M00,3,reflectance,2059.8564705882354,0.0004489588821355306,difference of equal-sample representative means; not paired
M11,M11-M00,3,reflectance,2065.3172156862747,0.0004570579224947857,difference of equal-sample representative means; not paired
M11,M11-M00,3,reflectance,2070.777960784314,0.00046410409920222273,difference of equal-sample representative means; not paired
M11,M11-M00,3,reflectance,2076.2387058823533,0.0004577258415162655,difference of equal-sample representative means; not paired
M11,M11-M00,3,reflectance,2081.6994509803926,0.00044921745302151095,difference of equal-sample representative means; not paired
M11,M11-M00,3,reflectance,2087.1601960784315,0.0004573819726831352,difference of equal-sample representative means; not paired
M11,M11-M00,3,reflectance,2092.6209411764708,0.00045983398722171387,difference of equal-sample representative means; not paired
M11,M11-M00,3,reflectance,2098.08168627451,0.00044106361008766637,difference of equal-sample representative means; not paired
M11,M11-M00,3,reflectance,2103.5424313725493,0.0004676590528928104,difference of equal-sample representative means; not paired
M11,M11-M00,3,reflectance,2109.0031764705886,0.00046229464426211786,difference of equal-sample representative means; not paired
M11,M11-M00,3,reflectance,2114.463921568628,0.0004581234535971923,difference of equal-sample representative means; not paired
M11,M11-M00,3,reflectance,2119.924666666667,0.00046203483435952597,difference of equal-sample representative means; not paired
M11,M11-M00,3,reflectance,2125.385411764706,0.00046461341378489784,difference of equal-sample representative means; not paired
M11,M11-M00,3,reflectance,2130.8461568627454,0.00046842484431364184,difference of equal-sample representative means; not paired
M11,M11-M00,3,reflectance,2136.3069019607847,0.0004830774561839779,difference of equal-sample representative means; not paired
M11,M11-M00,3,reflectance,2141.767647058824,0.0004731782977326904,difference of equal-sample representative means; not paired
M11,M11-M00,3,reflectance,2147.2283921568633,0.0004813735428073618,difference of equal-sample representative means; not paired
M11,M11-M00,3,reflectance,2152.689137254902,0.00048395590385957865,difference of equal-sample representative means; not paired
M11,M11-M00,3,reflectance,2158.1498823529414,0.000493374826438131,difference of equal-sample representative means; not paired
M11,M11-M00,3,reflectance,2163.6106274509807,0.000501261253784413,difference of equal-sample representative means; not paired
M11,M11-M00,3,reflectance,2169.07137254902,0.0004940833238948894,difference of equal-sample representative means; not paired
M11,M11-M00,3,reflectance,2174.5321176470593,0.0004858126736885793,difference of equal-sample representative means; not paired
M11,M11-M00,3,reflectance,2179.992862745098,0.0004871856575359712,difference of equal-sample representative means; not paired
M11,M11-M00,3,reflectance,2185.4536078431374,0.0004992891778224928,difference of equal-sample representative means; not paired
M11,M11-M00,3,reflectance,2190.9143529411767,0.0005013359957398711,difference of equal-sample representative means; not paired
M11,M11-M00,3,reflectance,2196.375098039216,0.0004920017980784008,difference of equal-sample representative means; not paired
M11,M11-M00,3,reflectance,2201.8358431372553,0.0004854655808420594,difference of equal-sample representative means; not paired
M11,M11-M00,3,reflectance,2207.2965882352946,0.00047928241786943104,difference of equal-sample representative means; not paired
M11,M11-M00,3,reflectance,2212.7573333333335,0.0004740328594503018,difference of equal-sample representative means; not paired
M11,M11-M00,3,reflectance,2218.2180784313728,0.0005054176078779782,difference of equal-sample representative means; not paired
M11,M11-M00,3,reflectance,2223.678823529412,0.0004543806779219173,difference of equal-sample representative means; not paired
M11,M11-M00,3,reflectance,2229.1395686274514,0.0004769949506976956,difference of equal-sample representative means; not paired
M11,M11-M00,3,reflectance,2234.6003137254907,0.0004745911310963802,difference of equal-sample representative means; not paired
M11,M11-M00,3,reflectance,2240.06105882353,0.00047726365927930336,difference of equal-sample representative means; not paired
M11,M11-M00,3,reflectance,2245.521803921569,0.0004656652844043929,difference of equal-sample representative means; not paired
M11,M11-M00,3,reflectance,2250.982549019608,0.00043319461488738886,difference of equal-sample representative means; not paired
M11,M11-M00,3,reflectance,2256.4432941176474,0.00040394518343495056,difference of equal-sample representative means; not paired
M11,M11-M00,3,reflectance,2261.9040392156867,0.000354354909380461,difference of equal-sample representative means; not paired
M11,M11-M00,3,reflectance,2267.364784313726,0.0003248963961367535,difference of equal-sample representative means; not paired
M11,M11-M00,3,reflectance,2272.825529411765,0.0002944350385917227,difference of equal-sample representative means; not paired
M11,M11-M00,3,reflectance,2278.286274509804,0.00024172200499467111,difference of equal-sample representative means; not paired
M11,M11-M00,3,reflectance,2283.7470196078434,0.00019123443210500302,difference of equal-sample representative means; not paired
M11,M11-M00,3,reflectance,2289.2077647058827,0.00012985046420838087,difference of equal-sample representative means; not paired
M11,M11-M00,3,reflectance,2294.668509803922,4.289213353247945e-05,difference of equal-sample representative means; not paired
M11,M11-M00,3,reflectance,2300.1292549019613,-5.779130094216156e-05,difference of equal-sample representative means; not paired
M11,M11-M00,3,reflectance,2305.59,-0.00019442922255807904,difference of equal-sample representative means; not paired
M11,M11-M00,3,snv,913.1,-0.019716124739676488,difference of equal-sample representative means; not paired
M11,M11-M00,3,snv,918.5607450980392,-0.01646979244024291,difference of equal-sample representative means; not paired
M11,M11-M00,3,snv,924.0214901960785,-0.014066647341184457,difference of equal-sample representative means; not paired
M11,M11-M00,3,snv,929.4822352941177,-0.012307182364333258,difference of equal-sample representative means; not paired
M11,M11-M00,3,snv,934.9429803921569,-0.010930316375482863,difference of equal-sample representative means; not paired
M11,M11-M00,3,snv,940.4037254901962,-0.009981968439921607,difference of equal-sample representative means; not paired
M11,M11-M00,3,snv,945.8644705882353,-0.009504950993962424,difference of equal-sample representative means; not paired
M11,M11-M00,3,snv,951.3252156862745,-0.008903274733487287,difference of equal-sample representative means; not paired
M11,M11-M00,3,snv,956.7859607843137,-0.008578542933445843,difference of equal-sample representative means; not paired
M11,M11-M00,3,snv,962.246705882353,-0.008323731001723234,difference of equal-sample representative means; not paired
M11,M11-M00,3,snv,967.7074509803922,-0.008146288674733326,difference of equal-sample representative means; not paired
M11,M11-M00,3,snv,973.1681960784314,-0.007947956808410095,difference of equal-sample representative means; not paired
M11,M11-M00,3,snv,978.6289411764706,-0.007716648055708153,difference of equal-sample representative means; not paired
M11,M11-M00,3,snv,984.0896862745099,-0.0075115009511381725,difference of equal-sample representative means; not paired
M11,M11-M00,3,snv,989.550431372549,-0.007409700990183121,difference of equal-sample representative means; not paired
M11,M11-M00,3,snv,995.0111764705882,-0.007740279682288076,difference of equal-sample representative means; not paired
M11,M11-M00,3,snv,1000.4719215686275,-0.007555943715671254,difference of equal-sample representative means; not paired
M11,M11-M00,3,snv,1005.9326666666667,-0.0076106232235281235,difference of equal-sample representative means; not paired
M11,M11-M00,3,snv,1011.3934117647059,-0.007760300508988349,difference of equal-sample representative means; not paired
M11,M11-M00,3,snv,1016.8541568627452,-0.007856913905445073,difference of equal-sample representative means; not paired
M11,M11-M00,3,snv,1022.3149019607844,-0.00782887034280444,difference of equal-sample representative means; not paired
M11,M11-M00,3,snv,1027.7756470588236,-0.007691267228315035,difference of equal-sample representative means; not paired
M11,M11-M00,3,snv,1033.2363921568628,-0.007692911714264561,difference of equal-sample representative means; not paired
M11,M11-M00,3,snv,1038.697137254902,-0.007378846901771374,difference of equal-sample representative means; not paired
M11,M11-M00,3,snv,1044.1578823529412,-0.0076275355303384584,difference of equal-sample representative means; not paired
M11,M11-M00,3,snv,1049.6186274509805,-0.007694718956921087,difference of equal-sample representative means; not paired
M11,M11-M00,3,snv,1055.0793725490196,-0.007601131773381287,difference of equal-sample representative means; not paired
M11,M11-M00,3,snv,1060.5401176470589,-0.007535325492770584,difference of equal-sample representative means; not paired
M11,M11-M00,3,snv,1066.0008627450982,-0.0075208011146779,difference of equal-sample representative means; not paired
M11,M11-M00,3,snv,1071.4616078431372,-0.007579132286773316,difference of equal-sample representative means; not paired
M11,M11-M00,3,snv,1076.9223529411765,-0.0074250121622034815,difference of equal-sample representative means; not paired
M11,M11-M00,3,snv,1082.3830980392158,-0.007266161219921408,difference of equal-sample representative means; not paired
M11,M11-M00,3,snv,1087.843843137255,-0.007228842921708667,difference of equal-sample representative means; not paired
M11,M11-M00,3,snv,1093.3045882352942,-0.007161763366023921,difference of equal-sample representative means; not paired
M11,M11-M00,3,snv,1098.7653333333333,-0.006976172052791663,difference of equal-sample representative means; not paired
M11,M11-M00,3,snv,1104.2260784313726,-0.006742887040149359,difference of equal-sample representative means; not paired
M11,M11-M00,3,snv,1109.6868235294119,-0.006601672399951353,difference of equal-sample representative means; not paired
M11,M11-M00,3,snv,1115.1475686274512,-0.0062643783530498265,difference of equal-sample representative means; not paired
M11,M11-M00,3,snv,1120.6083137254902,-0.005949249604539242,difference of equal-sample representative means; not paired
M11,M11-M00,3,snv,1126.0690588235295,-0.005620382440205018,difference of equal-sample representative means; not paired
M11,M11-M00,3,snv,1131.5298039215686,-0.005207916990139783,difference of equal-sample representative means; not paired
M11,M11-M00,3,snv,1136.990549019608,-0.004909300241757952,difference of equal-sample representative means; not paired
M11,M11-M00,3,snv,1142.4512941176472,-0.004805764652407785,difference of equal-sample representative means; not paired
M11,M11-M00,3,snv,1147.9120392156863,-0.004583787717922672,difference of equal-sample representative means; not paired
M11,M11-M00,3,snv,1153.3727843137256,-0.004027214002526369,difference of equal-sample representative means; not paired
M11,M11-M00,3,snv,1158.8335294117649,-0.0035708605388771186,difference of equal-sample representative means; not paired
M11,M11-M00,3,snv,1164.294274509804,-0.003277160571368176,difference of equal-sample representative means; not paired
M11,M11-M00,3,snv,1169.7550196078432,-0.0029680265621876423,difference of equal-sample representative means; not paired
M11,M11-M00,3,snv,1175.2157647058825,-0.002560984241225972,difference of equal-sample representative means; not paired
M11,M11-M00,3,snv,1180.6765098039216,-0.002166408450259949,difference of equal-sample representative means; not paired
M11,M11-M00,3,snv,1186.137254901961,-0.0019243929643171231,difference of equal-sample representative means; not paired
M11,M11-M00,3,snv,1191.598,-0.0015748093656413609,difference of equal-sample representative means; not paired
M11,M11-M00,3,snv,1197.0587450980393,-0.0012096373814647343,difference of equal-sample representative means; not paired
M11,M11-M00,3,snv,1202.5194901960786,-0.000988272722189265,difference of equal-sample representative means; not paired
M11,M11-M00,3,snv,1207.9802352941178,-0.000835530293953779,difference of equal-sample representative means; not paired
M11,M11-M00,3,snv,1213.440980392157,-0.0005423283000551837,difference of equal-sample representative means; not paired
M11,M11-M00,3,snv,1218.9017254901962,-0.0003453620512323674,difference of equal-sample representative means; not paired
M11,M11-M00,3,snv,1224.3624705882353,-0.0004628961358328354,difference of equal-sample representative means; not paired
M11,M11-M00,3,snv,1229.8232156862746,-0.0003324156085409147,difference of equal-sample representative means; not paired
M11,M11-M00,3,snv,1235.2839607843139,-7.753405403421176e-05,difference of equal-sample representative means; not paired
M11,M11-M00,3,snv,1240.7447058823532,1.0196185833422078e-06,difference of equal-sample representative means; not paired
M11,M11-M00,3,snv,1246.2054509803922,0.00012496973161435498,difference of equal-sample representative means; not paired
M11,M11-M00,3,snv,1251.6661960784315,0.00028511156663202364,difference of equal-sample representative means; not paired
M11,M11-M00,3,snv,1257.1269411764706,0.000391658456881272,difference of equal-sample representative means; not paired
M11,M11-M00,3,snv,1262.58768627451,0.00043743821498343216,difference of equal-sample representative means; not paired
M11,M11-M00,3,snv,1268.0484313725492,0.0005211657046215734,difference of equal-sample representative means; not paired
M11,M11-M00,3,snv,1273.5091764705883,0.0004611746537852568,difference of equal-sample representative means; not paired
M11,M11-M00,3,snv,1278.9699215686276,0.000492392281245646,difference of equal-sample representative means; not paired
M11,M11-M00,3,snv,1284.4306666666666,0.0007101655670795903,difference of equal-sample representative means; not paired
M11,M11-M00,3,snv,1289.891411764706,0.000818070765476131,difference of equal-sample representative means; not paired
M11,M11-M00,3,snv,1295.3521568627452,0.000981196493892389,difference of equal-sample representative means; not paired
M11,M11-M00,3,snv,1300.8129019607845,0.0012253081699440393,difference of equal-sample representative means; not paired
M11,M11-M00,3,snv,1306.2736470588236,0.0013703506044211444,difference of equal-sample representative means; not paired
M11,M11-M00,3,snv,1311.734392156863,0.0015935391269541466,difference of equal-sample representative means; not paired
M11,M11-M00,3,snv,1317.195137254902,0.0016672150388563622,difference of equal-sample representative means; not paired
M11,M11-M00,3,snv,1322.6558823529413,0.0019157480253593206,difference of equal-sample representative means; not paired
M11,M11-M00,3,snv,1328.1166274509806,0.0021576609066946695,difference of equal-sample representative means; not paired
M11,M11-M00,3,snv,1333.5773725490199,0.0024061505114369997,difference of equal-sample representative means; not paired
M11,M11-M00,3,snv,1339.038117647059,0.0027096544100784214,difference of equal-sample representative means; not paired
M11,M11-M00,3,snv,1344.4988627450982,0.0030853756000408517,difference of equal-sample representative means; not paired
M11,M11-M00,3,snv,1349.9596078431373,0.0034972933866848077,difference of equal-sample representative means; not paired
M11,M11-M00,3,snv,1355.4203529411766,0.003838218406865268,difference of equal-sample representative means; not paired
M11,M11-M00,3,snv,1360.8810980392159,0.004053538945989699,difference of equal-sample representative means; not paired
M11,M11-M00,3,snv,1366.341843137255,0.004330522806477166,difference of equal-sample representative means; not paired
M11,M11-M00,3,snv,1371.8025882352943,0.004589398980385351,difference of equal-sample representative means; not paired
M11,M11-M00,3,snv,1377.2633333333333,0.004796489865210862,difference of equal-sample representative means; not paired
M11,M11-M00,3,snv,1382.7240784313726,0.004992177471462078,difference of equal-sample representative means; not paired
M11,M11-M00,3,snv,1388.184823529412,0.005241770467005913,difference of equal-sample representative means; not paired
M11,M11-M00,3,snv,1393.6455686274512,0.005528875568472813,difference of equal-sample representative means; not paired
M11,M11-M00,3,snv,1399.1063137254903,0.005687037931981331,difference of equal-sample representative means; not paired
M11,M11-M00,3,snv,1404.5670588235296,0.005858715968529826,difference of equal-sample representative means; not paired
M11,M11-M00,3,snv,1410.0278039215686,0.005963634786318561,difference of equal-sample representative means; not paired
M11,M11-M00,3,snv,1415.488549019608,0.00605851419111525,difference of equal-sample representative means; not paired
M11,M11-M00,3,snv,1420.9492941176472,0.0060685529711930475,difference of equal-sample representative means; not paired
M11,M11-M00,3,snv,1426.4100392156865,0.005885183951327859,difference of equal-sample representative means; not paired
M11,M11-M00,3,snv,1431.8707843137256,0.005635195271423088,difference of equal-sample representative means; not paired
M11,M11-M00,3,snv,1437.3315294117647,0.005260603981727174,difference of equal-sample representative means; not paired
M11,M11-M00,3,snv,1442.792274509804,0.005420993059440549,difference of equal-sample representative means; not paired
M11,M11-M00,3,snv,1448.2530196078433,0.005171328067890113,difference of equal-sample representative means; not paired
M11,M11-M00,3,snv,1453.7137647058826,0.005198304864035774,difference of equal-sample representative means; not paired
M11,M11-M00,3,snv,1459.1745098039219,0.0053408040879247,difference of equal-sample representative means; not paired
M11,M11-M00,3,snv,1464.635254901961,0.00526820852591986,difference of equal-sample representative means; not paired
M11,M11-M00,3,snv,1470.096,0.00524755637958596,difference of equal-sample representative means; not paired
M11,M11-M00,3,snv,1475.5567450980393,0.005314981742912062,difference of equal-sample representative means; not paired
M11,M11-M00,3,snv,1481.0174901960786,0.00498880429221521,difference of equal-sample representative means; not paired
M11,M11-M00,3,snv,1486.478235294118,0.005110169674751364,difference of equal-sample representative means; not paired
M11,M11-M00,3,snv,1491.938980392157,0.0051576576649272066,difference of equal-sample representative means; not paired
M11,M11-M00,3,snv,1497.3997254901963,0.005113714007829673,difference of equal-sample representative means; not paired
M11,M11-M00,3,snv,1502.8604705882353,0.005083455931088665,difference of equal-sample representative means; not paired
M11,M11-M00,3,snv,1508.3212156862746,0.005150128566777601,difference of equal-sample representative means; not paired
M11,M11-M00,3,snv,1513.781960784314,0.005475338590113676,difference of equal-sample representative means; not paired
M11,M11-M00,3,snv,1519.2427058823532,0.005380590497472859,difference of equal-sample representative means; not paired
M11,M11-M00,3,snv,1524.7034509803923,0.00549253438264935,difference of equal-sample representative means; not paired
M11,M11-M00,3,snv,1530.1641960784316,0.005898403313828765,difference of equal-sample representative means; not paired
M11,M11-M00,3,snv,1535.6249411764707,0.00588846759013531,difference of equal-sample representative means; not paired
M11,M11-M00,3,snv,1541.08568627451,0.005696217577649751,difference of equal-sample representative means; not paired
M11,M11-M00,3,snv,1546.5464313725493,0.005711393244603125,difference of equal-sample representative means; not paired
M11,M11-M00,3,snv,1552.0071764705885,0.005625316505601732,difference of equal-sample representative means; not paired
M11,M11-M00,3,snv,1557.4679215686276,0.005807944079149405,difference of equal-sample representative means; not paired
M11,M11-M00,3,snv,1562.9286666666667,0.005814593022969022,difference of equal-sample representative means; not paired
M11,M11-M00,3,snv,1568.389411764706,0.005969951284208838,difference of equal-sample representative means; not paired
M11,M11-M00,3,snv,1573.8501568627453,0.006037948786195027,difference of equal-sample representative means; not paired
M11,M11-M00,3,snv,1579.3109019607846,0.006087098106959399,difference of equal-sample representative means; not paired
M11,M11-M00,3,snv,1584.7716470588239,0.006112743780149718,difference of equal-sample representative means; not paired
M11,M11-M00,3,snv,1590.232392156863,0.006056348610274353,difference of equal-sample representative means; not paired
M11,M11-M00,3,snv,1595.693137254902,0.006218883137024362,difference of equal-sample representative means; not paired
M11,M11-M00,3,snv,1601.1538823529413,0.006249439547435481,difference of equal-sample representative means; not paired
M11,M11-M00,3,snv,1606.6146274509806,0.006313351769046238,difference of equal-sample representative means; not paired
M11,M11-M00,3,snv,1612.07537254902,0.0063334624203849055,difference of equal-sample representative means; not paired
M11,M11-M00,3,snv,1617.536117647059,0.006339760117651305,difference of equal-sample representative means; not paired
M11,M11-M00,3,snv,1622.9968627450983,0.006295281586018775,difference of equal-sample representative means; not paired
M11,M11-M00,3,snv,1628.4576078431373,0.006269329744287094,difference of equal-sample representative means; not paired
M11,M11-M00,3,snv,1633.9183529411766,0.006424832842533784,difference of equal-sample representative means; not paired
M11,M11-M00,3,snv,1639.379098039216,0.006006428251407736,difference of equal-sample representative means; not paired
M11,M11-M00,3,snv,1644.8398431372552,0.0061975074797973595,difference of equal-sample representative means; not paired
M11,M11-M00,3,snv,1650.3005882352943,0.005991922424145646,difference of equal-sample representative means; not paired
M11,M11-M00,3,snv,1655.7613333333334,0.005808238412081473,difference of equal-sample representative means; not paired
M11,M11-M00,3,snv,1661.2220784313727,0.005618916889175235,difference of equal-sample representative means; not paired
M11,M11-M00,3,snv,1666.682823529412,0.00538131504126152,difference of equal-sample representative means; not paired
M11,M11-M00,3,snv,1672.1435686274513,0.005183433730264753,difference of equal-sample representative means; not paired
M11,M11-M00,3,snv,1677.6043137254906,0.00497796322858525,difference of equal-sample representative means; not paired
M11,M11-M00,3,snv,1683.0650588235296,0.005000490010329345,difference of equal-sample representative means; not paired
M11,M11-M00,3,snv,1688.5258039215687,0.004906931973088377,difference of equal-sample representative means; not paired
M11,M11-M00,3,snv,1693.986549019608,0.004884994431182774,difference of equal-sample representative means; not paired
M11,M11-M00,3,snv,1699.4472941176473,0.0048320611631226945,difference of equal-sample representative means; not paired
M11,M11-M00,3,snv,1704.9080392156866,0.004768362425243561,difference of equal-sample representative means; not paired
M11,M11-M00,3,snv,1710.3687843137257,0.004757741604248258,difference of equal-sample representative means; not paired
M11,M11-M00,3,snv,1715.829529411765,0.004757633990241761,difference of equal-sample representative means; not paired
M11,M11-M00,3,snv,1721.290274509804,0.004704585772027432,difference of equal-sample representative means; not paired
M11,M11-M00,3,snv,1726.7510196078433,0.004740878129332028,difference of equal-sample representative means; not paired
M11,M11-M00,3,snv,1732.2117647058826,0.004686247775714469,difference of equal-sample representative means; not paired
M11,M11-M00,3,snv,1737.672509803922,0.00454137422293216,difference of equal-sample representative means; not paired
M11,M11-M00,3,snv,1743.133254901961,0.004539745844698042,difference of equal-sample representative means; not paired
M11,M11-M00,3,snv,1748.594,0.004671968705488621,difference of equal-sample representative means; not paired
M11,M11-M00,3,snv,1754.0547450980393,0.004697183957797493,difference of equal-sample representative means; not paired
M11,M11-M00,3,snv,1759.5154901960786,0.004583640788418407,difference of equal-sample representative means; not paired
M11,M11-M00,3,snv,1764.976235294118,0.004744978802779346,difference of equal-sample representative means; not paired
M11,M11-M00,3,snv,1770.4369803921572,0.004727301140910718,difference of equal-sample representative means; not paired
M11,M11-M00,3,snv,1775.8977254901963,0.004692438025234296,difference of equal-sample representative means; not paired
M11,M11-M00,3,snv,1781.3584705882354,0.004630626172085726,difference of equal-sample representative means; not paired
M11,M11-M00,3,snv,1786.8192156862747,0.004573485455238863,difference of equal-sample representative means; not paired
M11,M11-M00,3,snv,1792.279960784314,0.00453803435714949,difference of equal-sample representative means; not paired
M11,M11-M00,3,snv,1797.7407058823533,0.004482344796451314,difference of equal-sample representative means; not paired
M11,M11-M00,3,snv,1803.2014509803923,0.00442211154547229,difference of equal-sample representative means; not paired
M11,M11-M00,3,snv,1808.6621960784316,0.004627745482870574,difference of equal-sample representative means; not paired
M11,M11-M00,3,snv,1814.1229411764707,0.004657580118490952,difference of equal-sample representative means; not paired
M11,M11-M00,3,snv,1819.58368627451,0.004667448142966895,difference of equal-sample representative means; not paired
M11,M11-M00,3,snv,1825.0444313725493,0.004660805534345058,difference of equal-sample representative means; not paired
M11,M11-M00,3,snv,1830.5051764705886,0.00465876374097262,difference of equal-sample representative means; not paired
M11,M11-M00,3,snv,1835.9659215686277,0.0047083348755202065,difference of equal-sample representative means; not paired
M11,M11-M00,3,snv,1841.4266666666667,0.00477212100395602,difference of equal-sample representative means; not paired
M11,M11-M00,3,snv,1846.887411764706,0.004622044925899585,difference of equal-sample representative means; not paired
M11,M11-M00,3,snv,1852.3481568627453,0.004914187648138488,difference of equal-sample representative means; not paired
M11,M11-M00,3,snv,1857.8089019607846,0.005080582601008313,difference of equal-sample representative means; not paired
M11,M11-M00,3,snv,1863.269647058824,0.005140502635544386,difference of equal-sample representative means; not paired
M11,M11-M00,3,snv,1868.730392156863,0.004961890584101139,difference of equal-sample representative means; not paired
M11,M11-M00,3,snv,1874.191137254902,0.004692929429278653,difference of equal-sample representative means; not paired
M11,M11-M00,3,snv,1879.6518823529414,0.004694589763773842,difference of equal-sample representative means; not paired
M11,M11-M00,3,snv,1885.1126274509807,0.004522286949828647,difference of equal-sample representative means; not paired
M11,M11-M00,3,snv,1890.57337254902,0.003928794432787097,difference of equal-sample representative means; not paired
M11,M11-M00,3,snv,1896.034117647059,0.003106803509231093,difference of equal-sample representative means; not paired
M11,M11-M00,3,snv,1901.4948627450983,0.0021248874388731798,difference of equal-sample representative means; not paired
M11,M11-M00,3,snv,1906.9556078431374,0.0012605853640453857,difference of equal-sample representative means; not paired
M11,M11-M00,3,snv,1912.4163529411767,0.0006193331910779865,difference of equal-sample representative means; not paired
M11,M11-M00,3,snv,1917.877098039216,8.14470261791822e-05,difference of equal-sample representative means; not paired
M11,M11-M00,3,snv,1923.3378431372553,-0.0005215226696342334,difference of equal-sample representative means; not paired
M11,M11-M00,3,snv,1928.7985882352943,-0.0009673171622501808,difference of equal-sample representative means; not paired
M11,M11-M00,3,snv,1934.2593333333336,-0.001094094707699167,difference of equal-sample representative means; not paired
M11,M11-M00,3,snv,1939.7200784313727,-0.001241901137803092,difference of equal-sample representative means; not paired
M11,M11-M00,3,snv,1945.180823529412,-0.0010944114451878484,difference of equal-sample representative means; not paired
M11,M11-M00,3,snv,1950.6415686274513,-0.0009157189015107647,difference of equal-sample representative means; not paired
M11,M11-M00,3,snv,1956.1023137254906,-0.0008256958746630794,difference of equal-sample representative means; not paired
M11,M11-M00,3,snv,1961.5630588235294,-0.0006457484034334549,difference of equal-sample representative means; not paired
M11,M11-M00,3,snv,1967.0238039215687,-0.00040325637050053764,difference of equal-sample representative means; not paired
M11,M11-M00,3,snv,1972.484549019608,-0.00019858669781402938,difference of equal-sample representative means; not paired
M11,M11-M00,3,snv,1977.9452941176473,-0.00020206086000862378,difference of equal-sample representative means; not paired
M11,M11-M00,3,snv,1983.4060392156866,-0.0001467643638495275,difference of equal-sample representative means; not paired
M11,M11-M00,3,snv,1988.866784313726,-7.613057889788166e-05,difference of equal-sample representative means; not paired
M11,M11-M00,3,snv,1994.3275294117648,-3.7050705180563526e-05,difference of equal-sample representative means; not paired
M11,M11-M00,3,snv,1999.788274509804,-4.734472751177776e-05,difference of equal-sample representative means; not paired
M11,M11-M00,3,snv,2005.2490196078434,-0.00010146013450607061,difference of equal-sample representative means; not paired
M11,M11-M00,3,snv,2010.7097647058827,-0.00013148203255208823,difference of equal-sample representative means; not paired
M11,M11-M00,3,snv,2016.170509803922,-0.00033041828801760875,difference of equal-sample representative means; not paired
M11,M11-M00,3,snv,2021.6312549019613,-0.00038400404432181734,difference of equal-sample representative means; not paired
M11,M11-M00,3,snv,2027.092,-0.0004761695003626665,difference of equal-sample representative means; not paired
M11,M11-M00,3,snv,2032.5527450980394,-0.0006405436630658734,difference of equal-sample representative means; not paired
M11,M11-M00,3,snv,2038.0134901960787,-0.0009179123932736566,difference of equal-sample representative means; not paired
M11,M11-M00,3,snv,2043.474235294118,-0.0012837748495324597,difference of equal-sample representative means; not paired
M11,M11-M00,3,snv,2048.9349803921573,-0.0015648742921972048,difference of equal-sample representative means; not paired
M11,M11-M00,3,snv,2054.3957254901966,-0.0018257068751219574,difference of equal-sample representative means; not paired
M11,M11-M00,3,snv,2059.8564705882354,-0.0020061291483139954,difference of equal-sample representative means; not paired
M11,M11-M00,3,snv,2065.3172156862747,-0.0021200484777563755,difference of equal-sample representative means; not paired
M11,M11-M00,3,snv,2070.777960784314,-0.002277476597542183,difference of equal-sample representative means; not paired
M11,M11-M00,3,snv,2076.2387058823533,-0.002523614504676308,difference of equal-sample representative means; not paired
M11,M11-M00,3,snv,2081.6994509803926,-0.0027363504690665064,difference of equal-sample representative means; not paired
M11,M11-M00,3,snv,2087.1601960784315,-0.0027843897633132997,difference of equal-sample representative means; not paired
M11,M11-M00,3,snv,2092.6209411764708,-0.0028592798905187067,difference of equal-sample representative means; not paired
M11,M11-M00,3,snv,2098.08168627451,-0.0030795036897028893,difference of equal-sample representative means; not paired
M11,M11-M00,3,snv,2103.5424313725493,-0.00284680376977664,difference of equal-sample representative means; not paired
M11,M11-M00,3,snv,2109.0031764705886,-0.0029496935393278356,difference of equal-sample representative means; not paired
M11,M11-M00,3,snv,2114.463921568628,-0.002996101375960958,difference of equal-sample representative means; not paired
M11,M11-M00,3,snv,2119.924666666667,-0.0029261520769681137,difference of equal-sample representative means; not paired
M11,M11-M00,3,snv,2125.385411764706,-0.0028763070934412216,difference of equal-sample representative means; not paired
M11,M11-M00,3,snv,2130.8461568627454,-0.002820237078687615,difference of equal-sample representative means; not paired
M11,M11-M00,3,snv,2136.3069019607847,-0.002564781506111391,difference of equal-sample representative means; not paired
M11,M11-M00,3,snv,2141.767647058824,-0.00260219011607421,difference of equal-sample representative means; not paired
M11,M11-M00,3,snv,2147.2283921568633,-0.0024418031563941955,difference of equal-sample representative means; not paired
M11,M11-M00,3,snv,2152.689137254902,-0.002351333808261913,difference of equal-sample representative means; not paired
M11,M11-M00,3,snv,2158.1498823529414,-0.002162589876691934,difference of equal-sample representative means; not paired
M11,M11-M00,3,snv,2163.6106274509807,-0.001950088605736644,difference of equal-sample representative means; not paired
M11,M11-M00,3,snv,2169.07137254902,-0.0018793409075028578,difference of equal-sample representative means; not paired
M11,M11-M00,3,snv,2174.5321176470593,-0.001838492487620691,difference of equal-sample representative means; not paired
M11,M11-M00,3,snv,2179.992862745098,-0.0017340230001274826,difference of equal-sample representative means; not paired
M11,M11-M00,3,snv,2185.4536078431374,-0.0015074904621084073,difference of equal-sample representative means; not paired
M11,M11-M00,3,snv,2190.9143529411767,-0.001383707975779691,difference of equal-sample representative means; not paired
M11,M11-M00,3,snv,2196.375098039216,-0.0014256345871521692,difference of equal-sample representative means; not paired
M11,M11-M00,3,snv,2201.8358431372553,-0.001440497610333047,difference of equal-sample representative means; not paired
M11,M11-M00,3,snv,2207.2965882352946,-0.0014211960311574234,difference of equal-sample representative means; not paired
M11,M11-M00,3,snv,2212.7573333333335,-0.0013839160985706922,difference of equal-sample representative means; not paired
M11,M11-M00,3,snv,2218.2180784313728,-0.000995381820758423,difference of equal-sample representative means; not paired
M11,M11-M00,3,snv,2223.678823529412,-0.0014312478104800963,difference of equal-sample representative means; not paired
M11,M11-M00,3,snv,2229.1395686274514,-0.0012993598292827535,difference of equal-sample representative means; not paired
M11,M11-M00,3,snv,2234.6003137254907,-0.0013958044538684433,difference of equal-sample representative means; not paired
M11,M11-M00,3,snv,2240.06105882353,-0.001550405164780999,difference of equal-sample representative means; not paired
M11,M11-M00,3,snv,2245.521803921569,-0.0019516765168547945,difference of equal-sample representative means; not paired
M11,M11-M00,3,snv,2250.982549019608,-0.0026262791014350917,difference of equal-sample representative means; not paired
M11,M11-M00,3,snv,2256.4432941176474,-0.0033442690882712345,difference of equal-sample representative means; not paired
M11,M11-M00,3,snv,2261.9040392156867,-0.004341666684408718,difference of equal-sample representative means; not paired
M11,M11-M00,3,snv,2267.364784313726,-0.005116446905212735,difference of equal-sample representative means; not paired
M11,M11-M00,3,snv,2272.825529411765,-0.00593575900536325,difference of equal-sample representative means; not paired
M11,M11-M00,3,snv,2278.286274509804,-0.00669181439897204,difference of equal-sample representative means; not paired
M11,M11-M00,3,snv,2283.7470196078434,-0.0073968166924871515,difference of equal-sample representative means; not paired
M11,M11-M00,3,snv,2289.2077647058827,-0.008161712709595204,difference of equal-sample representative means; not paired
M11,M11-M00,3,snv,2294.668509803922,-0.009155554111389463,difference of equal-sample representative means; not paired
M11,M11-M00,3,snv,2300.1292549019613,-0.010447522874292181,difference of equal-sample representative means; not paired
M11,M11-M00,3,snv,2305.59,-0.011659784079305346,difference of equal-sample representative means; not paired
M11,M11-M00,3,second_derivative,913.1,1.29587508326153e-06,difference of equal-sample representative means; not paired
M11,M11-M00,3,second_derivative,918.5607450980392,1.29587508326153e-06,difference of equal-sample representative means; not paired
M11,M11-M00,3,second_derivative,924.0214901960785,1.29587508326153e-06,difference of equal-sample representative means; not paired
M11,M11-M00,3,second_derivative,929.4822352941177,1.295875083261557e-06,difference of equal-sample representative means; not paired
M11,M11-M00,3,second_derivative,934.9429803921569,9.635727524671554e-07,difference of equal-sample representative means; not paired
M11,M11-M00,3,second_derivative,940.4037254901962,6.489279130404227e-07,difference of equal-sample representative means; not paired
M11,M11-M00,3,second_derivative,945.8644705882353,4.2021725062579336e-07,difference of equal-sample representative means; not paired
M11,M11-M00,3,second_derivative,951.3252156862745,2.471270259441112e-07,difference of equal-sample representative means; not paired
M11,M11-M00,3,second_derivative,956.7859607843137,1.4701659423563978e-07,difference of equal-sample representative means; not paired
M11,M11-M00,3,second_derivative,962.246705882353,1.0732765439810417e-07,difference of equal-sample representative means; not paired
M11,M11-M00,3,second_derivative,967.7074509803922,1.1375631078071682e-08,difference of equal-sample representative means; not paired
M11,M11-M00,3,second_derivative,973.1681960784314,3.0662488942281654e-08,difference of equal-sample representative means; not paired
M11,M11-M00,3,second_derivative,978.6289411764706,2.054644915637985e-07,difference of equal-sample representative means; not paired
M11,M11-M00,3,second_derivative,984.0896862745099,1.8408725026174142e-07,difference of equal-sample representative means; not paired
M11,M11-M00,3,second_derivative,989.550431372549,1.328505450612245e-07,difference of equal-sample representative means; not paired
M11,M11-M00,3,second_derivative,995.0111764705882,8.10787495398258e-08,difference of equal-sample representative means; not paired
M11,M11-M00,3,second_derivative,1000.4719215686275,2.8053530702024702e-08,difference of equal-sample representative means; not paired
M11,M11-M00,3,second_derivative,1005.9326666666667,6.6738836716985e-11,difference of equal-sample representative means; not paired
M11,M11-M00,3,second_derivative,1011.3934117647059,1.4915469214139834e-08,difference of equal-sample representative means; not paired
M11,M11-M00,3,second_derivative,1016.8541568627452,-1.193845557803444e-07,difference of equal-sample representative means; not paired
M11,M11-M00,3,second_derivative,1022.3149019607844,-1.932313039627419e-07,difference of equal-sample representative means; not paired
M11,M11-M00,3,second_derivative,1027.7756470588236,-3.3991612714875134e-08,difference of equal-sample representative means; not paired
M11,M11-M00,3,second_derivative,1033.2363921568628,1.0066714169503105e-07,difference of equal-sample representative means; not paired
M11,M11-M00,3,second_derivative,1038.697137254902,1.0294188527639416e-07,difference of equal-sample representative means; not paired
M11,M11-M00,3,second_derivative,1044.1578823529412,3.242381774832523e-08,difference of equal-sample representative means; not paired
M11,M11-M00,3,second_derivative,1049.6186274509805,-2.8880033825548107e-08,difference of equal-sample representative means; not paired
M11,M11-M00,3,second_derivative,1055.0793725490196,-8.522923649663999e-08,difference of equal-sample representative means; not paired
M11,M11-M00,3,second_derivative,1060.5401176470589,-2.066947027322601e-08,difference of equal-sample representative means; not paired
M11,M11-M00,3,second_derivative,1066.0008627450982,-3.573688468843249e-08,difference of equal-sample representative means; not paired
M11,M11-M00,3,second_derivative,1071.4616078431372,-5.117717473476681e-08,difference of equal-sample representative means; not paired
M11,M11-M00,3,second_derivative,1076.9223529411765,-3.2824949647639384e-08,difference of equal-sample representative means; not paired
M11,M11-M00,3,second_derivative,1082.3830980392158,-2.322924611934106e-08,difference of equal-sample representative means; not paired
M11,M11-M00,3,second_derivative,1087.843843137255,-3.256040212599766e-08,difference of equal-sample representative means; not paired
M11,M11-M00,3,second_derivative,1093.3045882352942,-7.798072141611402e-08,difference of equal-sample representative means; not paired
M11,M11-M00,3,second_derivative,1098.7653333333333,-1.3256686063133587e-07,difference of equal-sample representative means; not paired
M11,M11-M00,3,second_derivative,1104.2260784313726,-1.4607191017371812e-07,difference of equal-sample representative means; not paired
M11,M11-M00,3,second_derivative,1109.6868235294119,-1.4080957570761481e-07,difference of equal-sample representative means; not paired
M11,M11-M00,3,second_derivative,1115.1475686274512,-1.5628854740336953e-07,difference of equal-sample representative means; not paired
M11,M11-M00,3,second_derivative,1120.6083137254902,-1.076566997499151e-07,difference of equal-sample representative means; not paired
M11,M11-M00,3,second_derivative,1126.0690588235295,5.055762577598627e-08,difference of equal-sample representative means; not paired
M11,M11-M00,3,second_derivative,1131.5298039215686,1.1037469772509477e-07,difference of equal-sample representative means; not paired
M11,M11-M00,3,second_derivative,1136.990549019608,-1.6726470024223737e-08,difference of equal-sample representative means; not paired
M11,M11-M00,3,second_derivative,1142.4512941176472,-1.4570986524149316e-07,difference of equal-sample representative means; not paired
M11,M11-M00,3,second_derivative,1147.9120392156863,-1.8086631834202792e-07,difference of equal-sample representative means; not paired
M11,M11-M00,3,second_derivative,1153.3727843137256,-8.997219524261652e-08,difference of equal-sample representative means; not paired
M11,M11-M00,3,second_derivative,1158.8335294117649,3.922506742183391e-08,difference of equal-sample representative means; not paired
M11,M11-M00,3,second_derivative,1164.294274509804,6.92888661962071e-08,difference of equal-sample representative means; not paired
M11,M11-M00,3,second_derivative,1169.7550196078432,1.5153917563674057e-08,difference of equal-sample representative means; not paired
M11,M11-M00,3,second_derivative,1175.2157647058825,-2.0272764346160478e-08,difference of equal-sample representative means; not paired
M11,M11-M00,3,second_derivative,1180.6765098039216,1.716413395685981e-08,difference of equal-sample representative means; not paired
M11,M11-M00,3,second_derivative,1186.137254901961,8.868797107436376e-08,difference of equal-sample representative means; not paired
M11,M11-M00,3,second_derivative,1191.598,1.4469147327835742e-07,difference of equal-sample representative means; not paired
M11,M11-M00,3,second_derivative,1197.0587450980393,1.3214169087201894e-07,difference of equal-sample representative means; not paired
M11,M11-M00,3,second_derivative,1202.5194901960786,1.3617962229994755e-07,difference of equal-sample representative means; not paired
M11,M11-M00,3,second_derivative,1207.9802352941178,1.8657510307562653e-07,difference of equal-sample representative means; not paired
M11,M11-M00,3,second_derivative,1213.440980392157,1.8366787643716003e-07,difference of equal-sample representative means; not paired
M11,M11-M00,3,second_derivative,1218.9017254901962,1.12499872098685e-07,difference of equal-sample representative means; not paired
M11,M11-M00,3,second_derivative,1224.3624705882353,5.266819677182635e-08,difference of equal-sample representative means; not paired
M11,M11-M00,3,second_derivative,1229.8232156862746,-4.285219286625154e-08,difference of equal-sample representative means; not paired
M11,M11-M00,3,second_derivative,1235.2839607843139,-5.793636215922979e-08,difference of equal-sample representative means; not paired
M11,M11-M00,3,second_derivative,1240.7447058823532,4.104767481121557e-08,difference of equal-sample representative means; not paired
M11,M11-M00,3,second_derivative,1246.2054509803922,4.506541098445673e-08,difference of equal-sample representative means; not paired
M11,M11-M00,3,second_derivative,1251.6661960784315,-3.3877150757766813e-10,difference of equal-sample representative means; not paired
M11,M11-M00,3,second_derivative,1257.1269411764706,5.717925123751934e-08,difference of equal-sample representative means; not paired
M11,M11-M00,3,second_derivative,1262.58768627451,6.239059020154936e-08,difference of equal-sample representative means; not paired
M11,M11-M00,3,second_derivative,1268.0484313725492,-1.0439704074227156e-08,difference of equal-sample representative means; not paired
M11,M11-M00,3,second_derivative,1273.5091764705883,-5.5707014622928763e-08,difference of equal-sample representative means; not paired
M11,M11-M00,3,second_derivative,1278.9699215686276,-8.280135032100886e-08,difference of equal-sample representative means; not paired
M11,M11-M00,3,second_derivative,1284.4306666666666,-1.1168020352858223e-07,difference of equal-sample representative means; not paired
M11,M11-M00,3,second_derivative,1289.891411764706,-6.515778322969552e-08,difference of equal-sample representative means; not paired
M11,M11-M00,3,second_derivative,1295.3521568627452,-8.020775196964726e-08,difference of equal-sample representative means; not paired
M11,M11-M00,3,second_derivative,1300.8129019607845,-5.66120891967282e-08,difference of equal-sample representative means; not paired
M11,M11-M00,3,second_derivative,1306.2736470588236,-3.756140883395142e-08,difference of equal-sample representative means; not paired
M11,M11-M00,3,second_derivative,1311.734392156863,-5.997409478214821e-08,difference of equal-sample representative means; not paired
M11,M11-M00,3,second_derivative,1317.195137254902,-1.151412618725689e-07,difference of equal-sample representative means; not paired
M11,M11-M00,3,second_derivative,1322.6558823529413,-1.6951977257885042e-07,difference of equal-sample representative means; not paired
M11,M11-M00,3,second_derivative,1328.1166274509806,-2.3369633442833315e-07,difference of equal-sample representative means; not paired
M11,M11-M00,3,second_derivative,1333.5773725490199,-2.1368021584413702e-07,difference of equal-sample representative means; not paired
M11,M11-M00,3,second_derivative,1339.038117647059,-1.797950271749117e-07,difference of equal-sample representative means; not paired
M11,M11-M00,3,second_derivative,1344.4988627450982,-5.946424501580121e-08,difference of equal-sample representative means; not paired
M11,M11-M00,3,second_derivative,1349.9596078431373,4.1369857954990225e-08,difference of equal-sample representative means; not paired
M11,M11-M00,3,second_derivative,1355.4203529411766,8.677047515823878e-08,difference of equal-sample representative means; not paired
M11,M11-M00,3,second_derivative,1360.8810980392159,8.231901320416742e-08,difference of equal-sample representative means; not paired
M11,M11-M00,3,second_derivative,1366.341843137255,5.398062762354326e-08,difference of equal-sample representative means; not paired
M11,M11-M00,3,second_derivative,1371.8025882352943,2.0622867015030076e-08,difference of equal-sample representative means; not paired
M11,M11-M00,3,second_derivative,1377.2633333333333,-5.478268498568225e-08,difference of equal-sample representative means; not paired
M11,M11-M00,3,second_derivative,1382.7240784313726,-1.828538957646426e-07,difference of equal-sample representative means; not paired
M11,M11-M00,3,second_derivative,1388.184823529412,-3.1659691901318916e-07,difference of equal-sample representative means; not paired
M11,M11-M00,3,second_derivative,1393.6455686274512,-3.719833886357951e-07,difference of equal-sample representative means; not paired
M11,M11-M00,3,second_derivative,1399.1063137254903,-3.6941135881652634e-07,difference of equal-sample representative means; not paired
M11,M11-M00,3,second_derivative,1404.5670588235296,-2.946088095782861e-07,difference of equal-sample representative means; not paired
M11,M11-M00,3,second_derivative,1410.0278039215686,-8.968614061497586e-08,difference of equal-sample representative means; not paired
M11,M11-M00,3,second_derivative,1415.488549019608,2.0626403509046663e-07,difference of equal-sample representative means; not paired
M11,M11-M00,3,second_derivative,1420.9492941176472,5.237959118392174e-07,difference of equal-sample representative means; not paired
M11,M11-M00,3,second_derivative,1426.4100392156865,5.26314408315519e-07,difference of equal-sample representative means; not paired
M11,M11-M00,3,second_derivative,1431.8707843137256,4.740061308328706e-07,difference of equal-sample representative means; not paired
M11,M11-M00,3,second_derivative,1437.3315294117647,2.731349407650394e-07,difference of equal-sample representative means; not paired
M11,M11-M00,3,second_derivative,1442.792274509804,7.914507833479322e-08,difference of equal-sample representative means; not paired
M11,M11-M00,3,second_derivative,1448.2530196078433,6.525791574578111e-08,difference of equal-sample representative means; not paired
M11,M11-M00,3,second_derivative,1453.7137647058826,1.3281682635490815e-07,difference of equal-sample representative means; not paired
M11,M11-M00,3,second_derivative,1459.1745098039219,4.745441855007887e-08,difference of equal-sample representative means; not paired
M11,M11-M00,3,second_derivative,1464.635254901961,2.835469080292847e-07,difference of equal-sample representative means; not paired
M11,M11-M00,3,second_derivative,1470.096,2.3750984066886715e-07,difference of equal-sample representative means; not paired
M11,M11-M00,3,second_derivative,1475.5567450980393,1.2543931897214417e-07,difference of equal-sample representative means; not paired
M11,M11-M00,3,second_derivative,1481.0174901960786,1.1926885615631862e-07,difference of equal-sample representative means; not paired
M11,M11-M00,3,second_derivative,1486.478235294118,7.758758974997111e-08,difference of equal-sample representative means; not paired
M11,M11-M00,3,second_derivative,1491.938980392157,2.8027949219423082e-08,difference of equal-sample representative means; not paired
M11,M11-M00,3,second_derivative,1497.3997254901963,-3.1121284744907167e-08,difference of equal-sample representative means; not paired
M11,M11-M00,3,second_derivative,1502.8604705882353,-7.238787259131665e-08,difference of equal-sample representative means; not paired
M11,M11-M00,3,second_derivative,1508.3212156862746,-6.016528361961755e-08,difference of equal-sample representative means; not paired
M11,M11-M00,3,second_derivative,1513.781960784314,-1.4817015515655325e-07,difference of equal-sample representative means; not paired
M11,M11-M00,3,second_derivative,1519.2427058823532,-7.261724159979263e-08,difference of equal-sample representative means; not paired
M11,M11-M00,3,second_derivative,1524.7034509803923,9.777606766626579e-08,difference of equal-sample representative means; not paired
M11,M11-M00,3,second_derivative,1530.1641960784316,9.569147154922195e-08,difference of equal-sample representative means; not paired
M11,M11-M00,3,second_derivative,1535.6249411764707,1.876478275032609e-07,difference of equal-sample representative means; not paired
M11,M11-M00,3,second_derivative,1541.08568627451,8.02949520148991e-08,difference of equal-sample representative means; not paired
M11,M11-M00,3,second_derivative,1546.5464313725493,-1.3342855681175032e-07,difference of equal-sample representative means; not paired
M11,M11-M00,3,second_derivative,1552.0071764705885,-1.5776378975041808e-07,difference of equal-sample representative means; not paired
M11,M11-M00,3,second_derivative,1557.4679215686276,-6.863173759973194e-08,difference of equal-sample representative means; not paired
M11,M11-M00,3,second_derivative,1562.9286666666667,-4.399461963867638e-08,difference of equal-sample representative means; not paired
M11,M11-M00,3,second_derivative,1568.389411764706,1.4334943323297475e-08,difference of equal-sample representative means; not paired
M11,M11-M00,3,second_derivative,1573.8501568627453,8.44985321090976e-08,difference of equal-sample representative means; not paired
M11,M11-M00,3,second_derivative,1579.3109019607846,8.01675717503906e-08,difference of equal-sample representative means; not paired
M11,M11-M00,3,second_derivative,1584.7716470588239,5.45226215633674e-08,difference of equal-sample representative means; not paired
M11,M11-M00,3,second_derivative,1590.232392156863,5.9346498669197865e-08,difference of equal-sample representative means; not paired
M11,M11-M00,3,second_derivative,1595.693137254902,7.878837714296526e-08,difference of equal-sample representative means; not paired
M11,M11-M00,3,second_derivative,1601.1538823529413,9.20155406285647e-08,difference of equal-sample representative means; not paired
M11,M11-M00,3,second_derivative,1606.6146274509806,1.0252472410610843e-07,difference of equal-sample representative means; not paired
M11,M11-M00,3,second_derivative,1612.07537254902,2.3723154603638675e-08,difference of equal-sample representative means; not paired
M11,M11-M00,3,second_derivative,1617.536117647059,-1.0293017355599113e-07,difference of equal-sample representative means; not paired
M11,M11-M00,3,second_derivative,1622.9968627450983,-4.926649345764089e-09,difference of equal-sample representative means; not paired
M11,M11-M00,3,second_derivative,1628.4576078431373,-4.2964242363150915e-08,difference of equal-sample representative means; not paired
M11,M11-M00,3,second_derivative,1633.9183529411766,-4.1180896022172646e-08,difference of equal-sample representative means; not paired
M11,M11-M00,3,second_derivative,1639.379098039216,-5.473197114904362e-08,difference of equal-sample representative means; not paired
M11,M11-M00,3,second_derivative,1644.8398431372552,-1.0425648558348163e-07,difference of equal-sample representative means; not paired
M11,M11-M00,3,second_derivative,1650.3005882352943,-1.3514456943525125e-07,difference of equal-sample representative means; not paired
M11,M11-M00,3,second_derivative,1655.7613333333334,3.723186539701632e-08,difference of equal-sample representative means; not paired
M11,M11-M00,3,second_derivative,1661.2220784313727,2.1950706261511762e-09,difference of equal-sample representative means; not paired
M11,M11-M00,3,second_derivative,1666.682823529412,6.48899831768899e-09,difference of equal-sample representative means; not paired
M11,M11-M00,3,second_derivative,1672.1435686274513,-6.915892708308789e-09,difference of equal-sample representative means; not paired
M11,M11-M00,3,second_derivative,1677.6043137254906,-4.910746168485573e-08,difference of equal-sample representative means; not paired
M11,M11-M00,3,second_derivative,1683.0650588235296,-5.353259020653739e-08,difference of equal-sample representative means; not paired
M11,M11-M00,3,second_derivative,1688.5258039215687,-3.5087031728837925e-08,difference of equal-sample representative means; not paired
M11,M11-M00,3,second_derivative,1693.986549019608,-1.8573237426648712e-08,difference of equal-sample representative means; not paired
M11,M11-M00,3,second_derivative,1699.4472941176473,-1.2723529944095314e-08,difference of equal-sample representative means; not paired
M11,M11-M00,3,second_derivative,1704.9080392156866,6.19281678382166e-09,difference of equal-sample representative means; not paired
M11,M11-M00,3,second_derivative,1710.3687843137257,-4.903465154695495e-08,difference of equal-sample representative means; not paired
M11,M11-M00,3,second_derivative,1715.829529411765,-5.1388399511474494e-08,difference of equal-sample representative means; not paired
M11,M11-M00,3,second_derivative,1721.290274509804,3.269046163473773e-08,difference of equal-sample representative means; not paired
M11,M11-M00,3,second_derivative,1726.7510196078433,6.466069397936493e-08,difference of equal-sample representative means; not paired
M11,M11-M00,3,second_derivative,1732.2117647058826,-7.139418876729872e-09,difference of equal-sample representative means; not paired
M11,M11-M00,3,second_derivative,1737.672509803922,-1.0116636862502122e-07,difference of equal-sample representative means; not paired
M11,M11-M00,3,second_derivative,1743.133254901961,-6.356974203159501e-08,difference of equal-sample representative means; not paired
M11,M11-M00,3,second_derivative,1748.594,-6.545852736000008e-08,difference of equal-sample representative means; not paired
M11,M11-M00,3,second_derivative,1754.0547450980393,2.2507864060229484e-08,difference of equal-sample representative means; not paired
M11,M11-M00,3,second_derivative,1759.5154901960786,4.818475352792523e-08,difference of equal-sample representative means; not paired
M11,M11-M00,3,second_derivative,1764.976235294118,1.4531851121537002e-08,difference of equal-sample representative means; not paired
M11,M11-M00,3,second_derivative,1770.4369803921572,3.5176001023359025e-08,difference of equal-sample representative means; not paired
M11,M11-M00,3,second_derivative,1775.8977254901963,1.16332409593556e-07,difference of equal-sample representative means; not paired
M11,M11-M00,3,second_derivative,1781.3584705882354,5.3013433883169155e-08,difference of equal-sample representative means; not paired
M11,M11-M00,3,second_derivative,1786.8192156862747,6.902458283716683e-08,difference of equal-sample representative means; not paired
M11,M11-M00,3,second_derivative,1792.279960784314,3.104882572089172e-09,difference of equal-sample representative means; not paired
M11,M11-M00,3,second_derivative,1797.7407058823533,-2.7530155430157598e-08,difference of equal-sample representative means; not paired
M11,M11-M00,3,second_derivative,1803.2014509803923,-3.339189658979307e-08,difference of equal-sample representative means; not paired
M11,M11-M00,3,second_derivative,1808.6621960784316,-1.0893021920037619e-08,difference of equal-sample representative means; not paired
M11,M11-M00,3,second_derivative,1814.1229411764707,3.311982113447046e-08,difference of equal-sample representative means; not paired
M11,M11-M00,3,second_derivative,1819.58368627451,4.555681315652626e-08,difference of equal-sample representative means; not paired
M11,M11-M00,3,second_derivative,1825.0444313725493,-6.014222936185443e-09,difference of equal-sample representative means; not paired
M11,M11-M00,3,second_derivative,1830.5051764705886,6.997885572436672e-08,difference of equal-sample representative means; not paired
M11,M11-M00,3,second_derivative,1835.9659215686277,-1.9326850024157972e-08,difference of equal-sample representative means; not paired
M11,M11-M00,3,second_derivative,1841.4266666666667,-1.338879885362834e-07,difference of equal-sample representative means; not paired
M11,M11-M00,3,second_derivative,1846.887411764706,-1.94256306757043e-07,difference of equal-sample representative means; not paired
M11,M11-M00,3,second_derivative,1852.3481568627453,-1.245862582586148e-07,difference of equal-sample representative means; not paired
M11,M11-M00,3,second_derivative,1857.8089019607846,2.2331597981658602e-08,difference of equal-sample representative means; not paired
M11,M11-M00,3,second_derivative,1863.269647058824,1.1666024175796422e-08,difference of equal-sample representative means; not paired
M11,M11-M00,3,second_derivative,1868.730392156863,-2.723063743041682e-07,difference of equal-sample representative means; not paired
M11,M11-M00,3,second_derivative,1874.191137254902,-4.2847793986988073e-07,difference of equal-sample representative means; not paired
M11,M11-M00,3,second_derivative,1879.6518823529414,-4.223519850873208e-07,difference of equal-sample representative means; not paired
M11,M11-M00,3,second_derivative,1885.1126274509807,-2.6407208672930924e-07,difference of equal-sample representative means; not paired
M11,M11-M00,3,second_derivative,1890.57337254902,-1.7606776129720368e-07,difference of equal-sample representative means; not paired
M11,M11-M00,3,second_derivative,1896.034117647059,-2.901442011526723e-07,difference of equal-sample representative means; not paired
M11,M11-M00,3,second_derivative,1901.4948627450983,-2.9730209882352385e-07,difference of equal-sample representative means; not paired
M11,M11-M00,3,second_derivative,1906.9556078431374,2.986238607490064e-08,difference of equal-sample representative means; not paired
M11,M11-M00,3,second_derivative,1912.4163529411767,4.706347623911148e-07,difference of equal-sample representative means; not paired
M11,M11-M00,3,second_derivative,1917.877098039216,7.012796329972375e-07,difference of equal-sample representative means; not paired
M11,M11-M00,3,second_derivative,1923.3378431372553,7.159954390325088e-07,difference of equal-sample representative means; not paired
M11,M11-M00,3,second_derivative,1928.7985882352943,4.1233767111145876e-07,difference of equal-sample representative means; not paired
M11,M11-M00,3,second_derivative,1934.2593333333336,1.3854238888454259e-07,difference of equal-sample representative means; not paired
M11,M11-M00,3,second_derivative,1939.7200784313727,1.5053251970758717e-07,difference of equal-sample representative means; not paired
M11,M11-M00,3,second_derivative,1945.180823529412,2.0613311635789332e-07,difference of equal-sample representative means; not paired
M11,M11-M00,3,second_derivative,1950.6415686274513,1.199934121898539e-07,difference of equal-sample representative means; not paired
M11,M11-M00,3,second_derivative,1956.1023137254906,1.4036812277982654e-07,difference of equal-sample representative means; not paired
M11,M11-M00,3,second_derivative,1961.5630588235294,1.104323973983591e-07,difference of equal-sample representative means; not paired
M11,M11-M00,3,second_derivative,1967.0238039215687,1.2276012201149624e-07,difference of equal-sample representative means; not paired
M11,M11-M00,3,second_derivative,1972.484549019608,1.646370039067934e-07,difference of equal-sample representative means; not paired
M11,M11-M00,3,second_derivative,1977.9452941176473,8.284844215227243e-08,difference of equal-sample representative means; not paired
M11,M11-M00,3,second_derivative,1983.4060392156866,-5.8979943331055596e-08,difference of equal-sample representative means; not paired
M11,M11-M00,3,second_derivative,1988.866784313726,-6.494380225430753e-08,difference of equal-sample representative means; not paired
M11,M11-M00,3,second_derivative,1994.3275294117648,-4.2228968788886084e-08,difference of equal-sample representative means; not paired
M11,M11-M00,3,second_derivative,1999.788274509804,-2.8281347715849992e-08,difference of equal-sample representative means; not paired
M11,M11-M00,3,second_derivative,2005.2490196078434,-9.686998074703629e-08,difference of equal-sample representative means; not paired
M11,M11-M00,3,second_derivative,2010.7097647058827,-1.9039026222741093e-07,difference of equal-sample representative means; not paired
M11,M11-M00,3,second_derivative,2016.170509803922,-2.3759656757267643e-07,difference of equal-sample representative means; not paired
M11,M11-M00,3,second_derivative,2021.6312549019613,-1.6475780448446762e-07,difference of equal-sample representative means; not paired
M11,M11-M00,3,second_derivative,2027.092,-1.6978446310682326e-08,difference of equal-sample representative means; not paired
M11,M11-M00,3,second_derivative,2032.5527450980394,7.662483585548445e-08,difference of equal-sample representative means; not paired
M11,M11-M00,3,second_derivative,2038.0134901960787,-2.808705493020019e-08,difference of equal-sample representative means; not paired
M11,M11-M00,3,second_derivative,2043.474235294118,-1.5618582903507186e-07,difference of equal-sample representative means; not paired
M11,M11-M00,3,second_derivative,2048.9349803921573,-2.784796866687886e-07,difference of equal-sample representative means; not paired
M11,M11-M00,3,second_derivative,2054.3957254901966,-2.5849703176857617e-07,difference of equal-sample representative means; not paired
M11,M11-M00,3,second_derivative,2059.8564705882354,-4.9661484167814345e-08,difference of equal-sample representative means; not paired
M11,M11-M00,3,second_derivative,2065.3172156862747,1.2900963586214768e-07,difference of equal-sample representative means; not paired
M11,M11-M00,3,second_derivative,2070.777960784314,1.215184532062368e-07,difference of equal-sample representative means; not paired
M11,M11-M00,3,second_derivative,2076.2387058823533,6.303338165100913e-08,difference of equal-sample representative means; not paired
M11,M11-M00,3,second_derivative,2081.6994509803926,1.1678152155682387e-07,difference of equal-sample representative means; not paired
M11,M11-M00,3,second_derivative,2087.1601960784315,-7.449404988053797e-08,difference of equal-sample representative means; not paired
M11,M11-M00,3,second_derivative,2092.6209411764708,-5.425470281159633e-08,difference of equal-sample representative means; not paired
M11,M11-M00,3,second_derivative,2098.08168627451,2.7945620956150354e-08,difference of equal-sample representative means; not paired
M11,M11-M00,3,second_derivative,2103.5424313725493,-2.9179553126614823e-09,difference of equal-sample representative means; not paired
M11,M11-M00,3,second_derivative,2109.0031764705886,8.039353967534071e-09,difference of equal-sample representative means; not paired
M11,M11-M00,3,second_derivative,2114.463921568628,1.0258586302299837e-07,difference of equal-sample representative means; not paired
M11,M11-M00,3,second_derivative,2119.924666666667,-1.1427751840164003e-07,difference of equal-sample representative means; not paired
M11,M11-M00,3,second_derivative,2125.385411764706,-4.8039078928986657e-08,difference of equal-sample representative means; not paired
M11,M11-M00,3,second_derivative,2130.8461568627454,1.5466718755416883e-08,difference of equal-sample representative means; not paired
M11,M11-M00,3,second_derivative,2136.3069019607847,3.917585440108477e-08,difference of equal-sample representative means; not paired
M11,M11-M00,3,second_derivative,2141.767647058824,9.831068168211359e-09,difference of equal-sample representative means; not paired
M11,M11-M00,3,second_derivative,2147.2283921568633,-2.85583766140843e-08,difference of equal-sample representative means; not paired
M11,M11-M00,3,second_derivative,2152.689137254902,7.383807588634902e-09,difference of equal-sample representative means; not paired
M11,M11-M00,3,second_derivative,2158.1498823529414,1.4070873766336192e-07,difference of equal-sample representative means; not paired
M11,M11-M00,3,second_derivative,2163.6106274509807,1.400671569454675e-07,difference of equal-sample representative means; not paired
M11,M11-M00,3,second_derivative,2169.07137254902,2.4112929542875598e-08,difference of equal-sample representative means; not paired
M11,M11-M00,3,second_derivative,2174.5321176470593,-1.1165423651499914e-07,difference of equal-sample representative means; not paired
M11,M11-M00,3,second_derivative,2179.992862745098,-1.0751693260986228e-07,difference of equal-sample representative means; not paired
M11,M11-M00,3,second_derivative,2185.4536078431374,2.8278740519635835e-08,difference of equal-sample representative means; not paired
M11,M11-M00,3,second_derivative,2190.9143529411767,1.588809236108393e-07,difference of equal-sample representative means; not paired
M11,M11-M00,3,second_derivative,2196.375098039216,1.382216187115391e-07,difference of equal-sample representative means; not paired
M11,M11-M00,3,second_derivative,2201.8358431372553,-1.8748941119904017e-07,difference of equal-sample representative means; not paired
M11,M11-M00,3,second_derivative,2207.2965882352946,3.2013714569117896e-08,difference of equal-sample representative means; not paired
M11,M11-M00,3,second_derivative,2212.7573333333335,-1.0545790598988269e-08,difference of equal-sample representative means; not paired
M11,M11-M00,3,second_derivative,2218.2180784313728,-3.34187875928384e-08,difference of equal-sample representative means; not paired
M11,M11-M00,3,second_derivative,2223.678823529412,-9.100788711991528e-08,difference of equal-sample representative means; not paired
M11,M11-M00,3,second_derivative,2229.1395686274514,-1.1662351286304148e-07,difference of equal-sample representative means; not paired
M11,M11-M00,3,second_derivative,2234.6003137254907,-6.151542800753756e-08,difference of equal-sample representative means; not paired
M11,M11-M00,3,second_derivative,2240.06105882353,3.7295582641472356e-07,difference of equal-sample representative means; not paired
M11,M11-M00,3,second_derivative,2245.521803921569,3.795450782603506e-07,difference of equal-sample representative means; not paired
M11,M11-M00,3,second_derivative,2250.982549019608,2.742527227909275e-07,difference of equal-sample representative means; not paired
M11,M11-M00,3,second_derivative,2256.4432941176474,8.674689316923222e-08,difference of equal-sample representative means; not paired
M11,M11-M00,3,second_derivative,2261.9040392156867,1.347126436771505e-07,difference of equal-sample representative means; not paired
M11,M11-M00,3,second_derivative,2267.364784313726,2.7785296906254606e-07,difference of equal-sample representative means; not paired
M11,M11-M00,3,second_derivative,2272.825529411765,4.2048210506202084e-07,difference of equal-sample representative means; not paired
M11,M11-M00,3,second_derivative,2278.286274509804,7.332661959349589e-07,difference of equal-sample representative means; not paired
M11,M11-M00,3,second_derivative,2283.7470196078434,8.895029220287542e-07,difference of equal-sample representative means; not paired
M11,M11-M00,3,second_derivative,2289.2077647058827,1.6133263169722156e-06,difference of equal-sample representative means; not paired
M11,M11-M00,3,second_derivative,2294.668509803922,1.6133263169722698e-06,difference of equal-sample representative means; not paired
M11,M11-M00,3,second_derivative,2300.1292549019613,1.6133263169722698e-06,difference of equal-sample representative means; not paired
M11,M11-M00,3,second_derivative,2305.59,1.6133263169722698e-06,difference of equal-sample representative means; not paired
M11,M11-M00,4,reflectance,913.1,-0.001665604885261629,difference of equal-sample representative means; not paired
M11,M11-M00,4,reflectance,918.5607450980392,-0.0029823819423943077,difference of equal-sample representative means; not paired
M11,M11-M00,4,reflectance,924.0214901960785,-0.003597250226746951,difference of equal-sample representative means; not paired
M11,M11-M00,4,reflectance,929.4822352941177,-0.004282357660690905,difference of equal-sample representative means; not paired
M11,M11-M00,4,reflectance,934.9429803921569,-0.0047029008422682095,difference of equal-sample representative means; not paired
M11,M11-M00,4,reflectance,940.4037254901962,-0.004913682033959088,difference of equal-sample representative means; not paired
M11,M11-M00,4,reflectance,945.8644705882353,-0.005302223864647737,difference of equal-sample representative means; not paired
M11,M11-M00,4,reflectance,951.3252156862745,-0.005530236270117839,difference of equal-sample representative means; not paired
M11,M11-M00,4,reflectance,956.7859607843137,-0.005520272531896631,difference of equal-sample representative means; not paired
M11,M11-M00,4,reflectance,962.246705882353,-0.005327805847684441,difference of equal-sample representative means; not paired
M11,M11-M00,4,reflectance,967.7074509803922,-0.005470208665311838,difference of equal-sample representative means; not paired
M11,M11-M00,4,reflectance,973.1681960784314,-0.00557197716301755,difference of equal-sample representative means; not paired
M11,M11-M00,4,reflectance,978.6289411764706,-0.005580390214845077,difference of equal-sample representative means; not paired
M11,M11-M00,4,reflectance,984.0896862745099,-0.005734607464748742,difference of equal-sample representative means; not paired
M11,M11-M00,4,reflectance,989.550431372549,-0.0060924894943770735,difference of equal-sample representative means; not paired
M11,M11-M00,4,reflectance,995.0111764705882,-0.0060520098357569885,difference of equal-sample representative means; not paired
M11,M11-M00,4,reflectance,1000.4719215686275,-0.006073656837237096,difference of equal-sample representative means; not paired
M11,M11-M00,4,reflectance,1005.9326666666667,-0.006205828377113198,difference of equal-sample representative means; not paired
M11,M11-M00,4,reflectance,1011.3934117647059,-0.006302274702924826,difference of equal-sample representative means; not paired
M11,M11-M00,4,reflectance,1016.8541568627452,-0.006384294128166268,difference of equal-sample representative means; not paired
M11,M11-M00,4,reflectance,1022.3149019607844,-0.0065240580810684845,difference of equal-sample representative means; not paired
M11,M11-M00,4,reflectance,1027.7756470588236,-0.006691657992685007,difference of equal-sample representative means; not paired
M11,M11-M00,4,reflectance,1033.2363921568628,-0.006704410627347501,difference of equal-sample representative means; not paired
M11,M11-M00,4,reflectance,1038.697137254902,-0.0067991602923982986,difference of equal-sample representative means; not paired
M11,M11-M00,4,reflectance,1044.1578823529412,-0.007022088589641484,difference of equal-sample representative means; not paired
M11,M11-M00,4,reflectance,1049.6186274509805,-0.007101927714722012,difference of equal-sample representative means; not paired
M11,M11-M00,4,reflectance,1055.0793725490196,-0.007080812764555522,difference of equal-sample representative means; not paired
M11,M11-M00,4,reflectance,1060.5401176470589,-0.00712495220899223,difference of equal-sample representative means; not paired
M11,M11-M00,4,reflectance,1066.0008627450982,-0.007311515820907444,difference of equal-sample representative means; not paired
M11,M11-M00,4,reflectance,1071.4616078431372,-0.007469619629232593,difference of equal-sample representative means; not paired
M11,M11-M00,4,reflectance,1076.9223529411765,-0.007537681305367472,difference of equal-sample representative means; not paired
M11,M11-M00,4,reflectance,1082.3830980392158,-0.0076091294241887875,difference of equal-sample representative means; not paired
M11,M11-M00,4,reflectance,1087.843843137255,-0.00764137290474165,difference of equal-sample representative means; not paired
M11,M11-M00,4,reflectance,1093.3045882352942,-0.00770562887229348,difference of equal-sample representative means; not paired
M11,M11-M00,4,reflectance,1098.7653333333333,-0.00787963203659131,difference of equal-sample representative means; not paired
M11,M11-M00,4,reflectance,1104.2260784313726,-0.008123731296465597,difference of equal-sample representative means; not paired
M11,M11-M00,4,reflectance,1109.6868235294119,-0.008230560534367493,difference of equal-sample representative means; not paired
M11,M11-M00,4,reflectance,1115.1475686274512,-0.008401766064624505,difference of equal-sample representative means; not paired
M11,M11-M00,4,reflectance,1120.6083137254902,-0.008570946736263907,difference of equal-sample representative means; not paired
M11,M11-M00,4,reflectance,1126.0690588235295,-0.008725024011557225,difference of equal-sample representative means; not paired
M11,M11-M00,4,reflectance,1131.5298039215686,-0.008899393790293642,difference of equal-sample representative means; not paired
M11,M11-M00,4,reflectance,1136.990549019608,-0.009153369926754418,difference of equal-sample representative means; not paired
M11,M11-M00,4,reflectance,1142.4512941176472,-0.009371945929527614,difference of equal-sample representative means; not paired
M11,M11-M00,4,reflectance,1147.9120392156863,-0.009326571320032118,difference of equal-sample representative means; not paired
M11,M11-M00,4,reflectance,1153.3727843137256,-0.00967763643735936,difference of equal-sample representative means; not paired
M11,M11-M00,4,reflectance,1158.8335294117649,-0.009567523334622796,difference of equal-sample representative means; not paired
M11,M11-M00,4,reflectance,1164.294274509804,-0.0099962583283007,difference of equal-sample representative means; not paired
M11,M11-M00,4,reflectance,1169.7550196078432,-0.010038806359500996,difference of equal-sample representative means; not paired
M11,M11-M00,4,reflectance,1175.2157647058825,-0.01000873204680336,difference of equal-sample representative means; not paired
M11,M11-M00,4,reflectance,1180.6765098039216,-0.01021899646829999,difference of equal-sample representative means; not paired
M11,M11-M00,4,reflectance,1186.137254901961,-0.010427862642193753,difference of equal-sample representative means; not paired
M11,M11-M00,4,reflectance,1191.598,-0.010631528999612005,difference of equal-sample representative means; not paired
M11,M11-M00,4,reflectance,1197.0587450980393,-0.010596399645503463,difference of equal-sample representative means; not paired
M11,M11-M00,4,reflectance,1202.5194901960786,-0.010689492967480063,difference of equal-sample representative means; not paired
M11,M11-M00,4,reflectance,1207.9802352941178,-0.0107653804981786,difference of equal-sample representative means; not paired
M11,M11-M00,4,reflectance,1213.440980392157,-0.010779350929218279,difference of equal-sample representative means; not paired
M11,M11-M00,4,reflectance,1218.9017254901962,-0.010821935546251271,difference of equal-sample representative means; not paired
M11,M11-M00,4,reflectance,1224.3624705882353,-0.010937124743269355,difference of equal-sample representative means; not paired
M11,M11-M00,4,reflectance,1229.8232156862746,-0.01093084897302693,difference of equal-sample representative means; not paired
M11,M11-M00,4,reflectance,1235.2839607843139,-0.011042528122173878,difference of equal-sample representative means; not paired
M11,M11-M00,4,reflectance,1240.7447058823532,-0.011172134941262901,difference of equal-sample representative means; not paired
M11,M11-M00,4,reflectance,1246.2054509803922,-0.011158615758589063,difference of equal-sample representative means; not paired
M11,M11-M00,4,reflectance,1251.6661960784315,-0.011159449641127972,difference of equal-sample representative means; not paired
M11,M11-M00,4,reflectance,1257.1269411764706,-0.011169471993237812,difference of equal-sample representative means; not paired
M11,M11-M00,4,reflectance,1262.58768627451,-0.011117490273049757,difference of equal-sample representative means; not paired
M11,M11-M00,4,reflectance,1268.0484313725492,-0.011045954614720133,difference of equal-sample representative means; not paired
M11,M11-M00,4,reflectance,1273.5091764705883,-0.011173370275596284,difference of equal-sample representative means; not paired
M11,M11-M00,4,reflectance,1278.9699215686276,-0.011210078759297137,difference of equal-sample representative means; not paired
M11,M11-M00,4,reflectance,1284.4306666666666,-0.011236241625881216,difference of equal-sample representative means; not paired
M11,M11-M00,4,reflectance,1289.891411764706,-0.01123630460011571,difference of equal-sample representative means; not paired
M11,M11-M00,4,reflectance,1295.3521568627452,-0.011296879237388646,difference of equal-sample representative means; not paired
M11,M11-M00,4,reflectance,1300.8129019607845,-0.011390853374526055,difference of equal-sample representative means; not paired
M11,M11-M00,4,reflectance,1306.2736470588236,-0.011405709752329574,difference of equal-sample representative means; not paired
M11,M11-M00,4,reflectance,1311.734392156863,-0.011434367478610374,difference of equal-sample representative means; not paired
M11,M11-M00,4,reflectance,1317.195137254902,-0.011495975043183781,difference of equal-sample representative means; not paired
M11,M11-M00,4,reflectance,1322.6558823529413,-0.011526280870135852,difference of equal-sample representative means; not paired
M11,M11-M00,4,reflectance,1328.1166274509806,-0.011546317535162332,difference of equal-sample representative means; not paired
M11,M11-M00,4,reflectance,1333.5773725490199,-0.011592898144412778,difference of equal-sample representative means; not paired
M11,M11-M00,4,reflectance,1339.038117647059,-0.011676582112704392,difference of equal-sample representative means; not paired
M11,M11-M00,4,reflectance,1344.4988627450982,-0.011751390010747209,difference of equal-sample representative means; not paired
M11,M11-M00,4,reflectance,1349.9596078431373,-0.01174899346985453,difference of equal-sample representative means; not paired
M11,M11-M00,4,reflectance,1355.4203529411766,-0.011925542501718456,difference of equal-sample representative means; not paired
M11,M11-M00,4,reflectance,1360.8810980392159,-0.011893075177962564,difference of equal-sample representative means; not paired
M11,M11-M00,4,reflectance,1366.341843137255,-0.011930623333775203,difference of equal-sample representative means; not paired
M11,M11-M00,4,reflectance,1371.8025882352943,-0.011977530002821701,difference of equal-sample representative means; not paired
M11,M11-M00,4,reflectance,1377.2633333333333,-0.012015676394708852,difference of equal-sample representative means; not paired
M11,M11-M00,4,reflectance,1382.7240784313726,-0.012079226093982598,difference of equal-sample representative means; not paired
M11,M11-M00,4,reflectance,1388.184823529412,-0.012169961693473563,difference of equal-sample representative means; not paired
M11,M11-M00,4,reflectance,1393.6455686274512,-0.012101616902009726,difference of equal-sample representative means; not paired
M11,M11-M00,4,reflectance,1399.1063137254903,-0.011977124528513627,difference of equal-sample representative means; not paired
M11,M11-M00,4,reflectance,1404.5670588235296,-0.01211491052196978,difference of equal-sample representative means; not paired
M11,M11-M00,4,reflectance,1410.0278039215686,-0.01186651012661677,difference of equal-sample representative means; not paired
M11,M11-M00,4,reflectance,1415.488549019608,-0.011497798726206876,difference of equal-sample representative means; not paired
M11,M11-M00,4,reflectance,1420.9492941176472,-0.011219578487674797,difference of equal-sample representative means; not paired
M11,M11-M00,4,reflectance,1426.4100392156865,-0.01098640789135713,difference of equal-sample representative means; not paired
M11,M11-M00,4,reflectance,1431.8707843137256,-0.010820991038032135,difference of equal-sample representative means; not paired
M11,M11-M00,4,reflectance,1437.3315294117647,-0.010715667543827356,difference of equal-sample representative means; not paired
M11,M11-M00,4,reflectance,1442.792274509804,-0.01056663115048434,difference of equal-sample representative means; not paired
M11,M11-M00,4,reflectance,1448.2530196078433,-0.010588829156915058,difference of equal-sample representative means; not paired
M11,M11-M00,4,reflectance,1453.7137647058826,-0.01053024783241302,difference of equal-sample representative means; not paired
M11,M11-M00,4,reflectance,1459.1745098039219,-0.010453944775931256,difference of equal-sample representative means; not paired
M11,M11-M00,4,reflectance,1464.635254901961,-0.010486064104893944,difference of equal-sample representative means; not paired
M11,M11-M00,4,reflectance,1470.096,-0.010511917111352131,difference of equal-sample representative means; not paired
M11,M11-M00,4,reflectance,1475.5567450980393,-0.010338819637222718,difference of equal-sample representative means; not paired
M11,M11-M00,4,reflectance,1481.0174901960786,-0.010374581103556213,difference of equal-sample representative means; not paired
M11,M11-M00,4,reflectance,1486.478235294118,-0.01032293443877097,difference of equal-sample representative means; not paired
M11,M11-M00,4,reflectance,1491.938980392157,-0.010263957198730356,difference of equal-sample representative means; not paired
M11,M11-M00,4,reflectance,1497.3997254901963,-0.010231421005196528,difference of equal-sample representative means; not paired
M11,M11-M00,4,reflectance,1502.8604705882353,-0.01024016004386813,difference of equal-sample representative means; not paired
M11,M11-M00,4,reflectance,1508.3212156862746,-0.010314653261828566,difference of equal-sample representative means; not paired
M11,M11-M00,4,reflectance,1513.781960784314,-0.010476195946251932,difference of equal-sample representative means; not paired
M11,M11-M00,4,reflectance,1519.2427058823532,-0.010307370873964827,difference of equal-sample representative means; not paired
M11,M11-M00,4,reflectance,1524.7034509803923,-0.010393362012122598,difference of equal-sample representative means; not paired
M11,M11-M00,4,reflectance,1530.1641960784316,-0.010403003042089687,difference of equal-sample representative means; not paired
M11,M11-M00,4,reflectance,1535.6249411764707,-0.010419637259078518,difference of equal-sample representative means; not paired
M11,M11-M00,4,reflectance,1541.08568627451,-0.010395131772133193,difference of equal-sample representative means; not paired
M11,M11-M00,4,reflectance,1546.5464313725493,-0.010343042920967493,difference of equal-sample representative means; not paired
M11,M11-M00,4,reflectance,1552.0071764705885,-0.010473134011333485,difference of equal-sample representative means; not paired
M11,M11-M00,4,reflectance,1557.4679215686276,-0.010471305871707137,difference of equal-sample representative means; not paired
M11,M11-M00,4,reflectance,1562.9286666666667,-0.010583636142874608,difference of equal-sample representative means; not paired
M11,M11-M00,4,reflectance,1568.389411764706,-0.010559222859465922,difference of equal-sample representative means; not paired
M11,M11-M00,4,reflectance,1573.8501568627453,-0.010503419955269266,difference of equal-sample representative means; not paired
M11,M11-M00,4,reflectance,1579.3109019607846,-0.010475048157343847,difference of equal-sample representative means; not paired
M11,M11-M00,4,reflectance,1584.7716470588239,-0.010446244564546736,difference of equal-sample representative means; not paired
M11,M11-M00,4,reflectance,1590.232392156863,-0.010391440982248812,difference of equal-sample representative means; not paired
M11,M11-M00,4,reflectance,1595.693137254902,-0.010434935303376969,difference of equal-sample representative means; not paired
M11,M11-M00,4,reflectance,1601.1538823529413,-0.010278851889873541,difference of equal-sample representative means; not paired
M11,M11-M00,4,reflectance,1606.6146274509806,-0.010241326115875193,difference of equal-sample representative means; not paired
M11,M11-M00,4,reflectance,1612.07537254902,-0.010230718386693594,difference of equal-sample representative means; not paired
M11,M11-M00,4,reflectance,1617.536117647059,-0.01026840343553942,difference of equal-sample representative means; not paired
M11,M11-M00,4,reflectance,1622.9968627450983,-0.010246682837611043,difference of equal-sample representative means; not paired
M11,M11-M00,4,reflectance,1628.4576078431373,-0.010119589746567237,difference of equal-sample representative means; not paired
M11,M11-M00,4,reflectance,1633.9183529411766,-0.010065052034607724,difference of equal-sample representative means; not paired
M11,M11-M00,4,reflectance,1639.379098039216,-0.010117146714285374,difference of equal-sample representative means; not paired
M11,M11-M00,4,reflectance,1644.8398431372552,-0.009911492593448645,difference of equal-sample representative means; not paired
M11,M11-M00,4,reflectance,1650.3005882352943,-0.00988045146375588,difference of equal-sample representative means; not paired
M11,M11-M00,4,reflectance,1655.7613333333334,-0.00983962271047184,difference of equal-sample representative means; not paired
M11,M11-M00,4,reflectance,1661.2220784313727,-0.00984215862304788,difference of equal-sample representative means; not paired
M11,M11-M00,4,reflectance,1666.682823529412,-0.009758527054513244,difference of equal-sample representative means; not paired
M11,M11-M00,4,reflectance,1672.1435686274513,-0.009451984931234447,difference of equal-sample representative means; not paired
M11,M11-M00,4,reflectance,1677.6043137254906,-0.009464954243642687,difference of equal-sample representative means; not paired
M11,M11-M00,4,reflectance,1683.0650588235296,-0.009532872453512642,difference of equal-sample representative means; not paired
M11,M11-M00,4,reflectance,1688.5258039215687,-0.009429047607292573,difference of equal-sample representative means; not paired
M11,M11-M00,4,reflectance,1693.986549019608,-0.009515184906135066,difference of equal-sample representative means; not paired
M11,M11-M00,4,reflectance,1699.4472941176473,-0.009527547845179951,difference of equal-sample representative means; not paired
M11,M11-M00,4,reflectance,1704.9080392156866,-0.009448373992821668,difference of equal-sample representative means; not paired
M11,M11-M00,4,reflectance,1710.3687843137257,-0.009365986968121465,difference of equal-sample representative means; not paired
M11,M11-M00,4,reflectance,1715.829529411765,-0.009228000439450934,difference of equal-sample representative means; not paired
M11,M11-M00,4,reflectance,1721.290274509804,-0.009203964795380826,difference of equal-sample representative means; not paired
M11,M11-M00,4,reflectance,1726.7510196078433,-0.009240864208543198,difference of equal-sample representative means; not paired
M11,M11-M00,4,reflectance,1732.2117647058826,-0.009394096393017637,difference of equal-sample representative means; not paired
M11,M11-M00,4,reflectance,1737.672509803922,-0.009438358986925077,difference of equal-sample representative means; not paired
M11,M11-M00,4,reflectance,1743.133254901961,-0.009338186158358741,difference of equal-sample representative means; not paired
M11,M11-M00,4,reflectance,1748.594,-0.009199120910987901,difference of equal-sample representative means; not paired
M11,M11-M00,4,reflectance,1754.0547450980393,-0.00916042173970727,difference of equal-sample representative means; not paired
M11,M11-M00,4,reflectance,1759.5154901960786,-0.009263589311698461,difference of equal-sample representative means; not paired
M11,M11-M00,4,reflectance,1764.976235294118,-0.009183462022294586,difference of equal-sample representative means; not paired
M11,M11-M00,4,reflectance,1770.4369803921572,-0.009015702020572336,difference of equal-sample representative means; not paired
M11,M11-M00,4,reflectance,1775.8977254901963,-0.008946263920790953,difference of equal-sample representative means; not paired
M11,M11-M00,4,reflectance,1781.3584705882354,-0.008948540847648734,difference of equal-sample representative means; not paired
M11,M11-M00,4,reflectance,1786.8192156862747,-0.008942152098829703,difference of equal-sample representative means; not paired
M11,M11-M00,4,reflectance,1792.279960784314,-0.008895554274344075,difference of equal-sample representative means; not paired
M11,M11-M00,4,reflectance,1797.7407058823533,-0.008837133726379454,difference of equal-sample representative means; not paired
M11,M11-M00,4,reflectance,1803.2014509803923,-0.008693469581057489,difference of equal-sample representative means; not paired
M11,M11-M00,4,reflectance,1808.6621960784316,-0.008857848874907814,difference of equal-sample representative means; not paired
M11,M11-M00,4,reflectance,1814.1229411764707,-0.008878604117918576,difference of equal-sample representative means; not paired
M11,M11-M00,4,reflectance,1819.58368627451,-0.008764160140272648,difference of equal-sample representative means; not paired
M11,M11-M00,4,reflectance,1825.0444313725493,-0.008762121646023968,difference of equal-sample representative means; not paired
M11,M11-M00,4,reflectance,1830.5051764705886,-0.008881342552089277,difference of equal-sample representative means; not paired
M11,M11-M00,4,reflectance,1835.9659215686277,-0.008940856980895417,difference of equal-sample representative means; not paired
M11,M11-M00,4,reflectance,1841.4266666666667,-0.008809346647451255,difference of equal-sample representative means; not paired
M11,M11-M00,4,reflectance,1846.887411764706,-0.007295951173499182,difference of equal-sample representative means; not paired
M11,M11-M00,4,reflectance,1852.3481568627453,-0.00835246308134896,difference of equal-sample representative means; not paired
M11,M11-M00,4,reflectance,1857.8089019607846,-0.008627047735531357,difference of equal-sample representative means; not paired
M11,M11-M00,4,reflectance,1863.269647058824,-0.008621012792147609,difference of equal-sample representative means; not paired
M11,M11-M00,4,reflectance,1868.730392156863,-0.008514842224012331,difference of equal-sample representative means; not paired
M11,M11-M00,4,reflectance,1874.191137254902,-0.008393439848653983,difference of equal-sample representative means; not paired
M11,M11-M00,4,reflectance,1879.6518823529414,-0.00844118017873291,difference of equal-sample representative means; not paired
M11,M11-M00,4,reflectance,1885.1126274509807,-0.008143635862780163,difference of equal-sample representative means; not paired
M11,M11-M00,4,reflectance,1890.57337254902,-0.007935605371407917,difference of equal-sample representative means; not paired
M11,M11-M00,4,reflectance,1896.034117647059,-0.007797869501068699,difference of equal-sample representative means; not paired
M11,M11-M00,4,reflectance,1901.4948627450983,-0.007665952061012615,difference of equal-sample representative means; not paired
M11,M11-M00,4,reflectance,1906.9556078431374,-0.007464148478015131,difference of equal-sample representative means; not paired
M11,M11-M00,4,reflectance,1912.4163529411767,-0.007244430460963847,difference of equal-sample representative means; not paired
M11,M11-M00,4,reflectance,1917.877098039216,-0.007045738699650028,difference of equal-sample representative means; not paired
M11,M11-M00,4,reflectance,1923.3378431372553,-0.00676366050037755,difference of equal-sample representative means; not paired
M11,M11-M00,4,reflectance,1928.7985882352943,-0.006515005124535234,difference of equal-sample representative means; not paired
M11,M11-M00,4,reflectance,1934.2593333333336,-0.00672648972080539,difference of equal-sample representative means; not paired
M11,M11-M00,4,reflectance,1939.7200784313727,-0.00647055025765822,difference of equal-sample representative means; not paired
M11,M11-M00,4,reflectance,1945.180823529412,-0.006378639172817335,difference of equal-sample representative means; not paired
M11,M11-M00,4,reflectance,1950.6415686274513,-0.0064801454176943996,difference of equal-sample representative means; not paired
M11,M11-M00,4,reflectance,1956.1023137254906,-0.006570071529519522,difference of equal-sample representative means; not paired
M11,M11-M00,4,reflectance,1961.5630588235294,-0.006543498694129013,difference of equal-sample representative means; not paired
M11,M11-M00,4,reflectance,1967.0238039215687,-0.006462721363866553,difference of equal-sample representative means; not paired
M11,M11-M00,4,reflectance,1972.484549019608,-0.006532445387408936,difference of equal-sample representative means; not paired
M11,M11-M00,4,reflectance,1977.9452941176473,-0.006345597405961134,difference of equal-sample representative means; not paired
M11,M11-M00,4,reflectance,1983.4060392156866,-0.00626688909865547,difference of equal-sample representative means; not paired
M11,M11-M00,4,reflectance,1988.866784313726,-0.006337280931439593,difference of equal-sample representative means; not paired
M11,M11-M00,4,reflectance,1994.3275294117648,-0.006376504037403419,difference of equal-sample representative means; not paired
M11,M11-M00,4,reflectance,1999.788274509804,-0.006368168908958971,difference of equal-sample representative means; not paired
M11,M11-M00,4,reflectance,2005.2490196078434,-0.0064723041988830055,difference of equal-sample representative means; not paired
M11,M11-M00,4,reflectance,2010.7097647058827,-0.006188339228233364,difference of equal-sample representative means; not paired
M11,M11-M00,4,reflectance,2016.170509803922,-0.006478036113374053,difference of equal-sample representative means; not paired
M11,M11-M00,4,reflectance,2021.6312549019613,-0.006488055205189858,difference of equal-sample representative means; not paired
M11,M11-M00,4,reflectance,2027.092,-0.006580340125900475,difference of equal-sample representative means; not paired
M11,M11-M00,4,reflectance,2032.5527450980394,-0.006420171306167344,difference of equal-sample representative means; not paired
M11,M11-M00,4,reflectance,2038.0134901960787,-0.006192180256886448,difference of equal-sample representative means; not paired
M11,M11-M00,4,reflectance,2043.474235294118,-0.00621071146560459,difference of equal-sample representative means; not paired
M11,M11-M00,4,reflectance,2048.9349803921573,-0.006125778379600655,difference of equal-sample representative means; not paired
M11,M11-M00,4,reflectance,2054.3957254901966,-0.0061290560270922945,difference of equal-sample representative means; not paired
M11,M11-M00,4,reflectance,2059.8564705882354,-0.006067506368901465,difference of equal-sample representative means; not paired
M11,M11-M00,4,reflectance,2065.3172156862747,-0.006250886046206217,difference of equal-sample representative means; not paired
M11,M11-M00,4,reflectance,2070.777960784314,-0.006184153985070384,difference of equal-sample representative means; not paired
M11,M11-M00,4,reflectance,2076.2387058823533,-0.0063629361143390795,difference of equal-sample representative means; not paired
M11,M11-M00,4,reflectance,2081.6994509803926,-0.006562247484091122,difference of equal-sample representative means; not paired
M11,M11-M00,4,reflectance,2087.1601960784315,-0.0062107597874413445,difference of equal-sample representative means; not paired
M11,M11-M00,4,reflectance,2092.6209411764708,-0.0066495817191860596,difference of equal-sample representative means; not paired
M11,M11-M00,4,reflectance,2098.08168627451,-0.0071227182739442285,difference of equal-sample representative means; not paired
M11,M11-M00,4,reflectance,2103.5424313725493,-0.0061546030407143015,difference of equal-sample representative means; not paired
M11,M11-M00,4,reflectance,2109.0031764705886,-0.006093886404117954,difference of equal-sample representative means; not paired
M11,M11-M00,4,reflectance,2114.463921568628,-0.006256869966259626,difference of equal-sample representative means; not paired
M11,M11-M00,4,reflectance,2119.924666666667,-0.006452426558230195,difference of equal-sample representative means; not paired
M11,M11-M00,4,reflectance,2125.385411764706,-0.006553039490978851,difference of equal-sample representative means; not paired
M11,M11-M00,4,reflectance,2130.8461568627454,-0.006212889212394601,difference of equal-sample representative means; not paired
M11,M11-M00,4,reflectance,2136.3069019607847,-0.006467278526605169,difference of equal-sample representative means; not paired
M11,M11-M00,4,reflectance,2141.767647058824,-0.005215246756127168,difference of equal-sample representative means; not paired
M11,M11-M00,4,reflectance,2147.2283921568633,-0.005989434341339417,difference of equal-sample representative means; not paired
M11,M11-M00,4,reflectance,2152.689137254902,-0.006276371331855268,difference of equal-sample representative means; not paired
M11,M11-M00,4,reflectance,2158.1498823529414,-0.0064103153083477915,difference of equal-sample representative means; not paired
M11,M11-M00,4,reflectance,2163.6106274509807,-0.00681948452547787,difference of equal-sample representative means; not paired
M11,M11-M00,4,reflectance,2169.07137254902,-0.007009045164515559,difference of equal-sample representative means; not paired
M11,M11-M00,4,reflectance,2174.5321176470593,-0.006209467726950302,difference of equal-sample representative means; not paired
M11,M11-M00,4,reflectance,2179.992862745098,-0.006527650911589744,difference of equal-sample representative means; not paired
M11,M11-M00,4,reflectance,2185.4536078431374,-0.006183943336878439,difference of equal-sample representative means; not paired
M11,M11-M00,4,reflectance,2190.9143529411767,-0.006037795553845593,difference of equal-sample representative means; not paired
M11,M11-M00,4,reflectance,2196.375098039216,-0.005998954904829046,difference of equal-sample representative means; not paired
M11,M11-M00,4,reflectance,2201.8358431372553,-0.006121554086340908,difference of equal-sample representative means; not paired
M11,M11-M00,4,reflectance,2207.2965882352946,-0.006128333204722225,difference of equal-sample representative means; not paired
M11,M11-M00,4,reflectance,2212.7573333333335,-0.005794053421284251,difference of equal-sample representative means; not paired
M11,M11-M00,4,reflectance,2218.2180784313728,-0.0057556623516218375,difference of equal-sample representative means; not paired
M11,M11-M00,4,reflectance,2223.678823529412,-0.006225683036953145,difference of equal-sample representative means; not paired
M11,M11-M00,4,reflectance,2229.1395686274514,-0.006443505603640987,difference of equal-sample representative means; not paired
M11,M11-M00,4,reflectance,2234.6003137254907,-0.006641703641630803,difference of equal-sample representative means; not paired
M11,M11-M00,4,reflectance,2240.06105882353,-0.006626307759975469,difference of equal-sample representative means; not paired
M11,M11-M00,4,reflectance,2245.521803921569,-0.0065523984292017445,difference of equal-sample representative means; not paired
M11,M11-M00,4,reflectance,2250.982549019608,-0.006712735316988794,difference of equal-sample representative means; not paired
M11,M11-M00,4,reflectance,2256.4432941176474,-0.007086923308064763,difference of equal-sample representative means; not paired
M11,M11-M00,4,reflectance,2261.9040392156867,-0.0069619502227992736,difference of equal-sample representative means; not paired
M11,M11-M00,4,reflectance,2267.364784313726,-0.006529710130683181,difference of equal-sample representative means; not paired
M11,M11-M00,4,reflectance,2272.825529411765,-0.005846704324034752,difference of equal-sample representative means; not paired
M11,M11-M00,4,reflectance,2278.286274509804,-0.0062943160191258896,difference of equal-sample representative means; not paired
M11,M11-M00,4,reflectance,2283.7470196078434,-0.006590250991870161,difference of equal-sample representative means; not paired
M11,M11-M00,4,reflectance,2289.2077647058827,-0.006519136876696502,difference of equal-sample representative means; not paired
M11,M11-M00,4,reflectance,2294.668509803922,-0.006607047505313268,difference of equal-sample representative means; not paired
M11,M11-M00,4,reflectance,2300.1292549019613,-0.00701320856363119,difference of equal-sample representative means; not paired
M11,M11-M00,4,reflectance,2305.59,-0.007439231050918482,difference of equal-sample representative means; not paired
M11,M11-M00,4,snv,913.1,0.16242002032837421,difference of equal-sample representative means; not paired
M11,M11-M00,4,snv,918.5607450980392,0.12021878787618342,difference of equal-sample representative means; not paired
M11,M11-M00,4,snv,924.0214901960785,0.1051119024373058,difference of equal-sample representative means; not paired
M11,M11-M00,4,snv,929.4822352941177,0.08633989630425157,difference of equal-sample representative means; not paired
M11,M11-M00,4,snv,934.9429803921569,0.07439111991217118,difference of equal-sample representative means; not paired
M11,M11-M00,4,snv,940.4037254901962,0.07250451375570205,difference of equal-sample representative means; not paired
M11,M11-M00,4,snv,945.8644705882353,0.06851523252566283,difference of equal-sample representative means; not paired
M11,M11-M00,4,snv,951.3252156862745,0.05702202734160536,difference of equal-sample representative means; not paired
M11,M11-M00,4,snv,956.7859607843137,0.06038014219178703,difference of equal-sample representative means; not paired
M11,M11-M00,4,snv,962.246705882353,0.06998936507557119,difference of equal-sample representative means; not paired
M11,M11-M00,4,snv,967.7074509803922,0.06898131171616151,difference of equal-sample representative means; not paired
M11,M11-M00,4,snv,973.1681960784314,0.06912940366085732,difference of equal-sample representative means; not paired
M11,M11-M00,4,snv,978.6289411764706,0.07166985402098552,difference of equal-sample representative means; not paired
M11,M11-M00,4,snv,984.0896862745099,0.06881398263191946,difference of equal-sample representative means; not paired
M11,M11-M00,4,snv,989.550431372549,0.05943402881472515,difference of equal-sample representative means; not paired
M11,M11-M00,4,snv,995.0111764705882,0.06390219486353776,difference of equal-sample representative means; not paired
M11,M11-M00,4,snv,1000.4719215686275,0.06496670732221632,difference of equal-sample representative means; not paired
M11,M11-M00,4,snv,1005.9326666666667,0.0636655793825795,difference of equal-sample representative means; not paired
M11,M11-M00,4,snv,1011.3934117647059,0.06403112713390358,difference of equal-sample representative means; not paired
M11,M11-M00,4,snv,1016.8541568627452,0.06400290032678446,difference of equal-sample representative means; not paired
M11,M11-M00,4,snv,1022.3149019607844,0.06223182101994995,difference of equal-sample representative means; not paired
M11,M11-M00,4,snv,1027.7756470588236,0.062050255151903655,difference of equal-sample representative means; not paired
M11,M11-M00,4,snv,1033.2363921568628,0.06214588433772883,difference of equal-sample representative means; not paired
M11,M11-M00,4,snv,1038.697137254902,0.06294455245879826,difference of equal-sample representative means; not paired
M11,M11-M00,4,snv,1044.1578823529412,0.05720636043495608,difference of equal-sample representative means; not paired
M11,M11-M00,4,snv,1049.6186274509805,0.05369437388915688,difference of equal-sample representative means; not paired
M11,M11-M00,4,snv,1055.0793725490196,0.05698496478208692,difference of equal-sample representative means; not paired
M11,M11-M00,4,snv,1060.5401176470589,0.06092839346560486,difference of equal-sample representative means; not paired
M11,M11-M00,4,snv,1066.0008627450982,0.05665055399060748,difference of equal-sample representative means; not paired
M11,M11-M00,4,snv,1071.4616078431372,0.05450178026045316,difference of equal-sample representative means; not paired
M11,M11-M00,4,snv,1076.9223529411765,0.05334447825789357,difference of equal-sample representative means; not paired
M11,M11-M00,4,snv,1082.3830980392158,0.05458478361540631,difference of equal-sample representative means; not paired
M11,M11-M00,4,snv,1087.843843137255,0.05491781486587488,difference of equal-sample representative means; not paired
M11,M11-M00,4,snv,1093.3045882352942,0.05272078585636675,difference of equal-sample representative means; not paired
M11,M11-M00,4,snv,1098.7653333333333,0.04920300354715246,difference of equal-sample representative means; not paired
M11,M11-M00,4,snv,1104.2260784313726,0.04652549573884168,difference of equal-sample representative means; not paired
M11,M11-M00,4,snv,1109.6868235294119,0.044747710372686544,difference of equal-sample representative means; not paired
M11,M11-M00,4,snv,1115.1475686274512,0.042497452521877754,difference of equal-sample representative means; not paired
M11,M11-M00,4,snv,1120.6083137254902,0.03996382967893375,difference of equal-sample representative means; not paired
M11,M11-M00,4,snv,1126.0690588235295,0.0380820720992503,difference of equal-sample representative means; not paired
M11,M11-M00,4,snv,1131.5298039215686,0.03658351735304666,difference of equal-sample representative means; not paired
M11,M11-M00,4,snv,1136.990549019608,0.02976150904897623,difference of equal-sample representative means; not paired
M11,M11-M00,4,snv,1142.4512941176472,0.022155846528470358,difference of equal-sample representative means; not paired
M11,M11-M00,4,snv,1147.9120392156863,0.02996710363234656,difference of equal-sample representative means; not paired
M11,M11-M00,4,snv,1153.3727843137256,0.02392783829020151,difference of equal-sample representative means; not paired
M11,M11-M00,4,snv,1158.8335294117649,0.02796977535970524,difference of equal-sample representative means; not paired
M11,M11-M00,4,snv,1164.294274509804,0.016568057746839893,difference of equal-sample representative means; not paired
M11,M11-M00,4,snv,1169.7550196078432,0.017955038287327918,difference of equal-sample representative means; not paired
M11,M11-M00,4,snv,1175.2157647058825,0.021822706278558757,difference of equal-sample representative means; not paired
M11,M11-M00,4,snv,1180.6765098039216,0.018397529358448628,difference of equal-sample representative means; not paired
M11,M11-M00,4,snv,1186.137254901961,0.015286184590771246,difference of equal-sample representative means; not paired
M11,M11-M00,4,snv,1191.598,0.011785693043466106,difference of equal-sample representative means; not paired
M11,M11-M00,4,snv,1197.0587450980393,0.013834875029016702,difference of equal-sample representative means; not paired
M11,M11-M00,4,snv,1202.5194901960786,0.013416865396838062,difference of equal-sample representative means; not paired
M11,M11-M00,4,snv,1207.9802352941178,0.014123197630250495,difference of equal-sample representative means; not paired
M11,M11-M00,4,snv,1213.440980392157,0.015005427361326262,difference of equal-sample representative means; not paired
M11,M11-M00,4,snv,1218.9017254901962,0.013929401120064133,difference of equal-sample representative means; not paired
M11,M11-M00,4,snv,1224.3624705882353,0.011380398207870623,difference of equal-sample representative means; not paired
M11,M11-M00,4,snv,1229.8232156862746,0.012105508127013165,difference of equal-sample representative means; not paired
M11,M11-M00,4,snv,1235.2839607843139,0.008934452478220223,difference of equal-sample representative means; not paired
M11,M11-M00,4,snv,1240.7447058823532,0.006476338190582576,difference of equal-sample representative means; not paired
M11,M11-M00,4,snv,1246.2054509803922,0.007573949620449882,difference of equal-sample representative means; not paired
M11,M11-M00,4,snv,1251.6661960784315,0.008738791739113072,difference of equal-sample representative means; not paired
M11,M11-M00,4,snv,1257.1269411764706,0.009503310427676936,difference of equal-sample representative means; not paired
M11,M11-M00,4,snv,1262.58768627451,0.010572570644940882,difference of equal-sample representative means; not paired
M11,M11-M00,4,snv,1268.0484313725492,0.010990197846253213,difference of equal-sample representative means; not paired
M11,M11-M00,4,snv,1273.5091764705883,0.00952742691547015,difference of equal-sample representative means; not paired
M11,M11-M00,4,snv,1278.9699215686276,0.008485196758959423,difference of equal-sample representative means; not paired
M11,M11-M00,4,snv,1284.4306666666666,0.008630910687888793,difference of equal-sample representative means; not paired
M11,M11-M00,4,snv,1289.891411764706,0.008891684821627166,difference of equal-sample representative means; not paired
M11,M11-M00,4,snv,1295.3521568627452,0.00790228868864462,difference of equal-sample representative means; not paired
M11,M11-M00,4,snv,1300.8129019607845,0.006414520528541745,difference of equal-sample representative means; not paired
M11,M11-M00,4,snv,1306.2736470588236,0.006220895437941021,difference of equal-sample representative means; not paired
M11,M11-M00,4,snv,1311.734392156863,0.005739282504316989,difference of equal-sample representative means; not paired
M11,M11-M00,4,snv,1317.195137254902,0.003962826601297431,difference of equal-sample representative means; not paired
M11,M11-M00,4,snv,1322.6558823529413,0.0027441863396215904,difference of equal-sample representative means; not paired
M11,M11-M00,4,snv,1328.1166274509806,0.00280040850421992,difference of equal-sample representative means; not paired
M11,M11-M00,4,snv,1333.5773725490199,0.002549461960609456,difference of equal-sample representative means; not paired
M11,M11-M00,4,snv,1339.038117647059,1.8328873307993376e-07,difference of equal-sample representative means; not paired
M11,M11-M00,4,snv,1344.4988627450982,-0.0037558912038153647,difference of equal-sample representative means; not paired
M11,M11-M00,4,snv,1349.9596078431373,-0.004037482917877089,difference of equal-sample representative means; not paired
M11,M11-M00,4,snv,1355.4203529411766,-0.010817344974349163,difference of equal-sample representative means; not paired
M11,M11-M00,4,snv,1360.8810980392159,-0.009151638764240522,difference of equal-sample representative means; not paired
M11,M11-M00,4,snv,1366.341843137255,-0.011748998166877467,difference of equal-sample representative means; not paired
M11,M11-M00,4,snv,1371.8025882352943,-0.013420215052892148,difference of equal-sample representative means; not paired
M11,M11-M00,4,snv,1377.2633333333333,-0.015027586821365846,difference of equal-sample representative means; not paired
M11,M11-M00,4,snv,1382.7240784313726,-0.018333949818200468,difference of equal-sample representative means; not paired
M11,M11-M00,4,snv,1388.184823529412,-0.021486007003262197,difference of equal-sample representative means; not paired
M11,M11-M00,4,snv,1393.6455686274512,-0.022885552726380043,difference of equal-sample representative means; not paired
M11,M11-M00,4,snv,1399.1063137254903,-0.024241189207512615,difference of equal-sample representative means; not paired
M11,M11-M00,4,snv,1404.5670588235296,-0.03632307820699621,difference of equal-sample representative means; not paired
M11,M11-M00,4,snv,1410.0278039215686,-0.036599604158069954,difference of equal-sample representative means; not paired
M11,M11-M00,4,snv,1415.488549019608,-0.03376139934259079,difference of equal-sample representative means; not paired
M11,M11-M00,4,snv,1420.9492941176472,-0.035181709741844314,difference of equal-sample representative means; not paired
M11,M11-M00,4,snv,1426.4100392156865,-0.03866788087102728,difference of equal-sample representative means; not paired
M11,M11-M00,4,snv,1431.8707843137256,-0.0417511740329041,difference of equal-sample representative means; not paired
M11,M11-M00,4,snv,1437.3315294117647,-0.04280644174631382,difference of equal-sample representative means; not paired
M11,M11-M00,4,snv,1442.792274509804,-0.044247950580702966,difference of equal-sample representative means; not paired
M11,M11-M00,4,snv,1448.2530196078433,-0.04817519477483051,difference of equal-sample representative means; not paired
M11,M11-M00,4,snv,1453.7137647058826,-0.04923229752030478,difference of equal-sample representative means; not paired
M11,M11-M00,4,snv,1459.1745098039219,-0.04907868605590143,difference of equal-sample representative means; not paired
M11,M11-M00,4,snv,1464.635254901961,-0.051173713841592194,difference of equal-sample representative means; not paired
M11,M11-M00,4,snv,1470.096,-0.0536891285340057,difference of equal-sample representative means; not paired
M11,M11-M00,4,snv,1475.5567450980393,-0.04916183546824393,difference of equal-sample representative means; not paired
M11,M11-M00,4,snv,1481.0174901960786,-0.050874614523622075,difference of equal-sample representative means; not paired
M11,M11-M00,4,snv,1486.478235294118,-0.049635061698340255,difference of equal-sample representative means; not paired
M11,M11-M00,4,snv,1491.938980392157,-0.04755730089661042,difference of equal-sample representative means; not paired
M11,M11-M00,4,snv,1497.3997254901963,-0.04560371387250117,difference of equal-sample representative means; not paired
M11,M11-M00,4,snv,1502.8604705882353,-0.04462265805027188,difference of equal-sample representative means; not paired
M11,M11-M00,4,snv,1508.3212156862746,-0.04540497845006064,difference of equal-sample representative means; not paired
M11,M11-M00,4,snv,1513.781960784314,-0.04722858004738639,difference of equal-sample representative means; not paired
M11,M11-M00,4,snv,1519.2427058823532,-0.0420051835664208,difference of equal-sample representative means; not paired
M11,M11-M00,4,snv,1524.7034509803923,-0.04427769111641361,difference of equal-sample representative means; not paired
M11,M11-M00,4,snv,1530.1641960784316,-0.04390878716752816,difference of equal-sample representative means; not paired
M11,M11-M00,4,snv,1535.6249411764707,-0.04399541372404592,difference of equal-sample representative means; not paired
M11,M11-M00,4,snv,1541.08568627451,-0.04303081140455656,difference of equal-sample representative means; not paired
M11,M11-M00,4,snv,1546.5464313725493,-0.0406772285133854,difference of equal-sample representative means; not paired
M11,M11-M00,4,snv,1552.0071764705885,-0.042845732076094295,difference of equal-sample representative means; not paired
M11,M11-M00,4,snv,1557.4679215686276,-0.04308300164582132,difference of equal-sample representative means; not paired
M11,M11-M00,4,snv,1562.9286666666667,-0.04371038513293782,difference of equal-sample representative means; not paired
M11,M11-M00,4,snv,1568.389411764706,-0.04257743787950874,difference of equal-sample representative means; not paired
M11,M11-M00,4,snv,1573.8501568627453,-0.040807184166476995,difference of equal-sample representative means; not paired
M11,M11-M00,4,snv,1579.3109019607846,-0.040213764988653145,difference of equal-sample representative means; not paired
M11,M11-M00,4,snv,1584.7716470588239,-0.03950477054442339,difference of equal-sample representative means; not paired
M11,M11-M00,4,snv,1590.232392156863,-0.03687700990693703,difference of equal-sample representative means; not paired
M11,M11-M00,4,snv,1595.693137254902,-0.0372742391444557,difference of equal-sample representative means; not paired
M11,M11-M00,4,snv,1601.1538823529413,-0.03129652565273293,difference of equal-sample representative means; not paired
M11,M11-M00,4,snv,1606.6146274509806,-0.030201417474740196,difference of equal-sample representative means; not paired
M11,M11-M00,4,snv,1612.07537254902,-0.027570650791198522,difference of equal-sample representative means; not paired
M11,M11-M00,4,snv,1617.536117647059,-0.026166504518330812,difference of equal-sample representative means; not paired
M11,M11-M00,4,snv,1622.9968627450983,-0.024564014629019415,difference of equal-sample representative means; not paired
M11,M11-M00,4,snv,1628.4576078431373,-0.020594160077916687,difference of equal-sample representative means; not paired
M11,M11-M00,4,snv,1633.9183529411766,-0.017154422423696233,difference of equal-sample representative means; not paired
M11,M11-M00,4,snv,1639.379098039216,-0.01808746502011624,difference of equal-sample representative means; not paired
M11,M11-M00,4,snv,1644.8398431372552,-0.012457662627190558,difference of equal-sample representative means; not paired
M11,M11-M00,4,snv,1650.3005882352943,-0.01230928804695719,difference of equal-sample representative means; not paired
M11,M11-M00,4,snv,1655.7613333333334,-0.012683916562602066,difference of equal-sample representative means; not paired
M11,M11-M00,4,snv,1661.2220784313727,-0.014824154654562438,difference of equal-sample representative means; not paired
M11,M11-M00,4,snv,1666.682823529412,-0.015036452306666087,difference of equal-sample representative means; not paired
M11,M11-M00,4,snv,1672.1435686274513,-0.009075999445720642,difference of equal-sample representative means; not paired
M11,M11-M00,4,snv,1677.6043137254906,-0.010055804916115116,difference of equal-sample representative means; not paired
M11,M11-M00,4,snv,1683.0650588235296,-0.011657833367003573,difference of equal-sample representative means; not paired
M11,M11-M00,4,snv,1688.5258039215687,-0.010198887359117809,difference of equal-sample representative means; not paired
M11,M11-M00,4,snv,1693.986549019608,-0.01343022523263196,difference of equal-sample representative means; not paired
M11,M11-M00,4,snv,1699.4472941176473,-0.013100790280003119,difference of equal-sample representative means; not paired
M11,M11-M00,4,snv,1704.9080392156866,-0.010347851460728898,difference of equal-sample representative means; not paired
M11,M11-M00,4,snv,1710.3687843137257,-0.009442677456554853,difference of equal-sample representative means; not paired
M11,M11-M00,4,snv,1715.829529411765,-0.00833207465728545,difference of equal-sample representative means; not paired
M11,M11-M00,4,snv,1721.290274509804,-0.008791231801679768,difference of equal-sample representative means; not paired
M11,M11-M00,4,snv,1726.7510196078433,-0.00935214215958062,difference of equal-sample representative means; not paired
M11,M11-M00,4,snv,1732.2117647058826,-0.01361560516837389,difference of equal-sample representative means; not paired
M11,M11-M00,4,snv,1737.672509803922,-0.015217407808260967,difference of equal-sample representative means; not paired
M11,M11-M00,4,snv,1743.133254901961,-0.012844274931986071,difference of equal-sample representative means; not paired
M11,M11-M00,4,snv,1748.594,-0.008989206769672551,difference of equal-sample representative means; not paired
M11,M11-M00,4,snv,1754.0547450980393,-0.00808287604481231,difference of equal-sample representative means; not paired
M11,M11-M00,4,snv,1759.5154901960786,-0.013691881852827529,difference of equal-sample representative means; not paired
M11,M11-M00,4,snv,1764.976235294118,-0.009342351835083433,difference of equal-sample representative means; not paired
M11,M11-M00,4,snv,1770.4369803921572,-0.0072239346455353765,difference of equal-sample representative means; not paired
M11,M11-M00,4,snv,1775.8977254901963,-0.008020050011655726,difference of equal-sample representative means; not paired
M11,M11-M00,4,snv,1781.3584705882354,-0.009458149966004702,difference of equal-sample representative means; not paired
M11,M11-M00,4,snv,1786.8192156862747,-0.008820145873405036,difference of equal-sample representative means; not paired
M11,M11-M00,4,snv,1792.279960784314,-0.005591876510895528,difference of equal-sample representative means; not paired
M11,M11-M00,4,snv,1797.7407058823533,-0.002072177737257974,difference of equal-sample representative means; not paired
M11,M11-M00,4,snv,1803.2014509803923,0.00014431852841913055,difference of equal-sample representative means; not paired
M11,M11-M00,4,snv,1808.6621960784316,-0.004086400083702705,difference of equal-sample representative means; not paired
M11,M11-M00,4,snv,1814.1229411764707,-0.0026268224797922,difference of equal-sample representative means; not paired
M11,M11-M00,4,snv,1819.58368627451,0.000128927745507601,difference of equal-sample representative means; not paired
M11,M11-M00,4,snv,1825.0444313725493,0.0007216237295562672,difference of equal-sample representative means; not paired
M11,M11-M00,4,snv,1830.5051764705886,-0.0010736266259696037,difference of equal-sample representative means; not paired
M11,M11-M00,4,snv,1835.9659215686277,-0.0020896127858582303,difference of equal-sample representative means; not paired
M11,M11-M00,4,snv,1841.4266666666667,0.0030119077581812204,difference of equal-sample representative means; not paired
M11,M11-M00,4,snv,1846.887411764706,0.02232349447660195,difference of equal-sample representative means; not paired
M11,M11-M00,4,snv,1852.3481568627453,0.01193163659722088,difference of equal-sample representative means; not paired
M11,M11-M00,4,snv,1857.8089019607846,0.006684555612557819,difference of equal-sample representative means; not paired
M11,M11-M00,4,snv,1863.269647058824,0.0056160758082755835,difference of equal-sample representative means; not paired
M11,M11-M00,4,snv,1868.730392156863,0.007487727835356284,difference of equal-sample representative means; not paired
M11,M11-M00,4,snv,1874.191137254902,0.008155104083856501,difference of equal-sample representative means; not paired
M11,M11-M00,4,snv,1879.6518823529414,0.0032391016424194313,difference of equal-sample representative means; not paired
M11,M11-M00,4,snv,1885.1126274509807,0.0050851608036450585,difference of equal-sample representative means; not paired
M11,M11-M00,4,snv,1890.57337254902,0.0015011611717686835,difference of equal-sample representative means; not paired
M11,M11-M00,4,snv,1896.034117647059,-0.008754740558915786,difference of equal-sample representative means; not paired
M11,M11-M00,4,snv,1901.4948627450983,-0.020409045124359815,difference of equal-sample representative means; not paired
M11,M11-M00,4,snv,1906.9556078431374,-0.028929952229944766,difference of equal-sample representative means; not paired
M11,M11-M00,4,snv,1912.4163529411767,-0.03477556720193653,difference of equal-sample representative means; not paired
M11,M11-M00,4,snv,1917.877098039216,-0.03880084894861491,difference of equal-sample representative means; not paired
M11,M11-M00,4,snv,1923.3378431372553,-0.038202492225518636,difference of equal-sample representative means; not paired
M11,M11-M00,4,snv,1928.7985882352943,-0.039131772932816444,difference of equal-sample representative means; not paired
M11,M11-M00,4,snv,1934.2593333333336,-0.04259523902284279,difference of equal-sample representative means; not paired
M11,M11-M00,4,snv,1939.7200784313727,-0.03603903515592122,difference of equal-sample representative means; not paired
M11,M11-M00,4,snv,1945.180823529412,-0.034304609567319844,difference of equal-sample representative means; not paired
M11,M11-M00,4,snv,1950.6415686274513,-0.03477826489933866,difference of equal-sample representative means; not paired
M11,M11-M00,4,snv,1956.1023137254906,-0.03399017569962437,difference of equal-sample representative means; not paired
M11,M11-M00,4,snv,1961.5630588235294,-0.0323475522815162,difference of equal-sample representative means; not paired
M11,M11-M00,4,snv,1967.0238039215687,-0.02479847938822055,difference of equal-sample representative means; not paired
M11,M11-M00,4,snv,1972.484549019608,-0.02127152074557115,difference of equal-sample representative means; not paired
M11,M11-M00,4,snv,1977.9452941176473,-0.01200919378154719,difference of equal-sample representative means; not paired
M11,M11-M00,4,snv,1983.4060392156866,-0.0063193381284649686,difference of equal-sample representative means; not paired
M11,M11-M00,4,snv,1988.866784313726,-0.0054443229980751795,difference of equal-sample representative means; not paired
M11,M11-M00,4,snv,1994.3275294117648,-0.00365732277240971,difference of equal-sample representative means; not paired
M11,M11-M00,4,snv,1999.788274509804,-0.0005574250695807859,difference of equal-sample representative means; not paired
M11,M11-M00,4,snv,2005.2490196078434,-0.0018059328584540957,difference of equal-sample representative means; not paired
M11,M11-M00,4,snv,2010.7097647058827,0.007556618653483227,difference of equal-sample representative means; not paired
M11,M11-M00,4,snv,2016.170509803922,-0.0016572766995831545,difference of equal-sample representative means; not paired
M11,M11-M00,4,snv,2021.6312549019613,0.001371581400474886,difference of equal-sample representative means; not paired
M11,M11-M00,4,snv,2027.092,0.0014612328170844346,difference of equal-sample representative means; not paired
M11,M11-M00,4,snv,2032.5527450980394,0.00592113947349826,difference of equal-sample representative means; not paired
M11,M11-M00,4,snv,2038.0134901960787,0.009031446803110521,difference of equal-sample representative means; not paired
M11,M11-M00,4,snv,2043.474235294118,0.004411920354867815,difference of equal-sample representative means; not paired
M11,M11-M00,4,snv,2048.9349803921573,0.006979181725748185,difference of equal-sample representative means; not paired
M11,M11-M00,4,snv,2054.3957254901966,0.0049678479740498105,difference of equal-sample representative means; not paired
M11,M11-M00,4,snv,2059.8564705882354,-0.0008669956376600174,difference of equal-sample representative means; not paired
M11,M11-M00,4,snv,2065.3172156862747,-0.007541458520290423,difference of equal-sample representative means; not paired
M11,M11-M00,4,snv,2070.777960784314,-0.008383799040541318,difference of equal-sample representative means; not paired
M11,M11-M00,4,snv,2076.2387058823533,-0.018712448384696545,difference of equal-sample representative means; not paired
M11,M11-M00,4,snv,2081.6994509803926,-0.026010112739683677,difference of equal-sample representative means; not paired
M11,M11-M00,4,snv,2087.1601960784315,-0.010307077143286492,difference of equal-sample representative means; not paired
M11,M11-M00,4,snv,2092.6209411764708,-0.02250535128621145,difference of equal-sample representative means; not paired
M11,M11-M00,4,snv,2098.08168627451,-0.048652326491822606,difference of equal-sample representative means; not paired
M11,M11-M00,4,snv,2103.5424313725493,-0.01333808383435997,difference of equal-sample representative means; not paired
M11,M11-M00,4,snv,2109.0031764705886,-0.012926344184351901,difference of equal-sample representative means; not paired
M11,M11-M00,4,snv,2114.463921568628,-0.016256423659886332,difference of equal-sample representative means; not paired
M11,M11-M00,4,snv,2119.924666666667,-0.017712867425603296,difference of equal-sample representative means; not paired
M11,M11-M00,4,snv,2125.385411764706,-0.020393951068506944,difference of equal-sample representative means; not paired
M11,M11-M00,4,snv,2130.8461568627454,-0.014854982629965097,difference of equal-sample representative means; not paired
M11,M11-M00,4,snv,2136.3069019607847,-0.022339522798696665,difference of equal-sample representative means; not paired
M11,M11-M00,4,snv,2141.767647058824,0.012778800426869408,difference of equal-sample representative means; not paired
M11,M11-M00,4,snv,2147.2283921568633,-0.009967550881782694,difference of equal-sample representative means; not paired
M11,M11-M00,4,snv,2152.689137254902,-0.006972616373542628,difference of equal-sample representative means; not paired
M11,M11-M00,4,snv,2158.1498823529414,-0.0017719765359980322,difference of equal-sample representative means; not paired
M11,M11-M00,4,snv,2163.6106274509807,-0.013560879289497452,difference of equal-sample representative means; not paired
M11,M11-M00,4,snv,2169.07137254902,-0.02153208447990751,difference of equal-sample representative means; not paired
M11,M11-M00,4,snv,2174.5321176470593,0.00599987703236482,difference of equal-sample representative means; not paired
M11,M11-M00,4,snv,2179.992862745098,0.00026711254253142247,difference of equal-sample representative means; not paired
M11,M11-M00,4,snv,2185.4536078431374,0.01323329492291736,difference of equal-sample representative means; not paired
M11,M11-M00,4,snv,2190.9143529411767,0.017895865425126334,difference of equal-sample representative means; not paired
M11,M11-M00,4,snv,2196.375098039216,0.022609416611265365,difference of equal-sample representative means; not paired
M11,M11-M00,4,snv,2201.8358431372553,0.022847443498937303,difference of equal-sample representative means; not paired
M11,M11-M00,4,snv,2207.2965882352946,0.021583511036241565,difference of equal-sample representative means; not paired
M11,M11-M00,4,snv,2212.7573333333335,0.029985587507428524,difference of equal-sample representative means; not paired
M11,M11-M00,4,snv,2218.2180784313728,0.04646143120150159,difference of equal-sample representative means; not paired
M11,M11-M00,4,snv,2223.678823529412,0.012085626516422865,difference of equal-sample representative means; not paired
M11,M11-M00,4,snv,2229.1395686274514,0.008069129634875494,difference of equal-sample representative means; not paired
M11,M11-M00,4,snv,2234.6003137254907,-0.006489978107257155,difference of equal-sample representative means; not paired
M11,M11-M00,4,snv,2240.06105882353,-0.004743978847677965,difference of equal-sample representative means; not paired
M11,M11-M00,4,snv,2245.521803921569,-0.005314686276166269,difference of equal-sample representative means; not paired
M11,M11-M00,4,snv,2250.982549019608,-0.0190645246993717,difference of equal-sample representative means; not paired
M11,M11-M00,4,snv,2256.4432941176474,-0.025756970841925186,difference of equal-sample representative means; not paired
M11,M11-M00,4,snv,2261.9040392156867,-0.02313754648852062,difference of equal-sample representative means; not paired
M11,M11-M00,4,snv,2267.364784313726,-0.028665218651279245,difference of equal-sample representative means; not paired
M11,M11-M00,4,snv,2272.825529411765,-0.010349530971313081,difference of equal-sample representative means; not paired
M11,M11-M00,4,snv,2278.286274509804,-0.028659309783175768,difference of equal-sample representative means; not paired
M11,M11-M00,4,snv,2283.7470196078434,-0.03182612542381014,difference of equal-sample representative means; not paired
M11,M11-M00,4,snv,2289.2077647058827,-0.028180133814216468,difference of equal-sample representative means; not paired
M11,M11-M00,4,snv,2294.668509803922,-0.04427595065087542,difference of equal-sample representative means; not paired
M11,M11-M00,4,snv,2300.1292549019613,-0.06465015486111159,difference of equal-sample representative means; not paired
M11,M11-M00,4,snv,2305.59,-0.06924956515463809,difference of equal-sample representative means; not paired
M11,M11-M00,4,second_derivative,913.1,-8.402561718347656e-06,difference of equal-sample representative means; not paired
M11,M11-M00,4,second_derivative,918.5607450980392,-8.402561718347656e-06,difference of equal-sample representative means; not paired
M11,M11-M00,4,second_derivative,924.0214901960785,-8.402561718347656e-06,difference of equal-sample representative means; not paired
M11,M11-M00,4,second_derivative,929.4822352941177,-8.402561718347826e-06,difference of equal-sample representative means; not paired
M11,M11-M00,4,second_derivative,934.9429803921569,-4.058512057419003e-06,difference of equal-sample representative means; not paired
M11,M11-M00,4,second_derivative,940.4037254901962,-4.140338658065849e-06,difference of equal-sample representative means; not paired
M11,M11-M00,4,second_derivative,945.8644705882353,-4.6163724607305126e-06,difference of equal-sample representative means; not paired
M11,M11-M00,4,second_derivative,951.3252156862745,-3.960047890528766e-06,difference of equal-sample representative means; not paired
M11,M11-M00,4,second_derivative,956.7859607843137,-2.6871677586371327e-06,difference of equal-sample representative means; not paired
M11,M11-M00,4,second_derivative,962.246705882353,-2.6773696833385407e-07,difference of equal-sample representative means; not paired
M11,M11-M00,4,second_derivative,967.7074509803922,2.094872919853723e-06,difference of equal-sample representative means; not paired
M11,M11-M00,4,second_derivative,973.1681960784314,2.9593863519053145e-06,difference of equal-sample representative means; not paired
M11,M11-M00,4,second_derivative,978.6289411764706,7.416465628613321e-07,difference of equal-sample representative means; not paired
M11,M11-M00,4,second_derivative,984.0896862745099,-3.582520049851584e-07,difference of equal-sample representative means; not paired
M11,M11-M00,4,second_derivative,989.550431372549,-1.0103217983990952e-06,difference of equal-sample representative means; not paired
M11,M11-M00,4,second_derivative,995.0111764705882,-1.4520726611802104e-06,difference of equal-sample representative means; not paired
M11,M11-M00,4,second_derivative,1000.4719215686275,-5.805664701597738e-07,difference of equal-sample representative means; not paired
M11,M11-M00,4,second_derivative,1005.9326666666667,1.086189290163853e-06,difference of equal-sample representative means; not paired
M11,M11-M00,4,second_derivative,1011.3934117647059,5.926720838446743e-07,difference of equal-sample representative means; not paired
M11,M11-M00,4,second_derivative,1016.8541568627452,-1.0086694476933261e-07,difference of equal-sample representative means; not paired
M11,M11-M00,4,second_derivative,1022.3149019607844,-2.2066921794590784e-07,difference of equal-sample representative means; not paired
M11,M11-M00,4,second_derivative,1027.7756470588236,2.56870459199149e-07,difference of equal-sample representative means; not paired
M11,M11-M00,4,second_derivative,1033.2363921568628,4.197194731852768e-07,difference of equal-sample representative means; not paired
M11,M11-M00,4,second_derivative,1038.697137254902,-1.6062388792822162e-07,difference of equal-sample representative means; not paired
M11,M11-M00,4,second_derivative,1044.1578823529412,-9.670639306370628e-07,difference of equal-sample representative means; not paired
M11,M11-M00,4,second_derivative,1049.6186274509805,-8.198907374906774e-07,difference of equal-sample representative means; not paired
M11,M11-M00,4,second_derivative,1055.0793725490196,2.4227258122315904e-08,difference of equal-sample representative means; not paired
M11,M11-M00,4,second_derivative,1060.5401176470589,1.0348559722845078e-06,difference of equal-sample representative means; not paired
M11,M11-M00,4,second_derivative,1066.0008627450982,6.978408598793996e-07,difference of equal-sample representative means; not paired
M11,M11-M00,4,second_derivative,1071.4616078431372,-6.54184214298455e-07,difference of equal-sample representative means; not paired
M11,M11-M00,4,second_derivative,1076.9223529411765,-1.1003226920269175e-06,difference of equal-sample representative means; not paired
M11,M11-M00,4,second_derivative,1082.3830980392158,1.5895749985685829e-07,difference of equal-sample representative means; not paired
M11,M11-M00,4,second_derivative,1087.843843137255,1.2246610564841093e-06,difference of equal-sample representative means; not paired
M11,M11-M00,4,second_derivative,1093.3045882352942,1.1646279300400318e-06,difference of equal-sample representative means; not paired
M11,M11-M00,4,second_derivative,1098.7653333333333,7.281076233471074e-07,difference of equal-sample representative means; not paired
M11,M11-M00,4,second_derivative,1104.2260784313726,1.2092881593675915e-07,difference of equal-sample representative means; not paired
M11,M11-M00,4,second_derivative,1109.6868235294119,-1.8379341245942143e-07,difference of equal-sample representative means; not paired
M11,M11-M00,4,second_derivative,1115.1475686274512,-1.9536689972005864e-08,difference of equal-sample representative means; not paired
M11,M11-M00,4,second_derivative,1120.6083137254902,7.046598854970672e-07,difference of equal-sample representative means; not paired
M11,M11-M00,4,second_derivative,1126.0690588235295,1.0574048789831964e-06,difference of equal-sample representative means; not paired
M11,M11-M00,4,second_derivative,1131.5298039215686,-3.525190633324916e-07,difference of equal-sample representative means; not paired
M11,M11-M00,4,second_derivative,1136.990549019608,-2.491012483002818e-07,difference of equal-sample representative means; not paired
M11,M11-M00,4,second_derivative,1142.4512941176472,-1.5066914756943256e-06,difference of equal-sample representative means; not paired
M11,M11-M00,4,second_derivative,1147.9120392156863,4.1922279859859146e-08,difference of equal-sample representative means; not paired
M11,M11-M00,4,second_derivative,1153.3727843137256,8.231077917608556e-07,difference of equal-sample representative means; not paired
M11,M11-M00,4,second_derivative,1158.8335294117649,2.1435415805616163e-08,difference of equal-sample representative means; not paired
M11,M11-M00,4,second_derivative,1164.294274509804,-1.0755320920568402e-06,difference of equal-sample representative means; not paired
M11,M11-M00,4,second_derivative,1169.7550196078432,1.0735839026519422e-07,difference of equal-sample representative means; not paired
M11,M11-M00,4,second_derivative,1175.2157647058825,1.949425127642343e-07,difference of equal-sample representative means; not paired
M11,M11-M00,4,second_derivative,1180.6765098039216,9.970883282778761e-07,difference of equal-sample representative means; not paired
M11,M11-M00,4,second_derivative,1186.137254901961,-4.244879399591296e-07,difference of equal-sample representative means; not paired
M11,M11-M00,4,second_derivative,1191.598,-1.8067452318894526e-06,difference of equal-sample representative means; not paired
M11,M11-M00,4,second_derivative,1197.0587450980393,-1.5541681644212638e-06,difference of equal-sample representative means; not paired
M11,M11-M00,4,second_derivative,1202.5194901960786,-6.440457773430598e-07,difference of equal-sample representative means; not paired
M11,M11-M00,4,second_derivative,1207.9802352941178,4.346001295487638e-07,difference of equal-sample representative means; not paired
M11,M11-M00,4,second_derivative,1213.440980392157,-1.5119632589599615e-07,difference of equal-sample representative means; not paired
M11,M11-M00,4,second_derivative,1218.9017254901962,1.4987833866066878e-07,difference of equal-sample representative means; not paired
M11,M11-M00,4,second_derivative,1224.3624705882353,3.3261361567499796e-07,difference of equal-sample representative means; not paired
M11,M11-M00,4,second_derivative,1229.8232156862746,-2.4868343305525046e-07,difference of equal-sample representative means; not paired
M11,M11-M00,4,second_derivative,1235.2839607843139,-6.334273778775645e-07,difference of equal-sample representative means; not paired
M11,M11-M00,4,second_derivative,1240.7447058823532,-7.45151919143533e-07,difference of equal-sample representative means; not paired
M11,M11-M00,4,second_derivative,1246.2054509803922,-1.1631818086862773e-06,difference of equal-sample representative means; not paired
M11,M11-M00,4,second_derivative,1251.6661960784315,-6.721127713164783e-07,difference of equal-sample representative means; not paired
M11,M11-M00,4,second_derivative,1257.1269411764706,4.5267716497669726e-07,difference of equal-sample representative means; not paired
M11,M11-M00,4,second_derivative,1262.58768627451,7.293008188239684e-07,difference of equal-sample representative means; not paired
M11,M11-M00,4,second_derivative,1268.0484313725492,6.886590790656425e-07,difference of equal-sample representative means; not paired
M11,M11-M00,4,second_derivative,1273.5091764705883,2.9086998466301886e-07,difference of equal-sample representative means; not paired
M11,M11-M00,4,second_derivative,1278.9699215686276,-1.5337544841463953e-07,difference of equal-sample representative means; not paired
M11,M11-M00,4,second_derivative,1284.4306666666666,-1.0972482997321264e-07,difference of equal-sample representative means; not paired
M11,M11-M00,4,second_derivative,1289.891411764706,3.5205546995482945e-07,difference of equal-sample representative means; not paired
M11,M11-M00,4,second_derivative,1295.3521568627452,3.7270553288581266e-07,difference of equal-sample representative means; not paired
M11,M11-M00,4,second_derivative,1300.8129019607845,3.126089866725115e-07,difference of equal-sample representative means; not paired
M11,M11-M00,4,second_derivative,1306.2736470588236,1.5794600042714834e-07,difference of equal-sample representative means; not paired
M11,M11-M00,4,second_derivative,1311.734392156863,2.072785914358396e-07,difference of equal-sample representative means; not paired
M11,M11-M00,4,second_derivative,1317.195137254902,3.9845627071992174e-07,difference of equal-sample representative means; not paired
M11,M11-M00,4,second_derivative,1322.6558823529413,6.355510564762509e-07,difference of equal-sample representative means; not paired
M11,M11-M00,4,second_derivative,1328.1166274509806,1.0739874087877646e-06,difference of equal-sample representative means; not paired
M11,M11-M00,4,second_derivative,1333.5773725490199,9.947072371341021e-07,difference of equal-sample representative means; not paired
M11,M11-M00,4,second_derivative,1339.038117647059,1.2623765740385086e-06,difference of equal-sample representative means; not paired
M11,M11-M00,4,second_derivative,1344.4988627450982,3.317854801426232e-07,difference of equal-sample representative means; not paired
M11,M11-M00,4,second_derivative,1349.9596078431373,-2.468189749497555e-07,difference of equal-sample representative means; not paired
M11,M11-M00,4,second_derivative,1355.4203529411766,-3.0463341368789874e-07,difference of equal-sample representative means; not paired
M11,M11-M00,4,second_derivative,1360.8810980392159,-2.331326190808046e-07,difference of equal-sample representative means; not paired
M11,M11-M00,4,second_derivative,1366.341843137255,-1.6762255538712843e-07,difference of equal-sample representative means; not paired
M11,M11-M00,4,second_derivative,1371.8025882352943,7.482943745743572e-07,difference of equal-sample representative means; not paired
M11,M11-M00,4,second_derivative,1377.2633333333333,2.2893978083930666e-07,difference of equal-sample representative means; not paired
M11,M11-M00,4,second_derivative,1382.7240784313726,2.1575952892792825e-07,difference of equal-sample representative means; not paired
M11,M11-M00,4,second_derivative,1388.184823529412,1.8528462481010082e-06,difference of equal-sample representative means; not paired
M11,M11-M00,4,second_derivative,1393.6455686274512,1.7618284871738428e-06,difference of equal-sample representative means; not paired
M11,M11-M00,4,second_derivative,1399.1063137254903,3.753827477299493e-07,difference of equal-sample representative means; not paired
M11,M11-M00,4,second_derivative,1404.5670588235296,-8.129535013263756e-07,difference of equal-sample representative means; not paired
M11,M11-M00,4,second_derivative,1410.0278039215686,-1.7531447271731898e-06,difference of equal-sample representative means; not paired
M11,M11-M00,4,second_derivative,1415.488549019608,-1.4631160866717892e-06,difference of equal-sample representative means; not paired
M11,M11-M00,4,second_derivative,1420.9492941176472,2.8687285893464344e-07,difference of equal-sample representative means; not paired
M11,M11-M00,4,second_derivative,1426.4100392156865,-4.898166922684611e-07,difference of equal-sample representative means; not paired
M11,M11-M00,4,second_derivative,1431.8707843137256,-8.69227547888309e-07,difference of equal-sample representative means; not paired
M11,M11-M00,4,second_derivative,1437.3315294117647,-8.571462911873299e-07,difference of equal-sample representative means; not paired
M11,M11-M00,4,second_derivative,1442.792274509804,-9.247045052920827e-07,difference of equal-sample representative means; not paired
M11,M11-M00,4,second_derivative,1448.2530196078433,-4.1653694995335617e-07,difference of equal-sample representative means; not paired
M11,M11-M00,4,second_derivative,1453.7137647058826,-2.4799587255806962e-08,difference of equal-sample representative means; not paired
M11,M11-M00,4,second_derivative,1459.1745098039219,-1.2060556293344705e-06,difference of equal-sample representative means; not paired
M11,M11-M00,4,second_derivative,1464.635254901961,-8.032857037158452e-07,difference of equal-sample representative means; not paired
M11,M11-M00,4,second_derivative,1470.096,-1.1746594568918641e-06,difference of equal-sample representative means; not paired
M11,M11-M00,4,second_derivative,1475.5567450980393,-1.4738463432711965e-06,difference of equal-sample representative means; not paired
M11,M11-M00,4,second_derivative,1481.0174901960786,-9.14448579482538e-07,difference of equal-sample representative means; not paired
M11,M11-M00,4,second_derivative,1486.478235294118,-2.5057375953673426e-07,difference of equal-sample representative means; not paired
M11,M11-M00,4,second_derivative,1491.938980392157,9.819320337983687e-08,difference of equal-sample representative means; not paired
M11,M11-M00,4,second_derivative,1497.3997254901963,1.5633422461175106e-06,difference of equal-sample representative means; not paired
M11,M11-M00,4,second_derivative,1502.8604705882353,2.701990726524267e-07,difference of equal-sample representative means; not paired
M11,M11-M00,4,second_derivative,1508.3212156862746,-2.0187898735591206e-07,difference of equal-sample representative means; not paired
M11,M11-M00,4,second_derivative,1513.781960784314,-5.441107876673119e-07,difference of equal-sample representative means; not paired
M11,M11-M00,4,second_derivative,1519.2427058823532,-3.081784127734045e-07,difference of equal-sample representative means; not paired
M11,M11-M00,4,second_derivative,1524.7034509803923,2.436125874936886e-07,difference of equal-sample representative means; not paired
M11,M11-M00,4,second_derivative,1530.1641960784316,2.6995937125278604e-07,difference of equal-sample representative means; not paired
M11,M11-M00,4,second_derivative,1535.6249411764707,-6.931584015729167e-08,difference of equal-sample representative means; not paired
M11,M11-M00,4,second_derivative,1541.08568627451,4.90661741093037e-07,difference of equal-sample representative means; not paired
M11,M11-M00,4,second_derivative,1546.5464313725493,9.286455517829821e-07,difference of equal-sample representative means; not paired
M11,M11-M00,4,second_derivative,1552.0071764705885,5.448712712722264e-07,difference of equal-sample representative means; not paired
M11,M11-M00,4,second_derivative,1557.4679215686276,-5.776943670736059e-07,difference of equal-sample representative means; not paired
M11,M11-M00,4,second_derivative,1562.9286666666667,-1.3049889564001315e-06,difference of equal-sample representative means; not paired
M11,M11-M00,4,second_derivative,1568.389411764706,-8.592657615356998e-07,difference of equal-sample representative means; not paired
M11,M11-M00,4,second_derivative,1573.8501568627453,-1.0087448496650896e-06,difference of equal-sample representative means; not paired
M11,M11-M00,4,second_derivative,1579.3109019607846,2.2834659356898669e-07,difference of equal-sample representative means; not paired
M11,M11-M00,4,second_derivative,1584.7716470588239,-5.68748795696069e-07,difference of equal-sample representative means; not paired
M11,M11-M00,4,second_derivative,1590.232392156863,-1.0930086917358089e-06,difference of equal-sample representative means; not paired
M11,M11-M00,4,second_derivative,1595.693137254902,-8.88632506963701e-07,difference of equal-sample representative means; not paired
M11,M11-M00,4,second_derivative,1601.1538823529413,-1.2612932333862695e-07,difference of equal-sample representative means; not paired
M11,M11-M00,4,second_derivative,1606.6146274509806,3.895795459777965e-07,difference of equal-sample representative means; not paired
M11,M11-M00,4,second_derivative,1612.07537254902,5.061311817189167e-07,difference of equal-sample representative means; not paired
M11,M11-M00,4,second_derivative,1617.536117647059,-5.393690870036893e-07,difference of equal-sample representative means; not paired
M11,M11-M00,4,second_derivative,1622.9968627450983,2.2995101234605625e-08,difference of equal-sample representative means; not paired
M11,M11-M00,4,second_derivative,1628.4576078431373,-2.5486741518557555e-07,difference of equal-sample representative means; not paired
M11,M11-M00,4,second_derivative,1633.9183529411766,5.16022454663454e-07,difference of equal-sample representative means; not paired
M11,M11-M00,4,second_derivative,1639.379098039216,1.077409289867599e-06,difference of equal-sample representative means; not paired
M11,M11-M00,4,second_derivative,1644.8398431372552,1.3086793132247192e-06,difference of equal-sample representative means; not paired
M11,M11-M00,4,second_derivative,1650.3005882352943,1.283295749050471e-06,difference of equal-sample representative means; not paired
M11,M11-M00,4,second_derivative,1655.7613333333334,-1.3680718687408011e-07,difference of equal-sample representative means; not paired
M11,M11-M00,4,second_derivative,1661.2220784313727,-1.0825361781197916e-06,difference of equal-sample representative means; not paired
M11,M11-M00,4,second_derivative,1666.682823529412,-4.241810547950423e-09,difference of equal-sample representative means; not paired
M11,M11-M00,4,second_derivative,1672.1435686274513,4.860040381478425e-07,difference of equal-sample representative means; not paired
M11,M11-M00,4,second_derivative,1677.6043137254906,1.6405261008114745e-06,difference of equal-sample representative means; not paired
M11,M11-M00,4,second_derivative,1683.0650588235296,1.469042291643231e-06,difference of equal-sample representative means; not paired
M11,M11-M00,4,second_derivative,1688.5258039215687,-3.166107034222287e-07,difference of equal-sample representative means; not paired
M11,M11-M00,4,second_derivative,1693.986549019608,-5.531534880620704e-07,difference of equal-sample representative means; not paired
M11,M11-M00,4,second_derivative,1699.4472941176473,-1.1547106091511428e-06,difference of equal-sample representative means; not paired
M11,M11-M00,4,second_derivative,1704.9080392156866,-1.3077843693613823e-06,difference of equal-sample representative means; not paired
M11,M11-M00,4,second_derivative,1710.3687843137257,4.096658228762674e-07,difference of equal-sample representative means; not paired
M11,M11-M00,4,second_derivative,1715.829529411765,2.1090171405226523e-06,difference of equal-sample representative means; not paired
M11,M11-M00,4,second_derivative,1721.290274509804,2.2222714361966235e-06,difference of equal-sample representative means; not paired
M11,M11-M00,4,second_derivative,1726.7510196078433,6.102266527306602e-07,difference of equal-sample representative means; not paired
M11,M11-M00,4,second_derivative,1732.2117647058826,-1.7309862353693133e-06,difference of equal-sample representative means; not paired
M11,M11-M00,4,second_derivative,1737.672509803922,-2.1624210728173064e-06,difference of equal-sample representative means; not paired
M11,M11-M00,4,second_derivative,1743.133254901961,-4.61207293912318e-07,difference of equal-sample representative means; not paired
M11,M11-M00,4,second_derivative,1748.594,6.688290307531342e-07,difference of equal-sample representative means; not paired
M11,M11-M00,4,second_derivative,1754.0547450980393,3.5311073836184977e-07,difference of equal-sample representative means; not paired
M11,M11-M00,4,second_derivative,1759.5154901960786,-5.294134846226109e-07,difference of equal-sample representative means; not paired
M11,M11-M00,4,second_derivative,1764.976235294118,-8.020183406226651e-07,difference of equal-sample representative means; not paired
M11,M11-M00,4,second_derivative,1770.4369803921572,-7.139494735750111e-08,difference of equal-sample representative means; not paired
M11,M11-M00,4,second_derivative,1775.8977254901963,7.451832368303666e-07,difference of equal-sample representative means; not paired
M11,M11-M00,4,second_derivative,1781.3584705882354,-3.9886025675971946e-08,difference of equal-sample representative means; not paired
M11,M11-M00,4,second_derivative,1786.8192156862747,-1.1918272715558303e-06,difference of equal-sample representative means; not paired
M11,M11-M00,4,second_derivative,1792.279960784314,-1.71066440043126e-07,difference of equal-sample representative means; not paired
M11,M11-M00,4,second_derivative,1797.7407058823533,8.665103020427349e-07,difference of equal-sample representative means; not paired
M11,M11-M00,4,second_derivative,1803.2014509803923,6.089974438044761e-07,difference of equal-sample representative means; not paired
M11,M11-M00,4,second_derivative,1808.6621960784316,1.5015965397811312e-07,difference of equal-sample representative means; not paired
M11,M11-M00,4,second_derivative,1814.1229411764707,3.14166363636644e-07,difference of equal-sample representative means; not paired
M11,M11-M00,4,second_derivative,1819.58368627451,2.5142131846133594e-07,difference of equal-sample representative means; not paired
M11,M11-M00,4,second_derivative,1825.0444313725493,-6.075189207622862e-08,difference of equal-sample representative means; not paired
M11,M11-M00,4,second_derivative,1830.5051764705886,-7.939489420212922e-06,difference of equal-sample representative means; not paired
M11,M11-M00,4,second_derivative,1835.9659215686277,-3.4313424833468944e-06,difference of equal-sample representative means; not paired
M11,M11-M00,4,second_derivative,1841.4266666666667,3.0065783969016506e-06,difference of equal-sample representative means; not paired
M11,M11-M00,4,second_derivative,1846.887411764706,7.32332670920797e-06,difference of equal-sample representative means; not paired
M11,M11-M00,4,second_derivative,1852.3481568627453,6.921272010308673e-06,difference of equal-sample representative means; not paired
M11,M11-M00,4,second_derivative,1857.8089019607846,1.4882098923947482e-06,difference of equal-sample representative means; not paired
M11,M11-M00,4,second_derivative,1863.269647058824,-5.764604728619686e-06,difference of equal-sample representative means; not paired
M11,M11-M00,4,second_derivative,1868.730392156863,-7.774738569985712e-07,difference of equal-sample representative means; not paired
M11,M11-M00,4,second_derivative,1874.191137254902,1.0167039046862124e-06,difference of equal-sample representative means; not paired
M11,M11-M00,4,second_derivative,1879.6518823529414,2.089112172670661e-06,difference of equal-sample representative means; not paired
M11,M11-M00,4,second_derivative,1885.1126274509807,2.7849596863124663e-06,difference of equal-sample representative means; not paired
M11,M11-M00,4,second_derivative,1890.57337254902,2.8240728939877603e-06,difference of equal-sample representative means; not paired
M11,M11-M00,4,second_derivative,1896.034117647059,2.374213545067603e-06,difference of equal-sample representative means; not paired
M11,M11-M00,4,second_derivative,1901.4948627450983,-2.6722988113495695e-08,difference of equal-sample representative means; not paired
M11,M11-M00,4,second_derivative,1906.9556078431374,-2.590156951399767e-06,difference of equal-sample representative means; not paired
M11,M11-M00,4,second_derivative,1912.4163529411767,-4.187980048027222e-06,difference of equal-sample representative means; not paired
M11,M11-M00,4,second_derivative,1917.877098039216,-2.232562644925918e-06,difference of equal-sample representative means; not paired
M11,M11-M00,4,second_derivative,1923.3378431372553,-2.321917505918985e-06,difference of equal-sample representative means; not paired
M11,M11-M00,4,second_derivative,1928.7985882352943,-2.1569539481904173e-06,difference of equal-sample representative means; not paired
M11,M11-M00,4,second_derivative,1934.2593333333336,-7.990109010385662e-07,difference of equal-sample representative means; not paired
M11,M11-M00,4,second_derivative,1939.7200784313727,-1.33957079112462e-07,difference of equal-sample representative means; not paired
M11,M11-M00,4,second_derivative,1945.180823529412,-2.1278669960495943e-07,difference of equal-sample representative means; not paired
M11,M11-M00,4,second_derivative,1950.6415686274513,1.9316779626829745e-08,difference of equal-sample representative means; not paired
M11,M11-M00,4,second_derivative,1956.1023137254906,-1.701115437853676e-06,difference of equal-sample representative means; not paired
M11,M11-M00,4,second_derivative,1961.5630588235294,-2.740132063290675e-06,difference of equal-sample representative means; not paired
M11,M11-M00,4,second_derivative,1967.0238039215687,-1.6222896584887788e-06,difference of equal-sample representative means; not paired
M11,M11-M00,4,second_derivative,1972.484549019608,3.562660906127977e-07,difference of equal-sample representative means; not paired
M11,M11-M00,4,second_derivative,1977.9452941176473,1.3381116946526823e-06,difference of equal-sample representative means; not paired
M11,M11-M00,4,second_derivative,1983.4060392156866,1.5530871175097607e-06,difference of equal-sample representative means; not paired
M11,M11-M00,4,second_derivative,1988.866784313726,2.3609294797988643e-06,difference of equal-sample representative means; not paired
M11,M11-M00,4,second_derivative,1994.3275294117648,-7.16057310688826e-07,difference of equal-sample representative means; not paired
M11,M11-M00,4,second_derivative,1999.788274509804,4.7101453076099664e-07,difference of equal-sample representative means; not paired
M11,M11-M00,4,second_derivative,2005.2490196078434,1.6719068968349099e-06,difference of equal-sample representative means; not paired
M11,M11-M00,4,second_derivative,2010.7097647058827,2.6274613957039382e-06,difference of equal-sample representative means; not paired
M11,M11-M00,4,second_derivative,2016.170509803922,1.2624627147313133e-06,difference of equal-sample representative means; not paired
M11,M11-M00,4,second_derivative,2021.6312549019613,-1.1112714473763055e-06,difference of equal-sample representative means; not paired
M11,M11-M00,4,second_derivative,2027.092,-2.584447583615442e-06,difference of equal-sample representative means; not paired
M11,M11-M00,4,second_derivative,2032.5527450980394,-4.566429895568657e-07,difference of equal-sample representative means; not paired
M11,M11-M00,4,second_derivative,2038.0134901960787,7.861736434922096e-07,difference of equal-sample representative means; not paired
M11,M11-M00,4,second_derivative,2043.474235294118,1.915033747759281e-06,difference of equal-sample representative means; not paired
M11,M11-M00,4,second_derivative,2048.9349803921573,2.3270489132537014e-06,difference of equal-sample representative means; not paired
M11,M11-M00,4,second_derivative,2054.3957254901966,1.2240497544480473e-06,difference of equal-sample representative means; not paired
M11,M11-M00,4,second_derivative,2059.8564705882354,2.2948057586386785e-06,difference of equal-sample representative means; not paired
M11,M11-M00,4,second_derivative,2065.3172156862747,2.226517271206993e-06,difference of equal-sample representative means; not paired
M11,M11-M00,4,second_derivative,2070.777960784314,-1.598065360948818e-06,difference of equal-sample representative means; not paired
M11,M11-M00,4,second_derivative,2076.2387058823533,-1.3012822344888078e-06,difference of equal-sample representative means; not paired
M11,M11-M00,4,second_derivative,2081.6994509803926,2.926095670205257e-06,difference of equal-sample representative means; not paired
M11,M11-M00,4,second_derivative,2087.1601960784315,-4.030230278456562e-06,difference of equal-sample representative means; not paired
M11,M11-M00,4,second_derivative,2092.6209411764708,-5.39234651757324e-06,difference of equal-sample representative means; not paired
M11,M11-M00,4,second_derivative,2098.08168627451,-3.3558603896136276e-06,difference of equal-sample representative means; not paired
M11,M11-M00,4,second_derivative,2103.5424313725493,-1.665437089763548e-06,difference of equal-sample representative means; not paired
M11,M11-M00,4,second_derivative,2109.0031764705886,4.702570275478519e-06,difference of equal-sample representative means; not paired
M11,M11-M00,4,second_derivative,2114.463921568628,4.94723112064375e-06,difference of equal-sample representative means; not paired
M11,M11-M00,4,second_derivative,2119.924666666667,-1.7960959334068528e-06,difference of equal-sample representative means; not paired
M11,M11-M00,4,second_derivative,2125.385411764706,-1.0984322354996652e-05,difference of equal-sample representative means; not paired
M11,M11-M00,4,second_derivative,2130.8461568627454,-3.871615665860364e-06,difference of equal-sample representative means; not paired
M11,M11-M00,4,second_derivative,2136.3069019607847,4.818486744767844e-06,difference of equal-sample representative means; not paired
M11,M11-M00,4,second_derivative,2141.767647058824,9.092999138691198e-06,difference of equal-sample representative means; not paired
M11,M11-M00,4,second_derivative,2147.2283921568633,8.951834321581743e-06,difference of equal-sample representative means; not paired
M11,M11-M00,4,second_derivative,2152.689137254902,5.910725569430993e-06,difference of equal-sample representative means; not paired
M11,M11-M00,4,second_derivative,2158.1498823529414,-1.1277468685315827e-05,difference of equal-sample representative means; not paired
M11,M11-M00,4,second_derivative,2163.6106274509807,-5.809460702132234e-06,difference of equal-sample representative means; not paired
M11,M11-M00,4,second_derivative,2169.07137254902,-5.319424499907637e-06,difference of equal-sample representative means; not paired
M11,M11-M00,4,second_derivative,2174.5321176470593,-3.838860927769229e-06,difference of equal-sample representative means; not paired
M11,M11-M00,4,second_derivative,2179.992862745098,7.420739723343503e-07,difference of equal-sample representative means; not paired
M11,M11-M00,4,second_derivative,2185.4536078431374,3.799779758782561e-06,difference of equal-sample representative means; not paired
M11,M11-M00,4,second_derivative,2190.9143529411767,1.4776012596440725e-06,difference of equal-sample representative means; not paired
M11,M11-M00,4,second_derivative,2196.375098039216,2.0941777610175093e-06,difference of equal-sample representative means; not paired
M11,M11-M00,4,second_derivative,2201.8358431372553,-1.7217280057246935e-06,difference of equal-sample representative means; not paired
M11,M11-M00,4,second_derivative,2207.2965882352946,3.2294936289828265e-07,difference of equal-sample representative means; not paired
M11,M11-M00,4,second_derivative,2212.7573333333335,3.2741275901047823e-06,difference of equal-sample representative means; not paired
M11,M11-M00,4,second_derivative,2218.2180784313728,6.4231721341923905e-06,difference of equal-sample representative means; not paired
M11,M11-M00,4,second_derivative,2223.678823529412,5.010874485265689e-06,difference of equal-sample representative means; not paired
M11,M11-M00,4,second_derivative,2229.1395686274514,-9.063168241222024e-07,difference of equal-sample representative means; not paired
M11,M11-M00,4,second_derivative,2234.6003137254907,-2.7352207367531558e-06,difference of equal-sample representative means; not paired
M11,M11-M00,4,second_derivative,2240.06105882353,2.059897662047818e-06,difference of equal-sample representative means; not paired
M11,M11-M00,4,second_derivative,2245.521803921569,1.8109038780038817e-06,difference of equal-sample representative means; not paired
M11,M11-M00,4,second_derivative,2250.982549019608,-1.1301907837324513e-06,difference of equal-sample representative means; not paired
M11,M11-M00,4,second_derivative,2256.4432941176474,-8.187928065384316e-06,difference of equal-sample representative means; not paired
M11,M11-M00,4,second_derivative,2261.9040392156867,-5.545080189587763e-06,difference of equal-sample representative means; not paired
M11,M11-M00,4,second_derivative,2267.364784313726,2.3820431327276127e-06,difference of equal-sample representative means; not paired
M11,M11-M00,4,second_derivative,2272.825529411765,7.933161585292774e-06,difference of equal-sample representative means; not paired
M11,M11-M00,4,second_derivative,2278.286274509804,6.124955946013833e-06,difference of equal-sample representative means; not paired
M11,M11-M00,4,second_derivative,2283.7470196078434,2.5186821770520012e-06,difference of equal-sample representative means; not paired
M11,M11-M00,4,second_derivative,2289.2077647058827,-5.314994165083075e-06,difference of equal-sample representative means; not paired
M11,M11-M00,4,second_derivative,2294.668509803922,-5.314994165083551e-06,difference of equal-sample representative means; not paired
M11,M11-M00,4,second_derivative,2300.1292549019613,-5.314994165083551e-06,difference of equal-sample representative means; not paired
M11,M11-M00,4,second_derivative,2305.59,-5.314994165083551e-06,difference of equal-sample representative means; not paired
M11,M11-M00,5,reflectance,913.1,0.00545599439570621,difference of equal-sample representative means; not paired
M11,M11-M00,5,reflectance,918.5607450980392,0.004769351945315803,difference of equal-sample representative means; not paired
M11,M11-M00,5,reflectance,924.0214901960785,0.004900204470013936,difference of equal-sample representative means; not paired
M11,M11-M00,5,reflectance,929.4822352941177,0.004676936645124696,difference of equal-sample representative means; not paired
M11,M11-M00,5,reflectance,934.9429803921569,0.004560929128106017,difference of equal-sample representative means; not paired
M11,M11-M00,5,reflectance,940.4037254901962,0.004637487500921633,difference of equal-sample representative means; not paired
M11,M11-M00,5,reflectance,945.8644705882353,0.004491748707340371,difference of equal-sample representative means; not paired
M11,M11-M00,5,reflectance,951.3252156862745,0.0043529153379820995,difference of equal-sample representative means; not paired
M11,M11-M00,5,reflectance,956.7859607843137,0.004198054257710249,difference of equal-sample representative means; not paired
M11,M11-M00,5,reflectance,962.246705882353,0.004030848962571221,difference of equal-sample representative means; not paired
M11,M11-M00,5,reflectance,967.7074509803922,0.003867642618015088,difference of equal-sample representative means; not paired
M11,M11-M00,5,reflectance,973.1681960784314,0.0036816931245433615,difference of equal-sample representative means; not paired
M11,M11-M00,5,reflectance,978.6289411764706,0.00351638023227141,difference of equal-sample representative means; not paired
M11,M11-M00,5,reflectance,984.0896862745099,0.003406433839327483,difference of equal-sample representative means; not paired
M11,M11-M00,5,reflectance,989.550431372549,0.0032896285133220404,difference of equal-sample representative means; not paired
M11,M11-M00,5,reflectance,995.0111764705882,0.003239368399281073,difference of equal-sample representative means; not paired
M11,M11-M00,5,reflectance,1000.4719215686275,0.0032443434983641106,difference of equal-sample representative means; not paired
M11,M11-M00,5,reflectance,1005.9326666666667,0.003283072502272666,difference of equal-sample representative means; not paired
M11,M11-M00,5,reflectance,1011.3934117647059,0.0033104913035700845,difference of equal-sample representative means; not paired
M11,M11-M00,5,reflectance,1016.8541568627452,0.0033650845628961923,difference of equal-sample representative means; not paired
M11,M11-M00,5,reflectance,1022.3149019607844,0.003466458805641448,difference of equal-sample representative means; not paired
M11,M11-M00,5,reflectance,1027.7756470588236,0.003555803944102487,difference of equal-sample representative means; not paired
M11,M11-M00,5,reflectance,1033.2363921568628,0.0036224799172905886,difference of equal-sample representative means; not paired
M11,M11-M00,5,reflectance,1038.697137254902,0.0037220215748083874,difference of equal-sample representative means; not paired
M11,M11-M00,5,reflectance,1044.1578823529412,0.0038103214159390664,difference of equal-sample representative means; not paired
M11,M11-M00,5,reflectance,1049.6186274509805,0.003880797948891068,difference of equal-sample representative means; not paired
M11,M11-M00,5,reflectance,1055.0793725490196,0.003935228754740949,difference of equal-sample representative means; not paired
M11,M11-M00,5,reflectance,1060.5401176470589,0.003980125136046286,difference of equal-sample representative means; not paired
M11,M11-M00,5,reflectance,1066.0008627450982,0.004023748060457355,difference of equal-sample representative means; not paired
M11,M11-M00,5,reflectance,1071.4616078431372,0.0040733922261446676,difference of equal-sample representative means; not paired
M11,M11-M00,5,reflectance,1076.9223529411765,0.004148685555402487,difference of equal-sample representative means; not paired
M11,M11-M00,5,reflectance,1082.3830980392158,0.004224213755098294,difference of equal-sample representative means; not paired
M11,M11-M00,5,reflectance,1087.843843137255,0.004315928184972728,difference of equal-sample representative means; not paired
M11,M11-M00,5,reflectance,1093.3045882352942,0.00440127583010419,difference of equal-sample representative means; not paired
M11,M11-M00,5,reflectance,1098.7653333333333,0.004460485749745224,difference of equal-sample representative means; not paired
M11,M11-M00,5,reflectance,1104.2260784313726,0.004483368425281409,difference of equal-sample representative means; not paired
M11,M11-M00,5,reflectance,1109.6868235294119,0.004456387758719926,difference of equal-sample representative means; not paired
M11,M11-M00,5,reflectance,1115.1475686274512,0.004337572661219702,difference of equal-sample representative means; not paired
M11,M11-M00,5,reflectance,1120.6083137254902,0.004103690879806554,difference of equal-sample representative means; not paired
M11,M11-M00,5,reflectance,1126.0690588235295,0.003757707674916233,difference of equal-sample representative means; not paired
M11,M11-M00,5,reflectance,1131.5298039215686,0.003354019651688911,difference of equal-sample representative means; not paired
M11,M11-M00,5,reflectance,1136.990549019608,0.002945278336341839,difference of equal-sample representative means; not paired
M11,M11-M00,5,reflectance,1142.4512941176472,0.0025759305555163037,difference of equal-sample representative means; not paired
M11,M11-M00,5,reflectance,1147.9120392156863,0.0022632447222908914,difference of equal-sample representative means; not paired
M11,M11-M00,5,reflectance,1153.3727843137256,0.0018909598253524784,difference of equal-sample representative means; not paired
M11,M11-M00,5,reflectance,1158.8335294117649,0.001547948983732006,difference of equal-sample representative means; not paired
M11,M11-M00,5,reflectance,1164.294274509804,0.0012457959115055317,difference of equal-sample representative means; not paired
M11,M11-M00,5,reflectance,1169.7550196078432,0.0009877654837433525,difference of equal-sample representative means; not paired
M11,M11-M00,5,reflectance,1175.2157647058825,0.000751595020002993,difference of equal-sample representative means; not paired
M11,M11-M00,5,reflectance,1180.6765098039216,0.000521678664978098,difference of equal-sample representative means; not paired
M11,M11-M00,5,reflectance,1186.137254901961,0.00029307932377320434,difference of equal-sample representative means; not paired
M11,M11-M00,5,reflectance,1191.598,3.685682754683839e-05,difference of equal-sample representative means; not paired
M11,M11-M00,5,reflectance,1197.0587450980393,-0.00012654525161148733,difference of equal-sample representative means; not paired
M11,M11-M00,5,reflectance,1202.5194901960786,-0.00023333006040338056,difference of equal-sample representative means; not paired
M11,M11-M00,5,reflectance,1207.9802352941178,-0.0003037597958899241,difference of equal-sample representative means; not paired
M11,M11-M00,5,reflectance,1213.440980392157,-0.00034800731242412564,difference of equal-sample representative means; not paired
M11,M11-M00,5,reflectance,1218.9017254901962,-0.0003491063367361269,difference of equal-sample representative means; not paired
M11,M11-M00,5,reflectance,1224.3624705882353,-0.0002899702531906634,difference of equal-sample representative means; not paired
M11,M11-M00,5,reflectance,1229.8232156862746,-0.00019256743137796573,difference of equal-sample representative means; not paired
M11,M11-M00,5,reflectance,1235.2839607843139,-5.5674267412264555e-05,difference of equal-sample representative means; not paired
M11,M11-M00,5,reflectance,1240.7447058823532,7.693212520354376e-05,difference of equal-sample representative means; not paired
M11,M11-M00,5,reflectance,1246.2054509803922,0.00020190860714452974,difference of equal-sample representative means; not paired
M11,M11-M00,5,reflectance,1251.6661960784315,0.0002973147180643787,difference of equal-sample representative means; not paired
M11,M11-M00,5,reflectance,1257.1269411764706,0.0003672794494636866,difference of equal-sample representative means; not paired
M11,M11-M00,5,reflectance,1262.58768627451,0.00042519116977812743,difference of equal-sample representative means; not paired
M11,M11-M00,5,reflectance,1268.0484313725492,0.000471608470034135,difference of equal-sample representative means; not paired
M11,M11-M00,5,reflectance,1273.5091764705883,0.0004963105916735433,difference of equal-sample representative means; not paired
M11,M11-M00,5,reflectance,1278.9699215686276,0.0006080903857356157,difference of equal-sample representative means; not paired
M11,M11-M00,5,reflectance,1284.4306666666666,0.0006826756823405944,difference of equal-sample representative means; not paired
M11,M11-M00,5,reflectance,1289.891411764706,0.0007694083843692301,difference of equal-sample representative means; not paired
M11,M11-M00,5,reflectance,1295.3521568627452,0.0008589150051747652,difference of equal-sample representative means; not paired
M11,M11-M00,5,reflectance,1300.8129019607845,0.0009129157090319584,difference of equal-sample representative means; not paired
M11,M11-M00,5,reflectance,1306.2736470588236,0.0009146896833306384,difference of equal-sample representative means; not paired
M11,M11-M00,5,reflectance,1311.734392156863,0.0009124172396104413,difference of equal-sample representative means; not paired
M11,M11-M00,5,reflectance,1317.195137254902,0.0008223447977090403,difference of equal-sample representative means; not paired
M11,M11-M00,5,reflectance,1322.6558823529413,0.0006815873022736341,difference of equal-sample representative means; not paired
M11,M11-M00,5,reflectance,1328.1166274509806,0.0004921387712855108,difference of equal-sample representative means; not paired
M11,M11-M00,5,reflectance,1333.5773725490199,0.0002462413606029168,difference of equal-sample representative means; not paired
M11,M11-M00,5,reflectance,1339.038117647059,-4.4020520992060774e-05,difference of equal-sample representative means; not paired
M11,M11-M00,5,reflectance,1344.4988627450982,-0.000352811319186519,difference of equal-sample representative means; not paired
M11,M11-M00,5,reflectance,1349.9596078431373,-0.0006576298586228324,difference of equal-sample representative means; not paired
M11,M11-M00,5,reflectance,1355.4203529411766,-0.0009213278104545086,difference of equal-sample representative means; not paired
M11,M11-M00,5,reflectance,1360.8810980392159,-0.0011562272648889538,difference of equal-sample representative means; not paired
M11,M11-M00,5,reflectance,1366.341843137255,-0.0013574284592948738,difference of equal-sample representative means; not paired
M11,M11-M00,5,reflectance,1371.8025882352943,-0.0015208834113134007,difference of equal-sample representative means; not paired
M11,M11-M00,5,reflectance,1377.2633333333333,-0.0016414235370486585,difference of equal-sample representative means; not paired
M11,M11-M00,5,reflectance,1382.7240784313726,-0.001743581501877478,difference of equal-sample representative means; not paired
M11,M11-M00,5,reflectance,1388.184823529412,-0.0018777406587654477,difference of equal-sample representative means; not paired
M11,M11-M00,5,reflectance,1393.6455686274512,-0.002050893705901724,difference of equal-sample representative means; not paired
M11,M11-M00,5,reflectance,1399.1063137254903,-0.0022470091050474927,difference of equal-sample representative means; not paired
M11,M11-M00,5,reflectance,1404.5670588235296,-0.002415688523395243,difference of equal-sample representative means; not paired
M11,M11-M00,5,reflectance,1410.0278039215686,-0.0025137013141329767,difference of equal-sample representative means; not paired
M11,M11-M00,5,reflectance,1415.488549019608,-0.00257106495402476,difference of equal-sample representative means; not paired
M11,M11-M00,5,reflectance,1420.9492941176472,-0.0025961100929934866,difference of equal-sample representative means; not paired
M11,M11-M00,5,reflectance,1426.4100392156865,-0.0025792326636692176,difference of equal-sample representative means; not paired
M11,M11-M00,5,reflectance,1431.8707843137256,-0.002552892165658127,difference of equal-sample representative means; not paired
M11,M11-M00,5,reflectance,1437.3315294117647,-0.002540523900897207,difference of equal-sample representative means; not paired
M11,M11-M00,5,reflectance,1442.792274509804,-0.0025065406037915183,difference of equal-sample representative means; not paired
M11,M11-M00,5,reflectance,1448.2530196078433,-0.0024874403844246107,difference of equal-sample representative means; not paired
M11,M11-M00,5,reflectance,1453.7137647058826,-0.0024616137688870943,difference of equal-sample representative means; not paired
M11,M11-M00,5,reflectance,1459.1745098039219,-0.0024165396993140464,difference of equal-sample representative means; not paired
M11,M11-M00,5,reflectance,1464.635254901961,-0.0023720497827834364,difference of equal-sample representative means; not paired
M11,M11-M00,5,reflectance,1470.096,-0.002366916520547435,difference of equal-sample representative means; not paired
M11,M11-M00,5,reflectance,1475.5567450980393,-0.0023826619668855242,difference of equal-sample representative means; not paired
M11,M11-M00,5,reflectance,1481.0174901960786,-0.0024057736664980234,difference of equal-sample representative means; not paired
M11,M11-M00,5,reflectance,1486.478235294118,-0.00240761585797733,difference of equal-sample representative means; not paired
M11,M11-M00,5,reflectance,1491.938980392157,-0.002406879365987158,difference of equal-sample representative means; not paired
M11,M11-M00,5,reflectance,1497.3997254901963,-0.002419782325324471,difference of equal-sample representative means; not paired
M11,M11-M00,5,reflectance,1502.8604705882353,-0.0024340486831372354,difference of equal-sample representative means; not paired
M11,M11-M00,5,reflectance,1508.3212156862746,-0.002434476449682643,difference of equal-sample representative means; not paired
M11,M11-M00,5,reflectance,1513.781960784314,-0.0024581895521406105,difference of equal-sample representative means; not paired
M11,M11-M00,5,reflectance,1519.2427058823532,-0.002466351879753581,difference of equal-sample representative means; not paired
M11,M11-M00,5,reflectance,1524.7034509803923,-0.002445600883009269,difference of equal-sample representative means; not paired
M11,M11-M00,5,reflectance,1530.1641960784316,-0.002465620999669238,difference of equal-sample representative means; not paired
M11,M11-M00,5,reflectance,1535.6249411764707,-0.002463281611038759,difference of equal-sample representative means; not paired
M11,M11-M00,5,reflectance,1541.08568627451,-0.0024389090541987457,difference of equal-sample representative means; not paired
M11,M11-M00,5,reflectance,1546.5464313725493,-0.0024254180641400946,difference of equal-sample representative means; not paired
M11,M11-M00,5,reflectance,1552.0071764705885,-0.0024168172618913575,difference of equal-sample representative means; not paired
M11,M11-M00,5,reflectance,1557.4679215686276,-0.002386592671415222,difference of equal-sample representative means; not paired
M11,M11-M00,5,reflectance,1562.9286666666667,-0.0024025228324393577,difference of equal-sample representative means; not paired
M11,M11-M00,5,reflectance,1568.389411764706,-0.0023984316661258,difference of equal-sample representative means; not paired
M11,M11-M00,5,reflectance,1573.8501568627453,-0.0023961121989556355,difference of equal-sample representative means; not paired
M11,M11-M00,5,reflectance,1579.3109019607846,-0.0024003259881963945,difference of equal-sample representative means; not paired
M11,M11-M00,5,reflectance,1584.7716470588239,-0.002406260429029916,difference of equal-sample representative means; not paired
M11,M11-M00,5,reflectance,1590.232392156863,-0.0024117662791001693,difference of equal-sample representative means; not paired
M11,M11-M00,5,reflectance,1595.693137254902,-0.002424150739456621,difference of equal-sample representative means; not paired
M11,M11-M00,5,reflectance,1601.1538823529413,-0.002425637291744165,difference of equal-sample representative means; not paired
M11,M11-M00,5,reflectance,1606.6146274509806,-0.002429261779921088,difference of equal-sample representative means; not paired
M11,M11-M00,5,reflectance,1612.07537254902,-0.0024321571412012633,difference of equal-sample representative means; not paired
M11,M11-M00,5,reflectance,1617.536117647059,-0.0024273786364527594,difference of equal-sample representative means; not paired
M11,M11-M00,5,reflectance,1622.9968627450983,-0.0024158977536167248,difference of equal-sample representative means; not paired
M11,M11-M00,5,reflectance,1628.4576078431373,-0.0024053563043596182,difference of equal-sample representative means; not paired
M11,M11-M00,5,reflectance,1633.9183529411766,-0.0023946035776747365,difference of equal-sample representative means; not paired
M11,M11-M00,5,reflectance,1639.379098039216,-0.0023236531797410365,difference of equal-sample representative means; not paired
M11,M11-M00,5,reflectance,1644.8398431372552,-0.0022726163846281677,difference of equal-sample representative means; not paired
M11,M11-M00,5,reflectance,1650.3005882352943,-0.0022304709894544472,difference of equal-sample representative means; not paired
M11,M11-M00,5,reflectance,1655.7613333333334,-0.0022054986571655166,difference of equal-sample representative means; not paired
M11,M11-M00,5,reflectance,1661.2220784313727,-0.0022007437405791586,difference of equal-sample representative means; not paired
M11,M11-M00,5,reflectance,1666.682823529412,-0.002194020439872546,difference of equal-sample representative means; not paired
M11,M11-M00,5,reflectance,1672.1435686274513,-0.0021690771807240106,difference of equal-sample representative means; not paired
M11,M11-M00,5,reflectance,1677.6043137254906,-0.0021771170255578953,difference of equal-sample representative means; not paired
M11,M11-M00,5,reflectance,1683.0650588235296,-0.002147007832230985,difference of equal-sample representative means; not paired
M11,M11-M00,5,reflectance,1688.5258039215687,-0.0021150121767834484,difference of equal-sample representative means; not paired
M11,M11-M00,5,reflectance,1693.986549019608,-0.0020632796705275513,difference of equal-sample representative means; not paired
M11,M11-M00,5,reflectance,1699.4472941176473,-0.002019769038561825,difference of equal-sample representative means; not paired
M11,M11-M00,5,reflectance,1704.9080392156866,-0.0020132059468248586,difference of equal-sample representative means; not paired
M11,M11-M00,5,reflectance,1710.3687843137257,-0.002031738713576259,difference of equal-sample representative means; not paired
M11,M11-M00,5,reflectance,1715.829529411765,-0.0020236827233316435,difference of equal-sample representative means; not paired
M11,M11-M00,5,reflectance,1721.290274509804,-0.0020090619131559184,difference of equal-sample representative means; not paired
M11,M11-M00,5,reflectance,1726.7510196078433,-0.0019951723274977406,difference of equal-sample representative means; not paired
M11,M11-M00,5,reflectance,1732.2117647058826,-0.002005420184591933,difference of equal-sample representative means; not paired
M11,M11-M00,5,reflectance,1737.672509803922,-0.001984561175861377,difference of equal-sample representative means; not paired
M11,M11-M00,5,reflectance,1743.133254901961,-0.0019684743258949755,difference of equal-sample representative means; not paired
M11,M11-M00,5,reflectance,1748.594,-0.001975859804232316,difference of equal-sample representative means; not paired
M11,M11-M00,5,reflectance,1754.0547450980393,-0.001983493974638373,difference of equal-sample representative means; not paired
M11,M11-M00,5,reflectance,1759.5154901960786,-0.001985191497865746,difference of equal-sample representative means; not paired
M11,M11-M00,5,reflectance,1764.976235294118,-0.0019921050614216673,difference of equal-sample representative means; not paired
M11,M11-M00,5,reflectance,1770.4369803921572,-0.0019724909963143022,difference of equal-sample representative means; not paired
M11,M11-M00,5,reflectance,1775.8977254901963,-0.0019531904735721195,difference of equal-sample representative means; not paired
M11,M11-M00,5,reflectance,1781.3584705882354,-0.0019519152278272278,difference of equal-sample representative means; not paired
M11,M11-M00,5,reflectance,1786.8192156862747,-0.001959649542357611,difference of equal-sample representative means; not paired
M11,M11-M00,5,reflectance,1792.279960784314,-0.0019643842729204497,difference of equal-sample representative means; not paired
M11,M11-M00,5,reflectance,1797.7407058823533,-0.0019657341254064598,difference of equal-sample representative means; not paired
M11,M11-M00,5,reflectance,1803.2014509803923,-0.0019433534542167563,difference of equal-sample representative means; not paired
M11,M11-M00,5,reflectance,1808.6621960784316,-0.0019493327395522786,difference of equal-sample representative means; not paired
M11,M11-M00,5,reflectance,1814.1229411764707,-0.0019526027814403824,difference of equal-sample representative means; not paired
M11,M11-M00,5,reflectance,1819.58368627451,-0.0019685220671434855,difference of equal-sample representative means; not paired
M11,M11-M00,5,reflectance,1825.0444313725493,-0.0019631788920266846,difference of equal-sample representative means; not paired
M11,M11-M00,5,reflectance,1830.5051764705886,-0.0019336058362637853,difference of equal-sample representative means; not paired
M11,M11-M00,5,reflectance,1835.9659215686277,-0.0019086395353666297,difference of equal-sample representative means; not paired
M11,M11-M00,5,reflectance,1841.4266666666667,-0.0018972361115610625,difference of equal-sample representative means; not paired
M11,M11-M00,5,reflectance,1846.887411764706,-0.0018664858644565907,difference of equal-sample representative means; not paired
M11,M11-M00,5,reflectance,1852.3481568627453,-0.0018752276143216284,difference of equal-sample representative means; not paired
M11,M11-M00,5,reflectance,1857.8089019607846,-0.0018799178838861952,difference of equal-sample representative means; not paired
M11,M11-M00,5,reflectance,1863.269647058824,-0.0018821063398086757,difference of equal-sample representative means; not paired
M11,M11-M00,5,reflectance,1868.730392156863,-0.0018713798128943138,difference of equal-sample representative means; not paired
M11,M11-M00,5,reflectance,1874.191137254902,-0.001842078196797825,difference of equal-sample representative means; not paired
M11,M11-M00,5,reflectance,1879.6518823529414,-0.0018070296761959481,difference of equal-sample representative means; not paired
M11,M11-M00,5,reflectance,1885.1126274509807,-0.0017867351482652727,difference of equal-sample representative means; not paired
M11,M11-M00,5,reflectance,1890.57337254902,-0.00173914022963928,difference of equal-sample representative means; not paired
M11,M11-M00,5,reflectance,1896.034117647059,-0.0015553590444002952,difference of equal-sample representative means; not paired
M11,M11-M00,5,reflectance,1901.4948627450983,-0.0013176790756718182,difference of equal-sample representative means; not paired
M11,M11-M00,5,reflectance,1906.9556078431374,-0.0010800871639861653,difference of equal-sample representative means; not paired
M11,M11-M00,5,reflectance,1912.4163529411767,-0.0009177989034793721,difference of equal-sample representative means; not paired
M11,M11-M00,5,reflectance,1917.877098039216,-0.0008491392334494252,difference of equal-sample representative means; not paired
M11,M11-M00,5,reflectance,1923.3378431372553,-0.0007799965002274756,difference of equal-sample representative means; not paired
M11,M11-M00,5,reflectance,1928.7985882352943,-0.0007269599719716968,difference of equal-sample representative means; not paired
M11,M11-M00,5,reflectance,1934.2593333333336,-0.0007278641530680807,difference of equal-sample representative means; not paired
M11,M11-M00,5,reflectance,1939.7200784313727,-0.0007722535510781836,difference of equal-sample representative means; not paired
M11,M11-M00,5,reflectance,1945.180823529412,-0.0007920188294439079,difference of equal-sample representative means; not paired
M11,M11-M00,5,reflectance,1950.6415686274513,-0.0008324796738217732,difference of equal-sample representative means; not paired
M11,M11-M00,5,reflectance,1956.1023137254906,-0.0009117324677797578,difference of equal-sample representative means; not paired
M11,M11-M00,5,reflectance,1961.5630588235294,-0.00098489208828495,difference of equal-sample representative means; not paired
M11,M11-M00,5,reflectance,1967.0238039215687,-0.0010324753508920148,difference of equal-sample representative means; not paired
M11,M11-M00,5,reflectance,1972.484549019608,-0.0010641158874878376,difference of equal-sample representative means; not paired
M11,M11-M00,5,reflectance,1977.9452941176473,-0.0011259735629016165,difference of equal-sample representative means; not paired
M11,M11-M00,5,reflectance,1983.4060392156866,-0.0011821777971222636,difference of equal-sample representative means; not paired
M11,M11-M00,5,reflectance,1988.866784313726,-0.0012339734575627648,difference of equal-sample representative means; not paired
M11,M11-M00,5,reflectance,1994.3275294117648,-0.0012687387226922309,difference of equal-sample representative means; not paired
M11,M11-M00,5,reflectance,1999.788274509804,-0.0012854874550323747,difference of equal-sample representative means; not paired
M11,M11-M00,5,reflectance,2005.2490196078434,-0.0013060978410162072,difference of equal-sample representative means; not paired
M11,M11-M00,5,reflectance,2010.7097647058827,-0.0013247428508166292,difference of equal-sample representative means; not paired
M11,M11-M00,5,reflectance,2016.170509803922,-0.0012803243465925873,difference of equal-sample representative means; not paired
M11,M11-M00,5,reflectance,2021.6312549019613,-0.0012402919966188475,difference of equal-sample representative means; not paired
M11,M11-M00,5,reflectance,2027.092,-0.001175179842617613,difference of equal-sample representative means; not paired
M11,M11-M00,5,reflectance,2032.5527450980394,-0.0011095434022282413,difference of equal-sample representative means; not paired
M11,M11-M00,5,reflectance,2038.0134901960787,-0.0010383862614471995,difference of equal-sample representative means; not paired
M11,M11-M00,5,reflectance,2043.474235294118,-0.0009631416723479003,difference of equal-sample representative means; not paired
M11,M11-M00,5,reflectance,2048.9349803921573,-0.0009365926958153636,difference of equal-sample representative means; not paired
M11,M11-M00,5,reflectance,2054.3957254901966,-0.0008677799385822249,difference of equal-sample representative means; not paired
M11,M11-M00,5,reflectance,2059.8564705882354,-0.0007900124633821171,difference of equal-sample representative means; not paired
M11,M11-M00,5,reflectance,2065.3172156862747,-0.0007422160500100139,difference of equal-sample representative means; not paired
M11,M11-M00,5,reflectance,2070.777960784314,-0.0006944355755826859,difference of equal-sample representative means; not paired
M11,M11-M00,5,reflectance,2076.2387058823533,-0.000644433640869635,difference of equal-sample representative means; not paired
M11,M11-M00,5,reflectance,2081.6994509803926,-0.0005952634316148675,difference of equal-sample representative means; not paired
M11,M11-M00,5,reflectance,2087.1601960784315,-0.0005520757561457423,difference of equal-sample representative means; not paired
M11,M11-M00,5,reflectance,2092.6209411764708,-0.0005404313578943887,difference of equal-sample representative means; not paired
M11,M11-M00,5,reflectance,2098.08168627451,-0.000508310191710104,difference of equal-sample representative means; not paired
M11,M11-M00,5,reflectance,2103.5424313725493,-0.0005112098999737746,difference of equal-sample representative means; not paired
M11,M11-M00,5,reflectance,2109.0031764705886,-0.0004983980380441899,difference of equal-sample representative means; not paired
M11,M11-M00,5,reflectance,2114.463921568628,-0.00048588319533920954,difference of equal-sample representative means; not paired
M11,M11-M00,5,reflectance,2119.924666666667,-0.0005014027713194924,difference of equal-sample representative means; not paired
M11,M11-M00,5,reflectance,2125.385411764706,-0.0005305355450931359,difference of equal-sample representative means; not paired
M11,M11-M00,5,reflectance,2130.8461568627454,-0.0005208513399829195,difference of equal-sample representative means; not paired
M11,M11-M00,5,reflectance,2136.3069019607847,-0.0004870609054171138,difference of equal-sample representative means; not paired
M11,M11-M00,5,reflectance,2141.767647058824,-0.00043971801343117844,difference of equal-sample representative means; not paired
M11,M11-M00,5,reflectance,2147.2283921568633,-0.00045347978614707074,difference of equal-sample representative means; not paired
M11,M11-M00,5,reflectance,2152.689137254902,-0.0004850136682232886,difference of equal-sample representative means; not paired
M11,M11-M00,5,reflectance,2158.1498823529414,-0.0005003796975886488,difference of equal-sample representative means; not paired
M11,M11-M00,5,reflectance,2163.6106274509807,-0.0005147437261147636,difference of equal-sample representative means; not paired
M11,M11-M00,5,reflectance,2169.07137254902,-0.0005540320189147963,difference of equal-sample representative means; not paired
M11,M11-M00,5,reflectance,2174.5321176470593,-0.000600497927047694,difference of equal-sample representative means; not paired
M11,M11-M00,5,reflectance,2179.992862745098,-0.0006088427719100897,difference of equal-sample representative means; not paired
M11,M11-M00,5,reflectance,2185.4536078431374,-0.0006244348141629663,difference of equal-sample representative means; not paired
M11,M11-M00,5,reflectance,2190.9143529411767,-0.0006436360319743151,difference of equal-sample representative means; not paired
M11,M11-M00,5,reflectance,2196.375098039216,-0.0006371998961025582,difference of equal-sample representative means; not paired
M11,M11-M00,5,reflectance,2201.8358431372553,-0.0006539743090818728,difference of equal-sample representative means; not paired
M11,M11-M00,5,reflectance,2207.2965882352946,-0.0006664610754772982,difference of equal-sample representative means; not paired
M11,M11-M00,5,reflectance,2212.7573333333335,-0.000636391961292504,difference of equal-sample representative means; not paired
M11,M11-M00,5,reflectance,2218.2180784313728,-0.0006844967593604423,difference of equal-sample representative means; not paired
M11,M11-M00,5,reflectance,2223.678823529412,-0.0006671870559818438,difference of equal-sample representative means; not paired
M11,M11-M00,5,reflectance,2229.1395686274514,-0.0006209349237413786,difference of equal-sample representative means; not paired
M11,M11-M00,5,reflectance,2234.6003137254907,-0.0005624609980553474,difference of equal-sample representative means; not paired
M11,M11-M00,5,reflectance,2240.06105882353,-0.0005027198218212625,difference of equal-sample representative means; not paired
M11,M11-M00,5,reflectance,2245.521803921569,-0.00047511542946210295,difference of equal-sample representative means; not paired
M11,M11-M00,5,reflectance,2250.982549019608,-0.00046082666772839787,difference of equal-sample representative means; not paired
M11,M11-M00,5,reflectance,2256.4432941176474,-0.0003843831795538599,difference of equal-sample representative means; not paired
M11,M11-M00,5,reflectance,2261.9040392156867,-0.00022148203046828963,difference of equal-sample representative means; not paired
M11,M11-M00,5,reflectance,2267.364784313726,-0.00017522807380793148,difference of equal-sample representative means; not paired
M11,M11-M00,5,reflectance,2272.825529411765,-0.00014189804776654213,difference of equal-sample representative means; not paired
M11,M11-M00,5,reflectance,2278.286274509804,-0.00015465798095032346,difference of equal-sample representative means; not paired
M11,M11-M00,5,reflectance,2283.7470196078434,-0.00016210184739973155,difference of equal-sample representative means; not paired
M11,M11-M00,5,reflectance,2289.2077647058827,-0.0001420764352454973,difference of equal-sample representative means; not paired
M11,M11-M00,5,reflectance,2294.668509803922,-9.978795144127695e-05,difference of equal-sample representative means; not paired
M11,M11-M00,5,reflectance,2300.1292549019613,2.3073377835247655e-05,difference of equal-sample representative means; not paired
M11,M11-M00,5,reflectance,2305.59,0.0005266283285028373,difference of equal-sample representative means; not paired
M11,M11-M00,5,snv,913.1,0.030416656964357913,difference of equal-sample representative means; not paired
M11,M11-M00,5,snv,918.5607450980392,0.023561221707286695,difference of equal-sample representative means; not paired
M11,M11-M00,5,snv,924.0214901960785,0.02257928253136665,difference of equal-sample representative means; not paired
M11,M11-M00,5,snv,929.4822352941177,0.019772958645934757,difference of equal-sample representative means; not paired
M11,M11-M00,5,snv,934.9429803921569,0.018066507677745536,difference of equal-sample representative means; not paired
M11,M11-M00,5,snv,940.4037254901962,0.017869827306624675,difference of equal-sample representative means; not paired
M11,M11-M00,5,snv,945.8644705882353,0.016404998485610722,difference of equal-sample representative means; not paired
M11,M11-M00,5,snv,951.3252156862745,0.015351860723593402,difference of equal-sample representative means; not paired
M11,M11-M00,5,snv,956.7859607843137,0.014256322573871216,difference of equal-sample representative means; not paired
M11,M11-M00,5,snv,962.246705882353,0.013268178660389873,difference of equal-sample representative means; not paired
M11,M11-M00,5,snv,967.7074509803922,0.012413514958631744,difference of equal-sample representative means; not paired
M11,M11-M00,5,snv,973.1681960784314,0.011482914722155568,difference of equal-sample representative means; not paired
M11,M11-M00,5,snv,978.6289411764706,0.010660710637030446,difference of equal-sample representative means; not paired
M11,M11-M00,5,snv,984.0896862745099,0.010079319205399173,difference of equal-sample representative means; not paired
M11,M11-M00,5,snv,989.550431372549,0.009343203886795992,difference of equal-sample representative means; not paired
M11,M11-M00,5,snv,995.0111764705882,0.009015175926487151,difference of equal-sample representative means; not paired
M11,M11-M00,5,snv,1000.4719215686275,0.009125597151530496,difference of equal-sample representative means; not paired
M11,M11-M00,5,snv,1005.9326666666667,0.009241712762185772,difference of equal-sample representative means; not paired
M11,M11-M00,5,snv,1011.3934117647059,0.009290831901261898,difference of equal-sample representative means; not paired
M11,M11-M00,5,snv,1016.8541568627452,0.009560321329219246,difference of equal-sample representative means; not paired
M11,M11-M00,5,snv,1022.3149019607844,0.010084564285458564,difference of equal-sample representative means; not paired
M11,M11-M00,5,snv,1027.7756470588236,0.010432369724589385,difference of equal-sample representative means; not paired
M11,M11-M00,5,snv,1033.2363921568628,0.010696327304849262,difference of equal-sample representative means; not paired
M11,M11-M00,5,snv,1038.697137254902,0.011208603632892,difference of equal-sample representative means; not paired
M11,M11-M00,5,snv,1044.1578823529412,0.01165623312567221,difference of equal-sample representative means; not paired
M11,M11-M00,5,snv,1049.6186274509805,0.011917365888834297,difference of equal-sample representative means; not paired
M11,M11-M00,5,snv,1055.0793725490196,0.01211385964400602,difference of equal-sample representative means; not paired
M11,M11-M00,5,snv,1060.5401176470589,0.01229506230970756,difference of equal-sample representative means; not paired
M11,M11-M00,5,snv,1066.0008627450982,0.012416452087282703,difference of equal-sample representative means; not paired
M11,M11-M00,5,snv,1071.4616078431372,0.012665860596091427,difference of equal-sample representative means; not paired
M11,M11-M00,5,snv,1076.9223529411765,0.013008504067261395,difference of equal-sample representative means; not paired
M11,M11-M00,5,snv,1082.3830980392158,0.013311631673101232,difference of equal-sample representative means; not paired
M11,M11-M00,5,snv,1087.843843137255,0.013771325626520836,difference of equal-sample representative means; not paired
M11,M11-M00,5,snv,1093.3045882352942,0.014174937375561303,difference of equal-sample representative means; not paired
M11,M11-M00,5,snv,1098.7653333333333,0.014400042735466467,difference of equal-sample representative means; not paired
M11,M11-M00,5,snv,1104.2260784313726,0.014461965915109953,difference of equal-sample representative means; not paired
M11,M11-M00,5,snv,1109.6868235294119,0.014316362027714469,difference of equal-sample representative means; not paired
M11,M11-M00,5,snv,1115.1475686274512,0.01367420243385431,difference of equal-sample representative means; not paired
M11,M11-M00,5,snv,1120.6083137254902,0.01245239587367375,difference of equal-sample representative means; not paired
M11,M11-M00,5,snv,1126.0690588235295,0.010619631380841987,difference of equal-sample representative means; not paired
M11,M11-M00,5,snv,1131.5298039215686,0.008576760553637097,difference of equal-sample representative means; not paired
M11,M11-M00,5,snv,1136.990549019608,0.006527127979228942,difference of equal-sample representative means; not paired
M11,M11-M00,5,snv,1142.4512941176472,0.0046499324908824136,difference of equal-sample representative means; not paired
M11,M11-M00,5,snv,1147.9120392156863,0.003144645190497286,difference of equal-sample representative means; not paired
M11,M11-M00,5,snv,1153.3727843137256,0.0012058926973370632,difference of equal-sample representative means; not paired
M11,M11-M00,5,snv,1158.8335294117649,-0.0004437616632959607,difference of equal-sample representative means; not paired
M11,M11-M00,5,snv,1164.294274509804,-0.0018271015516353462,difference of equal-sample representative means; not paired
M11,M11-M00,5,snv,1169.7550196078432,-0.003043990480944725,difference of equal-sample representative means; not paired
M11,M11-M00,5,snv,1175.2157647058825,-0.004187972637947457,difference of equal-sample representative means; not paired
M11,M11-M00,5,snv,1180.6765098039216,-0.005258367425480248,difference of equal-sample representative means; not paired
M11,M11-M00,5,snv,1186.137254901961,-0.00625462330179416,difference of equal-sample representative means; not paired
M11,M11-M00,5,snv,1191.598,-0.00746855578694916,difference of equal-sample representative means; not paired
M11,M11-M00,5,snv,1197.0587450980393,-0.008281560104537622,difference of equal-sample representative means; not paired
M11,M11-M00,5,snv,1202.5194901960786,-0.008752189158231394,difference of equal-sample representative means; not paired
M11,M11-M00,5,snv,1207.9802352941178,-0.009106093029630724,difference of equal-sample representative means; not paired
M11,M11-M00,5,snv,1213.440980392157,-0.00933513207876091,difference of equal-sample representative means; not paired
M11,M11-M00,5,snv,1218.9017254901962,-0.00933022383462423,difference of equal-sample representative means; not paired
M11,M11-M00,5,snv,1224.3624705882353,-0.00905347677546553,difference of equal-sample representative means; not paired
M11,M11-M00,5,snv,1229.8232156862746,-0.008652970308125507,difference of equal-sample representative means; not paired
M11,M11-M00,5,snv,1235.2839607843139,-0.007981412603279114,difference of equal-sample representative means; not paired
M11,M11-M00,5,snv,1240.7447058823532,-0.007409898701993933,difference of equal-sample representative means; not paired
M11,M11-M00,5,snv,1246.2054509803922,-0.006845255806112949,difference of equal-sample representative means; not paired
M11,M11-M00,5,snv,1251.6661960784315,-0.006437426312225769,difference of equal-sample representative means; not paired
M11,M11-M00,5,snv,1257.1269411764706,-0.006149214460647645,difference of equal-sample representative means; not paired
M11,M11-M00,5,snv,1262.58768627451,-0.005868848621234157,difference of equal-sample representative means; not paired
M11,M11-M00,5,snv,1268.0484313725492,-0.00560768343282092,difference of equal-sample representative means; not paired
M11,M11-M00,5,snv,1273.5091764705883,-0.005609778812187383,difference of equal-sample representative means; not paired
M11,M11-M00,5,snv,1278.9699215686276,-0.0049649671025830955,difference of equal-sample representative means; not paired
M11,M11-M00,5,snv,1284.4306666666666,-0.004654697358452253,difference of equal-sample representative means; not paired
M11,M11-M00,5,snv,1289.891411764706,-0.004264195083484745,difference of equal-sample representative means; not paired
M11,M11-M00,5,snv,1295.3521568627452,-0.0038384348791904443,difference of equal-sample representative means; not paired
M11,M11-M00,5,snv,1300.8129019607845,-0.0036077839747763463,difference of equal-sample representative means; not paired
M11,M11-M00,5,snv,1306.2736470588236,-0.0036326278064471307,difference of equal-sample representative means; not paired
M11,M11-M00,5,snv,1311.734392156863,-0.003576619186234753,difference of equal-sample representative means; not paired
M11,M11-M00,5,snv,1317.195137254902,-0.00391097230951809,difference of equal-sample representative means; not paired
M11,M11-M00,5,snv,1322.6558823529413,-0.004552993992364307,difference of equal-sample representative means; not paired
M11,M11-M00,5,snv,1328.1166274509806,-0.005394189357182055,difference of equal-sample representative means; not paired
M11,M11-M00,5,snv,1333.5773725490199,-0.006487960218659383,difference of equal-sample representative means; not paired
M11,M11-M00,5,snv,1339.038117647059,-0.0077700119124126665,difference of equal-sample representative means; not paired
M11,M11-M00,5,snv,1344.4988627450982,-0.009091220124052946,difference of equal-sample representative means; not paired
M11,M11-M00,5,snv,1349.9596078431373,-0.010353648917696967,difference of equal-sample representative means; not paired
M11,M11-M00,5,snv,1355.4203529411766,-0.011433401443946223,difference of equal-sample representative means; not paired
M11,M11-M00,5,snv,1360.8810980392159,-0.012352762459985733,difference of equal-sample representative means; not paired
M11,M11-M00,5,snv,1366.341843137255,-0.013082904500247294,difference of equal-sample representative means; not paired
M11,M11-M00,5,snv,1371.8025882352943,-0.013633469855225844,difference of equal-sample representative means; not paired
M11,M11-M00,5,snv,1377.2633333333333,-0.013962117569788823,difference of equal-sample representative means; not paired
M11,M11-M00,5,snv,1382.7240784313726,-0.014186303457494054,difference of equal-sample representative means; not paired
M11,M11-M00,5,snv,1388.184823529412,-0.014564055895258887,difference of equal-sample representative means; not paired
M11,M11-M00,5,snv,1393.6455686274512,-0.015012716809800541,difference of equal-sample representative means; not paired
M11,M11-M00,5,snv,1399.1063137254903,-0.01529724938508259,difference of equal-sample representative means; not paired
M11,M11-M00,5,snv,1404.5670588235296,-0.015351790385586372,difference of equal-sample representative means; not paired
M11,M11-M00,5,snv,1410.0278039215686,-0.014823862759937328,difference of equal-sample representative means; not paired
M11,M11-M00,5,snv,1415.488549019608,-0.014022375462356533,difference of equal-sample representative means; not paired
M11,M11-M00,5,snv,1420.9492941176472,-0.01310341010391941,difference of equal-sample representative means; not paired
M11,M11-M00,5,snv,1426.4100392156865,-0.012054604078755471,difference of equal-sample representative means; not paired
M11,M11-M00,5,snv,1431.8707843137256,-0.011150555689241726,difference of equal-sample representative means; not paired
M11,M11-M00,5,snv,1437.3315294117647,-0.010611610169133867,difference of equal-sample representative means; not paired
M11,M11-M00,5,snv,1442.792274509804,-0.0100394529674388,difference of equal-sample representative means; not paired
M11,M11-M00,5,snv,1448.2530196078433,-0.009645720775846134,difference of equal-sample representative means; not paired
M11,M11-M00,5,snv,1453.7137647058826,-0.009285250430429215,difference of equal-sample representative means; not paired
M11,M11-M00,5,snv,1459.1745098039219,-0.008800829487353057,difference of equal-sample representative means; not paired
M11,M11-M00,5,snv,1464.635254901961,-0.008353176953108998,difference of equal-sample representative means; not paired
M11,M11-M00,5,snv,1470.096,-0.008341336185286652,difference of equal-sample representative means; not paired
M11,M11-M00,5,snv,1475.5567450980393,-0.008339747813314702,difference of equal-sample representative means; not paired
M11,M11-M00,5,snv,1481.0174901960786,-0.008487621719037719,difference of equal-sample representative means; not paired
M11,M11-M00,5,snv,1486.478235294118,-0.008540656367481803,difference of equal-sample representative means; not paired
M11,M11-M00,5,snv,1491.938980392157,-0.00858931734897117,difference of equal-sample representative means; not paired
M11,M11-M00,5,snv,1497.3997254901963,-0.00872735388764262,difference of equal-sample representative means; not paired
M11,M11-M00,5,snv,1502.8604705882353,-0.008890680908223147,difference of equal-sample representative means; not paired
M11,M11-M00,5,snv,1508.3212156862746,-0.009001994410340497,difference of equal-sample representative means; not paired
M11,M11-M00,5,snv,1513.781960784314,-0.00928951385695026,difference of equal-sample representative means; not paired
M11,M11-M00,5,snv,1519.2427058823532,-0.009479078469056379,difference of equal-sample representative means; not paired
M11,M11-M00,5,snv,1524.7034509803923,-0.009437270322835867,difference of equal-sample representative means; not paired
M11,M11-M00,5,snv,1530.1641960784316,-0.009708222003286249,difference of equal-sample representative means; not paired
M11,M11-M00,5,snv,1535.6249411764707,-0.00972737275048563,difference of equal-sample representative means; not paired
M11,M11-M00,5,snv,1541.08568627451,-0.009561000683534604,difference of equal-sample representative means; not paired
M11,M11-M00,5,snv,1546.5464313725493,-0.009591463168823477,difference of equal-sample representative means; not paired
M11,M11-M00,5,snv,1552.0071764705885,-0.009768578033391595,difference of equal-sample representative means; not paired
M11,M11-M00,5,snv,1557.4679215686276,-0.0094567552700347,difference of equal-sample representative means; not paired
M11,M11-M00,5,snv,1562.9286666666667,-0.009680289691271549,difference of equal-sample representative means; not paired
M11,M11-M00,5,snv,1568.389411764706,-0.009658826562078504,difference of equal-sample representative means; not paired
M11,M11-M00,5,snv,1573.8501568627453,-0.009693020802746366,difference of equal-sample representative means; not paired
M11,M11-M00,5,snv,1579.3109019607846,-0.009783813825235077,difference of equal-sample representative means; not paired
M11,M11-M00,5,snv,1584.7716470588239,-0.009869437304211526,difference of equal-sample representative means; not paired
M11,M11-M00,5,snv,1590.232392156863,-0.009973734703166315,difference of equal-sample representative means; not paired
M11,M11-M00,5,snv,1595.693137254902,-0.010145466600954722,difference of equal-sample representative means; not paired
M11,M11-M00,5,snv,1601.1538823529413,-0.010309272953588106,difference of equal-sample representative means; not paired
M11,M11-M00,5,snv,1606.6146274509806,-0.010533272849623299,difference of equal-sample representative means; not paired
M11,M11-M00,5,snv,1612.07537254902,-0.01075232634325271,difference of equal-sample representative means; not paired
M11,M11-M00,5,snv,1617.536117647059,-0.010904774789392585,difference of equal-sample representative means; not paired
M11,M11-M00,5,snv,1622.9968627450983,-0.010999478787988404,difference of equal-sample representative means; not paired
M11,M11-M00,5,snv,1628.4576078431373,-0.011089438022942225,difference of equal-sample representative means; not paired
M11,M11-M00,5,snv,1633.9183529411766,-0.011156071901940054,difference of equal-sample representative means; not paired
M11,M11-M00,5,snv,1639.379098039216,-0.010788325182123817,difference of equal-sample representative means; not paired
M11,M11-M00,5,snv,1644.8398431372552,-0.010529476878162178,difference of equal-sample representative means; not paired
M11,M11-M00,5,snv,1650.3005882352943,-0.010228620170323874,difference of equal-sample representative means; not paired
M11,M11-M00,5,snv,1655.7613333333334,-0.009938124952328126,difference of equal-sample representative means; not paired
M11,M11-M00,5,snv,1661.2220784313727,-0.009728969576373425,difference of equal-sample representative means; not paired
M11,M11-M00,5,snv,1666.682823529412,-0.009482386674904836,difference of equal-sample representative means; not paired
M11,M11-M00,5,snv,1672.1435686274513,-0.009112775976175436,difference of equal-sample representative means; not paired
M11,M11-M00,5,snv,1677.6043137254906,-0.009063813869513826,difference of equal-sample representative means; not paired
M11,M11-M00,5,snv,1683.0650588235296,-0.00877631532447154,difference of equal-sample representative means; not paired
M11,M11-M00,5,snv,1688.5258039215687,-0.00851226566130947,difference of equal-sample representative means; not paired
M11,M11-M00,5,snv,1693.986549019608,-0.008090384892251445,difference of equal-sample representative means; not paired
M11,M11-M00,5,snv,1699.4472941176473,-0.0077114880873639935,difference of equal-sample representative means; not paired
M11,M11-M00,5,snv,1704.9080392156866,-0.007595323369969126,difference of equal-sample representative means; not paired
M11,M11-M00,5,snv,1710.3687843137257,-0.007677295902496051,difference of equal-sample representative means; not paired
M11,M11-M00,5,snv,1715.829529411765,-0.007602684427024137,difference of equal-sample representative means; not paired
M11,M11-M00,5,snv,1721.290274509804,-0.007478036165668306,difference of equal-sample representative means; not paired
M11,M11-M00,5,snv,1726.7510196078433,-0.007286660503423359,difference of equal-sample representative means; not paired
M11,M11-M00,5,snv,1732.2117647058826,-0.007341143315441057,difference of equal-sample representative means; not paired
M11,M11-M00,5,snv,1737.672509803922,-0.007161443778926968,difference of equal-sample representative means; not paired
M11,M11-M00,5,snv,1743.133254901961,-0.006905318973372765,difference of equal-sample representative means; not paired
M11,M11-M00,5,snv,1748.594,-0.006852421048060275,difference of equal-sample representative means; not paired
M11,M11-M00,5,snv,1754.0547450980393,-0.006990167217554855,difference of equal-sample representative means; not paired
M11,M11-M00,5,snv,1759.5154901960786,-0.006928445441385767,difference of equal-sample representative means; not paired
M11,M11-M00,5,snv,1764.976235294118,-0.006898614578383644,difference of equal-sample representative means; not paired
M11,M11-M00,5,snv,1770.4369803921572,-0.006715301867695145,difference of equal-sample representative means; not paired
M11,M11-M00,5,snv,1775.8977254901963,-0.006540537615350617,difference of equal-sample representative means; not paired
M11,M11-M00,5,snv,1781.3584705882354,-0.0064686488611602755,difference of equal-sample representative means; not paired
M11,M11-M00,5,snv,1786.8192156862747,-0.0064716355253608415,difference of equal-sample representative means; not paired
M11,M11-M00,5,snv,1792.279960784314,-0.006485029973738565,difference of equal-sample representative means; not paired
M11,M11-M00,5,snv,1797.7407058823533,-0.006476227845817251,difference of equal-sample representative means; not paired
M11,M11-M00,5,snv,1803.2014509803923,-0.006374890575542802,difference of equal-sample representative means; not paired
M11,M11-M00,5,snv,1808.6621960784316,-0.006572168695046565,difference of equal-sample representative means; not paired
M11,M11-M00,5,snv,1814.1229411764707,-0.006649080568233989,difference of equal-sample representative means; not paired
M11,M11-M00,5,snv,1819.58368627451,-0.006817120553893219,difference of equal-sample representative means; not paired
M11,M11-M00,5,snv,1825.0444313725493,-0.006849663256328631,difference of equal-sample representative means; not paired
M11,M11-M00,5,snv,1830.5051764705886,-0.006719444786565276,difference of equal-sample representative means; not paired
M11,M11-M00,5,snv,1835.9659215686277,-0.006625916735184256,difference of equal-sample representative means; not paired
M11,M11-M00,5,snv,1841.4266666666667,-0.0065831400464257395,difference of equal-sample representative means; not paired
M11,M11-M00,5,snv,1846.887411764706,-0.005986327573076239,difference of equal-sample representative means; not paired
M11,M11-M00,5,snv,1852.3481568627453,-0.006539426979358054,difference of equal-sample representative means; not paired
M11,M11-M00,5,snv,1857.8089019607846,-0.0066676179461187535,difference of equal-sample representative means; not paired
M11,M11-M00,5,snv,1863.269647058824,-0.00668031033001576,difference of equal-sample representative means; not paired
M11,M11-M00,5,snv,1868.730392156863,-0.0065507604221885785,difference of equal-sample representative means; not paired
M11,M11-M00,5,snv,1874.191137254902,-0.0061602536625838256,difference of equal-sample representative means; not paired
M11,M11-M00,5,snv,1879.6518823529414,-0.005584901615280968,difference of equal-sample representative means; not paired
M11,M11-M00,5,snv,1885.1126274509807,-0.004841910742246824,difference of equal-sample representative means; not paired
M11,M11-M00,5,snv,1890.57337254902,-0.0037521482701977638,difference of equal-sample representative means; not paired
M11,M11-M00,5,snv,1896.034117647059,-0.0015925084204200246,difference of equal-sample representative means; not paired
M11,M11-M00,5,snv,1901.4948627450983,0.0008736100827105853,difference of equal-sample representative means; not paired
M11,M11-M00,5,snv,1906.9556078431374,0.0032409734642299126,difference of equal-sample representative means; not paired
M11,M11-M00,5,snv,1912.4163529411767,0.004965638321317467,difference of equal-sample representative means; not paired
M11,M11-M00,5,snv,1917.877098039216,0.005912808851347595,difference of equal-sample representative means; not paired
M11,M11-M00,5,snv,1923.3378431372553,0.00677872792924461,difference of equal-sample representative means; not paired
M11,M11-M00,5,snv,1928.7985882352943,0.007422119473152966,difference of equal-sample representative means; not paired
M11,M11-M00,5,snv,1934.2593333333336,0.007623201020247272,difference of equal-sample representative means; not paired
M11,M11-M00,5,snv,1939.7200784313727,0.00735505132933767,difference of equal-sample representative means; not paired
M11,M11-M00,5,snv,1945.180823529412,0.007208514297779134,difference of equal-sample representative means; not paired
M11,M11-M00,5,snv,1950.6415686274513,0.006822688141362443,difference of equal-sample representative means; not paired
M11,M11-M00,5,snv,1956.1023137254906,0.00611755711729689,difference of equal-sample representative means; not paired
M11,M11-M00,5,snv,1961.5630588235294,0.005514004813489626,difference of equal-sample representative means; not paired
M11,M11-M00,5,snv,1967.0238039215687,0.00503515123361975,difference of equal-sample representative means; not paired
M11,M11-M00,5,snv,1972.484549019608,0.00473360379616139,difference of equal-sample representative means; not paired
M11,M11-M00,5,snv,1977.9452941176473,0.004115441594520375,difference of equal-sample representative means; not paired
M11,M11-M00,5,snv,1983.4060392156866,0.003552622483348644,difference of equal-sample representative means; not paired
M11,M11-M00,5,snv,1988.866784313726,0.003048904466925295,difference of equal-sample representative means; not paired
M11,M11-M00,5,snv,1994.3275294117648,0.002689562030390835,difference of equal-sample representative means; not paired
M11,M11-M00,5,snv,1999.788274509804,0.002458611357210816,difference of equal-sample representative means; not paired
M11,M11-M00,5,snv,2005.2490196078434,0.0021780240342691437,difference of equal-sample representative means; not paired
M11,M11-M00,5,snv,2010.7097647058827,0.0019559027884029634,difference of equal-sample representative means; not paired
M11,M11-M00,5,snv,2016.170509803922,0.002382034460110649,difference of equal-sample representative means; not paired
M11,M11-M00,5,snv,2021.6312549019613,0.002670997139524456,difference of equal-sample representative means; not paired
M11,M11-M00,5,snv,2027.092,0.0031629660249251623,difference of equal-sample representative means; not paired
M11,M11-M00,5,snv,2032.5527450980394,0.0037227906582220083,difference of equal-sample representative means; not paired
M11,M11-M00,5,snv,2038.0134901960787,0.004396846264463239,difference of equal-sample representative means; not paired
M11,M11-M00,5,snv,2043.474235294118,0.005089255261421566,difference of equal-sample representative means; not paired
M11,M11-M00,5,snv,2048.9349803921573,0.005255715842017228,difference of equal-sample representative means; not paired
M11,M11-M00,5,snv,2054.3957254901966,0.005958668459206784,difference of equal-sample representative means; not paired
M11,M11-M00,5,snv,2059.8564705882354,0.006639537584065991,difference of equal-sample representative means; not paired
M11,M11-M00,5,snv,2065.3172156862747,0.0070407695955452265,difference of equal-sample representative means; not paired
M11,M11-M00,5,snv,2070.777960784314,0.007450528490250408,difference of equal-sample representative means; not paired
M11,M11-M00,5,snv,2076.2387058823533,0.007885314880714311,difference of equal-sample representative means; not paired
M11,M11-M00,5,snv,2081.6994509803926,0.008286241603222333,difference of equal-sample representative means; not paired
M11,M11-M00,5,snv,2087.1601960784315,0.00860241154552166,difference of equal-sample representative means; not paired
M11,M11-M00,5,snv,2092.6209411764708,0.008711730184465027,difference of equal-sample representative means; not paired
M11,M11-M00,5,snv,2098.08168627451,0.00909613440904411,difference of equal-sample representative means; not paired
M11,M11-M00,5,snv,2103.5424313725493,0.009012725367249397,difference of equal-sample representative means; not paired
M11,M11-M00,5,snv,2109.0031764705886,0.009094113501786572,difference of equal-sample representative means; not paired
M11,M11-M00,5,snv,2114.463921568628,0.009179730302659284,difference of equal-sample representative means; not paired
M11,M11-M00,5,snv,2119.924666666667,0.00904383384307117,difference of equal-sample representative means; not paired
M11,M11-M00,5,snv,2125.385411764706,0.008798345338087765,difference of equal-sample representative means; not paired
M11,M11-M00,5,snv,2130.8461568627454,0.008823767451639153,difference of equal-sample representative means; not paired
M11,M11-M00,5,snv,2136.3069019607847,0.009012138247825208,difference of equal-sample representative means; not paired
M11,M11-M00,5,snv,2141.767647058824,0.009700723234120634,difference of equal-sample representative means; not paired
M11,M11-M00,5,snv,2147.2283921568633,0.009185835197228931,difference of equal-sample representative means; not paired
M11,M11-M00,5,snv,2152.689137254902,0.00887943268245528,difference of equal-sample representative means; not paired
M11,M11-M00,5,snv,2158.1498823529414,0.008692621577978343,difference of equal-sample representative means; not paired
M11,M11-M00,5,snv,2163.6106274509807,0.008483366639348677,difference of equal-sample representative means; not paired
M11,M11-M00,5,snv,2169.07137254902,0.008221954973548495,difference of equal-sample representative means; not paired
M11,M11-M00,5,snv,2174.5321176470593,0.007788386836616201,difference of equal-sample representative means; not paired
M11,M11-M00,5,snv,2179.992862745098,0.007783703327264524,difference of equal-sample representative means; not paired
M11,M11-M00,5,snv,2185.4536078431374,0.007512606813382838,difference of equal-sample representative means; not paired
M11,M11-M00,5,snv,2190.9143529411767,0.007393862392887973,difference of equal-sample representative means; not paired
M11,M11-M00,5,snv,2196.375098039216,0.007468003323247707,difference of equal-sample representative means; not paired
M11,M11-M00,5,snv,2201.8358431372553,0.0072790163939584485,difference of equal-sample representative means; not paired
M11,M11-M00,5,snv,2207.2965882352946,0.007073088809143702,difference of equal-sample representative means; not paired
M11,M11-M00,5,snv,2212.7573333333335,0.007271115356288993,difference of equal-sample representative means; not paired
M11,M11-M00,5,snv,2218.2180784313728,0.007072548763902953,difference of equal-sample representative means; not paired
M11,M11-M00,5,snv,2223.678823529412,0.00702841340138316,difference of equal-sample representative means; not paired
M11,M11-M00,5,snv,2229.1395686274514,0.00746788034686352,difference of equal-sample representative means; not paired
M11,M11-M00,5,snv,2234.6003137254907,0.007947488897505517,difference of equal-sample representative means; not paired
M11,M11-M00,5,snv,2240.06105882353,0.008426670385105917,difference of equal-sample representative means; not paired
M11,M11-M00,5,snv,2245.521803921569,0.008804182261275662,difference of equal-sample representative means; not paired
M11,M11-M00,5,snv,2250.982549019608,0.009211573280844432,difference of equal-sample representative means; not paired
M11,M11-M00,5,snv,2256.4432941176474,0.010047620897351672,difference of equal-sample representative means; not paired
M11,M11-M00,5,snv,2261.9040392156867,0.011500388020232455,difference of equal-sample representative means; not paired
M11,M11-M00,5,snv,2267.364784313726,0.012142087757139652,difference of equal-sample representative means; not paired
M11,M11-M00,5,snv,2272.825529411765,0.012661343157724492,difference of equal-sample representative means; not paired
M11,M11-M00,5,snv,2278.286274509804,0.012668882113013424,difference of equal-sample representative means; not paired
M11,M11-M00,5,snv,2283.7470196078434,0.012745340396801197,difference of equal-sample representative means; not paired
M11,M11-M00,5,snv,2289.2077647058827,0.013108210116446806,difference of equal-sample representative means; not paired
M11,M11-M00,5,snv,2294.668509803922,0.013594036346628258,difference of equal-sample representative means; not paired
M11,M11-M00,5,snv,2300.1292549019613,0.014541073997305087,difference of equal-sample representative means; not paired
M11,M11-M00,5,snv,2305.59,0.01848219443860244,difference of equal-sample representative means; not paired
M11,M11-M00,5,second_derivative,913.1,-3.586470165266721e-06,difference of equal-sample representative means; not paired
M11,M11-M00,5,second_derivative,918.5607450980392,-3.586470165266721e-06,difference of equal-sample representative means; not paired
M11,M11-M00,5,second_derivative,924.0214901960785,-3.586470165266721e-06,difference of equal-sample representative means; not paired
M11,M11-M00,5,second_derivative,929.4822352941177,-3.5864701652668022e-06,difference of equal-sample representative means; not paired
M11,M11-M00,5,second_derivative,934.9429803921569,-6.850018403097355e-07,difference of equal-sample representative means; not paired
M11,M11-M00,5,second_derivative,940.4037254901962,-6.047481124303244e-07,difference of equal-sample representative means; not paired
M11,M11-M00,5,second_derivative,945.8644705882353,1.4385583714707055e-07,difference of equal-sample representative means; not paired
M11,M11-M00,5,second_derivative,951.3252156862745,2.1898753713536258e-07,difference of equal-sample representative means; not paired
M11,M11-M00,5,second_derivative,956.7859607843137,-1.6321356344242114e-07,difference of equal-sample representative means; not paired
M11,M11-M00,5,second_derivative,962.246705882353,-6.686120403021751e-08,difference of equal-sample representative means; not paired
M11,M11-M00,5,second_derivative,967.7074509803922,-1.9193414301909264e-07,difference of equal-sample representative means; not paired
M11,M11-M00,5,second_derivative,973.1681960784314,-2.3996513405447753e-07,difference of equal-sample representative means; not paired
M11,M11-M00,5,second_derivative,978.6289411764706,-3.9400100046527963e-07,difference of equal-sample representative means; not paired
M11,M11-M00,5,second_derivative,984.0896862745099,-6.372283049800245e-07,difference of equal-sample representative means; not paired
M11,M11-M00,5,second_derivative,989.550431372549,-7.611199779521829e-07,difference of equal-sample representative means; not paired
M11,M11-M00,5,second_derivative,995.0111764705882,-6.996152703369672e-07,difference of equal-sample representative means; not paired
M11,M11-M00,5,second_derivative,1000.4719215686275,-5.771374921984225e-07,difference of equal-sample representative means; not paired
M11,M11-M00,5,second_derivative,1005.9326666666667,-4.193096732125106e-07,difference of equal-sample representative means; not paired
M11,M11-M00,5,second_derivative,1011.3934117647059,-3.2187202309095534e-07,difference of equal-sample representative means; not paired
M11,M11-M00,5,second_derivative,1016.8541568627452,-2.1528549338463816e-07,difference of equal-sample representative means; not paired
M11,M11-M00,5,second_derivative,1022.3149019607844,-1.6431356286293784e-07,difference of equal-sample representative means; not paired
M11,M11-M00,5,second_derivative,1027.7756470588236,-5.6050541021975243e-08,difference of equal-sample representative means; not paired
M11,M11-M00,5,second_derivative,1033.2363921568628,2.5120902188130033e-08,difference of equal-sample representative means; not paired
M11,M11-M00,5,second_derivative,1038.697137254902,6.909347901757346e-08,difference of equal-sample representative means; not paired
M11,M11-M00,5,second_derivative,1044.1578823529412,1.8764132341608756e-07,difference of equal-sample representative means; not paired
M11,M11-M00,5,second_derivative,1049.6186274509805,2.7723733394288545e-07,difference of equal-sample representative means; not paired
M11,M11-M00,5,second_derivative,1055.0793725490196,1.6056660482465312e-07,difference of equal-sample representative means; not paired
M11,M11-M00,5,second_derivative,1060.5401176470589,-1.497178122381764e-08,difference of equal-sample representative means; not paired
M11,M11-M00,5,second_derivative,1066.0008627450982,-1.1370281152667111e-07,difference of equal-sample representative means; not paired
M11,M11-M00,5,second_derivative,1071.4616078431372,-1.8140385795643274e-07,difference of equal-sample representative means; not paired
M11,M11-M00,5,second_derivative,1076.9223529411765,-1.699218859828364e-07,difference of equal-sample representative means; not paired
M11,M11-M00,5,second_derivative,1082.3830980392158,-4.178098551285258e-08,difference of equal-sample representative means; not paired
M11,M11-M00,5,second_derivative,1087.843843137255,1.4793324576689357e-07,difference of equal-sample representative means; not paired
M11,M11-M00,5,second_derivative,1093.3045882352942,3.6150734712734666e-07,difference of equal-sample representative means; not paired
M11,M11-M00,5,second_derivative,1098.7653333333333,6.720983976651715e-07,difference of equal-sample representative means; not paired
M11,M11-M00,5,second_derivative,1104.2260784313726,1.0203510439967587e-06,difference of equal-sample representative means; not paired
M11,M11-M00,5,second_derivative,1109.6868235294119,1.4095867304187493e-06,difference of equal-sample representative means; not paired
M11,M11-M00,5,second_derivative,1115.1475686274512,1.62757307103237e-06,difference of equal-sample representative means; not paired
M11,M11-M00,5,second_derivative,1120.6083137254902,1.4899671296098144e-06,difference of equal-sample representative means; not paired
M11,M11-M00,5,second_derivative,1126.0690588235295,9.84193336536904e-07,difference of equal-sample representative means; not paired
M11,M11-M00,5,second_derivative,1131.5298039215686,2.761752164111844e-07,difference of equal-sample representative means; not paired
M11,M11-M00,5,second_derivative,1136.990549019608,-6.597609181404829e-08,difference of equal-sample representative means; not paired
M11,M11-M00,5,second_derivative,1142.4512941176472,-1.3128548454210425e-07,difference of equal-sample representative means; not paired
M11,M11-M00,5,second_derivative,1147.9120392156863,-1.3917057997305322e-07,difference of equal-sample representative means; not paired
M11,M11-M00,5,second_derivative,1153.3727843137256,-2.208560164598927e-07,difference of equal-sample representative means; not paired
M11,M11-M00,5,second_derivative,1158.8335294117649,-3.882424025121134e-07,difference of equal-sample representative means; not paired
M11,M11-M00,5,second_derivative,1164.294274509804,-5.323803139515469e-07,difference of equal-sample representative means; not paired
M11,M11-M00,5,second_derivative,1169.7550196078432,-3.572366276910236e-07,difference of equal-sample representative means; not paired
M11,M11-M00,5,second_derivative,1175.2157647058825,-8.113073784696387e-08,difference of equal-sample representative means; not paired
M11,M11-M00,5,second_derivative,1180.6765098039216,-9.809029630488222e-08,difference of equal-sample representative means; not paired
M11,M11-M00,5,second_derivative,1186.137254901961,-4.0455930036411116e-07,difference of equal-sample representative means; not paired
M11,M11-M00,5,second_derivative,1191.598,-7.651562286550029e-07,difference of equal-sample representative means; not paired
M11,M11-M00,5,second_derivative,1197.0587450980393,-9.803461583225778e-07,difference of equal-sample representative means; not paired
M11,M11-M00,5,second_derivative,1202.5194901960786,-9.981412541566153e-07,difference of equal-sample representative means; not paired
M11,M11-M00,5,second_derivative,1207.9802352941178,-8.727372664761015e-07,difference of equal-sample representative means; not paired
M11,M11-M00,5,second_derivative,1213.440980392157,-8.977019533369333e-07,difference of equal-sample representative means; not paired
M11,M11-M00,5,second_derivative,1218.9017254901962,-9.547463792625753e-07,difference of equal-sample representative means; not paired
M11,M11-M00,5,second_derivative,1224.3624705882353,-8.249793611273257e-07,difference of equal-sample representative means; not paired
M11,M11-M00,5,second_derivative,1229.8232156862746,-5.115734244520128e-07,difference of equal-sample representative means; not paired
M11,M11-M00,5,second_derivative,1235.2839607843139,-1.154548248270197e-07,difference of equal-sample representative means; not paired
M11,M11-M00,5,second_derivative,1240.7447058823532,2.1729172734480824e-07,difference of equal-sample representative means; not paired
M11,M11-M00,5,second_derivative,1246.2054509803922,4.0628733728075664e-07,difference of equal-sample representative means; not paired
M11,M11-M00,5,second_derivative,1251.6661960784315,4.0422511570821444e-07,difference of equal-sample representative means; not paired
M11,M11-M00,5,second_derivative,1257.1269411764706,3.837924081926712e-07,difference of equal-sample representative means; not paired
M11,M11-M00,5,second_derivative,1262.58768627451,8.528222095654429e-08,difference of equal-sample representative means; not paired
M11,M11-M00,5,second_derivative,1268.0484313725492,-1.1433484423255193e-07,difference of equal-sample representative means; not paired
M11,M11-M00,5,second_derivative,1273.5091764705883,-2.1334445467822504e-07,difference of equal-sample representative means; not paired
M11,M11-M00,5,second_derivative,1278.9699215686276,-2.0921098558621115e-07,difference of equal-sample representative means; not paired
M11,M11-M00,5,second_derivative,1284.4306666666666,-1.6144086584091404e-08,difference of equal-sample representative means; not paired
M11,M11-M00,5,second_derivative,1289.891411764706,3.303621974163686e-07,difference of equal-sample representative means; not paired
M11,M11-M00,5,second_derivative,1295.3521568627452,4.1465531221813144e-07,difference of equal-sample representative means; not paired
M11,M11-M00,5,second_derivative,1300.8129019607845,6.557941456627905e-07,difference of equal-sample representative means; not paired
M11,M11-M00,5,second_derivative,1306.2736470588236,8.554330419450298e-07,difference of equal-sample representative means; not paired
M11,M11-M00,5,second_derivative,1311.734392156863,9.781891134930977e-07,difference of equal-sample representative means; not paired
M11,M11-M00,5,second_derivative,1317.195137254902,1.0972840164159966e-06,difference of equal-sample representative means; not paired
M11,M11-M00,5,second_derivative,1322.6558823529413,1.164089390564352e-06,difference of equal-sample representative means; not paired
M11,M11-M00,5,second_derivative,1328.1166274509806,1.0349401945109336e-06,difference of equal-sample representative means; not paired
M11,M11-M00,5,second_derivative,1333.5773725490199,8.593312785667393e-07,difference of equal-sample representative means; not paired
M11,M11-M00,5,second_derivative,1339.038117647059,5.087476889469084e-07,difference of equal-sample representative means; not paired
M11,M11-M00,5,second_derivative,1344.4988627450982,7.0934722447529e-08,difference of equal-sample representative means; not paired
M11,M11-M00,5,second_derivative,1349.9596078431373,-2.969798956467534e-07,difference of equal-sample representative means; not paired
M11,M11-M00,5,second_derivative,1355.4203529411766,-5.390187582115227e-07,difference of equal-sample representative means; not paired
M11,M11-M00,5,second_derivative,1360.8810980392159,-6.861097583443554e-07,difference of equal-sample representative means; not paired
M11,M11-M00,5,second_derivative,1366.341843137255,-7.130210682248605e-07,difference of equal-sample representative means; not paired
M11,M11-M00,5,second_derivative,1371.8025882352943,-5.303499131469703e-07,difference of equal-sample representative means; not paired
M11,M11-M00,5,second_derivative,1377.2633333333333,-4.4500803714312846e-08,difference of equal-sample representative means; not paired
M11,M11-M00,5,second_derivative,1382.7240784313726,5.392789114751291e-07,difference of equal-sample representative means; not paired
M11,M11-M00,5,second_derivative,1388.184823529412,8.656598930343261e-07,difference of equal-sample representative means; not paired
M11,M11-M00,5,second_derivative,1393.6455686274512,6.290209253135485e-07,difference of equal-sample representative means; not paired
M11,M11-M00,5,second_derivative,1399.1063137254903,4.930101036256288e-08,difference of equal-sample representative means; not paired
M11,M11-M00,5,second_derivative,1404.5670588235296,-4.948160315785448e-07,difference of equal-sample representative means; not paired
M11,M11-M00,5,second_derivative,1410.0278039215686,-8.613648104481778e-07,difference of equal-sample representative means; not paired
M11,M11-M00,5,second_derivative,1415.488549019608,-9.877476501114354e-07,difference of equal-sample representative means; not paired
M11,M11-M00,5,second_derivative,1420.9492941176472,-8.784226785045634e-07,difference of equal-sample representative means; not paired
M11,M11-M00,5,second_derivative,1426.4100392156865,-8.250245314361473e-07,difference of equal-sample representative means; not paired
M11,M11-M00,5,second_derivative,1431.8707843137256,-6.401120769963862e-07,difference of equal-sample representative means; not paired
M11,M11-M00,5,second_derivative,1437.3315294117647,-4.494039102258447e-07,difference of equal-sample representative means; not paired
M11,M11-M00,5,second_derivative,1442.792274509804,-4.5057207365285085e-07,difference of equal-sample representative means; not paired
M11,M11-M00,5,second_derivative,1448.2530196078433,-4.6126302609215936e-07,difference of equal-sample representative means; not paired
M11,M11-M00,5,second_derivative,1453.7137647058826,-2.0626785250343308e-07,difference of equal-sample representative means; not paired
M11,M11-M00,5,second_derivative,1459.1745098039219,1.0147379906238666e-07,difference of equal-sample representative means; not paired
M11,M11-M00,5,second_derivative,1464.635254901961,4.167914007782311e-07,difference of equal-sample representative means; not paired
M11,M11-M00,5,second_derivative,1470.096,4.025300698881603e-07,difference of equal-sample representative means; not paired
M11,M11-M00,5,second_derivative,1475.5567450980393,9.162814246819822e-08,difference of equal-sample representative means; not paired
M11,M11-M00,5,second_derivative,1481.0174901960786,-1.707153623073344e-07,difference of equal-sample representative means; not paired
M11,M11-M00,5,second_derivative,1486.478235294118,-1.660566853463902e-07,difference of equal-sample representative means; not paired
M11,M11-M00,5,second_derivative,1491.938980392157,-9.019027770401799e-08,difference of equal-sample representative means; not paired
M11,M11-M00,5,second_derivative,1497.3997254901963,4.704662303136136e-08,difference of equal-sample representative means; not paired
M11,M11-M00,5,second_derivative,1502.8604705882353,4.627037887532279e-08,difference of equal-sample representative means; not paired
M11,M11-M00,5,second_derivative,1508.3212156862746,-1.3127668239379983e-07,difference of equal-sample representative means; not paired
M11,M11-M00,5,second_derivative,1513.781960784314,-6.721619757203625e-08,difference of equal-sample representative means; not paired
M11,M11-M00,5,second_derivative,1519.2427058823532,-3.972561716095223e-08,difference of equal-sample representative means; not paired
M11,M11-M00,5,second_derivative,1524.7034509803923,-1.4912741604484395e-07,difference of equal-sample representative means; not paired
M11,M11-M00,5,second_derivative,1530.1641960784316,-1.2459133709234423e-07,difference of equal-sample representative means; not paired
M11,M11-M00,5,second_derivative,1535.6249411764707,-9.28036631280693e-08,difference of equal-sample representative means; not paired
M11,M11-M00,5,second_derivative,1541.08568627451,-1.9665999782886854e-07,difference of equal-sample representative means; not paired
M11,M11-M00,5,second_derivative,1546.5464313725493,8.825867002923816e-08,difference of equal-sample representative means; not paired
M11,M11-M00,5,second_derivative,1552.0071764705885,1.8307158614969078e-07,difference of equal-sample representative means; not paired
M11,M11-M00,5,second_derivative,1557.4679215686276,1.4099159634438222e-07,difference of equal-sample representative means; not paired
M11,M11-M00,5,second_derivative,1562.9286666666667,1.4446960934566338e-07,difference of equal-sample representative means; not paired
M11,M11-M00,5,second_derivative,1568.389411764706,1.2673944698362096e-07,difference of equal-sample representative means; not paired
M11,M11-M00,5,second_derivative,1573.8501568627453,3.453967315749669e-08,difference of equal-sample representative means; not paired
M11,M11-M00,5,second_derivative,1579.3109019607846,1.0358690136547436e-07,difference of equal-sample representative means; not paired
M11,M11-M00,5,second_derivative,1584.7716470588239,4.6161360484486006e-09,difference of equal-sample representative means; not paired
M11,M11-M00,5,second_derivative,1590.232392156863,-7.753516075096603e-08,difference of equal-sample representative means; not paired
M11,M11-M00,5,second_derivative,1595.693137254902,-1.0815925241581956e-07,difference of equal-sample representative means; not paired
M11,M11-M00,5,second_derivative,1601.1538823529413,-1.308971584610171e-07,difference of equal-sample representative means; not paired
M11,M11-M00,5,second_derivative,1606.6146274509806,-1.4355546507298746e-07,difference of equal-sample representative means; not paired
M11,M11-M00,5,second_derivative,1612.07537254902,-1.0108685944592351e-07,difference of equal-sample representative means; not paired
M11,M11-M00,5,second_derivative,1617.536117647059,-6.191738891176423e-08,difference of equal-sample representative means; not paired
M11,M11-M00,5,second_derivative,1622.9968627450983,-2.3336869333939594e-07,difference of equal-sample representative means; not paired
M11,M11-M00,5,second_derivative,1628.4576078431373,-3.1396925385445893e-07,difference of equal-sample representative means; not paired
M11,M11-M00,5,second_derivative,1633.9183529411766,-2.474273292203623e-07,difference of equal-sample representative means; not paired
M11,M11-M00,5,second_derivative,1639.379098039216,5.271609984534777e-09,difference of equal-sample representative means; not paired
M11,M11-M00,5,second_derivative,1644.8398431372552,3.8136859336535174e-07,difference of equal-sample representative means; not paired
M11,M11-M00,5,second_derivative,1650.3005882352943,5.975683151074795e-07,difference of equal-sample representative means; not paired
M11,M11-M00,5,second_derivative,1655.7613333333334,3.4920167947625e-07,difference of equal-sample representative means; not paired
M11,M11-M00,5,second_derivative,1661.2220784313727,2.1652760010542227e-07,difference of equal-sample representative means; not paired
M11,M11-M00,5,second_derivative,1666.682823529412,-3.63537990935082e-08,difference of equal-sample representative means; not paired
M11,M11-M00,5,second_derivative,1672.1435686274513,-2.2679513169071843e-07,difference of equal-sample representative means; not paired
M11,M11-M00,5,second_derivative,1677.6043137254906,-3.46334809277914e-07,difference of equal-sample representative means; not paired
M11,M11-M00,5,second_derivative,1683.0650588235296,-3.6389924706717854e-07,difference of equal-sample representative means; not paired
M11,M11-M00,5,second_derivative,1688.5258039215687,-1.6493805835161152e-07,difference of equal-sample representative means; not paired
M11,M11-M00,5,second_derivative,1693.986549019608,2.713055326933907e-07,difference of equal-sample representative means; not paired
M11,M11-M00,5,second_derivative,1699.4472941176473,3.636729240042174e-07,difference of equal-sample representative means; not paired
M11,M11-M00,5,second_derivative,1704.9080392156866,2.730172888566508e-07,difference of equal-sample representative means; not paired
M11,M11-M00,5,second_derivative,1710.3687843137257,1.8925298917229335e-08,difference of equal-sample representative means; not paired
M11,M11-M00,5,second_derivative,1715.829529411765,-6.71781863804705e-08,difference of equal-sample representative means; not paired
M11,M11-M00,5,second_derivative,1721.290274509804,-7.764864146583551e-08,difference of equal-sample representative means; not paired
M11,M11-M00,5,second_derivative,1726.7510196078433,-3.663263260795408e-08,difference of equal-sample representative means; not paired
M11,M11-M00,5,second_derivative,1732.2117647058826,9.27298036241055e-09,difference of equal-sample representative means; not paired
M11,M11-M00,5,second_derivative,1737.672509803922,1.0364455990654264e-07,difference of equal-sample representative means; not paired
M11,M11-M00,5,second_derivative,1743.133254901961,1.4472245508411408e-07,difference of equal-sample representative means; not paired
M11,M11-M00,5,second_derivative,1748.594,2.157921178433473e-07,difference of equal-sample representative means; not paired
M11,M11-M00,5,second_derivative,1754.0547450980393,-1.5605226290364177e-08,difference of equal-sample representative means; not paired
M11,M11-M00,5,second_derivative,1759.5154901960786,-2.412176380768129e-07,difference of equal-sample representative means; not paired
M11,M11-M00,5,second_derivative,1764.976235294118,-2.0123800114445694e-07,difference of equal-sample representative means; not paired
M11,M11-M00,5,second_derivative,1770.4369803921572,-1.4215940807592572e-08,difference of equal-sample representative means; not paired
M11,M11-M00,5,second_derivative,1775.8977254901963,1.271675328225611e-07,difference of equal-sample representative means; not paired
M11,M11-M00,5,second_derivative,1781.3584705882354,1.7639884634135509e-07,difference of equal-sample representative means; not paired
M11,M11-M00,5,second_derivative,1786.8192156862747,-5.84593874672129e-08,difference of equal-sample representative means; not paired
M11,M11-M00,5,second_derivative,1792.279960784314,-1.5568855279243747e-07,difference of equal-sample representative means; not paired
M11,M11-M00,5,second_derivative,1797.7407058823533,-8.092771341819243e-08,difference of equal-sample representative means; not paired
M11,M11-M00,5,second_derivative,1803.2014509803923,1.0910995125887586e-07,difference of equal-sample representative means; not paired
M11,M11-M00,5,second_derivative,1808.6621960784316,1.331309335419786e-07,difference of equal-sample representative means; not paired
M11,M11-M00,5,second_derivative,1814.1229411764707,-7.218812541431228e-08,difference of equal-sample representative means; not paired
M11,M11-M00,5,second_derivative,1819.58368627451,-3.259699794065364e-07,difference of equal-sample representative means; not paired
M11,M11-M00,5,second_derivative,1825.0444313725493,-3.179418710721561e-07,difference of equal-sample representative means; not paired
M11,M11-M00,5,second_derivative,1830.5051764705886,-3.284848773554307e-07,difference of equal-sample representative means; not paired
M11,M11-M00,5,second_derivative,1835.9659215686277,4.146980679333053e-08,difference of equal-sample representative means; not paired
M11,M11-M00,5,second_derivative,1841.4266666666667,3.1872601164253847e-07,difference of equal-sample representative means; not paired
M11,M11-M00,5,second_derivative,1846.887411764706,3.948108535940872e-07,difference of equal-sample representative means; not paired
M11,M11-M00,5,second_derivative,1852.3481568627453,3.1749028415464857e-07,difference of equal-sample representative means; not paired
M11,M11-M00,5,second_derivative,1857.8089019607846,5.657763248831003e-08,difference of equal-sample representative means; not paired
M11,M11-M00,5,second_derivative,1863.269647058824,-2.689619320333814e-07,difference of equal-sample representative means; not paired
M11,M11-M00,5,second_derivative,1868.730392156863,-6.744136663486126e-08,difference of equal-sample representative means; not paired
M11,M11-M00,5,second_derivative,1874.191137254902,1.0918937445010351e-07,difference of equal-sample representative means; not paired
M11,M11-M00,5,second_derivative,1879.6518823529414,-3.0002352126355745e-07,difference of equal-sample representative means; not paired
M11,M11-M00,5,second_derivative,1885.1126274509807,-1.1143325932196785e-06,difference of equal-sample representative means; not paired
M11,M11-M00,5,second_derivative,1890.57337254902,-1.8444914574438915e-06,difference of equal-sample representative means; not paired
M11,M11-M00,5,second_derivative,1896.034117647059,-1.7221956842765438e-06,difference of equal-sample representative means; not paired
M11,M11-M00,5,second_derivative,1901.4948627450983,-4.5123487286070267e-07,difference of equal-sample representative means; not paired
M11,M11-M00,5,second_derivative,1906.9556078431374,8.394685087702552e-07,difference of equal-sample representative means; not paired
M11,M11-M00,5,second_derivative,1912.4163529411767,1.2697353191359884e-06,difference of equal-sample representative means; not paired
M11,M11-M00,5,second_derivative,1917.877098039216,1.2687487572942465e-06,difference of equal-sample representative means; not paired
M11,M11-M00,5,second_derivative,1923.3378431372553,1.184658304990646e-06,difference of equal-sample representative means; not paired
M11,M11-M00,5,second_derivative,1928.7985882352943,1.0153508814171998e-06,difference of equal-sample representative means; not paired
M11,M11-M00,5,second_derivative,1934.2593333333336,9.516288412874036e-07,difference of equal-sample representative means; not paired
M11,M11-M00,5,second_derivative,1939.7200784313727,7.778688795409983e-07,difference of equal-sample representative means; not paired
M11,M11-M00,5,second_derivative,1945.180823529412,4.972217920968738e-07,difference of equal-sample representative means; not paired
M11,M11-M00,5,second_derivative,1950.6415686274513,2.3689437913589908e-07,difference of equal-sample representative means; not paired
M11,M11-M00,5,second_derivative,1956.1023137254906,-6.914785151282079e-08,difference of equal-sample representative means; not paired
M11,M11-M00,5,second_derivative,1961.5630588235294,-3.0432939050842886e-07,difference of equal-sample representative means; not paired
M11,M11-M00,5,second_derivative,1967.0238039215687,-2.720913789273741e-07,difference of equal-sample representative means; not paired
M11,M11-M00,5,second_derivative,1972.484549019608,-1.9308715253972588e-08,difference of equal-sample representative means; not paired
M11,M11-M00,5,second_derivative,1977.9452941176473,1.8434970480436363e-08,difference of equal-sample representative means; not paired
M11,M11-M00,5,second_derivative,1983.4060392156866,-2.5502684092835833e-07,difference of equal-sample representative means; not paired
M11,M11-M00,5,second_derivative,1988.866784313726,-4.780798160995452e-07,difference of equal-sample representative means; not paired
M11,M11-M00,5,second_derivative,1994.3275294117648,-3.556540723180313e-07,difference of equal-sample representative means; not paired
M11,M11-M00,5,second_derivative,1999.788274509804,-5.16265548110722e-07,difference of equal-sample representative means; not paired
M11,M11-M00,5,second_derivative,2005.2490196078434,-5.982648784428929e-07,difference of equal-sample representative means; not paired
M11,M11-M00,5,second_derivative,2010.7097647058827,-7.541270116882693e-07,difference of equal-sample representative means; not paired
M11,M11-M00,5,second_derivative,2016.170509803922,-7.4665384832603e-07,difference of equal-sample representative means; not paired
M11,M11-M00,5,second_derivative,2021.6312549019613,-4.83085398076301e-07,difference of equal-sample representative means; not paired
M11,M11-M00,5,second_derivative,2027.092,-2.1839861077775088e-07,difference of equal-sample representative means; not paired
M11,M11-M00,5,second_derivative,2032.5527450980394,1.1748486573913089e-07,difference of equal-sample representative means; not paired
M11,M11-M00,5,second_derivative,2038.0134901960787,2.7553865429257363e-07,difference of equal-sample representative means; not paired
M11,M11-M00,5,second_derivative,2043.474235294118,6.483836089249916e-08,difference of equal-sample representative means; not paired
M11,M11-M00,5,second_derivative,2048.9349803921573,-5.0104461745480196e-08,difference of equal-sample representative means; not paired
M11,M11-M00,5,second_derivative,2054.3957254901966,-1.3374256509570987e-07,difference of equal-sample representative means; not paired
M11,M11-M00,5,second_derivative,2059.8564705882354,-1.2553680680528588e-07,difference of equal-sample representative means; not paired
M11,M11-M00,5,second_derivative,2065.3172156862747,1.6683442202044014e-07,difference of equal-sample representative means; not paired
M11,M11-M00,5,second_derivative,2070.777960784314,1.3252396727911537e-07,difference of equal-sample representative means; not paired
M11,M11-M00,5,second_derivative,2076.2387058823533,1.880284917405006e-07,difference of equal-sample representative means; not paired
M11,M11-M00,5,second_derivative,2081.6994509803926,2.2138026886466575e-07,difference of equal-sample representative means; not paired
M11,M11-M00,5,second_derivative,2087.1601960784315,4.368611297517857e-07,difference of equal-sample representative means; not paired
M11,M11-M00,5,second_derivative,2092.6209411764708,4.37967954272595e-07,difference of equal-sample representative means; not paired
M11,M11-M00,5,second_derivative,2098.08168627451,2.708643918547845e-07,difference of equal-sample representative means; not paired
M11,M11-M00,5,second_derivative,2103.5424313725493,2.356120547831275e-07,difference of equal-sample representative means; not paired
M11,M11-M00,5,second_derivative,2109.0031764705886,4.0060635265618985e-07,difference of equal-sample representative means; not paired
M11,M11-M00,5,second_derivative,2114.463921568628,2.0915822027729413e-07,difference of equal-sample representative means; not paired
M11,M11-M00,5,second_derivative,2119.924666666667,-2.6610775749649255e-08,difference of equal-sample representative means; not paired
M11,M11-M00,5,second_derivative,2125.385411764706,-6.880486797769055e-07,difference of equal-sample representative means; not paired
M11,M11-M00,5,second_derivative,2130.8461568627454,-6.185795384202744e-07,difference of equal-sample representative means; not paired
M11,M11-M00,5,second_derivative,2136.3069019607847,1.0592873271716051e-07,difference of equal-sample representative means; not paired
M11,M11-M00,5,second_derivative,2141.767647058824,7.302650286048935e-07,difference of equal-sample representative means; not paired
M11,M11-M00,5,second_derivative,2147.2283921568633,7.457948491758567e-07,difference of equal-sample representative means; not paired
M11,M11-M00,5,second_derivative,2152.689137254902,4.6618028532743015e-07,difference of equal-sample representative means; not paired
M11,M11-M00,5,second_derivative,2158.1498823529414,1.4676982749644002e-07,difference of equal-sample representative means; not paired
M11,M11-M00,5,second_derivative,2163.6106274509807,1.3015021116574906e-07,difference of equal-sample representative means; not paired
M11,M11-M00,5,second_derivative,2169.07137254902,4.083680878728176e-08,difference of equal-sample representative means; not paired
M11,M11-M00,5,second_derivative,2174.5321176470593,-1.8803650772801647e-07,difference of equal-sample representative means; not paired
M11,M11-M00,5,second_derivative,2179.992862745098,-4.4148032490582055e-07,difference of equal-sample representative means; not paired
M11,M11-M00,5,second_derivative,2185.4536078431374,-3.012124235571745e-07,difference of equal-sample representative means; not paired
M11,M11-M00,5,second_derivative,2190.9143529411767,-5.4053838989483226e-08,difference of equal-sample representative means; not paired
M11,M11-M00,5,second_derivative,2196.375098039216,-2.545124529246954e-07,difference of equal-sample representative means; not paired
M11,M11-M00,5,second_derivative,2201.8358431372553,-4.0582947861931575e-08,difference of equal-sample representative means; not paired
M11,M11-M00,5,second_derivative,2207.2965882352946,9.557964550295138e-08,difference of equal-sample representative means; not paired
M11,M11-M00,5,second_derivative,2212.7573333333335,-2.5324794225470706e-07,difference of equal-sample representative means; not paired
M11,M11-M00,5,second_derivative,2218.2180784313728,-5.992459585165802e-07,difference of equal-sample representative means; not paired
M11,M11-M00,5,second_derivative,2223.678823529412,-8.062581217632676e-07,difference of equal-sample representative means; not paired
M11,M11-M00,5,second_derivative,2229.1395686274514,-6.619637967498733e-07,difference of equal-sample representative means; not paired
M11,M11-M00,5,second_derivative,2234.6003137254907,1.497787126001005e-07,difference of equal-sample representative means; not paired
M11,M11-M00,5,second_derivative,2240.06105882353,2.868987806407499e-07,difference of equal-sample representative means; not paired
M11,M11-M00,5,second_derivative,2245.521803921569,-6.659165708506655e-07,difference of equal-sample representative means; not paired
M11,M11-M00,5,second_derivative,2250.982549019608,-9.269211119807951e-07,difference of equal-sample representative means; not paired
M11,M11-M00,5,second_derivative,2256.4432941176474,-5.752921248971147e-07,difference of equal-sample representative means; not paired
M11,M11-M00,5,second_derivative,2261.9040392156867,6.774541233992469e-07,difference of equal-sample representative means; not paired
M11,M11-M00,5,second_derivative,2267.364784313726,1.760195541607168e-06,difference of equal-sample representative means; not paired
M11,M11-M00,5,second_derivative,2272.825529411765,1.440399954680919e-06,difference of equal-sample representative means; not paired
M11,M11-M00,5,second_derivative,2278.286274509804,-1.6924905635594704e-08,difference of equal-sample representative means; not paired
M11,M11-M00,5,second_derivative,2283.7470196078434,-1.3423978945577986e-06,difference of equal-sample representative means; not paired
M11,M11-M00,5,second_derivative,2289.2077647058827,-7.5601535381642675e-06,difference of equal-sample representative means; not paired
M11,M11-M00,5,second_derivative,2294.668509803922,-7.5601535381646554e-06,difference of equal-sample representative means; not paired
M11,M11-M00,5,second_derivative,2300.1292549019613,-7.5601535381646554e-06,difference of equal-sample representative means; not paired
M11,M11-M00,5,second_derivative,2305.59,-7.5601535381646554e-06,difference of equal-sample representative means; not paired
M11,M11-M00,6,reflectance,913.1,0.0030101664119029925,difference of equal-sample representative means; not paired
M11,M11-M00,6,reflectance,918.5607450980392,0.001890007159459861,difference of equal-sample representative means; not paired
M11,M11-M00,6,reflectance,924.0214901960785,0.001089011984820032,difference of equal-sample representative means; not paired
M11,M11-M00,6,reflectance,929.4822352941177,0.0006839352771003115,difference of equal-sample representative means; not paired
M11,M11-M00,6,reflectance,934.9429803921569,0.00043824138103520927,difference of equal-sample representative means; not paired
M11,M11-M00,6,reflectance,940.4037254901962,0.00025779918989954353,difference of equal-sample representative means; not paired
M11,M11-M00,6,reflectance,945.8644705882353,0.0001850846449135135,difference of equal-sample representative means; not paired
M11,M11-M00,6,reflectance,951.3252156862745,9.048773409592314e-05,difference of equal-sample representative means; not paired
M11,M11-M00,6,reflectance,956.7859607843137,-1.7526781293630833e-05,difference of equal-sample representative means; not paired
M11,M11-M00,6,reflectance,962.246705882353,-0.00022076527104331056,difference of equal-sample representative means; not paired
M11,M11-M00,6,reflectance,967.7074509803922,-0.000403362860117884,difference of equal-sample representative means; not paired
M11,M11-M00,6,reflectance,973.1681960784314,-0.0005910940043430957,difference of equal-sample representative means; not paired
M11,M11-M00,6,reflectance,978.6289411764706,-0.000769534394343907,difference of equal-sample representative means; not paired
M11,M11-M00,6,reflectance,984.0896862745099,-0.0009064998985599537,difference of equal-sample representative means; not paired
M11,M11-M00,6,reflectance,989.550431372549,-0.0010132876814179514,difference of equal-sample representative means; not paired
M11,M11-M00,6,reflectance,995.0111764705882,-0.001018991484578069,difference of equal-sample representative means; not paired
M11,M11-M00,6,reflectance,1000.4719215686275,-0.0010234041992788212,difference of equal-sample representative means; not paired
M11,M11-M00,6,reflectance,1005.9326666666667,-0.0009761793532689911,difference of equal-sample representative means; not paired
M11,M11-M00,6,reflectance,1011.3934117647059,-0.0009225380287527507,difference of equal-sample representative means; not paired
M11,M11-M00,6,reflectance,1016.8541568627452,-0.0008891712277683261,difference of equal-sample representative means; not paired
M11,M11-M00,6,reflectance,1022.3149019607844,-0.00086131556721325,difference of equal-sample representative means; not paired
M11,M11-M00,6,reflectance,1027.7756470588236,-0.0008018105268688958,difference of equal-sample representative means; not paired
M11,M11-M00,6,reflectance,1033.2363921568628,-0.0007299937835290038,difference of equal-sample representative means; not paired
M11,M11-M00,6,reflectance,1038.697137254902,-0.0006830573424275732,difference of equal-sample representative means; not paired
M11,M11-M00,6,reflectance,1044.1578823529412,-0.0006467098567732865,difference of equal-sample representative means; not paired
M11,M11-M00,6,reflectance,1049.6186274509805,-0.0005989498427763085,difference of equal-sample representative means; not paired
M11,M11-M00,6,reflectance,1055.0793725490196,-0.0005449658392627788,difference of equal-sample representative means; not paired
M11,M11-M00,6,reflectance,1060.5401176470589,-0.0004911880979242556,difference of equal-sample representative means; not paired
M11,M11-M00,6,reflectance,1066.0008627450982,-0.0004384141021562815,difference of equal-sample representative means; not paired
M11,M11-M00,6,reflectance,1071.4616078431372,-0.00039977867618501417,difference of equal-sample representative means; not paired
M11,M11-M00,6,reflectance,1076.9223529411765,-0.00034457545332189365,difference of equal-sample representative means; not paired
M11,M11-M00,6,reflectance,1082.3830980392158,-0.0003125607955254406,difference of equal-sample representative means; not paired
M11,M11-M00,6,reflectance,1087.843843137255,-0.00027173462937413184,difference of equal-sample representative means; not paired
M11,M11-M00,6,reflectance,1093.3045882352942,-0.00022808875986279897,difference of equal-sample representative means; not paired
M11,M11-M00,6,reflectance,1098.7653333333333,-0.00019753014029932903,difference of equal-sample representative means; not paired
M11,M11-M00,6,reflectance,1104.2260784313726,-0.00019611956331555547,difference of equal-sample representative means; not paired
M11,M11-M00,6,reflectance,1109.6868235294119,-0.00023883663321722093,difference of equal-sample representative means; not paired
M11,M11-M00,6,reflectance,1115.1475686274512,-0.00032927345346445147,difference of equal-sample representative means; not paired
M11,M11-M00,6,reflectance,1120.6083137254902,-0.0005104261918706943,difference of equal-sample representative means; not paired
M11,M11-M00,6,reflectance,1126.0690588235295,-0.0007713830747143602,difference of equal-sample representative means; not paired
M11,M11-M00,6,reflectance,1131.5298039215686,-0.001077782701515595,difference of equal-sample representative means; not paired
M11,M11-M00,6,reflectance,1136.990549019608,-0.0013899622157353964,difference of equal-sample representative means; not paired
M11,M11-M00,6,reflectance,1142.4512941176472,-0.0016852461026400922,difference of equal-sample representative means; not paired
M11,M11-M00,6,reflectance,1147.9120392156863,-0.0019718074042566203,difference of equal-sample representative means; not paired
M11,M11-M00,6,reflectance,1153.3727843137256,-0.0022833806164366255,difference of equal-sample representative means; not paired
M11,M11-M00,6,reflectance,1158.8335294117649,-0.002601959446860147,difference of equal-sample representative means; not paired
M11,M11-M00,6,reflectance,1164.294274509804,-0.0028787125957396853,difference of equal-sample representative means; not paired
M11,M11-M00,6,reflectance,1169.7550196078432,-0.0031300111143174325,difference of equal-sample representative means; not paired
M11,M11-M00,6,reflectance,1175.2157647058825,-0.0033448876403320282,difference of equal-sample representative means; not paired
M11,M11-M00,6,reflectance,1180.6765098039216,-0.0035377455874660013,difference of equal-sample representative means; not paired
M11,M11-M00,6,reflectance,1186.137254901961,-0.0037535721967433266,difference of equal-sample representative means; not paired
M11,M11-M00,6,reflectance,1191.598,-0.0039988718820569424,difference of equal-sample representative means; not paired
M11,M11-M00,6,reflectance,1197.0587450980393,-0.004109504237375217,difference of equal-sample representative means; not paired
M11,M11-M00,6,reflectance,1202.5194901960786,-0.004214623029186959,difference of equal-sample representative means; not paired
M11,M11-M00,6,reflectance,1207.9802352941178,-0.004282528348480974,difference of equal-sample representative means; not paired
M11,M11-M00,6,reflectance,1213.440980392157,-0.004353632686521003,difference of equal-sample representative means; not paired
M11,M11-M00,6,reflectance,1218.9017254901962,-0.004399490063110356,difference of equal-sample representative means; not paired
M11,M11-M00,6,reflectance,1224.3624705882353,-0.004377552760073344,difference of equal-sample representative means; not paired
M11,M11-M00,6,reflectance,1229.8232156862746,-0.004360013761105064,difference of equal-sample representative means; not paired
M11,M11-M00,6,reflectance,1235.2839607843139,-0.004376636381655419,difference of equal-sample representative means; not paired
M11,M11-M00,6,reflectance,1240.7447058823532,-0.004263040967993126,difference of equal-sample representative means; not paired
M11,M11-M00,6,reflectance,1246.2054509803922,-0.004170071935020947,difference of equal-sample representative means; not paired
M11,M11-M00,6,reflectance,1251.6661960784315,-0.004096694148946756,difference of equal-sample representative means; not paired
M11,M11-M00,6,reflectance,1257.1269411764706,-0.0040287250936229535,difference of equal-sample representative means; not paired
M11,M11-M00,6,reflectance,1262.58768627451,-0.003916098358355047,difference of equal-sample representative means; not paired
M11,M11-M00,6,reflectance,1268.0484313725492,-0.0037237607930094008,difference of equal-sample representative means; not paired
M11,M11-M00,6,reflectance,1273.5091764705883,-0.003789314533522714,difference of equal-sample representative means; not paired
M11,M11-M00,6,reflectance,1278.9699215686276,-0.003711243944721998,difference of equal-sample representative means; not paired
M11,M11-M00,6,reflectance,1284.4306666666666,-0.0036096482083015635,difference of equal-sample representative means; not paired
M11,M11-M00,6,reflectance,1289.891411764706,-0.003514765381204321,difference of equal-sample representative means; not paired
M11,M11-M00,6,reflectance,1295.3521568627452,-0.0034521233791702244,difference of equal-sample representative means; not paired
M11,M11-M00,6,reflectance,1300.8129019607845,-0.003407983447777041,difference of equal-sample representative means; not paired
M11,M11-M00,6,reflectance,1306.2736470588236,-0.0033702010069243116,difference of equal-sample representative means; not paired
M11,M11-M00,6,reflectance,1311.734392156863,-0.0034365347324051276,difference of equal-sample representative means; not paired
M11,M11-M00,6,reflectance,1317.195137254902,-0.0035313586896137394,difference of equal-sample representative means; not paired
M11,M11-M00,6,reflectance,1322.6558823529413,-0.0036609976103736397,difference of equal-sample representative means; not paired
M11,M11-M00,6,reflectance,1328.1166274509806,-0.0038494209160816473,difference of equal-sample representative means; not paired
M11,M11-M00,6,reflectance,1333.5773725490199,-0.004090802837320551,difference of equal-sample representative means; not paired
M11,M11-M00,6,reflectance,1339.038117647059,-0.004384111108779565,difference of equal-sample representative means; not paired
M11,M11-M00,6,reflectance,1344.4988627450982,-0.004725911124170978,difference of equal-sample representative means; not paired
M11,M11-M00,6,reflectance,1349.9596078431373,-0.005089427713813821,difference of equal-sample representative means; not paired
M11,M11-M00,6,reflectance,1355.4203529411766,-0.005411385891687104,difference of equal-sample representative means; not paired
M11,M11-M00,6,reflectance,1360.8810980392159,-0.0056931519842958744,difference of equal-sample representative means; not paired
M11,M11-M00,6,reflectance,1366.341843137255,-0.005952261931331915,difference of equal-sample representative means; not paired
M11,M11-M00,6,reflectance,1371.8025882352943,-0.0061569493926240115,difference of equal-sample representative means; not paired
M11,M11-M00,6,reflectance,1377.2633333333333,-0.006303543670708289,difference of equal-sample representative means; not paired
M11,M11-M00,6,reflectance,1382.7240784313726,-0.006422872986928785,difference of equal-sample representative means; not paired
M11,M11-M00,6,reflectance,1388.184823529412,-0.006570472116260828,difference of equal-sample representative means; not paired
M11,M11-M00,6,reflectance,1393.6455686274512,-0.006810646257025987,difference of equal-sample representative means; not paired
M11,M11-M00,6,reflectance,1399.1063137254903,-0.007053375393151706,difference of equal-sample representative means; not paired
M11,M11-M00,6,reflectance,1404.5670588235296,-0.007330964977382892,difference of equal-sample representative means; not paired
M11,M11-M00,6,reflectance,1410.0278039215686,-0.00757584124450833,difference of equal-sample representative means; not paired
M11,M11-M00,6,reflectance,1415.488549019608,-0.007747771078486898,difference of equal-sample representative means; not paired
M11,M11-M00,6,reflectance,1420.9492941176472,-0.007853223242569207,difference of equal-sample representative means; not paired
M11,M11-M00,6,reflectance,1426.4100392156865,-0.00791889758286346,difference of equal-sample representative means; not paired
M11,M11-M00,6,reflectance,1431.8707843137256,-0.007945253276635533,difference of equal-sample representative means; not paired
M11,M11-M00,6,reflectance,1437.3315294117647,-0.007935997122953953,difference of equal-sample representative means; not paired
M11,M11-M00,6,reflectance,1442.792274509804,-0.007952989163061364,difference of equal-sample representative means; not paired
M11,M11-M00,6,reflectance,1448.2530196078433,-0.007960987700013189,difference of equal-sample representative means; not paired
M11,M11-M00,6,reflectance,1453.7137647058826,-0.007953946115030197,difference of equal-sample representative means; not paired
M11,M11-M00,6,reflectance,1459.1745098039219,-0.007959330788901264,difference of equal-sample representative means; not paired
M11,M11-M00,6,reflectance,1464.635254901961,-0.007988956024028881,difference of equal-sample representative means; not paired
M11,M11-M00,6,reflectance,1470.096,-0.008010723449338508,difference of equal-sample representative means; not paired
M11,M11-M00,6,reflectance,1475.5567450980393,-0.008002974994720635,difference of equal-sample representative means; not paired
M11,M11-M00,6,reflectance,1481.0174901960786,-0.007992894419467433,difference of equal-sample representative means; not paired
M11,M11-M00,6,reflectance,1486.478235294118,-0.008006324964299094,difference of equal-sample representative means; not paired
M11,M11-M00,6,reflectance,1491.938980392157,-0.00802460465421162,difference of equal-sample representative means; not paired
M11,M11-M00,6,reflectance,1497.3997254901963,-0.008030939677011573,difference of equal-sample representative means; not paired
M11,M11-M00,6,reflectance,1502.8604705882353,-0.0080360318203338,difference of equal-sample representative means; not paired
M11,M11-M00,6,reflectance,1508.3212156862746,-0.008057889433777832,difference of equal-sample representative means; not paired
M11,M11-M00,6,reflectance,1513.781960784314,-0.008071551663936471,difference of equal-sample representative means; not paired
M11,M11-M00,6,reflectance,1519.2427058823532,-0.00806786860325065,difference of equal-sample representative means; not paired
M11,M11-M00,6,reflectance,1524.7034509803923,-0.00809239074354684,difference of equal-sample representative means; not paired
M11,M11-M00,6,reflectance,1530.1641960784316,-0.00808544847572834,difference of equal-sample representative means; not paired
M11,M11-M00,6,reflectance,1535.6249411764707,-0.008077205709071777,difference of equal-sample representative means; not paired
M11,M11-M00,6,reflectance,1541.08568627451,-0.008085935654617404,difference of equal-sample representative means; not paired
M11,M11-M00,6,reflectance,1546.5464313725493,-0.008102804614467662,difference of equal-sample representative means; not paired
M11,M11-M00,6,reflectance,1552.0071764705885,-0.008112037202577915,difference of equal-sample representative means; not paired
M11,M11-M00,6,reflectance,1557.4679215686276,-0.008138100411874571,difference of equal-sample representative means; not paired
M11,M11-M00,6,reflectance,1562.9286666666667,-0.008126411509488729,difference of equal-sample representative means; not paired
M11,M11-M00,6,reflectance,1568.389411764706,-0.008117834872798824,difference of equal-sample representative means; not paired
M11,M11-M00,6,reflectance,1573.8501568627453,-0.008116528412081325,difference of equal-sample representative means; not paired
M11,M11-M00,6,reflectance,1579.3109019607846,-0.008111970484343312,difference of equal-sample representative means; not paired
M11,M11-M00,6,reflectance,1584.7716470588239,-0.008092408379209992,difference of equal-sample representative means; not paired
M11,M11-M00,6,reflectance,1590.232392156863,-0.008056588850129998,difference of equal-sample representative means; not paired
M11,M11-M00,6,reflectance,1595.693137254902,-0.008019486447644886,difference of equal-sample representative means; not paired
M11,M11-M00,6,reflectance,1601.1538823529413,-0.007971045231717877,difference of equal-sample representative means; not paired
M11,M11-M00,6,reflectance,1606.6146274509806,-0.007916877167773617,difference of equal-sample representative means; not paired
M11,M11-M00,6,reflectance,1612.07537254902,-0.007849679395147247,difference of equal-sample representative means; not paired
M11,M11-M00,6,reflectance,1617.536117647059,-0.00777353304315298,difference of equal-sample representative means; not paired
M11,M11-M00,6,reflectance,1622.9968627450983,-0.007695205083038337,difference of equal-sample representative means; not paired
M11,M11-M00,6,reflectance,1628.4576078431373,-0.007622267212844092,difference of equal-sample representative means; not paired
M11,M11-M00,6,reflectance,1633.9183529411766,-0.007558022882069693,difference of equal-sample representative means; not paired
M11,M11-M00,6,reflectance,1639.379098039216,-0.007477095636486519,difference of equal-sample representative means; not paired
M11,M11-M00,6,reflectance,1644.8398431372552,-0.00742043815571608,difference of equal-sample representative means; not paired
M11,M11-M00,6,reflectance,1650.3005882352943,-0.007327732321645519,difference of equal-sample representative means; not paired
M11,M11-M00,6,reflectance,1655.7613333333334,-0.007216343091746458,difference of equal-sample representative means; not paired
M11,M11-M00,6,reflectance,1661.2220784313727,-0.007097559574184398,difference of equal-sample representative means; not paired
M11,M11-M00,6,reflectance,1666.682823529412,-0.006999372291229711,difference of equal-sample representative means; not paired
M11,M11-M00,6,reflectance,1672.1435686274513,-0.006940512074801619,difference of equal-sample representative means; not paired
M11,M11-M00,6,reflectance,1677.6043137254906,-0.0068678549433637825,difference of equal-sample representative means; not paired
M11,M11-M00,6,reflectance,1683.0650588235296,-0.006828565728834002,difference of equal-sample representative means; not paired
M11,M11-M00,6,reflectance,1688.5258039215687,-0.006812408815121351,difference of equal-sample representative means; not paired
M11,M11-M00,6,reflectance,1693.986549019608,-0.00680871956694068,difference of equal-sample representative means; not paired
M11,M11-M00,6,reflectance,1699.4472941176473,-0.006822053387798732,difference of equal-sample representative means; not paired
M11,M11-M00,6,reflectance,1704.9080392156866,-0.006845696801091039,difference of equal-sample representative means; not paired
M11,M11-M00,6,reflectance,1710.3687843137257,-0.0068703940578899725,difference of equal-sample representative means; not paired
M11,M11-M00,6,reflectance,1715.829529411765,-0.006897466667160346,difference of equal-sample representative means; not paired
M11,M11-M00,6,reflectance,1721.290274509804,-0.006933833206107576,difference of equal-sample representative means; not paired
M11,M11-M00,6,reflectance,1726.7510196078433,-0.006964396178315846,difference of equal-sample representative means; not paired
M11,M11-M00,6,reflectance,1732.2117647058826,-0.006960777595004908,difference of equal-sample representative means; not paired
M11,M11-M00,6,reflectance,1737.672509803922,-0.0069698228502675375,difference of equal-sample representative means; not paired
M11,M11-M00,6,reflectance,1743.133254901961,-0.00699099397552938,difference of equal-sample representative means; not paired
M11,M11-M00,6,reflectance,1748.594,-0.006956835063538613,difference of equal-sample representative means; not paired
M11,M11-M00,6,reflectance,1754.0547450980393,-0.006885562443825377,difference of equal-sample representative means; not paired
M11,M11-M00,6,reflectance,1759.5154901960786,-0.007060898262357396,difference of equal-sample representative means; not paired
M11,M11-M00,6,reflectance,1764.976235294118,-0.007093474281922363,difference of equal-sample representative means; not paired
M11,M11-M00,6,reflectance,1770.4369803921572,-0.007145831924242174,difference of equal-sample representative means; not paired
M11,M11-M00,6,reflectance,1775.8977254901963,-0.007159932050450735,difference of equal-sample representative means; not paired
M11,M11-M00,6,reflectance,1781.3584705882354,-0.007178345338600345,difference of equal-sample representative means; not paired
M11,M11-M00,6,reflectance,1786.8192156862747,-0.007201958667747421,difference of equal-sample representative means; not paired
M11,M11-M00,6,reflectance,1792.279960784314,-0.007210277809522658,difference of equal-sample representative means; not paired
M11,M11-M00,6,reflectance,1797.7407058823533,-0.007202574927369698,difference of equal-sample representative means; not paired
M11,M11-M00,6,reflectance,1803.2014509803923,-0.007192009791172904,difference of equal-sample representative means; not paired
M11,M11-M00,6,reflectance,1808.6621960784316,-0.00721745855756134,difference of equal-sample representative means; not paired
M11,M11-M00,6,reflectance,1814.1229411764707,-0.0071966539983421285,difference of equal-sample representative means; not paired
M11,M11-M00,6,reflectance,1819.58368627451,-0.007183252902862924,difference of equal-sample representative means; not paired
M11,M11-M00,6,reflectance,1825.0444313725493,-0.0071866606657247645,difference of equal-sample representative means; not paired
M11,M11-M00,6,reflectance,1830.5051764705886,-0.007194988604138863,difference of equal-sample representative means; not paired
M11,M11-M00,6,reflectance,1835.9659215686277,-0.007190440685562849,difference of equal-sample representative means; not paired
M11,M11-M00,6,reflectance,1841.4266666666667,-0.007159199656213866,difference of equal-sample representative means; not paired
M11,M11-M00,6,reflectance,1846.887411764706,-0.007129241613808235,difference of equal-sample representative means; not paired
M11,M11-M00,6,reflectance,1852.3481568627453,-0.00715883991259092,difference of equal-sample representative means; not paired
M11,M11-M00,6,reflectance,1857.8089019607846,-0.0072046135696984814,difference of equal-sample representative means; not paired
M11,M11-M00,6,reflectance,1863.269647058824,-0.00722483508114663,difference of equal-sample representative means; not paired
M11,M11-M00,6,reflectance,1868.730392156863,-0.007235003648955685,difference of equal-sample representative means; not paired
M11,M11-M00,6,reflectance,1874.191137254902,-0.007257127651892625,difference of equal-sample representative means; not paired
M11,M11-M00,6,reflectance,1879.6518823529414,-0.007289163593638903,difference of equal-sample representative means; not paired
M11,M11-M00,6,reflectance,1885.1126274509807,-0.007336343119721311,difference of equal-sample representative means; not paired
M11,M11-M00,6,reflectance,1890.57337254902,-0.007323319936141326,difference of equal-sample representative means; not paired
M11,M11-M00,6,reflectance,1896.034117647059,-0.0072871231982600815,difference of equal-sample representative means; not paired
M11,M11-M00,6,reflectance,1901.4948627450983,-0.007207892400077021,difference of equal-sample representative means; not paired
M11,M11-M00,6,reflectance,1906.9556078431374,-0.007048835543905119,difference of equal-sample representative means; not paired
M11,M11-M00,6,reflectance,1912.4163529411767,-0.006823474106075145,difference of equal-sample representative means; not paired
M11,M11-M00,6,reflectance,1917.877098039216,-0.0065809068412421845,difference of equal-sample representative means; not paired
M11,M11-M00,6,reflectance,1923.3378431372553,-0.006368261007978077,difference of equal-sample representative means; not paired
M11,M11-M00,6,reflectance,1928.7985882352943,-0.006260662113034721,difference of equal-sample representative means; not paired
M11,M11-M00,6,reflectance,1934.2593333333336,-0.006187085707197393,difference of equal-sample representative means; not paired
M11,M11-M00,6,reflectance,1939.7200784313727,-0.006166873948434959,difference of equal-sample representative means; not paired
M11,M11-M00,6,reflectance,1945.180823529412,-0.006170467390947093,difference of equal-sample representative means; not paired
M11,M11-M00,6,reflectance,1950.6415686274513,-0.006205182331680298,difference of equal-sample representative means; not paired
M11,M11-M00,6,reflectance,1956.1023137254906,-0.006252792322290618,difference of equal-sample representative means; not paired
M11,M11-M00,6,reflectance,1961.5630588235294,-0.006288661841749005,difference of equal-sample representative means; not paired
M11,M11-M00,6,reflectance,1967.0238039215687,-0.006364741273673202,difference of equal-sample representative means; not paired
M11,M11-M00,6,reflectance,1972.484549019608,-0.006413446400287237,difference of equal-sample representative means; not paired
M11,M11-M00,6,reflectance,1977.9452941176473,-0.0064289897585367295,difference of equal-sample representative means; not paired
M11,M11-M00,6,reflectance,1983.4060392156866,-0.006425118839655797,difference of equal-sample representative means; not paired
M11,M11-M00,6,reflectance,1988.866784313726,-0.006424802214680669,difference of equal-sample representative means; not paired
M11,M11-M00,6,reflectance,1994.3275294117648,-0.006426299747929409,difference of equal-sample representative means; not paired
M11,M11-M00,6,reflectance,1999.788274509804,-0.006419070766835733,difference of equal-sample representative means; not paired
M11,M11-M00,6,reflectance,2005.2490196078434,-0.0064068862172287355,difference of equal-sample representative means; not paired
M11,M11-M00,6,reflectance,2010.7097647058827,-0.006416102458134787,difference of equal-sample representative means; not paired
M11,M11-M00,6,reflectance,2016.170509803922,-0.006401098096099123,difference of equal-sample representative means; not paired
M11,M11-M00,6,reflectance,2021.6312549019613,-0.0063957617873356964,difference of equal-sample representative means; not paired
M11,M11-M00,6,reflectance,2027.092,-0.006407821225858534,difference of equal-sample representative means; not paired
M11,M11-M00,6,reflectance,2032.5527450980394,-0.006414168026595224,difference of equal-sample representative means; not paired
M11,M11-M00,6,reflectance,2038.0134901960787,-0.006421940631354206,difference of equal-sample representative means; not paired
M11,M11-M00,6,reflectance,2043.474235294118,-0.00640920722970717,difference of equal-sample representative means; not paired
M11,M11-M00,6,reflectance,2048.9349803921573,-0.00629883555138222,difference of equal-sample representative means; not paired
M11,M11-M00,6,reflectance,2054.3957254901966,-0.006356948393895001,difference of equal-sample representative means; not paired
M11,M11-M00,6,reflectance,2059.8564705882354,-0.006362307275641688,difference of equal-sample representative means; not paired
M11,M11-M00,6,reflectance,2065.3172156862747,-0.00636830139880884,difference of equal-sample representative means; not paired
M11,M11-M00,6,reflectance,2070.777960784314,-0.006352994757436781,difference of equal-sample representative means; not paired
M11,M11-M00,6,reflectance,2076.2387058823533,-0.006332738453812603,difference of equal-sample representative means; not paired
M11,M11-M00,6,reflectance,2081.6994509803926,-0.00632073916237802,difference of equal-sample representative means; not paired
M11,M11-M00,6,reflectance,2087.1601960784315,-0.006311059657762463,difference of equal-sample representative means; not paired
M11,M11-M00,6,reflectance,2092.6209411764708,-0.006305076623932981,difference of equal-sample representative means; not paired
M11,M11-M00,6,reflectance,2098.08168627451,-0.00634768145021114,difference of equal-sample representative means; not paired
M11,M11-M00,6,reflectance,2103.5424313725493,-0.006348480449944127,difference of equal-sample representative means; not paired
M11,M11-M00,6,reflectance,2109.0031764705886,-0.006368074085723152,difference of equal-sample representative means; not paired
M11,M11-M00,6,reflectance,2114.463921568628,-0.006395744147426441,difference of equal-sample representative means; not paired
M11,M11-M00,6,reflectance,2119.924666666667,-0.006394870807197139,difference of equal-sample representative means; not paired
M11,M11-M00,6,reflectance,2125.385411764706,-0.006379855774046317,difference of equal-sample representative means; not paired
M11,M11-M00,6,reflectance,2130.8461568627454,-0.00641265754432202,difference of equal-sample representative means; not paired
M11,M11-M00,6,reflectance,2136.3069019607847,-0.0064453502079105385,difference of equal-sample representative means; not paired
M11,M11-M00,6,reflectance,2141.767647058824,-0.006475380369464601,difference of equal-sample representative means; not paired
M11,M11-M00,6,reflectance,2147.2283921568633,-0.006497950167639044,difference of equal-sample representative means; not paired
M11,M11-M00,6,reflectance,2152.689137254902,-0.006483842435581422,difference of equal-sample representative means; not paired
M11,M11-M00,6,reflectance,2158.1498823529414,-0.006492590852724578,difference of equal-sample representative means; not paired
M11,M11-M00,6,reflectance,2163.6106274509807,-0.006540993803980266,difference of equal-sample representative means; not paired
M11,M11-M00,6,reflectance,2169.07137254902,-0.006577512022885645,difference of equal-sample representative means; not paired
M11,M11-M00,6,reflectance,2174.5321176470593,-0.006543734666268897,difference of equal-sample representative means; not paired
M11,M11-M00,6,reflectance,2179.992862745098,-0.00653900558741588,difference of equal-sample representative means; not paired
M11,M11-M00,6,reflectance,2185.4536078431374,-0.006556299941017363,difference of equal-sample representative means; not paired
M11,M11-M00,6,reflectance,2190.9143529411767,-0.006520241446155262,difference of equal-sample representative means; not paired
M11,M11-M00,6,reflectance,2196.375098039216,-0.006518588595568642,difference of equal-sample representative means; not paired
M11,M11-M00,6,reflectance,2201.8358431372553,-0.006525603410034053,difference of equal-sample representative means; not paired
M11,M11-M00,6,reflectance,2207.2965882352946,-0.006531041937688553,difference of equal-sample representative means; not paired
M11,M11-M00,6,reflectance,2212.7573333333335,-0.006534806270920179,difference of equal-sample representative means; not paired
M11,M11-M00,6,reflectance,2218.2180784313728,-0.006473363749441352,difference of equal-sample representative means; not paired
M11,M11-M00,6,reflectance,2223.678823529412,-0.006619769769873274,difference of equal-sample representative means; not paired
M11,M11-M00,6,reflectance,2229.1395686274514,-0.006619556851605035,difference of equal-sample representative means; not paired
M11,M11-M00,6,reflectance,2234.6003137254907,-0.006601365740169007,difference of equal-sample representative means; not paired
M11,M11-M00,6,reflectance,2240.06105882353,-0.006557478453435961,difference of equal-sample representative means; not paired
M11,M11-M00,6,reflectance,2245.521803921569,-0.0064692202595679205,difference of equal-sample representative means; not paired
M11,M11-M00,6,reflectance,2250.982549019608,-0.006328441389746142,difference of equal-sample representative means; not paired
M11,M11-M00,6,reflectance,2256.4432941176474,-0.00613801393086022,difference of equal-sample representative means; not paired
M11,M11-M00,6,reflectance,2261.9040392156867,-0.0059053842007354695,difference of equal-sample representative means; not paired
M11,M11-M00,6,reflectance,2267.364784313726,-0.005696380880933216,difference of equal-sample representative means; not paired
M11,M11-M00,6,reflectance,2272.825529411765,-0.005429349765741998,difference of equal-sample representative means; not paired
M11,M11-M00,6,reflectance,2278.286274509804,-0.00516249464278129,difference of equal-sample representative means; not paired
M11,M11-M00,6,reflectance,2283.7470196078434,-0.004872715225175767,difference of equal-sample representative means; not paired
M11,M11-M00,6,reflectance,2289.2077647058827,-0.0045805860666008336,difference of equal-sample representative means; not paired
M11,M11-M00,6,reflectance,2294.668509803922,-0.004288865417073684,difference of equal-sample representative means; not paired
M11,M11-M00,6,reflectance,2300.1292549019613,-0.004045701692808934,difference of equal-sample representative means; not paired
M11,M11-M00,6,reflectance,2305.59,-0.004342157968161037,difference of equal-sample representative means; not paired
M11,M11-M00,6,snv,913.1,0.038601661334844994,difference of equal-sample representative means; not paired
M11,M11-M00,6,snv,918.5607450980392,0.02926482325956803,difference of equal-sample representative means; not paired
M11,M11-M00,6,snv,924.0214901960785,0.023125035971980124,difference of equal-sample representative means; not paired
M11,M11-M00,6,snv,929.4822352941177,0.019979780863217167,difference of equal-sample representative means; not paired
M11,M11-M00,6,snv,934.9429803921569,0.017708719323646926,difference of equal-sample representative means; not paired
M11,M11-M00,6,snv,940.4037254901962,0.01572128975200715,difference of equal-sample representative means; not paired
M11,M11-M00,6,snv,945.8644705882353,0.014699989501475885,difference of equal-sample representative means; not paired
M11,M11-M00,6,snv,951.3252156862745,0.013904036149464893,difference of equal-sample representative means; not paired
M11,M11-M00,6,snv,956.7859607843137,0.013114701023251518,difference of equal-sample representative means; not paired
M11,M11-M00,6,snv,962.246705882353,0.01194235998906823,difference of equal-sample representative means; not paired
M11,M11-M00,6,snv,967.7074509803922,0.011015968207733096,difference of equal-sample representative means; not paired
M11,M11-M00,6,snv,973.1681960784314,0.01006986902806184,difference of equal-sample representative means; not paired
M11,M11-M00,6,snv,978.6289411764706,0.0091646546899804,difference of equal-sample representative means; not paired
M11,M11-M00,6,snv,984.0896862745099,0.00848065299369738,difference of equal-sample representative means; not paired
M11,M11-M00,6,snv,989.550431372549,0.007861988270205122,difference of equal-sample representative means; not paired
M11,M11-M00,6,snv,995.0111764705882,0.007816571992056653,difference of equal-sample representative means; not paired
M11,M11-M00,6,snv,1000.4719215686275,0.007589476748115942,difference of equal-sample representative means; not paired
M11,M11-M00,6,snv,1005.9326666666667,0.007750704910465256,difference of equal-sample representative means; not paired
M11,M11-M00,6,snv,1011.3934117647059,0.007897766149741248,difference of equal-sample representative means; not paired
M11,M11-M00,6,snv,1016.8541568627452,0.007852983810718861,difference of equal-sample representative means; not paired
M11,M11-M00,6,snv,1022.3149019607844,0.007764153448096112,difference of equal-sample representative means; not paired
M11,M11-M00,6,snv,1027.7756470588236,0.00788841202739854,difference of equal-sample representative means; not paired
M11,M11-M00,6,snv,1033.2363921568628,0.008076373711277007,difference of equal-sample representative means; not paired
M11,M11-M00,6,snv,1038.697137254902,0.008143935737236596,difference of equal-sample representative means; not paired
M11,M11-M00,6,snv,1044.1578823529412,0.008175451779230514,difference of equal-sample representative means; not paired
M11,M11-M00,6,snv,1049.6186274509805,0.00831945768113762,difference of equal-sample representative means; not paired
M11,M11-M00,6,snv,1055.0793725490196,0.008447341651465212,difference of equal-sample representative means; not paired
M11,M11-M00,6,snv,1060.5401176470589,0.008547580882809491,difference of equal-sample representative means; not paired
M11,M11-M00,6,snv,1066.0008627450982,0.008718761471781633,difference of equal-sample representative means; not paired
M11,M11-M00,6,snv,1071.4616078431372,0.008691092490928254,difference of equal-sample representative means; not paired
M11,M11-M00,6,snv,1076.9223529411765,0.008845813092761556,difference of equal-sample representative means; not paired
M11,M11-M00,6,snv,1082.3830980392158,0.008754941832283203,difference of equal-sample representative means; not paired
M11,M11-M00,6,snv,1087.843843137255,0.008766371986355992,difference of equal-sample representative means; not paired
M11,M11-M00,6,snv,1093.3045882352942,0.008804878170151964,difference of equal-sample representative means; not paired
M11,M11-M00,6,snv,1098.7653333333333,0.008784373213872598,difference of equal-sample representative means; not paired
M11,M11-M00,6,snv,1104.2260784313726,0.008673039458623855,difference of equal-sample representative means; not paired
M11,M11-M00,6,snv,1109.6868235294119,0.008397048654253947,difference of equal-sample representative means; not paired
M11,M11-M00,6,snv,1115.1475686274512,0.007985517478648951,difference of equal-sample representative means; not paired
M11,M11-M00,6,snv,1120.6083137254902,0.007291724197199478,difference of equal-sample representative means; not paired
M11,M11-M00,6,snv,1126.0690588235295,0.006258533452823567,difference of equal-sample representative means; not paired
M11,M11-M00,6,snv,1131.5298039215686,0.0051000959931533085,difference of equal-sample representative means; not paired
M11,M11-M00,6,snv,1136.990549019608,0.003943794379005494,difference of equal-sample representative means; not paired
M11,M11-M00,6,snv,1142.4512941176472,0.002845128806628683,difference of equal-sample representative means; not paired
M11,M11-M00,6,snv,1147.9120392156863,0.0018296908974575476,difference of equal-sample representative means; not paired
M11,M11-M00,6,snv,1153.3727843137256,0.0007117042761795034,difference of equal-sample representative means; not paired
M11,M11-M00,6,snv,1158.8335294117649,-0.00036752725072641823,difference of equal-sample representative means; not paired
M11,M11-M00,6,snv,1164.294274509804,-0.0012303154228490154,difference of equal-sample representative means; not paired
M11,M11-M00,6,snv,1169.7550196078432,-0.002119022489216693,difference of equal-sample representative means; not paired
M11,M11-M00,6,snv,1175.2157647058825,-0.002878261151874728,difference of equal-sample representative means; not paired
M11,M11-M00,6,snv,1180.6765098039216,-0.0034733482201343424,difference of equal-sample representative means; not paired
M11,M11-M00,6,snv,1186.137254901961,-0.004187458684349998,difference of equal-sample representative means; not paired
M11,M11-M00,6,snv,1191.598,-0.00524968652529445,difference of equal-sample representative means; not paired
M11,M11-M00,6,snv,1197.0587450980393,-0.005341823272000168,difference of equal-sample representative means; not paired
M11,M11-M00,6,snv,1202.5194901960786,-0.005758227200464927,difference of equal-sample representative means; not paired
M11,M11-M00,6,snv,1207.9802352941178,-0.006033783423072481,difference of equal-sample representative means; not paired
M11,M11-M00,6,snv,1213.440980392157,-0.006648711572940336,difference of equal-sample representative means; not paired
M11,M11-M00,6,snv,1218.9017254901962,-0.00706583160851304,difference of equal-sample representative means; not paired
M11,M11-M00,6,snv,1224.3624705882353,-0.006701760495140485,difference of equal-sample representative means; not paired
M11,M11-M00,6,snv,1229.8232156862746,-0.006895840945529308,difference of equal-sample representative means; not paired
M11,M11-M00,6,snv,1235.2839607843139,-0.007844089171050506,difference of equal-sample representative means; not paired
M11,M11-M00,6,snv,1240.7447058823532,-0.0070676704649734745,difference of equal-sample representative means; not paired
M11,M11-M00,6,snv,1246.2054509803922,-0.006716283454308858,difference of equal-sample representative means; not paired
M11,M11-M00,6,snv,1251.6661960784315,-0.006602353115251258,difference of equal-sample representative means; not paired
M11,M11-M00,6,snv,1257.1269411764706,-0.00648541361409638,difference of equal-sample representative means; not paired
M11,M11-M00,6,snv,1262.58768627451,-0.006029137978021071,difference of equal-sample representative means; not paired
M11,M11-M00,6,snv,1268.0484313725492,-0.005007649927965874,difference of equal-sample representative means; not paired
M11,M11-M00,6,snv,1273.5091764705883,-0.00559398484967133,difference of equal-sample representative means; not paired
M11,M11-M00,6,snv,1278.9699215686276,-0.005345603649962616,difference of equal-sample representative means; not paired
M11,M11-M00,6,snv,1284.4306666666666,-0.005016897359426453,difference of equal-sample representative means; not paired
M11,M11-M00,6,snv,1289.891411764706,-0.004753006171339225,difference of equal-sample representative means; not paired
M11,M11-M00,6,snv,1295.3521568627452,-0.004664634930945599,difference of equal-sample representative means; not paired
M11,M11-M00,6,snv,1300.8129019607845,-0.004576064406413227,difference of equal-sample representative means; not paired
M11,M11-M00,6,snv,1306.2736470588236,-0.004339421822391776,difference of equal-sample representative means; not paired
M11,M11-M00,6,snv,1311.734392156863,-0.004657243031007452,difference of equal-sample representative means; not paired
M11,M11-M00,6,snv,1317.195137254902,-0.0050511938871748985,difference of equal-sample representative means; not paired
M11,M11-M00,6,snv,1322.6558823529413,-0.005409982612696984,difference of equal-sample representative means; not paired
M11,M11-M00,6,snv,1328.1166274509806,-0.0060073701822762615,difference of equal-sample representative means; not paired
M11,M11-M00,6,snv,1333.5773725490199,-0.006751457007145856,difference of equal-sample representative means; not paired
M11,M11-M00,6,snv,1339.038117647059,-0.007614212697491407,difference of equal-sample representative means; not paired
M11,M11-M00,6,snv,1344.4988627450982,-0.008627224416622004,difference of equal-sample representative means; not paired
M11,M11-M00,6,snv,1349.9596078431373,-0.009711849327991406,difference of equal-sample representative means; not paired
M11,M11-M00,6,snv,1355.4203529411766,-0.010575902432966577,difference of equal-sample representative means; not paired
M11,M11-M00,6,snv,1360.8810980392159,-0.011337611060541875,difference of equal-sample representative means; not paired
M11,M11-M00,6,snv,1366.341843137255,-0.012032768460911059,difference of equal-sample representative means; not paired
M11,M11-M00,6,snv,1371.8025882352943,-0.012490310335580679,difference of equal-sample representative means; not paired
M11,M11-M00,6,snv,1377.2633333333333,-0.012744710109967472,difference of equal-sample representative means; not paired
M11,M11-M00,6,snv,1382.7240784313726,-0.012902172085049401,difference of equal-sample representative means; not paired
M11,M11-M00,6,snv,1388.184823529412,-0.013063835052033235,difference of equal-sample representative means; not paired
M11,M11-M00,6,snv,1393.6455686274512,-0.013500666873450029,difference of equal-sample representative means; not paired
M11,M11-M00,6,snv,1399.1063137254903,-0.01348124975887055,difference of equal-sample representative means; not paired
M11,M11-M00,6,snv,1404.5670588235296,-0.013633644698181707,difference of equal-sample representative means; not paired
M11,M11-M00,6,snv,1410.0278039215686,-0.013414558285884474,difference of equal-sample representative means; not paired
M11,M11-M00,6,snv,1415.488549019608,-0.012725240249214217,difference of equal-sample representative means; not paired
M11,M11-M00,6,snv,1420.9492941176472,-0.011795225826216782,difference of equal-sample representative means; not paired
M11,M11-M00,6,snv,1426.4100392156865,-0.010909265180810035,difference of equal-sample representative means; not paired
M11,M11-M00,6,snv,1431.8707843137256,-0.01011106672308204,difference of equal-sample representative means; not paired
M11,M11-M00,6,snv,1437.3315294117647,-0.009351098204250674,difference of equal-sample representative means; not paired
M11,M11-M00,6,snv,1442.792274509804,-0.008932246774275177,difference of equal-sample representative means; not paired
M11,M11-M00,6,snv,1448.2530196078433,-0.008663121048620659,difference of equal-sample representative means; not paired
M11,M11-M00,6,snv,1453.7137647058826,-0.008355690369385327,difference of equal-sample representative means; not paired
M11,M11-M00,6,snv,1459.1745098039219,-0.00818286583490524,difference of equal-sample representative means; not paired
M11,M11-M00,6,snv,1464.635254901961,-0.008233268031919594,difference of equal-sample representative means; not paired
M11,M11-M00,6,snv,1470.096,-0.00822354583301288,difference of equal-sample representative means; not paired
M11,M11-M00,6,snv,1475.5567450980393,-0.008079598750437844,difference of equal-sample representative means; not paired
M11,M11-M00,6,snv,1481.0174901960786,-0.007991408976599113,difference of equal-sample representative means; not paired
M11,M11-M00,6,snv,1486.478235294118,-0.008108053347970712,difference of equal-sample representative means; not paired
M11,M11-M00,6,snv,1491.938980392157,-0.00829536607416037,difference of equal-sample representative means; not paired
M11,M11-M00,6,snv,1497.3997254901963,-0.008443783273547223,difference of equal-sample representative means; not paired
M11,M11-M00,6,snv,1502.8604705882353,-0.008625424678911142,difference of equal-sample representative means; not paired
M11,M11-M00,6,snv,1508.3212156862746,-0.00894577480285852,difference of equal-sample representative means; not paired
M11,M11-M00,6,snv,1513.781960784314,-0.009202550194083559,difference of equal-sample representative means; not paired
M11,M11-M00,6,snv,1519.2427058823532,-0.009326075762980168,difference of equal-sample representative means; not paired
M11,M11-M00,6,snv,1524.7034509803923,-0.00962855711535493,difference of equal-sample representative means; not paired
M11,M11-M00,6,snv,1530.1641960784316,-0.009721752541606454,difference of equal-sample representative means; not paired
M11,M11-M00,6,snv,1535.6249411764707,-0.009783987741813549,difference of equal-sample representative means; not paired
M11,M11-M00,6,snv,1541.08568627451,-0.00991540698095017,difference of equal-sample representative means; not paired
M11,M11-M00,6,snv,1546.5464313725493,-0.010072401484179094,difference of equal-sample representative means; not paired
M11,M11-M00,6,snv,1552.0071764705885,-0.010209207702167877,difference of equal-sample representative means; not paired
M11,M11-M00,6,snv,1557.4679215686276,-0.010517346565081853,difference of equal-sample representative means; not paired
M11,M11-M00,6,snv,1562.9286666666667,-0.010601803525337461,difference of equal-sample representative means; not paired
M11,M11-M00,6,snv,1568.389411764706,-0.010629085213447742,difference of equal-sample representative means; not paired
M11,M11-M00,6,snv,1573.8501568627453,-0.010710353219375524,difference of equal-sample representative means; not paired
M11,M11-M00,6,snv,1579.3109019607846,-0.010769417059239172,difference of equal-sample representative means; not paired
M11,M11-M00,6,snv,1584.7716470588239,-0.010725674515526695,difference of equal-sample representative means; not paired
M11,M11-M00,6,snv,1590.232392156863,-0.010611274612725874,difference of equal-sample representative means; not paired
M11,M11-M00,6,snv,1595.693137254902,-0.010564791597832135,difference of equal-sample representative means; not paired
M11,M11-M00,6,snv,1601.1538823529413,-0.010526377283595012,difference of equal-sample representative means; not paired
M11,M11-M00,6,snv,1606.6146274509806,-0.010527288166396587,difference of equal-sample representative means; not paired
M11,M11-M00,6,snv,1612.07537254902,-0.010478963256530194,difference of equal-sample representative means; not paired
M11,M11-M00,6,snv,1617.536117647059,-0.010355308698728083,difference of equal-sample representative means; not paired
M11,M11-M00,6,snv,1622.9968627450983,-0.010182646981266974,difference of equal-sample representative means; not paired
M11,M11-M00,6,snv,1628.4576078431373,-0.010009194212701022,difference of equal-sample representative means; not paired
M11,M11-M00,6,snv,1633.9183529411766,-0.00984104630422103,difference of equal-sample representative means; not paired
M11,M11-M00,6,snv,1639.379098039216,-0.009487251479343928,difference of equal-sample representative means; not paired
M11,M11-M00,6,snv,1644.8398431372552,-0.009331736738609764,difference of equal-sample representative means; not paired
M11,M11-M00,6,snv,1650.3005882352943,-0.008801560615913973,difference of equal-sample representative means; not paired
M11,M11-M00,6,snv,1655.7613333333334,-0.008040766883554068,difference of equal-sample representative means; not paired
M11,M11-M00,6,snv,1661.2220784313727,-0.007231772075983023,difference of equal-sample representative means; not paired
M11,M11-M00,6,snv,1666.682823529412,-0.00653780461778386,difference of equal-sample representative means; not paired
M11,M11-M00,6,snv,1672.1435686274513,-0.0059951896993591935,difference of equal-sample representative means; not paired
M11,M11-M00,6,snv,1677.6043137254906,-0.00539519663497251,difference of equal-sample representative means; not paired
M11,M11-M00,6,snv,1683.0650588235296,-0.005162253283105267,difference of equal-sample representative means; not paired
M11,M11-M00,6,snv,1688.5258039215687,-0.005026769018355637,difference of equal-sample representative means; not paired
M11,M11-M00,6,snv,1693.986549019608,-0.004876376180589892,difference of equal-sample representative means; not paired
M11,M11-M00,6,snv,1699.4472941176473,-0.004831180611924002,difference of equal-sample representative means; not paired
M11,M11-M00,6,snv,1704.9080392156866,-0.004895938296110014,difference of equal-sample representative means; not paired
M11,M11-M00,6,snv,1710.3687843137257,-0.005000597180474242,difference of equal-sample representative means; not paired
M11,M11-M00,6,snv,1715.829529411765,-0.00511763536151455,difference of equal-sample representative means; not paired
M11,M11-M00,6,snv,1721.290274509804,-0.005244540482223059,difference of equal-sample representative means; not paired
M11,M11-M00,6,snv,1726.7510196078433,-0.005285111817336985,difference of equal-sample representative means; not paired
M11,M11-M00,6,snv,1732.2117647058826,-0.005214068613999867,difference of equal-sample representative means; not paired
M11,M11-M00,6,snv,1737.672509803922,-0.005280840672580112,difference of equal-sample representative means; not paired
M11,M11-M00,6,snv,1743.133254901961,-0.005367504876772511,difference of equal-sample representative means; not paired
M11,M11-M00,6,snv,1748.594,-0.005083507102224438,difference of equal-sample representative means; not paired
M11,M11-M00,6,snv,1754.0547450980393,-0.00460135068180012,difference of equal-sample representative means; not paired
M11,M11-M00,6,snv,1759.5154901960786,-0.005481752385082028,difference of equal-sample representative means; not paired
M11,M11-M00,6,snv,1764.976235294118,-0.005687033214969328,difference of equal-sample representative means; not paired
M11,M11-M00,6,snv,1770.4369803921572,-0.005873538667001188,difference of equal-sample representative means; not paired
M11,M11-M00,6,snv,1775.8977254901963,-0.005838235967241423,difference of equal-sample representative means; not paired
M11,M11-M00,6,snv,1781.3584705882354,-0.005891275448554056,difference of equal-sample representative means; not paired
M11,M11-M00,6,snv,1786.8192156862747,-0.006026818792974564,difference of equal-sample representative means; not paired
M11,M11-M00,6,snv,1792.279960784314,-0.006087803067212516,difference of equal-sample representative means; not paired
M11,M11-M00,6,snv,1797.7407058823533,-0.006059158722341418,difference of equal-sample representative means; not paired
M11,M11-M00,6,snv,1803.2014509803923,-0.006061373163292694,difference of equal-sample representative means; not paired
M11,M11-M00,6,snv,1808.6621960784316,-0.006251854000480062,difference of equal-sample representative means; not paired
M11,M11-M00,6,snv,1814.1229411764707,-0.006203265157953941,difference of equal-sample representative means; not paired
M11,M11-M00,6,snv,1819.58368627451,-0.00620625726602797,difference of equal-sample representative means; not paired
M11,M11-M00,6,snv,1825.0444313725493,-0.006344112875499519,difference of equal-sample representative means; not paired
M11,M11-M00,6,snv,1830.5051764705886,-0.006518222174506816,difference of equal-sample representative means; not paired
M11,M11-M00,6,snv,1835.9659215686277,-0.006594229496278414,difference of equal-sample representative means; not paired
M11,M11-M00,6,snv,1841.4266666666667,-0.0065689050089963175,difference of equal-sample representative means; not paired
M11,M11-M00,6,snv,1846.887411764706,-0.006514834210169795,difference of equal-sample representative means; not paired
M11,M11-M00,6,snv,1852.3481568627453,-0.006816622287208196,difference of equal-sample representative means; not paired
M11,M11-M00,6,snv,1857.8089019607846,-0.0074712836477226485,difference of equal-sample representative means; not paired
M11,M11-M00,6,snv,1863.269647058824,-0.007421389621654673,difference of equal-sample representative means; not paired
M11,M11-M00,6,snv,1868.730392156863,-0.007093654818275896,difference of equal-sample representative means; not paired
M11,M11-M00,6,snv,1874.191137254902,-0.006959035092086618,difference of equal-sample representative means; not paired
M11,M11-M00,6,snv,1879.6518823529414,-0.006631231148970462,difference of equal-sample representative means; not paired
M11,M11-M00,6,snv,1885.1126274509807,-0.005890822913618143,difference of equal-sample representative means; not paired
M11,M11-M00,6,snv,1890.57337254902,-0.004635355219127946,difference of equal-sample representative means; not paired
M11,M11-M00,6,snv,1896.034117647059,-0.0030436577143166943,difference of equal-sample representative means; not paired
M11,M11-M00,6,snv,1901.4948627450983,-0.0010857746646889543,difference of equal-sample representative means; not paired
M11,M11-M00,6,snv,1906.9556078431374,0.0013175288261085827,difference of equal-sample representative means; not paired
M11,M11-M00,6,snv,1912.4163529411767,0.003917294415306749,difference of equal-sample representative means; not paired
M11,M11-M00,6,snv,1917.877098039216,0.006324814906689236,difference of equal-sample representative means; not paired
M11,M11-M00,6,snv,1923.3378431372553,0.008286478462380398,difference of equal-sample representative means; not paired
M11,M11-M00,6,snv,1928.7985882352943,0.009233695339462722,difference of equal-sample representative means; not paired
M11,M11-M00,6,snv,1934.2593333333336,0.009909964697460083,difference of equal-sample representative means; not paired
M11,M11-M00,6,snv,1939.7200784313727,0.010071780612338932,difference of equal-sample representative means; not paired
M11,M11-M00,6,snv,1945.180823529412,0.009942485088854536,difference of equal-sample representative means; not paired
M11,M11-M00,6,snv,1950.6415686274513,0.009517668543452817,difference of equal-sample representative means; not paired
M11,M11-M00,6,snv,1956.1023137254906,0.008957266558942134,difference of equal-sample representative means; not paired
M11,M11-M00,6,snv,1961.5630588235294,0.008453019759496083,difference of equal-sample representative means; not paired
M11,M11-M00,6,snv,1967.0238039215687,0.007675893832618463,difference of equal-sample representative means; not paired
M11,M11-M00,6,snv,1972.484549019608,0.007026963477682502,difference of equal-sample representative means; not paired
M11,M11-M00,6,snv,1977.9452941176473,0.006493538377317032,difference of equal-sample representative means; not paired
M11,M11-M00,6,snv,1983.4060392156866,0.006104985678647701,difference of equal-sample representative means; not paired
M11,M11-M00,6,snv,1988.866784313726,0.005792416012961543,difference of equal-sample representative means; not paired
M11,M11-M00,6,snv,1994.3275294117648,0.005469473341021769,difference of equal-sample representative means; not paired
M11,M11-M00,6,snv,1999.788274509804,0.005177014023972859,difference of equal-sample representative means; not paired
M11,M11-M00,6,snv,2005.2490196078434,0.005017833295983931,difference of equal-sample representative means; not paired
M11,M11-M00,6,snv,2010.7097647058827,0.004681693019866984,difference of equal-sample representative means; not paired
M11,M11-M00,6,snv,2016.170509803922,0.0046624042433166535,difference of equal-sample representative means; not paired
M11,M11-M00,6,snv,2021.6312549019613,0.004700668796565388,difference of equal-sample representative means; not paired
M11,M11-M00,6,snv,2027.092,0.004631738853017042,difference of equal-sample representative means; not paired
M11,M11-M00,6,snv,2032.5527450980394,0.004648130041958631,difference of equal-sample representative means; not paired
M11,M11-M00,6,snv,2038.0134901960787,0.004812294592397182,difference of equal-sample representative means; not paired
M11,M11-M00,6,snv,2043.474235294118,0.00521183442689066,difference of equal-sample representative means; not paired
M11,M11-M00,6,snv,2048.9349803921573,0.00605034672162974,difference of equal-sample representative means; not paired
M11,M11-M00,6,snv,2054.3957254901966,0.005859605393572664,difference of equal-sample representative means; not paired
M11,M11-M00,6,snv,2059.8564705882354,0.0060801359740734195,difference of equal-sample representative means; not paired
M11,M11-M00,6,snv,2065.3172156862747,0.0063058919534246805,difference of equal-sample representative means; not paired
M11,M11-M00,6,snv,2070.777960784314,0.0066009909528776944,difference of equal-sample representative means; not paired
M11,M11-M00,6,snv,2076.2387058823533,0.006981516117318565,difference of equal-sample representative means; not paired
M11,M11-M00,6,snv,2081.6994509803926,0.007255385073422493,difference of equal-sample representative means; not paired
M11,M11-M00,6,snv,2087.1601960784315,0.0073173739993623865,difference of equal-sample representative means; not paired
M11,M11-M00,6,snv,2092.6209411764708,0.0076389138314456595,difference of equal-sample representative means; not paired
M11,M11-M00,6,snv,2098.08168627451,0.00726129671466591,difference of equal-sample representative means; not paired
M11,M11-M00,6,snv,2103.5424313725493,0.007388277275647059,difference of equal-sample representative means; not paired
M11,M11-M00,6,snv,2109.0031764705886,0.007137709997729669,difference of equal-sample representative means; not paired
M11,M11-M00,6,snv,2114.463921568628,0.00696194390314786,difference of equal-sample representative means; not paired
M11,M11-M00,6,snv,2119.924666666667,0.007047718754080723,difference of equal-sample representative means; not paired
M11,M11-M00,6,snv,2125.385411764706,0.007102493845516644,difference of equal-sample representative means; not paired
M11,M11-M00,6,snv,2130.8461568627454,0.0067650557276,difference of equal-sample representative means; not paired
M11,M11-M00,6,snv,2136.3069019607847,0.006457823605862334,difference of equal-sample representative means; not paired
M11,M11-M00,6,snv,2141.767647058824,0.006185682708609974,difference of equal-sample representative means; not paired
M11,M11-M00,6,snv,2147.2283921568633,0.005980096209488472,difference of equal-sample representative means; not paired
M11,M11-M00,6,snv,2152.689137254902,0.005970141155065889,difference of equal-sample representative means; not paired
M11,M11-M00,6,snv,2158.1498823529414,0.005816600840270247,difference of equal-sample representative means; not paired
M11,M11-M00,6,snv,2163.6106274509807,0.005401510215131022,difference of equal-sample representative means; not paired
M11,M11-M00,6,snv,2169.07137254902,0.005025837421842372,difference of equal-sample representative means; not paired
M11,M11-M00,6,snv,2174.5321176470593,0.005096125866439927,difference of equal-sample representative means; not paired
M11,M11-M00,6,snv,2179.992862745098,0.004995966867796242,difference of equal-sample representative means; not paired
M11,M11-M00,6,snv,2185.4536078431374,0.004649957601329913,difference of equal-sample representative means; not paired
M11,M11-M00,6,snv,2190.9143529411767,0.0049750234364243084,difference of equal-sample representative means; not paired
M11,M11-M00,6,snv,2196.375098039216,0.004806643538962541,difference of equal-sample representative means; not paired
M11,M11-M00,6,snv,2201.8358431372553,0.004705233084861149,difference of equal-sample representative means; not paired
M11,M11-M00,6,snv,2207.2965882352946,0.004693375354239082,difference of equal-sample representative means; not paired
M11,M11-M00,6,snv,2212.7573333333335,0.0044283486367452385,difference of equal-sample representative means; not paired
M11,M11-M00,6,snv,2218.2180784313728,0.004855809347181661,difference of equal-sample representative means; not paired
M11,M11-M00,6,snv,2223.678823529412,0.003935538987057896,difference of equal-sample representative means; not paired
M11,M11-M00,6,snv,2229.1395686274514,0.004065937149134946,difference of equal-sample representative means; not paired
M11,M11-M00,6,snv,2234.6003137254907,0.004152575263592473,difference of equal-sample representative means; not paired
M11,M11-M00,6,snv,2240.06105882353,0.004778097963084371,difference of equal-sample representative means; not paired
M11,M11-M00,6,snv,2245.521803921569,0.005707116339294993,difference of equal-sample representative means; not paired
M11,M11-M00,6,snv,2250.982549019608,0.006977998619856374,difference of equal-sample representative means; not paired
M11,M11-M00,6,snv,2256.4432941176474,0.009006136009599208,difference of equal-sample representative means; not paired
M11,M11-M00,6,snv,2261.9040392156867,0.010916798984589526,difference of equal-sample representative means; not paired
M11,M11-M00,6,snv,2267.364784313726,0.012870749024213035,difference of equal-sample representative means; not paired
M11,M11-M00,6,snv,2272.825529411765,0.015141011984170616,difference of equal-sample representative means; not paired
M11,M11-M00,6,snv,2278.286274509804,0.016859057029773528,difference of equal-sample representative means; not paired
M11,M11-M00,6,snv,2283.7470196078434,0.01882469964576572,difference of equal-sample representative means; not paired
M11,M11-M00,6,snv,2289.2077647058827,0.020941950823745614,difference of equal-sample representative means; not paired
M11,M11-M00,6,snv,2294.668509803922,0.022880063762870773,difference of equal-sample representative means; not paired
M11,M11-M00,6,snv,2300.1292549019613,0.024307943686495914,difference of equal-sample representative means; not paired
M11,M11-M00,6,snv,2305.59,0.02241913377879312,difference of equal-sample representative means; not paired
M11,M11-M00,6,second_derivative,913.1,-5.489236290776565e-06,difference of equal-sample representative means; not paired
M11,M11-M00,6,second_derivative,918.5607450980392,-5.489236290776565e-06,difference of equal-sample representative means; not paired
M11,M11-M00,6,second_derivative,924.0214901960785,-5.489236290776565e-06,difference of equal-sample representative means; not paired
M11,M11-M00,6,second_derivative,929.4822352941177,-5.489236290776782e-06,difference of equal-sample representative means; not paired
M11,M11-M00,6,second_derivative,934.9429803921569,-3.0205022704685245e-06,difference of equal-sample representative means; not paired
M11,M11-M00,6,second_derivative,940.4037254901962,-1.3554742509680625e-06,difference of equal-sample representative means; not paired
M11,M11-M00,6,second_derivative,945.8644705882353,-3.286815102593869e-07,difference of equal-sample representative means; not paired
M11,M11-M00,6,second_derivative,951.3252156862745,3.386066838528633e-07,difference of equal-sample representative means; not paired
M11,M11-M00,6,second_derivative,956.7859607843137,6.427240847053738e-07,difference of equal-sample representative means; not paired
M11,M11-M00,6,second_derivative,962.246705882353,4.184785268502336e-07,difference of equal-sample representative means; not paired
M11,M11-M00,6,second_derivative,967.7074509803922,2.0295610626419404e-08,difference of equal-sample representative means; not paired
M11,M11-M00,6,second_derivative,973.1681960784314,-3.6370690781755045e-07,difference of equal-sample representative means; not paired
M11,M11-M00,6,second_derivative,978.6289411764706,-7.085969649497618e-07,difference of equal-sample representative means; not paired
M11,M11-M00,6,second_derivative,984.0896862745099,-9.590817235894864e-07,difference of equal-sample representative means; not paired
M11,M11-M00,6,second_derivative,989.550431372549,-1.0485072041359442e-06,difference of equal-sample representative means; not paired
M11,M11-M00,6,second_derivative,995.0111764705882,-9.126999873372663e-07,difference of equal-sample representative means; not paired
M11,M11-M00,6,second_derivative,1000.4719215686275,-5.782300136074261e-07,difference of equal-sample representative means; not paired
M11,M11-M00,6,second_derivative,1005.9326666666667,-1.7356629147661202e-07,difference of equal-sample representative means; not paired
M11,M11-M00,6,second_derivative,1011.3934117647059,-9.364264115702999e-08,difference of equal-sample representative means; not paired
M11,M11-M00,6,second_derivative,1016.8541568627452,-7.733965247322411e-08,difference of equal-sample representative means; not paired
M11,M11-M00,6,second_derivative,1022.3149019607844,-1.2191504794829203e-07,difference of equal-sample representative means; not paired
M11,M11-M00,6,second_derivative,1027.7756470588236,-6.752002862690635e-08,difference of equal-sample representative means; not paired
M11,M11-M00,6,second_derivative,1033.2363921568628,5.1899234573354334e-08,difference of equal-sample representative means; not paired
M11,M11-M00,6,second_derivative,1038.697137254902,1.1190711799144193e-07,difference of equal-sample representative means; not paired
M11,M11-M00,6,second_derivative,1044.1578823529412,3.04230908721198e-08,difference of equal-sample representative means; not paired
M11,M11-M00,6,second_derivative,1049.6186274509805,-6.426005498971576e-08,difference of equal-sample representative means; not paired
M11,M11-M00,6,second_derivative,1055.0793725490196,8.180899724742185e-10,difference of equal-sample representative means; not paired
M11,M11-M00,6,second_derivative,1060.5401176470589,3.506601498492134e-08,difference of equal-sample representative means; not paired
M11,M11-M00,6,second_derivative,1066.0008627450982,8.282118315988885e-08,difference of equal-sample representative means; not paired
M11,M11-M00,6,second_derivative,1071.4616078431372,8.82756872988911e-08,difference of equal-sample representative means; not paired
M11,M11-M00,6,second_derivative,1076.9223529411765,5.46173893068569e-08,difference of equal-sample representative means; not paired
M11,M11-M00,6,second_derivative,1082.3830980392158,3.785190449533593e-08,difference of equal-sample representative means; not paired
M11,M11-M00,6,second_derivative,1087.843843137255,1.295927608263882e-07,difference of equal-sample representative means; not paired
M11,M11-M00,6,second_derivative,1093.3045882352942,2.8180677069780373e-07,difference of equal-sample representative means; not paired
M11,M11-M00,6,second_derivative,1098.7653333333333,5.573708912070914e-07,difference of equal-sample representative means; not paired
M11,M11-M00,6,second_derivative,1104.2260784313726,8.771615707367484e-07,difference of equal-sample representative means; not paired
M11,M11-M00,6,second_derivative,1109.6868235294119,1.20139716999007e-06,difference of equal-sample representative means; not paired
M11,M11-M00,6,second_derivative,1115.1475686274512,1.4007239994286193e-06,difference of equal-sample representative means; not paired
M11,M11-M00,6,second_derivative,1120.6083137254902,1.3400444723755814e-06,difference of equal-sample representative means; not paired
M11,M11-M00,6,second_derivative,1126.0690588235295,9.947569054155256e-07,difference of equal-sample representative means; not paired
M11,M11-M00,6,second_derivative,1131.5298039215686,4.986521507680745e-07,difference of equal-sample representative means; not paired
M11,M11-M00,6,second_derivative,1136.990549019608,2.208489619558281e-07,difference of equal-sample representative means; not paired
M11,M11-M00,6,second_derivative,1142.4512941176472,2.0742111981703016e-07,difference of equal-sample representative means; not paired
M11,M11-M00,6,second_derivative,1147.9120392156863,1.897415958914186e-07,difference of equal-sample representative means; not paired
M11,M11-M00,6,second_derivative,1153.3727843137256,5.957380401443734e-08,difference of equal-sample representative means; not paired
M11,M11-M00,6,second_derivative,1158.8335294117649,-2.2147867724118158e-07,difference of equal-sample representative means; not paired
M11,M11-M00,6,second_derivative,1164.294274509804,-4.865461869238054e-07,difference of equal-sample representative means; not paired
M11,M11-M00,6,second_derivative,1169.7550196078432,-4.110998246321775e-07,difference of equal-sample representative means; not paired
M11,M11-M00,6,second_derivative,1175.2157647058825,-3.490310909833039e-08,difference of equal-sample representative means; not paired
M11,M11-M00,6,second_derivative,1180.6765098039216,-1.7886928662691605e-07,difference of equal-sample representative means; not paired
M11,M11-M00,6,second_derivative,1186.137254901961,-5.235527249568156e-07,difference of equal-sample representative means; not paired
M11,M11-M00,6,second_derivative,1191.598,-9.661903109057306e-07,difference of equal-sample representative means; not paired
M11,M11-M00,6,second_derivative,1197.0587450980393,-1.1223803371712766e-06,difference of equal-sample representative means; not paired
M11,M11-M00,6,second_derivative,1202.5194901960786,-9.187592342858132e-07,difference of equal-sample representative means; not paired
M11,M11-M00,6,second_derivative,1207.9802352941178,-7.675607725785952e-07,difference of equal-sample representative means; not paired
M11,M11-M00,6,second_derivative,1213.440980392157,-9.108341292777373e-07,difference of equal-sample representative means; not paired
M11,M11-M00,6,second_derivative,1218.9017254901962,-7.028483330588749e-07,difference of equal-sample representative means; not paired
M11,M11-M00,6,second_derivative,1224.3624705882353,-8.23847093153989e-07,difference of equal-sample representative means; not paired
M11,M11-M00,6,second_derivative,1229.8232156862746,-7.564921177902211e-07,difference of equal-sample representative means; not paired
M11,M11-M00,6,second_derivative,1235.2839607843139,-5.509778078764224e-07,difference of equal-sample representative means; not paired
M11,M11-M00,6,second_derivative,1240.7447058823532,-3.583640650993123e-07,difference of equal-sample representative means; not paired
M11,M11-M00,6,second_derivative,1246.2054509803922,-1.0273832821376655e-07,difference of equal-sample representative means; not paired
M11,M11-M00,6,second_derivative,1251.6661960784315,-8.309522273819507e-08,difference of equal-sample representative means; not paired
M11,M11-M00,6,second_derivative,1257.1269411764706,1.7529567572307256e-07,difference of equal-sample representative means; not paired
M11,M11-M00,6,second_derivative,1262.58768627451,3.2455375889320684e-07,difference of equal-sample representative means; not paired
M11,M11-M00,6,second_derivative,1268.0484313725492,2.975833514009626e-07,difference of equal-sample representative means; not paired
M11,M11-M00,6,second_derivative,1273.5091764705883,1.218031798288599e-07,difference of equal-sample representative means; not paired
M11,M11-M00,6,second_derivative,1278.9699215686276,-1.3685592001855478e-07,difference of equal-sample representative means; not paired
M11,M11-M00,6,second_derivative,1284.4306666666666,-2.499972128441895e-07,difference of equal-sample representative means; not paired
M11,M11-M00,6,second_derivative,1289.891411764706,3.7283562262070225e-07,difference of equal-sample representative means; not paired
M11,M11-M00,6,second_derivative,1295.3521568627452,7.533630810307131e-07,difference of equal-sample representative means; not paired
M11,M11-M00,6,second_derivative,1300.8129019607845,1.0356008146925389e-06,difference of equal-sample representative means; not paired
M11,M11-M00,6,second_derivative,1306.2736470588236,1.1997345040170359e-06,difference of equal-sample representative means; not paired
M11,M11-M00,6,second_derivative,1311.734392156863,1.3414929100196102e-06,difference of equal-sample representative means; not paired
M11,M11-M00,6,second_derivative,1317.195137254902,1.4114815329633148e-06,difference of equal-sample representative means; not paired
M11,M11-M00,6,second_derivative,1322.6558823529413,1.4529017991805497e-06,difference of equal-sample representative means; not paired
M11,M11-M00,6,second_derivative,1328.1166274509806,1.6683770658753951e-06,difference of equal-sample representative means; not paired
M11,M11-M00,6,second_derivative,1333.5773725490199,1.7294812346032294e-06,difference of equal-sample representative means; not paired
M11,M11-M00,6,second_derivative,1339.038117647059,1.3747899198779932e-06,difference of equal-sample representative means; not paired
M11,M11-M00,6,second_derivative,1344.4988627450982,7.231996289196398e-07,difference of equal-sample representative means; not paired
M11,M11-M00,6,second_derivative,1349.9596078431373,5.069593245990867e-08,difference of equal-sample representative means; not paired
M11,M11-M00,6,second_derivative,1355.4203529411766,-5.22775912799878e-07,difference of equal-sample representative means; not paired
M11,M11-M00,6,second_derivative,1360.8810980392159,-9.230920946228835e-07,difference of equal-sample representative means; not paired
M11,M11-M00,6,second_derivative,1366.341843137255,-1.086676876632773e-06,difference of equal-sample representative means; not paired
M11,M11-M00,6,second_derivative,1371.8025882352943,-8.893575443512642e-07,difference of equal-sample representative means; not paired
M11,M11-M00,6,second_derivative,1377.2633333333333,1.3849017275928452e-07,difference of equal-sample representative means; not paired
M11,M11-M00,6,second_derivative,1382.7240784313726,1.5701151056370989e-06,difference of equal-sample representative means; not paired
M11,M11-M00,6,second_derivative,1388.184823529412,2.8826545618025232e-06,difference of equal-sample representative means; not paired
M11,M11-M00,6,second_derivative,1393.6455686274512,3.39573193548129e-06,difference of equal-sample representative means; not paired
M11,M11-M00,6,second_derivative,1399.1063137254903,2.8419735091894893e-06,difference of equal-sample representative means; not paired
M11,M11-M00,6,second_derivative,1404.5670588235296,1.5627529151095816e-06,difference of equal-sample representative means; not paired
M11,M11-M00,6,second_derivative,1410.0278039215686,1.7513021272504001e-07,difference of equal-sample representative means; not paired
M11,M11-M00,6,second_derivative,1415.488549019608,-1.299065219660187e-06,difference of equal-sample representative means; not paired
M11,M11-M00,6,second_derivative,1420.9492941176472,-2.510491955038516e-06,difference of equal-sample representative means; not paired
M11,M11-M00,6,second_derivative,1426.4100392156865,-3.083478489902537e-06,difference of equal-sample representative means; not paired
M11,M11-M00,6,second_derivative,1431.8707843137256,-3.081002296338514e-06,difference of equal-sample representative means; not paired
M11,M11-M00,6,second_derivative,1437.3315294117647,-2.6505660273080017e-06,difference of equal-sample representative means; not paired
M11,M11-M00,6,second_derivative,1442.792274509804,-1.9302400652056737e-06,difference of equal-sample representative means; not paired
M11,M11-M00,6,second_derivative,1448.2530196078433,-1.2087333965256987e-06,difference of equal-sample representative means; not paired
M11,M11-M00,6,second_derivative,1453.7137647058826,-7.971081090314987e-07,difference of equal-sample representative means; not paired
M11,M11-M00,6,second_derivative,1459.1745098039219,-6.003693916927144e-07,difference of equal-sample representative means; not paired
M11,M11-M00,6,second_derivative,1464.635254901961,-7.305476818722098e-07,difference of equal-sample representative means; not paired
M11,M11-M00,6,second_derivative,1470.096,-9.04363892868712e-07,difference of equal-sample representative means; not paired
M11,M11-M00,6,second_derivative,1475.5567450980393,-8.740912250304039e-07,difference of equal-sample representative means; not paired
M11,M11-M00,6,second_derivative,1481.0174901960786,-7.081392659031722e-07,difference of equal-sample representative means; not paired
M11,M11-M00,6,second_derivative,1486.478235294118,-5.564997584672986e-07,difference of equal-sample representative means; not paired
M11,M11-M00,6,second_derivative,1491.938980392157,-4.2496474333503527e-07,difference of equal-sample representative means; not paired
M11,M11-M00,6,second_derivative,1497.3997254901963,-3.684669021730272e-07,difference of equal-sample representative means; not paired
M11,M11-M00,6,second_derivative,1502.8604705882353,-3.069886353645665e-07,difference of equal-sample representative means; not paired
M11,M11-M00,6,second_derivative,1508.3212156862746,-9.973481455613595e-08,difference of equal-sample representative means; not paired
M11,M11-M00,6,second_derivative,1513.781960784314,-2.0615691212200515e-08,difference of equal-sample representative means; not paired
M11,M11-M00,6,second_derivative,1519.2427058823532,4.702139117496389e-08,difference of equal-sample representative means; not paired
M11,M11-M00,6,second_derivative,1524.7034509803923,2.3809190374595932e-07,difference of equal-sample representative means; not paired
M11,M11-M00,6,second_derivative,1530.1641960784316,3.244892617084727e-07,difference of equal-sample representative means; not paired
M11,M11-M00,6,second_derivative,1535.6249411764707,2.454029516793158e-07,difference of equal-sample representative means; not paired
M11,M11-M00,6,second_derivative,1541.08568627451,2.8910871746797223e-07,difference of equal-sample representative means; not paired
M11,M11-M00,6,second_derivative,1546.5464313725493,2.4463982355730903e-08,difference of equal-sample representative means; not paired
M11,M11-M00,6,second_derivative,1552.0071764705885,-2.034436076494184e-07,difference of equal-sample representative means; not paired
M11,M11-M00,6,second_derivative,1557.4679215686276,-2.1914154044672736e-07,difference of equal-sample representative means; not paired
M11,M11-M00,6,second_derivative,1562.9286666666667,-1.2545604209392484e-07,difference of equal-sample representative means; not paired
M11,M11-M00,6,second_derivative,1568.389411764706,-1.040538418904482e-07,difference of equal-sample representative means; not paired
M11,M11-M00,6,second_derivative,1573.8501568627453,-1.5518949845112968e-07,difference of equal-sample representative means; not paired
M11,M11-M00,6,second_derivative,1579.3109019607846,-4.4546261933933436e-07,difference of equal-sample representative means; not paired
M11,M11-M00,6,second_derivative,1584.7716470588239,-7.446404816517353e-07,difference of equal-sample representative means; not paired
M11,M11-M00,6,second_derivative,1590.232392156863,-8.981525508199755e-07,difference of equal-sample representative means; not paired
M11,M11-M00,6,second_derivative,1595.693137254902,-9.070084777955699e-07,difference of equal-sample representative means; not paired
M11,M11-M00,6,second_derivative,1601.1538823529413,-7.856183345230898e-07,difference of equal-sample representative means; not paired
M11,M11-M00,6,second_derivative,1606.6146274509806,-5.320865223837546e-07,difference of equal-sample representative means; not paired
M11,M11-M00,6,second_derivative,1612.07537254902,-1.4599406849936095e-07,difference of equal-sample representative means; not paired
M11,M11-M00,6,second_derivative,1617.536117647059,2.2231451365963537e-07,difference of equal-sample representative means; not paired
M11,M11-M00,6,second_derivative,1622.9968627450983,4.247856716016517e-07,difference of equal-sample representative means; not paired
M11,M11-M00,6,second_derivative,1628.4576078431373,5.984084738490749e-07,difference of equal-sample representative means; not paired
M11,M11-M00,6,second_derivative,1633.9183529411766,6.393215225188127e-07,difference of equal-sample representative means; not paired
M11,M11-M00,6,second_derivative,1639.379098039216,5.681634895144327e-07,difference of equal-sample representative means; not paired
M11,M11-M00,6,second_derivative,1644.8398431372552,4.53347435802544e-07,difference of equal-sample representative means; not paired
M11,M11-M00,6,second_derivative,1650.3005882352943,4.303778609124077e-07,difference of equal-sample representative means; not paired
M11,M11-M00,6,second_derivative,1655.7613333333334,5.311581400157534e-07,difference of equal-sample representative means; not paired
M11,M11-M00,6,second_derivative,1661.2220784313727,6.176554303767352e-07,difference of equal-sample representative means; not paired
M11,M11-M00,6,second_derivative,1666.682823529412,5.113335427680577e-07,difference of equal-sample representative means; not paired
M11,M11-M00,6,second_derivative,1672.1435686274513,3.690251737424031e-07,difference of equal-sample representative means; not paired
M11,M11-M00,6,second_derivative,1677.6043137254906,3.308695062730112e-07,difference of equal-sample representative means; not paired
M11,M11-M00,6,second_derivative,1683.0650588235296,4.998770346312763e-07,difference of equal-sample representative means; not paired
M11,M11-M00,6,second_derivative,1688.5258039215687,7.103958644632779e-07,difference of equal-sample representative means; not paired
M11,M11-M00,6,second_derivative,1693.986549019608,5.581867431080593e-07,difference of equal-sample representative means; not paired
M11,M11-M00,6,second_derivative,1699.4472941176473,2.6483376731383564e-07,difference of equal-sample representative means; not paired
M11,M11-M00,6,second_derivative,1704.9080392156866,1.3655421927505504e-07,difference of equal-sample representative means; not paired
M11,M11-M00,6,second_derivative,1710.3687843137257,1.414010513760979e-07,difference of equal-sample representative means; not paired
M11,M11-M00,6,second_derivative,1715.829529411765,-1.4915754510085604e-08,difference of equal-sample representative means; not paired
M11,M11-M00,6,second_derivative,1721.290274509804,-2.054596429757646e-07,difference of equal-sample representative means; not paired
M11,M11-M00,6,second_derivative,1726.7510196078433,-2.890468564170043e-07,difference of equal-sample representative means; not paired
M11,M11-M00,6,second_derivative,1732.2117647058826,-4.628857773465913e-07,difference of equal-sample representative means; not paired
M11,M11-M00,6,second_derivative,1737.672509803922,-6.108321905792291e-07,difference of equal-sample representative means; not paired
M11,M11-M00,6,second_derivative,1743.133254901961,4.747546442340745e-07,difference of equal-sample representative means; not paired
M11,M11-M00,6,second_derivative,1748.594,9.126953472077491e-07,difference of equal-sample representative means; not paired
M11,M11-M00,6,second_derivative,1754.0547450980393,1.0452240601520206e-06,difference of equal-sample representative means; not paired
M11,M11-M00,6,second_derivative,1759.5154901960786,5.885448131394196e-07,difference of equal-sample representative means; not paired
M11,M11-M00,6,second_derivative,1764.976235294118,-3.374644865023097e-07,difference of equal-sample representative means; not paired
M11,M11-M00,6,second_derivative,1770.4369803921572,-9.490770244615822e-07,difference of equal-sample representative means; not paired
M11,M11-M00,6,second_derivative,1775.8977254901963,-3.879610818499409e-07,difference of equal-sample representative means; not paired
M11,M11-M00,6,second_derivative,1781.3584705882354,-5.224448144940993e-07,difference of equal-sample representative means; not paired
M11,M11-M00,6,second_derivative,1786.8192156862747,-5.87837914813973e-07,difference of equal-sample representative means; not paired
M11,M11-M00,6,second_derivative,1792.279960784314,-5.583938949936557e-07,difference of equal-sample representative means; not paired
M11,M11-M00,6,second_derivative,1797.7407058823533,-5.086641469441792e-07,difference of equal-sample representative means; not paired
M11,M11-M00,6,second_derivative,1803.2014509803923,-3.2165765762415556e-07,difference of equal-sample representative means; not paired
M11,M11-M00,6,second_derivative,1808.6621960784316,-1.1244837734739152e-07,difference of equal-sample representative means; not paired
M11,M11-M00,6,second_derivative,1814.1229411764707,-1.3083008305367462e-09,difference of equal-sample representative means; not paired
M11,M11-M00,6,second_derivative,1819.58368627451,-2.5737541668382837e-08,difference of equal-sample representative means; not paired
M11,M11-M00,6,second_derivative,1825.0444313725493,-1.9096604391100862e-07,difference of equal-sample representative means; not paired
M11,M11-M00,6,second_derivative,1830.5051764705886,-5.180063030016293e-07,difference of equal-sample representative means; not paired
M11,M11-M00,6,second_derivative,1835.9659215686277,-2.4736773409268786e-07,difference of equal-sample representative means; not paired
M11,M11-M00,6,second_derivative,1841.4266666666667,4.803912955778763e-07,difference of equal-sample representative means; not paired
M11,M11-M00,6,second_derivative,1846.887411764706,1.0788992465461423e-06,difference of equal-sample representative means; not paired
M11,M11-M00,6,second_derivative,1852.3481568627453,1.2214372600125072e-06,difference of equal-sample representative means; not paired
M11,M11-M00,6,second_derivative,1857.8089019607846,1.0112731540660988e-06,difference of equal-sample representative means; not paired
M11,M11-M00,6,second_derivative,1863.269647058824,1.0643986979349662e-06,difference of equal-sample representative means; not paired
M11,M11-M00,6,second_derivative,1868.730392156863,2.0307328502185043e-06,difference of equal-sample representative means; not paired
M11,M11-M00,6,second_derivative,1874.191137254902,3.0239184711072765e-06,difference of equal-sample representative means; not paired
M11,M11-M00,6,second_derivative,1879.6518823529414,3.653295000076613e-06,difference of equal-sample representative means; not paired
M11,M11-M00,6,second_derivative,1885.1126274509807,3.641055381735359e-06,difference of equal-sample representative means; not paired
M11,M11-M00,6,second_derivative,1890.57337254902,2.5161188490772414e-06,difference of equal-sample representative means; not paired
M11,M11-M00,6,second_derivative,1896.034117647059,3.2157502965109175e-07,difference of equal-sample representative means; not paired
M11,M11-M00,6,second_derivative,1901.4948627450983,-2.1360253281620966e-06,difference of equal-sample representative means; not paired
M11,M11-M00,6,second_derivative,1906.9556078431374,-4.348270493704658e-06,difference of equal-sample representative means; not paired
M11,M11-M00,6,second_derivative,1912.4163529411767,-4.572413931454159e-06,difference of equal-sample representative means; not paired
M11,M11-M00,6,second_derivative,1917.877098039216,-3.5347211198894933e-06,difference of equal-sample representative means; not paired
M11,M11-M00,6,second_derivative,1923.3378431372553,-2.133570541645234e-06,difference of equal-sample representative means; not paired
M11,M11-M00,6,second_derivative,1928.7985882352943,-1.2644332974707725e-06,difference of equal-sample representative means; not paired
M11,M11-M00,6,second_derivative,1934.2593333333336,-9.65237342456603e-07,difference of equal-sample representative means; not paired
M11,M11-M00,6,second_derivative,1939.7200784313727,-9.679192131241757e-07,difference of equal-sample representative means; not paired
M11,M11-M00,6,second_derivative,1945.180823529412,-7.37257571346118e-07,difference of equal-sample representative means; not paired
M11,M11-M00,6,second_derivative,1950.6415686274513,-4.652547008875813e-07,difference of equal-sample representative means; not paired
M11,M11-M00,6,second_derivative,1956.1023137254906,-2.5121198167272243e-07,difference of equal-sample representative means; not paired
M11,M11-M00,6,second_derivative,1961.5630588235294,-3.9845566785992213e-07,difference of equal-sample representative means; not paired
M11,M11-M00,6,second_derivative,1967.0238039215687,-6.961943987254969e-07,difference of equal-sample representative means; not paired
M11,M11-M00,6,second_derivative,1972.484549019608,-8.632146719617113e-07,difference of equal-sample representative means; not paired
M11,M11-M00,6,second_derivative,1977.9452941176473,-7.485942868163773e-07,difference of equal-sample representative means; not paired
M11,M11-M00,6,second_derivative,1983.4060392156866,-1.221504287423757e-07,difference of equal-sample representative means; not paired
M11,M11-M00,6,second_derivative,1988.866784313726,3.8584678419066295e-07,difference of equal-sample representative means; not paired
M11,M11-M00,6,second_derivative,1994.3275294117648,7.785123702653712e-07,difference of equal-sample representative means; not paired
M11,M11-M00,6,second_derivative,1999.788274509804,8.758319452783277e-07,difference of equal-sample representative means; not paired
M11,M11-M00,6,second_derivative,2005.2490196078434,1.0130913345764362e-06,difference of equal-sample representative means; not paired
M11,M11-M00,6,second_derivative,2010.7097647058827,1.293133440902753e-06,difference of equal-sample representative means; not paired
M11,M11-M00,6,second_derivative,2016.170509803922,1.4556423552670463e-06,difference of equal-sample representative means; not paired
M11,M11-M00,6,second_derivative,2021.6312549019613,1.5074374310606638e-06,difference of equal-sample representative means; not paired
M11,M11-M00,6,second_derivative,2027.092,1.3701158035228943e-06,difference of equal-sample representative means; not paired
M11,M11-M00,6,second_derivative,2032.5527450980394,2.734847116903769e-07,difference of equal-sample representative means; not paired
M11,M11-M00,6,second_derivative,2038.0134901960787,4.0373335636998434e-07,difference of equal-sample representative means; not paired
M11,M11-M00,6,second_derivative,2043.474235294118,5.762447540967871e-07,difference of equal-sample representative means; not paired
M11,M11-M00,6,second_derivative,2048.9349803921573,7.296472636346672e-07,difference of equal-sample representative means; not paired
M11,M11-M00,6,second_derivative,2054.3957254901966,5.552068169560414e-07,difference of equal-sample representative means; not paired
M11,M11-M00,6,second_derivative,2059.8564705882354,-1.1626258725179491e-07,difference of equal-sample representative means; not paired
M11,M11-M00,6,second_derivative,2065.3172156862747,-1.091491286301656e-06,difference of equal-sample representative means; not paired
M11,M11-M00,6,second_derivative,2070.777960784314,-7.219986601445553e-07,difference of equal-sample representative means; not paired
M11,M11-M00,6,second_derivative,2076.2387058823533,-5.607538555272897e-07,difference of equal-sample representative means; not paired
M11,M11-M00,6,second_derivative,2081.6994509803926,-1.2446137233949704e-07,difference of equal-sample representative means; not paired
M11,M11-M00,6,second_derivative,2087.1601960784315,4.093405568850425e-08,difference of equal-sample representative means; not paired
M11,M11-M00,6,second_derivative,2092.6209411764708,3.5422819614463525e-08,difference of equal-sample representative means; not paired
M11,M11-M00,6,second_derivative,2098.08168627451,-1.6627217232984803e-08,difference of equal-sample representative means; not paired
M11,M11-M00,6,second_derivative,2103.5424313725493,-3.66173762713878e-07,difference of equal-sample representative means; not paired
M11,M11-M00,6,second_derivative,2109.0031764705886,-8.184610988397806e-07,difference of equal-sample representative means; not paired
M11,M11-M00,6,second_derivative,2114.463921568628,-7.381821104751631e-07,difference of equal-sample representative means; not paired
M11,M11-M00,6,second_derivative,2119.924666666667,-4.337688442962837e-07,difference of equal-sample representative means; not paired
M11,M11-M00,6,second_derivative,2125.385411764706,-5.137463568310544e-08,difference of equal-sample representative means; not paired
M11,M11-M00,6,second_derivative,2130.8461568627454,6.924255931546304e-08,difference of equal-sample representative means; not paired
M11,M11-M00,6,second_derivative,2136.3069019607847,-4.506710707001321e-07,difference of equal-sample representative means; not paired
M11,M11-M00,6,second_derivative,2141.767647058824,-8.736231299619312e-07,difference of equal-sample representative means; not paired
M11,M11-M00,6,second_derivative,2147.2283921568633,-3.8028539911103126e-07,difference of equal-sample representative means; not paired
M11,M11-M00,6,second_derivative,2152.689137254902,1.9480748655463682e-07,difference of equal-sample representative means; not paired
M11,M11-M00,6,second_derivative,2158.1498823529414,-6.213283478853357e-08,difference of equal-sample representative means; not paired
M11,M11-M00,6,second_derivative,2163.6106274509807,-3.71107343684438e-07,difference of equal-sample representative means; not paired
M11,M11-M00,6,second_derivative,2169.07137254902,-5.13147524073135e-07,difference of equal-sample representative means; not paired
M11,M11-M00,6,second_derivative,2174.5321176470593,-4.899210631046221e-07,difference of equal-sample representative means; not paired
M11,M11-M00,6,second_derivative,2179.992862745098,-3.2363564026077886e-08,difference of equal-sample representative means; not paired
M11,M11-M00,6,second_derivative,2185.4536078431374,3.5975664402937446e-07,difference of equal-sample representative means; not paired
M11,M11-M00,6,second_derivative,2190.9143529411767,2.5557278737268455e-07,difference of equal-sample representative means; not paired
M11,M11-M00,6,second_derivative,2196.375098039216,4.0176319242592163e-07,difference of equal-sample representative means; not paired
M11,M11-M00,6,second_derivative,2201.8358431372553,1.4594946727325678e-07,difference of equal-sample representative means; not paired
M11,M11-M00,6,second_derivative,2207.2965882352946,7.95237552168515e-07,difference of equal-sample representative means; not paired
M11,M11-M00,6,second_derivative,2212.7573333333335,1.1728870883621193e-06,difference of equal-sample representative means; not paired
M11,M11-M00,6,second_derivative,2218.2180784313728,1.2577983941510352e-06,difference of equal-sample representative means; not paired
M11,M11-M00,6,second_derivative,2223.678823529412,1.0439982595476121e-06,difference of equal-sample representative means; not paired
M11,M11-M00,6,second_derivative,2229.1395686274514,3.6129903961870235e-07,difference of equal-sample representative means; not paired
M11,M11-M00,6,second_derivative,2234.6003137254907,-4.941776639995864e-07,difference of equal-sample representative means; not paired
M11,M11-M00,6,second_derivative,2240.06105882353,-1.2584276106502516e-07,difference of equal-sample representative means; not paired
M11,M11-M00,6,second_derivative,2245.521803921569,-5.258236655265435e-07,difference of equal-sample representative means; not paired
M11,M11-M00,6,second_derivative,2250.982549019608,-5.586023718344912e-07,difference of equal-sample representative means; not paired
M11,M11-M00,6,second_derivative,2256.4432941176474,-1.0974893995928996e-06,difference of equal-sample representative means; not paired
M11,M11-M00,6,second_derivative,2261.9040392156867,-2.167253003330737e-06,difference of equal-sample representative means; not paired
M11,M11-M00,6,second_derivative,2267.364784313726,-3.599915858562157e-06,difference of equal-sample representative means; not paired
M11,M11-M00,6,second_derivative,2272.825529411765,-4.252681524129868e-06,difference of equal-sample representative means; not paired
M11,M11-M00,6,second_derivative,2278.286274509804,-3.702635039118973e-06,difference of equal-sample representative means; not paired
M11,M11-M00,6,second_derivative,2283.7470196078434,-1.6347962262693976e-06,difference of equal-sample representative means; not paired
M11,M11-M00,6,second_derivative,2289.2077647058827,6.668836532339162e-06,difference of equal-sample representative means; not paired
M11,M11-M00,6,second_derivative,2294.668509803922,6.668836532338965e-06,difference of equal-sample representative means; not paired
M11,M11-M00,6,second_derivative,2300.1292549019613,6.668836532338965e-06,difference of equal-sample representative means; not paired
M11,M11-M00,6,second_derivative,2305.59,6.668836532338965e-06,difference of equal-sample representative means; not paired
M11,M11-M00,7,reflectance,913.1,-0.0018771239916579585,difference of equal-sample representative means; not paired
M11,M11-M00,7,reflectance,918.5607450980392,-0.0038065827433003685,difference of equal-sample representative means; not paired
M11,M11-M00,7,reflectance,924.0214901960785,-0.005746128096482228,difference of equal-sample representative means; not paired
M11,M11-M00,7,reflectance,929.4822352941177,-0.006695316649563021,difference of equal-sample representative means; not paired
M11,M11-M00,7,reflectance,934.9429803921569,-0.007258587369263658,difference of equal-sample representative means; not paired
M11,M11-M00,7,reflectance,940.4037254901962,-0.007726750857026565,difference of equal-sample representative means; not paired
M11,M11-M00,7,reflectance,945.8644705882353,-0.007883676366159498,difference of equal-sample representative means; not paired
M11,M11-M00,7,reflectance,951.3252156862745,-0.007992995818261073,difference of equal-sample representative means; not paired
M11,M11-M00,7,reflectance,956.7859607843137,-0.00798861193856415,difference of equal-sample representative means; not paired
M11,M11-M00,7,reflectance,962.246705882353,-0.00808972475211256,difference of equal-sample representative means; not paired
M11,M11-M00,7,reflectance,967.7074509803922,-0.008101924759331247,difference of equal-sample representative means; not paired
M11,M11-M00,7,reflectance,973.1681960784314,-0.008100803894061426,difference of equal-sample representative means; not paired
M11,M11-M00,7,reflectance,978.6289411764706,-0.008149410463225815,difference of equal-sample representative means; not paired
M11,M11-M00,7,reflectance,984.0896862745099,-0.008233236625334928,difference of equal-sample representative means; not paired
M11,M11-M00,7,reflectance,989.550431372549,-0.008293736461346346,difference of equal-sample representative means; not paired
M11,M11-M00,7,reflectance,995.0111764705882,-0.008364888639823875,difference of equal-sample representative means; not paired
M11,M11-M00,7,reflectance,1000.4719215686275,-0.00837781162134632,difference of equal-sample representative means; not paired
M11,M11-M00,7,reflectance,1005.9326666666667,-0.008364335641482423,difference of equal-sample representative means; not paired
M11,M11-M00,7,reflectance,1011.3934117647059,-0.008335947740882643,difference of equal-sample representative means; not paired
M11,M11-M00,7,reflectance,1016.8541568627452,-0.008348612494023633,difference of equal-sample representative means; not paired
M11,M11-M00,7,reflectance,1022.3149019607844,-0.008391274032519935,difference of equal-sample representative means; not paired
M11,M11-M00,7,reflectance,1027.7756470588236,-0.008375645399209986,difference of equal-sample representative means; not paired
M11,M11-M00,7,reflectance,1033.2363921568628,-0.00843405743702541,difference of equal-sample representative means; not paired
M11,M11-M00,7,reflectance,1038.697137254902,-0.00847646131253621,difference of equal-sample representative means; not paired
M11,M11-M00,7,reflectance,1044.1578823529412,-0.00845891609307381,difference of equal-sample representative means; not paired
M11,M11-M00,7,reflectance,1049.6186274509805,-0.008477185446175928,difference of equal-sample representative means; not paired
M11,M11-M00,7,reflectance,1055.0793725490196,-0.008504024461351567,difference of equal-sample representative means; not paired
M11,M11-M00,7,reflectance,1060.5401176470589,-0.008494883861400626,difference of equal-sample representative means; not paired
M11,M11-M00,7,reflectance,1066.0008627450982,-0.008453013640293383,difference of equal-sample representative means; not paired
M11,M11-M00,7,reflectance,1071.4616078431372,-0.00841844694269267,difference of equal-sample representative means; not paired
M11,M11-M00,7,reflectance,1076.9223529411765,-0.008380067169350691,difference of equal-sample representative means; not paired
M11,M11-M00,7,reflectance,1082.3830980392158,-0.008396588776225622,difference of equal-sample representative means; not paired
M11,M11-M00,7,reflectance,1087.843843137255,-0.008415759962275504,difference of equal-sample representative means; not paired
M11,M11-M00,7,reflectance,1093.3045882352942,-0.008462406455134075,difference of equal-sample representative means; not paired
M11,M11-M00,7,reflectance,1098.7653333333333,-0.00848845218019556,difference of equal-sample representative means; not paired
M11,M11-M00,7,reflectance,1104.2260784313726,-0.008451880071339679,difference of equal-sample representative means; not paired
M11,M11-M00,7,reflectance,1109.6868235294119,-0.008457843664466669,difference of equal-sample representative means; not paired
M11,M11-M00,7,reflectance,1115.1475686274512,-0.008399571961774988,difference of equal-sample representative means; not paired
M11,M11-M00,7,reflectance,1120.6083137254902,-0.008397262190836918,difference of equal-sample representative means; not paired
M11,M11-M00,7,reflectance,1126.0690588235295,-0.008400824505081061,difference of equal-sample representative means; not paired
M11,M11-M00,7,reflectance,1131.5298039215686,-0.00839479483963057,difference of equal-sample representative means; not paired
M11,M11-M00,7,reflectance,1136.990549019608,-0.008435638675246104,difference of equal-sample representative means; not paired
M11,M11-M00,7,reflectance,1142.4512941176472,-0.008526946272032432,difference of equal-sample representative means; not paired
M11,M11-M00,7,reflectance,1147.9120392156863,-0.008573317479849019,difference of equal-sample representative means; not paired
M11,M11-M00,7,reflectance,1153.3727843137256,-0.008697418529369894,difference of equal-sample representative means; not paired
M11,M11-M00,7,reflectance,1158.8335294117649,-0.008786718599297916,difference of equal-sample representative means; not paired
M11,M11-M00,7,reflectance,1164.294274509804,-0.008862157970224382,difference of equal-sample representative means; not paired
M11,M11-M00,7,reflectance,1169.7550196078432,-0.008947253940770894,difference of equal-sample representative means; not paired
M11,M11-M00,7,reflectance,1175.2157647058825,-0.009043292208350096,difference of equal-sample representative means; not paired
M11,M11-M00,7,reflectance,1180.6765098039216,-0.009144905393214331,difference of equal-sample representative means; not paired
M11,M11-M00,7,reflectance,1186.137254901961,-0.009248329988334247,difference of equal-sample representative means; not paired
M11,M11-M00,7,reflectance,1191.598,-0.009344102207634042,difference of equal-sample representative means; not paired
M11,M11-M00,7,reflectance,1197.0587450980393,-0.009369534826676018,difference of equal-sample representative means; not paired
M11,M11-M00,7,reflectance,1202.5194901960786,-0.009411351979452087,difference of equal-sample representative means; not paired
M11,M11-M00,7,reflectance,1207.9802352941178,-0.009442935554995313,difference of equal-sample representative means; not paired
M11,M11-M00,7,reflectance,1213.440980392157,-0.00947073380060992,difference of equal-sample representative means; not paired
M11,M11-M00,7,reflectance,1218.9017254901962,-0.009485515471879702,difference of equal-sample representative means; not paired
M11,M11-M00,7,reflectance,1224.3624705882353,-0.009419200762834645,difference of equal-sample representative means; not paired
M11,M11-M00,7,reflectance,1229.8232156862746,-0.009183215075251772,difference of equal-sample representative means; not paired
M11,M11-M00,7,reflectance,1235.2839607843139,-0.009382128509576426,difference of equal-sample representative means; not paired
M11,M11-M00,7,reflectance,1240.7447058823532,-0.009394479262623379,difference of equal-sample representative means; not paired
M11,M11-M00,7,reflectance,1246.2054509803922,-0.009387400585524008,difference of equal-sample representative means; not paired
M11,M11-M00,7,reflectance,1251.6661960784315,-0.009402043673524152,difference of equal-sample representative means; not paired
M11,M11-M00,7,reflectance,1257.1269411764706,-0.009421327920102196,difference of equal-sample representative means; not paired
M11,M11-M00,7,reflectance,1262.58768627451,-0.00942857327494595,difference of equal-sample representative means; not paired
M11,M11-M00,7,reflectance,1268.0484313725492,-0.009440999157251717,difference of equal-sample representative means; not paired
M11,M11-M00,7,reflectance,1273.5091764705883,-0.009464222957769164,difference of equal-sample representative means; not paired
M11,M11-M00,7,reflectance,1278.9699215686276,-0.009427583096568326,difference of equal-sample representative means; not paired
M11,M11-M00,7,reflectance,1284.4306666666666,-0.009422471349302963,difference of equal-sample representative means; not paired
M11,M11-M00,7,reflectance,1289.891411764706,-0.009367053561578742,difference of equal-sample representative means; not paired
M11,M11-M00,7,reflectance,1295.3521568627452,-0.009313580428005341,difference of equal-sample representative means; not paired
M11,M11-M00,7,reflectance,1300.8129019607845,-0.009275667806513344,difference of equal-sample representative means; not paired
M11,M11-M00,7,reflectance,1306.2736470588236,-0.009202640189983735,difference of equal-sample representative means; not paired
M11,M11-M00,7,reflectance,1311.734392156863,-0.009139946642124364,difference of equal-sample representative means; not paired
M11,M11-M00,7,reflectance,1317.195137254902,-0.00929098048948851,difference of equal-sample representative means; not paired
M11,M11-M00,7,reflectance,1322.6558823529413,-0.009369919718675956,difference of equal-sample representative means; not paired
M11,M11-M00,7,reflectance,1328.1166274509806,-0.00942604084014953,difference of equal-sample representative means; not paired
M11,M11-M00,7,reflectance,1333.5773725490199,-0.009523286655075514,difference of equal-sample representative means; not paired
M11,M11-M00,7,reflectance,1339.038117647059,-0.009653539164985125,difference of equal-sample representative means; not paired
M11,M11-M00,7,reflectance,1344.4988627450982,-0.009779667525415925,difference of equal-sample representative means; not paired
M11,M11-M00,7,reflectance,1349.9596078431373,-0.009906327464511144,difference of equal-sample representative means; not paired
M11,M11-M00,7,reflectance,1355.4203529411766,-0.009980791959107727,difference of equal-sample representative means; not paired
M11,M11-M00,7,reflectance,1360.8810980392159,-0.010031577297232197,difference of equal-sample representative means; not paired
M11,M11-M00,7,reflectance,1366.341843137255,-0.010135137819230755,difference of equal-sample representative means; not paired
M11,M11-M00,7,reflectance,1371.8025882352943,-0.010201812902960627,difference of equal-sample representative means; not paired
M11,M11-M00,7,reflectance,1377.2633333333333,-0.010225505514913191,difference of equal-sample representative means; not paired
M11,M11-M00,7,reflectance,1382.7240784313726,-0.010245171774399042,difference of equal-sample representative means; not paired
M11,M11-M00,7,reflectance,1388.184823529412,-0.01027863964729503,difference of equal-sample representative means; not paired
M11,M11-M00,7,reflectance,1393.6455686274512,-0.010288374293602243,difference of equal-sample representative means; not paired
M11,M11-M00,7,reflectance,1399.1063137254903,-0.010289231212701533,difference of equal-sample representative means; not paired
M11,M11-M00,7,reflectance,1404.5670588235296,-0.01022976981605811,difference of equal-sample representative means; not paired
M11,M11-M00,7,reflectance,1410.0278039215686,-0.01008437813914842,difference of equal-sample representative means; not paired
M11,M11-M00,7,reflectance,1415.488549019608,-0.009899932361721209,difference of equal-sample representative means; not paired
M11,M11-M00,7,reflectance,1420.9492941176472,-0.009715324294143124,difference of equal-sample representative means; not paired
M11,M11-M00,7,reflectance,1426.4100392156865,-0.009542433294925767,difference of equal-sample representative means; not paired
M11,M11-M00,7,reflectance,1431.8707843137256,-0.00939010708717708,difference of equal-sample representative means; not paired
M11,M11-M00,7,reflectance,1437.3315294117647,-0.009267340660863987,difference of equal-sample representative means; not paired
M11,M11-M00,7,reflectance,1442.792274509804,-0.009193820411752818,difference of equal-sample representative means; not paired
M11,M11-M00,7,reflectance,1448.2530196078433,-0.009181909564089596,difference of equal-sample representative means; not paired
M11,M11-M00,7,reflectance,1453.7137647058826,-0.009134291927862637,difference of equal-sample representative means; not paired
M11,M11-M00,7,reflectance,1459.1745098039219,-0.009075640663275847,difference of equal-sample representative means; not paired
M11,M11-M00,7,reflectance,1464.635254901961,-0.009063095941086646,difference of equal-sample representative means; not paired
M11,M11-M00,7,reflectance,1470.096,-0.009076131418471606,difference of equal-sample representative means; not paired
M11,M11-M00,7,reflectance,1475.5567450980393,-0.009047853468996225,difference of equal-sample representative means; not paired
M11,M11-M00,7,reflectance,1481.0174901960786,-0.009073257989410222,difference of equal-sample representative means; not paired
M11,M11-M00,7,reflectance,1486.478235294118,-0.009101720970789845,difference of equal-sample representative means; not paired
M11,M11-M00,7,reflectance,1491.938980392157,-0.009148961071525241,difference of equal-sample representative means; not paired
M11,M11-M00,7,reflectance,1497.3997254901963,-0.009224074011101147,difference of equal-sample representative means; not paired
M11,M11-M00,7,reflectance,1502.8604705882353,-0.009296242482002282,difference of equal-sample representative means; not paired
M11,M11-M00,7,reflectance,1508.3212156862746,-0.009336237050043883,difference of equal-sample representative means; not paired
M11,M11-M00,7,reflectance,1513.781960784314,-0.009400283060341658,difference of equal-sample representative means; not paired
M11,M11-M00,7,reflectance,1519.2427058823532,-0.009453252192655914,difference of equal-sample representative means; not paired
M11,M11-M00,7,reflectance,1524.7034509803923,-0.009539387184583414,difference of equal-sample representative means; not paired
M11,M11-M00,7,reflectance,1530.1641960784316,-0.00956316514907396,difference of equal-sample representative means; not paired
M11,M11-M00,7,reflectance,1535.6249411764707,-0.009604363709843466,difference of equal-sample representative means; not paired
M11,M11-M00,7,reflectance,1541.08568627451,-0.009630835951671968,difference of equal-sample representative means; not paired
M11,M11-M00,7,reflectance,1546.5464313725493,-0.009606917504296125,difference of equal-sample representative means; not paired
M11,M11-M00,7,reflectance,1552.0071764705885,-0.00961668656952297,difference of equal-sample representative means; not paired
M11,M11-M00,7,reflectance,1557.4679215686276,-0.009664766581788498,difference of equal-sample representative means; not paired
M11,M11-M00,7,reflectance,1562.9286666666667,-0.009711421391453035,difference of equal-sample representative means; not paired
M11,M11-M00,7,reflectance,1568.389411764706,-0.00974947360753925,difference of equal-sample representative means; not paired
M11,M11-M00,7,reflectance,1573.8501568627453,-0.009752686759908091,difference of equal-sample representative means; not paired
M11,M11-M00,7,reflectance,1579.3109019607846,-0.009763344682818031,difference of equal-sample representative means; not paired
M11,M11-M00,7,reflectance,1584.7716470588239,-0.009791344673048041,difference of equal-sample representative means; not paired
M11,M11-M00,7,reflectance,1590.232392156863,-0.009806386567488112,difference of equal-sample representative means; not paired
M11,M11-M00,7,reflectance,1595.693137254902,-0.009827999653362562,difference of equal-sample representative means; not paired
M11,M11-M00,7,reflectance,1601.1538823529413,-0.00984597672617088,difference of equal-sample representative means; not paired
M11,M11-M00,7,reflectance,1606.6146274509806,-0.009881417070790655,difference of equal-sample representative means; not paired
M11,M11-M00,7,reflectance,1612.07537254902,-0.009908455089639723,difference of equal-sample representative means; not paired
M11,M11-M00,7,reflectance,1617.536117647059,-0.00993288517492913,difference of equal-sample representative means; not paired
M11,M11-M00,7,reflectance,1622.9968627450983,-0.009928891668522122,difference of equal-sample representative means; not paired
M11,M11-M00,7,reflectance,1628.4576078431373,-0.00989923217684835,difference of equal-sample representative means; not paired
M11,M11-M00,7,reflectance,1633.9183529411766,-0.009901964508367833,difference of equal-sample representative means; not paired
M11,M11-M00,7,reflectance,1639.379098039216,-0.00983774924443892,difference of equal-sample representative means; not paired
M11,M11-M00,7,reflectance,1644.8398431372552,-0.009772332877257428,difference of equal-sample representative means; not paired
M11,M11-M00,7,reflectance,1650.3005882352943,-0.009627389378146556,difference of equal-sample representative means; not paired
M11,M11-M00,7,reflectance,1655.7613333333334,-0.00949445231249657,difference of equal-sample representative means; not paired
M11,M11-M00,7,reflectance,1661.2220784313727,-0.009388665506476046,difference of equal-sample representative means; not paired
M11,M11-M00,7,reflectance,1666.682823529412,-0.009301991270906917,difference of equal-sample representative means; not paired
M11,M11-M00,7,reflectance,1672.1435686274513,-0.009239317801497227,difference of equal-sample representative means; not paired
M11,M11-M00,7,reflectance,1677.6043137254906,-0.009209798502365363,difference of equal-sample representative means; not paired
M11,M11-M00,7,reflectance,1683.0650588235296,-0.009191851570434173,difference of equal-sample representative means; not paired
M11,M11-M00,7,reflectance,1688.5258039215687,-0.009203790576000126,difference of equal-sample representative means; not paired
M11,M11-M00,7,reflectance,1693.986549019608,-0.00920134761289515,difference of equal-sample representative means; not paired
M11,M11-M00,7,reflectance,1699.4472941176473,-0.009201303689237217,difference of equal-sample representative means; not paired
M11,M11-M00,7,reflectance,1704.9080392156866,-0.009208190604412525,difference of equal-sample representative means; not paired
M11,M11-M00,7,reflectance,1710.3687843137257,-0.009209078995694286,difference of equal-sample representative means; not paired
M11,M11-M00,7,reflectance,1715.829529411765,-0.009189779426034161,difference of equal-sample representative means; not paired
M11,M11-M00,7,reflectance,1721.290274509804,-0.00914923542189594,difference of equal-sample representative means; not paired
M11,M11-M00,7,reflectance,1726.7510196078433,-0.009144146687797394,difference of equal-sample representative means; not paired
M11,M11-M00,7,reflectance,1732.2117647058826,-0.009102475678889388,difference of equal-sample representative means; not paired
M11,M11-M00,7,reflectance,1737.672509803922,-0.009031819687719822,difference of equal-sample representative means; not paired
M11,M11-M00,7,reflectance,1743.133254901961,-0.009000706885833043,difference of equal-sample representative means; not paired
M11,M11-M00,7,reflectance,1748.594,-0.00900915120891932,difference of equal-sample representative means; not paired
M11,M11-M00,7,reflectance,1754.0547450980393,-0.0090236091776707,difference of equal-sample representative means; not paired
M11,M11-M00,7,reflectance,1759.5154901960786,-0.009115635529491628,difference of equal-sample representative means; not paired
M11,M11-M00,7,reflectance,1764.976235294118,-0.009115806210648392,difference of equal-sample representative means; not paired
M11,M11-M00,7,reflectance,1770.4369803921572,-0.009118687241676804,difference of equal-sample representative means; not paired
M11,M11-M00,7,reflectance,1775.8977254901963,-0.0090593494380235,difference of equal-sample representative means; not paired
M11,M11-M00,7,reflectance,1781.3584705882354,-0.009052434461375103,difference of equal-sample representative means; not paired
M11,M11-M00,7,reflectance,1786.8192156862747,-0.009054240839076633,difference of equal-sample representative means; not paired
M11,M11-M00,7,reflectance,1792.279960784314,-0.009017145701540219,difference of equal-sample representative means; not paired
M11,M11-M00,7,reflectance,1797.7407058823533,-0.00901974960146501,difference of equal-sample representative means; not paired
M11,M11-M00,7,reflectance,1803.2014509803923,-0.009070201411624512,difference of equal-sample representative means; not paired
M11,M11-M00,7,reflectance,1808.6621960784316,-0.009011663088276223,difference of equal-sample representative means; not paired
M11,M11-M00,7,reflectance,1814.1229411764707,-0.008982833199940365,difference of equal-sample representative means; not paired
M11,M11-M00,7,reflectance,1819.58368627451,-0.008996990402252547,difference of equal-sample representative means; not paired
M11,M11-M00,7,reflectance,1825.0444313725493,-0.008961557785742202,difference of equal-sample representative means; not paired
M11,M11-M00,7,reflectance,1830.5051764705886,-0.00890132343450678,difference of equal-sample representative means; not paired
M11,M11-M00,7,reflectance,1835.9659215686277,-0.008884628306685183,difference of equal-sample representative means; not paired
M11,M11-M00,7,reflectance,1841.4266666666667,-0.008829442273451948,difference of equal-sample representative means; not paired
M11,M11-M00,7,reflectance,1846.887411764706,-0.008846631874371846,difference of equal-sample representative means; not paired
M11,M11-M00,7,reflectance,1852.3481568627453,-0.008868934457267386,difference of equal-sample representative means; not paired
M11,M11-M00,7,reflectance,1857.8089019607846,-0.008910263847210331,difference of equal-sample representative means; not paired
M11,M11-M00,7,reflectance,1863.269647058824,-0.008842918542506684,difference of equal-sample representative means; not paired
M11,M11-M00,7,reflectance,1868.730392156863,-0.008726425505741264,difference of equal-sample representative means; not paired
M11,M11-M00,7,reflectance,1874.191137254902,-0.008650049106049384,difference of equal-sample representative means; not paired
M11,M11-M00,7,reflectance,1879.6518823529414,-0.008598601426248187,difference of equal-sample representative means; not paired
M11,M11-M00,7,reflectance,1885.1126274509807,-0.008497851811608004,difference of equal-sample representative means; not paired
M11,M11-M00,7,reflectance,1890.57337254902,-0.008277923394080455,difference of equal-sample representative means; not paired
M11,M11-M00,7,reflectance,1896.034117647059,-0.007915887030776614,difference of equal-sample representative means; not paired
M11,M11-M00,7,reflectance,1901.4948627450983,-0.007062239909622708,difference of equal-sample representative means; not paired
M11,M11-M00,7,reflectance,1906.9556078431374,-0.006463778197372705,difference of equal-sample representative means; not paired
M11,M11-M00,7,reflectance,1912.4163529411767,-0.006188087840006462,difference of equal-sample representative means; not paired
M11,M11-M00,7,reflectance,1917.877098039216,-0.005901955071218157,difference of equal-sample representative means; not paired
M11,M11-M00,7,reflectance,1923.3378431372553,-0.0057065526460627625,difference of equal-sample representative means; not paired
M11,M11-M00,7,reflectance,1928.7985882352943,-0.0055502498003857925,difference of equal-sample representative means; not paired
M11,M11-M00,7,reflectance,1934.2593333333336,-0.0056563277723749306,difference of equal-sample representative means; not paired
M11,M11-M00,7,reflectance,1939.7200784313727,-0.005599034621149052,difference of equal-sample representative means; not paired
M11,M11-M00,7,reflectance,1945.180823529412,-0.005651437599950182,difference of equal-sample representative means; not paired
M11,M11-M00,7,reflectance,1950.6415686274513,-0.005736720041932125,difference of equal-sample representative means; not paired
M11,M11-M00,7,reflectance,1956.1023137254906,-0.005797843308936401,difference of equal-sample representative means; not paired
M11,M11-M00,7,reflectance,1961.5630588235294,-0.005893331429348392,difference of equal-sample representative means; not paired
M11,M11-M00,7,reflectance,1967.0238039215687,-0.005959252006244392,difference of equal-sample representative means; not paired
M11,M11-M00,7,reflectance,1972.484549019608,-0.006100837533668968,difference of equal-sample representative means; not paired
M11,M11-M00,7,reflectance,1977.9452941176473,-0.006143796948813396,difference of equal-sample representative means; not paired
M11,M11-M00,7,reflectance,1983.4060392156866,-0.006207863577192552,difference of equal-sample representative means; not paired
M11,M11-M00,7,reflectance,1988.866784313726,-0.006297117798780505,difference of equal-sample representative means; not paired
M11,M11-M00,7,reflectance,1994.3275294117648,-0.006344970206258321,difference of equal-sample representative means; not paired
M11,M11-M00,7,reflectance,1999.788274509804,-0.0063952206605494555,difference of equal-sample representative means; not paired
M11,M11-M00,7,reflectance,2005.2490196078434,-0.006564001448118306,difference of equal-sample representative means; not paired
M11,M11-M00,7,reflectance,2010.7097647058827,-0.006529699584697818,difference of equal-sample representative means; not paired
M11,M11-M00,7,reflectance,2016.170509803922,-0.006586046002483664,difference of equal-sample representative means; not paired
M11,M11-M00,7,reflectance,2021.6312549019613,-0.0065844460818496875,difference of equal-sample representative means; not paired
M11,M11-M00,7,reflectance,2027.092,-0.006493545935081668,difference of equal-sample representative means; not paired
M11,M11-M00,7,reflectance,2032.5527450980394,-0.006492607026576697,difference of equal-sample representative means; not paired
M11,M11-M00,7,reflectance,2038.0134901960787,-0.006487337800233001,difference of equal-sample representative means; not paired
M11,M11-M00,7,reflectance,2043.474235294118,-0.006359336917259567,difference of equal-sample representative means; not paired
M11,M11-M00,7,reflectance,2048.9349803921573,-0.006343304927537263,difference of equal-sample representative means; not paired
M11,M11-M00,7,reflectance,2054.3957254901966,-0.006281136759715533,difference of equal-sample representative means; not paired
M11,M11-M00,7,reflectance,2059.8564705882354,-0.006078283830526082,difference of equal-sample representative means; not paired
M11,M11-M00,7,reflectance,2065.3172156862747,-0.006011652214539892,difference of equal-sample representative means; not paired
M11,M11-M00,7,reflectance,2070.777960784314,-0.005980568278484727,difference of equal-sample representative means; not paired
M11,M11-M00,7,reflectance,2076.2387058823533,-0.005894538429459556,difference of equal-sample representative means; not paired
M11,M11-M00,7,reflectance,2081.6994509803926,-0.005781520584834304,difference of equal-sample representative means; not paired
M11,M11-M00,7,reflectance,2087.1601960784315,-0.0057687854002835826,difference of equal-sample representative means; not paired
M11,M11-M00,7,reflectance,2092.6209411764708,-0.005935138139296109,difference of equal-sample representative means; not paired
M11,M11-M00,7,reflectance,2098.08168627451,-0.005852476047725708,difference of equal-sample representative means; not paired
M11,M11-M00,7,reflectance,2103.5424313725493,-0.005825518964383797,difference of equal-sample representative means; not paired
M11,M11-M00,7,reflectance,2109.0031764705886,-0.005747054837827059,difference of equal-sample representative means; not paired
M11,M11-M00,7,reflectance,2114.463921568628,-0.005624258294893769,difference of equal-sample representative means; not paired
M11,M11-M00,7,reflectance,2119.924666666667,-0.005678383460273884,difference of equal-sample representative means; not paired
M11,M11-M00,7,reflectance,2125.385411764706,-0.0058333408499154915,difference of equal-sample representative means; not paired
M11,M11-M00,7,reflectance,2130.8461568627454,-0.005713511372808372,difference of equal-sample representative means; not paired
M11,M11-M00,7,reflectance,2136.3069019607847,-0.005784397839859817,difference of equal-sample representative means; not paired
M11,M11-M00,7,reflectance,2141.767647058824,-0.005782545509478099,difference of equal-sample representative means; not paired
M11,M11-M00,7,reflectance,2147.2283921568633,-0.005834650961669768,difference of equal-sample representative means; not paired
M11,M11-M00,7,reflectance,2152.689137254902,-0.005840268997184567,difference of equal-sample representative means; not paired
M11,M11-M00,7,reflectance,2158.1498823529414,-0.005861776825781234,difference of equal-sample representative means; not paired
M11,M11-M00,7,reflectance,2163.6106274509807,-0.005954073576564772,difference of equal-sample representative means; not paired
M11,M11-M00,7,reflectance,2169.07137254902,-0.00604506551538303,difference of equal-sample representative means; not paired
M11,M11-M00,7,reflectance,2174.5321176470593,-0.006007962572279063,difference of equal-sample representative means; not paired
M11,M11-M00,7,reflectance,2179.992862745098,-0.006286902951519402,difference of equal-sample representative means; not paired
M11,M11-M00,7,reflectance,2185.4536078431374,-0.00630647483145641,difference of equal-sample representative means; not paired
M11,M11-M00,7,reflectance,2190.9143529411767,-0.006220318906595218,difference of equal-sample representative means; not paired
M11,M11-M00,7,reflectance,2196.375098039216,-0.006237888966727584,difference of equal-sample representative means; not paired
M11,M11-M00,7,reflectance,2201.8358431372553,-0.006245864850163596,difference of equal-sample representative means; not paired
M11,M11-M00,7,reflectance,2207.2965882352946,-0.006198572740673924,difference of equal-sample representative means; not paired
M11,M11-M00,7,reflectance,2212.7573333333335,-0.006164938773459888,difference of equal-sample representative means; not paired
M11,M11-M00,7,reflectance,2218.2180784313728,-0.006112684976752603,difference of equal-sample representative means; not paired
M11,M11-M00,7,reflectance,2223.678823529412,-0.0061810841785489845,difference of equal-sample representative means; not paired
M11,M11-M00,7,reflectance,2229.1395686274514,-0.0062514649303819225,difference of equal-sample representative means; not paired
M11,M11-M00,7,reflectance,2234.6003137254907,-0.006118010114239375,difference of equal-sample representative means; not paired
M11,M11-M00,7,reflectance,2240.06105882353,-0.006066350021458722,difference of equal-sample representative means; not paired
M11,M11-M00,7,reflectance,2245.521803921569,-0.005957127858469358,difference of equal-sample representative means; not paired
M11,M11-M00,7,reflectance,2250.982549019608,-0.0056836127229960565,difference of equal-sample representative means; not paired
M11,M11-M00,7,reflectance,2256.4432941176474,-0.0053907704589413186,difference of equal-sample representative means; not paired
M11,M11-M00,7,reflectance,2261.9040392156867,-0.005088689148389308,difference of equal-sample representative means; not paired
M11,M11-M00,7,reflectance,2267.364784313726,-0.0044701882239522595,difference of equal-sample representative means; not paired
M11,M11-M00,7,reflectance,2272.825529411765,-0.004298654847102151,difference of equal-sample representative means; not paired
M11,M11-M00,7,reflectance,2278.286274509804,-0.004173835338650983,difference of equal-sample representative means; not paired
M11,M11-M00,7,reflectance,2283.7470196078434,-0.0038041102187252596,difference of equal-sample representative means; not paired
M11,M11-M00,7,reflectance,2289.2077647058827,-0.003407188878501888,difference of equal-sample representative means; not paired
M11,M11-M00,7,reflectance,2294.668509803922,-0.003238372705036602,difference of equal-sample representative means; not paired
M11,M11-M00,7,reflectance,2300.1292549019613,-0.0029258664767607967,difference of equal-sample representative means; not paired
M11,M11-M00,7,reflectance,2305.59,-0.0010708205318148978,difference of equal-sample representative means; not paired
M11,M11-M00,7,snv,913.1,0.03945778674031142,difference of equal-sample representative means; not paired
M11,M11-M00,7,snv,918.5607450980392,0.028738776682491807,difference of equal-sample representative means; not paired
M11,M11-M00,7,snv,924.0214901960785,0.017763664557611802,difference of equal-sample representative means; not paired
M11,M11-M00,7,snv,929.4822352941177,0.01199398929915807,difference of equal-sample representative means; not paired
M11,M11-M00,7,snv,934.9429803921569,0.00854534497035564,difference of equal-sample representative means; not paired
M11,M11-M00,7,snv,940.4037254901962,0.00589357914179045,difference of equal-sample representative means; not paired
M11,M11-M00,7,snv,945.8644705882353,0.004970300347613366,difference of equal-sample representative means; not paired
M11,M11-M00,7,snv,951.3252156862745,0.004356244008744792,difference of equal-sample representative means; not paired
M11,M11-M00,7,snv,956.7859607843137,0.004373669645996836,difference of equal-sample representative means; not paired
M11,M11-M00,7,snv,962.246705882353,0.0037862440460270097,difference of equal-sample representative means; not paired
M11,M11-M00,7,snv,967.7074509803922,0.0037310480872849716,difference of equal-sample representative means; not paired
M11,M11-M00,7,snv,973.1681960784314,0.0037478748654171667,difference of equal-sample representative means; not paired
M11,M11-M00,7,snv,978.6289411764706,0.0034826323071595056,difference of equal-sample representative means; not paired
M11,M11-M00,7,snv,984.0896862745099,0.0030352495319037054,difference of equal-sample representative means; not paired
M11,M11-M00,7,snv,989.550431372549,0.0027214040051102284,difference of equal-sample representative means; not paired
M11,M11-M00,7,snv,995.0111764705882,0.0023374582965589585,difference of equal-sample representative means; not paired
M11,M11-M00,7,snv,1000.4719215686275,0.0023132876422018445,difference of equal-sample representative means; not paired
M11,M11-M00,7,snv,1005.9326666666667,0.002423447442897686,difference of equal-sample representative means; not paired
M11,M11-M00,7,snv,1011.3934117647059,0.0026015077249565977,difference of equal-sample representative means; not paired
M11,M11-M00,7,snv,1016.8541568627452,0.002546835598500774,difference of equal-sample representative means; not paired
M11,M11-M00,7,snv,1022.3149019607844,0.002345487029141058,difference of equal-sample representative means; not paired
M11,M11-M00,7,snv,1027.7756470588236,0.002508455501258,difference of equal-sample representative means; not paired
M11,M11-M00,7,snv,1033.2363921568628,0.002239299865449018,difference of equal-sample representative means; not paired
M11,M11-M00,7,snv,1038.697137254902,0.0020270496337129185,difference of equal-sample representative means; not paired
M11,M11-M00,7,snv,1044.1578823529412,0.002161571459114553,difference of equal-sample representative means; not paired
M11,M11-M00,7,snv,1049.6186274509805,0.002082400029221221,difference of equal-sample representative means; not paired
M11,M11-M00,7,snv,1055.0793725490196,0.0019526645609706517,difference of equal-sample representative means; not paired
M11,M11-M00,7,snv,1060.5401176470589,0.0020266530646264602,difference of equal-sample representative means; not paired
M11,M11-M00,7,snv,1066.0008627450982,0.0022858955119262614,difference of equal-sample representative means; not paired
M11,M11-M00,7,snv,1071.4616078431372,0.002551275037518508,difference of equal-sample representative means; not paired
M11,M11-M00,7,snv,1076.9223529411765,0.002779050001656014,difference of equal-sample representative means; not paired
M11,M11-M00,7,snv,1082.3830980392158,0.00272202470919658,difference of equal-sample representative means; not paired
M11,M11-M00,7,snv,1087.843843137255,0.0026806568103436845,difference of equal-sample representative means; not paired
M11,M11-M00,7,snv,1093.3045882352942,0.0025000140803779214,difference of equal-sample representative means; not paired
M11,M11-M00,7,snv,1098.7653333333333,0.002418020692714462,difference of equal-sample representative means; not paired
M11,M11-M00,7,snv,1104.2260784313726,0.0026512946439618545,difference of equal-sample representative means; not paired
M11,M11-M00,7,snv,1109.6868235294119,0.002631667687906347,difference of equal-sample representative means; not paired
M11,M11-M00,7,snv,1115.1475686274512,0.002962868970345367,difference of equal-sample representative means; not paired
M11,M11-M00,7,snv,1120.6083137254902,0.0029621213834813975,difference of equal-sample representative means; not paired
M11,M11-M00,7,snv,1126.0690588235295,0.0029029275622856066,difference of equal-sample representative means; not paired
M11,M11-M00,7,snv,1131.5298039215686,0.002916301549829914,difference of equal-sample representative means; not paired
M11,M11-M00,7,snv,1136.990549019608,0.0026863580914673335,difference of equal-sample representative means; not paired
M11,M11-M00,7,snv,1142.4512941176472,0.002171125618533276,difference of equal-sample representative means; not paired
M11,M11-M00,7,snv,1147.9120392156863,0.001897612205247201,difference of equal-sample representative means; not paired
M11,M11-M00,7,snv,1153.3727843137256,0.0011774421355050801,difference of equal-sample representative means; not paired
M11,M11-M00,7,snv,1158.8335294117649,0.0006488176240690979,difference of equal-sample representative means; not paired
M11,M11-M00,7,snv,1164.294274509804,0.00017581499380159293,difference of equal-sample representative means; not paired
M11,M11-M00,7,snv,1169.7550196078432,-0.00036373460157901327,difference of equal-sample representative means; not paired
M11,M11-M00,7,snv,1175.2157647058825,-0.0009570439745656412,difference of equal-sample representative means; not paired
M11,M11-M00,7,snv,1180.6765098039216,-0.0015834335046018833,difference of equal-sample representative means; not paired
M11,M11-M00,7,snv,1186.137254901961,-0.0022384753694231208,difference of equal-sample representative means; not paired
M11,M11-M00,7,snv,1191.598,-0.002797196961549786,difference of equal-sample representative means; not paired
M11,M11-M00,7,snv,1197.0587450980393,-0.0029992721443975467,difference of equal-sample representative means; not paired
M11,M11-M00,7,snv,1202.5194901960786,-0.003232830177291257,difference of equal-sample representative means; not paired
M11,M11-M00,7,snv,1207.9802352941178,-0.003378184043442145,difference of equal-sample representative means; not paired
M11,M11-M00,7,snv,1213.440980392157,-0.0034868120558759763,difference of equal-sample representative means; not paired
M11,M11-M00,7,snv,1218.9017254901962,-0.0035210885678373938,difference of equal-sample representative means; not paired
M11,M11-M00,7,snv,1224.3624705882353,-0.003087700808355076,difference of equal-sample representative means; not paired
M11,M11-M00,7,snv,1229.8232156862746,-0.0016387746412914739,difference of equal-sample representative means; not paired
M11,M11-M00,7,snv,1235.2839607843139,-0.0027125031250970766,difference of equal-sample representative means; not paired
M11,M11-M00,7,snv,1240.7447058823532,-0.0026995772937135065,difference of equal-sample representative means; not paired
M11,M11-M00,7,snv,1246.2054509803922,-0.002546897526370717,difference of equal-sample representative means; not paired
M11,M11-M00,7,snv,1251.6661960784315,-0.0025121080015817476,difference of equal-sample representative means; not paired
M11,M11-M00,7,snv,1257.1269411764706,-0.0025217753402599907,difference of equal-sample representative means; not paired
M11,M11-M00,7,snv,1262.58768627451,-0.0024807512238138596,difference of equal-sample representative means; not paired
M11,M11-M00,7,snv,1268.0484313725492,-0.0024620272975708346,difference of equal-sample representative means; not paired
M11,M11-M00,7,snv,1273.5091764705883,-0.0025050170916156578,difference of equal-sample representative means; not paired
M11,M11-M00,7,snv,1278.9699215686276,-0.0022201454948898025,difference of equal-sample representative means; not paired
M11,M11-M00,7,snv,1284.4306666666666,-0.0020987864466150974,difference of equal-sample representative means; not paired
M11,M11-M00,7,snv,1289.891411764706,-0.0017102909883703887,difference of equal-sample representative means; not paired
M11,M11-M00,7,snv,1295.3521568627452,-0.001323584212483464,difference of equal-sample representative means; not paired
M11,M11-M00,7,snv,1300.8129019607845,-0.0010290183854384516,difference of equal-sample representative means; not paired
M11,M11-M00,7,snv,1306.2736470588236,-0.0005938232834055146,difference of equal-sample representative means; not paired
M11,M11-M00,7,snv,1311.734392156863,-0.00025630171727941686,difference of equal-sample representative means; not paired
M11,M11-M00,7,snv,1317.195137254902,-0.0011015524981696778,difference of equal-sample representative means; not paired
M11,M11-M00,7,snv,1322.6558823529413,-0.0015870562522355414,difference of equal-sample representative means; not paired
M11,M11-M00,7,snv,1328.1166274509806,-0.0019847984086116544,difference of equal-sample representative means; not paired
M11,M11-M00,7,snv,1333.5773725490199,-0.0026501397311824437,difference of equal-sample representative means; not paired
M11,M11-M00,7,snv,1339.038117647059,-0.00355432120477428,difference of equal-sample representative means; not paired
M11,M11-M00,7,snv,1344.4988627450982,-0.004497859723745501,difference of equal-sample representative means; not paired
M11,M11-M00,7,snv,1349.9596078431373,-0.005477707182948599,difference of equal-sample representative means; not paired
M11,M11-M00,7,snv,1355.4203529411766,-0.0061884504951319474,difference of equal-sample representative means; not paired
M11,M11-M00,7,snv,1360.8810980392159,-0.006737305193290188,difference of equal-sample representative means; not paired
M11,M11-M00,7,snv,1366.341843137255,-0.007571856478542971,difference of equal-sample representative means; not paired
M11,M11-M00,7,snv,1371.8025882352943,-0.008191240183123227,difference of equal-sample representative means; not paired
M11,M11-M00,7,snv,1377.2633333333333,-0.0085332826629122,difference of equal-sample representative means; not paired
M11,M11-M00,7,snv,1382.7240784313726,-0.008824903255028549,difference of equal-sample representative means; not paired
M11,M11-M00,7,snv,1388.184823529412,-0.009245520097423576,difference of equal-sample representative means; not paired
M11,M11-M00,7,snv,1393.6455686274512,-0.00969566894104662,difference of equal-sample representative means; not paired
M11,M11-M00,7,snv,1399.1063137254903,-0.010184553495991955,difference of equal-sample representative means; not paired
M11,M11-M00,7,snv,1404.5670588235296,-0.01050219720672381,difference of equal-sample representative means; not paired
M11,M11-M00,7,snv,1410.0278039215686,-0.010414931377061731,difference of equal-sample representative means; not paired
M11,M11-M00,7,snv,1415.488549019608,-0.010092039569780886,difference of equal-sample representative means; not paired
M11,M11-M00,7,snv,1420.9492941176472,-0.00969915728028281,difference of equal-sample representative means; not paired
M11,M11-M00,7,snv,1426.4100392156865,-0.00927955842247219,difference of equal-sample representative means; not paired
M11,M11-M00,7,snv,1431.8707843137256,-0.008848962856208509,difference of equal-sample representative means; not paired
M11,M11-M00,7,snv,1437.3315294117647,-0.00844982149729434,difference of equal-sample representative means; not paired
M11,M11-M00,7,snv,1442.792274509804,-0.008250507400984652,difference of equal-sample representative means; not paired
M11,M11-M00,7,snv,1448.2530196078433,-0.008328741475050916,difference of equal-sample representative means; not paired
M11,M11-M00,7,snv,1453.7137647058826,-0.008171467413386702,difference of equal-sample representative means; not paired
M11,M11-M00,7,snv,1459.1745098039219,-0.007933802861347039,difference of equal-sample representative means; not paired
M11,M11-M00,7,snv,1464.635254901961,-0.007936086202178672,difference of equal-sample representative means; not paired
M11,M11-M00,7,snv,1470.096,-0.008056399360545474,difference of equal-sample representative means; not paired
M11,M11-M00,7,snv,1475.5567450980393,-0.007913949443569379,difference of equal-sample representative means; not paired
M11,M11-M00,7,snv,1481.0174901960786,-0.008061061197245256,difference of equal-sample representative means; not paired
M11,M11-M00,7,snv,1486.478235294118,-0.008193236192060582,difference of equal-sample representative means; not paired
M11,M11-M00,7,snv,1491.938980392157,-0.00840811389400975,difference of equal-sample representative means; not paired
M11,M11-M00,7,snv,1497.3997254901963,-0.008754965819768756,difference of equal-sample representative means; not paired
M11,M11-M00,7,snv,1502.8604705882353,-0.009072732827329455,difference of equal-sample representative means; not paired
M11,M11-M00,7,snv,1508.3212156862746,-0.009215456454127136,difference of equal-sample representative means; not paired
M11,M11-M00,7,snv,1513.781960784314,-0.009488730874936846,difference of equal-sample representative means; not paired
M11,M11-M00,7,snv,1519.2427058823532,-0.009675967701921917,difference of equal-sample representative means; not paired
M11,M11-M00,7,snv,1524.7034509803923,-0.01008155679594358,difference of equal-sample representative means; not paired
M11,M11-M00,7,snv,1530.1641960784316,-0.010149635230255027,difference of equal-sample representative means; not paired
M11,M11-M00,7,snv,1535.6249411764707,-0.01033697779907583,difference of equal-sample representative means; not paired
M11,M11-M00,7,snv,1541.08568627451,-0.010445628950144226,difference of equal-sample representative means; not paired
M11,M11-M00,7,snv,1546.5464313725493,-0.010259741734235606,difference of equal-sample representative means; not paired
M11,M11-M00,7,snv,1552.0071764705885,-0.010265558477981052,difference of equal-sample representative means; not paired
M11,M11-M00,7,snv,1557.4679215686276,-0.010484879225953203,difference of equal-sample representative means; not paired
M11,M11-M00,7,snv,1562.9286666666667,-0.010651287239794804,difference of equal-sample representative means; not paired
M11,M11-M00,7,snv,1568.389411764706,-0.010822201276152632,difference of equal-sample representative means; not paired
M11,M11-M00,7,snv,1573.8501568627453,-0.010804333858898008,difference of equal-sample representative means; not paired
M11,M11-M00,7,snv,1579.3109019607846,-0.010820674014820453,difference of equal-sample representative means; not paired
M11,M11-M00,7,snv,1584.7716470588239,-0.010914657217905188,difference of equal-sample representative means; not paired
M11,M11-M00,7,snv,1590.232392156863,-0.010912358519332699,difference of equal-sample representative means; not paired
M11,M11-M00,7,snv,1595.693137254902,-0.01096839528844007,difference of equal-sample representative means; not paired
M11,M11-M00,7,snv,1601.1538823529413,-0.01092956371717102,difference of equal-sample representative means; not paired
M11,M11-M00,7,snv,1606.6146274509806,-0.010987687470615792,difference of equal-sample representative means; not paired
M11,M11-M00,7,snv,1612.07537254902,-0.010983659557836922,difference of equal-sample representative means; not paired
M11,M11-M00,7,snv,1617.536117647059,-0.01094996953464189,difference of equal-sample representative means; not paired
M11,M11-M00,7,snv,1622.9968627450983,-0.010773614298748846,difference of equal-sample representative means; not paired
M11,M11-M00,7,snv,1628.4576078431373,-0.010489717752223682,difference of equal-sample representative means; not paired
M11,M11-M00,7,snv,1633.9183529411766,-0.010399163610140816,difference of equal-sample representative means; not paired
M11,M11-M00,7,snv,1639.379098039216,-0.009945708229984584,difference of equal-sample representative means; not paired
M11,M11-M00,7,snv,1644.8398431372552,-0.00952653453220298,difference of equal-sample representative means; not paired
M11,M11-M00,7,snv,1650.3005882352943,-0.008742019011059698,difference of equal-sample representative means; not paired
M11,M11-M00,7,snv,1655.7613333333334,-0.008066070725859353,difference of equal-sample representative means; not paired
M11,M11-M00,7,snv,1661.2220784313727,-0.007532054158283286,difference of equal-sample representative means; not paired
M11,M11-M00,7,snv,1666.682823529412,-0.007100064766023484,difference of equal-sample representative means; not paired
M11,M11-M00,7,snv,1672.1435686274513,-0.006825640293673774,difference of equal-sample representative means; not paired
M11,M11-M00,7,snv,1677.6043137254906,-0.0066976743606343425,difference of equal-sample representative means; not paired
M11,M11-M00,7,snv,1683.0650588235296,-0.006596964027748453,difference of equal-sample representative means; not paired
M11,M11-M00,7,snv,1688.5258039215687,-0.006659978422268009,difference of equal-sample representative means; not paired
M11,M11-M00,7,snv,1693.986549019608,-0.006675695228590628,difference of equal-sample representative means; not paired
M11,M11-M00,7,snv,1699.4472941176473,-0.006712672418409449,difference of equal-sample representative means; not paired
M11,M11-M00,7,snv,1704.9080392156866,-0.006771988473693258,difference of equal-sample representative means; not paired
M11,M11-M00,7,snv,1710.3687843137257,-0.006791277952388708,difference of equal-sample representative means; not paired
M11,M11-M00,7,snv,1715.829529411765,-0.006724705458480973,difference of equal-sample representative means; not paired
M11,M11-M00,7,snv,1721.290274509804,-0.006517070705599426,difference of equal-sample representative means; not paired
M11,M11-M00,7,snv,1726.7510196078433,-0.006517608002269304,difference of equal-sample representative means; not paired
M11,M11-M00,7,snv,1732.2117647058826,-0.0062959454152072825,difference of equal-sample representative means; not paired
M11,M11-M00,7,snv,1737.672509803922,-0.0059205150262485184,difference of equal-sample representative means; not paired
M11,M11-M00,7,snv,1743.133254901961,-0.005776944002974738,difference of equal-sample representative means; not paired
M11,M11-M00,7,snv,1748.594,-0.005855523579166133,difference of equal-sample representative means; not paired
M11,M11-M00,7,snv,1754.0547450980393,-0.005963242886870057,difference of equal-sample representative means; not paired
M11,M11-M00,7,snv,1759.5154901960786,-0.006511190819772139,difference of equal-sample representative means; not paired
M11,M11-M00,7,snv,1764.976235294118,-0.006557003212660062,difference of equal-sample representative means; not paired
M11,M11-M00,7,snv,1770.4369803921572,-0.006618908363459131,difference of equal-sample representative means; not paired
M11,M11-M00,7,snv,1775.8977254901963,-0.0063206531240406205,difference of equal-sample representative means; not paired
M11,M11-M00,7,snv,1781.3584705882354,-0.0062938690639191,difference of equal-sample representative means; not paired
M11,M11-M00,7,snv,1786.8192156862747,-0.006302511643305919,difference of equal-sample representative means; not paired
M11,M11-M00,7,snv,1792.279960784314,-0.0061007696444759785,difference of equal-sample representative means; not paired
M11,M11-M00,7,snv,1797.7407058823533,-0.006129303126057084,difference of equal-sample representative means; not paired
M11,M11-M00,7,snv,1803.2014509803923,-0.006340612445172755,difference of equal-sample representative means; not paired
M11,M11-M00,7,snv,1808.6621960784316,-0.005959124165278162,difference of equal-sample representative means; not paired
M11,M11-M00,7,snv,1814.1229411764707,-0.005739860449325784,difference of equal-sample representative means; not paired
M11,M11-M00,7,snv,1819.58368627451,-0.005798861438559733,difference of equal-sample representative means; not paired
M11,M11-M00,7,snv,1825.0444313725493,-0.005569813547769142,difference of equal-sample representative means; not paired
M11,M11-M00,7,snv,1830.5051764705886,-0.005178097178301921,difference of equal-sample representative means; not paired
M11,M11-M00,7,snv,1835.9659215686277,-0.005024186014268739,difference of equal-sample representative means; not paired
M11,M11-M00,7,snv,1841.4266666666667,-0.004628357244543302,difference of equal-sample representative means; not paired
M11,M11-M00,7,snv,1846.887411764706,-0.004655112337989098,difference of equal-sample representative means; not paired
M11,M11-M00,7,snv,1852.3481568627453,-0.004746902011815268,difference of equal-sample representative means; not paired
M11,M11-M00,7,snv,1857.8089019607846,-0.004957203861374548,difference of equal-sample representative means; not paired
M11,M11-M00,7,snv,1863.269647058824,-0.004634430684944679,difference of equal-sample representative means; not paired
M11,M11-M00,7,snv,1868.730392156863,-0.004095474273097921,difference of equal-sample representative means; not paired
M11,M11-M00,7,snv,1874.191137254902,-0.003796781641169922,difference of equal-sample representative means; not paired
M11,M11-M00,7,snv,1879.6518823529414,-0.003696020691687396,difference of equal-sample representative means; not paired
M11,M11-M00,7,snv,1885.1126274509807,-0.003620782446197679,difference of equal-sample representative means; not paired
M11,M11-M00,7,snv,1890.57337254902,-0.0029167480648267796,difference of equal-sample representative means; not paired
M11,M11-M00,7,snv,1896.034117647059,-0.0015810173888375356,difference of equal-sample representative means; not paired
M11,M11-M00,7,snv,1901.4948627450983,0.0023294961587556617,difference of equal-sample representative means; not paired
M11,M11-M00,7,snv,1906.9556078431374,0.0048951065213692635,difference of equal-sample representative means; not paired
M11,M11-M00,7,snv,1912.4163529411767,0.005817949679035039,difference of equal-sample representative means; not paired
M11,M11-M00,7,snv,1917.877098039216,0.006931398916556475,difference of equal-sample representative means; not paired
M11,M11-M00,7,snv,1923.3378431372553,0.007720674490389268,difference of equal-sample representative means; not paired
M11,M11-M00,7,snv,1928.7985882352943,0.008398429748361247,difference of equal-sample representative means; not paired
M11,M11-M00,7,snv,1934.2593333333336,0.007748984693541017,difference of equal-sample representative means; not paired
M11,M11-M00,7,snv,1939.7200784313727,0.008065658099866813,difference of equal-sample representative means; not paired
M11,M11-M00,7,snv,1945.180823529412,0.007876902851370104,difference of equal-sample representative means; not paired
M11,M11-M00,7,snv,1950.6415686274513,0.007530392854789403,difference of equal-sample representative means; not paired
M11,M11-M00,7,snv,1956.1023137254906,0.007312726671829806,difference of equal-sample representative means; not paired
M11,M11-M00,7,snv,1961.5630588235294,0.006939945901392353,difference of equal-sample representative means; not paired
M11,M11-M00,7,snv,1967.0238039215687,0.006744507404180977,difference of equal-sample representative means; not paired
M11,M11-M00,7,snv,1972.484549019608,0.006148590335094739,difference of equal-sample representative means; not paired
M11,M11-M00,7,snv,1977.9452941176473,0.0060965907342153125,difference of equal-sample representative means; not paired
M11,M11-M00,7,snv,1983.4060392156866,0.005967350223215595,difference of equal-sample representative means; not paired
M11,M11-M00,7,snv,1988.866784313726,0.005665491939026213,difference of equal-sample representative means; not paired
M11,M11-M00,7,snv,1994.3275294117648,0.005593862662595095,difference of equal-sample representative means; not paired
M11,M11-M00,7,snv,1999.788274509804,0.005530229574912338,difference of equal-sample representative means; not paired
M11,M11-M00,7,snv,2005.2490196078434,0.004764207746781657,difference of equal-sample representative means; not paired
M11,M11-M00,7,snv,2010.7097647058827,0.005105944477490243,difference of equal-sample representative means; not paired
M11,M11-M00,7,snv,2016.170509803922,0.004827781363674122,difference of equal-sample representative means; not paired
M11,M11-M00,7,snv,2021.6312549019613,0.00491179667980024,difference of equal-sample representative means; not paired
M11,M11-M00,7,snv,2027.092,0.0054553662761857025,difference of equal-sample representative means; not paired
M11,M11-M00,7,snv,2032.5527450980394,0.0054439522961931,difference of equal-sample representative means; not paired
M11,M11-M00,7,snv,2038.0134901960787,0.005399087595447272,difference of equal-sample representative means; not paired
M11,M11-M00,7,snv,2043.474235294118,0.005999850510435167,difference of equal-sample representative means; not paired
M11,M11-M00,7,snv,2048.9349803921573,0.00599114596114636,difference of equal-sample representative means; not paired
M11,M11-M00,7,snv,2054.3957254901966,0.006199562753971266,difference of equal-sample representative means; not paired
M11,M11-M00,7,snv,2059.8564705882354,0.007237662977817361,difference of equal-sample representative means; not paired
M11,M11-M00,7,snv,2065.3172156862747,0.007488231941911172,difference of equal-sample representative means; not paired
M11,M11-M00,7,snv,2070.777960784314,0.007535001910580763,difference of equal-sample representative means; not paired
M11,M11-M00,7,snv,2076.2387058823533,0.007905457210497069,difference of equal-sample representative means; not paired
M11,M11-M00,7,snv,2081.6994509803926,0.008473438568756042,difference of equal-sample representative means; not paired
M11,M11-M00,7,snv,2087.1601960784315,0.008526967176342493,difference of equal-sample representative means; not paired
M11,M11-M00,7,snv,2092.6209411764708,0.007531189336549282,difference of equal-sample representative means; not paired
M11,M11-M00,7,snv,2098.08168627451,0.007945308601182366,difference of equal-sample representative means; not paired
M11,M11-M00,7,snv,2103.5424313725493,0.008086735451009797,difference of equal-sample representative means; not paired
M11,M11-M00,7,snv,2109.0031764705886,0.008516413244403664,difference of equal-sample representative means; not paired
M11,M11-M00,7,snv,2114.463921568628,0.009207552942861685,difference of equal-sample representative means; not paired
M11,M11-M00,7,snv,2119.924666666667,0.008955468471395944,difference of equal-sample representative means; not paired
M11,M11-M00,7,snv,2125.385411764706,0.008144851628626548,difference of equal-sample representative means; not paired
M11,M11-M00,7,snv,2130.8461568627454,0.008796934431995251,difference of equal-sample representative means; not paired
M11,M11-M00,7,snv,2136.3069019607847,0.008465804005179711,difference of equal-sample representative means; not paired
M11,M11-M00,7,snv,2141.767647058824,0.008483372071861561,difference of equal-sample representative means; not paired
M11,M11-M00,7,snv,2147.2283921568633,0.008279536594035908,difference of equal-sample representative means; not paired
M11,M11-M00,7,snv,2152.689137254902,0.008358034436626527,difference of equal-sample representative means; not paired
M11,M11-M00,7,snv,2158.1498823529414,0.008299812983537658,difference of equal-sample representative means; not paired
M11,M11-M00,7,snv,2163.6106274509807,0.00782582546003896,difference of equal-sample representative means; not paired
M11,M11-M00,7,snv,2169.07137254902,0.007397409717996517,difference of equal-sample representative means; not paired
M11,M11-M00,7,snv,2174.5321176470593,0.007692702481263858,difference of equal-sample representative means; not paired
M11,M11-M00,7,snv,2179.992862745098,0.006103088528447986,difference of equal-sample representative means; not paired
M11,M11-M00,7,snv,2185.4536078431374,0.006108858005276052,difference of equal-sample representative means; not paired
M11,M11-M00,7,snv,2190.9143529411767,0.0066188875738512065,difference of equal-sample representative means; not paired
M11,M11-M00,7,snv,2196.375098039216,0.006598297937061681,difference of equal-sample representative means; not paired
M11,M11-M00,7,snv,2201.8358431372553,0.006602458186293236,difference of equal-sample representative means; not paired
M11,M11-M00,7,snv,2207.2965882352946,0.006873356506073014,difference of equal-sample representative means; not paired
M11,M11-M00,7,snv,2212.7573333333335,0.007103918420389266,difference of equal-sample representative means; not paired
M11,M11-M00,7,snv,2218.2180784313728,0.007459599259805771,difference of equal-sample representative means; not paired
M11,M11-M00,7,snv,2223.678823529412,0.007155243997260419,difference of equal-sample representative means; not paired
M11,M11-M00,7,snv,2229.1395686274514,0.006768164949669253,difference of equal-sample representative means; not paired
M11,M11-M00,7,snv,2234.6003137254907,0.007425736151043694,difference of equal-sample representative means; not paired
M11,M11-M00,7,snv,2240.06105882353,0.007521188941276624,difference of equal-sample representative means; not paired
M11,M11-M00,7,snv,2245.521803921569,0.007953639577178206,difference of equal-sample representative means; not paired
M11,M11-M00,7,snv,2250.982549019608,0.009269626238231465,difference of equal-sample representative means; not paired
M11,M11-M00,7,snv,2256.4432941176474,0.010488465264715918,difference of equal-sample representative means; not paired
M11,M11-M00,7,snv,2261.9040392156867,0.011778321975932649,difference of equal-sample representative means; not paired
M11,M11-M00,7,snv,2267.364784313726,0.01492672682345586,difference of equal-sample representative means; not paired
M11,M11-M00,7,snv,2272.825529411765,0.015682591910078925,difference of equal-sample representative means; not paired
M11,M11-M00,7,snv,2278.286274509804,0.01620943773363326,difference of equal-sample representative means; not paired
M11,M11-M00,7,snv,2283.7470196078434,0.018263120049647474,difference of equal-sample representative means; not paired
M11,M11-M00,7,snv,2289.2077647058827,0.02040462747789329,difference of equal-sample representative means; not paired
M11,M11-M00,7,snv,2294.668509803922,0.0211693886839166,difference of equal-sample representative means; not paired
M11,M11-M00,7,snv,2300.1292549019613,0.022974755524653334,difference of equal-sample representative means; not paired
M11,M11-M00,7,snv,2305.59,0.033240602770987726,difference of equal-sample representative means; not paired
M11,M11-M00,7,second_derivative,913.1,-9.490211501782538e-06,difference of equal-sample representative means; not paired
M11,M11-M00,7,second_derivative,918.5607450980392,-9.490211501782538e-06,difference of equal-sample representative means; not paired
M11,M11-M00,7,second_derivative,924.0214901960785,-9.490211501782538e-06,difference of equal-sample representative means; not paired
M11,M11-M00,7,second_derivative,929.4822352941177,-9.490211501782375e-06,difference of equal-sample representative means; not paired
M11,M11-M00,7,second_derivative,934.9429803921569,-7.326383009428668e-06,difference of equal-sample representative means; not paired
M11,M11-M00,7,second_derivative,940.4037254901962,-4.066879650513842e-06,difference of equal-sample representative means; not paired
M11,M11-M00,7,second_derivative,945.8644705882353,-2.2013887529458043e-06,difference of equal-sample representative means; not paired
M11,M11-M00,7,second_derivative,951.3252156862745,-9.505892690422964e-07,difference of equal-sample representative means; not paired
M11,M11-M00,7,second_derivative,956.7859607843137,-7.246683603928298e-08,difference of equal-sample representative means; not paired
M11,M11-M00,7,second_derivative,962.246705882353,8.354164068056174e-08,difference of equal-sample representative means; not paired
M11,M11-M00,7,second_derivative,967.7074509803922,2.0807355839466968e-07,difference of equal-sample representative means; not paired
M11,M11-M00,7,second_derivative,973.1681960784314,5.7724689938529e-08,difference of equal-sample representative means; not paired
M11,M11-M00,7,second_derivative,978.6289411764706,1.1217039915473539e-07,difference of equal-sample representative means; not paired
M11,M11-M00,7,second_derivative,984.0896862745099,-2.6223809917201633e-07,difference of equal-sample representative means; not paired
M11,M11-M00,7,second_derivative,989.550431372549,-6.923218936950344e-07,difference of equal-sample representative means; not paired
M11,M11-M00,7,second_derivative,995.0111764705882,-8.540220495876897e-07,difference of equal-sample representative means; not paired
M11,M11-M00,7,second_derivative,1000.4719215686275,-6.384410164367211e-07,difference of equal-sample representative means; not paired
M11,M11-M00,7,second_derivative,1005.9326666666667,-2.3493434504197603e-07,difference of equal-sample representative means; not paired
M11,M11-M00,7,second_derivative,1011.3934117647059,1.783139319754409e-08,difference of equal-sample representative means; not paired
M11,M11-M00,7,second_derivative,1016.8541568627452,1.6977050722758876e-07,difference of equal-sample representative means; not paired
M11,M11-M00,7,second_derivative,1022.3149019607844,1.9133454724241727e-07,difference of equal-sample representative means; not paired
M11,M11-M00,7,second_derivative,1027.7756470588236,1.2801499698045192e-08,difference of equal-sample representative means; not paired
M11,M11-M00,7,second_derivative,1033.2363921568628,-2.6286776978860454e-08,difference of equal-sample representative means; not paired
M11,M11-M00,7,second_derivative,1038.697137254902,-4.4066393683419734e-09,difference of equal-sample representative means; not paired
M11,M11-M00,7,second_derivative,1044.1578823529412,-1.436367911008824e-07,difference of equal-sample representative means; not paired
M11,M11-M00,7,second_derivative,1049.6186274509805,-1.6553675965931158e-07,difference of equal-sample representative means; not paired
M11,M11-M00,7,second_derivative,1055.0793725490196,-2.1875553166960286e-07,difference of equal-sample representative means; not paired
M11,M11-M00,7,second_derivative,1060.5401176470589,-3.138064360942405e-07,difference of equal-sample representative means; not paired
M11,M11-M00,7,second_derivative,1066.0008627450982,-9.396381141497148e-08,difference of equal-sample representative means; not paired
M11,M11-M00,7,second_derivative,1071.4616078431372,1.8910880805246257e-07,difference of equal-sample representative means; not paired
M11,M11-M00,7,second_derivative,1076.9223529411765,3.757147549815875e-07,difference of equal-sample representative means; not paired
M11,M11-M00,7,second_derivative,1082.3830980392158,3.590726292650434e-07,difference of equal-sample representative means; not paired
M11,M11-M00,7,second_derivative,1087.843843137255,1.1798168425918999e-07,difference of equal-sample representative means; not paired
M11,M11-M00,7,second_derivative,1093.3045882352942,-1.3685699127362707e-08,difference of equal-sample representative means; not paired
M11,M11-M00,7,second_derivative,1098.7653333333333,-5.829029188631534e-08,difference of equal-sample representative means; not paired
M11,M11-M00,7,second_derivative,1104.2260784313726,1.4397809350032528e-07,difference of equal-sample representative means; not paired
M11,M11-M00,7,second_derivative,1109.6868235294119,5.296916786507372e-07,difference of equal-sample representative means; not paired
M11,M11-M00,7,second_derivative,1115.1475686274512,7.859880241033282e-07,difference of equal-sample representative means; not paired
M11,M11-M00,7,second_derivative,1120.6083137254902,8.816296045835705e-07,difference of equal-sample representative means; not paired
M11,M11-M00,7,second_derivative,1126.0690588235295,9.86485080308441e-07,difference of equal-sample representative means; not paired
M11,M11-M00,7,second_derivative,1131.5298039215686,7.091446201464886e-07,difference of equal-sample representative means; not paired
M11,M11-M00,7,second_derivative,1136.990549019608,6.845718165960999e-07,difference of equal-sample representative means; not paired
M11,M11-M00,7,second_derivative,1142.4512941176472,6.320121746286115e-07,difference of equal-sample representative means; not paired
M11,M11-M00,7,second_derivative,1147.9120392156863,4.440411283070668e-07,difference of equal-sample representative means; not paired
M11,M11-M00,7,second_derivative,1153.3727843137256,2.678973774601165e-07,difference of equal-sample representative means; not paired
M11,M11-M00,7,second_derivative,1158.8335294117649,1.1645713305773874e-07,difference of equal-sample representative means; not paired
M11,M11-M00,7,second_derivative,1164.294274509804,-5.138585710118051e-08,difference of equal-sample representative means; not paired
M11,M11-M00,7,second_derivative,1169.7550196078432,1.1679820669980162e-07,difference of equal-sample representative means; not paired
M11,M11-M00,7,second_derivative,1175.2157647058825,2.465069684529161e-07,difference of equal-sample representative means; not paired
M11,M11-M00,7,second_derivative,1180.6765098039216,-1.2410361664451732e-07,difference of equal-sample representative means; not paired
M11,M11-M00,7,second_derivative,1186.137254901961,-6.680371617580367e-07,difference of equal-sample representative means; not paired
M11,M11-M00,7,second_derivative,1191.598,-1.1503324198451032e-06,difference of equal-sample representative means; not paired
M11,M11-M00,7,second_derivative,1197.0587450980393,-1.3089224979466517e-06,difference of equal-sample representative means; not paired
M11,M11-M00,7,second_derivative,1202.5194901960786,-1.1237087858341317e-06,difference of equal-sample representative means; not paired
M11,M11-M00,7,second_derivative,1207.9802352941178,-1.06209442312581e-06,difference of equal-sample representative means; not paired
M11,M11-M00,7,second_derivative,1213.440980392157,-1.7505226664400305e-06,difference of equal-sample representative means; not paired
M11,M11-M00,7,second_derivative,1218.9017254901962,-1.0754521723029564e-06,difference of equal-sample representative means; not paired
M11,M11-M00,7,second_derivative,1224.3624705882353,-3.851706818097406e-07,difference of equal-sample representative means; not paired
M11,M11-M00,7,second_derivative,1229.8232156862746,1.7359773051762558e-07,difference of equal-sample representative means; not paired
M11,M11-M00,7,second_derivative,1235.2839607843139,4.707145637730463e-07,difference of equal-sample representative means; not paired
M11,M11-M00,7,second_derivative,1240.7447058823532,2.510682484311305e-07,difference of equal-sample representative means; not paired
M11,M11-M00,7,second_derivative,1246.2054509803922,-2.3309541325103656e-07,difference of equal-sample representative means; not paired
M11,M11-M00,7,second_derivative,1251.6661960784315,3.6397248068302063e-07,difference of equal-sample representative means; not paired
M11,M11-M00,7,second_derivative,1257.1269411764706,3.4949922644365484e-07,difference of equal-sample representative means; not paired
M11,M11-M00,7,second_derivative,1262.58768627451,1.0134391529304158e-08,difference of equal-sample representative means; not paired
M11,M11-M00,7,second_derivative,1268.0484313725492,-2.1421474733059931e-07,difference of equal-sample representative means; not paired
M11,M11-M00,7,second_derivative,1273.5091764705883,-4.303383051181004e-07,difference of equal-sample representative means; not paired
M11,M11-M00,7,second_derivative,1278.9699215686276,-4.874627939643199e-07,difference of equal-sample representative means; not paired
M11,M11-M00,7,second_derivative,1284.4306666666666,-2.419133404430826e-07,difference of equal-sample representative means; not paired
M11,M11-M00,7,second_derivative,1289.891411764706,7.680964341342343e-08,difference of equal-sample representative means; not paired
M11,M11-M00,7,second_derivative,1295.3521568627452,3.0829669773427704e-07,difference of equal-sample representative means; not paired
M11,M11-M00,7,second_derivative,1300.8129019607845,1.1685143110883937e-06,difference of equal-sample representative means; not paired
M11,M11-M00,7,second_derivative,1306.2736470588236,1.6803170005114636e-06,difference of equal-sample representative means; not paired
M11,M11-M00,7,second_derivative,1311.734392156863,1.7894071666383835e-06,difference of equal-sample representative means; not paired
M11,M11-M00,7,second_derivative,1317.195137254902,1.703214542237783e-06,difference of equal-sample representative means; not paired
M11,M11-M00,7,second_derivative,1322.6558823529413,1.5210573619603028e-06,difference of equal-sample representative means; not paired
M11,M11-M00,7,second_derivative,1328.1166274509806,1.4886737732838122e-06,difference of equal-sample representative means; not paired
M11,M11-M00,7,second_derivative,1333.5773725490199,1.8330836641277981e-06,difference of equal-sample representative means; not paired
M11,M11-M00,7,second_derivative,1339.038117647059,1.451324366691564e-06,difference of equal-sample representative means; not paired
M11,M11-M00,7,second_derivative,1344.4988627450982,6.083742469577901e-07,difference of equal-sample representative means; not paired
M11,M11-M00,7,second_derivative,1349.9596078431373,9.659485503375419e-08,difference of equal-sample representative means; not paired
M11,M11-M00,7,second_derivative,1355.4203529411766,-2.1384541754254776e-07,difference of equal-sample representative means; not paired
M11,M11-M00,7,second_derivative,1360.8810980392159,-5.543831547328307e-07,difference of equal-sample representative means; not paired
M11,M11-M00,7,second_derivative,1366.341843137255,-7.951360185265218e-07,difference of equal-sample representative means; not paired
M11,M11-M00,7,second_derivative,1371.8025882352943,-7.182982658841918e-07,difference of equal-sample representative means; not paired
M11,M11-M00,7,second_derivative,1377.2633333333333,1.528198356169556e-07,difference of equal-sample representative means; not paired
M11,M11-M00,7,second_derivative,1382.7240784313726,1.900385494449139e-06,difference of equal-sample representative means; not paired
M11,M11-M00,7,second_derivative,1388.184823529412,3.337445145579752e-06,difference of equal-sample representative means; not paired
M11,M11-M00,7,second_derivative,1393.6455686274512,3.695438615981708e-06,difference of equal-sample representative means; not paired
M11,M11-M00,7,second_derivative,1399.1063137254903,3.0727261047319102e-06,difference of equal-sample representative means; not paired
M11,M11-M00,7,second_derivative,1404.5670588235296,1.9309440095489336e-06,difference of equal-sample representative means; not paired
M11,M11-M00,7,second_derivative,1410.0278039215686,5.722376950320401e-07,difference of equal-sample representative means; not paired
M11,M11-M00,7,second_derivative,1415.488549019608,-8.787605565845294e-07,difference of equal-sample representative means; not paired
M11,M11-M00,7,second_derivative,1420.9492941176472,-2.458444640856397e-06,difference of equal-sample representative means; not paired
M11,M11-M00,7,second_derivative,1426.4100392156865,-3.5304079209421573e-06,difference of equal-sample representative means; not paired
M11,M11-M00,7,second_derivative,1431.8707843137256,-3.533297970397225e-06,difference of equal-sample representative means; not paired
M11,M11-M00,7,second_derivative,1437.3315294117647,-3.0438931680683865e-06,difference of equal-sample representative means; not paired
M11,M11-M00,7,second_derivative,1442.792274509804,-2.5099903366265064e-06,difference of equal-sample representative means; not paired
M11,M11-M00,7,second_derivative,1448.2530196078433,-1.8903377476315903e-06,difference of equal-sample representative means; not paired
M11,M11-M00,7,second_derivative,1453.7137647058826,-1.2707271742905832e-06,difference of equal-sample representative means; not paired
M11,M11-M00,7,second_derivative,1459.1745098039219,-9.25265958104046e-07,difference of equal-sample representative means; not paired
M11,M11-M00,7,second_derivative,1464.635254901961,-5.419340839917823e-07,difference of equal-sample representative means; not paired
M11,M11-M00,7,second_derivative,1470.096,-7.211429551922687e-07,difference of equal-sample representative means; not paired
M11,M11-M00,7,second_derivative,1475.5567450980393,-9.387279094552831e-07,difference of equal-sample representative means; not paired
M11,M11-M00,7,second_derivative,1481.0174901960786,-7.053182003930375e-07,difference of equal-sample representative means; not paired
M11,M11-M00,7,second_derivative,1486.478235294118,-3.866432601906574e-07,difference of equal-sample representative means; not paired
M11,M11-M00,7,second_derivative,1491.938980392157,-5.581853513058305e-07,difference of equal-sample representative means; not paired
M11,M11-M00,7,second_derivative,1497.3997254901963,-5.33962644291652e-07,difference of equal-sample representative means; not paired
M11,M11-M00,7,second_derivative,1502.8604705882353,-6.364488169912204e-07,difference of equal-sample representative means; not paired
M11,M11-M00,7,second_derivative,1508.3212156862746,-3.0559368965714887e-07,difference of equal-sample representative means; not paired
M11,M11-M00,7,second_derivative,1513.781960784314,-4.463406205056349e-08,difference of equal-sample representative means; not paired
M11,M11-M00,7,second_derivative,1519.2427058823532,2.1174086700053039e-07,difference of equal-sample representative means; not paired
M11,M11-M00,7,second_derivative,1524.7034509803923,2.311406243152269e-07,difference of equal-sample representative means; not paired
M11,M11-M00,7,second_derivative,1530.1641960784316,-1.086067882092135e-07,difference of equal-sample representative means; not paired
M11,M11-M00,7,second_derivative,1535.6249411764707,-4.044536649301139e-07,difference of equal-sample representative means; not paired
M11,M11-M00,7,second_derivative,1541.08568627451,-1.414977151534469e-07,difference of equal-sample representative means; not paired
M11,M11-M00,7,second_derivative,1546.5464313725493,3.9219494040613715e-08,difference of equal-sample representative means; not paired
M11,M11-M00,7,second_derivative,1552.0071764705885,3.8754273816382625e-07,difference of equal-sample representative means; not paired
M11,M11-M00,7,second_derivative,1557.4679215686276,3.1650888229369617e-07,difference of equal-sample representative means; not paired
M11,M11-M00,7,second_derivative,1562.9286666666667,-1.3193965939391303e-07,difference of equal-sample representative means; not paired
M11,M11-M00,7,second_derivative,1568.389411764706,-2.971580618053012e-07,difference of equal-sample representative means; not paired
M11,M11-M00,7,second_derivative,1573.8501568627453,-3.0373054874486215e-07,difference of equal-sample representative means; not paired
M11,M11-M00,7,second_derivative,1579.3109019607846,-3.606852476996189e-07,difference of equal-sample representative means; not paired
M11,M11-M00,7,second_derivative,1584.7716470588239,-6.722147685661885e-07,difference of equal-sample representative means; not paired
M11,M11-M00,7,second_derivative,1590.232392156863,-1.0654027145133048e-06,difference of equal-sample representative means; not paired
M11,M11-M00,7,second_derivative,1595.693137254902,-1.2669650472537226e-06,difference of equal-sample representative means; not paired
M11,M11-M00,7,second_derivative,1601.1538823529413,-1.09679361935762e-06,difference of equal-sample representative means; not paired
M11,M11-M00,7,second_derivative,1606.6146274509806,-8.103230456401148e-07,difference of equal-sample representative means; not paired
M11,M11-M00,7,second_derivative,1612.07537254902,-4.7262904938272036e-07,difference of equal-sample representative means; not paired
M11,M11-M00,7,second_derivative,1617.536117647059,-2.979214958033903e-08,difference of equal-sample representative means; not paired
M11,M11-M00,7,second_derivative,1622.9968627450983,1.9729746166238633e-07,difference of equal-sample representative means; not paired
M11,M11-M00,7,second_derivative,1628.4576078431373,2.9003608026489366e-07,difference of equal-sample representative means; not paired
M11,M11-M00,7,second_derivative,1633.9183529411766,2.0780407801095438e-07,difference of equal-sample representative means; not paired
M11,M11-M00,7,second_derivative,1639.379098039216,2.7153736613296647e-07,difference of equal-sample representative means; not paired
M11,M11-M00,7,second_derivative,1644.8398431372552,7.007923428060142e-07,difference of equal-sample representative means; not paired
M11,M11-M00,7,second_derivative,1650.3005882352943,1.480811479060684e-06,difference of equal-sample representative means; not paired
M11,M11-M00,7,second_derivative,1655.7613333333334,1.8600999894349777e-06,difference of equal-sample representative means; not paired
M11,M11-M00,7,second_derivative,1661.2220784313727,1.8509977585177314e-06,difference of equal-sample representative means; not paired
M11,M11-M00,7,second_derivative,1666.682823529412,1.080935681416438e-06,difference of equal-sample representative means; not paired
M11,M11-M00,7,second_derivative,1672.1435686274513,4.54162747905919e-07,difference of equal-sample representative means; not paired
M11,M11-M00,7,second_derivative,1677.6043137254906,2.5442564374046816e-07,difference of equal-sample representative means; not paired
M11,M11-M00,7,second_derivative,1683.0650588235296,3.125791244956882e-07,difference of equal-sample representative means; not paired
M11,M11-M00,7,second_derivative,1688.5258039215687,4.254693063836922e-07,difference of equal-sample representative means; not paired
M11,M11-M00,7,second_derivative,1693.986549019608,3.0904572652048733e-07,difference of equal-sample representative means; not paired
M11,M11-M00,7,second_derivative,1699.4472941176473,-2.3096122295611145e-07,difference of equal-sample representative means; not paired
M11,M11-M00,7,second_derivative,1704.9080392156866,-4.97798122792154e-07,difference of equal-sample representative means; not paired
M11,M11-M00,7,second_derivative,1710.3687843137257,-3.1270782826437085e-07,difference of equal-sample representative means; not paired
M11,M11-M00,7,second_derivative,1715.829529411765,-3.079929871446378e-07,difference of equal-sample representative means; not paired
M11,M11-M00,7,second_derivative,1721.290274509804,-5.606188181736338e-07,difference of equal-sample representative means; not paired
M11,M11-M00,7,second_derivative,1726.7510196078433,-5.825539362036072e-07,difference of equal-sample representative means; not paired
M11,M11-M00,7,second_derivative,1732.2117647058826,-2.209353206381115e-07,difference of equal-sample representative means; not paired
M11,M11-M00,7,second_derivative,1737.672509803922,4.790017247912714e-07,difference of equal-sample representative means; not paired
M11,M11-M00,7,second_derivative,1743.133254901961,1.5841321433124925e-06,difference of equal-sample representative means; not paired
M11,M11-M00,7,second_derivative,1748.594,1.4749553669716666e-06,difference of equal-sample representative means; not paired
M11,M11-M00,7,second_derivative,1754.0547450980393,7.070361393264525e-07,difference of equal-sample representative means; not paired
M11,M11-M00,7,second_derivative,1759.5154901960786,-4.005920832642868e-07,difference of equal-sample representative means; not paired
M11,M11-M00,7,second_derivative,1764.976235294118,-9.816861091643847e-07,difference of equal-sample representative means; not paired
M11,M11-M00,7,second_derivative,1770.4369803921572,-9.803238632144268e-07,difference of equal-sample representative means; not paired
M11,M11-M00,7,second_derivative,1775.8977254901963,-5.841517348498111e-07,difference of equal-sample representative means; not paired
M11,M11-M00,7,second_derivative,1781.3584705882354,-5.273420902537821e-07,difference of equal-sample representative means; not paired
M11,M11-M00,7,second_derivative,1786.8192156862747,-2.2281862379708862e-07,difference of equal-sample representative means; not paired
M11,M11-M00,7,second_derivative,1792.279960784314,-6.505424680764831e-07,difference of equal-sample representative means; not paired
M11,M11-M00,7,second_derivative,1797.7407058823533,-7.774397463570239e-07,difference of equal-sample representative means; not paired
M11,M11-M00,7,second_derivative,1803.2014509803923,-5.267282894629518e-07,difference of equal-sample representative means; not paired
M11,M11-M00,7,second_derivative,1808.6621960784316,-5.224230235279942e-07,difference of equal-sample representative means; not paired
M11,M11-M00,7,second_derivative,1814.1229411764707,-4.807285321248311e-07,difference of equal-sample representative means; not paired
M11,M11-M00,7,second_derivative,1819.58368627451,-2.2538423082272328e-07,difference of equal-sample representative means; not paired
M11,M11-M00,7,second_derivative,1825.0444313725493,-6.456100288891091e-07,difference of equal-sample representative means; not paired
M11,M11-M00,7,second_derivative,1830.5051764705886,-4.6906530418301567e-07,difference of equal-sample representative means; not paired
M11,M11-M00,7,second_derivative,1835.9659215686277,3.615358581144893e-07,difference of equal-sample representative means; not paired
M11,M11-M00,7,second_derivative,1841.4266666666667,1.1802507008425156e-06,difference of equal-sample representative means; not paired
M11,M11-M00,7,second_derivative,1846.887411764706,1.3049869008829756e-06,difference of equal-sample representative means; not paired
M11,M11-M00,7,second_derivative,1852.3481568627453,9.08318724454678e-07,difference of equal-sample representative means; not paired
M11,M11-M00,7,second_derivative,1857.8089019607846,4.620383664776889e-07,difference of equal-sample representative means; not paired
M11,M11-M00,7,second_derivative,1863.269647058824,1.2872295748333763e-06,difference of equal-sample representative means; not paired
M11,M11-M00,7,second_derivative,1868.730392156863,3.1921172591354587e-06,difference of equal-sample representative means; not paired
M11,M11-M00,7,second_derivative,1874.191137254902,4.548471172389893e-06,difference of equal-sample representative means; not paired
M11,M11-M00,7,second_derivative,1879.6518823529414,3.919809691915526e-06,difference of equal-sample representative means; not paired
M11,M11-M00,7,second_derivative,1885.1126274509807,-8.180113718948584e-07,difference of equal-sample representative means; not paired
M11,M11-M00,7,second_derivative,1890.57337254902,-4.609194507884879e-06,difference of equal-sample representative means; not paired
M11,M11-M00,7,second_derivative,1896.034117647059,-4.1434938194587445e-06,difference of equal-sample representative means; not paired
M11,M11-M00,7,second_derivative,1901.4948627450983,-1.4416205204299681e-06,difference of equal-sample representative means; not paired
M11,M11-M00,7,second_derivative,1906.9556078431374,9.675548301083903e-07,difference of equal-sample representative means; not paired
M11,M11-M00,7,second_derivative,1912.4163529411767,1.5451744579255767e-06,difference of equal-sample representative means; not paired
M11,M11-M00,7,second_derivative,1917.877098039216,4.383653658466657e-07,difference of equal-sample representative means; not paired
M11,M11-M00,7,second_derivative,1923.3378431372553,-8.883372211031964e-07,difference of equal-sample representative means; not paired
M11,M11-M00,7,second_derivative,1928.7985882352943,-6.197141721299513e-07,difference of equal-sample representative means; not paired
M11,M11-M00,7,second_derivative,1934.2593333333336,-8.926293928089525e-07,difference of equal-sample representative means; not paired
M11,M11-M00,7,second_derivative,1939.7200784313727,-1.6774332925555938e-06,difference of equal-sample representative means; not paired
M11,M11-M00,7,second_derivative,1945.180823529412,-1.8441790577976058e-06,difference of equal-sample representative means; not paired
M11,M11-M00,7,second_derivative,1950.6415686274513,-8.027573111228122e-07,difference of equal-sample representative means; not paired
M11,M11-M00,7,second_derivative,1956.1023137254906,-5.813305171775918e-07,difference of equal-sample representative means; not paired
M11,M11-M00,7,second_derivative,1961.5630588235294,-3.947602301353677e-07,difference of equal-sample representative means; not paired
M11,M11-M00,7,second_derivative,1967.0238039215687,-4.427111991233378e-07,difference of equal-sample representative means; not paired
M11,M11-M00,7,second_derivative,1972.484549019608,-6.260772796090261e-07,difference of equal-sample representative means; not paired
M11,M11-M00,7,second_derivative,1977.9452941176473,-6.45935687903082e-07,difference of equal-sample representative means; not paired
M11,M11-M00,7,second_derivative,1983.4060392156866,-3.569984060445451e-07,difference of equal-sample representative means; not paired
M11,M11-M00,7,second_derivative,1988.866784313726,1.3274172690992774e-06,difference of equal-sample representative means; not paired
M11,M11-M00,7,second_derivative,1994.3275294117648,8.225543462951247e-07,difference of equal-sample representative means; not paired
M11,M11-M00,7,second_derivative,1999.788274509804,7.198393822370407e-07,difference of equal-sample representative means; not paired
M11,M11-M00,7,second_derivative,2005.2490196078434,5.370976675280416e-07,difference of equal-sample representative means; not paired
M11,M11-M00,7,second_derivative,2010.7097647058827,-6.708205879644188e-08,difference of equal-sample representative means; not paired
M11,M11-M00,7,second_derivative,2016.170509803922,3.2473518701415084e-07,difference of equal-sample representative means; not paired
M11,M11-M00,7,second_derivative,2021.6312549019613,1.4556129880426957e-06,difference of equal-sample representative means; not paired
M11,M11-M00,7,second_derivative,2027.092,7.39125801842692e-07,difference of equal-sample representative means; not paired
M11,M11-M00,7,second_derivative,2032.5527450980394,1.0413947800005794e-06,difference of equal-sample representative means; not paired
M11,M11-M00,7,second_derivative,2038.0134901960787,8.596017183200538e-07,difference of equal-sample representative means; not paired
M11,M11-M00,7,second_derivative,2043.474235294118,-5.946888531908057e-07,difference of equal-sample representative means; not paired
M11,M11-M00,7,second_derivative,2048.9349803921573,-6.780181414979721e-07,difference of equal-sample representative means; not paired
M11,M11-M00,7,second_derivative,2054.3957254901966,-2.492898105454045e-07,difference of equal-sample representative means; not paired
M11,M11-M00,7,second_derivative,2059.8564705882354,-4.2638245567488816e-07,difference of equal-sample representative means; not paired
M11,M11-M00,7,second_derivative,2065.3172156862747,-3.155241693876494e-07,difference of equal-sample representative means; not paired
M11,M11-M00,7,second_derivative,2070.777960784314,1.7691515138926623e-08,difference of equal-sample representative means; not paired
M11,M11-M00,7,second_derivative,2076.2387058823533,1.116610781723979e-06,difference of equal-sample representative means; not paired
M11,M11-M00,7,second_derivative,2081.6994509803926,1.0131497259941782e-06,difference of equal-sample representative means; not paired
M11,M11-M00,7,second_derivative,2087.1601960784315,8.001756604996205e-07,difference of equal-sample representative means; not paired
M11,M11-M00,7,second_derivative,2092.6209411764708,-7.282985321543807e-07,difference of equal-sample representative means; not paired
M11,M11-M00,7,second_derivative,2098.08168627451,-2.477375566888585e-06,difference of equal-sample representative means; not paired
M11,M11-M00,7,second_derivative,2103.5424313725493,-1.4602559082062804e-06,difference of equal-sample representative means; not paired
M11,M11-M00,7,second_derivative,2109.0031764705886,1.585991462816729e-06,difference of equal-sample representative means; not paired
M11,M11-M00,7,second_derivative,2114.463921568628,4.953605670965094e-07,difference of equal-sample representative means; not paired
M11,M11-M00,7,second_derivative,2119.924666666667,7.051022441368944e-07,difference of equal-sample representative means; not paired
M11,M11-M00,7,second_derivative,2125.385411764706,-4.839121557850495e-07,difference of equal-sample representative means; not paired
M11,M11-M00,7,second_derivative,2130.8461568627454,-1.2487356539360384e-06,difference of equal-sample representative means; not paired
M11,M11-M00,7,second_derivative,2136.3069019607847,-4.946740488943935e-07,difference of equal-sample representative means; not paired
M11,M11-M00,7,second_derivative,2141.767647058824,4.582511880465367e-07,difference of equal-sample representative means; not paired
M11,M11-M00,7,second_derivative,2147.2283921568633,1.8410638673286619e-07,difference of equal-sample representative means; not paired
M11,M11-M00,7,second_derivative,2152.689137254902,1.077960205513525e-06,difference of equal-sample representative means; not paired
M11,M11-M00,7,second_derivative,2158.1498823529414,-7.397786322643595e-08,difference of equal-sample representative means; not paired
M11,M11-M00,7,second_derivative,2163.6106274509807,9.061817342408334e-07,difference of equal-sample representative means; not paired
M11,M11-M00,7,second_derivative,2169.07137254902,4.546227343181239e-07,difference of equal-sample representative means; not paired
M11,M11-M00,7,second_derivative,2174.5321176470593,-8.925235084309686e-07,difference of equal-sample representative means; not paired
M11,M11-M00,7,second_derivative,2179.992862745098,-1.5283786970854914e-06,difference of equal-sample representative means; not paired
M11,M11-M00,7,second_derivative,2185.4536078431374,-1.734508572435133e-06,difference of equal-sample representative means; not paired
M11,M11-M00,7,second_derivative,2190.9143529411767,-1.8044799764811287e-06,difference of equal-sample representative means; not paired
M11,M11-M00,7,second_derivative,2196.375098039216,3.0273117475834974e-07,difference of equal-sample representative means; not paired
M11,M11-M00,7,second_derivative,2201.8358431372553,2.6668714566398297e-07,difference of equal-sample representative means; not paired
M11,M11-M00,7,second_derivative,2207.2965882352946,2.474986287975902e-07,difference of equal-sample representative means; not paired
M11,M11-M00,7,second_derivative,2212.7573333333335,1.4673068735074822e-06,difference of equal-sample representative means; not paired
M11,M11-M00,7,second_derivative,2218.2180784313728,1.4214606150776338e-06,difference of equal-sample representative means; not paired
M11,M11-M00,7,second_derivative,2223.678823529412,1.0810772211092664e-06,difference of equal-sample representative means; not paired
M11,M11-M00,7,second_derivative,2229.1395686274514,2.344332659397387e-07,difference of equal-sample representative means; not paired
M11,M11-M00,7,second_derivative,2234.6003137254907,-1.497842019078854e-06,difference of equal-sample representative means; not paired
M11,M11-M00,7,second_derivative,2240.06105882353,-2.144859987307453e-06,difference of equal-sample representative means; not paired
M11,M11-M00,7,second_derivative,2245.521803921569,-2.4750123702219995e-06,difference of equal-sample representative means; not paired
M11,M11-M00,7,second_derivative,2250.982549019608,-5.0219189685993626e-06,difference of equal-sample representative means; not paired
M11,M11-M00,7,second_derivative,2256.4432941176474,-3.5323620077726857e-06,difference of equal-sample representative means; not paired
M11,M11-M00,7,second_derivative,2261.9040392156867,-5.707696572036818e-07,difference of equal-sample representative means; not paired
M11,M11-M00,7,second_derivative,2267.364784313726,-7.013343248946107e-07,difference of equal-sample representative means; not paired
M11,M11-M00,7,second_derivative,2272.825529411765,-2.56887314510653e-06,difference of equal-sample representative means; not paired
M11,M11-M00,7,second_derivative,2278.286274509804,-3.6060701458271002e-06,difference of equal-sample representative means; not paired
M11,M11-M00,7,second_derivative,2283.7470196078434,-4.675818758729169e-06,difference of equal-sample representative means; not paired
M11,M11-M00,7,second_derivative,2289.2077647058827,-1.6876776901936832e-05,difference of equal-sample representative means; not paired
M11,M11-M00,7,second_derivative,2294.668509803922,-1.687677690193629e-05,difference of equal-sample representative means; not paired
M11,M11-M00,7,second_derivative,2300.1292549019613,-1.687677690193629e-05,difference of equal-sample representative means; not paired
M11,M11-M00,7,second_derivative,2305.59,-1.687677690193629e-05,difference of equal-sample representative means; not paired
M11,M11-M00,8,reflectance,913.1,0.003745725394014021,difference of equal-sample representative means; not paired
M11,M11-M00,8,reflectance,918.5607450980392,0.006204418622142827,difference of equal-sample representative means; not paired
M11,M11-M00,8,reflectance,924.0214901960785,0.008070645053151027,difference of equal-sample representative means; not paired
M11,M11-M00,8,reflectance,929.4822352941177,0.00908387610784056,difference of equal-sample representative means; not paired
M11,M11-M00,8,reflectance,934.9429803921569,0.009700608774822816,difference of equal-sample representative means; not paired
M11,M11-M00,8,reflectance,940.4037254901962,0.010154583775017545,difference of equal-sample representative means; not paired
M11,M11-M00,8,reflectance,945.8644705882353,0.01034592682911617,difference of equal-sample representative means; not paired
M11,M11-M00,8,reflectance,951.3252156862745,0.010327653492872124,difference of equal-sample representative means; not paired
M11,M11-M00,8,reflectance,956.7859607843137,0.010300749144545596,difference of equal-sample representative means; not paired
M11,M11-M00,8,reflectance,962.246705882353,0.01021329327540943,difference of equal-sample representative means; not paired
M11,M11-M00,8,reflectance,967.7074509803922,0.010093855453607636,difference of equal-sample representative means; not paired
M11,M11-M00,8,reflectance,973.1681960784314,0.00999636352581934,difference of equal-sample representative means; not paired
M11,M11-M00,8,reflectance,978.6289411764706,0.009924913044661587,difference of equal-sample representative means; not paired
M11,M11-M00,8,reflectance,984.0896862745099,0.009869287020168649,difference of equal-sample representative means; not paired
M11,M11-M00,8,reflectance,989.550431372549,0.009854364216556832,difference of equal-sample representative means; not paired
M11,M11-M00,8,reflectance,995.0111764705882,0.009831293089844206,difference of equal-sample representative means; not paired
M11,M11-M00,8,reflectance,1000.4719215686275,0.009804782659936007,difference of equal-sample representative means; not paired
M11,M11-M00,8,reflectance,1005.9326666666667,0.009776473794695262,difference of equal-sample representative means; not paired
M11,M11-M00,8,reflectance,1011.3934117647059,0.009757548524181203,difference of equal-sample representative means; not paired
M11,M11-M00,8,reflectance,1016.8541568627452,0.009743048123555975,difference of equal-sample representative means; not paired
M11,M11-M00,8,reflectance,1022.3149019607844,0.009716174600853278,difference of equal-sample representative means; not paired
M11,M11-M00,8,reflectance,1027.7756470588236,0.009674304814222823,difference of equal-sample representative means; not paired
M11,M11-M00,8,reflectance,1033.2363921568628,0.009698136595891915,difference of equal-sample representative means; not paired
M11,M11-M00,8,reflectance,1038.697137254902,0.00970319111449125,difference of equal-sample representative means; not paired
M11,M11-M00,8,reflectance,1044.1578823529412,0.009716374674703543,difference of equal-sample representative means; not paired
M11,M11-M00,8,reflectance,1049.6186274509805,0.009700239187829363,difference of equal-sample representative means; not paired
M11,M11-M00,8,reflectance,1055.0793725490196,0.009679479086742049,difference of equal-sample representative means; not paired
M11,M11-M00,8,reflectance,1060.5401176470589,0.009654031741376579,difference of equal-sample representative means; not paired
M11,M11-M00,8,reflectance,1066.0008627450982,0.00960063842885095,difference of equal-sample representative means; not paired
M11,M11-M00,8,reflectance,1071.4616078431372,0.009581398037742495,difference of equal-sample representative means; not paired
M11,M11-M00,8,reflectance,1076.9223529411765,0.009553851441941874,difference of equal-sample representative means; not paired
M11,M11-M00,8,reflectance,1082.3830980392158,0.009502073616178941,difference of equal-sample representative means; not paired
M11,M11-M00,8,reflectance,1087.843843137255,0.009470210731601592,difference of equal-sample representative means; not paired
M11,M11-M00,8,reflectance,1093.3045882352942,0.0094509651891298,difference of equal-sample representative means; not paired
M11,M11-M00,8,reflectance,1098.7653333333333,0.009432276607390544,difference of equal-sample representative means; not paired
M11,M11-M00,8,reflectance,1104.2260784313726,0.009401779831431756,difference of equal-sample representative means; not paired
M11,M11-M00,8,reflectance,1109.6868235294119,0.009336118182915132,difference of equal-sample representative means; not paired
M11,M11-M00,8,reflectance,1115.1475686274512,0.009256541012510056,difference of equal-sample representative means; not paired
M11,M11-M00,8,reflectance,1120.6083137254902,0.009110776068362969,difference of equal-sample representative means; not paired
M11,M11-M00,8,reflectance,1126.0690588235295,0.00896726079867527,difference of equal-sample representative means; not paired
M11,M11-M00,8,reflectance,1131.5298039215686,0.008793853199180024,difference of equal-sample representative means; not paired
M11,M11-M00,8,reflectance,1136.990549019608,0.00861167026964027,difference of equal-sample representative means; not paired
M11,M11-M00,8,reflectance,1142.4512941176472,0.008447832559983381,difference of equal-sample representative means; not paired
M11,M11-M00,8,reflectance,1147.9120392156863,0.008289163087290996,difference of equal-sample representative means; not paired
M11,M11-M00,8,reflectance,1153.3727843137256,0.008185078950352032,difference of equal-sample representative means; not paired
M11,M11-M00,8,reflectance,1158.8335294117649,0.008060366888622439,difference of equal-sample representative means; not paired
M11,M11-M00,8,reflectance,1164.294274509804,0.007942586039081156,difference of equal-sample representative means; not paired
M11,M11-M00,8,reflectance,1169.7550196078432,0.007813915682562622,difference of equal-sample representative means; not paired
M11,M11-M00,8,reflectance,1175.2157647058825,0.007695525242189194,difference of equal-sample representative means; not paired
M11,M11-M00,8,reflectance,1180.6765098039216,0.00759912413796493,difference of equal-sample representative means; not paired
M11,M11-M00,8,reflectance,1186.137254901961,0.007511771833976222,difference of equal-sample representative means; not paired
M11,M11-M00,8,reflectance,1191.598,0.007436631045409481,difference of equal-sample representative means; not paired
M11,M11-M00,8,reflectance,1197.0587450980393,0.0073753313739469695,difference of equal-sample representative means; not paired
M11,M11-M00,8,reflectance,1202.5194901960786,0.007355634476762907,difference of equal-sample representative means; not paired
M11,M11-M00,8,reflectance,1207.9802352941178,0.0073495784613849535,difference of equal-sample representative means; not paired
M11,M11-M00,8,reflectance,1213.440980392157,0.007422157388744299,difference of equal-sample representative means; not paired
M11,M11-M00,8,reflectance,1218.9017254901962,0.007447825865610547,difference of equal-sample representative means; not paired
M11,M11-M00,8,reflectance,1224.3624705882353,0.0073287194344324735,difference of equal-sample representative means; not paired
M11,M11-M00,8,reflectance,1229.8232156862746,0.00734707368785692,difference of equal-sample representative means; not paired
M11,M11-M00,8,reflectance,1235.2839607843139,0.00737627471014235,difference of equal-sample representative means; not paired
M11,M11-M00,8,reflectance,1240.7447058823532,0.007372777575212819,difference of equal-sample representative means; not paired
M11,M11-M00,8,reflectance,1246.2054509803922,0.00738686925490406,difference of equal-sample representative means; not paired
M11,M11-M00,8,reflectance,1251.6661960784315,0.007396766464782489,difference of equal-sample representative means; not paired
M11,M11-M00,8,reflectance,1257.1269411764706,0.007398870594638174,difference of equal-sample representative means; not paired
M11,M11-M00,8,reflectance,1262.58768627451,0.0073974693329763586,difference of equal-sample representative means; not paired
M11,M11-M00,8,reflectance,1268.0484313725492,0.007386541696409843,difference of equal-sample representative means; not paired
M11,M11-M00,8,reflectance,1273.5091764705883,0.0073697570162668535,difference of equal-sample representative means; not paired
M11,M11-M00,8,reflectance,1278.9699215686276,0.007338499206972049,difference of equal-sample representative means; not paired
M11,M11-M00,8,reflectance,1284.4306666666666,0.007315652936838668,difference of equal-sample representative means; not paired
M11,M11-M00,8,reflectance,1289.891411764706,0.00731020222787182,difference of equal-sample representative means; not paired
M11,M11-M00,8,reflectance,1295.3521568627452,0.007302408156846241,difference of equal-sample representative means; not paired
M11,M11-M00,8,reflectance,1300.8129019607845,0.007279159693440396,difference of equal-sample representative means; not paired
M11,M11-M00,8,reflectance,1306.2736470588236,0.007295079885204281,difference of equal-sample representative means; not paired
M11,M11-M00,8,reflectance,1311.734392156863,0.007517741912501763,difference of equal-sample representative means; not paired
M11,M11-M00,8,reflectance,1317.195137254902,0.0072104783529018945,difference of equal-sample representative means; not paired
M11,M11-M00,8,reflectance,1322.6558823529413,0.007133158453430766,difference of equal-sample representative means; not paired
M11,M11-M00,8,reflectance,1328.1166274509806,0.0070993069793304775,difference of equal-sample representative means; not paired
M11,M11-M00,8,reflectance,1333.5773725490199,0.007057081695876266,difference of equal-sample representative means; not paired
M11,M11-M00,8,reflectance,1339.038117647059,0.007014346948907235,difference of equal-sample representative means; not paired
M11,M11-M00,8,reflectance,1344.4988627450982,0.006976363137666142,difference of equal-sample representative means; not paired
M11,M11-M00,8,reflectance,1349.9596078431373,0.006913723996096466,difference of equal-sample representative means; not paired
M11,M11-M00,8,reflectance,1355.4203529411766,0.006878942394567544,difference of equal-sample representative means; not paired
M11,M11-M00,8,reflectance,1360.8810980392159,0.006855983264948851,difference of equal-sample representative means; not paired
M11,M11-M00,8,reflectance,1366.341843137255,0.006823357656270734,difference of equal-sample representative means; not paired
M11,M11-M00,8,reflectance,1371.8025882352943,0.0067858249128169845,difference of equal-sample representative means; not paired
M11,M11-M00,8,reflectance,1377.2633333333333,0.006735983069061535,difference of equal-sample representative means; not paired
M11,M11-M00,8,reflectance,1382.7240784313726,0.006686214041867422,difference of equal-sample representative means; not paired
M11,M11-M00,8,reflectance,1388.184823529412,0.006664976078799345,difference of equal-sample representative means; not paired
M11,M11-M00,8,reflectance,1393.6455686274512,0.006635973940574469,difference of equal-sample representative means; not paired
M11,M11-M00,8,reflectance,1399.1063137254903,0.006620772447207934,difference of equal-sample representative means; not paired
M11,M11-M00,8,reflectance,1404.5670588235296,0.006625305042336216,difference of equal-sample representative means; not paired
M11,M11-M00,8,reflectance,1410.0278039215686,0.006641190370840044,difference of equal-sample representative means; not paired
M11,M11-M00,8,reflectance,1415.488549019608,0.006662897720450367,difference of equal-sample representative means; not paired
M11,M11-M00,8,reflectance,1420.9492941176472,0.006678748267133383,difference of equal-sample representative means; not paired
M11,M11-M00,8,reflectance,1426.4100392156865,0.006680640613316524,difference of equal-sample representative means; not paired
M11,M11-M00,8,reflectance,1431.8707843137256,0.0066804530278093965,difference of equal-sample representative means; not paired
M11,M11-M00,8,reflectance,1437.3315294117647,0.0066791892838381495,difference of equal-sample representative means; not paired
M11,M11-M00,8,reflectance,1442.792274509804,0.006731580871428056,difference of equal-sample representative means; not paired
M11,M11-M00,8,reflectance,1448.2530196078433,0.00670574680267455,difference of equal-sample representative means; not paired
M11,M11-M00,8,reflectance,1453.7137647058826,0.006690499604267486,difference of equal-sample representative means; not paired
M11,M11-M00,8,reflectance,1459.1745098039219,0.006702123145320704,difference of equal-sample representative means; not paired
M11,M11-M00,8,reflectance,1464.635254901961,0.006715154407249124,difference of equal-sample representative means; not paired
M11,M11-M00,8,reflectance,1470.096,0.006731671656888594,difference of equal-sample representative means; not paired
M11,M11-M00,8,reflectance,1475.5567450980393,0.0067583852249674115,difference of equal-sample representative means; not paired
M11,M11-M00,8,reflectance,1481.0174901960786,0.00679120170060088,difference of equal-sample representative means; not paired
M11,M11-M00,8,reflectance,1486.478235294118,0.00681066737517716,difference of equal-sample representative means; not paired
M11,M11-M00,8,reflectance,1491.938980392157,0.006819756533290033,difference of equal-sample representative means; not paired
M11,M11-M00,8,reflectance,1497.3997254901963,0.0068381254083119125,difference of equal-sample representative means; not paired
M11,M11-M00,8,reflectance,1502.8604705882353,0.006856628933558817,difference of equal-sample representative means; not paired
M11,M11-M00,8,reflectance,1508.3212156862746,0.006856093760709836,difference of equal-sample representative means; not paired
M11,M11-M00,8,reflectance,1513.781960784314,0.006871101431444704,difference of equal-sample representative means; not paired
M11,M11-M00,8,reflectance,1519.2427058823532,0.006883298556225215,difference of equal-sample representative means; not paired
M11,M11-M00,8,reflectance,1524.7034509803923,0.0068519409313803625,difference of equal-sample representative means; not paired
M11,M11-M00,8,reflectance,1530.1641960784316,0.006866001270544153,difference of equal-sample representative means; not paired
M11,M11-M00,8,reflectance,1535.6249411764707,0.006882541014959553,difference of equal-sample representative means; not paired
M11,M11-M00,8,reflectance,1541.08568627451,0.006882899643463947,difference of equal-sample representative means; not paired
M11,M11-M00,8,reflectance,1546.5464313725493,0.006874009207979537,difference of equal-sample representative means; not paired
M11,M11-M00,8,reflectance,1552.0071764705885,0.006855215665384884,difference of equal-sample representative means; not paired
M11,M11-M00,8,reflectance,1557.4679215686276,0.006823955391743242,difference of equal-sample representative means; not paired
M11,M11-M00,8,reflectance,1562.9286666666667,0.006818813413777103,difference of equal-sample representative means; not paired
M11,M11-M00,8,reflectance,1568.389411764706,0.006849267988542962,difference of equal-sample representative means; not paired
M11,M11-M00,8,reflectance,1573.8501568627453,0.0068581754665785755,difference of equal-sample representative means; not paired
M11,M11-M00,8,reflectance,1579.3109019607846,0.006850509829397666,difference of equal-sample representative means; not paired
M11,M11-M00,8,reflectance,1584.7716470588239,0.006855666904004798,difference of equal-sample representative means; not paired
M11,M11-M00,8,reflectance,1590.232392156863,0.006879355476651805,difference of equal-sample representative means; not paired
M11,M11-M00,8,reflectance,1595.693137254902,0.0068718556049632284,difference of equal-sample representative means; not paired
M11,M11-M00,8,reflectance,1601.1538823529413,0.006868224316664895,difference of equal-sample representative means; not paired
M11,M11-M00,8,reflectance,1606.6146274509806,0.006872049000432756,difference of equal-sample representative means; not paired
M11,M11-M00,8,reflectance,1612.07537254902,0.006858141808933793,difference of equal-sample representative means; not paired
M11,M11-M00,8,reflectance,1617.536117647059,0.00683399474247498,difference of equal-sample representative means; not paired
M11,M11-M00,8,reflectance,1622.9968627450983,0.0068065085419090066,difference of equal-sample representative means; not paired
M11,M11-M00,8,reflectance,1628.4576078431373,0.006777991265412897,difference of equal-sample representative means; not paired
M11,M11-M00,8,reflectance,1633.9183529411766,0.006748108392455099,difference of equal-sample representative means; not paired
M11,M11-M00,8,reflectance,1639.379098039216,0.006702096108892164,difference of equal-sample representative means; not paired
M11,M11-M00,8,reflectance,1644.8398431372552,0.006673750052574701,difference of equal-sample representative means; not paired
M11,M11-M00,8,reflectance,1650.3005882352943,0.006617336057352818,difference of equal-sample representative means; not paired
M11,M11-M00,8,reflectance,1655.7613333333334,0.0065567688958154124,difference of equal-sample representative means; not paired
M11,M11-M00,8,reflectance,1661.2220784313727,0.006489929229158309,difference of equal-sample representative means; not paired
M11,M11-M00,8,reflectance,1666.682823529412,0.006409780991237124,difference of equal-sample representative means; not paired
M11,M11-M00,8,reflectance,1672.1435686274513,0.006322580116997989,difference of equal-sample representative means; not paired
M11,M11-M00,8,reflectance,1677.6043137254906,0.006249872715825944,difference of equal-sample representative means; not paired
M11,M11-M00,8,reflectance,1683.0650588235296,0.006181166173917396,difference of equal-sample representative means; not paired
M11,M11-M00,8,reflectance,1688.5258039215687,0.006141727986498036,difference of equal-sample representative means; not paired
M11,M11-M00,8,reflectance,1693.986549019608,0.006120883473510086,difference of equal-sample representative means; not paired
M11,M11-M00,8,reflectance,1699.4472941176473,0.00611943494663858,difference of equal-sample representative means; not paired
M11,M11-M00,8,reflectance,1704.9080392156866,0.006127555053665412,difference of equal-sample representative means; not paired
M11,M11-M00,8,reflectance,1710.3687843137257,0.00613152433868025,difference of equal-sample representative means; not paired
M11,M11-M00,8,reflectance,1715.829529411765,0.006129628853103475,difference of equal-sample representative means; not paired
M11,M11-M00,8,reflectance,1721.290274509804,0.006149810590994731,difference of equal-sample representative means; not paired
M11,M11-M00,8,reflectance,1726.7510196078433,0.006168081720637875,difference of equal-sample representative means; not paired
M11,M11-M00,8,reflectance,1732.2117647058826,0.006169071853267094,difference of equal-sample representative means; not paired
M11,M11-M00,8,reflectance,1737.672509803922,0.006174730600115197,difference of equal-sample representative means; not paired
M11,M11-M00,8,reflectance,1743.133254901961,0.006175466896781168,difference of equal-sample representative means; not paired
M11,M11-M00,8,reflectance,1748.594,0.0061777844420739525,difference of equal-sample representative means; not paired
M11,M11-M00,8,reflectance,1754.0547450980393,0.0061970759438621514,difference of equal-sample representative means; not paired
M11,M11-M00,8,reflectance,1759.5154901960786,0.006209067279229208,difference of equal-sample representative means; not paired
M11,M11-M00,8,reflectance,1764.976235294118,0.006220986749191082,difference of equal-sample representative means; not paired
M11,M11-M00,8,reflectance,1770.4369803921572,0.006237431506821434,difference of equal-sample representative means; not paired
M11,M11-M00,8,reflectance,1775.8977254901963,0.00624929516249767,difference of equal-sample representative means; not paired
M11,M11-M00,8,reflectance,1781.3584705882354,0.0062567729307342335,difference of equal-sample representative means; not paired
M11,M11-M00,8,reflectance,1786.8192156862747,0.0062580584978883524,difference of equal-sample representative means; not paired
M11,M11-M00,8,reflectance,1792.279960784314,0.006246653204658337,difference of equal-sample representative means; not paired
M11,M11-M00,8,reflectance,1797.7407058823533,0.006225890222942898,difference of equal-sample representative means; not paired
M11,M11-M00,8,reflectance,1803.2014509803923,0.0062561686002536865,difference of equal-sample representative means; not paired
M11,M11-M00,8,reflectance,1808.6621960784316,0.006237571814766529,difference of equal-sample representative means; not paired
M11,M11-M00,8,reflectance,1814.1229411764707,0.006269527078396064,difference of equal-sample representative means; not paired
M11,M11-M00,8,reflectance,1819.58368627451,0.006304781957913452,difference of equal-sample representative means; not paired
M11,M11-M00,8,reflectance,1825.0444313725493,0.006302266802153178,difference of equal-sample representative means; not paired
M11,M11-M00,8,reflectance,1830.5051764705886,0.006279872503416606,difference of equal-sample representative means; not paired
M11,M11-M00,8,reflectance,1835.9659215686277,0.006279180109232341,difference of equal-sample representative means; not paired
M11,M11-M00,8,reflectance,1841.4266666666667,0.006289335054487533,difference of equal-sample representative means; not paired
M11,M11-M00,8,reflectance,1846.887411764706,0.006262980779793537,difference of equal-sample representative means; not paired
M11,M11-M00,8,reflectance,1852.3481568627453,0.00626706696982382,difference of equal-sample representative means; not paired
M11,M11-M00,8,reflectance,1857.8089019607846,0.006274224388871985,difference of equal-sample representative means; not paired
M11,M11-M00,8,reflectance,1863.269647058824,0.006287818082414909,difference of equal-sample representative means; not paired
M11,M11-M00,8,reflectance,1868.730392156863,0.006286993650887973,difference of equal-sample representative means; not paired
M11,M11-M00,8,reflectance,1874.191137254902,0.0062612306203547186,difference of equal-sample representative means; not paired
M11,M11-M00,8,reflectance,1879.6518823529414,0.0062341940101120485,difference of equal-sample representative means; not paired
M11,M11-M00,8,reflectance,1885.1126274509807,0.006244016875733227,difference of equal-sample representative means; not paired
M11,M11-M00,8,reflectance,1890.57337254902,0.006176572220441878,difference of equal-sample representative means; not paired
M11,M11-M00,8,reflectance,1896.034117647059,0.006100461372337995,difference of equal-sample representative means; not paired
M11,M11-M00,8,reflectance,1901.4948627450983,0.006060182371549927,difference of equal-sample representative means; not paired
M11,M11-M00,8,reflectance,1906.9556078431374,0.006019187548665039,difference of equal-sample representative means; not paired
M11,M11-M00,8,reflectance,1912.4163529411767,0.005956158082052909,difference of equal-sample representative means; not paired
M11,M11-M00,8,reflectance,1917.877098039216,0.005874621987982387,difference of equal-sample representative means; not paired
M11,M11-M00,8,reflectance,1923.3378431372553,0.005785285358472975,difference of equal-sample representative means; not paired
M11,M11-M00,8,reflectance,1928.7985882352943,0.00574155945995336,difference of equal-sample representative means; not paired
M11,M11-M00,8,reflectance,1934.2593333333336,0.005715968131486032,difference of equal-sample representative means; not paired
M11,M11-M00,8,reflectance,1939.7200784313727,0.005712162809815263,difference of equal-sample representative means; not paired
M11,M11-M00,8,reflectance,1945.180823529412,0.005730130597241145,difference of equal-sample representative means; not paired
M11,M11-M00,8,reflectance,1950.6415686274513,0.005765012304462247,difference of equal-sample representative means; not paired
M11,M11-M00,8,reflectance,1956.1023137254906,0.005798264855009144,difference of equal-sample representative means; not paired
M11,M11-M00,8,reflectance,1961.5630588235294,0.005816122179694683,difference of equal-sample representative means; not paired
M11,M11-M00,8,reflectance,1967.0238039215687,0.005844591079280814,difference of equal-sample representative means; not paired
M11,M11-M00,8,reflectance,1972.484549019608,0.0058959106294009245,difference of equal-sample representative means; not paired
M11,M11-M00,8,reflectance,1977.9452941176473,0.005890143467554176,difference of equal-sample representative means; not paired
M11,M11-M00,8,reflectance,1983.4060392156866,0.005873300472442056,difference of equal-sample representative means; not paired
M11,M11-M00,8,reflectance,1988.866784313726,0.00586051834486595,difference of equal-sample representative means; not paired
M11,M11-M00,8,reflectance,1994.3275294117648,0.005839096330362836,difference of equal-sample representative means; not paired
M11,M11-M00,8,reflectance,1999.788274509804,0.0058078293890053145,difference of equal-sample representative means; not paired
M11,M11-M00,8,reflectance,2005.2490196078434,0.005784489068715815,difference of equal-sample representative means; not paired
M11,M11-M00,8,reflectance,2010.7097647058827,0.005732897684281146,difference of equal-sample representative means; not paired
M11,M11-M00,8,reflectance,2016.170509803922,0.005726966166834324,difference of equal-sample representative means; not paired
M11,M11-M00,8,reflectance,2021.6312549019613,0.005687435097376292,difference of equal-sample representative means; not paired
M11,M11-M00,8,reflectance,2027.092,0.005645876531693517,difference of equal-sample representative means; not paired
M11,M11-M00,8,reflectance,2032.5527450980394,0.005625853819519022,difference of equal-sample representative means; not paired
M11,M11-M00,8,reflectance,2038.0134901960787,0.005621544299187431,difference of equal-sample representative means; not paired
M11,M11-M00,8,reflectance,2043.474235294118,0.005609608603121097,difference of equal-sample representative means; not paired
M11,M11-M00,8,reflectance,2048.9349803921573,0.005580455011180763,difference of equal-sample representative means; not paired
M11,M11-M00,8,reflectance,2054.3957254901966,0.005579602887052504,difference of equal-sample representative means; not paired
M11,M11-M00,8,reflectance,2059.8564705882354,0.005558157647669093,difference of equal-sample representative means; not paired
M11,M11-M00,8,reflectance,2065.3172156862747,0.005558426622269186,difference of equal-sample representative means; not paired
M11,M11-M00,8,reflectance,2070.777960784314,0.005551098326750048,difference of equal-sample representative means; not paired
M11,M11-M00,8,reflectance,2076.2387058823533,0.005556094011847812,difference of equal-sample representative means; not paired
M11,M11-M00,8,reflectance,2081.6994509803926,0.005565356300748836,difference of equal-sample representative means; not paired
M11,M11-M00,8,reflectance,2087.1601960784315,0.005546675638201659,difference of equal-sample representative means; not paired
M11,M11-M00,8,reflectance,2092.6209411764708,0.005533739523102543,difference of equal-sample representative means; not paired
M11,M11-M00,8,reflectance,2098.08168627451,0.005545150746529226,difference of equal-sample representative means; not paired
M11,M11-M00,8,reflectance,2103.5424313725493,0.005604215302310311,difference of equal-sample representative means; not paired
M11,M11-M00,8,reflectance,2109.0031764705886,0.005616584985508266,difference of equal-sample representative means; not paired
M11,M11-M00,8,reflectance,2114.463921568628,0.005654669614474084,difference of equal-sample representative means; not paired
M11,M11-M00,8,reflectance,2119.924666666667,0.005678950433242069,difference of equal-sample representative means; not paired
M11,M11-M00,8,reflectance,2125.385411764706,0.0056746130912812,difference of equal-sample representative means; not paired
M11,M11-M00,8,reflectance,2130.8461568627454,0.005710343116490435,difference of equal-sample representative means; not paired
M11,M11-M00,8,reflectance,2136.3069019607847,0.005678908689597362,difference of equal-sample representative means; not paired
M11,M11-M00,8,reflectance,2141.767647058824,0.005741862830208444,difference of equal-sample representative means; not paired
M11,M11-M00,8,reflectance,2147.2283921568633,0.005731165337868438,difference of equal-sample representative means; not paired
M11,M11-M00,8,reflectance,2152.689137254902,0.0057271430443784355,difference of equal-sample representative means; not paired
M11,M11-M00,8,reflectance,2158.1498823529414,0.005749114475526396,difference of equal-sample representative means; not paired
M11,M11-M00,8,reflectance,2163.6106274509807,0.005782605985466205,difference of equal-sample representative means; not paired
M11,M11-M00,8,reflectance,2169.07137254902,0.005796082670697034,difference of equal-sample representative means; not paired
M11,M11-M00,8,reflectance,2174.5321176470593,0.005770013540018271,difference of equal-sample representative means; not paired
M11,M11-M00,8,reflectance,2179.992862745098,0.005789422757515039,difference of equal-sample representative means; not paired
M11,M11-M00,8,reflectance,2185.4536078431374,0.005807310418495026,difference of equal-sample representative means; not paired
M11,M11-M00,8,reflectance,2190.9143529411767,0.005799464084269068,difference of equal-sample representative means; not paired
M11,M11-M00,8,reflectance,2196.375098039216,0.005774893839568251,difference of equal-sample representative means; not paired
M11,M11-M00,8,reflectance,2201.8358431372553,0.005752672035853945,difference of equal-sample representative means; not paired
M11,M11-M00,8,reflectance,2207.2965882352946,0.005754241726687648,difference of equal-sample representative means; not paired
M11,M11-M00,8,reflectance,2212.7573333333335,0.005778289985062357,difference of equal-sample representative means; not paired
M11,M11-M00,8,reflectance,2218.2180784313728,0.0057749723973520295,difference of equal-sample representative means; not paired
M11,M11-M00,8,reflectance,2223.678823529412,0.005691250938422376,difference of equal-sample representative means; not paired
M11,M11-M00,8,reflectance,2229.1395686274514,0.005656243730283728,difference of equal-sample representative means; not paired
M11,M11-M00,8,reflectance,2234.6003137254907,0.0055741416013116996,difference of equal-sample representative means; not paired
M11,M11-M00,8,reflectance,2240.06105882353,0.005567989131574247,difference of equal-sample representative means; not paired
M11,M11-M00,8,reflectance,2245.521803921569,0.005555286468983345,difference of equal-sample representative means; not paired
M11,M11-M00,8,reflectance,2250.982549019608,0.0054507317297268765,difference of equal-sample representative means; not paired
M11,M11-M00,8,reflectance,2256.4432941176474,0.005286126607874364,difference of equal-sample representative means; not paired
M11,M11-M00,8,reflectance,2261.9040392156867,0.0050845619375746165,difference of equal-sample representative means; not paired
M11,M11-M00,8,reflectance,2267.364784313726,0.004858233437950693,difference of equal-sample representative means; not paired
M11,M11-M00,8,reflectance,2272.825529411765,0.004694293726583754,difference of equal-sample representative means; not paired
M11,M11-M00,8,reflectance,2278.286274509804,0.004566395275121871,difference of equal-sample representative means; not paired
M11,M11-M00,8,reflectance,2283.7470196078434,0.004386421561027698,difference of equal-sample representative means; not paired
M11,M11-M00,8,reflectance,2289.2077647058827,0.004091108966854384,difference of equal-sample representative means; not paired
M11,M11-M00,8,reflectance,2294.668509803922,0.0037194776112142447,difference of equal-sample representative means; not paired
M11,M11-M00,8,reflectance,2300.1292549019613,0.0033825485138571365,difference of equal-sample representative means; not paired
M11,M11-M00,8,reflectance,2305.59,0.0030409009759135297,difference of equal-sample representative means; not paired
M11,M11-M00,8,snv,913.1,-0.026743500296536882,difference of equal-sample representative means; not paired
M11,M11-M00,8,snv,918.5607450980392,-0.011693809921793141,difference of equal-sample representative means; not paired
M11,M11-M00,8,snv,924.0214901960785,0.00022992098685958862,difference of equal-sample representative means; not paired
M11,M11-M00,8,snv,929.4822352941177,0.006757287114742883,difference of equal-sample representative means; not paired
M11,M11-M00,8,snv,934.9429803921569,0.01061740428586777,difference of equal-sample representative means; not paired
M11,M11-M00,8,snv,940.4037254901962,0.013274581304579258,difference of equal-sample representative means; not paired
M11,M11-M00,8,snv,945.8644705882353,0.01416199447540789,difference of equal-sample representative means; not paired
M11,M11-M00,8,snv,951.3252156862745,0.013846029956752437,difference of equal-sample representative means; not paired
M11,M11-M00,8,snv,956.7859607843137,0.01357313481832656,difference of equal-sample representative means; not paired
M11,M11-M00,8,snv,962.246705882353,0.012954195948226,difference of equal-sample representative means; not paired
M11,M11-M00,8,snv,967.7074509803922,0.01218480134408928,difference of equal-sample representative means; not paired
M11,M11-M00,8,snv,973.1681960784314,0.011604052010648402,difference of equal-sample representative means; not paired
M11,M11-M00,8,snv,978.6289411764706,0.011151688219141143,difference of equal-sample representative means; not paired
M11,M11-M00,8,snv,984.0896862745099,0.010733705068258548,difference of equal-sample representative means; not paired
M11,M11-M00,8,snv,989.550431372549,0.010644481806755257,difference of equal-sample representative means; not paired
M11,M11-M00,8,snv,995.0111764705882,0.010428603954840021,difference of equal-sample representative means; not paired
M11,M11-M00,8,snv,1000.4719215686275,0.01015566622049402,difference of equal-sample representative means; not paired
M11,M11-M00,8,snv,1005.9326666666667,0.009829084576903124,difference of equal-sample representative means; not paired
M11,M11-M00,8,snv,1011.3934117647059,0.009583134783045733,difference of equal-sample representative means; not paired
M11,M11-M00,8,snv,1016.8541568627452,0.00936490455976724,difference of equal-sample representative means; not paired
M11,M11-M00,8,snv,1022.3149019607844,0.009033958073630055,difference of equal-sample representative means; not paired
M11,M11-M00,8,snv,1027.7756470588236,0.00859510279031217,difference of equal-sample representative means; not paired
M11,M11-M00,8,snv,1033.2363921568628,0.008601458909267556,difference of equal-sample representative means; not paired
M11,M11-M00,8,snv,1038.697137254902,0.008483638276630012,difference of equal-sample representative means; not paired
M11,M11-M00,8,snv,1044.1578823529412,0.008458787387589206,difference of equal-sample representative means; not paired
M11,M11-M00,8,snv,1049.6186274509805,0.008222464850260458,difference of equal-sample representative means; not paired
M11,M11-M00,8,snv,1055.0793725490196,0.007940325990250852,difference of equal-sample representative means; not paired
M11,M11-M00,8,snv,1060.5401176470589,0.007628832756146009,difference of equal-sample representative means; not paired
M11,M11-M00,8,snv,1066.0008627450982,0.007139144209550752,difference of equal-sample representative means; not paired
M11,M11-M00,8,snv,1071.4616078431372,0.006883035940923765,difference of equal-sample representative means; not paired
M11,M11-M00,8,snv,1076.9223529411765,0.006555144948889646,difference of equal-sample representative means; not paired
M11,M11-M00,8,snv,1082.3830980392158,0.006049758315395559,difference of equal-sample representative means; not paired
M11,M11-M00,8,snv,1087.843843137255,0.005693606491583125,difference of equal-sample representative means; not paired
M11,M11-M00,8,snv,1093.3045882352942,0.005406919952250178,difference of equal-sample representative means; not paired
M11,M11-M00,8,snv,1098.7653333333333,0.00511922919442509,difference of equal-sample representative means; not paired
M11,M11-M00,8,snv,1104.2260784313726,0.00479429147829058,difference of equal-sample representative means; not paired
M11,M11-M00,8,snv,1109.6868235294119,0.0043027278942648906,difference of equal-sample representative means; not paired
M11,M11-M00,8,snv,1115.1475686274512,0.0038277626854401614,difference of equal-sample representative means; not paired
M11,M11-M00,8,snv,1120.6083137254902,0.0029471891159260633,difference of equal-sample representative means; not paired
M11,M11-M00,8,snv,1126.0690588235295,0.0022108932099533796,difference of equal-sample representative means; not paired
M11,M11-M00,8,snv,1131.5298039215686,0.0013149367785625365,difference of equal-sample representative means; not paired
M11,M11-M00,8,snv,1136.990549019608,0.00036025576656872893,difference of equal-sample representative means; not paired
M11,M11-M00,8,snv,1142.4512941176472,-0.0004742670809616545,difference of equal-sample representative means; not paired
M11,M11-M00,8,snv,1147.9120392156863,-0.0012777280335463104,difference of equal-sample representative means; not paired
M11,M11-M00,8,snv,1153.3727843137256,-0.0016489661418663815,difference of equal-sample representative means; not paired
M11,M11-M00,8,snv,1158.8335294117649,-0.002177732274552424,difference of equal-sample representative means; not paired
M11,M11-M00,8,snv,1164.294274509804,-0.0026485637430668785,difference of equal-sample representative means; not paired
M11,M11-M00,8,snv,1169.7550196078432,-0.003227543496867602,difference of equal-sample representative means; not paired
M11,M11-M00,8,snv,1175.2157647058825,-0.003758280929777591,difference of equal-sample representative means; not paired
M11,M11-M00,8,snv,1180.6765098039216,-0.00412920089133384,difference of equal-sample representative means; not paired
M11,M11-M00,8,snv,1186.137254901961,-0.004415621929915847,difference of equal-sample representative means; not paired
M11,M11-M00,8,snv,1191.598,-0.004621438331056549,difference of equal-sample representative means; not paired
M11,M11-M00,8,snv,1197.0587450980393,-0.004887712791712406,difference of equal-sample representative means; not paired
M11,M11-M00,8,snv,1202.5194901960786,-0.004946882931010421,difference of equal-sample representative means; not paired
M11,M11-M00,8,snv,1207.9802352941178,-0.004976955704633967,difference of equal-sample representative means; not paired
M11,M11-M00,8,snv,1213.440980392157,-0.0044633446619073425,difference of equal-sample representative means; not paired
M11,M11-M00,8,snv,1218.9017254901962,-0.004345320173448242,difference of equal-sample representative means; not paired
M11,M11-M00,8,snv,1224.3624705882353,-0.005378666422506839,difference of equal-sample representative means; not paired
M11,M11-M00,8,snv,1229.8232156862746,-0.005471044922468193,difference of equal-sample representative means; not paired
M11,M11-M00,8,snv,1235.2839607843139,-0.005523154098287852,difference of equal-sample representative means; not paired
M11,M11-M00,8,snv,1240.7447058823532,-0.005808257032834829,difference of equal-sample representative means; not paired
M11,M11-M00,8,snv,1246.2054509803922,-0.005955620741038281,difference of equal-sample representative means; not paired
M11,M11-M00,8,snv,1251.6661960784315,-0.00610991594919974,difference of equal-sample representative means; not paired
M11,M11-M00,8,snv,1257.1269411764706,-0.0062778309824473855,difference of equal-sample representative means; not paired
M11,M11-M00,8,snv,1262.58768627451,-0.006425075604103103,difference of equal-sample representative means; not paired
M11,M11-M00,8,snv,1268.0484313725492,-0.00661978297294441,difference of equal-sample representative means; not paired
M11,M11-M00,8,snv,1273.5091764705883,-0.006859996594214657,difference of equal-sample representative means; not paired
M11,M11-M00,8,snv,1278.9699215686276,-0.007207628187753556,difference of equal-sample representative means; not paired
M11,M11-M00,8,snv,1284.4306666666666,-0.007589213420344798,difference of equal-sample representative means; not paired
M11,M11-M00,8,snv,1289.891411764706,-0.007792443750437084,difference of equal-sample representative means; not paired
M11,M11-M00,8,snv,1295.3521568627452,-0.0080421270912574,difference of equal-sample representative means; not paired
M11,M11-M00,8,snv,1300.8129019607845,-0.008383625467760725,difference of equal-sample representative means; not paired
M11,M11-M00,8,snv,1306.2736470588236,-0.008223481668443444,difference of equal-sample representative means; not paired
M11,M11-M00,8,snv,1311.734392156863,-0.006398055114427592,difference of equal-sample representative means; not paired
M11,M11-M00,8,snv,1317.195137254902,-0.008727819582332152,difference of equal-sample representative means; not paired
M11,M11-M00,8,snv,1322.6558823529413,-0.009122774593553373,difference of equal-sample representative means; not paired
M11,M11-M00,8,snv,1328.1166274509806,-0.009065761785042259,difference of equal-sample representative means; not paired
M11,M11-M00,8,snv,1333.5773725490199,-0.008961981988927947,difference of equal-sample representative means; not paired
M11,M11-M00,8,snv,1339.038117647059,-0.008756135105124407,difference of equal-sample representative means; not paired
M11,M11-M00,8,snv,1344.4988627450982,-0.00841957657411796,difference of equal-sample representative means; not paired
M11,M11-M00,8,snv,1349.9596078431373,-0.008201719529224771,difference of equal-sample representative means; not paired
M11,M11-M00,8,snv,1355.4203529411766,-0.00781288785211176,difference of equal-sample representative means; not paired
M11,M11-M00,8,snv,1360.8810980392159,-0.007374604100766624,difference of equal-sample representative means; not paired
M11,M11-M00,8,snv,1366.341843137255,-0.007054911719459933,difference of equal-sample representative means; not paired
M11,M11-M00,8,snv,1371.8025882352943,-0.006846666666762369,difference of equal-sample representative means; not paired
M11,M11-M00,8,snv,1377.2633333333333,-0.006791491553946316,difference of equal-sample representative means; not paired
M11,M11-M00,8,snv,1382.7240784313726,-0.006763575159696056,difference of equal-sample representative means; not paired
M11,M11-M00,8,snv,1388.184823529412,-0.006474783190002054,difference of equal-sample representative means; not paired
M11,M11-M00,8,snv,1393.6455686274512,-0.005953793071768021,difference of equal-sample representative means; not paired
M11,M11-M00,8,snv,1399.1063137254903,-0.00511352861919212,difference of equal-sample representative means; not paired
M11,M11-M00,8,snv,1404.5670588235296,-0.003949926823406724,difference of equal-sample representative means; not paired
M11,M11-M00,8,snv,1410.0278039215686,-0.0026045299379381104,difference of equal-sample representative means; not paired
M11,M11-M00,8,snv,1415.488549019608,-0.001230706894530538,difference of equal-sample representative means; not paired
M11,M11-M00,8,snv,1420.9492941176472,-2.064761969740314e-05,difference of equal-sample representative means; not paired
M11,M11-M00,8,snv,1426.4100392156865,0.000900097753426421,difference of equal-sample representative means; not paired
M11,M11-M00,8,snv,1431.8707843137256,0.001610697510500414,difference of equal-sample representative means; not paired
M11,M11-M00,8,snv,1437.3315294117647,0.0020848856873424415,difference of equal-sample representative means; not paired
M11,M11-M00,8,snv,1442.792274509804,0.002759467832153417,difference of equal-sample representative means; not paired
M11,M11-M00,8,snv,1448.2530196078433,0.0028418201837124846,difference of equal-sample representative means; not paired
M11,M11-M00,8,snv,1453.7137647058826,0.002924277351405713,difference of equal-sample representative means; not paired
M11,M11-M00,8,snv,1459.1745098039219,0.0031304292919308585,difference of equal-sample representative means; not paired
M11,M11-M00,8,snv,1464.635254901961,0.0033127173968617862,difference of equal-sample representative means; not paired
M11,M11-M00,8,snv,1470.096,0.003499678315729726,difference of equal-sample representative means; not paired
M11,M11-M00,8,snv,1475.5567450980393,0.003767527992324604,difference of equal-sample representative means; not paired
M11,M11-M00,8,snv,1481.0174901960786,0.00399139020610928,difference of equal-sample representative means; not paired
M11,M11-M00,8,snv,1486.478235294118,0.004073436279132592,difference of equal-sample representative means; not paired
M11,M11-M00,8,snv,1491.938980392157,0.004070633816699698,difference of equal-sample representative means; not paired
M11,M11-M00,8,snv,1497.3997254901963,0.004100475864128206,difference of equal-sample representative means; not paired
M11,M11-M00,8,snv,1502.8604705882353,0.004108677315475373,difference of equal-sample representative means; not paired
M11,M11-M00,8,snv,1508.3212156862746,0.003992203099187852,difference of equal-sample representative means; not paired
M11,M11-M00,8,snv,1513.781960784314,0.003960591005803704,difference of equal-sample representative means; not paired
M11,M11-M00,8,snv,1519.2427058823532,0.0038889551725637683,difference of equal-sample representative means; not paired
M11,M11-M00,8,snv,1524.7034509803923,0.0035437031040461697,difference of equal-sample representative means; not paired
M11,M11-M00,8,snv,1530.1641960784316,0.0035350631358839757,difference of equal-sample representative means; not paired
M11,M11-M00,8,snv,1535.6249411764707,0.0035722592404563436,difference of equal-sample representative means; not paired
M11,M11-M00,8,snv,1541.08568627451,0.0035022289368905057,difference of equal-sample representative means; not paired
M11,M11-M00,8,snv,1546.5464313725493,0.003353438354693594,difference of equal-sample representative means; not paired
M11,M11-M00,8,snv,1552.0071764705885,0.0031314884907423512,difference of equal-sample representative means; not paired
M11,M11-M00,8,snv,1557.4679215686276,0.0027821507589614325,difference of equal-sample representative means; not paired
M11,M11-M00,8,snv,1562.9286666666667,0.002659880393300007,difference of equal-sample representative means; not paired
M11,M11-M00,8,snv,1568.389411764706,0.002821621710731359,difference of equal-sample representative means; not paired
M11,M11-M00,8,snv,1573.8501568627453,0.0027989976420706997,difference of equal-sample representative means; not paired
M11,M11-M00,8,snv,1579.3109019607846,0.002664441522615857,difference of equal-sample representative means; not paired
M11,M11-M00,8,snv,1584.7716470588239,0.002638108902065728,difference of equal-sample representative means; not paired
M11,M11-M00,8,snv,1590.232392156863,0.00272278694571898,difference of equal-sample representative means; not paired
M11,M11-M00,8,snv,1595.693137254902,0.002569223929158315,difference of equal-sample representative means; not paired
M11,M11-M00,8,snv,1601.1538823529413,0.002367110727889643,difference of equal-sample representative means; not paired
M11,M11-M00,8,snv,1606.6146274509806,0.002197649730827894,difference of equal-sample representative means; not paired
M11,M11-M00,8,snv,1612.07537254902,0.001883470359521272,difference of equal-sample representative means; not paired
M11,M11-M00,8,snv,1617.536117647059,0.0014889503964273243,difference of equal-sample representative means; not paired
M11,M11-M00,8,snv,1622.9968627450983,0.0010834489250967083,difference of equal-sample representative means; not paired
M11,M11-M00,8,snv,1628.4576078431373,0.0006971798155531173,difference of equal-sample representative means; not paired
M11,M11-M00,8,snv,1633.9183529411766,0.00032703596744360075,difference of equal-sample representative means; not paired
M11,M11-M00,8,snv,1639.379098039216,-0.00011424285895351993,difference of equal-sample representative means; not paired
M11,M11-M00,8,snv,1644.8398431372552,-0.00037632073876225913,difference of equal-sample representative means; not paired
M11,M11-M00,8,snv,1650.3005882352943,-0.0007038056433943118,difference of equal-sample representative means; not paired
M11,M11-M00,8,snv,1655.7613333333334,-0.00099448163267285,difference of equal-sample representative means; not paired
M11,M11-M00,8,snv,1661.2220784313727,-0.0012961143077167697,difference of equal-sample representative means; not paired
M11,M11-M00,8,snv,1666.682823529412,-0.0016567405753183384,difference of equal-sample representative means; not paired
M11,M11-M00,8,snv,1672.1435686274513,-0.0020543407704591565,difference of equal-sample representative means; not paired
M11,M11-M00,8,snv,1677.6043137254906,-0.0024563420114938617,difference of equal-sample representative means; not paired
M11,M11-M00,8,snv,1683.0650588235296,-0.0028630726022627895,difference of equal-sample representative means; not paired
M11,M11-M00,8,snv,1688.5258039215687,-0.0030697839970151297,difference of equal-sample representative means; not paired
M11,M11-M00,8,snv,1693.986549019608,-0.003108907934560562,difference of equal-sample representative means; not paired
M11,M11-M00,8,snv,1699.4472941176473,-0.0030369911489829815,difference of equal-sample representative means; not paired
M11,M11-M00,8,snv,1704.9080392156866,-0.0029327735727556203,difference of equal-sample representative means; not paired
M11,M11-M00,8,snv,1710.3687843137257,-0.0028680190279757323,difference of equal-sample representative means; not paired
M11,M11-M00,8,snv,1715.829529411765,-0.00284564610409066,difference of equal-sample representative means; not paired
M11,M11-M00,8,snv,1721.290274509804,-0.00265340670993483,difference of equal-sample representative means; not paired
M11,M11-M00,8,snv,1726.7510196078433,-0.0024564787430522983,difference of equal-sample representative means; not paired
M11,M11-M00,8,snv,1732.2117647058826,-0.002423179109087903,difference of equal-sample representative means; not paired
M11,M11-M00,8,snv,1737.672509803922,-0.002364702279901265,difference of equal-sample representative means; not paired
M11,M11-M00,8,snv,1743.133254901961,-0.002330186364577269,difference of equal-sample representative means; not paired
M11,M11-M00,8,snv,1748.594,-0.002256159759196963,difference of equal-sample representative means; not paired
M11,M11-M00,8,snv,1754.0547450980393,-0.002045883566831219,difference of equal-sample representative means; not paired
M11,M11-M00,8,snv,1759.5154901960786,-0.00195371362444291,difference of equal-sample representative means; not paired
M11,M11-M00,8,snv,1764.976235294118,-0.0018395777644396594,difference of equal-sample representative means; not paired
M11,M11-M00,8,snv,1770.4369803921572,-0.0016773157287941487,difference of equal-sample representative means; not paired
M11,M11-M00,8,snv,1775.8977254901963,-0.0015512357766307994,difference of equal-sample representative means; not paired
M11,M11-M00,8,snv,1781.3584705882354,-0.0014611297590867989,difference of equal-sample representative means; not paired
M11,M11-M00,8,snv,1786.8192156862747,-0.0014220770505530833,difference of equal-sample representative means; not paired
M11,M11-M00,8,snv,1792.279960784314,-0.0014905630143365878,difference of equal-sample representative means; not paired
M11,M11-M00,8,snv,1797.7407058823533,-0.0016609210941013197,difference of equal-sample representative means; not paired
M11,M11-M00,8,snv,1803.2014509803923,-0.001521878538889132,difference of equal-sample representative means; not paired
M11,M11-M00,8,snv,1808.6621960784316,-0.0017227798888853063,difference of equal-sample representative means; not paired
M11,M11-M00,8,snv,1814.1229411764707,-0.0015728473501382956,difference of equal-sample representative means; not paired
M11,M11-M00,8,snv,1819.58368627451,-0.0013576674150845847,difference of equal-sample representative means; not paired
M11,M11-M00,8,snv,1825.0444313725493,-0.001431973938758213,difference of equal-sample representative means; not paired
M11,M11-M00,8,snv,1830.5051764705886,-0.001686073143535749,difference of equal-sample representative means; not paired
M11,M11-M00,8,snv,1835.9659215686277,-0.0017928470096219284,difference of equal-sample representative means; not paired
M11,M11-M00,8,snv,1841.4266666666667,-0.0018369843764576843,difference of equal-sample representative means; not paired
M11,M11-M00,8,snv,1846.887411764706,-0.002155949020549608,difference of equal-sample representative means; not paired
M11,M11-M00,8,snv,1852.3481568627453,-0.0022211091400368144,difference of equal-sample representative means; not paired
M11,M11-M00,8,snv,1857.8089019607846,-0.0022005792892811626,difference of equal-sample representative means; not paired
M11,M11-M00,8,snv,1863.269647058824,-0.0020576766738331087,difference of equal-sample representative means; not paired
M11,M11-M00,8,snv,1868.730392156863,-0.001957074092787947,difference of equal-sample representative means; not paired
M11,M11-M00,8,snv,1874.191137254902,-0.0019322827353587257,difference of equal-sample representative means; not paired
M11,M11-M00,8,snv,1879.6518823529414,-0.001703791977684943,difference of equal-sample representative means; not paired
M11,M11-M00,8,snv,1885.1126274509807,-0.0009397665727776672,difference of equal-sample representative means; not paired
M11,M11-M00,8,snv,1890.57337254902,-0.0004888780791230118,difference of equal-sample representative means; not paired
M11,M11-M00,8,snv,1896.034117647059,0.00010780247457131686,difference of equal-sample representative means; not paired
M11,M11-M00,8,snv,1901.4948627450983,0.0010371508358082426,difference of equal-sample representative means; not paired
M11,M11-M00,8,snv,1906.9556078431374,0.0019177883029805054,difference of equal-sample representative means; not paired
M11,M11-M00,8,snv,1912.4163529411767,0.002467377564881801,difference of equal-sample representative means; not paired
M11,M11-M00,8,snv,1917.877098039216,0.0026289906994643175,difference of equal-sample representative means; not paired
M11,M11-M00,8,snv,1923.3378431372553,0.0025006655701766967,difference of equal-sample representative means; not paired
M11,M11-M00,8,snv,1928.7985882352943,0.0025069267630661862,difference of equal-sample representative means; not paired
M11,M11-M00,8,snv,1934.2593333333336,0.002471266901393987,difference of equal-sample representative means; not paired
M11,M11-M00,8,snv,1939.7200784313727,0.002445833969229927,difference of equal-sample representative means; not paired
M11,M11-M00,8,snv,1945.180823529412,0.002463280463236517,difference of equal-sample representative means; not paired
M11,M11-M00,8,snv,1950.6415686274513,0.0025520458795580403,difference of equal-sample representative means; not paired
M11,M11-M00,8,snv,1956.1023137254906,0.0025759741908504274,difference of equal-sample representative means; not paired
M11,M11-M00,8,snv,1961.5630588235294,0.0024277683038318454,difference of equal-sample representative means; not paired
M11,M11-M00,8,snv,1967.0238039215687,0.002436759539294675,difference of equal-sample representative means; not paired
M11,M11-M00,8,snv,1972.484549019608,0.002515938216270497,difference of equal-sample representative means; not paired
M11,M11-M00,8,snv,1977.9452941176473,0.0022315025840526914,difference of equal-sample representative means; not paired
M11,M11-M00,8,snv,1983.4060392156866,0.0018128399324102151,difference of equal-sample representative means; not paired
M11,M11-M00,8,snv,1988.866784313726,0.0014662975027330827,difference of equal-sample representative means; not paired
M11,M11-M00,8,snv,1994.3275294117648,0.0011034463717429777,difference of equal-sample representative means; not paired
M11,M11-M00,8,snv,1999.788274509804,0.0006767552537906285,difference of equal-sample representative means; not paired
M11,M11-M00,8,snv,2005.2490196078434,0.0003195922684636754,difference of equal-sample representative means; not paired
M11,M11-M00,8,snv,2010.7097647058827,-0.0002025137314149994,difference of equal-sample representative means; not paired
M11,M11-M00,8,snv,2016.170509803922,-0.00032469199209361754,difference of equal-sample representative means; not paired
M11,M11-M00,8,snv,2021.6312549019613,-0.0006241466609119284,difference of equal-sample representative means; not paired
M11,M11-M00,8,snv,2027.092,-0.000883228300328498,difference of equal-sample representative means; not paired
M11,M11-M00,8,snv,2032.5527450980394,-0.0009880290702479755,difference of equal-sample representative means; not paired
M11,M11-M00,8,snv,2038.0134901960787,-0.0009348942334387322,difference of equal-sample representative means; not paired
M11,M11-M00,8,snv,2043.474235294118,-0.0008401332988094978,difference of equal-sample representative means; not paired
M11,M11-M00,8,snv,2048.9349803921573,-0.0008553107112321268,difference of equal-sample representative means; not paired
M11,M11-M00,8,snv,2054.3957254901966,-0.0006599861113101291,difference of equal-sample representative means; not paired
M11,M11-M00,8,snv,2059.8564705882354,-0.0006365014565667959,difference of equal-sample representative means; not paired
M11,M11-M00,8,snv,2065.3172156862747,-0.0004896084927936695,difference of equal-sample representative means; not paired
M11,M11-M00,8,snv,2070.777960784314,-0.0003624324614412977,difference of equal-sample representative means; not paired
M11,M11-M00,8,snv,2076.2387058823533,-0.00017896021699814746,difference of equal-sample representative means; not paired
M11,M11-M00,8,snv,2081.6994509803926,-1.0774076453223813e-05,difference of equal-sample representative means; not paired
M11,M11-M00,8,snv,2087.1601960784315,-2.7489363602972716e-05,difference of equal-sample representative means; not paired
M11,M11-M00,8,snv,2092.6209411764708,-1.95781145146956e-05,difference of equal-sample representative means; not paired
M11,M11-M00,8,snv,2098.08168627451,7.195727580455724e-05,difference of equal-sample representative means; not paired
M11,M11-M00,8,snv,2103.5424313725493,0.0005650375122114859,difference of equal-sample representative means; not paired
M11,M11-M00,8,snv,2109.0031764705886,0.0006348564322780081,difference of equal-sample representative means; not paired
M11,M11-M00,8,snv,2114.463921568628,0.0008667411841871697,difference of equal-sample representative means; not paired
M11,M11-M00,8,snv,2119.924666666667,0.001045427137081667,difference of equal-sample representative means; not paired
M11,M11-M00,8,snv,2125.385411764706,0.0010155429478662104,difference of equal-sample representative means; not paired
M11,M11-M00,8,snv,2130.8461568627454,0.0011663814898295044,difference of equal-sample representative means; not paired
M11,M11-M00,8,snv,2136.3069019607847,0.0009025372429949385,difference of equal-sample representative means; not paired
M11,M11-M00,8,snv,2141.767647058824,0.0012760060478858026,difference of equal-sample representative means; not paired
M11,M11-M00,8,snv,2147.2283921568633,0.001123931441287196,difference of equal-sample representative means; not paired
M11,M11-M00,8,snv,2152.689137254902,0.0010609391958189551,difference of equal-sample representative means; not paired
M11,M11-M00,8,snv,2158.1498823529414,0.0011250916421496893,difference of equal-sample representative means; not paired
M11,M11-M00,8,snv,2163.6106274509807,0.001285549528880825,difference of equal-sample representative means; not paired
M11,M11-M00,8,snv,2169.07137254902,0.001365174202299535,difference of equal-sample representative means; not paired
M11,M11-M00,8,snv,2174.5321176470593,0.0010489691063306772,difference of equal-sample representative means; not paired
M11,M11-M00,8,snv,2179.992862745098,0.0011847237644835307,difference of equal-sample representative means; not paired
M11,M11-M00,8,snv,2185.4536078431374,0.0011590838305304274,difference of equal-sample representative means; not paired
M11,M11-M00,8,snv,2190.9143529411767,0.0010618221518534643,difference of equal-sample representative means; not paired
M11,M11-M00,8,snv,2196.375098039216,0.0008046263988221725,difference of equal-sample representative means; not paired
M11,M11-M00,8,snv,2201.8358431372553,0.0005992401077710152,difference of equal-sample representative means; not paired
M11,M11-M00,8,snv,2207.2965882352946,0.000626010855978576,difference of equal-sample representative means; not paired
M11,M11-M00,8,snv,2212.7573333333335,0.0007932146640206028,difference of equal-sample representative means; not paired
M11,M11-M00,8,snv,2218.2180784313728,0.000708497330174751,difference of equal-sample representative means; not paired
M11,M11-M00,8,snv,2223.678823529412,8.370043451444431e-05,difference of equal-sample representative means; not paired
M11,M11-M00,8,snv,2229.1395686274514,-0.00015173152282410562,difference of equal-sample representative means; not paired
M11,M11-M00,8,snv,2234.6003137254907,-0.0005895729344744804,difference of equal-sample representative means; not paired
M11,M11-M00,8,snv,2240.06105882353,-0.000439559601670636,difference of equal-sample representative means; not paired
M11,M11-M00,8,snv,2245.521803921569,-0.00023522760830818612,difference of equal-sample representative means; not paired
M11,M11-M00,8,snv,2250.982549019608,-0.0005325243307174876,difference of equal-sample representative means; not paired
M11,M11-M00,8,snv,2256.4432941176474,-0.001143606517174156,difference of equal-sample representative means; not paired
M11,M11-M00,8,snv,2261.9040392156867,-0.0019545461667589414,difference of equal-sample representative means; not paired
M11,M11-M00,8,snv,2267.364784313726,-0.0031337573309739852,difference of equal-sample representative means; not paired
M11,M11-M00,8,snv,2272.825529411765,-0.003785312800447027,difference of equal-sample representative means; not paired
M11,M11-M00,8,snv,2278.286274509804,-0.004203457350584472,difference of equal-sample representative means; not paired
M11,M11-M00,8,snv,2283.7470196078434,-0.005230930820090185,difference of equal-sample representative means; not paired
M11,M11-M00,8,snv,2289.2077647058827,-0.007220844148325245,difference of equal-sample representative means; not paired
M11,M11-M00,8,snv,2294.668509803922,-0.00967040792251228,difference of equal-sample representative means; not paired
M11,M11-M00,8,snv,2300.1292549019613,-0.011732877651472906,difference of equal-sample representative means; not paired
M11,M11-M00,8,snv,2305.59,-0.013905881673073495,difference of equal-sample representative means; not paired
M11,M11-M00,8,second_derivative,913.1,1.1469790756245377e-05,difference of equal-sample representative means; not paired
M11,M11-M00,8,second_derivative,918.5607450980392,1.1469790756245377e-05,difference of equal-sample representative means; not paired
M11,M11-M00,8,second_derivative,924.0214901960785,1.1469790756245377e-05,difference of equal-sample representative means; not paired
M11,M11-M00,8,second_derivative,929.4822352941177,1.146979075624535e-05,difference of equal-sample representative means; not paired
M11,M11-M00,8,second_derivative,934.9429803921569,8.121418014211935e-06,difference of equal-sample representative means; not paired
M11,M11-M00,8,second_derivative,940.4037254901962,4.895829396444407e-06,difference of equal-sample representative means; not paired
M11,M11-M00,8,second_derivative,945.8644705882353,3.0388794972173168e-06,difference of equal-sample representative means; not paired
M11,M11-M00,8,second_derivative,951.3252156862745,1.7016140598100356e-06,difference of equal-sample representative means; not paired
M11,M11-M00,8,second_derivative,956.7859607843137,5.60700409340994e-07,difference of equal-sample representative means; not paired
M11,M11-M00,8,second_derivative,962.246705882353,1.337245444731045e-09,difference of equal-sample representative means; not paired
M11,M11-M00,8,second_derivative,967.7074509803922,-1.8841192061643903e-07,difference of equal-sample representative means; not paired
M11,M11-M00,8,second_derivative,973.1681960784314,-4.008637878281425e-07,difference of equal-sample representative means; not paired
M11,M11-M00,8,second_derivative,978.6289411764706,-4.039018315574697e-07,difference of equal-sample representative means; not paired
M11,M11-M00,8,second_derivative,984.0896862745099,-2.1459499977262343e-07,difference of equal-sample representative means; not paired
M11,M11-M00,8,second_derivative,989.550431372549,-5.079982011655786e-09,difference of equal-sample representative means; not paired
M11,M11-M00,8,second_derivative,995.0111764705882,1.1379972940525428e-07,difference of equal-sample representative means; not paired
M11,M11-M00,8,second_derivative,1000.4719215686275,1.1915111778247218e-07,difference of equal-sample representative means; not paired
M11,M11-M00,8,second_derivative,1005.9326666666667,3.3317289107452584e-08,difference of equal-sample representative means; not paired
M11,M11-M00,8,second_derivative,1011.3934117647059,8.290459835560861e-08,difference of equal-sample representative means; not paired
M11,M11-M00,8,second_derivative,1016.8541568627452,-2.5639350265143793e-08,difference of equal-sample representative means; not paired
M11,M11-M00,8,second_derivative,1022.3149019607844,-1.3236478874695088e-07,difference of equal-sample representative means; not paired
M11,M11-M00,8,second_derivative,1027.7756470588236,-2.682330924054658e-07,difference of equal-sample representative means; not paired
M11,M11-M00,8,second_derivative,1033.2363921568628,-2.3335610530534444e-07,difference of equal-sample representative means; not paired
M11,M11-M00,8,second_derivative,1038.697137254902,-2.2682424678722836e-08,difference of equal-sample representative means; not paired
M11,M11-M00,8,second_derivative,1044.1578823529412,2.0467534765026456e-07,difference of equal-sample representative means; not paired
M11,M11-M00,8,second_derivative,1049.6186274509805,2.4865841926253446e-07,difference of equal-sample representative means; not paired
M11,M11-M00,8,second_derivative,1055.0793725490196,1.8569491395866784e-07,difference of equal-sample representative means; not paired
M11,M11-M00,8,second_derivative,1060.5401176470589,5.1883094544589694e-08,difference of equal-sample representative means; not paired
M11,M11-M00,8,second_derivative,1066.0008627450982,6.169857735895711e-08,difference of equal-sample representative means; not paired
M11,M11-M00,8,second_derivative,1071.4616078431372,3.58736863778309e-08,difference of equal-sample representative means; not paired
M11,M11-M00,8,second_derivative,1076.9223529411765,-1.552125576612004e-08,difference of equal-sample representative means; not paired
M11,M11-M00,8,second_derivative,1082.3830980392158,-3.393369621749323e-08,difference of equal-sample representative means; not paired
M11,M11-M00,8,second_derivative,1087.843843137255,-1.1618672145446182e-07,difference of equal-sample representative means; not paired
M11,M11-M00,8,second_derivative,1093.3045882352942,-7.883095374915992e-08,difference of equal-sample representative means; not paired
M11,M11-M00,8,second_derivative,1098.7653333333333,2.853992195880328e-08,difference of equal-sample representative means; not paired
M11,M11-M00,8,second_derivative,1104.2260784313726,1.7868372204237252e-07,difference of equal-sample representative means; not paired
M11,M11-M00,8,second_derivative,1109.6868235294119,1.983810796506951e-07,difference of equal-sample representative means; not paired
M11,M11-M00,8,second_derivative,1115.1475686274512,1.796798552331412e-07,difference of equal-sample representative means; not paired
M11,M11-M00,8,second_derivative,1120.6083137254902,1.43797598667175e-07,difference of equal-sample representative means; not paired
M11,M11-M00,8,second_derivative,1126.0690588235295,6.982001809454342e-08,difference of equal-sample representative means; not paired
M11,M11-M00,8,second_derivative,1131.5298039215686,-3.4386205608849695e-08,difference of equal-sample representative means; not paired
M11,M11-M00,8,second_derivative,1136.990549019608,-2.231676741961348e-07,difference of equal-sample representative means; not paired
M11,M11-M00,8,second_derivative,1142.4512941176472,-4.29129692034805e-07,difference of equal-sample representative means; not paired
M11,M11-M00,8,second_derivative,1147.9120392156863,-4.461616301068346e-07,difference of equal-sample representative means; not paired
M11,M11-M00,8,second_derivative,1153.3727843137256,-2.484939766771287e-07,difference of equal-sample representative means; not paired
M11,M11-M00,8,second_derivative,1158.8335294117649,-1.9295212365846874e-08,difference of equal-sample representative means; not paired
M11,M11-M00,8,second_derivative,1164.294274509804,7.844356805160509e-08,difference of equal-sample representative means; not paired
M11,M11-M00,8,second_derivative,1169.7550196078432,-9.367181325650252e-08,difference of equal-sample representative means; not paired
M11,M11-M00,8,second_derivative,1175.2157647058825,-2.5359854582867384e-07,difference of equal-sample representative means; not paired
M11,M11-M00,8,second_derivative,1180.6765098039216,-2.693026956528672e-07,difference of equal-sample representative means; not paired
M11,M11-M00,8,second_derivative,1186.137254901961,-1.8168893745613094e-07,difference of equal-sample representative means; not paired
M11,M11-M00,8,second_derivative,1191.598,-8.042652527510665e-08,difference of equal-sample representative means; not paired
M11,M11-M00,8,second_derivative,1197.0587450980393,-2.3826094954022196e-07,difference of equal-sample representative means; not paired
M11,M11-M00,8,second_derivative,1202.5194901960786,-2.6178651567066637e-07,difference of equal-sample representative means; not paired
M11,M11-M00,8,second_derivative,1207.9802352941178,3.0295529619491323e-07,difference of equal-sample representative means; not paired
M11,M11-M00,8,second_derivative,1213.440980392157,6.326186162031205e-07,difference of equal-sample representative means; not paired
M11,M11-M00,8,second_derivative,1218.9017254901962,5.864042588461732e-07,difference of equal-sample representative means; not paired
M11,M11-M00,8,second_derivative,1224.3624705882353,3.720751908705239e-07,difference of equal-sample representative means; not paired
M11,M11-M00,8,second_derivative,1229.8232156862746,-9.560019703191806e-08,difference of equal-sample representative means; not paired
M11,M11-M00,8,second_derivative,1235.2839607843139,-2.4271069371110105e-07,difference of equal-sample representative means; not paired
M11,M11-M00,8,second_derivative,1240.7447058823532,4.104632369106699e-08,difference of equal-sample representative means; not paired
M11,M11-M00,8,second_derivative,1246.2054509803922,-5.8066222863401856e-08,difference of equal-sample representative means; not paired
M11,M11-M00,8,second_derivative,1251.6661960784315,-1.1992670964910053e-07,difference of equal-sample representative means; not paired
M11,M11-M00,8,second_derivative,1257.1269411764706,-1.9770168844851412e-08,difference of equal-sample representative means; not paired
M11,M11-M00,8,second_derivative,1262.58768627451,8.602835904723115e-08,difference of equal-sample representative means; not paired
M11,M11-M00,8,second_derivative,1268.0484313725492,1.7514396229330087e-07,difference of equal-sample representative means; not paired
M11,M11-M00,8,second_derivative,1273.5091764705883,1.4378018193988237e-07,difference of equal-sample representative means; not paired
M11,M11-M00,8,second_derivative,1278.9699215686276,3.798956626387104e-08,difference of equal-sample representative means; not paired
M11,M11-M00,8,second_derivative,1284.4306666666666,-5.010739377221361e-08,difference of equal-sample representative means; not paired
M11,M11-M00,8,second_derivative,1289.891411764706,-2.5099733531225105e-07,difference of equal-sample representative means; not paired
M11,M11-M00,8,second_derivative,1295.3521568627452,-1.0532860030868428e-06,difference of equal-sample representative means; not paired
M11,M11-M00,8,second_derivative,1300.8129019607845,-1.9516614253218365e-07,difference of equal-sample representative means; not paired
M11,M11-M00,8,second_derivative,1306.2736470588236,3.8911415096853314e-07,difference of equal-sample representative means; not paired
M11,M11-M00,8,second_derivative,1311.734392156863,5.057843630044406e-07,difference of equal-sample representative means; not paired
M11,M11-M00,8,second_derivative,1317.195137254902,1.981559672121141e-07,difference of equal-sample representative means; not paired
M11,M11-M00,8,second_derivative,1322.6558823529413,-5.918277606434578e-07,difference of equal-sample representative means; not paired
M11,M11-M00,8,second_derivative,1328.1166274509806,-1.5086276430396054e-06,difference of equal-sample representative means; not paired
M11,M11-M00,8,second_derivative,1333.5773725490199,-6.502958213927678e-07,difference of equal-sample representative means; not paired
M11,M11-M00,8,second_derivative,1339.038117647059,-4.682098618788002e-07,difference of equal-sample representative means; not paired
M11,M11-M00,8,second_derivative,1344.4988627450982,-3.808407439008694e-07,difference of equal-sample representative means; not paired
M11,M11-M00,8,second_derivative,1349.9596078431373,-2.3683307900452425e-07,difference of equal-sample representative means; not paired
M11,M11-M00,8,second_derivative,1355.4203529411766,-6.485289367350566e-08,difference of equal-sample representative means; not paired
M11,M11-M00,8,second_derivative,1360.8810980392159,1.555682468563546e-07,difference of equal-sample representative means; not paired
M11,M11-M00,8,second_derivative,1366.341843137255,3.829027167923632e-07,difference of equal-sample representative means; not paired
M11,M11-M00,8,second_derivative,1371.8025882352943,2.546797602035714e-07,difference of equal-sample representative means; not paired
M11,M11-M00,8,second_derivative,1377.2633333333333,-2.681003669906159e-07,difference of equal-sample representative means; not paired
M11,M11-M00,8,second_derivative,1382.7240784313726,-1.0760881399577156e-06,difference of equal-sample representative means; not paired
M11,M11-M00,8,second_derivative,1388.184823529412,-1.9123096763473143e-06,difference of equal-sample representative means; not paired
M11,M11-M00,8,second_derivative,1393.6455686274512,-2.443543145485717e-06,difference of equal-sample representative means; not paired
M11,M11-M00,8,second_derivative,1399.1063137254903,-2.5117229122254193e-06,difference of equal-sample representative means; not paired
M11,M11-M00,8,second_derivative,1404.5670588235296,-2.112717492561996e-06,difference of equal-sample representative means; not paired
M11,M11-M00,8,second_derivative,1410.0278039215686,-1.2364140435269281e-06,difference of equal-sample representative means; not paired
M11,M11-M00,8,second_derivative,1415.488549019608,-9.207681064452673e-08,difference of equal-sample representative means; not paired
M11,M11-M00,8,second_derivative,1420.9492941176472,1.0821598374583061e-06,difference of equal-sample representative means; not paired
M11,M11-M00,8,second_derivative,1426.4100392156865,1.693651502557712e-06,difference of equal-sample representative means; not paired
M11,M11-M00,8,second_derivative,1431.8707843137256,2.1143819711834296e-06,difference of equal-sample representative means; not paired
M11,M11-M00,8,second_derivative,1437.3315294117647,2.1406525802178264e-06,difference of equal-sample representative means; not paired
M11,M11-M00,8,second_derivative,1442.792274509804,1.7502582156279857e-06,difference of equal-sample representative means; not paired
M11,M11-M00,8,second_derivative,1448.2530196078433,1.2171711910567378e-06,difference of equal-sample representative means; not paired
M11,M11-M00,8,second_derivative,1453.7137647058826,7.479446159007906e-07,difference of equal-sample representative means; not paired
M11,M11-M00,8,second_derivative,1459.1745098039219,2.42129806965685e-07,difference of equal-sample representative means; not paired
M11,M11-M00,8,second_derivative,1464.635254901961,2.8768343365884695e-07,difference of equal-sample representative means; not paired
M11,M11-M00,8,second_derivative,1470.096,5.129813282044348e-07,difference of equal-sample representative means; not paired
M11,M11-M00,8,second_derivative,1475.5567450980393,7.279514702305539e-07,difference of equal-sample representative means; not paired
M11,M11-M00,8,second_derivative,1481.0174901960786,8.560371106624705e-07,difference of equal-sample representative means; not paired
M11,M11-M00,8,second_derivative,1486.478235294118,8.200707775709673e-07,difference of equal-sample representative means; not paired
M11,M11-M00,8,second_derivative,1491.938980392157,6.709175569067788e-07,difference of equal-sample representative means; not paired
M11,M11-M00,8,second_derivative,1497.3997254901963,4.4952462417943806e-07,difference of equal-sample representative means; not paired
M11,M11-M00,8,second_derivative,1502.8604705882353,3.111294230030061e-07,difference of equal-sample representative means; not paired
M11,M11-M00,8,second_derivative,1508.3212156862746,3.669654640547701e-07,difference of equal-sample representative means; not paired
M11,M11-M00,8,second_derivative,1513.781960784314,9.680242028733217e-08,difference of equal-sample representative means; not paired
M11,M11-M00,8,second_derivative,1519.2427058823532,-2.4753574389967723e-07,difference of equal-sample representative means; not paired
M11,M11-M00,8,second_derivative,1524.7034509803923,-3.736488459976991e-07,difference of equal-sample representative means; not paired
M11,M11-M00,8,second_derivative,1530.1641960784316,-3.48783984880386e-07,difference of equal-sample representative means; not paired
M11,M11-M00,8,second_derivative,1535.6249411764707,-9.466307144224405e-08,difference of equal-sample representative means; not paired
M11,M11-M00,8,second_derivative,1541.08568627451,3.946311825528775e-07,difference of equal-sample representative means; not paired
M11,M11-M00,8,second_derivative,1546.5464313725493,3.2664242278527103e-07,difference of equal-sample representative means; not paired
M11,M11-M00,8,second_derivative,1552.0071764705885,-7.745349626075483e-08,difference of equal-sample representative means; not paired
M11,M11-M00,8,second_derivative,1557.4679215686276,-3.496065141979045e-07,difference of equal-sample representative means; not paired
M11,M11-M00,8,second_derivative,1562.9286666666667,-3.659177451643431e-07,difference of equal-sample representative means; not paired
M11,M11-M00,8,second_derivative,1568.389411764706,-1.9768301175061743e-07,difference of equal-sample representative means; not paired
M11,M11-M00,8,second_derivative,1573.8501568627453,4.1708879289369514e-08,difference of equal-sample representative means; not paired
M11,M11-M00,8,second_derivative,1579.3109019607846,2.387739180849013e-07,difference of equal-sample representative means; not paired
M11,M11-M00,8,second_derivative,1584.7716470588239,4.0017734165694675e-07,difference of equal-sample representative means; not paired
M11,M11-M00,8,second_derivative,1590.232392156863,5.998912285720165e-07,difference of equal-sample representative means; not paired
M11,M11-M00,8,second_derivative,1595.693137254902,7.696279542298769e-07,difference of equal-sample representative means; not paired
M11,M11-M00,8,second_derivative,1601.1538823529413,7.099496331055866e-07,difference of equal-sample representative means; not paired
M11,M11-M00,8,second_derivative,1606.6146274509806,4.394544748808249e-07,difference of equal-sample representative means; not paired
M11,M11-M00,8,second_derivative,1612.07537254902,1.965992664801286e-07,difference of equal-sample representative means; not paired
M11,M11-M00,8,second_derivative,1617.536117647059,-7.034030396827573e-08,difference of equal-sample representative means; not paired
M11,M11-M00,8,second_derivative,1622.9968627450983,-2.495313841554452e-07,difference of equal-sample representative means; not paired
M11,M11-M00,8,second_derivative,1628.4576078431373,-3.75067561075931e-07,difference of equal-sample representative means; not paired
M11,M11-M00,8,second_derivative,1633.9183529411766,-4.447194179484158e-07,difference of equal-sample representative means; not paired
M11,M11-M00,8,second_derivative,1639.379098039216,-5.257404827370567e-07,difference of equal-sample representative means; not paired
M11,M11-M00,8,second_derivative,1644.8398431372552,-5.691034281486284e-07,difference of equal-sample representative means; not paired
M11,M11-M00,8,second_derivative,1650.3005882352943,-4.798240056560869e-07,difference of equal-sample representative means; not paired
M11,M11-M00,8,second_derivative,1655.7613333333334,-2.162428066151418e-07,difference of equal-sample representative means; not paired
M11,M11-M00,8,second_derivative,1661.2220784313727,-6.26301627975086e-08,difference of equal-sample representative means; not paired
M11,M11-M00,8,second_derivative,1666.682823529412,1.3060640269655352e-07,difference of equal-sample representative means; not paired
M11,M11-M00,8,second_derivative,1672.1435686274513,7.539968541628257e-08,difference of equal-sample representative means; not paired
M11,M11-M00,8,second_derivative,1677.6043137254906,-2.2519665159427896e-07,difference of equal-sample representative means; not paired
M11,M11-M00,8,second_derivative,1683.0650588235296,-5.623251293712517e-07,difference of equal-sample representative means; not paired
M11,M11-M00,8,second_derivative,1688.5258039215687,-7.433334661482208e-07,difference of equal-sample representative means; not paired
M11,M11-M00,8,second_derivative,1693.986549019608,-6.486175822011861e-07,difference of equal-sample representative means; not paired
M11,M11-M00,8,second_derivative,1699.4472941176473,-2.517504132127309e-07,difference of equal-sample representative means; not paired
M11,M11-M00,8,second_derivative,1704.9080392156866,-7.194020371205776e-08,difference of equal-sample representative means; not paired
M11,M11-M00,8,second_derivative,1710.3687843137257,-1.1961081090461416e-07,difference of equal-sample representative means; not paired
M11,M11-M00,8,second_derivative,1715.829529411765,-9.609711835580608e-08,difference of equal-sample representative means; not paired
M11,M11-M00,8,second_derivative,1721.290274509804,2.809560165657641e-08,difference of equal-sample representative means; not paired
M11,M11-M00,8,second_derivative,1726.7510196078433,1.911760686291481e-07,difference of equal-sample representative means; not paired
M11,M11-M00,8,second_derivative,1732.2117647058826,2.2942058026896386e-07,difference of equal-sample representative means; not paired
M11,M11-M00,8,second_derivative,1737.672509803922,-4.0631421834006726e-08,difference of equal-sample representative means; not paired
M11,M11-M00,8,second_derivative,1743.133254901961,-2.587799577931049e-07,difference of equal-sample representative means; not paired
M11,M11-M00,8,second_derivative,1748.594,-2.5803410222327295e-07,difference of equal-sample representative means; not paired
M11,M11-M00,8,second_derivative,1754.0547450980393,-1.863859175059388e-07,difference of equal-sample representative means; not paired
M11,M11-M00,8,second_derivative,1759.5154901960786,-3.996466178887616e-08,difference of equal-sample representative means; not paired
M11,M11-M00,8,second_derivative,1764.976235294118,8.48683157295416e-08,difference of equal-sample representative means; not paired
M11,M11-M00,8,second_derivative,1770.4369803921572,1.6034278655900655e-07,difference of equal-sample representative means; not paired
M11,M11-M00,8,second_derivative,1775.8977254901963,3.377950368138883e-07,difference of equal-sample representative means; not paired
M11,M11-M00,8,second_derivative,1781.3584705882354,5.243599908295184e-07,difference of equal-sample representative means; not paired
M11,M11-M00,8,second_derivative,1786.8192156862747,4.0461350650362375e-07,difference of equal-sample representative means; not paired
M11,M11-M00,8,second_derivative,1792.279960784314,3.582135585305421e-07,difference of equal-sample representative means; not paired
M11,M11-M00,8,second_derivative,1797.7407058823533,1.19685213005307e-07,difference of equal-sample representative means; not paired
M11,M11-M00,8,second_derivative,1803.2014509803923,-1.6627072158276331e-07,difference of equal-sample representative means; not paired
M11,M11-M00,8,second_derivative,1808.6621960784316,-1.3155541561875766e-07,difference of equal-sample representative means; not paired
M11,M11-M00,8,second_derivative,1814.1229411764707,1.847092946047667e-07,difference of equal-sample representative means; not paired
M11,M11-M00,8,second_derivative,1819.58368627451,3.100725400083989e-07,difference of equal-sample representative means; not paired
M11,M11-M00,8,second_derivative,1825.0444313725493,4.5100876242617173e-07,difference of equal-sample representative means; not paired
M11,M11-M00,8,second_derivative,1830.5051764705886,4.041437157673343e-07,difference of equal-sample representative means; not paired
M11,M11-M00,8,second_derivative,1835.9659215686277,9.563848942166883e-08,difference of equal-sample representative means; not paired
M11,M11-M00,8,second_derivative,1841.4266666666667,-2.3333528272147454e-07,difference of equal-sample representative means; not paired
M11,M11-M00,8,second_derivative,1846.887411764706,-5.804005808648837e-07,difference of equal-sample representative means; not paired
M11,M11-M00,8,second_derivative,1852.3481568627453,-8.73543033827801e-07,difference of equal-sample representative means; not paired
M11,M11-M00,8,second_derivative,1857.8089019607846,-8.919970002616953e-07,difference of equal-sample representative means; not paired
M11,M11-M00,8,second_derivative,1863.269647058824,-8.445396642850283e-07,difference of equal-sample representative means; not paired
M11,M11-M00,8,second_derivative,1868.730392156863,-1.6112520041021108e-06,difference of equal-sample representative means; not paired
M11,M11-M00,8,second_derivative,1874.191137254902,-2.4029114974428534e-06,difference of equal-sample representative means; not paired
M11,M11-M00,8,second_derivative,1879.6518823529414,-3.0498821095340488e-06,difference of equal-sample representative means; not paired
M11,M11-M00,8,second_derivative,1885.1126274509807,-3.431978259446053e-06,difference of equal-sample representative means; not paired
M11,M11-M00,8,second_derivative,1890.57337254902,-3.1907002576941174e-06,difference of equal-sample representative means; not paired
M11,M11-M00,8,second_derivative,1896.034117647059,-2.2466315615246e-06,difference of equal-sample representative means; not paired
M11,M11-M00,8,second_derivative,1901.4948627450983,-7.505948219707055e-07,difference of equal-sample representative means; not paired
M11,M11-M00,8,second_derivative,1906.9556078431374,1.6644329636151856e-06,difference of equal-sample representative means; not paired
M11,M11-M00,8,second_derivative,1912.4163529411767,3.3637587316452623e-06,difference of equal-sample representative means; not paired
M11,M11-M00,8,second_derivative,1917.877098039216,3.966448659765829e-06,difference of equal-sample representative means; not paired
M11,M11-M00,8,second_derivative,1923.3378431372553,3.6418106633745646e-06,difference of equal-sample representative means; not paired
M11,M11-M00,8,second_derivative,1928.7985882352943,2.8512978789891382e-06,difference of equal-sample representative means; not paired
M11,M11-M00,8,second_derivative,1934.2593333333336,2.125392015964433e-06,difference of equal-sample representative means; not paired
M11,M11-M00,8,second_derivative,1939.7200784313727,1.8072654048404031e-06,difference of equal-sample representative means; not paired
M11,M11-M00,8,second_derivative,1945.180823529412,1.5135857729961868e-06,difference of equal-sample representative means; not paired
M11,M11-M00,8,second_derivative,1950.6415686274513,1.3281134574177753e-06,difference of equal-sample representative means; not paired
M11,M11-M00,8,second_derivative,1956.1023137254906,7.834606568280202e-07,difference of equal-sample representative means; not paired
M11,M11-M00,8,second_derivative,1961.5630588235294,4.436370145745434e-07,difference of equal-sample representative means; not paired
M11,M11-M00,8,second_derivative,1967.0238039215687,4.5866027279296073e-07,difference of equal-sample representative means; not paired
M11,M11-M00,8,second_derivative,1972.484549019608,5.900773673132991e-07,difference of equal-sample representative means; not paired
M11,M11-M00,8,second_derivative,1977.9452941176473,6.417091977987114e-07,difference of equal-sample representative means; not paired
M11,M11-M00,8,second_derivative,1983.4060392156866,3.2642588776399444e-07,difference of equal-sample representative means; not paired
M11,M11-M00,8,second_derivative,1988.866784313726,-3.7424449414233583e-07,difference of equal-sample representative means; not paired
M11,M11-M00,8,second_derivative,1994.3275294117648,-5.355696134244459e-07,difference of equal-sample representative means; not paired
M11,M11-M00,8,second_derivative,1999.788274509804,-8.294731767823446e-07,difference of equal-sample representative means; not paired
M11,M11-M00,8,second_derivative,2005.2490196078434,-1.0833024323151562e-06,difference of equal-sample representative means; not paired
M11,M11-M00,8,second_derivative,2010.7097647058827,-1.2095026695197727e-06,difference of equal-sample representative means; not paired
M11,M11-M00,8,second_derivative,2016.170509803922,-1.335060294613486e-06,difference of equal-sample representative means; not paired
M11,M11-M00,8,second_derivative,2021.6312549019613,-1.5300685854817973e-06,difference of equal-sample representative means; not paired
M11,M11-M00,8,second_derivative,2027.092,-1.4402692230275314e-06,difference of equal-sample representative means; not paired
M11,M11-M00,8,second_derivative,2032.5527450980394,-1.2586839988927838e-06,difference of equal-sample representative means; not paired
M11,M11-M00,8,second_derivative,2038.0134901960787,-1.0023115988372426e-06,difference of equal-sample representative means; not paired
M11,M11-M00,8,second_derivative,2043.474235294118,-5.803608289512461e-07,difference of equal-sample representative means; not paired
M11,M11-M00,8,second_derivative,2048.9349803921573,-4.001541766590609e-07,difference of equal-sample representative means; not paired
M11,M11-M00,8,second_derivative,2054.3957254901966,-2.5458550676795735e-07,difference of equal-sample representative means; not paired
M11,M11-M00,8,second_derivative,2059.8564705882354,-2.2353635364654926e-08,difference of equal-sample representative means; not paired
M11,M11-M00,8,second_derivative,2065.3172156862747,2.970718989827636e-07,difference of equal-sample representative means; not paired
M11,M11-M00,8,second_derivative,2070.777960784314,4.667169501566579e-07,difference of equal-sample representative means; not paired
M11,M11-M00,8,second_derivative,2076.2387058823533,7.103498582612529e-07,difference of equal-sample representative means; not paired
M11,M11-M00,8,second_derivative,2081.6994509803926,7.24552701580631e-07,difference of equal-sample representative means; not paired
M11,M11-M00,8,second_derivative,2087.1601960784315,1.2905469009030126e-07,difference of equal-sample representative means; not paired
M11,M11-M00,8,second_derivative,2092.6209411764708,-1.9989961814652704e-07,difference of equal-sample representative means; not paired
M11,M11-M00,8,second_derivative,2098.08168627451,-3.7606916337522007e-07,difference of equal-sample representative means; not paired
M11,M11-M00,8,second_derivative,2103.5424313725493,-1.7695071341337622e-08,difference of equal-sample representative means; not paired
M11,M11-M00,8,second_derivative,2109.0031764705886,7.401090431747986e-07,difference of equal-sample representative means; not paired
M11,M11-M00,8,second_derivative,2114.463921568628,1.0405325322752487e-06,difference of equal-sample representative means; not paired
M11,M11-M00,8,second_derivative,2119.924666666667,9.331958454580888e-07,difference of equal-sample representative means; not paired
M11,M11-M00,8,second_derivative,2125.385411764706,5.602620501774252e-07,difference of equal-sample representative means; not paired
M11,M11-M00,8,second_derivative,2130.8461568627454,3.918391988248893e-07,difference of equal-sample representative means; not paired
M11,M11-M00,8,second_derivative,2136.3069019607847,3.802015165186359e-07,difference of equal-sample representative means; not paired
M11,M11-M00,8,second_derivative,2141.767647058824,4.223339970140503e-07,difference of equal-sample representative means; not paired
M11,M11-M00,8,second_derivative,2147.2283921568633,8.763336323988378e-08,difference of equal-sample representative means; not paired
M11,M11-M00,8,second_derivative,2152.689137254902,7.581327465787086e-08,difference of equal-sample representative means; not paired
M11,M11-M00,8,second_derivative,2158.1498823529414,1.2508231741639207e-07,difference of equal-sample representative means; not paired
M11,M11-M00,8,second_derivative,2163.6106274509807,2.914869200289648e-07,difference of equal-sample representative means; not paired
M11,M11-M00,8,second_derivative,2169.07137254902,2.7717755823146227e-07,difference of equal-sample representative means; not paired
M11,M11-M00,8,second_derivative,2174.5321176470593,6.180446139484946e-08,difference of equal-sample representative means; not paired
M11,M11-M00,8,second_derivative,2179.992862745098,5.84785436886049e-08,difference of equal-sample representative means; not paired
M11,M11-M00,8,second_derivative,2185.4536078431374,1.6824800813829508e-07,difference of equal-sample representative means; not paired
M11,M11-M00,8,second_derivative,2190.9143529411767,1.4785361138794814e-07,difference of equal-sample representative means; not paired
M11,M11-M00,8,second_derivative,2196.375098039216,-4.546808593866936e-07,difference of equal-sample representative means; not paired
M11,M11-M00,8,second_derivative,2201.8358431372553,-5.845154218113373e-07,difference of equal-sample representative means; not paired
M11,M11-M00,8,second_derivative,2207.2965882352946,-2.3166061514579788e-08,difference of equal-sample representative means; not paired
M11,M11-M00,8,second_derivative,2212.7573333333335,2.714882659029032e-07,difference of equal-sample representative means; not paired
M11,M11-M00,8,second_derivative,2218.2180784313728,2.672133036405884e-07,difference of equal-sample representative means; not paired
M11,M11-M00,8,second_derivative,2223.678823529412,-7.743596389650213e-07,difference of equal-sample representative means; not paired
M11,M11-M00,8,second_derivative,2229.1395686274514,-1.879419563658542e-06,difference of equal-sample representative means; not paired
M11,M11-M00,8,second_derivative,2234.6003137254907,-1.8356902630581768e-06,difference of equal-sample representative means; not paired
M11,M11-M00,8,second_derivative,2240.06105882353,-8.224952468368669e-07,difference of equal-sample representative means; not paired
M11,M11-M00,8,second_derivative,2245.521803921569,7.274764080712857e-08,difference of equal-sample representative means; not paired
M11,M11-M00,8,second_derivative,2250.982549019608,1.3646210716828343e-06,difference of equal-sample representative means; not paired
M11,M11-M00,8,second_derivative,2256.4432941176474,1.5064917891308645e-06,difference of equal-sample representative means; not paired
M11,M11-M00,8,second_derivative,2261.9040392156867,9.82434522131123e-07,difference of equal-sample representative means; not paired
M11,M11-M00,8,second_derivative,2267.364784313726,1.3487615012271079e-06,difference of equal-sample representative means; not paired
M11,M11-M00,8,second_derivative,2272.825529411765,2.8314716708316515e-06,difference of equal-sample representative means; not paired
M11,M11-M00,8,second_derivative,2278.286274509804,4.8202572506258286e-06,difference of equal-sample representative means; not paired
M11,M11-M00,8,second_derivative,2283.7470196078434,5.6250068619460305e-06,difference of equal-sample representative means; not paired
M11,M11-M00,8,second_derivative,2289.2077647058827,6.014995445324999e-06,difference of equal-sample representative means; not paired
M11,M11-M00,8,second_derivative,2294.668509803922,6.014995445325318e-06,difference of equal-sample representative means; not paired
M11,M11-M00,8,second_derivative,2300.1292549019613,6.014995445325318e-06,difference of equal-sample representative means; not paired
M11,M11-M00,8,second_derivative,2305.59,6.014995445325318e-06,difference of equal-sample representative means; not paired
