condition,sample_id,fold,repeat,k,valid_pixels,used_clusters,max_occupancy,single_cluster,cluster_counts
B0,KYOw02707,1,1,2,115078,2,0.9802742487703993,False,"[2270, 112808]"
B0,KYOw02707,1,1,4,115078,4,0.6213959227654287,False,"[39827, 3063, 71509, 679]"
B0,KYOw02707,1,1,6,115078,6,0.8857991970663376,False,"[647, 101936, 9686, 160, 2489, 160]"
B0,KYOw02707,1,1,8,115078,8,0.5600462295138949,False,"[64449, 91, 41343, 1105, 5976, 1942, 1, 171]"
B0,KYOw02707,1,1,10,115078,10,0.8108065833608509,False,"[11717, 344, 2742, 1, 1391, 4502, 93306, 50, 70, 955]"
B0,KYOw02707,1,1,12,115078,12,0.8097203635794852,False,"[93181, 8, 2153, 27, 135, 789, 1518, 13343, 1, 2455, 1394, 74]"
B0,KYOw02707,1,1,14,115078,14,0.6503501972575123,False,"[16148, 7, 926, 1, 14948, 772, 29, 4159, 60, 74841, 136, 1217, 143, 1691]"
B0,KYOw02720,1,1,2,131174,2,0.989250918627167,False,"[1410, 129764]"
B0,KYOw02720,1,1,4,131174,4,0.6165779803924558,False,"[47576, 2470, 80879, 249]"
B0,KYOw02720,1,1,6,131174,6,0.7735069449738515,False,"[288, 101464, 18717, 11, 1932, 8762]"
B0,KYOw02720,1,1,8,131174,7,0.4959824355436291,False,"[65060, 0, 52073, 776, 11801, 1301, 158, 5]"
B0,KYOw02720,1,1,10,131174,8,0.641247503316206,False,"[18261, 122, 5376, 8, 1092, 22130, 84115, 0, 0, 70]"
B0,KYOw02720,1,1,12,131174,10,0.6460197905072652,False,"[84741, 0, 6807, 0, 1, 464, 53, 19194, 4, 18736, 1170, 4]"
B0,KYOw02720,1,1,14,131174,12,0.4717474499519722,False,"[1685, 0, 3154, 2, 44954, 455, 0, 10886, 4, 61881, 1, 882, 7173, 97]"
B0,KYOw02751,1,1,2,71469,2,0.9158376358980816,False,"[6015, 65454]"
B0,KYOw02751,1,1,4,71469,4,0.7980523023968434,False,"[57036, 8629, 4724, 1080]"
B0,KYOw02751,1,1,6,71469,6,0.6058291007289874,False,"[1533, 19595, 43298, 95, 6941, 7]"
B0,KYOw02751,1,1,8,71469,7,0.44531195343435614,False,"[29901, 334, 1492, 2420, 31826, 5396, 0, 100]"
B0,KYOw02751,1,1,10,71469,9,0.4704697141417957,False,"[33624, 255, 15122, 0, 3401, 180, 15846, 583, 7, 2451]"
B0,KYOw02751,1,1,12,71469,10,0.4137038436245085,False,"[13457, 116, 20737, 0, 89, 705, 1278, 29567, 0, 106, 4193, 1221]"
B0,KYOw02751,1,1,14,71469,12,0.3754494955854986,False,"[214, 121, 9401, 0, 26833, 728, 0, 25119, 1077, 2768, 90, 3678, 4, 1436]"
B0,KYOw02752,1,1,2,117193,2,0.9743500038398197,False,"[3006, 114187]"
B0,KYOw02752,1,1,4,117193,4,0.7456247386789313,False,"[87382, 6177, 22899, 735]"
B0,KYOw02752,1,1,6,117193,6,0.5570895872620378,False,"[694, 65287, 43509, 166, 4679, 2858]"
B0,KYOw02752,1,1,8,117193,8,0.6101046990861229,False,"[71500, 16, 14153, 1367, 26112, 3864, 15, 166]"
B0,KYOw02752,1,1,10,117193,10,0.4054252387087966,False,"[46757, 436, 12117, 5, 1840, 7055, 47513, 12, 16, 1442]"
B0,KYOw02752,1,1,12,117193,11,0.42825936702704087,False,"[42421, 0, 12590, 2, 131, 856, 2344, 50189, 4, 6151, 2494, 11]"
B0,KYOw02752,1,1,14,117193,12,0.31498468338552643,False,"[22453, 0, 5820, 0, 36914, 842, 2, 23120, 8, 20395, 135, 2026, 2393, 3085]"
B0,KYOw02766,1,1,2,46176,2,0.7061027373527373,False,"[13571, 32605]"
B0,KYOw02766,1,1,4,46176,4,0.41850744975744975,False,"[19325, 13807, 9744, 3300]"
B0,KYOw02766,1,1,6,46176,6,0.32371794871794873,False,"[4512, 10174, 14948, 339, 11673, 4530]"
B0,KYOw02766,1,1,8,46176,8,0.23828395703395702,False,"[11003, 1391, 8863, 5618, 9570, 9351, 48, 332]"
B0,KYOw02766,1,1,10,46176,9,0.3015202702702703,False,"[13923, 1014, 3425, 0, 6233, 7396, 5101, 1556, 89, 7439]"
B0,KYOw02766,1,1,12,46176,11,0.2895226957726958,False,"[4777, 485, 3698, 16, 326, 2163, 4979, 13369, 0, 7065, 5041, 4257]"
B0,KYOw02766,1,1,14,46176,13,0.21589137214137213,False,"[3208, 485, 1706, 0, 4726, 2189, 19, 9969, 3927, 5171, 337, 5149, 4553, 4737]"
B0,KYOw02769,1,1,2,161734,2,0.9762511283960082,False,"[3841, 157893]"
B0,KYOw02769,1,1,4,161734,4,0.548555034810244,False,"[88720, 4850, 67035, 1129]"
B0,KYOw02769,1,1,6,161734,6,0.6228622305761312,False,"[1131, 100738, 27908, 285, 3947, 27725]"
B0,KYOw02769,1,1,8,161734,8,0.5826975156738843,False,"[94242, 135, 49039, 1897, 11717, 2998, 1418, 288]"
B0,KYOw02769,1,1,10,161734,10,0.4747424783904436,False,"[37786, 507, 4614, 27, 2311, 38011, 76782, 122, 100, 1474]"
B0,KYOw02769,1,1,12,161734,12,0.4325868401201974,False,"[69964, 19, 4560, 28, 259, 1108, 1787, 45086, 22, 36347, 2222, 332]"
B0,KYOw02769,1,1,14,161734,14,0.460997687561057,False,"[4235, 21, 2242, 14, 74559, 1097, 30, 12653, 268, 35284, 257, 1952, 27252, 1870]"
B0,KYOw02774,1,1,2,38927,2,0.9581010609602589,False,"[1631, 37296]"
B0,KYOw02774,1,1,4,38927,4,0.47738073830503247,False,"[17721, 2046, 18583, 577]"
B0,KYOw02774,1,1,6,38927,6,0.378400595987361,False,"[360, 14730, 9906, 278, 1665, 11988]"
B0,KYOw02774,1,1,8,38927,8,0.37308295013743675,False,"[14523, 5, 11715, 794, 5624, 1128, 4858, 280]"
B0,KYOw02774,1,1,10,38927,10,0.2800113032085699,False,"[10494, 291, 2681, 3295, 974, 10900, 9921, 6, 140, 225]"
B0,KYOw02774,1,1,12,38927,11,0.28550877283119686,False,"[9112, 0, 2891, 77, 197, 502, 235, 11114, 3147, 10647, 993, 12]"
B0,KYOw02774,1,1,14,38927,13,0.24384103578493077,False,"[1696, 0, 1504, 2378, 9492, 490, 77, 6123, 11, 6621, 198, 812, 9266, 259]"
B0,KYOw02775,1,1,2,51705,2,0.876414273281114,False,"[6390, 45315]"
B0,KYOw02775,1,1,4,51705,4,0.5802727008993328,False,"[30003, 12541, 8073, 1088]"
B0,KYOw02775,1,1,6,51705,6,0.535963639880089,False,"[1095, 9254, 27712, 209, 9756, 3679]"
B0,KYOw02775,1,1,8,51705,8,0.44968571704864135,False,"[9521, 69, 7549, 3357, 23251, 7710, 31, 217]"
B0,KYOw02775,1,1,10,51705,10,0.3547432550043516,False,"[18342, 640, 13121, 1, 4390, 6283, 4510, 42, 18, 4358]"
B0,KYOw02775,1,1,12,51705,12,0.2887535054636882,False,"[4363, 6, 7307, 3, 200, 1881, 12076, 14930, 1, 6013, 4803, 122]"
B0,KYOw02775,1,1,14,51705,13,0.22489120974760662,False,"[10652, 3, 3667, 0, 755, 1845, 3, 11463, 117, 3396, 204, 3855, 4117, 11628]"
B0,KYOw02776,1,1,2,91475,2,0.7536048100573928,False,"[22539, 68936]"
B0,KYOw02776,1,1,4,91475,4,0.532691992347636,False,"[48728, 31721, 5441, 5585]"
B0,KYOw02776,1,1,6,91475,6,0.4480896419786827,False,"[5438, 17184, 40989, 1562, 26070, 232]"
B0,KYOw02776,1,1,8,91475,8,0.37633233123804316,False,"[22529, 231, 2563, 10844, 34425, 19237, 7, 1639]"
B0,KYOw02776,1,1,10,91475,10,0.3170046460781634,False,"[23889, 2824, 28998, 1, 14216, 774, 13265, 89, 610, 6809]"
B0,KYOw02776,1,1,12,91475,10,0.29979775895053296,False,"[11727, 0, 27424, 267, 1332, 6188, 5265, 22065, 0, 643, 15949, 615]"
B0,KYOw02776,1,1,14,91475,12,0.23427165892320306,False,"[2018, 0, 21430, 0, 16172, 6051, 283, 20486, 538, 4551, 1331, 12934, 219, 5462]"
B0,KYOw16719,1,1,2,81497,2,0.9596672270144914,False,"[3287, 78210]"
B0,KYOw16719,1,1,4,81497,4,0.891996024393536,False,"[72695, 6571, 1627, 604]"
B0,KYOw16719,1,1,6,81497,6,0.754089107574512,False,"[689, 14249, 61456, 68, 4910, 125]"
B0,KYOw16719,1,1,8,81497,8,0.4712688810631066,False,"[38407, 23, 859, 1744, 37164, 3240, 1, 59]"
B0,KYOw16719,1,1,10,81497,9,0.6402444261751966,False,"[52178, 276, 18029, 0, 2463, 457, 7747, 11, 5, 331]"
B0,KYOw16719,1,1,12,81497,10,0.6088690381241028,False,"[5491, 3, 22042, 0, 48, 995, 221, 49621, 0, 397, 2640, 39]"
B0,KYOw16719,1,1,14,81497,12,0.4133280979667963,False,"[336, 3, 12572, 0, 33685, 967, 0, 30309, 34, 1255, 50, 1900, 114, 272]"
B0,KYOw02707,1,2,2,115078,2,0.9803003180451519,False,"[2267, 112811]"
B0,KYOw02707,1,2,4,115078,4,0.5500530075253306,False,"[47842, 3228, 709, 63299]"
B0,KYOw02707,1,2,6,115078,6,0.8861120283633709,False,"[162, 647, 9651, 160, 101972, 2486]"
B0,KYOw02707,1,2,8,115078,8,0.6721614904673352,False,"[6937, 1183, 77351, 2285, 209, 1, 156, 26956]"
B0,KYOw02707,1,2,10,115078,10,0.8243626062322946,False,"[94866, 1, 7093, 900, 19, 6783, 2461, 140, 1538, 1277]"
B0,KYOw02707,1,2,12,115078,12,0.8037678791776013,False,"[65, 13481, 231, 1466, 4199, 1, 1024, 92496, 26, 958, 5, 1126]"
B0,KYOw02707,1,2,14,115078,14,0.7769078364239906,False,"[12608, 1722, 1266, 3, 124, 3, 24, 1187, 1, 71, 7631, 649, 384, 89405]"
B0,KYOw02720,1,2,2,131174,2,0.989250918627167,False,"[1410, 129764]"
B0,KYOw02720,1,2,4,131174,4,0.5659124521627762,False,"[54018, 2659, 264, 74233]"
B0,KYOw02720,1,2,6,131174,6,0.7731943830332231,False,"[8875, 287, 18649, 11, 101423, 1929]"
B0,KYOw02720,1,2,8,131174,8,0.5534938326192691,False,"[14039, 839, 72604, 1820, 10, 66, 12, 41784]"
B0,KYOw02720,1,2,10,131174,8,0.616120572674463,False,"[80819, 4, 2155, 529, 0, 25862, 3949, 0, 17129, 727]"
B0,KYOw02720,1,2,12,131174,10,0.6271364752161251,False,"[0, 24344, 40, 772, 1695, 3, 5376, 82264, 0, 692, 11, 15977]"
B0,KYOw02720,1,2,14,131174,12,0.5640675743668715,False,"[33190, 373, 6687, 0, 1, 11, 0, 1036, 2, 2, 3169, 376, 12336, 73991]"
B0,KYOw02751,1,2,2,71469,2,0.9159495725419413,False,"[6007, 65462]"
B0,KYOw02751,1,2,4,71469,4,0.8068952972617498,False,"[57668, 9031, 1176, 3594]"
B0,KYOw02751,1,2,6,71469,6,0.6047377184513565,False,"[7, 1531, 43220, 95, 19684, 6932]"
B0,KYOw02751,1,2,8,71469,7,0.4975164057143657,False,"[35557, 3247, 25487, 5847, 399, 0, 96, 836]"
B0,KYOw02751,1,2,10,71469,9,0.6122514656704305,False,"[9067, 0, 896, 1127, 342, 43757, 11577, 64, 85, 4554]"
B0,KYOw02751,1,2,12,71469,11,0.4873861394450741,False,"[6, 34833, 176, 4203, 1323, 0, 18730, 9812, 433, 1850, 34, 69]"
B0,KYOw02751,1,2,14,71469,12,0.47810939008521175,False,"[34170, 2368, 22763, 68, 73, 26, 0, 3533, 0, 1104, 1324, 485, 27, 5528]"
B0,KYOw02752,1,2,2,117193,2,0.9743926685040916,False,"[3001, 114192]"
B0,KYOw02752,1,2,4,117193,4,0.7651310231839785,False,"[89668, 6837, 768, 19920]"
B0,KYOw02752,1,2,6,117193,6,0.5582159343988122,False,"[2896, 694, 43352, 166, 65419, 4666]"
B0,KYOw02752,1,2,8,117193,8,0.5761521592586588,False,"[31043, 1460, 67521, 5213, 128, 10, 171, 11647]"
B0,KYOw02752,1,2,10,117193,9,0.3588354253240381,False,"[40494, 4, 15329, 996, 0, 42053, 10749, 98, 5556, 1914]"
B0,KYOw02752,1,2,12,117193,10,0.4521686448849334,False,"[15, 52991, 295, 2556, 10042, 4, 8049, 36906, 0, 1114, 0, 5221]"
B0,KYOw02752,1,2,14,117193,12,0.40239604754550184,False,"[47158, 3542, 9749, 0, 107, 0, 2, 1796, 3, 9, 19679, 752, 3990, 30406]"
B0,KYOw02766,1,2,2,46176,2,0.7063626126126126,False,"[13559, 32617]"
B0,KYOw02766,1,2,4,46176,4,0.4200233887733888,False,"[19395, 13764, 3563, 9454]"
B0,KYOw02766,1,2,6,46176,6,0.32278672903672906,False,"[4565, 4511, 14905, 339, 10191, 11665]"
B0,KYOw02766,1,2,8,46176,8,0.24757449757449757,False,"[11432, 7583, 8983, 7843, 1522, 15, 304, 8494]"
B0,KYOw02766,1,2,10,46176,9,0.2490038115038115,False,"[4968, 0, 4337, 3178, 1020, 11498, 3620, 271, 6752, 10532]"
B0,KYOw02766,1,2,12,46176,11,0.28209459459459457,False,"[75, 13026, 745, 6079, 3340, 0, 2460, 4867, 1072, 4693, 3219, 6600]"
B0,KYOw02766,1,2,14,46176,13,0.18524774774774774,False,"[8554, 3508, 2999, 364, 266, 2740, 15, 5559, 0, 2421, 6879, 1968, 5815, 5088]"
B0,KYOw02769,1,2,2,161734,2,0.9762511283960082,False,"[3841, 157893]"
B0,KYOw02769,1,2,4,161734,4,0.5811394017337109,False,"[93990, 5089, 1187, 61468]"
B0,KYOw02769,1,2,6,161734,6,0.6234681637750875,False,"[27828, 1130, 27715, 285, 100836, 3940]"
B0,KYOw02769,1,2,8,161734,8,0.5796802156627548,False,"[15931, 2097, 93754, 3378, 284, 354, 282, 45654]"
B0,KYOw02769,1,2,10,161734,10,0.36672561118874203,False,"[59312, 21, 4731, 1356, 58, 54149, 4340, 236, 35280, 2251]"
B0,KYOw02769,1,2,12,161734,12,0.36759741303621996,False,"[79, 56150, 375, 2149, 3995, 18, 3099, 59453, 72, 1617, 92, 34635]"
B0,KYOw02769,1,2,14,161734,14,0.4215749316779403,False,"[68183, 1995, 3929, 9, 233, 53, 24, 2009, 15, 244, 6310, 927, 31874, 45929]"
B0,KYOw02774,1,2,2,38927,2,0.9582551956225756,False,"[1625, 37302]"
B0,KYOw02774,1,2,4,38927,4,0.46715647237136176,False,"[18185, 2163, 592, 17987]"
B0,KYOw02774,1,2,6,38927,6,0.3786061088704498,False,"[12019, 360, 9870, 278, 14738, 1662]"
B0,KYOw02774,1,2,8,38927,8,0.34824158039407094,False,"[6918, 823, 13556, 1433, 71, 4157, 278, 11691]"
B0,KYOw02774,1,2,10,38927,9,0.29054383846687387,False,"[8391, 3053, 1652, 589, 0, 11310, 2512, 249, 10458, 713]"
B0,KYOw02774,1,2,12,38927,11,0.3151283171063786,False,"[123, 12267, 226, 715, 1260, 2995, 2098, 8165, 0, 682, 1, 10395]"
B0,KYOw02774,1,2,14,38927,13,0.2943458268040178,False,"[11458, 483, 2515, 0, 188, 2, 75, 877, 2726, 3, 2880, 427, 10019, 7274]"
B0,KYOw02775,1,2,2,51705,2,0.8765109757276859,False,"[6385, 45320]"
B0,KYOw02775,1,2,4,51705,4,0.5622086838797021,False,"[29069, 13729, 1148, 7759]"
B0,KYOw02775,1,2,6,51705,6,0.5358862779228315,False,"[3709, 1092, 27708, 209, 9250, 9737]"
B0,KYOw02775,1,2,8,51705,8,0.42962962962962964,False,"[22214, 3601, 7863, 10401, 241, 14, 209, 7162]"
B0,KYOw02775,1,2,10,51705,9,0.39355961705831155,False,"[4260, 0, 20349, 2384, 9, 1889, 13032, 128, 5750, 3904]"
B0,KYOw02775,1,2,12,51705,11,0.40433226960642105,False,"[15, 7484, 429, 4219, 20906, 0, 4762, 4842, 13, 3064, 384, 5587]"
B0,KYOw02775,1,2,14,51705,13,0.38851174934725846,False,"[2232, 8120, 5290, 2, 153, 328, 3, 4183, 0, 30, 20088, 1456, 4930, 4890]"
B0,KYOw02776,1,2,2,91475,2,0.7538781087728887,False,"[22514, 68961]"
B0,KYOw02776,1,2,4,91475,4,0.5232358567914731,False,"[47863, 33253, 5876, 4483]"
B0,KYOw02776,1,2,6,91475,6,0.44773981962284776,False,"[235, 5428, 40957, 1565, 17262, 26028]"
B0,KYOw02776,1,2,8,91475,8,0.355310194042088,False,"[32502, 12104, 19993, 22314, 1172, 5, 1550, 1835]"
B0,KYOw02776,1,2,10,91475,9,0.32159606449849687,False,"[9827, 0, 5280, 7394, 1, 24378, 29418, 1279, 572, 13326]"
B0,KYOw02776,1,2,12,91475,11,0.2953375239136376,False,"[542, 23518, 1968, 11757, 6346, 0, 27016, 9652, 2, 9532, 624, 518]"
B0,KYOw02776,1,2,14,91475,12,0.308138835747472,False,"[20666, 6847, 28187, 0, 1155, 501, 250, 14176, 0, 91, 6797, 5342, 370, 7093]"
B0,KYOw16719,1,2,2,81497,2,0.9597285789660969,False,"[3282, 78215]"
B0,KYOw16719,1,2,4,81497,4,0.8862166705522903,False,"[72224, 7305, 644, 1324]"
B0,KYOw16719,1,2,6,81497,6,0.7521871970747389,False,"[126, 688, 61301, 68, 14413, 4901]"
B0,KYOw16719,1,2,8,81497,7,0.5538854190951814,False,"[45140, 1878, 28866, 4753, 82, 0, 65, 713]"
B0,KYOw16719,1,2,10,81497,9,0.7220143072751144,False,"[3290, 0, 678, 1151, 5, 58842, 15464, 34, 362, 1671]"
B0,KYOw16719,1,2,12,81497,11,0.6557296587604452,False,"[2, 53440, 138, 1518, 732, 0, 20354, 3415, 5, 1546, 23, 324]"
B0,KYOw16719,1,2,14,81497,12,0.6079364884596979,False,"[49545, 552, 24599, 2, 39, 21, 0, 2367, 0, 14, 1368, 775, 247, 1968]"
B0,KYOw02707,1,3,2,115078,2,0.9803090078034029,False,"[2266, 112812]"
B0,KYOw02707,1,3,4,115078,4,0.6209614348528824,False,"[3066, 71459, 679, 39874]"
B0,KYOw02707,1,3,6,115078,6,0.9015276595005127,False,"[419, 156, 553, 2252, 7952, 103746]"
B0,KYOw02707,1,3,8,115078,8,0.533811849354351,False,"[61430, 1, 43, 5759, 150, 1819, 44849, 1027]"
B0,KYOw02707,1,3,10,115078,10,0.7989276838318358,False,"[1116, 1180, 64, 11103, 1, 91939, 263, 2835, 6540, 37]"
B0,KYOw02707,1,3,12,115078,12,0.7953214341577017,False,"[1096, 65, 4757, 91524, 25, 5, 765, 1531, 245, 1, 993, 14071]"
B0,KYOw02707,1,3,14,115078,14,0.51352126383844,False,"[1199, 1, 31451, 15479, 63, 26, 228, 77, 2677, 787, 3044, 947, 59095, 4]"
B0,KYOw02720,1,3,2,131174,2,0.989250918627167,False,"[1410, 129764]"
B0,KYOw02720,1,3,4,131174,4,0.6163340296095263,False,"[2473, 80847, 249, 47605]"
B0,KYOw02720,1,3,6,131174,6,0.7597465961242319,False,"[14084, 10, 231, 1690, 15500, 99659]"
B0,KYOw02720,1,3,8,131174,7,0.48358668638602165,False,"[63434, 164, 0, 10803, 1, 1268, 54860, 644]"
B0,KYOw02720,1,3,10,131174,8,0.6333724671047616,False,"[303, 931, 0, 17488, 11, 83082, 66, 5057, 24236, 0]"
B0,KYOw02720,1,3,12,131174,10,0.6163111592236267,False,"[5485, 0, 2045, 80844, 0, 12, 14620, 758, 46, 2, 728, 26634]"
B0,KYOw02720,1,3,14,131174,12,0.4504170033695702,False,"[514, 2, 59083, 2127, 0, 0, 40, 5669, 15541, 2630, 1213, 689, 43655, 11]"
B0,KYOw02751,1,3,2,71469,2,0.9159495725419413,False,"[6007, 65462]"
B0,KYOw02751,1,3,4,71469,4,0.798010326155396,False,"[8634, 4721, 1081, 57033]"
B0,KYOw02751,1,3,6,71469,6,0.5459290041836321,False,"[36, 88, 1306, 6296, 39017, 24726]"
B0,KYOw02751,1,3,8,71469,7,0.45391708293106103,False,"[32441, 0, 351, 29655, 79, 5489, 1685, 1769]"
B0,KYOw02751,1,3,10,71469,9,0.4680910604597798,False,"[3423, 2462, 5, 33454, 0, 16938, 202, 14257, 234, 494]"
B0,KYOw02751,1,3,12,71469,11,0.4993773524185311,False,"[19049, 6, 1345, 8509, 442, 33, 52, 4123, 179, 0, 2041, 35690]"
B0,KYOw02751,1,3,14,71469,13,0.5058836698428689,False,"[3834, 0, 17758, 277, 4, 416, 176, 2, 36155, 8553, 1321, 1730, 1227, 16]"
B0,KYOw02752,1,3,2,117193,2,0.9743926685040916,False,"[3001, 114192]"
B0,KYOw02752,1,3,4,117193,4,0.7457953973360184,False,"[6181, 22874, 736, 87402]"
B0,KYOw02752,1,3,6,117193,6,0.627665474900378,False,"[4380, 154, 606, 3751, 34744, 73558]"
B0,KYOw02752,1,3,8,117193,8,0.6241840382958026,False,"[73150, 15, 1, 24480, 125, 3356, 14880, 1186]"
B0,KYOw02752,1,3,10,117193,10,0.42090397890659,False,"[1803, 1429, 15, 44651, 6, 49327, 350, 11929, 7682, 1]"
B0,KYOw02752,1,3,12,117193,10,0.4568020274248462,False,"[8440, 16, 11765, 34489, 0, 0, 4787, 2680, 314, 3, 1165, 53534]"
B0,KYOw02752,1,3,14,117193,11,0.28932615429249187,False,"[1940, 0, 33907, 24881, 13, 0, 295, 1780, 25266, 5161, 7239, 1088, 15623, 0]"
B0,KYOw02766,1,3,2,46176,2,0.7063626126126126,False,"[13559, 32617]"
B0,KYOw02766,1,3,4,46176,4,0.4184208246708247,False,"[13806, 9741, 3308, 19321]"
B0,KYOw02766,1,3,6,46176,6,0.284043659043659,False,"[5757, 310, 3762, 11869, 13116, 11362]"
B0,KYOw02766,1,3,8,46176,8,0.25747141372141374,False,"[11889, 48, 1230, 8933, 302, 10324, 8979, 4471]"
B0,KYOw02766,1,3,10,46176,9,0.30132536382536385,False,"[8643, 5190, 75, 13914, 0, 5172, 825, 3440, 7595, 1322]"
B0,KYOw02766,1,3,12,46176,11,0.26730336105336105,False,"[2482, 78, 4070, 4905, 1100, 3206, 6342, 5898, 773, 0, 4979, 12343]"
B0,KYOw02766,1,3,14,46176,13,0.23605336105336105,False,"[6251, 0, 2805, 3636, 69, 1060, 719, 3579, 10900, 1714, 2268, 4432, 5870, 2873]"
B0,KYOw02769,1,3,2,161734,2,0.9762511283960082,False,"[3841, 157893]"
B0,KYOw02769,1,3,4,161734,4,0.5487590735405048,False,"[4854, 66997, 1130, 88753]"
B0,KYOw02769,1,3,6,161734,6,0.6559783347966414,False,"[32170, 275, 970, 3594, 18631, 106094]"
B0,KYOw02769,1,3,8,161734,8,0.5838228201862317,False,"[94424, 1503, 77, 10607, 267, 2928, 50278, 1650]"
B0,KYOw02769,1,3,10,161734,10,0.48927250918174287,False,"[1766, 1973, 81, 34540, 36, 79132, 425, 4610, 39078, 93]"
B0,KYOw02769,1,3,12,161734,12,0.3738855157233482,False,"[3236, 81, 4497, 55330, 71, 85, 33687, 2185, 388, 18, 1686, 60470]"
B0,KYOw02769,1,3,14,161734,14,0.44324013503654147,False,"[1828, 13, 71687, 4644, 74, 68, 374, 24634, 23681, 2147, 2940, 1568, 28012, 64]"
B0,KYOw02774,1,3,2,38927,2,0.9582551956225756,False,"[1625, 37302]"
B0,KYOw02774,1,3,4,38927,4,0.4772779818634881,False,"[2049, 18579, 577, 17722]"
B0,KYOw02774,1,3,6,38927,6,0.4124900454697254,False,"[13030, 272, 313, 1460, 7795, 16057]"
B0,KYOw02774,1,3,8,38927,7,0.3855421686746988,False,"[15008, 4900, 0, 5134, 267, 1080, 11834, 704]"
B0,KYOw02774,1,3,10,38927,10,0.28260590335756675,False,"[414, 842, 121, 10010, 3431, 10248, 258, 2600, 11001, 2]"
B0,KYOw02774,1,3,12,38927,11,0.31710637860610885,False,"[2130, 125, 1626, 7878, 0, 1, 10268, 710, 232, 2905, 708, 12344]"
B0,KYOw02774,1,3,14,38927,13,0.22624399517044724,False,"[553, 2205, 7865, 1930, 115, 0, 233, 8807, 8090, 1458, 876, 676, 6118, 1]"
B0,KYOw02775,1,3,2,51705,2,0.8765109757276859,False,"[6385, 45320]"
B0,KYOw02775,1,3,4,51705,4,0.5800019340489314,False,"[12559, 8069, 1088, 29989]"
B0,KYOw02775,1,3,6,51705,6,0.5369113238564935,False,"[4536, 190, 931, 8124, 27761, 10163]"
B0,KYOw02775,1,3,8,51705,8,0.4656416207330045,False,"[10231, 35, 24, 24076, 168, 6638, 7620, 2913]"
B0,KYOw02775,1,3,10,51705,10,0.3563098346388164,False,"[3732, 3761, 14, 18423, 3, 4473, 516, 14321, 6434, 28]"
B0,KYOw02775,1,3,12,51705,11,0.4151242626438449,False,"[5513, 15, 21464, 4922, 13, 394, 5388, 4424, 457, 0, 3202, 5913]"
B0,KYOw02775,1,3,14,51705,13,0.3395416304032492,False,"[2685, 0, 593, 10571, 13, 13, 430, 3322, 4637, 4093, 17556, 3060, 4417, 315]"
B0,KYOw02776,1,3,2,91475,2,0.7538781087728887,False,"[22514, 68961]"
B0,KYOw02776,1,3,4,91475,4,0.5324624214266193,False,"[31742, 5436, 5590, 48707]"
B0,KYOw02776,1,3,6,91475,6,0.4481880295162613,False,"[384, 1497, 4591, 23353, 40998, 20652]"
B0,KYOw02776,1,3,8,91475,8,0.3866411587865537,False,"[23775, 7, 24, 35368, 1456, 18896, 2759, 9190]"
B0,KYOw02776,1,3,10,91475,10,0.3149166438917737,False,"[9796, 11607, 540, 23664, 2, 13886, 2273, 28807, 882, 18]"
B0,KYOw02776,1,3,12,91475,11,0.30046460781634327,False,"[27485, 556, 6631, 8843, 2, 616, 457, 11497, 2025, 0, 10087, 23276]"
B0,KYOw02776,1,3,14,91475,13,0.25141295435911454,False,"[9194, 0, 12834, 2223, 521, 1, 1972, 152, 22998, 22669, 6150, 9366, 2862, 533]"
B0,KYOw16719,1,3,2,81497,2,0.9597285789660969,False,"[3282, 78215]"
B0,KYOw16719,1,3,4,81497,4,0.8919592132225727,False,"[6575, 1626, 604, 72692]"
B0,KYOw16719,1,3,6,81497,6,0.6235076137771942,False,"[260, 56, 579, 4089, 50814, 25699]"
B0,KYOw16719,1,3,8,81497,8,0.519172484876744,False,"[42311, 1, 9, 33744, 41, 2998, 915, 1478]"
B0,KYOw16719,1,3,10,81497,9,0.6331521405695916,False,"[729, 2077, 2, 51600, 0, 9020, 183, 17386, 493, 7]"
B0,KYOw16719,1,3,12,81497,11,0.6537663963090666,False,"[20796, 4, 982, 2875, 5, 23, 300, 1444, 144, 0, 1644, 53280]"
B0,KYOw16719,1,3,14,81497,13,0.6354344331693191,False,"[1012, 0, 12754, 394, 2, 6, 136, 62, 51786, 12353, 570, 1537, 866, 19]"
B0,KYOw02754,2,1,2,47242,2,0.9222090512679395,False,"[43567, 3675]"
B0,KYOw02754,2,1,4,47242,4,0.670081706955675,False,"[12145, 31656, 2921, 520]"
B0,KYOw02754,2,1,6,47242,6,0.48524617924728,False,"[22924, 204, 20245, 944, 2531, 394]"
B0,KYOw02754,2,1,8,47242,8,0.4918716396426908,False,"[3, 1433, 9782, 11649, 77, 23237, 527, 534]"
B0,KYOw02754,2,1,10,47242,9,0.3695440497862072,False,"[1631, 17458, 209, 45, 682, 2578, 391, 7709, 0, 16539]"
B0,KYOw02754,2,1,12,47242,11,0.4498539435248296,False,"[7870, 1086, 12, 468, 21252, 4609, 201, 1203, 6213, 0, 4327, 1]"
B0,KYOw02754,2,1,14,47242,11,0.35656830786164856,False,"[16845, 0, 0, 905, 1845, 40, 0, 3828, 359, 3876, 885, 14349, 2641, 1669]"
B0,KYOw02762,2,1,2,67878,2,0.8382686584755001,False,"[56900, 10978]"
B0,KYOw02762,2,1,4,67878,4,0.5032263767347299,False,"[22808, 34158, 10265, 647]"
B0,KYOw02762,2,1,6,67878,6,0.42239017060019446,False,"[7451, 237, 28671, 2009, 11062, 18448]"
B0,KYOw02762,2,1,8,67878,8,0.24563186894133593,False,"[15783, 3444, 16673, 6533, 145, 13257, 11346, 697]"
B0,KYOw02762,2,1,10,67878,10,0.2512596128347918,False,"[5511, 17055, 10365, 117, 1862, 9315, 383, 10145, 12340, 785]"
B0,KYOw02762,2,1,12,67878,12,0.38773976840802615,False,"[1587, 2740, 48, 835, 6, 26319, 200, 9992, 341, 744, 9934, 15132]"
B0,KYOw02762,2,1,14,67878,14,0.36618639323492147,False,"[10, 12187, 1317, 5238, 3146, 112, 303, 296, 346, 10269, 1645, 4, 8149, 24856]"
B0,KYOw02763,2,1,2,102462,2,0.9653139700571919,False,"[98908, 3554]"
B0,KYOw02763,2,1,4,102462,4,0.6097187249907283,False,"[62473, 36593, 2530, 866]"
B0,KYOw02763,2,1,6,102462,6,0.5700845191388026,False,"[58412, 502, 14340, 914, 2303, 25991]"
B0,KYOw02763,2,1,8,102462,8,0.3992894926899729,False,"[20127, 996, 6626, 40912, 330, 31635, 1208, 628]"
B0,KYOw02763,2,1,10,102462,10,0.42522105756280376,False,"[1088, 15857, 1408, 262, 671, 18921, 517, 4651, 15518, 43569]"
B0,KYOw02763,2,1,12,102462,12,0.28860455583533406,False,"[29571, 745, 147, 540, 24294, 8491, 360, 1373, 2319, 212, 15832, 18578]"
B0,KYOw02763,2,1,14,102462,14,0.3584353223634128,False,"[5656, 14345, 220, 742, 15661, 247, 378, 1844, 476, 9858, 443, 36726, 11125, 4741]"
B0,KYOw02764,2,1,2,105716,2,0.9824813651670513,False,"[103864, 1852]"
B0,KYOw02764,2,1,4,105716,4,0.9424968784289984,False,"[99637, 4334, 1652, 93]"
B0,KYOw02764,2,1,6,105716,6,0.8127246585190511,False,"[15515, 4, 2493, 562, 1224, 85918]"
B0,KYOw02764,2,1,8,105716,7,0.6911914941919861,False,"[73070, 997, 1894, 26292, 0, 3172, 145, 146]"
B0,KYOw02764,2,1,10,105716,9,0.6212115479208445,False,"[868, 2217, 79, 0, 481, 27482, 47, 1530, 65672, 7340]"
B0,KYOw02764,2,1,12,105716,10,0.6533353513186273,False,"[28028, 780, 0, 202, 953, 1205, 4, 397, 1247, 0, 3832, 69068]"
B0,KYOw02764,2,1,14,105716,13,0.5962957357448258,False,"[524, 63038, 3, 357, 28084, 0, 2, 1300, 22, 1978, 682, 3242, 6008, 476]"
B0,KYOw02770,2,1,2,33403,2,0.9172529413525731,False,"[30639, 2764]"
B0,KYOw02770,2,1,4,33403,4,0.4857647516690118,False,"[16226, 14488, 2153, 536]"
B0,KYOw02770,2,1,6,33403,6,0.39170134419064156,False,"[13084, 150, 8373, 857, 1957, 8982]"
B0,KYOw02770,2,1,8,33403,8,0.35853067089782353,False,"[7132, 968, 3096, 8419, 73, 11976, 1200, 539]"
B0,KYOw02770,2,1,10,33403,10,0.31033140735862047,False,"[1328, 10366, 746, 45, 578, 6018, 370, 1959, 5561, 6432]"
B0,KYOw02770,2,1,12,33403,12,0.3409873364667844,False,"[4669, 731, 22, 527, 621, 6694, 136, 1577, 411, 5, 11390, 6620]"
B0,KYOw02770,2,1,14,33403,14,0.29224919917372694,False,"[150, 5307, 23, 998, 3576, 39, 1, 461, 324, 9762, 708, 591, 8321, 3142]"
B0,KYOw02771,2,1,2,114096,2,0.9847584490253821,False,"[112357, 1739]"
B0,KYOw02771,2,1,4,114096,4,0.5615183704950217,False,"[64067, 48411, 1514, 104]"
B0,KYOw02771,2,1,6,114096,6,0.6632309633992427,False,"[75672, 11, 18190, 397, 1308, 18518]"
B0,KYOw02771,2,1,8,114096,8,0.4928130696956948,False,"[7826, 775, 6428, 56228, 3, 42329, 368, 139]"
B0,KYOw02771,2,1,10,114096,10,0.5252156079091291,False,"[851, 17941, 235, 1, 324, 25595, 67, 5445, 3712, 59925]"
B0,KYOw02771,2,1,12,114096,10,0.46094516898050764,False,"[45172, 597, 0, 170, 52592, 2288, 13, 530, 4519, 0, 2594, 5621]"
B0,KYOw02771,2,1,14,114096,13,0.5078442714906746,False,"[21806, 2626, 3, 451, 24227, 1, 0, 2321, 53, 1621, 443, 57943, 1746, 855]"
B0,KYOw02789,2,1,2,125946,2,0.9999285408032014,False,"[9, 125937]"
B0,KYOw02789,2,1,4,125946,3,0.570395248757404,False,"[0, 5, 71839, 54102]"
B0,KYOw02789,2,1,6,125946,4,0.8676813872612071,False,"[0, 6790, 2, 109281, 9873, 0]"
B0,KYOw02789,2,1,8,125946,5,0.5617248662125037,False,"[0, 51622, 0, 0, 1358, 1, 2218, 70747]"
B0,KYOw02789,2,1,10,125946,5,0.6764327568958125,False,"[5044, 0, 286, 641, 85194, 0, 34781, 0, 0, 0]"
B0,KYOw02789,2,1,12,125946,7,0.6300795579057692,False,"[0, 36658, 93, 79356, 0, 2, 7086, 847, 0, 1904, 0, 0]"
B0,KYOw02789,2,1,14,125946,7,0.5679815158877615,False,"[0, 0, 61, 9037, 0, 539, 71535, 0, 32093, 0, 12679, 0, 0, 2]"
B0,KYOw16714,2,1,2,46127,2,0.9631452294751447,False,"[44427, 1700]"
B0,KYOw16714,2,1,4,46127,4,0.5547943720597481,False,"[18926, 25591, 1471, 139]"
B0,KYOw16714,2,1,6,46127,6,0.569124374010883,False,"[26252, 13, 11086, 532, 1187, 7057]"
B0,KYOw16714,2,1,8,46127,8,0.5098098727426453,False,"[4180, 775, 3137, 13897, 3, 23516, 442, 177]"
B0,KYOw16714,2,1,10,46127,10,0.3453508790946734,False,"[772, 15930, 203, 3, 441, 8805, 92, 2295, 2080, 15506]"
B0,KYOw16714,2,1,12,46127,11,0.2973096017516856,False,"[9042, 615, 2, 215, 13714, 4832, 11, 663, 1257, 0, 12364, 3412]"
B0,KYOw16714,2,1,14,46127,13,0.23905738504563487,False,"[5181, 1721, 3, 545, 6063, 2, 0, 938, 71, 11027, 534, 10293, 8302, 1447]"
B0,KYOw16716,2,1,2,80056,2,0.968959228540022,False,"[77571, 2485]"
B0,KYOw16716,2,1,4,80056,4,0.5986809233536524,False,"[47928, 29718, 2183, 227]"
B0,KYOw16716,2,1,6,80056,6,0.62465024482862,False,"[50007, 22, 10673, 827, 1715, 16812]"
B0,KYOw16716,2,1,8,80056,8,0.4528330168881783,False,"[10750, 1147, 3305, 36252, 3, 27495, 787, 317]"
B0,KYOw16716,2,1,10,80056,9,0.45814180073948235,False,"[1065, 14307, 571, 0, 707, 16930, 151, 2421, 7227, 36677]"
B0,KYOw16716,2,1,12,80056,11,0.35506395523133805,False,"[28425, 918, 0, 387, 25275, 4319, 22, 855, 1608, 63, 8948, 9236]"
B0,KYOw16716,2,1,14,80056,13,0.42316628360147895,False,"[6903, 6185, 86, 821, 15435, 0, 28, 1230, 121, 7404, 791, 33877, 5759, 1416]"
B0,KYOw16750,2,1,2,58739,2,0.9781576124891469,False,"[57456, 1283]"
B0,KYOw16750,2,1,4,58739,4,0.6048451624985104,False,"[35528, 22014, 1159, 38]"
B0,KYOw16750,2,1,6,58739,6,0.5813173530363132,False,"[34146, 6, 9152, 268, 1022, 14145]"
B0,KYOw16750,2,1,8,58739,8,0.4571919848822758,False,"[7898, 592, 3038, 26855, 3, 19893, 387, 73]"
B0,KYOw16750,2,1,10,58739,10,0.36527690290948095,False,"[687, 11892, 392, 1, 246, 18562, 22, 2268, 3213, 21456]"
B0,KYOw16750,2,1,12,58739,11,0.35640715708473075,False,"[20935, 454, 1, 94, 13382, 3668, 5, 532, 1620, 0, 11848, 6200]"
B0,KYOw16750,2,1,14,58739,13,0.27223820630245665,False,"[5572, 2449, 1, 397, 14425, 1, 0, 1161, 17, 6629, 346, 15991, 10692, 1058]"
B0,KYOw02754,2,2,2,47242,2,0.9208754921468185,False,"[3738, 43504]"
B0,KYOw02754,2,2,4,47242,4,0.686550103721265,False,"[32434, 581, 3182, 11045]"
B0,KYOw02754,2,2,6,47242,6,0.46939164302950764,False,"[22175, 300, 203, 21005, 945, 2614]"
B0,KYOw02754,2,2,8,47242,8,0.5151771728546632,False,"[8945, 2, 182, 1439, 2534, 24338, 816, 8986]"
B0,KYOw02754,2,2,10,47242,9,0.4029888658397189,False,"[3300, 1813, 0, 1281, 102, 6016, 19038, 233, 14907, 552]"
B0,KYOw02754,2,2,12,47242,11,0.40811142627323144,False,"[921, 5205, 78, 3924, 42, 3408, 1443, 0, 606, 11962, 373, 19280]"
B0,KYOw02754,2,2,14,47242,12,0.37716438762118454,False,"[484, 787, 10456, 5855, 12, 431, 3094, 6144, 17818, 525, 0, 1443, 193, 0]"
B0,KYOw02762,2,2,2,67878,2,0.8343498629894811,False,"[11244, 56634]"
B0,KYOw02762,2,2,4,67878,4,0.4847667874716403,False,"[32905, 782, 11662, 22529]"
B0,KYOw02762,2,2,6,67878,6,0.42135890863018943,False,"[7439, 18198, 234, 28601, 2011, 11395]"
B0,KYOw02762,2,2,8,67878,8,0.3895960399540352,False,"[11206, 14815, 207, 7141, 26445, 183, 1598, 6283]"
B0,KYOw02762,2,2,10,67878,10,0.3837620436665783,False,"[26049, 8519, 11863, 3518, 155, 8456, 6, 7529, 980, 803]"
B0,KYOw02762,2,2,12,67878,12,0.3871504758537376,False,"[7535, 3000, 4861, 26279, 115, 8471, 4475, 11089, 1695, 6, 346, 6]"
B0,KYOw02762,2,2,14,67878,14,0.26280974689884795,False,"[7433, 2198, 4, 314, 49, 699, 8263, 14957, 6, 17839, 474, 4935, 187, 10520]"
B0,KYOw02763,2,2,2,102462,2,0.9647967051199469,False,"[3607, 98855]"
B0,KYOw02763,2,2,4,102462,4,0.5775995003025511,False,"[39573, 927, 2780, 59182]"
B0,KYOw02763,2,2,6,102462,6,0.5682692120005466,False,"[58226, 25311, 502, 15138, 914, 2371]"
B0,KYOw02763,2,2,8,102462,8,0.3348460892818801,False,"[4982, 18913, 452, 1365, 8602, 33016, 823, 34309]"
B0,KYOw02763,2,2,10,102462,10,0.4251137006890359,False,"[9707, 17307, 14694, 861, 360, 4108, 10374, 844, 43558, 649]"
B0,KYOw02763,2,2,12,102462,12,0.3413167808553415,False,"[15304, 2855, 754, 7475, 252, 11629, 838, 13664, 616, 34972, 498, 13605]"
B0,KYOw02763,2,2,14,102462,14,0.298871776853858,False,"[14346, 597, 30623, 2188, 147, 495, 11607, 7256, 17872, 2980, 199, 1051, 352, 12749]"
B0,KYOw02764,2,2,2,105716,2,0.9823205569639412,False,"[1869, 103847]"
B0,KYOw02764,2,2,4,105716,4,0.9393942260395778,False,"[4557, 136, 1714, 99309]"
B0,KYOw02764,2,2,6,105716,6,0.8004653978584131,False,"[16720, 84622, 4, 2547, 559, 1264]"
B0,KYOw02764,2,2,8,105716,8,0.669501305384237,False,"[1771, 70777, 3, 714, 1149, 3006, 469, 27827]"
B0,KYOw02764,2,2,10,105716,9,0.6103144273336109,False,"[1697, 26529, 64520, 846, 0, 1679, 645, 41, 9578, 181]"
B0,KYOw02764,2,2,12,105716,11,0.5986038064247606,False,"[24491, 1315, 27, 1102, 0, 3167, 786, 63282, 422, 10452, 36, 636]"
B0,KYOw02764,2,2,14,105716,13,0.5890215293806046,False,"[22245, 603, 13193, 1185, 0, 164, 3202, 1565, 509, 159, 1, 617, 4, 62269]"
B0,KYOw02770,2,2,2,33403,2,0.916205131275634,False,"[2799, 30604]"
B0,KYOw02770,2,2,4,33403,4,0.46645510882256086,False,"[14917, 591, 2314, 15581]"
B0,KYOw02770,2,2,6,33403,6,0.38691135526749093,False,"[12924, 8787, 149, 8668, 856, 2019]"
B0,KYOw02770,2,2,8,33403,8,0.25853965212705443,False,"[2147, 6664, 125, 1278, 8636, 5205, 792, 8556]"
B0,KYOw02770,2,2,10,33403,10,0.31461245995868636,False,"[10509, 5252, 5346, 945, 83, 2048, 337, 561, 7752, 570]"
B0,KYOw02770,2,2,12,33403,12,0.33086848486662873,False,"[5003, 969, 226, 6307, 41, 11052, 1177, 4978, 556, 2216, 349, 529]"
B0,KYOw02770,2,2,14,33403,13,0.29521300481992635,False,"[4614, 546, 2162, 433, 22, 495, 9861, 7149, 315, 1780, 0, 1192, 128, 4706]"
B0,KYOw02771,2,2,2,114096,2,0.984504277099986,False,"[1768, 112328]"
B0,KYOw02771,2,2,4,114096,4,0.531228088627121,False,"[51730, 130, 1625, 60611]"
B0,KYOw02771,2,2,6,114096,6,0.6626086804094797,False,"[75601, 17085, 11, 19661, 394, 1344]"
B0,KYOw02771,2,2,8,114096,8,0.47819380171083997,False,"[5875, 6485, 8, 812, 1794, 54560, 316, 44246]"
B0,KYOw02771,2,2,10,114096,10,0.42001472444257465,False,"[1436, 23849, 3146, 693, 3, 3463, 33266, 156, 47922, 162]"
B0,KYOw02771,2,2,12,114096,12,0.44622072640583366,False,"[16406, 3572, 99, 1539, 1, 1840, 752, 2569, 282, 50912, 61, 36063]"
B0,KYOw02771,2,2,14,114096,12,0.404554059739167,False,"[14008, 413, 46158, 4518, 0, 148, 1861, 1709, 42091, 451, 0, 697, 11, 2031]"
B0,KYOw02789,2,2,2,125946,2,0.9999364807139568,False,"[125938, 8]"
B0,KYOw02789,2,2,4,125946,3,0.5145697362361648,False,"[3, 64808, 61135, 0]"
B0,KYOw02789,2,2,6,125946,4,0.8693249487875756,False,"[0, 0, 6688, 2, 109488, 9768]"
B0,KYOw02789,2,2,8,125946,4,0.7812157591348673,False,"[0, 0, 4896, 22652, 7, 0, 98391, 0]"
B0,KYOw02789,2,2,10,125946,5,0.6017102567767139,False,"[2, 0, 0, 45518, 1945, 0, 0, 2698, 0, 75783]"
B0,KYOw02789,2,2,12,125946,6,0.6932336080542455,False,"[0, 0, 2866, 0, 590, 1, 4358, 0, 87310, 0, 30821, 0]"
B0,KYOw02789,2,2,14,125946,7,0.5557858129674622,False,"[0, 45430, 0, 0, 93, 69999, 0, 0, 0, 19, 3188, 771, 6446, 0]"
B0,KYOw16714,2,2,2,46127,2,0.9625598890021029,False,"[1727, 44400]"
B0,KYOw16714,2,2,4,46127,4,0.5784681423027728,False,"[26683, 171, 1579, 17694]"
B0,KYOw16714,2,2,6,46127,6,0.554924447720424,False,"[25597, 6738, 13, 12027, 532, 1220]"
B0,KYOw16714,2,2,8,46127,8,0.4635896546491209,False,"[2666, 3520, 8, 790, 4255, 21384, 436, 13068]"
B0,KYOw16714,2,2,10,46127,10,0.3717995967654519,False,"[6386, 7896, 1814, 746, 4, 2038, 9693, 204, 17150, 196]"
B0,KYOw16714,2,2,12,46127,12,0.24831443623040736,False,"[7497, 1422, 120, 3829, 3, 11454, 708, 1476, 390, 7777, 84, 11367]"
B0,KYOw16714,2,2,14,46127,14,0.24879138031955253,False,"[6970, 508, 6113, 1339, 2, 182, 10552, 6650, 11476, 514, 1, 634, 11, 1175]"
B0,KYOw16716,2,2,2,80056,2,0.9684970520635555,False,"[2522, 77534]"
B0,KYOw16716,2,2,4,80056,4,0.5663910262816029,False,"[32147, 291, 2275, 45343]"
B0,KYOw16716,2,2,6,80056,6,0.6224143099830118,False,"[49828, 16065, 21, 11571, 827, 1744]"
B0,KYOw16716,2,2,8,80056,8,0.3928749875087439,False,"[2872, 9715, 15, 1262, 3899, 31452, 687, 30154]"
B0,KYOw16716,2,2,10,80056,10,0.4593659438393125,False,"[4788, 15524, 6592, 1069, 6, 2101, 12258, 579, 36775, 364]"
B0,KYOw16716,2,2,12,80056,11,0.3959978015389228,False,"[12748, 1628, 394, 3544, 0, 7252, 969, 5873, 640, 31702, 129, 15177]"
B0,KYOw16716,2,2,14,80056,13,0.3591860697511742,False,"[11583, 736, 28755, 1626, 0, 330, 6639, 5118, 18367, 781, 45, 876, 22, 5178]"
B0,KYOw16750,2,2,2,58739,2,0.9777320008852721,False,"[1308, 57431]"
B0,KYOw16750,2,2,4,58739,4,0.5783550962733448,False,"[23448, 65, 1254, 33972]"
B0,KYOw16750,2,2,6,58739,6,0.581691891247723,False,"[34168, 13467, 6, 9780, 268, 1050]"
B0,KYOw16750,2,2,8,58739,8,0.4335790530993037,False,"[2664, 6483, 5, 644, 4292, 18964, 219, 25468]"
B0,KYOw16750,2,2,10,58739,10,0.3916818468138715,False,"[4971, 17117, 2631, 538, 3, 1965, 8276, 145, 23007, 86]"
B0,KYOw16750,2,2,12,58739,12,0.27732852108479883,False,"[15718, 1597, 99, 2942, 1, 9473, 596, 2018, 212, 16290, 22, 9771]"
B0,KYOw16750,2,2,14,58739,13,0.24871039684025945,False,"[14450, 343, 14609, 1662, 1, 80, 9870, 4098, 10958, 590, 0, 564, 5, 1509]"
B0,KYOw02754,2,3,2,47242,2,0.922272554083231,False,"[43570, 3672]"
B0,KYOw02754,2,3,4,47242,4,0.6905507810846281,False,"[32623, 581, 10833, 3205]"
B0,KYOw02754,2,3,6,47242,6,0.485521358113543,False,"[382, 2529, 20261, 203, 22937, 930]"
B0,KYOw02754,2,3,8,47242,8,0.493353371999492,False,"[10269, 23307, 150, 369, 628, 2, 10864, 1653]"
B0,KYOw02754,2,3,10,47242,10,0.46575081495279624,False,"[8865, 1600, 9406, 299, 4227, 590, 2, 22003, 22, 228]"
B0,KYOw02754,2,3,12,47242,11,0.45029846323186995,False,"[6416, 1, 7793, 200, 469, 1076, 0, 4496, 12, 21273, 4221, 1285]"
B0,KYOw02754,2,3,14,47242,11,0.4005545912535456,False,"[199, 0, 4663, 755, 495, 14, 0, 18923, 823, 11748, 4729, 1219, 3674, 0]"
B0,KYOw02762,2,3,2,67878,2,0.8387253602050738,False,"[56931, 10947]"
B0,KYOw02762,2,3,4,67878,4,0.4837944547570641,False,"[32839, 785, 22466, 11788]"
B0,KYOw02762,2,3,6,67878,6,0.4244379622263473,False,"[18430, 10967, 28810, 234, 7447, 1990]"
B0,KYOw02762,2,3,8,67878,8,0.22851292023925276,False,"[13427, 11571, 174, 14581, 1149, 15511, 6676, 4789]"
B0,KYOw02762,2,3,10,67878,10,0.33641238692949116,False,"[6027, 4194, 9424, 273, 22835, 1464, 14847, 9, 73, 8732]"
B0,KYOw02762,2,3,12,67878,12,0.38813754088217095,False,"[317, 15102, 1572, 200, 828, 2741, 758, 26346, 48, 6, 9964, 9996]"
B0,KYOw02762,2,3,14,67878,14,0.368352043371932,False,"[193, 10993, 25003, 9613, 850, 55, 341, 5, 7788, 6, 436, 2576, 7817, 2202]"
B0,KYOw02763,2,3,2,102462,2,0.9654115672151627,False,"[98918, 3544]"
B0,KYOw02763,2,3,4,102462,4,0.5711092892974956,False,"[40209, 928, 58517, 2808]"
B0,KYOw02763,2,3,6,102462,6,0.5704944272022798,False,"[25930, 2284, 14384, 502, 58454, 908]"
B0,KYOw02763,2,3,8,102462,8,0.3823173469188577,False,"[6078, 33450, 411, 1750, 726, 19692, 39173, 1182]"
B0,KYOw02763,2,3,10,102462,10,0.32976127735160354,False,"[33788, 979, 5188, 446, 10116, 635, 18956, 31176, 195, 983]"
B0,KYOw02763,2,3,12,102462,12,0.2870039624446136,False,"[2314, 18539, 29407, 359, 539, 743, 217, 8486, 147, 24864, 15423, 1424]"
B0,KYOw02763,2,3,14,102462,14,0.33819367180027715,False,"[366, 13531, 7780, 992, 459, 156, 355, 13799, 15155, 34652, 2358, 609, 11942, 308]"
B0,KYOw02764,2,3,2,105716,2,0.982500283779182,False,"[103866, 1850]"
B0,KYOw02764,2,3,4,105716,4,0.9389212607363124,False,"[4595, 137, 99259, 1725]"
B0,KYOw02764,2,3,6,105716,6,0.8117787279125204,False,"[85818, 1223, 2500, 4, 15614, 557]"
B0,KYOw02764,2,3,8,105716,8,0.6827727117938628,False,"[1840, 3331, 2, 118, 275, 72180, 26953, 1017]"
B0,KYOw02764,2,3,10,105716,9,0.6699269741571758,False,"[27914, 951, 1642, 6, 2082, 358, 70822, 1891, 0, 50]"
B0,KYOw02764,2,3,12,105716,10,0.6527961708729048,False,"[1228, 69011, 28062, 4, 202, 774, 0, 1196, 0, 971, 3828, 440]"
B0,KYOw02764,2,3,14,105716,13,0.5965227590903931,False,"[4, 63062, 1197, 215, 211, 0, 3, 523, 24325, 10681, 1234, 842, 3406, 13]"
B0,KYOw02770,2,3,2,33403,2,0.9174325659371912,False,"[30645, 2758]"
B0,KYOw02770,2,3,4,33403,4,0.4627728048378888,False,"[15022, 591, 15458, 2332]"
B0,KYOw02770,2,3,6,33403,6,0.392240217944496,False,"[8962, 1945, 8390, 149, 13102, 855]"
B0,KYOw02770,2,3,8,33403,8,0.36263209891327125,False,"[2844, 12113, 105, 1305, 660, 6984, 8207, 1185]"
B0,KYOw02770,2,3,10,33403,10,0.3563153010208664,False,"[8463, 1146, 1971, 242, 11902, 603, 6672, 1701, 28, 675]"
B0,KYOw02770,2,3,12,33403,12,0.33996946382061494,False,"[398, 6608, 4662, 136, 526, 725, 5, 6711, 22, 650, 11356, 1604]"
B0,KYOw02770,2,3,14,33403,14,0.34005927611292397,False,"[132, 4933, 6141, 1356, 561, 22, 4, 389, 5022, 2155, 456, 782, 11359, 91]"
B0,KYOw02771,2,3,2,114096,2,0.9847847426728369,False,"[112360, 1736]"
B0,KYOw02771,2,3,4,114096,4,0.5252506661057356,False,"[52400, 131, 59929, 1636]"
B0,KYOw02771,2,3,6,114096,6,0.6643352965923432,False,"[18378, 1306, 18211, 11, 75798, 392]"
B0,KYOw02771,2,3,8,114096,8,0.476134132660216,False,"[6682, 44390, 5, 335, 225, 7243, 54325, 891]"
B0,KYOw02771,2,3,10,114096,10,0.4911653344551956,False,"[42198, 855, 6165, 32, 1838, 247, 6533, 56040, 1, 187]"
B0,KYOw02771,2,3,12,114096,10,0.4638199411022297,False,"[4667, 5592, 44826, 13, 170, 590, 0, 2258, 0, 52920, 2502, 558]"
B0,KYOw02771,2,3,14,114096,12,0.44185598092834105,False,"[12, 2478, 1742, 362, 185, 0, 0, 37101, 15847, 50414, 3502, 642, 1757, 54]"
B0,KYOw02789,2,3,2,125946,2,0.9999285408032014,False,"[9, 125937]"
B0,KYOw02789,2,3,4,125946,3,0.5165467740142601,False,"[3, 65057, 0, 60886]"
B0,KYOw02789,2,3,6,125946,4,0.8651326759087228,False,"[0, 10299, 2, 6685, 0, 108960]"
B0,KYOw02789,2,3,8,125946,4,0.724620075270354,False,"[0, 0, 3223, 350, 91263, 0, 0, 31110]"
B0,KYOw02789,2,3,10,125946,6,0.7544820796214251,False,"[0, 11339, 0, 17580, 1, 95024, 0, 0, 212, 1790]"
B0,KYOw02789,2,3,12,125946,7,0.626411319136773,False,"[0, 0, 0, 7065, 78894, 37197, 1980, 2, 93, 0, 0, 715]"
B0,KYOw02789,2,3,14,125946,7,0.49367189112794374,False,"[7939, 0, 0, 1354, 62176, 108, 49416, 0, 0, 0, 0, 4936, 0, 17]"
B0,KYOw16714,2,3,2,46127,2,0.9631885880287033,False,"[44429, 1698]"
B0,KYOw16714,2,3,4,46127,4,0.5829774318728728,False,"[26891, 171, 17475, 1590]"
B0,KYOw16714,2,3,6,46127,6,0.5694495631625729,False,"[7033, 1179, 11107, 13, 26267, 528]"
B0,KYOw16714,2,3,8,46127,8,0.5220586641229649,False,"[3201, 24081, 5, 357, 289, 3950, 13384, 860]"
B0,KYOw16714,2,3,10,46127,10,0.3680057233290697,False,"[13074, 798, 2683, 38, 8431, 348, 3548, 16975, 2, 230]"
B0,KYOw16714,2,3,12,46127,11,0.3026210245626206,False,"[1268, 3385, 9041, 11, 215, 608, 0, 4833, 2, 13959, 12106, 699]"
B0,KYOw16714,2,3,14,46127,13,0.2608667374856375,False,"[11, 1428, 4138, 530, 225, 2, 0, 10902, 7445, 7607, 1132, 654, 12033, 20]"
B0,KYOw16716,2,3,2,80056,2,0.9690091935645049,False,"[77575, 2481]"
B0,KYOw16716,2,3,4,80056,4,0.5603327670630559,False,"[32620, 293, 44858, 2285]"
B0,KYOw16716,2,3,6,80056,6,0.6255371240131907,False,"[16731, 1715, 10694, 21, 50078, 817]"
B0,KYOw16716,2,3,8,80056,8,0.43589487358848805,False,"[3281, 29023, 9, 746, 493, 10356, 34896, 1252]"
B0,KYOw16716,2,3,10,80056,9,0.37087788548016387,False,"[29402, 1064, 2852, 71, 6066, 593, 9749, 29691, 0, 568]"
B0,KYOw16716,2,3,12,80056,11,0.3527530728490057,False,"[1626, 9209, 28240, 22, 386, 911, 67, 4322, 0, 25739, 8647, 887]"
B0,KYOw16716,2,3,14,80056,13,0.3919131607874488,False,"[22, 5761, 3770, 713, 411, 0, 35, 15356, 12523, 31375, 1443, 923, 7598, 126]"
B0,KYOw16750,2,3,2,58739,2,0.9782427348099219,False,"[57461, 1278]"
B0,KYOw16750,2,3,4,58739,4,0.572515705068183,False,"[23779, 65, 33629, 1266]"
B0,KYOw16750,2,3,6,58739,6,0.5820834539232878,False,"[14093, 1014, 9167, 6, 34191, 268]"
B0,KYOw16750,2,3,8,58739,8,0.44924156012189514,False,"[2991, 20635, 4, 501, 142, 7382, 26388, 696]"
B0,KYOw16750,2,3,10,58739,10,0.4308040654420402,False,"[25305, 669, 2720, 10, 6292, 176, 6524, 16789, 1, 253]"
B0,KYOw16750,2,3,12,58739,11,0.3556070072694462,False,"[1644, 6161, 20888, 5, 94, 447, 0, 3660, 1, 13653, 11624, 562]"
B0,KYOw16750,2,3,14,58739,13,0.27783925500944856,False,"[5, 1916, 3089, 361, 103, 1, 0, 9703, 15608, 16320, 1434, 510, 9611, 78]"
B0,KYOw02715,3,1,2,65124,2,0.9652662612861618,False,"[2262, 62862]"
B0,KYOw02715,3,1,4,65124,4,0.7972176156255758,False,"[9647, 51918, 2925, 634]"
B0,KYOw02715,3,1,6,65124,6,0.7580154781647319,False,"[24, 167, 2069, 49365, 13097, 402]"
B0,KYOw02715,3,1,8,65124,7,0.7829218106995884,False,"[50987, 1306, 3498, 0, 8021, 18, 1132, 162]"
B0,KYOw02715,3,1,10,65124,9,0.5765155702966648,False,"[0, 2513, 16178, 170, 37545, 19, 1357, 35, 7290, 17]"
B0,KYOw02715,3,1,12,65124,11,0.5568914685830109,False,"[4086, 84, 36267, 9, 0, 858, 1290, 2152, 37, 6, 20286, 49]"
B0,KYOw02715,3,1,14,65124,12,0.5812450095202998,False,"[1183, 0, 44, 1441, 5814, 2, 3095, 3, 0, 37853, 445, 3, 14879, 362]"
B0,KYOw02716,3,1,2,62799,2,0.9578814949282632,False,"[2645, 60154]"
B0,KYOw02716,3,1,4,62799,4,0.9093934616793261,False,"[697, 57109, 4275, 718]"
B0,KYOw02716,3,1,6,62799,6,0.5085112820267839,False,"[124, 260, 2606, 27489, 31934, 386]"
B0,KYOw02716,3,1,8,62799,8,0.6164588608098855,False,"[38713, 1542, 370, 18, 20327, 2, 1597, 230]"
B0,KYOw02716,3,1,10,62799,10,0.49394098632143824,False,"[10, 3464, 2406, 235, 31019, 56, 1593, 6, 23899, 111]"
B0,KYOw02716,3,1,12,62799,11,0.7588655870316406,False,"[3875, 146, 496, 1, 12, 967, 1556, 47656, 304, 0, 7659, 127]"
B0,KYOw02716,3,1,14,62799,12,0.6685616012993838,False,"[1387, 8, 82, 41985, 739, 96, 3709, 0, 0, 13534, 673, 27, 180, 379]"
B0,KYOw02717,3,1,2,82044,2,0.961386573058359,False,"[3168, 78876]"
B0,KYOw02717,3,1,4,82044,4,0.6825971429964409,False,"[20080, 56003, 5416, 545]"
B0,KYOw02717,3,1,6,82044,6,0.7488298961532837,False,"[149, 146, 3592, 61437, 16334, 386]"
B0,KYOw02717,3,1,8,82044,8,0.6786602310955098,False,"[55680, 1412, 10619, 19, 11329, 6, 2840, 139]"
B0,KYOw02717,3,1,10,82044,10,0.4136560869777193,False,"[11, 3612, 30612, 149, 33938, 1199, 1528, 18, 10840, 137]"
B0,KYOw02717,3,1,12,82044,12,0.48887182487445763,False,"[4566, 68, 23586, 2, 13, 739, 2111, 9005, 1507, 16, 40109, 322]"
B0,KYOw02717,3,1,14,82044,14,0.5210862464043684,False,"[1315, 9, 34, 8407, 16071, 65, 4011, 11, 2, 42752, 1508, 659, 6894, 306]"
B0,KYOw02756,3,1,2,101107,2,0.9408349570257252,False,"[5982, 95125]"
B0,KYOw02756,3,1,4,101107,4,0.7823988447881947,False,"[11817, 79106, 8372, 1812]"
B0,KYOw02756,3,1,6,101107,6,0.4720246867180314,False,"[1217, 556, 5626, 47725, 44778, 1205]"
B0,KYOw02756,3,1,8,101107,8,0.5664197335496058,False,"[57269, 3103, 8524, 12, 27632, 28, 3968, 571]"
B0,KYOw02756,3,1,10,101107,9,0.45926592619699924,False,"[0, 6435, 14457, 594, 46435, 514, 3376, 66, 28015, 1215]"
B0,KYOw02756,3,1,12,101107,11,0.5218926483824068,False,"[10636, 344, 52767, 4, 0, 1996, 3538, 10381, 795, 42, 18808, 1796]"
B0,KYOw02756,3,1,14,101107,13,0.3735151868812248,False,"[2640, 0, 224, 6673, 10136, 761, 7689, 22, 1, 32027, 1891, 280, 37765, 998]"
B0,KYOw02758,3,1,2,72279,2,0.9186208995697229,False,"[5882, 66397]"
B0,KYOw02758,3,1,4,72279,4,0.6924832939027934,False,"[11491, 50052, 9055, 1681]"
B0,KYOw02758,3,1,6,72279,6,0.5597614798212482,False,"[5279, 416, 5732, 19030, 40459, 1363]"
B0,KYOw02758,3,1,8,72279,8,0.4268321365818564,False,"[22390, 1945, 10261, 392, 30851, 708, 5320, 412]"
B0,KYOw02758,3,1,10,72279,10,0.45736659333969754,False,"[50, 4512, 7802, 408, 14891, 2952, 2222, 731, 33058, 5653]"
B0,KYOw02758,3,1,12,72279,12,0.5838210268542731,False,"[5702, 282, 306, 482, 68, 737, 2984, 42198, 3301, 863, 8884, 6472]"
B0,KYOw02758,3,1,14,72279,14,0.5657383195672325,False,"[1369, 33, 193, 40891, 7519, 4504, 5643, 734, 398, 6058, 3446, 1053, 62, 376]"
B0,KYOw02760,3,1,2,50128,2,0.9825845834663262,False,"[873, 49255]"
B0,KYOw02760,3,1,4,50128,4,0.5627792850303224,False,"[28211, 20299, 1488, 130]"
B0,KYOw02760,3,1,6,50128,6,0.5404564315352697,False,"[15349, 17, 1030, 27092, 6552, 88]"
B0,KYOw02760,3,1,8,50128,8,0.42864267475263323,False,"[20286, 480, 21487, 3271, 3900, 1, 689, 14]"
B0,KYOw02760,3,1,10,50128,10,0.3219358442387488,False,"[400, 1136, 16138, 17, 13204, 88, 495, 3, 4021, 14626]"
B0,KYOw02760,3,1,12,50128,12,0.3721473029045643,False,"[1384, 4, 8284, 1, 595, 250, 603, 4543, 150, 3, 18655, 15656]"
B0,KYOw02760,3,1,14,50128,13,0.28509016916693264,False,"[478, 176, 4, 4002, 13401, 13354, 1200, 1, 0, 14291, 271, 54, 2830, 66]"
B0,KYOw02780,3,1,2,56464,2,0.9837949844148484,False,"[915, 55549]"
B0,KYOw02780,3,1,4,56464,4,0.6505561065457637,False,"[17424, 36733, 2224, 83]"
B0,KYOw02780,3,1,6,56464,6,0.5855058090110513,False,"[3264, 20, 1165, 33060, 18906, 49]"
B0,KYOw02780,3,1,8,56464,6,0.4887007650892604,False,"[27594, 453, 14106, 0, 13531, 0, 762, 18]"
B0,KYOw02780,3,1,10,56464,8,0.3541725701331822,False,"[0, 2961, 17657, 19, 19998, 2, 447, 0, 12432, 2948]"
B0,KYOw02780,3,1,12,56464,9,0.3574135732502125,False,"[7044, 11, 19194, 0, 0, 183, 691, 4665, 74, 0, 20181, 4421]"
B0,KYOw02780,3,1,14,56464,11,0.3134209407764239,False,"[494, 0, 8, 3630, 14618, 1642, 4383, 0, 0, 17697, 179, 11, 13757, 45]"
B0,KYOw02784,3,1,2,117549,2,0.9928710580268654,False,"[838, 116711]"
B0,KYOw02784,3,1,4,117549,4,0.7977269053756306,False,"[21149, 93772, 2501, 127]"
B0,KYOw02784,3,1,6,117549,6,0.49098673744566096,False,"[8184, 38, 1100, 57715, 50439, 73]"
B0,KYOw02784,3,1,8,117549,7,0.569575240963343,False,"[66953, 415, 17472, 109, 31944, 0, 626, 30]"
B0,KYOw02784,3,1,10,117549,9,0.4671158410535181,False,"[7, 3421, 17076, 33, 54909, 2, 388, 0, 33586, 8127]"
B0,KYOw02784,3,1,12,117549,10,0.4524581238462258,False,"[9765, 14, 53186, 0, 9, 216, 535, 24139, 16, 0, 20184, 9485]"
B0,KYOw02784,3,1,14,117549,12,0.30011314430577885,False,"[399, 6, 8, 21381, 13198, 6660, 5933, 0, 0, 34527, 60, 17, 35278, 82]"
B0,KYOw02790,3,1,2,26249,2,0.6335098479942093,False,"[9620, 16629]"
B0,KYOw02790,3,1,4,26249,4,0.5505352584860376,False,"[8, 8675, 14451, 3115]"
B0,KYOw02790,3,1,6,26249,5,0.47662768105451636,False,"[0, 1743, 9858, 708, 12511, 1429]"
B0,KYOw02790,3,1,8,26249,7,0.40458684140348206,False,"[1632, 2329, 6, 0, 9445, 420, 10620, 1797]"
B0,KYOw02790,3,1,10,26249,8,0.32454569697893254,False,"[0, 6412, 53, 1785, 893, 5161, 2871, 555, 8519, 0]"
B0,KYOw02790,3,1,12,26249,9,0.328926816259667,False,"[1706, 1529, 0, 232, 0, 1302, 5632, 6868, 8634, 296, 50, 0]"
B0,KYOw02790,3,1,14,26249,11,0.28271553202026745,False,"[1761, 0, 1212, 7421, 23, 0, 4331, 257, 130, 38, 7104, 2824, 0, 1148]"
B0,KYOw16702,3,1,2,33939,2,0.8707976074722296,False,"[4385, 29554]"
B0,KYOw16702,3,1,4,33939,4,0.5985149827631928,False,"[6588, 20313, 5475, 1563]"
B0,KYOw16702,3,1,6,33939,6,0.5216417690562479,False,"[959, 222, 3493, 10057, 17704, 1504]"
B0,KYOw16702,3,1,8,33939,8,0.4392881345944194,False,"[7320, 1752, 6011, 10, 14909, 654, 3058, 225]"
B0,KYOw16702,3,1,10,33939,9,0.4333362797961048,False,"[0, 2834, 6624, 225, 4119, 1689, 1809, 691, 14707, 1241]"
B0,KYOw16702,3,1,12,33939,11,0.48033236100061877,False,"[3916, 151, 18, 363, 0, 603, 1506, 16302, 1436, 1415, 6315, 1914]"
B0,KYOw16702,3,1,14,33939,13,0.4864020743097911,False,"[867, 0, 102, 16508, 6493, 573, 3644, 1099, 287, 1623, 1613, 714, 55, 361]"
B0,KYOw02715,3,2,2,65124,2,0.9655119464406363,False,"[62878, 2246]"
B0,KYOw02715,3,2,4,65124,4,0.8775566611387506,False,"[3464, 3776, 734, 57150]"
B0,KYOw02715,3,2,6,65124,6,0.7598427615011363,False,"[25, 2065, 49484, 402, 12981, 167]"
B0,KYOw02715,3,2,8,65124,7,0.7830753639211351,False,"[0, 162, 8025, 3484, 1306, 18, 50997, 1132]"
B0,KYOw02715,3,2,10,65124,9,0.590366070880167,False,"[38447, 130, 48, 45, 1, 1487, 288, 0, 3766, 20912]"
B0,KYOw02715,3,2,12,65124,10,0.5832412014004054,False,"[8130, 2925, 80, 988, 37983, 0, 848, 0, 8, 4, 13437, 721]"
B0,KYOw02715,3,2,14,65124,11,0.5022111663902709,False,"[289, 8, 15167, 11509, 0, 0, 50, 0, 2734, 1257, 981, 420, 3, 32706]"
B0,KYOw02716,3,2,2,62799,2,0.9583751333619962,False,"[60185, 2614]"
B0,KYOw02716,3,2,4,62799,4,0.8927689931368334,False,"[5565, 312, 857, 56065]"
B0,KYOw02716,3,2,6,62799,6,0.5055335276039428,False,"[125, 2602, 27679, 385, 31747, 261]"
B0,KYOw02716,3,2,8,62799,8,0.6160926129396965,False,"[18, 230, 20351, 369, 1542, 2, 38690, 1597]"
B0,KYOw02716,3,2,10,62799,9,0.6449624994028568,False,"[12822, 156, 144, 103, 0, 1748, 263, 12, 7048, 40503]"
B0,KYOw02716,3,2,12,62799,11,0.605837672574404,False,"[959, 3704, 133, 1155, 17649, 8, 38046, 0, 23, 99, 232, 791]"
B0,KYOw02716,3,2,14,62799,11,0.48029427220178667,False,"[700, 101, 325, 868, 9, 0, 94, 0, 2247, 1408, 30162, 479, 0, 26406]"
B0,KYOw02717,3,2,2,82044,2,0.9619594363999805,False,"[78923, 3121]"
B0,KYOw02717,3,2,4,82044,4,0.7891375359563161,False,"[6432, 10225, 643, 64744]"
B0,KYOw02717,3,2,6,82044,6,0.7500121885817367,False,"[150, 3582, 61534, 386, 16246, 146]"
B0,KYOw02717,3,2,8,82044,8,0.6788186826580859,False,"[19, 139, 11340, 10595, 1412, 6, 55693, 2840]"
B0,KYOw02717,3,2,10,82044,10,0.6351835600409537,False,"[52113, 1013, 1377, 35, 3, 1789, 239, 15, 5409, 20051]"
B0,KYOw02717,3,2,12,82044,12,0.4980742040856126,False,"[19589, 3923, 64, 1617, 40864, 9, 7224, 3, 913, 80, 7187, 571]"
B0,KYOw02717,3,2,14,82044,14,0.45898542245624296,False,"[1597, 95, 8006, 22907, 9, 3, 38, 144, 3276, 1463, 6483, 360, 6, 37657]"
B0,KYOw02756,3,2,2,101107,2,0.9415371833799836,False,"[95196, 5911]"
B0,KYOw02756,3,2,4,101107,4,0.8024469126766692,False,"[9798, 8112, 2064, 81133]"
B0,KYOw02756,3,2,6,101107,6,0.47484348264709664,False,"[1230, 5605, 48010, 1203, 44503, 556]"
B0,KYOw02756,3,2,8,101107,8,0.5662120327969379,False,"[12, 571, 27660, 8515, 3102, 28, 57248, 3971]"
B0,KYOw02756,3,2,10,101107,9,0.5550357542009949,False,"[26835, 2792, 795, 209, 6, 3604, 835, 0, 9913, 56118]"
B0,KYOw02756,3,2,12,101107,11,0.35907503931478535,False,"[11265, 7343, 338, 2792, 35135, 0, 5070, 1, 353, 844, 36305, 1661]"
B0,KYOw02756,3,2,14,101107,13,0.3793505889799915,False,"[1567, 939, 38355, 11932, 0, 1, 238, 33, 6280, 2936, 5165, 1142, 18, 32501]"
B0,KYOw02758,3,2,2,72279,2,0.9195893689730074,False,"[66467, 5812]"
B0,KYOw02758,3,2,4,72279,4,0.6717857192268847,False,"[11751, 10058, 1914, 48556]"
B0,KYOw02758,3,2,6,72279,6,0.5583779521022704,False,"[5311, 5723, 19108, 1362, 40359, 416]"
B0,KYOw02758,3,2,8,72279,8,0.4270535010168929,False,"[390, 412, 30867, 10261, 1945, 708, 22374, 5322]"
B0,KYOw02758,3,2,10,72279,10,0.5032582077781929,False,"[10014, 7583, 3197, 156, 564, 2405, 628, 114, 11243, 36375]"
B0,KYOw02758,3,2,12,72279,12,0.5566623777307378,False,"[7489, 5213, 338, 2890, 7851, 38, 40235, 589, 1926, 4791, 265, 654]"
B0,KYOw02758,3,2,14,72279,14,0.5083219192296518,False,"[3849, 5129, 1137, 6842, 42, 388, 206, 283, 2157, 1585, 36741, 410, 809, 12701]"
B0,KYOw02760,3,2,2,50128,2,0.9828439195659112,False,"[49268, 860]"
B0,KYOw02760,3,2,4,50128,4,0.4947135333546122,False,"[1716, 24799, 170, 23443]"
B0,KYOw02760,3,2,6,50128,6,0.5402369932971592,False,"[15400, 1029, 27081, 88, 6513, 17]"
B0,KYOw02760,3,2,8,50128,8,0.4287623683370571,False,"[3261, 14, 3901, 21493, 479, 1, 20288, 691]"
B0,KYOw02760,3,2,10,50128,10,0.392235876157038,False,"[19662, 17249, 109, 4, 1, 602, 43, 962, 1711, 9785]"
B0,KYOw02760,3,2,12,50128,11,0.2919725502713055,False,"[13896, 1208, 4, 424, 14636, 215, 2622, 0, 62, 13673, 3180, 208]"
B0,KYOw02760,3,2,14,50128,11,0.2845714969677625,False,"[251, 13934, 3554, 14153, 280, 0, 4, 0, 963, 503, 2129, 92, 0, 14265]"
B0,KYOw02780,3,2,2,56464,2,0.984131482006234,False,"[55568, 896]"
B0,KYOw02780,3,2,4,56464,4,0.693415273448569,False,"[3178, 14029, 104, 39153]"
B0,KYOw02780,3,2,6,56464,6,0.5865330121847548,False,"[3310, 1162, 33118, 49, 18805, 20]"
B0,KYOw02780,3,2,8,56464,6,0.48871847548880704,False,"[0, 18, 13537, 14098, 453, 0, 27595, 763]"
B0,KYOw02780,3,2,10,56464,8,0.4030886936809294,False,"[22760, 6644, 20, 6, 0, 608, 27, 0, 5643, 20756]"
B0,KYOw02780,3,2,12,56464,10,0.32500354207990934,False,"[15295, 3675, 10, 447, 18351, 0, 1984, 0, 4, 1916, 14650, 132]"
B0,KYOw02780,3,2,14,56464,10,0.3070983281382828,False,"[93, 2181, 14892, 15712, 0, 0, 9, 0, 4024, 532, 1623, 58, 0, 17340]"
B0,KYOw02784,3,2,2,117549,2,0.9930497069307268,False,"[116732, 817]"
B0,KYOw02784,3,2,4,117549,4,0.8180418378718662,False,"[3948, 17285, 156, 96160]"
B0,KYOw02784,3,2,6,117549,6,0.49319007392661784,False,"[8235, 1093, 57974, 73, 50136, 38]"
B0,KYOw02784,3,2,8,117549,7,0.5693965920594816,False,"[106, 30, 31971, 17468, 415, 0, 66932, 627]"
B0,KYOw02784,3,2,10,117549,9,0.5519315349343678,False,"[32798, 11292, 10, 9, 0, 468, 56, 11, 8026, 64879]"
B0,KYOw02784,3,2,12,117549,11,0.32887561782745917,False,"[14093, 4633, 13, 306, 38659, 6, 18284, 0, 3, 6992, 34388, 172]"
B0,KYOw02784,3,2,14,117549,12,0.3378676126551481,False,"[25, 7321, 39716, 14884, 7, 0, 9, 1, 4898, 403, 13617, 102, 0, 36566]"
B0,KYOw02790,3,2,2,26249,2,0.6388814811992838,False,"[16770, 9479]"
B0,KYOw02790,3,2,4,26249,4,0.6224618080688789,False,"[16339, 3, 3299, 6608]"
B0,KYOw02790,3,2,6,26249,5,0.47712293801668637,False,"[0, 9841, 712, 1429, 12524, 1743]"
B0,KYOw02790,3,2,8,26249,7,0.40462493809287975,False,"[0, 1797, 9446, 6, 2329, 420, 1630, 10621]"
B0,KYOw02790,3,2,10,26249,8,0.31418339746276047,False,"[237, 0, 6283, 1066, 198, 3545, 1308, 0, 8247, 5365]"
B0,KYOw02790,3,2,12,26249,9,0.35925178102022937,False,"[32, 5706, 1551, 4166, 39, 0, 9430, 151, 3922, 0, 0, 1252]"
B0,KYOw02790,3,2,14,26249,11,0.42119699798087545,False,"[8332, 0, 0, 17, 0, 127, 1258, 1, 1375, 2404, 11056, 1185, 284, 210]"
B0,KYOw16702,3,2,2,33939,2,0.8719761925808067,False,"[29594, 4345]"
B0,KYOw16702,3,2,4,33939,4,0.5833996287456908,False,"[6840, 5488, 1811, 19800]"
B0,KYOw16702,3,2,6,33939,6,0.520816759480244,False,"[971, 3490, 10076, 1504, 17676, 222]"
B0,KYOw16702,3,2,8,33939,8,0.4392881345944194,False,"[10, 225, 14909, 6010, 1752, 654, 7319, 3060]"
B0,KYOw16702,3,2,10,33939,9,0.39040631721618196,False,"[6212, 3155, 1691, 68, 622, 1882, 486, 0, 6573, 13250]"
B0,KYOw16702,3,2,12,33939,11,0.5007218833790035,False,"[6538, 3201, 175, 2151, 1930, 0, 16994, 520, 1089, 692, 61, 588]"
B0,KYOw16702,3,2,14,33939,13,0.49135213176581516,False,"[1605, 915, 62, 5950, 0, 259, 109, 108, 2038, 974, 16676, 397, 1210, 3636]"
B0,KYOw02715,3,3,2,65124,2,0.9652355506418525,False,"[62860, 2264]"
B0,KYOw02715,3,3,4,65124,4,0.8787850869111234,False,"[3472, 739, 57230, 3683]"
B0,KYOw02715,3,3,6,65124,6,0.6681100669492046,False,"[18619, 537, 43510, 2270, 6, 182]"
B0,KYOw02715,3,3,8,65124,7,0.7687488483508385,False,"[50064, 1354, 10704, 0, 172, 1478, 56, 1296]"
B0,KYOw02715,3,3,10,65124,8,0.5622811866592962,False,"[110, 0, 857, 37, 3583, 36618, 0, 105, 22853, 961]"
B0,KYOw02715,3,3,12,65124,10,0.4789632086481174,False,"[31192, 180, 21, 1021, 26966, 1180, 0, 4489, 18, 2, 0, 55]"
B0,KYOw02715,3,3,14,65124,11,0.5142036729930594,False,"[1037, 1259, 5, 0, 52, 15524, 434, 288, 2769, 0, 10266, 0, 33487, 3]"
B0,KYOw02716,3,3,2,62799,2,0.9578655711078202,False,"[60153, 2646]"
B0,KYOw02716,3,3,4,62799,4,0.8921638879599993,False,"[5601, 860, 56027, 311]"
B0,KYOw02716,3,3,6,62799,6,0.627955859169732,False,"[39435, 554, 19373, 3070, 103, 264]"
B0,KYOw02716,3,3,8,62799,8,0.5263937323842737,False,"[33057, 1618, 25199, 14, 249, 2414, 7, 241]"
B0,KYOw02716,3,3,10,62799,9,0.6435930508447587,False,"[150, 12, 1008, 1660, 5349, 12978, 0, 161, 40417, 1064]"
B0,KYOw02716,3,3,12,62799,10,0.676141339830252,False,"[8124, 201, 44, 1194, 42461, 1492, 12, 7820, 1313, 0, 0, 138]"
B0,KYOw02716,3,3,14,62799,11,0.5027150113855317,False,"[31570, 1414, 97, 9, 95, 270, 486, 714, 2314, 0, 799, 0, 25031, 0]"
B0,KYOw02717,3,3,2,82044,2,0.9613378187314124,False,"[78872, 3172]"
B0,KYOw02717,3,3,4,82044,4,0.7910877090341768,False,"[6445, 645, 64904, 10050]"
B0,KYOw02717,3,3,6,82044,6,0.6977841158402808,False,"[19818, 483, 57249, 4271, 64, 159]"
B0,KYOw02717,3,3,8,82044,8,0.7048413046657891,False,"[57828, 1550, 13057, 17, 152, 3638, 27, 5775]"
B0,KYOw02717,3,3,10,82044,10,0.623933499098045,False,"[877, 15, 1764, 2834, 4313, 51190, 3, 78, 20123, 847]"
B0,KYOw02717,3,3,12,82044,11,0.565172346545756,False,"[46369, 151, 13, 983, 23679, 2291, 13, 5279, 2799, 23, 0, 444]"
B0,KYOw02717,3,3,14,82044,14,0.47308761152552287,False,"[6629, 1479, 92, 9, 38, 8121, 364, 1625, 3335, 3, 21387, 142, 38814, 6]"
B0,KYOw02756,3,3,2,101107,2,0.9407855044655662,False,"[95120, 5987]"
B0,KYOw02756,3,3,4,101107,4,0.8028128616218462,False,"[9825, 2066, 81170, 8046]"
B0,KYOw02756,3,3,6,101107,6,0.5498630164083594,False,"[55595, 1482, 36229, 6485, 721, 595]"
B0,KYOw02756,3,3,8,101107,8,0.48639560070024823,False,"[49178, 3335, 36596, 6, 606, 5039, 104, 6243]"
B0,KYOw02756,3,3,10,101107,9,0.5687341133650489,False,"[2679, 0, 2709, 965, 8932, 25744, 2, 385, 57503, 2188]"
B0,KYOw02756,3,3,12,101107,11,0.5756673622993462,False,"[21337, 557, 135, 2318, 58204, 3587, 0, 12136, 760, 40, 2, 2031]"
B0,KYOw02756,3,3,14,101107,13,0.3858585458969211,False,"[5300, 2950, 883, 0, 241, 39013, 1152, 1585, 6418, 1, 11586, 33, 31926, 19]"
B0,KYOw02758,3,3,2,72279,2,0.9185378879065842,False,"[66391, 5888]"
B0,KYOw02758,3,3,4,72279,4,0.6712461434164834,False,"[11810, 1921, 48517, 10031]"
B0,KYOw02758,3,3,6,72279,6,0.5984587501210586,False,"[43256, 1619, 16172, 6649, 4118, 465]"
B0,KYOw02758,3,3,8,72279,8,0.47396892596743173,False,"[18251, 2436, 34258, 225, 408, 6535, 741, 9425]"
B0,KYOw02758,3,3,10,72279,10,0.4879840617606774,False,"[7471, 103, 3488, 7422, 6424, 10212, 629, 362, 35271, 897]"
B0,KYOw02758,3,3,12,72279,12,0.4497848614396989,False,"[8915, 392, 82, 1074, 32510, 3739, 76, 11661, 5692, 816, 429, 6893]"
B0,KYOw02758,3,3,14,72279,14,0.5205246337110364,False,"[37623, 1606, 4978, 40, 208, 873, 416, 3907, 2269, 391, 6932, 283, 11937, 816]"
B0,KYOw02760,3,3,2,50128,2,0.9825446856048515,False,"[49253, 875]"
B0,KYOw02760,3,3,4,50128,4,0.49333705713373766,False,"[1719, 170, 23509, 24730]"
B0,KYOw02760,3,3,6,50128,6,0.5248164698372167,False,"[8869, 137, 26308, 1180, 13615, 19]"
B0,KYOw02760,3,3,8,50128,8,0.4205633578040217,False,"[21082, 521, 5105, 2092, 19, 910, 4, 20395]"
B0,KYOw02760,3,3,10,50128,9,0.3888844557931695,False,"[17075, 897, 419, 390, 1452, 19494, 0, 5, 10109, 287]"
B0,KYOw02760,3,3,12,50128,11,0.37348388126396426,False,"[18722, 19, 1, 347, 11495, 612, 685, 1785, 336, 3, 0, 16123]"
B0,KYOw02760,3,3,14,50128,11,0.287922917331631,False,"[2221, 502, 13797, 245, 4, 3649, 96, 261, 985, 0, 13935, 0, 14433, 0]"
B0,KYOw02780,3,3,2,56464,2,0.9837949844148484,False,"[55549, 915]"
B0,KYOw02780,3,3,4,56464,4,0.6947966846132049,False,"[3189, 106, 39231, 13938]"
B0,KYOw02780,3,3,6,56464,6,0.5428945877018986,False,"[22540, 67, 30654, 1512, 1668, 23]"
B0,KYOw02780,3,3,8,56464,6,0.4714508359308586,False,"[26620, 502, 16555, 0, 20, 1133, 0, 11634]"
B0,KYOw02780,3,3,10,56464,8,0.3954200906772457,False,"[6385, 0, 409, 177, 5495, 22327, 0, 14, 21423, 234]"
B0,KYOw02780,3,3,12,56464,9,0.37958699348257297,False,"[21090, 16, 5, 299, 21433, 685, 0, 7728, 163, 0, 0, 5045]"
B0,KYOw02780,3,3,14,56464,10,0.30833805610654574,False,"[1710, 539, 2022, 0, 9, 15021, 59, 100, 4134, 0, 15460, 0, 17410, 0]"
B0,KYOw02784,3,3,2,117549,2,0.9928625509362053,False,"[116710, 839]"
B0,KYOw02784,3,3,4,117549,4,0.8185692774927903,False,"[3968, 157, 96222, 17202]"
B0,KYOw02784,3,3,6,117549,6,0.536805927740772,False,"[63101, 106, 46177, 1518, 6607, 40]"
B0,KYOw02784,3,3,8,117549,7,0.4905613829126577,False,"[57665, 430, 42982, 31, 36, 1182, 0, 15223]"
B0,KYOw02784,3,3,10,117549,9,0.571285166186016,False,"[11071, 10, 244, 37, 7593, 31170, 0, 17, 67154, 253]"
B0,KYOw02784,3,3,12,117549,10,0.5813150260742329,False,"[25594, 34, 1, 282, 68333, 551, 10, 12702, 31, 0, 0, 10011]"
B0,KYOw02784,3,3,14,117549,12,0.33701690358914155,False,"[14770, 408, 7128, 7, 9, 39616, 102, 27, 5059, 0, 14532, 1, 35890, 0]"
B0,KYOw02790,3,3,2,26249,2,0.6330145910320393,False,"[16616, 9633]"
B0,KYOw02790,3,3,4,26249,4,0.623795192197798,False,"[16374, 3302, 6570, 3]"
B0,KYOw02790,3,3,6,26249,5,0.4501885786125186,False,"[10626, 1577, 413, 11817, 0, 1816]"
B0,KYOw02790,3,3,8,26249,7,0.4769705512590956,False,"[1136, 2810, 7361, 0, 1775, 12520, 644, 3]"
B0,KYOw02790,3,3,10,26249,8,0.5010476589584365,False,"[0, 0, 5549, 13152, 2443, 278, 199, 1646, 1588, 1394]"
B0,KYOw02790,3,3,12,26249,10,0.46215093908339366,False,"[154, 1233, 740, 1395, 1221, 7493, 0, 1471, 12131, 233, 178, 0]"
B0,KYOw02790,3,3,14,26249,11,0.41152043887386186,False,"[10802, 2477, 0, 0, 1262, 0, 1188, 8540, 1355, 127, 16, 1, 193, 288]"
B0,KYOw16702,3,3,2,33939,2,0.8707386782168007,False,"[29552, 4387]"
B0,KYOw16702,3,3,4,33939,4,0.5826630130528301,False,"[6879, 1813, 19775, 5472]"
B0,KYOw16702,3,3,6,33939,6,0.5273284422051328,False,"[17897, 1798, 9721, 3875, 388, 260]"
B0,KYOw16702,3,3,8,33939,8,0.4488346739738943,False,"[6835, 2184, 15233, 7, 223, 3603, 702, 5152]"
B0,KYOw16702,3,3,10,33939,9,0.37658740681811487,False,"[2993, 0, 2442, 3522, 4223, 6447, 558, 188, 12781, 785]"
B0,KYOw16702,3,3,12,33939,11,0.31833583782668906,False,"[6407, 252, 33, 822, 10804, 1848, 0, 6987, 2686, 1328, 367, 2405]"
B0,KYOw16702,3,3,14,33939,13,0.49415127139868587,False,"[16771, 988, 808, 0, 111, 62, 401, 1624, 2112, 260, 6037, 108, 3435, 1222]"
B0,KYOw02702,4,1,2,62814,2,0.9733976502053683,False,"[61143, 1671]"
B0,KYOw02702,4,1,4,62814,4,0.624446779380393,False,"[19965, 186, 3439, 39224]"
B0,KYOw02702,4,1,6,62814,6,0.7730601458273634,False,"[48559, 2099, 18, 11159, 107, 872]"
B0,KYOw02702,4,1,8,62814,7,0.45684083166173145,False,"[28696, 10, 1411, 25307, 592, 6797, 1, 0]"
B0,KYOw02702,4,1,10,62814,8,0.5602572674881395,False,"[35192, 0, 1, 12981, 8761, 3218, 1697, 50, 914, 0]"
B0,KYOw02702,4,1,12,62814,10,0.510156971375808,False,"[0, 16573, 29, 728, 3215, 0, 2101, 1, 4936, 32045, 463, 2723]"
B0,KYOw02702,4,1,14,62814,10,0.40228293055688225,False,"[25269, 0, 2313, 440, 0, 18, 18127, 1053, 0, 10851, 794, 3768, 181, 0]"
B0,KYOw02708,4,1,2,104647,2,0.9779735682819384,False,"[102342, 2305]"
B0,KYOw02708,4,1,4,104647,4,0.5303544296539796,False,"[55500, 247, 4816, 44084]"
B0,KYOw02708,4,1,6,104647,6,0.825355719705295,False,"[86371, 3214, 18, 7896, 189, 6959]"
B0,KYOw02708,4,1,8,104647,8,0.6132808393933892,False,"[31489, 13, 2858, 64178, 437, 5116, 549, 7]"
B0,KYOw02708,4,1,10,104647,9,0.5219643181362104,False,"[54622, 233, 0, 37660, 5627, 2164, 3580, 83, 673, 5]"
B0,KYOw02708,4,1,12,104647,11,0.6726136439649488,False,"[105, 8314, 50, 462, 13558, 6, 1212, 0, 5160, 70387, 1943, 3450]"
B0,KYOw02708,4,1,14,104647,13,0.5401874874578344,False,"[56529, 0, 826, 339, 6, 19, 29748, 1719, 10, 5736, 3287, 3007, 3390, 31]"
B0,KYOw02768,4,1,2,65892,2,0.6375887816426881,False,"[23880, 42012]"
B0,KYOw02768,4,1,4,65892,4,0.48682692891398044,False,"[3992, 19779, 32078, 10043]"
B0,KYOw02768,4,1,6,65892,6,0.42141686395920597,False,"[7395, 27768, 4962, 9954, 14557, 1256]"
B0,KYOw02768,4,1,8,65892,8,0.37854367753293267,False,"[4469, 4935, 24943, 5512, 10774, 7793, 35, 7431]"
B0,KYOw02768,4,1,10,65892,10,0.31496995082862866,False,"[419, 11, 1468, 4250, 10375, 85, 20754, 7310, 14449, 6771]"
B0,KYOw02768,4,1,12,65892,12,0.31568323923996844,False,"[9, 6709, 6764, 9955, 2710, 6072, 342, 1092, 39, 141, 20801, 11258]"
B0,KYOw02768,4,1,14,65892,14,0.2521398652340193,False,"[3751, 446, 108, 6816, 3700, 5250, 45, 14641, 8304, 5331, 16614, 38, 842, 6]"
B0,KYOw02772,4,1,2,73211,2,0.8366912076054145,False,"[61255, 11956]"
B0,KYOw02772,4,1,4,73211,4,0.5105926705003346,False,"[18560, 6324, 10946, 37381]"
B0,KYOw02772,4,1,6,73211,6,0.3470380134132849,False,"[21368, 7423, 1010, 25407, 5048, 12955]"
B0,KYOw02772,4,1,8,73211,8,0.3218368824356996,False,"[23562, 974, 5908, 16602, 5965, 16465, 3177, 558]"
B0,KYOw02772,4,1,10,73211,10,0.25147860294218083,False,"[16661, 1451, 320, 16288, 18411, 5022, 6246, 2313, 5891, 608]"
B0,KYOw02772,4,1,12,73211,12,0.19391894660638428,False,"[1161, 10110, 1739, 5162, 14197, 534, 1682, 273, 13982, 7689, 4480, 12202]"
B0,KYOw02772,4,1,14,73211,14,0.1503872368906312,False,"[8509, 183, 1558, 4776, 234, 1126, 10148, 3943, 1004, 10983, 8591, 11010, 10241, 905]"
B0,KYOw02787,4,1,2,106684,2,0.9773911739342357,False,"[104272, 2412]"
B0,KYOw02787,4,1,4,106684,4,0.6457388174421657,False,"[32529, 499, 4766, 68890]"
B0,KYOw02787,4,1,6,106684,6,0.7124404784222563,False,"[76006, 2720, 141, 22245, 288, 5284]"
B0,KYOw02787,4,1,8,106684,7,0.513216602302126,False,"[54752, 115, 1849, 38420, 944, 10584, 20, 0]"
B0,KYOw02787,4,1,10,106684,10,0.5771718345768813,False,"[61575, 10, 39, 22105, 10712, 8552, 2227, 214, 1248, 2]"
B0,KYOw02787,4,1,12,106684,12,0.48353080124479775,False,"[5, 10978, 172, 1078, 9929, 1, 3118, 29, 25320, 51585, 492, 3977]"
B0,KYOw02787,4,1,14,106684,12,0.3904428030445053,False,"[31779, 9, 3225, 761, 0, 143, 41654, 1279, 0, 7574, 1398, 17124, 1733, 5]"
B0,KYOw16662,4,1,2,48925,2,0.9583035258048033,False,"[46885, 2040]"
B0,KYOw16662,4,1,4,48925,4,0.6553091466530404,False,"[13012, 877, 2975, 32061]"
B0,KYOw16662,4,1,6,48925,6,0.5184466019417475,False,"[25365, 1783, 336, 14828, 491, 6122]"
B0,KYOw16662,4,1,8,48925,8,0.5004190086867655,False,"[24483, 326, 1347, 13332, 602, 7666, 963, 206]"
B0,KYOw16662,4,1,10,48925,10,0.47773122125702605,False,"[23373, 330, 181, 9872, 1596, 10901, 1441, 356, 759, 116]"
B0,KYOw16662,4,1,12,48925,12,0.3763311190597854,False,"[110, 1028, 320, 600, 7190, 129, 2810, 163, 18412, 16487, 649, 1027]"
B0,KYOw16662,4,1,14,48925,14,0.3259274399591211,False,"[8299, 126, 2864, 426, 159, 234, 15946, 849, 99, 851, 684, 14155, 4204, 29]"
B0,KYOw16666,4,1,2,58338,2,0.9690939010593438,False,"[56535, 1803]"
B0,KYOw16666,4,1,4,58338,4,0.7630532414549693,False,"[10256, 326, 3241, 44515]"
B0,KYOw16666,4,1,6,58338,6,0.7972333641880078,False,"[46509, 2050, 84, 8599, 205, 891]"
B0,KYOw16666,4,1,8,58338,7,0.6140594466728376,False,"[35823, 78, 1543, 15177, 625, 5085, 7, 0]"
B0,KYOw16666,4,1,10,58338,8,0.6643354245946038,False,"[38756, 0, 6, 6120, 10151, 338, 1889, 185, 893, 0]"
B0,KYOw16666,4,1,12,58338,10,0.48188144948404127,False,"[0, 21845, 151, 709, 2205, 0, 836, 3, 266, 28112, 745, 3466]"
B0,KYOw16666,4,1,14,58338,10,0.4366622098803524,False,"[14739, 0, 666, 473, 0, 102, 25474, 1121, 0, 13620, 1811, 70, 262, 0]"
B0,KYOw16700,4,1,2,55038,2,0.9853555725135361,False,"[54232, 806]"
B0,KYOw16700,4,1,4,55038,4,0.5430066499509429,False,"[23334, 146, 1672, 29886]"
B0,KYOw16700,4,1,6,55038,6,0.6552200297975944,False,"[36062, 970, 27, 6189, 96, 11694]"
B0,KYOw16700,4,1,8,55038,7,0.44015044151313637,False,"[24068, 18, 686, 24225, 313, 3260, 2468, 0]"
B0,KYOw16700,4,1,10,55038,9,0.4812311493876958,False,"[26486, 185, 3, 20142, 5994, 829, 927, 62, 410, 0]"
B0,KYOw16700,4,1,12,55038,10,0.3876230967695047,False,"[0, 11172, 46, 346, 15177, 0, 680, 1, 4063, 21334, 291, 1928]"
B0,KYOw16700,4,1,14,55038,10,0.33564082997201933,False,"[16885, 0, 643, 247, 0, 30, 18473, 461, 0, 6403, 954, 2033, 8909, 0]"
B0,KYOw16737,4,1,2,65693,2,0.9157596699800588,False,"[60159, 5534]"
B0,KYOw16737,4,1,4,65693,4,0.6448327827926872,False,"[5030, 1722, 16580, 42361]"
B0,KYOw16737,4,1,6,65693,6,0.5496628255674121,False,"[20894, 6870, 667, 36109, 916, 237]"
B0,KYOw16737,4,1,8,65693,7,0.449195500281613,False,"[21535, 647, 4847, 7436, 1647, 29509, 0, 72]"
B0,KYOw16737,4,1,10,65693,9,0.3083737993393512,False,"[12988, 0, 345, 4347, 20258, 18049, 6832, 767, 2088, 19]"
B0,KYOw16737,4,1,12,65693,11,0.2975507283881083,False,"[0, 19547, 650, 1689, 1563, 24, 14389, 312, 10157, 5336, 1278, 10748]"
B0,KYOw16737,4,1,14,65693,13,0.2766961472302985,False,"[7779, 229, 15365, 1334, 48, 516, 5322, 2500, 10, 18177, 3667, 10695, 51, 0]"
B0,KYOw16744,4,1,2,108863,2,0.9447195098426463,False,"[102845, 6018]"
B0,KYOw16744,4,1,4,108863,4,0.8006852649660583,False,"[9319, 2081, 10298, 87165]"
B0,KYOw16744,4,1,6,108863,6,0.46827664128308055,False,"[47831, 5874, 503, 50978, 1372, 2305]"
B0,KYOw16744,4,1,8,108863,8,0.5461084114896705,False,"[59451, 454, 4427, 12515, 2406, 29418, 145, 47]"
B0,KYOw16744,4,1,10,108863,10,0.5086576706502669,False,"[30317, 5, 113, 8098, 55374, 5493, 5696, 933, 2792, 42]"
B0,KYOw16744,4,1,12,108863,12,0.5504808796377098,False,"[3, 59927, 743, 2322, 4673, 32, 3499, 92, 10946, 7134, 2361, 17131]"
B0,KYOw16744,4,1,14,108863,14,0.5588124523483644,False,"[12900, 41, 4700, 1913, 20, 556, 11038, 3046, 57, 60834, 5741, 6857, 1159, 1]"
B0,KYOw02702,4,2,2,62814,2,0.9734294902410291,False,"[61145, 1669]"
B0,KYOw02702,4,2,4,62814,4,0.6266596618588213,False,"[19813, 188, 3450, 39363]"
B0,KYOw02702,4,2,6,62814,6,0.7741745470754927,False,"[902, 2094, 18, 48629, 105, 11066]"
B0,KYOw02702,4,2,8,62814,7,0.46042283567357595,False,"[28921, 0, 24982, 1, 1427, 10, 604, 6869]"
B0,KYOw02702,4,2,10,62814,8,0.6095456426911198,False,"[38288, 69, 3379, 907, 0, 2, 0, 3660, 1219, 15290]"
B0,KYOw02702,4,2,12,62814,9,0.5901232209380074,False,"[37068, 11883, 5, 0, 0, 7583, 0, 1073, 2945, 181, 1170, 906]"
B0,KYOw02702,4,2,14,62814,10,0.387907154456013,False,"[418, 9079, 0, 24366, 1110, 0, 2640, 0, 0, 502, 20773, 184, 3719, 23]"
B0,KYOw02708,4,2,2,104647,2,0.9779926801532772,False,"[102344, 2303]"
B0,KYOw02708,4,2,4,104647,4,0.5273156421110973,False,"[55182, 247, 4834, 44384]"
B0,KYOw02708,4,2,6,104647,6,0.8246294685944174,False,"[7089, 3199, 18, 86295, 187, 7859]"
B0,KYOw02708,4,2,8,104647,8,0.6075090542490468,False,"[32052, 7, 63574, 541, 2894, 13, 443, 5123]"
B0,KYOw02708,4,2,10,104647,9,0.6921555324089558,False,"[72432, 112, 1363, 3890, 110, 0, 9, 15366, 1118, 10247]"
B0,KYOw02708,4,2,12,104647,12,0.7049031505919903,False,"[73766, 12061, 4, 2, 69, 5285, 15, 7609, 1430, 179, 1008, 3219]"
B0,KYOw02708,4,2,14,104647,13,0.5296664022857798,False,"[331, 5402, 34, 55428, 1544, 0, 925, 9, 7, 3117, 31220, 3439, 3164, 27]"
B0,KYOw02768,4,2,2,65892,2,0.6374370181509136,False,"[23890, 42002]"
B0,KYOw02768,4,2,4,65892,4,0.4866296363746737,False,"[3979, 19815, 32065, 10033]"
B0,KYOw02768,4,2,6,65892,6,0.42102227888059246,False,"[1275, 27742, 4960, 7393, 14519, 10003]"
B0,KYOw02768,4,2,8,65892,8,0.3779973289625448,False,"[4495, 7479, 5469, 32, 24907, 4946, 10932, 7632]"
B0,KYOw02768,4,2,10,65892,10,0.3375220057063073,False,"[3611, 7564, 95, 22240, 9, 1721, 7308, 2925, 17137, 3282]"
B0,KYOw02768,4,2,12,65892,12,0.289291568020397,False,"[3256, 40, 2789, 3388, 8, 8159, 9082, 1891, 90, 5779, 12348, 19062]"
B0,KYOw02768,4,2,14,65892,14,0.26947125599465793,False,"[6937, 5591, 6, 3980, 13037, 583, 90, 8091, 3535, 17756, 64, 849, 35, 5338]"
B0,KYOw02772,4,2,2,73211,2,0.8367595033533213,False,"[61260, 11951]"
B0,KYOw02772,4,2,4,73211,4,0.5105107156028466,False,"[18530, 6336, 10970, 37375]"
B0,KYOw02772,4,2,6,73211,6,0.34522134651896574,False,"[13002, 7410, 1009, 21481, 5035, 25274]"
B0,KYOw02772,4,2,8,73211,8,0.32058024067421564,False,"[23470, 569, 16646, 3065, 5923, 976, 6004, 16558]"
B0,KYOw02772,4,2,10,73211,10,0.35568425509827756,False,"[10274, 2830, 4022, 7355, 1176, 340, 805, 14271, 6098, 26040]"
B0,KYOw02772,4,2,12,73211,12,0.22116895002117168,False,"[8807, 16192, 483, 177, 1047, 15177, 1141, 12647, 3614, 3960, 4189, 5777]"
B0,KYOw02772,4,2,14,73211,14,0.17310240264441135,False,"[4729, 12673, 905, 8410, 3607, 203, 2323, 966, 224, 7091, 10335, 10289, 10249, 1207]"
B0,KYOw02787,4,2,2,106684,2,0.9774005474110457,False,"[104273, 2411]"
B0,KYOw02787,4,2,4,106684,4,0.6472854411158186,False,"[32333, 500, 4796, 69055]"
B0,KYOw02787,4,2,6,106684,6,0.7133590791496381,False,"[5386, 2708, 141, 76104, 285, 22060]"
B0,KYOw02787,4,2,8,106684,8,0.5156349593191106,False,"[55010, 1, 38005, 20, 1852, 115, 961, 10720]"
B0,KYOw02787,4,2,10,106684,10,0.5099921262794795,False,"[54408, 270, 4832, 1316, 5, 44, 2, 11004, 1620, 33183]"
B0,KYOw02787,4,2,12,106684,11,0.442868658842938,False,"[47247, 37561, 57, 0, 5, 7618, 1, 6009, 5007, 433, 1525, 1221]"
B0,KYOw02787,4,2,14,106684,12,0.3891773836751528,False,"[738, 7388, 5, 31254, 1351, 13, 3815, 0, 0, 920, 41519, 1781, 17754, 146]"
B0,KYOw16662,4,2,2,48925,2,0.9583035258048033,False,"[46885, 2040]"
B0,KYOw16662,4,2,4,48925,4,0.6560858456821665,False,"[12962, 877, 2987, 32099]"
B0,KYOw16662,4,2,6,48925,6,0.5202657128257537,False,"[6156, 1778, 336, 25454, 490, 14711]"
B0,KYOw16662,4,2,8,48925,8,0.5007460398569239,False,"[24499, 206, 13212, 941, 1350, 328, 613, 7776]"
B0,KYOw16662,4,2,10,48925,10,0.3582217680122637,False,"[17526, 387, 5233, 875, 117, 191, 121, 7541, 960, 15974]"
B0,KYOw16662,4,2,12,48925,12,0.4119366377107818,False,"[12759, 20154, 239, 180, 61, 1166, 119, 6139, 6067, 295, 846, 900]"
B0,KYOw16662,4,2,14,48925,14,0.31155850792028617,False,"[424, 934, 29, 8182, 848, 140, 3335, 99, 148, 620, 15243, 4239, 14452, 232]"
B0,KYOw16666,4,2,2,58338,2,0.9690939010593438,False,"[56535, 1803]"
B0,KYOw16666,4,2,4,58338,4,0.7643731358634166,False,"[10166, 326, 3254, 44592]"
B0,KYOw16666,4,2,6,58338,6,0.7982104288799753,False,"[914, 2044, 84, 46566, 205, 8525]"
B0,KYOw16666,4,2,8,58338,7,0.6185505159587233,False,"[36085, 0, 14846, 7, 1546, 78, 640, 5136]"
B0,KYOw16666,4,2,10,58338,9,0.6268127121258871,False,"[36567, 203, 1135, 1825, 0, 10, 1, 2349, 1169, 15079]"
B0,KYOw16666,4,2,12,58338,10,0.5473619253316877,False,"[31932, 12365, 19, 0, 0, 9500, 2, 1082, 609, 278, 1100, 1451]"
B0,KYOw16666,4,2,14,58338,11,0.486338235798279,False,"[453, 11797, 0, 13912, 1121, 1, 798, 0, 0, 1365, 28372, 268, 140, 111]"
B0,KYOw16700,4,2,2,55038,2,0.9853919110432792,False,"[54234, 804]"
B0,KYOw16700,4,2,4,55038,4,0.5444601911406665,False,"[23243, 147, 1682, 29966]"
B0,KYOw16700,4,2,6,55038,6,0.6551473527381082,False,"[11759, 965, 27, 36058, 96, 6133]"
B0,KYOw16700,4,2,8,55038,7,0.44015044151313637,False,"[24225, 0, 24107, 2385, 690, 19, 315, 3297]"
B0,KYOw16700,4,2,10,55038,8,0.4573385660816163,False,"[25171, 82, 984, 917, 0, 3, 0, 15454, 508, 11919]"
B0,KYOw16700,4,2,12,55038,9,0.41938297176496236,False,"[23082, 12641, 7, 0, 0, 4731, 0, 12483, 815, 127, 475, 677]"
B0,KYOw16700,4,2,14,55038,10,0.35353755587048946,False,"[238, 5634, 0, 16500, 462, 0, 782, 0, 0, 680, 19458, 8968, 2280, 36]"
B0,KYOw16737,4,2,2,65693,2,0.9158510039121368,False,"[60165, 5528]"
B0,KYOw16737,4,2,4,65693,4,0.6440412220480112,False,"[4996, 1725, 16663, 42309]"
B0,KYOw16737,4,2,6,65693,6,0.548779930890658,False,"[244, 6808, 667, 21008, 915, 36051]"
B0,KYOw16737,4,2,8,65693,7,0.45076339944895194,False,"[21411, 76, 7340, 0, 4932, 649, 1673, 29612]"
B0,KYOw16737,4,2,10,65693,9,0.3757477965688886,False,"[12196, 849, 20016, 3100, 0, 374, 26, 1555, 2893, 24684]"
B0,KYOw16737,4,2,12,65693,11,0.29164446744706435,False,"[11715, 8072, 446, 73, 0, 18879, 13, 499, 19159, 1057, 2831, 2949]"
B0,KYOw16737,4,2,14,65693,13,0.2760415873837395,False,"[1296, 18134, 0, 7703, 2702, 255, 17230, 9, 39, 2262, 7185, 53, 8298, 527]"
B0,KYOw16744,4,2,2,108863,2,0.944737881557554,False,"[102847, 6016]"
B0,KYOw16744,4,2,4,108863,4,0.8006485215362428,False,"[9269, 2090, 10343, 87161]"
B0,KYOw16744,4,2,6,108863,6,0.46530042346802863,False,"[2342, 5851, 503, 48144, 1369, 50654]"
B0,KYOw16744,4,2,8,108863,8,0.5430495209575338,False,"[59118, 51, 12359, 142, 4488, 457, 2424, 29824]"
B0,KYOw16744,4,2,10,108863,10,0.5810146698143538,False,"[22729, 1117, 8433, 5046, 3, 132, 59, 4670, 3423, 63251]"
B0,KYOw16744,4,2,12,108863,12,0.4682031544234497,False,"[21249, 19111, 208, 10, 2, 50970, 78, 2839, 5818, 1555, 2943, 4080]"
B0,KYOw16744,4,2,14,108863,14,0.5373083600488687,False,"[1865, 58493, 1, 12642, 2996, 55, 5981, 53, 16, 3778, 17141, 1174, 4079, 589]"
B0,KYOw02702,4,3,2,62814,2,0.9734931703123507,False,"[61149, 1665]"
B0,KYOw02702,4,3,4,62814,4,0.6308466265482218,False,"[39626, 3461, 19538, 189]"
B0,KYOw02702,4,3,6,62814,6,0.7419683510045532,False,"[46606, 21, 2431, 363, 156, 13237]"
B0,KYOw02702,4,3,8,62814,7,0.4559652306810584,False,"[25311, 1, 10, 1413, 28641, 6834, 604, 0]"
B0,KYOw02702,4,3,10,62814,8,0.6006145126882542,False,"[37727, 10, 2825, 1080, 3528, 0, 1679, 0, 600, 15365]"
B0,KYOw02702,4,3,12,62814,10,0.46142579679689244,False,"[4893, 1946, 0, 175, 6, 482, 0, 2197, 28984, 4783, 18435, 913]"
B0,KYOw02702,4,3,14,62814,10,0.45857611360524725,False,"[28805, 0, 2067, 442, 4508, 11, 18406, 0, 2010, 0, 1118, 5204, 0, 243]"
B0,KYOw02708,4,3,2,104647,2,0.9780404598316245,False,"[102349, 2298]"
B0,KYOw02708,4,3,4,104647,4,0.5223178877559796,False,"[44896, 4844, 54659, 248]"
B0,KYOw02708,4,3,6,104647,6,0.8320830984165815,False,"[87075, 18, 3670, 4556, 241, 9087]"
B0,KYOw02708,4,3,8,104647,8,0.6132712834577198,False,"[64177, 553, 13, 2884, 31468, 5102, 443, 7]"
B0,KYOw02708,4,3,10,104647,10,0.7117165327243017,False,"[74479, 13, 1470, 2623, 4460, 7, 9642, 83, 429, 11441]"
B0,KYOw02708,4,3,12,104647,12,0.6685810391124447,False,"[6327, 950, 2, 175, 5, 2723, 91, 10526, 69965, 3434, 9652, 797]"
B0,KYOw02708,4,3,14,104647,13,0.6686001509837836,False,"[69967, 0, 10121, 2603, 3415, 14, 9557, 3, 1016, 13, 937, 6684, 89, 228]"
B0,KYOw02768,4,3,2,65892,2,0.6370879621198324,False,"[23913, 41979]"
B0,KYOw02768,4,3,4,65892,4,0.48659928367631883,False,"[10035, 32063, 3952, 19842]"
B0,KYOw02768,4,3,6,65892,6,0.4177290111090876,False,"[7301, 5347, 27525, 894, 16262, 8563]"
B0,KYOw02768,4,3,8,65892,8,0.3777696837248831,False,"[5513, 35, 4945, 24892, 4470, 7639, 10918, 7480]"
B0,KYOw02768,4,3,10,65892,10,0.35536939233897896,False,"[3531, 4928, 204, 23416, 13953, 7400, 2165, 9, 10202, 84]"
B0,KYOw02768,4,3,12,65892,12,0.30460450434043584,False,"[39, 161, 5338, 6816, 3311, 20071, 9, 2277, 67, 4061, 7711, 16031]"
B0,KYOw02768,4,3,14,65892,14,0.28945850786134886,False,"[67, 307, 2241, 19073, 4191, 4908, 7494, 3055, 116, 8435, 10213, 36, 9, 5747]"
B0,KYOw02772,4,3,2,73211,2,0.836868776549972,False,"[61268, 11943]"
B0,KYOw02772,4,3,4,73211,4,0.5105107156028466,False,"[37375, 11002, 18491, 6343]"
B0,KYOw02772,4,3,6,73211,6,0.38710029913537586,False,"[18725, 1112, 7669, 11776, 5589, 28340]"
B0,KYOw02772,4,3,8,73211,8,0.320949037712912,False,"[16562, 3216, 976, 5907, 23497, 16481, 6003, 569]"
B0,KYOw02772,4,3,10,73211,10,0.2703692068131838,False,"[9202, 975, 2853, 5358, 14352, 561, 13181, 1085, 5850, 19794]"
B0,KYOw02772,4,3,12,73211,12,0.19005340727486306,False,"[13746, 1642, 363, 3815, 555, 4635, 1121, 13666, 6273, 13914, 8716, 4765]"
B0,KYOw02772,4,3,14,73211,14,0.19428774364508067,False,"[6228, 154, 13569, 4620, 13782, 897, 8195, 168, 1721, 1056, 3256, 14224, 1113, 4228]"
B0,KYOw02787,4,3,2,106684,2,0.9774380413182858,False,"[104277, 2407]"
B0,KYOw02787,4,3,4,106684,4,0.6504161823703648,False,"[69389, 4807, 31988, 500]"
B0,KYOw02787,4,3,6,106684,6,0.6738498743954108,False,"[71889, 152, 3192, 2970, 338, 28143]"
B0,KYOw02787,4,3,8,106684,8,0.5127010610775748,False,"[38418, 20, 115, 1852, 54697, 10620, 961, 1]"
B0,KYOw02787,4,3,10,106684,9,0.46956432079787036,False,"[50095, 115, 4375, 1335, 4770, 0, 7483, 5, 955, 37551]"
B0,KYOw02787,4,3,12,106684,12,0.4516234861834952,False,"[28203, 3055, 1, 425, 59, 556, 5, 8115, 48181, 6406, 10490, 1188]"
B0,KYOw02787,4,3,14,106684,12,0.4472929398972667,False,"[47719, 5, 7837, 536, 6054, 115, 9836, 0, 3207, 0, 1446, 29458, 5, 466]"
B0,KYOw16662,4,3,2,48925,2,0.9583852835973429,False,"[46889, 2036]"
B0,KYOw16662,4,3,4,48925,4,0.6579867143587124,False,"[32192, 2994, 12862, 877]"
B0,KYOw16662,4,3,6,48925,6,0.47881451200817576,False,"[23426, 356, 1999, 5109, 537, 17498]"
B0,KYOw16662,4,3,8,48925,8,0.4994583546244251,False,"[13329, 967, 328, 1346, 24436, 7700, 613, 206]"
B0,KYOw16662,4,3,10,48925,10,0.4062749105774144,False,"[14348, 325, 4938, 1070, 870, 209, 6623, 76, 589, 19877]"
B0,KYOw16662,4,3,12,48925,12,0.39119059785385796,False,"[19139, 3256, 168, 331, 264, 711, 90, 6658, 15155, 1483, 931, 739]"
B0,KYOw16662,4,3,14,48925,14,0.3905774144098109,False,"[14853, 113, 6587, 692, 1268, 226, 890, 136, 3775, 105, 762, 19109, 84, 325]"
B0,KYOw16666,4,3,2,58338,2,0.9691624670026397,False,"[56539, 1799]"
B0,KYOw16666,4,3,4,58338,4,0.7672186225101992,False,"[44758, 3264, 9990, 326]"
B0,KYOw16666,4,3,6,58338,6,0.7655044739278001,False,"[44658, 92, 2379, 460, 239, 10510]"
B0,KYOw16666,4,3,8,58338,7,0.6135623435839419,False,"[15181, 7, 78, 1540, 35794, 5098, 640, 0]"
B0,KYOw16666,4,3,10,58338,8,0.5776852137543282,False,"[33701, 78, 743, 1310, 5412, 0, 1439, 0, 623, 15032]"
B0,KYOw16666,4,3,12,58338,10,0.4331310638006102,False,"[629, 645, 0, 263, 22, 953, 0, 1770, 22945, 4934, 25268, 909]"
B0,KYOw16666,4,3,14,58338,10,0.43465665603894543,False,"[22685, 0, 1678, 874, 4954, 78, 25357, 0, 533, 0, 1058, 833, 0, 288]"
B0,KYOw16700,4,3,2,55038,2,0.9853919110432792,False,"[54234, 804]"
B0,KYOw16700,4,3,4,55038,4,0.5471129038119118,False,"[30112, 1689, 23090, 147]"
B0,KYOw16700,4,3,6,55038,6,0.6452269341182456,False,"[35512, 32, 1144, 10048, 115, 8187]"
B0,KYOw16700,4,3,8,55038,7,0.43980522548057704,False,"[24206, 2490, 19, 689, 24047, 3272, 315, 0]"
B0,KYOw16700,4,3,10,55038,8,0.4397507176859624,False,"[24203, 18, 817, 537, 2891, 0, 13444, 0, 313, 12815]"
B0,KYOw16700,4,3,12,55038,10,0.3436534757803699,False,"[5589, 610, 0, 119, 8, 419, 0, 14232, 18914, 2772, 11977, 398]"
B0,KYOw16700,4,3,14,55038,10,0.34189105708783024,False,"[18817, 0, 14064, 397, 2757, 20, 11551, 0, 610, 0, 446, 6225, 0, 151]"
B0,KYOw16737,4,3,2,65693,2,0.9161250057083707,False,"[60183, 5510]"
B0,KYOw16737,4,3,4,65693,4,0.6440259997259982,False,"[42308, 16733, 4925, 1727]"
B0,KYOw16737,4,3,6,65693,6,0.5513525033108551,False,"[18404, 699, 9245, 92, 1033, 36220]"
B0,KYOw16737,4,3,8,65693,7,0.44916505563758696,False,"[7437, 0, 649, 4901, 21450, 29507, 1673, 76]"
B0,KYOw16737,4,3,10,65693,9,0.27951227680270346,False,"[12517, 647, 18362, 2958, 12885, 76, 759, 0, 1634, 15855]"
B0,KYOw16737,4,3,12,65693,11,0.2888283378746594,False,"[6433, 14685, 15, 1037, 490, 1452, 0, 1170, 3445, 16034, 18974, 1958]"
B0,KYOw16737,4,3,14,65693,13,0.28369841535627843,False,"[3411, 214, 1106, 1395, 14833, 453, 18637, 32, 15475, 13, 2558, 6510, 0, 1056]"
B0,KYOw16744,4,3,2,108863,2,0.9448113684171849,False,"[102855, 6008]"
B0,KYOw16744,4,3,4,108863,4,0.8012180446983824,False,"[87223, 10384, 9166, 2090]"
B0,KYOw16744,4,3,6,108863,6,0.5378043963513774,False,"[39861, 552, 6764, 1566, 1573, 58547]"
B0,KYOw16744,4,3,8,108863,8,0.5443263551436209,False,"[12518, 147, 457, 4471, 59257, 29538, 2424, 51]"
B0,KYOw16744,4,3,10,108863,10,0.40611594389278266,False,"[22493, 455, 5018, 3654, 27183, 50, 3419, 3, 2377, 44211]"
B0,KYOw16744,4,3,12,108863,12,0.49346426242157576,False,"[8136, 3293, 25, 1491, 230, 2677, 3, 4110, 3998, 28613, 53720, 2567]"
B0,KYOw16744,4,3,14,108863,14,0.48365376666084897,False,"[3929, 33, 4022, 2523, 28763, 452, 52652, 11, 3369, 65, 2690, 8803, 3, 1548]"
B0,KYOw02709,5,1,2,40105,2,0.9127290861488593,False,"[36605, 3500]"
B0,KYOw02709,5,1,4,40105,4,0.7422017204837302,False,"[29766, 6115, 1331, 2893]"
B0,KYOw02709,5,1,6,40105,6,0.5883056975439471,False,"[1006, 217, 23594, 4927, 506, 9855]"
B0,KYOw02709,5,1,8,40105,8,0.4075052985911981,False,"[3819, 15224, 158, 514, 1460, 16343, 24, 2563]"
B0,KYOw02709,5,1,10,40105,10,0.41745418277022817,False,"[827, 8235, 88, 2, 432, 3415, 16742, 75, 9155, 1134]"
B0,KYOw02709,5,1,12,40105,11,0.4166812118189752,False,"[37, 5960, 406, 16711, 957, 4438, 289, 3913, 0, 18, 4938, 2438]"
B0,KYOw02709,5,1,14,40105,13,0.477621244233886,False,"[2092, 271, 597, 1, 3116, 2105, 1422, 3115, 0, 34, 222, 7953, 22, 19155]"
B0,KYOw02719,5,1,2,76827,2,0.9795644760305622,False,"[75257, 1570]"
B0,KYOw02719,5,1,4,76827,4,0.6839392401108985,False,"[52545, 2899, 477, 20906]"
B0,KYOw02719,5,1,6,76827,6,0.7869889491975477,False,"[507, 28, 13467, 2301, 62, 60462]"
B0,KYOw02719,5,1,8,76827,7,0.7429289182188553,False,"[1690, 57077, 7, 60, 898, 5947, 0, 11148]"
B0,KYOw02719,5,1,10,76827,8,0.6813880536790451,False,"[776, 52349, 0, 0, 35, 1713, 18274, 105, 2901, 674]"
B0,KYOw02719,5,1,12,76827,10,0.6331628203626329,False,"[0, 2111, 23, 1436, 541, 6633, 64, 16003, 0, 20, 48644, 1352]"
B0,KYOw02719,5,1,14,76827,11,0.6910200840850222,False,"[53089, 2, 266, 2, 8109, 9017, 836, 1516, 0, 0, 29, 2433, 0, 1528]"
B0,KYOw02759,5,1,2,74466,2,0.9647758708672415,False,"[71843, 2623]"
B0,KYOw02759,5,1,4,74466,4,0.5367281712459377,False,"[39968, 3973, 978, 29547]"
B0,KYOw02759,5,1,6,74466,6,0.5465447318239196,False,"[748, 11292, 18139, 3236, 352, 40699]"
B0,KYOw02759,5,1,8,74466,8,0.4902908710015309,False,"[2514, 36510, 6, 349, 1221, 8318, 5474, 20074]"
B0,KYOw02759,5,1,10,74466,9,0.4046276152875138,False,"[13176, 30131, 0, 3227, 279, 2259, 20174, 156, 4132, 932]"
B0,KYOw02759,5,1,12,74466,11,0.3821609862218999,False,"[0, 3079, 254, 2341, 778, 8571, 9662, 17044, 2394, 112, 28458, 1773]"
B0,KYOw02759,5,1,14,74466,13,0.37583595197808395,False,"[27987, 140, 484, 78, 14231, 11059, 1126, 2003, 2197, 0, 8943, 3403, 12, 2803]"
B0,KYOw02767,5,1,2,152143,2,0.9276207252387556,False,"[141131, 11012]"
B0,KYOw02767,5,1,4,152143,4,0.45940332450392063,False,"[69895, 58308, 1899, 22041]"
B0,KYOw02767,5,1,6,152143,6,0.5283976259177221,False,"[1525, 2081, 80392, 36652, 629, 30864]"
B0,KYOw02767,5,1,8,152143,7,0.5516849279953727,False,"[23398, 19745, 16, 599, 3763, 83935, 0, 20687]"
B0,KYOw02767,5,1,10,152143,9,0.40620994722070686,False,"[10753, 20493, 13, 0, 416, 30294, 25573, 463, 61802, 2336]"
B0,KYOw02767,5,1,12,152143,11,0.32675180586684893,False,"[7, 47000, 371, 4252, 1780, 49713, 3969, 19429, 0, 316, 11654, 13652]"
B0,KYOw02767,5,1,14,152143,13,0.3136917242331228,False,"[11211, 212, 1036, 318, 18550, 31679, 4176, 30036, 0, 3, 2610, 47726, 24, 4562]"
B0,KYOw02773,5,1,2,52618,2,0.9824584742863659,False,"[51695, 923]"
B0,KYOw02773,5,1,4,52618,4,0.7978828537762743,False,"[8467, 1973, 195, 41983]"
B0,KYOw02773,5,1,6,52618,6,0.6693146831882626,False,"[190, 11751, 3781, 1640, 38, 35218]"
B0,KYOw02773,5,1,8,52618,7,0.7123987988901137,False,"[1336, 7667, 0, 31, 426, 2688, 2985, 37485]"
B0,KYOw02773,5,1,10,52618,9,0.46702649283515146,False,"[24574, 22188, 0, 144, 13, 1169, 1839, 6, 2397, 288]"
B0,KYOw02773,5,1,12,52618,11,0.5606446463187502,False,"[0, 1581, 9, 3582, 219, 375, 13863, 29500, 9, 1, 2623, 856]"
B0,KYOw02773,5,1,14,52618,11,0.5562165038579954,False,"[3850, 0, 119, 2, 29267, 362, 427, 1011, 4, 0, 12078, 1582, 0, 3916]"
B0,KYOw02777,5,1,2,121687,2,0.9364845875072934,False,"[113958, 7729]"
B0,KYOw02777,5,1,4,121687,4,0.701981312712122,False,"[85422, 24568, 2982, 8715]"
B0,KYOw02777,5,1,6,121687,6,0.5744245482261868,False,"[2707, 1626, 69900, 17629, 711, 29114]"
B0,KYOw02777,5,1,8,121687,8,0.4289611873084224,False,"[12315, 45678, 410, 709, 3611, 52199, 326, 6439]"
B0,KYOw02777,5,1,10,121687,10,0.4439340274639033,False,"[2867, 21120, 219, 75, 538, 15407, 54021, 737, 23936, 2767]"
B0,KYOw02777,5,1,12,121687,12,0.4077263799748535,False,"[166, 17454, 487, 2846, 2352, 49615, 1824, 7176, 32, 595, 31207, 7933]"
B0,KYOw02777,5,1,14,121687,14,0.39098671180980715,False,"[26065, 298, 1337, 146, 5113, 47578, 3025, 15007, 23, 81, 1620, 17697, 462, 3235]"
B0,KYOw02783,5,1,2,84218,2,0.9819872236339025,False,"[82701, 1517]"
B0,KYOw02783,5,1,4,84218,4,0.5341138473960436,False,"[44982, 6837, 281, 32118]"
B0,KYOw02783,5,1,6,84218,6,0.4295518772708922,False,"[293, 11602, 31325, 4784, 38, 36176]"
B0,KYOw02783,5,1,8,84218,8,0.35267994965446814,False,"[3268, 27496, 1, 25, 792, 22793, 141, 29702]"
B0,KYOw02783,5,1,10,84218,9,0.28176874302405663,False,"[20705, 23730, 0, 4, 13, 3267, 23569, 40, 12370, 520]"
B0,KYOw02783,5,1,12,84218,10,0.22121161746894963,False,"[0, 8337, 10, 5133, 374, 17490, 14062, 18630, 0, 28, 18462, 1692]"
B0,KYOw02783,5,1,14,84218,12,0.21200930917381083,False,"[17393, 3, 151, 45, 17855, 16250, 765, 3254, 0, 0, 12155, 10648, 1, 5698]"
B0,KYOw02788,5,1,2,112294,2,0.6882825440361907,False,"[35004, 77290]"
B0,KYOw02788,5,1,4,112294,4,0.8446310577590966,False,"[2329, 94847, 15066, 52]"
B0,KYOw02788,5,1,6,112294,6,0.7682333873581848,False,"[18894, 9, 4553, 86268, 2479, 91]"
B0,KYOw02788,5,1,8,112294,8,0.6957540028852833,False,"[78129, 59, 5242, 2464, 21865, 4474, 2, 59]"
B0,KYOw02788,5,1,10,112294,9,0.43526813543021,False,"[32, 67, 3401, 0, 2056, 48878, 1, 29075, 19529, 9255]"
B0,KYOw02788,5,1,12,112294,11,0.3514168165707874,False,"[3113, 34783, 1953, 1647, 7262, 2, 17, 23, 0, 24031, 1, 39462]"
B0,KYOw02788,5,1,14,112294,12,0.46950861132384636,False,"[1, 1467, 2900, 6922, 30, 0, 23479, 52723, 0, 1343, 11, 11880, 10717, 821]"
B0,KYOw16711,5,1,2,82012,2,0.9190972052870312,False,"[75377, 6635]"
B0,KYOw16711,5,1,4,82012,4,0.5482856167390138,False,"[44966, 16831, 777, 19438]"
B0,KYOw16711,5,1,6,82012,6,0.3909184021850461,False,"[735, 8972, 32060, 14317, 229, 25699]"
B0,KYOw16711,5,1,8,82012,7,0.3485343608252451,False,"[12607, 28584, 0, 211, 2165, 19354, 458, 18633]"
B0,KYOw16711,5,1,10,82012,9,0.26479051846071305,False,"[14267, 17527, 0, 5, 153, 7738, 21716, 1293, 18097, 1216]"
B0,KYOw16711,5,1,12,82012,11,0.20968882602545968,False,"[0, 14476, 131, 17197, 830, 5190, 10669, 10136, 5, 1036, 17153, 5189]"
B0,KYOw16711,5,1,14,82012,13,0.20476271765107545,False,"[13410, 66, 383, 1588, 9881, 6935, 2679, 7576, 4, 0, 9530, 13162, 5, 16793]"
B0,KYOw02709,5,2,2,40105,2,0.9122553297593816,False,"[3519, 36586]"
B0,KYOw02709,5,2,4,40105,4,0.7427502805136517,False,"[6286, 29788, 1355, 2676]"
B0,KYOw02709,5,2,6,40105,6,0.587807006607655,False,"[9916, 505, 995, 4898, 23574, 217]"
B0,KYOw02709,5,2,8,40105,8,0.47507792045879566,False,"[44, 3867, 19053, 12561, 1145, 44, 461, 2930]"
B0,KYOw02709,5,2,10,40105,9,0.4471013589328014,False,"[1312, 0, 7277, 9513, 17931, 2587, 25, 723, 172, 565]"
B0,KYOw02709,5,2,12,40105,11,0.4830320408926568,False,"[3993, 187, 3324, 28, 1, 570, 19372, 9462, 668, 1167, 0, 1333]"
B0,KYOw02709,5,2,14,40105,13,0.5191372646802145,False,"[3573, 1, 553, 0, 29, 20820, 3127, 2750, 436, 6079, 1205, 1079, 165, 288]"
B0,KYOw02719,5,2,2,76827,2,0.9793952646855923,False,"[1583, 75244]"
B0,KYOw02719,5,2,4,76827,4,0.7159201843102034,False,"[3005, 55002, 492, 18328]"
B0,KYOw02719,5,2,6,76827,6,0.7884467700157497,False,"[60574, 62, 497, 2299, 13367, 28]"
B0,KYOw02719,5,2,8,76827,7,0.5877751311387923,False,"[1, 24935, 45157, 4596, 691, 0, 38, 1409]"
B0,KYOw02719,5,2,10,76827,7,0.6677730485376235,False,"[804, 0, 51303, 3412, 19383, 1250, 0, 531, 0, 144]"
B0,KYOw02719,5,2,12,76827,10,0.6202506931157015,False,"[47652, 1, 1567, 0, 3, 155, 1609, 3284, 274, 21463, 0, 819]"
B0,KYOw02719,5,2,14,76827,11,0.5867468468116678,False,"[45078, 8, 137, 0, 0, 1852, 18872, 1450, 15, 2051, 742, 6587, 0, 35]"
B0,KYOw02759,5,2,2,74466,2,0.9646281524454113,False,"[2634, 71832]"
B0,KYOw02759,5,2,4,74466,4,0.5504391265812586,False,"[4080, 40989, 995, 28402]"
B0,KYOw02759,5,2,6,74466,6,0.5483039239384417,False,"[40830, 352, 740, 3218, 18014, 11312]"
B0,KYOw02759,5,2,8,74466,7,0.44913114710069024,False,"[7135, 24500, 33445, 5996, 934, 0, 294, 2162]"
B0,KYOw02759,5,2,10,74466,10,0.3969328284049096,False,"[1063, 3039, 29558, 4372, 21328, 1911, 1, 12711, 101, 382]"
B0,KYOw02759,5,2,12,74466,11,0.3851019257110628,False,"[28677, 105, 2126, 0, 102, 392, 2962, 4296, 11834, 19927, 2965, 1080]"
B0,KYOw02759,5,2,14,74466,13,0.35673998871968415,False,"[26565, 90, 380, 2292, 0, 3479, 18152, 1883, 573, 3035, 961, 7728, 94, 9234]"
B0,KYOw02767,5,2,2,152143,2,0.9269963126795187,False,"[11107, 141036]"
B0,KYOw02767,5,2,4,152143,4,0.43745686623768426,False,"[62283, 66556, 1936, 21368]"
B0,KYOw02767,5,2,6,152143,6,0.5333797808640556,False,"[30897, 628, 1503, 35845, 81150, 2120]"
B0,KYOw02767,5,2,8,152143,8,0.5878417015570877,False,"[6, 24432, 21481, 89436, 2368, 9, 452, 13959]"
B0,KYOw02767,5,2,10,152143,9,0.536876491195783,False,"[3326, 0, 20842, 81682, 22338, 13417, 8, 9657, 149, 724]"
B0,KYOw02767,5,2,12,152143,11,0.4440230572553453,False,"[19655, 157, 26618, 8, 366, 771, 5187, 67555, 8611, 19878, 0, 3337]"
B0,KYOw02767,5,2,14,152143,13,0.3117987682640674,False,"[11573, 354, 708, 0, 6, 3601, 17289, 22187, 3027, 39374, 2805, 47438, 144, 3637]"
B0,KYOw02773,5,2,2,52618,2,0.9824014595765708,False,"[926, 51692]"
B0,KYOw02773,5,2,4,52618,4,0.7862138431715383,False,"[2013, 9033, 203, 41369]"
B0,KYOw02773,5,2,6,52618,6,0.6687255311870463,False,"[35187, 38, 188, 1629, 3784, 11792]"
B0,KYOw02773,5,2,8,52618,7,0.7254551674331977,False,"[5614, 38172, 4883, 2564, 286, 0, 16, 1083]"
B0,KYOw02773,5,2,10,52618,8,0.45087232505986546,False,"[375, 90, 23724, 2203, 2426, 992, 0, 22748, 0, 60]"
B0,KYOw02773,5,2,12,52618,10,0.4544452468736934,False,"[23912, 0, 1080, 0, 3, 68, 4158, 1706, 20773, 456, 66, 396]"
B0,KYOw02773,5,2,14,52618,12,0.5343988749097267,False,"[2833, 1, 60, 7, 0, 2959, 28119, 972, 2117, 1540, 327, 342, 0, 13341]"
B0,KYOw02777,5,2,2,121687,2,0.9359011233739019,False,"[7800, 113887]"
B0,KYOw02777,5,2,4,121687,4,0.6974861735435995,False,"[25744, 84875, 3022, 8046]"
B0,KYOw02777,5,2,6,121687,6,0.5750326657736652,False,"[29301, 706, 2697, 17378, 69974, 1631]"
B0,KYOw02777,5,2,8,121687,8,0.4414851216645985,False,"[596, 10021, 53723, 45851, 2830, 263, 586, 7817]"
B0,KYOw02777,5,2,10,121687,10,0.42361139645155194,False,"[3141, 64, 19824, 35555, 51548, 7368, 277, 2702, 225, 983]"
B0,KYOw02777,5,2,12,121687,12,0.41033964186807137,False,"[17893, 234, 13840, 248, 241, 1047, 3371, 29176, 2492, 49933, 55, 3157]"
B0,KYOw02777,5,2,14,121687,14,0.40068372135067837,False,"[29447, 323, 952, 29, 213, 3975, 6888, 12211, 509, 13539, 2914, 48758, 216, 1713]"
B0,KYOw02783,5,2,2,84218,2,0.9818566102258425,False,"[1528, 82690]"
B0,KYOw02783,5,2,4,84218,4,0.5389109216557031,False,"[7226, 45386, 289, 31317]"
B0,KYOw02783,5,2,6,84218,6,0.4302168182573797,False,"[36232, 38, 290, 4720, 31282, 11656]"
B0,KYOw02783,5,2,8,84218,7,0.38646132655726806,False,"[1751, 32547, 28450, 19079, 549, 0, 15, 1827]"
B0,KYOw02783,5,2,10,84218,10,0.2819824740554276,False,"[745, 3, 23654, 14542, 23748, 1707, 1, 19757, 1, 60]"
B0,KYOw02783,5,2,12,84218,12,0.26455152105250657,False,"[22280, 1, 3114, 1, 38, 71, 6044, 14197, 18677, 19075, 2, 718]"
B0,KYOw02783,5,2,14,84218,13,0.20550238666318366,False,"[17307, 33, 60, 0, 1, 6386, 16958, 2422, 3192, 8779, 619, 15210, 1, 13250]"
B0,KYOw02788,5,2,2,112294,2,0.6924412702370563,False,"[77757, 34537]"
B0,KYOw02788,5,2,4,112294,4,0.843001407020856,False,"[94664, 2062, 15518, 50]"
B0,KYOw02788,5,2,6,112294,6,0.7689636133720412,False,"[91, 2463, 18686, 86350, 4695, 9]"
B0,KYOw02788,5,2,8,112294,8,0.7165387286943202,False,"[3, 76, 56, 13734, 10471, 5296, 2195, 80463]"
B0,KYOw02788,5,2,10,112294,9,0.649847721160525,False,"[17569, 0, 77, 12186, 20, 72974, 5460, 31, 1203, 2774]"
B0,KYOw02788,5,2,12,112294,10,0.4858051187062532,False,"[5, 1250, 54553, 4552, 13306, 2804, 973, 11286, 28, 0, 0, 23537]"
B0,KYOw02788,5,2,14,112294,11,0.40969241455465116,False,"[1, 17075, 2541, 0, 4158, 526, 0, 46006, 298, 21941, 18553, 0, 1186, 9]"
B0,KYOw16711,5,2,2,82012,2,0.9184143783836511,False,"[6691, 75321]"
B0,KYOw16711,5,2,4,82012,4,0.5482856167390138,False,"[17258, 44966, 798, 18990]"
B0,KYOw16711,5,2,6,82012,6,0.3906013754084768,False,"[25802, 228, 733, 14205, 32034, 9010]"
B0,KYOw16711,5,2,8,82012,7,0.37104326196166415,False,"[2653, 19230, 30430, 18696, 1222, 0, 167, 9614]"
B0,KYOw16711,5,2,10,82012,9,0.29955372384529094,False,"[1933, 5, 16289, 15669, 24567, 9433, 0, 13832, 55, 229]"
B0,KYOw16711,5,2,12,82012,11,0.22077256986782423,False,"[11704, 55, 7891, 0, 1708, 252, 18106, 14259, 13662, 12237, 5, 2133]"
B0,KYOw16711,5,2,14,82012,13,0.20069014290591622,False,"[16459, 1530, 229, 5, 0, 15201, 5329, 6098, 7657, 14067, 1715, 3524, 51, 10147]"
B0,KYOw02709,5,3,2,40105,2,0.9129285625233762,False,"[3492, 36613]"
B0,KYOw02709,5,3,4,40105,4,0.7445455678843037,False,"[3741, 5280, 1224, 29860]"
B0,KYOw02709,5,3,6,40105,6,0.5891285375888293,False,"[215, 982, 4822, 9961, 23627, 498]"
B0,KYOw02709,5,3,8,40105,8,0.493803765116569,False,"[19804, 5617, 9, 1378, 475, 442, 1846, 10534]"
B0,KYOw02709,5,3,10,40105,10,0.36955491833935916,False,"[14821, 463, 847, 219, 4960, 7145, 2, 209, 1434, 10005]"
B0,KYOw02709,5,3,12,40105,10,0.46837052736566515,False,"[690, 180, 0, 9901, 568, 3547, 1376, 1611, 3418, 0, 30, 18784]"
B0,KYOw02709,5,3,14,40105,13,0.4211943647924199,False,"[153, 792, 1, 3566, 1910, 17, 1560, 4671, 469, 96, 0, 16892, 7565, 2413]"
B0,KYOw02719,5,3,2,76827,2,0.9796165410597837,False,"[1566, 75261]"
B0,KYOw02719,5,3,4,76827,4,0.5579418693948742,False,"[31063, 2488, 411, 42865]"
B0,KYOw02719,5,3,6,76827,6,0.7892798104832937,False,"[25, 482, 2278, 60638, 13342, 62]"
B0,KYOw02719,5,3,8,76827,7,0.7956838090775379,False,"[9562, 2414, 0, 2403, 58, 138, 1122, 61130]"
B0,KYOw02719,5,3,10,76827,9,0.6810886797610215,False,"[2173, 45, 815, 216, 2468, 17901, 0, 13, 870, 52326]"
B0,KYOw02719,5,3,12,76827,9,0.6334882267952673,False,"[277, 0, 5, 3207, 153, 48669, 833, 20390, 1628, 0, 0, 1665]"
B0,KYOw02719,5,3,14,76827,11,0.6629179845627189,False,"[18, 490, 9, 5762, 1006, 0, 50930, 1993, 65, 0, 0, 14161, 1285, 1108]"
B0,KYOw02759,5,3,2,74466,2,0.964843015604437,False,"[2618, 71848]"
B0,KYOw02759,5,3,4,74466,4,0.48854510783444793,False,"[33712, 3507, 867, 36380]"
B0,KYOw02759,5,3,6,74466,6,0.5500228292106465,False,"[11235, 733, 3191, 40958, 18001, 348]"
B0,KYOw02759,5,3,8,74466,8,0.48494614992076923,False,"[13606, 3342, 3868, 15448, 346, 226, 1518, 36112]"
B0,KYOw02759,5,3,10,74466,10,0.4179491311471007,False,"[3503, 328, 13291, 283, 3128, 18372, 3204, 9, 1225, 31123]"
B0,KYOw02759,5,3,12,74466,11,0.3893589020492574,False,"[11870, 101, 107, 4301, 392, 28994, 1103, 19401, 2165, 2990, 0, 3042]"
B0,KYOw02759,5,3,14,74466,13,0.320898128004727,False,"[8552, 667, 87, 6328, 1426, 0, 23896, 2657, 297, 61, 2007, 18188, 2059, 8241]"
B0,KYOw02767,5,3,2,152143,2,0.9279362179002649,False,"[10964, 141179]"
B0,KYOw02767,5,3,4,152143,4,0.574505563844541,False,"[24320, 38738, 1678, 87407]"
B0,KYOw02767,5,3,6,152143,6,0.5417863457405204,False,"[2031, 1469, 34572, 31017, 82429, 625]"
B0,KYOw02767,5,3,8,152143,7,0.38419776131665606,False,"[50827, 58453, 0, 14963, 619, 371, 6920, 19990]"
B0,KYOw02767,5,3,10,152143,9,0.4595610708346753,False,"[6130, 527, 11042, 894, 69919, 39183, 0, 21, 3859, 20568]"
B0,KYOw02767,5,3,12,152143,11,0.4133413959235719,False,"[8761, 151, 378, 62887, 774, 19328, 3459, 20823, 30186, 0, 8, 5388]"
B0,KYOw02767,5,3,14,152143,13,0.34146165120971717,False,"[1276, 1485, 296, 51951, 8955, 5, 10230, 47379, 514, 91, 0, 10206, 3342, 16413]"
B0,KYOw02773,5,3,2,52618,2,0.9824964840928959,False,"[921, 51697]"
B0,KYOw02773,5,3,4,52618,4,0.8298681059713406,False,"[43666, 1715, 164, 7073]"
B0,KYOw02773,5,3,6,52618,6,0.6713672127408872,False,"[11658, 182, 1613, 35326, 3801, 38]"
B0,KYOw02773,5,3,8,52618,8,0.5979512714280284,False,"[2745, 1770, 641, 31463, 39, 17, 661, 15282]"
B0,KYOw02773,5,3,10,52618,9,0.4731270667832301,False,"[3198, 21, 24895, 43, 1504, 578, 139, 0, 449, 21791]"
B0,KYOw02773,5,3,12,52618,10,0.4446387167889315,False,"[21021, 0, 3, 1783, 68, 23396, 405, 449, 1094, 70, 0, 4329]"
B0,KYOw02773,5,3,14,52618,12,0.4778402827929606,False,"[10360, 195, 1, 342, 665, 0, 9191, 1245, 29, 0, 3, 2974, 2470, 25143]"
B0,KYOw02777,5,3,2,121687,2,0.936706468234076,False,"[7702, 113985]"
B0,KYOw02777,5,3,4,121687,4,0.7287302669964746,False,"[11462, 18880, 2668, 88677]"
B0,KYOw02777,5,3,6,121687,6,0.5780896891204483,False,"[1613, 2667, 16980, 29388, 70346, 693]"
B0,KYOw02777,5,3,8,121687,8,0.45873429372077545,False,"[55822, 23319, 134, 3759, 669, 1183, 4367, 32434]"
B0,KYOw02777,5,3,10,121687,10,0.4792788054599094,False,"[5506, 622, 2898, 914, 27327, 58322, 73, 420, 3437, 22168]"
B0,KYOw02777,5,3,12,121687,12,0.41420201007502855,False,"[2508, 230, 264, 26977, 1031, 18216, 3207, 50403, 15105, 57, 251, 3438]"
B0,KYOw02777,5,3,14,121687,14,0.3907812666924158,False,"[1399, 2098, 401, 47553, 4733, 167, 16361, 19205, 624, 159, 17, 23976, 2294, 2700]"
B0,KYOw02783,5,3,2,84218,2,0.9820347194186516,False,"[1513, 82705]"
B0,KYOw02783,5,3,4,84218,4,0.5214562207604075,False,"[35013, 5053, 236, 43916]"
B0,KYOw02783,5,3,6,84218,6,0.43263910327958394,False,"[11507, 289, 4589, 36436, 31361, 36]"
B0,KYOw02783,5,3,8,84218,8,0.31148923033080816,False,"[25284, 7218, 7, 24298, 39, 14, 1125, 26233]"
B0,KYOw02783,5,3,10,84218,10,0.2897005390771569,False,"[8611, 18, 20873, 76, 7475, 21977, 3, 1, 786, 24398]"
B0,KYOw02783,5,3,12,84218,12,0.26280605096297704,False,"[18809, 1, 38, 13830, 69, 22133, 735, 18969, 3408, 2, 1, 6223]"
B0,KYOw02783,5,3,14,84218,12,0.18792894630601534,False,"[9672, 340, 24, 15827, 1211, 0, 15321, 6960, 23, 1, 0, 15335, 3928, 15576]"
B0,KYOw02788,5,3,2,112294,2,0.6860028140417119,False,"[77034, 35260]"
B0,KYOw02788,5,3,4,112294,4,0.8512743334461325,False,"[56, 95593, 12342, 4303]"
B0,KYOw02788,5,3,6,112294,6,0.7710563342654104,False,"[9, 18180, 86585, 91, 5004, 2425]"
B0,KYOw02788,5,3,8,112294,7,0.506750138030527,False,"[672, 56905, 0, 47, 2325, 6762, 45517, 66]"
B0,KYOw02788,5,3,10,112294,8,0.3839742105544375,False,"[8105, 2246, 32, 43118, 40266, 0, 0, 4584, 13922, 21]"
B0,KYOw02788,5,3,12,112294,10,0.46835093593602506,False,"[28, 1221, 15146, 11451, 2774, 5, 23744, 0, 52593, 0, 4579, 753]"
B0,KYOw02788,5,3,14,112294,13,0.3256986125705737,False,"[7, 7593, 19148, 1, 35892, 3659, 1, 36574, 1857, 889, 0, 1, 6624, 48]"
B0,KYOw16711,5,3,2,82012,2,0.9194873920889626,False,"[6603, 75409]"
B0,KYOw16711,5,3,4,82012,4,0.5529800516997513,False,"[21203, 14813, 645, 45351]"
B0,KYOw16711,5,3,6,82012,6,0.3921499292786422,False,"[8914, 692, 14064, 25954, 32161, 227]"
B0,KYOw16711,5,3,8,82012,8,0.27784958298785545,False,"[22780, 15782, 8, 16144, 229, 63, 4219, 22787]"
B0,KYOw16711,5,3,10,82012,9,0.23700190216065942,False,"[19437, 187, 14426, 2415, 10820, 14004, 5, 0, 2059, 18659]"
B0,KYOw16711,5,3,12,82012,11,0.22368677754474955,False,"[13770, 55, 1751, 14705, 248, 11006, 2172, 11985, 7970, 5, 0, 18345]"
B0,KYOw16711,5,3,14,82012,13,0.27541091547578406,False,"[7630, 714, 1251, 2815, 3960, 0, 5598, 10527, 186, 23, 4, 22587, 15632, 11085]"
B1,KYOw02707,1,1,2,115078,2,0.9257981542953475,False,"[106539, 8539]"
B1,KYOw02707,1,1,4,115078,4,0.901492900467509,False,"[2388, 6050, 103742, 2898]"
B1,KYOw02707,1,1,6,115078,6,0.8745285806148873,False,"[5059, 1541, 1257, 100639, 5106, 1476]"
B1,KYOw02707,1,1,8,115078,8,0.8249535097933576,False,"[2630, 9013, 94934, 608, 2092, 2995, 1174, 1632]"
B1,KYOw02707,1,1,10,115078,10,0.6974139279445246,False,"[1148, 2006, 97, 21500, 2162, 80257, 1674, 2247, 3082, 905]"
B1,KYOw02707,1,1,12,115078,12,0.6367507255948139,False,"[26964, 2483, 1974, 1273, 73, 521, 372, 1847, 73276, 1944, 795, 3556]"
B1,KYOw02707,1,1,14,115078,13,0.5856114982881176,False,"[495, 99, 3121, 67391, 2158, 31777, 306, 1833, 3777, 1722, 728, 1048, 623, 0]"
B1,KYOw02720,1,1,2,131174,2,0.9072605851769405,False,"[119009, 12165]"
B1,KYOw02720,1,1,4,131174,4,0.5020049704972022,False,"[65850, 2733, 51551, 11040]"
B1,KYOw02720,1,1,6,131174,6,0.5838123408602315,False,"[2813, 144, 39204, 76581, 3410, 9022]"
B1,KYOw02720,1,1,8,131174,8,0.5095598213060515,False,"[939, 5460, 39740, 11646, 5767, 672, 109, 66841]"
B1,KYOw02720,1,1,10,131174,10,0.5245475475322854,False,"[106, 5958, 6603, 6745, 210, 33346, 68807, 600, 1808, 6991]"
B1,KYOw02720,1,1,12,131174,12,0.5493619162333999,False,"[8103, 418, 622, 88, 5605, 12443, 97, 72062, 20498, 4388, 5016, 1834]"
B1,KYOw02720,1,1,14,131174,14,0.5685349230792688,False,"[113, 4966, 2833, 22872, 2728, 8075, 218, 17, 2229, 74577, 7729, 63, 4752, 2]"
B1,KYOw02751,1,1,2,71469,2,0.5095356028487876,False,"[35053, 36416]"
B1,KYOw02751,1,1,4,71469,4,0.42698232800235064,False,"[30446, 8800, 1707, 30516]"
B1,KYOw02751,1,1,6,71469,6,0.42881529054555123,False,"[8758, 113, 28326, 3531, 94, 30647]"
B1,KYOw02751,1,1,8,71469,8,0.4537631700457541,False,"[86, 72, 879, 32430, 13673, 7279, 103, 16947]"
B1,KYOw02751,1,1,10,71469,10,0.24991254949698471,False,"[91, 13248, 16882, 46, 76, 837, 15223, 7155, 50, 17861]"
B1,KYOw02751,1,1,12,71469,12,0.2710825672669269,False,"[48, 6736, 78, 30, 12221, 12552, 285, 11318, 286, 8496, 19374, 45]"
B1,KYOw02751,1,1,14,71469,14,0.2746925240313982,False,"[89, 15003, 5705, 477, 153, 38, 4217, 32, 38, 11827, 14162, 17, 19632, 79]"
B1,KYOw02752,1,1,2,117193,2,0.7604976406440658,False,"[89125, 28068]"
B1,KYOw02752,1,1,4,117193,4,0.4654544213391585,False,"[31490, 11932, 54548, 19223]"
B1,KYOw02752,1,1,6,117193,6,0.4430981372607579,False,"[10879, 2318, 24760, 51928, 14958, 12350]"
B1,KYOw02752,1,1,8,117193,8,0.3242343825996433,False,"[5393, 21703, 37998, 12125, 10560, 6858, 1955, 20601]"
B1,KYOw02752,1,1,10,117193,10,0.2569522070430828,False,"[1897, 10191, 2568, 30113, 2284, 24156, 18495, 6122, 9354, 12013]"
B1,KYOw02752,1,1,12,117193,12,0.28025564666831637,False,"[32844, 5624, 3402, 1837, 1688, 14948, 978, 9860, 19048, 8055, 8853, 10056]"
B1,KYOw02752,1,1,14,117193,13,0.2807761555724318,False,"[1274, 2967, 7043, 16356, 7254, 32905, 1851, 1353, 10642, 15055, 11637, 1171, 7685, 0]"
B1,KYOw02766,1,1,2,46176,2,0.5407137907137907,False,"[21208, 24968]"
B1,KYOw02766,1,1,4,46176,4,0.3918269230769231,False,"[6481, 18093, 13550, 8052]"
B1,KYOw02766,1,1,6,46176,6,0.3858714483714484,False,"[17818, 1540, 5630, 12498, 2646, 6044]"
B1,KYOw02766,1,1,8,46176,8,0.36135654885654883,False,"[1084, 2635, 11246, 4853, 4988, 16686, 1394, 3290]"
B1,KYOw02766,1,1,10,46176,10,0.3579781704781705,False,"[1343, 4781, 1763, 2726, 262, 10230, 2859, 16530, 1687, 3995]"
B1,KYOw02766,1,1,12,46176,12,0.2956081081081081,False,"[2523, 13650, 614, 723, 1263, 3300, 3554, 1600, 9894, 3763, 3836, 1456]"
B1,KYOw02766,1,1,14,46176,14,0.2582293832293832,False,"[1274, 1807, 5203, 9648, 2142, 2389, 11924, 1228, 1487, 2247, 3616, 122, 2878, 211]"
B1,KYOw02769,1,1,2,161734,2,0.9070139859275106,False,"[146695, 15039]"
B1,KYOw02769,1,1,4,161734,4,0.45131512236140825,False,"[72993, 7517, 72135, 9089]"
B1,KYOw02769,1,1,6,161734,6,0.5077411057662582,False,"[7145, 2086, 60427, 82119, 2420, 7537]"
B1,KYOw02769,1,1,8,161734,8,0.4076693830610756,False,"[1831, 3059, 62683, 15987, 5705, 4627, 1908, 65934]"
B1,KYOw02769,1,1,10,161734,10,0.39225518443864615,False,"[1832, 5376, 11683, 4747, 1886, 58845, 63441, 3783, 1369, 8772]"
B1,KYOw02769,1,1,12,161734,12,0.34697095230440106,False,"[5649, 3772, 1675, 1684, 3877, 25949, 764, 56117, 50794, 4413, 5690, 1350]"
B1,KYOw02769,1,1,14,161734,14,0.35999851608196176,False,"[1311, 19518, 5071, 52616, 1994, 5812, 1013, 1665, 1216, 58224, 9101, 892, 3118, 183]"
B1,KYOw02774,1,1,2,38927,2,0.823592878978601,False,"[32060, 6867]"
B1,KYOw02774,1,1,4,38927,4,0.5458422174840085,False,"[9622, 2655, 21248, 5402]"
B1,KYOw02774,1,1,6,38927,6,0.5544223803529684,False,"[2721, 477, 7844, 21582, 2657, 3646]"
B1,KYOw02774,1,1,8,38927,8,0.48745086957638656,False,"[609, 4841, 18975, 4202, 3583, 1482, 423, 4812]"
B1,KYOw02774,1,1,10,38927,10,0.3988234387443163,False,"[409, 3252, 430, 7549, 239, 15525, 3623, 1391, 1176, 5333]"
B1,KYOw02774,1,1,12,38927,12,0.3649138130346546,False,"[8436, 1250, 422, 437, 218, 4881, 149, 1391, 14205, 2681, 3602, 1255]"
B1,KYOw02774,1,1,14,38927,14,0.34541577825159914,False,"[345, 604, 2701, 13446, 1871, 8703, 237, 138, 1753, 2709, 5282, 134, 994, 10]"
B1,KYOw02775,1,1,2,51705,2,0.6617348418914999,False,"[17490, 34215]"
B1,KYOw02775,1,1,4,51705,4,0.6184701672952325,False,"[1621, 31978, 15564, 2542]"
B1,KYOw02775,1,1,6,51705,6,0.5602746349482642,False,"[28969, 12333, 1197, 5552, 474, 3180]"
B1,KYOw02775,1,1,8,51705,8,0.46136737259452665,False,"[1555, 163, 5463, 500, 7258, 23855, 11533, 1378]"
B1,KYOw02775,1,1,10,51705,10,0.4236920994101151,False,"[10324, 7205, 1179, 105, 3226, 6429, 911, 21907, 302, 117]"
B1,KYOw02775,1,1,12,51705,12,0.28699352093607966,False,"[71, 14839, 1568, 4834, 862, 123, 12058, 1280, 7499, 8187, 150, 234]"
B1,KYOw02775,1,1,14,51705,14,0.29693453244367085,False,"[12323, 866, 11999, 3625, 465, 56, 15353, 3871, 82, 753, 104, 677, 1334, 197]"
B1,KYOw02776,1,1,2,91475,2,0.7052528013118339,False,"[26962, 64513]"
B1,KYOw02776,1,1,4,91475,4,0.4150970210440011,False,"[17282, 37971, 8082, 28140]"
B1,KYOw02776,1,1,6,91475,6,0.40508335610822627,False,"[37055, 742, 14641, 9856, 642, 28539]"
B1,KYOw02776,1,1,8,91475,8,0.3240557529379612,False,"[328, 862, 6214, 12784, 29643, 29399, 639, 11606]"
B1,KYOw02776,1,1,10,91475,10,0.32441650724241594,False,"[540, 28537, 5600, 1475, 260, 5337, 10896, 29676, 378, 8776]"
B1,KYOw02776,1,1,12,91475,12,0.3055261000273299,False,"[1713, 25067, 259, 235, 4252, 7620, 2133, 8670, 3665, 27948, 9554, 359]"
B1,KYOw02776,1,1,14,91475,14,0.2699098114238863,False,"[807, 4996, 24690, 3818, 674, 1852, 15668, 235, 357, 9898, 7169, 126, 21101, 84]"
B1,KYOw16719,1,1,2,81497,2,0.5409646980870462,False,"[44087, 37410]"
B1,KYOw16719,1,1,4,81497,4,0.4932696909088678,False,"[40200, 3935, 1885, 35477]"
B1,KYOw16719,1,1,6,81497,6,0.4764347153882965,False,"[3935, 78, 38828, 2457, 154, 36045]"
B1,KYOw16719,1,1,8,81497,8,0.5334674896008442,False,"[96, 136, 1397, 43476, 20750, 2043, 73, 13526]"
B1,KYOw16719,1,1,10,81497,10,0.47493772776912035,False,"[67, 21167, 38706, 174, 109, 1287, 8864, 1944, 86, 9093]"
B1,KYOw16719,1,1,12,81497,12,0.37351068137477456,False,"[174, 1715, 86, 54, 30440, 14353, 91, 5645, 932, 15388, 12543, 76]"
B1,KYOw16719,1,1,14,81497,14,0.42179466728836645,False,"[59, 34375, 5441, 1073, 187, 155, 430, 67, 64, 5509, 8527, 34, 25495, 81]"
B1,KYOw02707,1,2,2,115078,2,0.9257894645370965,False,"[8540, 106538]"
B1,KYOw02707,1,2,4,115078,4,0.8841742122734145,False,"[1483, 5629, 101749, 6217]"
B1,KYOw02707,1,2,6,115078,6,0.8727732494482003,False,"[100437, 4949, 5076, 1589, 1884, 1143]"
B1,KYOw02707,1,2,8,115078,8,0.7916456664175603,False,"[684, 3054, 2817, 91101, 1177, 1336, 2212, 12697]"
B1,KYOw02707,1,2,10,115078,10,0.7293661690331775,False,"[693, 917, 18085, 83934, 2986, 1138, 3966, 522, 1539, 1298]"
B1,KYOw02707,1,2,12,115078,12,0.7939919011453102,False,"[3455, 94, 91371, 1158, 314, 1914, 488, 10469, 1069, 1191, 1400, 2155]"
B1,KYOw02707,1,2,14,115078,13,0.589539269017536,False,"[30459, 3044, 754, 1010, 3647, 0, 502, 89, 1085, 277, 2565, 1721, 2082, 67843]"
B1,KYOw02720,1,2,2,131174,2,0.9072834555628402,False,"[12162, 119012]"
B1,KYOw02720,1,2,4,131174,4,0.7622623385731928,False,"[23524, 1799, 99989, 5862]"
B1,KYOw02720,1,2,6,131174,6,0.6334715721103268,False,"[83095, 2512, 3181, 8923, 183, 33280]"
B1,KYOw02720,1,2,8,131174,8,0.4664720142711208,False,"[11841, 481, 1386, 44378, 110, 61189, 5233, 6556]"
B1,KYOw02720,1,2,10,131174,10,0.5216125146751643,False,"[4695, 236, 7193, 32851, 3473, 17, 3643, 10531, 68422, 113]"
B1,KYOw02720,1,2,12,131174,12,0.4992147834174455,False,"[3894, 6801, 24937, 4168, 108, 18155, 3810, 2997, 65484, 86, 151, 583]"
B1,KYOw02720,1,2,14,131174,14,0.5735511610532575,False,"[5626, 1966, 2206, 93, 1567, 3, 7524, 3853, 12694, 172, 75235, 14, 3386, 16835]"
B1,KYOw02751,1,2,2,71469,2,0.5093397137220333,False,"[36402, 35067]"
B1,KYOw02751,1,2,4,71469,4,0.6360380024905903,False,"[45457, 62, 9529, 16421]"
B1,KYOw02751,1,2,6,71469,6,0.4090164966628888,False,"[4382, 8565, 87, 29232, 114, 29089]"
B1,KYOw02751,1,2,8,71469,8,0.46403335711987015,False,"[33164, 6892, 74, 1189, 99, 17872, 12103, 76]"
B1,KYOw02751,1,2,10,71469,10,0.3541955253326617,False,"[20407, 4337, 57, 671, 142, 34, 5763, 25314, 14663, 81]"
B1,KYOw02751,1,2,12,71469,12,0.30680434873861395,False,"[4800, 21927, 228, 9755, 230, 4129, 13774, 44, 11454, 28, 5052, 48]"
B1,KYOw02751,1,2,14,71469,14,0.37994095342036405,False,"[30, 6164, 9330, 74, 33, 63, 27154, 12057, 2872, 2509, 10522, 16, 424, 221]"
B1,KYOw02752,1,2,2,117193,2,0.7605061735769201,False,"[28067, 89126]"
B1,KYOw02752,1,2,4,117193,4,0.5202102514655312,False,"[25482, 13034, 60965, 17712]"
B1,KYOw02752,1,2,6,117193,6,0.45350831534306657,False,"[53148, 10537, 14674, 12357, 2756, 23721]"
B1,KYOw02752,1,2,8,117193,8,0.2931489082112413,False,"[12405, 6507, 7026, 34355, 1912, 19286, 10118, 25584]"
B1,KYOw02752,1,2,10,117193,10,0.2449975681141365,False,"[8212, 2578, 28712, 26777, 10695, 627, 8883, 12290, 16294, 2125]"
B1,KYOw02752,1,2,12,117193,12,0.28219262242625415,False,"[8394, 3927, 33071, 7943, 862, 21240, 6856, 19428, 6492, 1823, 2663, 4494]"
B1,KYOw02752,1,2,14,117193,13,0.2590683743909619,False,"[30361, 6601, 6058, 1798, 9662, 0, 7753, 1622, 17125, 1643, 10321, 1129, 7315, 15805]"
B1,KYOw02766,1,2,2,46176,2,0.5406704781704782,False,"[24966, 21210]"
B1,KYOw02766,1,2,4,46176,4,0.46632449757449757,False,"[8083, 1957, 14603, 21533]"
B1,KYOw02766,1,2,6,46176,6,0.38314275814275817,False,"[12406, 17692, 2537, 6117, 1742, 5682]"
B1,KYOw02766,1,2,8,46176,8,0.35676541926541927,False,"[4969, 16474, 1502, 10983, 1352, 3291, 4777, 2828]"
B1,KYOw02766,1,2,10,46176,10,0.283480595980596,False,"[3451, 13090, 2738, 10213, 2764, 108, 5651, 4347, 2475, 1339]"
B1,KYOw02766,1,2,12,46176,12,0.26492117117117114,False,"[4540, 2103, 10513, 4080, 2665, 2645, 2259, 2022, 1472, 860, 12233, 784]"
B1,KYOw02766,1,2,14,46176,14,0.2204391891891892,False,"[2346, 7297, 2123, 1185, 1268, 175, 3613, 1295, 2667, 10179, 1536, 454, 2499, 9539]"
B1,KYOw02769,1,2,2,161734,2,0.9070139859275106,False,"[15039, 146695]"
B1,KYOw02769,1,2,4,161734,4,0.665351750404986,False,"[41043, 2666, 107610, 10415]"
B1,KYOw02769,1,2,6,161734,6,0.5323803281932061,False,"[86104, 6929, 2380, 7382, 2315, 56624]"
B1,KYOw02769,1,2,8,161734,8,0.4014431102922082,False,"[14369, 4601, 1800, 64927, 1885, 64799, 5554, 3799]"
B1,KYOw02769,1,2,10,161734,10,0.3862144014245613,False,"[3772, 1767, 4579, 58150, 2260, 1163, 5788, 19894, 62464, 1897]"
B1,KYOw02769,1,2,12,161734,12,0.3340855973388403,False,"[5228, 14463, 53293, 5729, 694, 18534, 2105, 2302, 54033, 1790, 2244, 1319]"
B1,KYOw02769,1,2,14,161734,14,0.3434219149962284,False,"[5055, 4982, 2231, 1649, 1235, 191, 6811, 18320, 12538, 778, 55543, 1395, 2541, 48465]"
B1,KYOw02774,1,2,2,38927,2,0.823618568088987,False,"[6866, 32061]"
B1,KYOw02774,1,2,4,38927,4,0.6103732627739101,False,"[8754, 1529, 23760, 4884]"
B1,KYOw02774,1,2,6,38927,6,0.5590977984432399,False,"[21764, 2564, 2480, 3733, 661, 7725]"
B1,KYOw02774,1,2,8,38927,8,0.464099468235415,False,"[4314, 1260, 858, 18066, 415, 4223, 3556, 6235]"
B1,KYOw02774,1,2,10,38927,10,0.4160094535926221,False,"[1368, 305, 7372, 16194, 2684, 78, 3131, 4386, 2916, 493]"
B1,KYOw02774,1,2,12,38927,12,0.45860199861278805,False,"[3283, 653, 17852, 4353, 143, 6562, 616, 3352, 998, 483, 267, 365]"
B1,KYOw02774,1,2,14,38927,14,0.3445937267192437,False,"[7611, 2231, 706, 436, 1221, 10, 2602, 336, 6148, 199, 1442, 126, 2445, 13414]"
B1,KYOw02775,1,2,2,51705,2,0.6617348418914999,False,"[34215, 17490]"
B1,KYOw02775,1,2,4,51705,4,0.6323566386229572,False,"[1099, 2192, 15718, 32696]"
B1,KYOw02775,1,2,6,51705,6,0.5517454791606228,False,"[4041, 28528, 522, 3887, 13568, 1159]"
B1,KYOw02775,1,2,8,51705,8,0.4452760854849628,False,"[492, 23023, 1125, 6013, 11032, 1350, 8530, 140]"
B1,KYOw02775,1,2,10,51705,10,0.34917319408181025,False,"[1468, 18054, 115, 5031, 230, 1804, 12462, 389, 1416, 10736]"
B1,KYOw02775,1,2,12,51705,12,0.23465815685136834,False,"[11288, 605, 4792, 139, 11358, 74, 1988, 141, 1475, 6841, 12133, 871]"
B1,KYOw02775,1,2,14,51705,14,0.3015955903684363,False,"[69, 10669, 4131, 9468, 197, 159, 161, 1169, 68, 15594, 1004, 2935, 582, 5499]"
B1,KYOw02776,1,2,2,91475,2,0.7052200054659743,False,"[64510, 26965]"
B1,KYOw02776,1,2,4,91475,4,0.6101229844219732,False,"[20957, 518, 14189, 55811]"
B1,KYOw02776,1,2,6,91475,6,0.39397649631046733,False,"[10480, 36039, 611, 29057, 821, 14467]"
B1,KYOw02776,1,2,8,91475,8,0.3457993987428259,False,"[13473, 26131, 379, 6588, 602, 11532, 31632, 1138]"
B1,KYOw02776,1,2,10,91475,10,0.28454769062585406,False,"[21812, 14839, 1383, 5175, 751, 109, 26029, 10254, 10558, 565]"
B1,KYOw02776,1,2,12,91475,12,0.25655097021044,False,"[23468, 6374, 4314, 4918, 1875, 6577, 21007, 633, 7647, 267, 14183, 212]"
B1,KYOw02776,1,2,14,91475,14,0.2575785733807051,False,"[1484, 23562, 22380, 463, 296, 73, 9943, 3398, 5479, 11182, 8798, 176, 1037, 3204]"
B1,KYOw16719,1,2,2,81497,2,0.5410874019902573,False,"[37400, 44097]"
B1,KYOw16719,1,2,4,81497,4,0.7249592009521822,False,"[59082, 99, 4980, 17336]"
B1,KYOw16719,1,2,6,81497,6,0.496779022540707,False,"[2736, 3628, 152, 34404, 91, 40486]"
B1,KYOw16719,1,2,8,81497,8,0.5218719707473894,False,"[42531, 1722, 105, 1503, 72, 16260, 19133, 171]"
B1,KYOw16719,1,2,10,81497,10,0.4813919530780274,False,"[25069, 477, 180, 1221, 193, 43, 5603, 39232, 9409, 70]"
B1,KYOw16719,1,2,12,81497,12,0.48799342307078786,False,"[5356, 39770, 895, 4521, 89, 3320, 21151, 96, 5614, 57, 545, 83]"
B1,KYOw16719,1,2,14,81497,14,0.3591297839184264,False,"[121, 3671, 17063, 63, 56, 71, 22952, 29268, 2084, 316, 4518, 47, 393, 874]"
B1,KYOw02707,1,3,2,115078,2,0.9257981542953475,False,"[8539, 106539]"
B1,KYOw02707,1,3,4,115078,4,0.8840264863831488,False,"[1477, 101732, 6220, 5649]"
B1,KYOw02707,1,3,6,115078,6,0.8748674811866733,False,"[1274, 1523, 5072, 5062, 100678, 1469]"
B1,KYOw02707,1,3,8,115078,8,0.8004310120092459,False,"[617, 1906, 92112, 2794, 1874, 3304, 1088, 11383]"
B1,KYOw02707,1,3,10,115078,10,0.6976137923842959,False,"[976, 80280, 1315, 1310, 656, 522, 3830, 1576, 3232, 21381]"
B1,KYOw02707,1,3,12,115078,12,0.7735448999808825,False,"[3743, 1023, 934, 1752, 11465, 2202, 713, 86, 2752, 89018, 731, 659]"
B1,KYOw02707,1,3,14,115078,14,0.6103164809954987,False,"[2181, 28889, 2020, 1354, 3514, 51, 1053, 557, 97, 1570, 1, 2284, 70234, 1273]"
B1,KYOw02720,1,3,2,131174,2,0.9071919740192416,False,"[12174, 119000]"
B1,KYOw02720,1,3,4,131174,4,0.76330675286261,False,"[23397, 100126, 5861, 1790]"
B1,KYOw02720,1,3,6,131174,6,0.579634683702563,False,"[39719, 142, 3421, 2827, 76033, 9032]"
B1,KYOw02720,1,3,8,131174,8,0.5390931129644594,False,"[11802, 5895, 34329, 1412, 70715, 825, 100, 6096]"
B1,KYOw02720,1,3,10,131174,10,0.5354186042965832,False,"[260, 29245, 25, 111, 5194, 10728, 4066, 70233, 3142, 8170]"
B1,KYOw02720,1,3,12,131174,12,0.49239940841935137,False,"[3028, 92, 7, 64590, 3182, 25139, 3841, 3653, 2561, 17624, 206, 7251]"
B1,KYOw02720,1,3,14,131174,14,0.562085474255569,False,"[258, 6242, 73731, 103, 1657, 168, 9217, 7060, 5226, 3160, 3, 2420, 21921, 8]"
B1,KYOw02751,1,3,2,71469,2,0.5098854048608488,False,"[36441, 35028]"
B1,KYOw02751,1,3,4,71469,4,0.6359820341686605,False,"[45453, 9571, 16384, 61]"
B1,KYOw02751,1,3,6,71469,6,0.4300885698694539,False,"[28276, 112, 94, 8770, 3479, 30738]"
B1,KYOw02751,1,3,8,71469,8,0.442709426464621,False,"[31640, 15079, 691, 87, 16358, 7439, 103, 72]"
B1,KYOw02751,1,3,10,71469,10,0.3312904895828961,False,"[5015, 557, 40, 78, 22024, 23677, 5718, 14208, 96, 56]"
B1,KYOw02751,1,3,12,71469,12,0.2965761379059452,False,"[5609, 75, 28, 8963, 42, 5538, 13881, 12166, 101, 99, 3771, 21196]"
B1,KYOw02751,1,3,14,71469,14,0.3797730484545747,False,"[6453, 32, 11287, 30, 34, 316, 2017, 27142, 16138, 7331, 85, 199, 391, 14]"
B1,KYOw02752,1,3,2,117193,2,0.7603952454498135,False,"[28080, 89113]"
B1,KYOw02752,1,3,4,117193,4,0.5206539639739575,False,"[25420, 61017, 17700, 13056]"
B1,KYOw02752,1,3,6,117193,6,0.4427482870137295,False,"[24847, 2296, 14935, 10886, 51887, 12342]"
B1,KYOw02752,1,3,8,117193,8,0.2916983096260016,False,"[12574, 10192, 34185, 6773, 20186, 7317, 1727, 24239]"
B1,KYOw02752,1,3,10,117193,10,0.26633843318286926,False,"[2823, 23925, 723, 2060, 8479, 12818, 9214, 14924, 11014, 31213]"
B1,KYOw02752,1,3,12,117193,12,0.2558087940405997,False,"[8029, 1856, 448, 5584, 19892, 22013, 7195, 1635, 8990, 29979, 2351, 9221]"
B1,KYOw02752,1,3,14,117193,14,0.264316128096388,False,"[4826, 30976, 12771, 2093, 9749, 723, 14542, 8830, 2836, 5366, 3, 6593, 17116, 769]"
B1,KYOw02766,1,3,2,46176,2,0.5407571032571032,False,"[24970, 21206]"
B1,KYOw02766,1,3,4,46176,4,0.4663028413028413,False,"[8082, 14616, 21532, 1946]"
B1,KYOw02766,1,3,6,46176,6,0.3859580734580735,False,"[5635, 1524, 2650, 17822, 12509, 6036]"
B1,KYOw02766,1,3,8,46176,8,0.36313236313236313,False,"[4952, 4753, 11046, 1534, 3074, 16768, 1309, 2740]"
B1,KYOw02766,1,3,10,46176,10,0.3042706167706168,False,"[14050, 10160, 122, 1285, 3646, 4362, 5036, 2311, 2456, 2748]"
B1,KYOw02766,1,3,12,46176,12,0.26775814275814275,False,"[5932, 1306, 137, 1220, 2139, 2487, 2882, 1482, 2139, 10324, 12364, 3764]"
B1,KYOw02766,1,3,14,46176,14,0.2935507623007623,False,"[13555, 2407, 1911, 1009, 1329, 2955, 2843, 3468, 1615, 2995, 280, 1816, 9517, 476]"
B1,KYOw02769,1,3,2,161734,2,0.9070016199438584,False,"[15041, 146693]"
B1,KYOw02769,1,3,4,161734,4,0.6666934596312464,False,"[40826, 107827, 10414, 2667]"
B1,KYOw02769,1,3,6,161734,6,0.5060160510467805,False,"[60685, 2072, 2432, 7147, 81840, 7558]"
B1,KYOw02769,1,3,8,161734,8,0.41154611893603077,False,"[17415, 5581, 60032, 1904, 66561, 4947, 1793, 3501]"
B1,KYOw02769,1,3,10,161734,10,0.3843471378930837,False,"[1978, 56238, 1268, 1851, 4143, 21202, 5686, 62162, 2017, 5189]"
B1,KYOw02769,1,3,12,161734,12,0.3007221734452867,False,"[5563, 1771, 1102, 48637, 2610, 24485, 2862, 15052, 1748, 48436, 1482, 7986]"
B1,KYOw02769,1,3,14,161734,14,0.3519111627734428,False,"[3638, 5164, 56916, 1805, 1212, 150, 8702, 5234, 20145, 3526, 153, 2240, 51581, 1268]"
B1,KYOw02774,1,3,2,38927,2,0.8235415007578287,False,"[6869, 32058]"
B1,KYOw02774,1,3,4,38927,4,0.6108870449816323,False,"[8741, 23780, 4879, 1527]"
B1,KYOw02774,1,3,6,38927,6,0.5541398001387212,False,"[7871, 471, 2658, 2725, 21571, 3631]"
B1,KYOw02774,1,3,8,38927,8,0.46607752973514527,False,"[4497, 3378, 18143, 888, 4316, 1627, 366, 5712]"
B1,KYOw02774,1,3,10,38927,10,0.39795000899118865,False,"[330, 15491, 76, 456, 1613, 4591, 3379, 2494, 2350, 8147]"
B1,KYOw02774,1,3,12,38927,12,0.44593726719243715,False,"[2802, 443, 62, 830, 3626, 6184, 1185, 371, 1742, 17359, 281, 4042]"
B1,KYOw02774,1,3,14,38927,14,0.3492434556991291,False,"[1053, 7813, 1948, 578, 1227, 99, 6266, 2078, 543, 2025, 6, 1599, 13595, 97]"
B1,KYOw02775,1,3,2,51705,2,0.6616574799342423,False,"[34211, 17494]"
B1,KYOw02775,1,3,4,51705,4,0.6323759791122715,False,"[1100, 15711, 32697, 2197]"
B1,KYOw02775,1,3,6,51705,6,0.5605260613093511,False,"[1200, 12216, 476, 28982, 5690, 3141]"
B1,KYOw02775,1,3,8,51705,8,0.46877478000193407,False,"[491, 6908, 6788, 1256, 1415, 24238, 10466, 143]"
B1,KYOw02775,1,3,10,51705,10,0.35708345421139154,False,"[18463, 6114, 2105, 9791, 1196, 377, 11822, 1480, 250, 107]"
B1,KYOw02775,1,3,12,51705,12,0.3307997292331496,False,"[11946, 11154, 2060, 1533, 154, 75, 2323, 1087, 315, 3842, 17104, 112]"
B1,KYOw02775,1,3,14,51705,14,0.24148534957934437,False,"[12206, 67, 911, 6878, 197, 12486, 68, 322, 586, 8836, 79, 1149, 5876, 2044]"
B1,KYOw02776,1,3,2,91475,2,0.705383984695272,False,"[64525, 26950]"
B1,KYOw02776,1,3,4,91475,4,0.6096966384257994,False,"[20958, 14227, 55772, 518]"
B1,KYOw02776,1,3,6,91475,6,0.4056627493850779,False,"[14654, 732, 648, 37108, 9805, 28528]"
B1,KYOw02776,1,3,8,91475,8,0.328483192128997,False,"[12463, 29675, 5650, 390, 11632, 30048, 601, 1016]"
B1,KYOw02776,1,3,10,91475,10,0.28116971850232303,False,"[17164, 4804, 133, 512, 20557, 10036, 25720, 10363, 598, 1588]"
B1,KYOw02776,1,3,12,91475,12,0.26178737359934406,False,"[23947, 534, 101, 7117, 699, 7339, 22077, 3644, 556, 3285, 13914, 8262]"
B1,KYOw02776,1,3,14,91475,14,0.3101831101393823,False,"[20753, 1540, 9391, 284, 308, 3613, 4364, 13368, 4747, 28374, 114, 647, 3853, 119]"
B1,KYOw16719,1,3,2,81497,2,0.5406579383290182,False,"[37435, 44062]"
B1,KYOw16719,1,3,4,81497,4,0.7253886646134213,False,"[59117, 5012, 17267, 101]"
B1,KYOw16719,1,3,6,81497,6,0.4749990797207259,False,"[38711, 78, 155, 3955, 2437, 36161]"
B1,KYOw16719,1,3,8,81497,8,0.533553382333092,False,"[43483, 22063, 1281, 107, 12146, 2194, 68, 155]"
B1,KYOw16719,1,3,10,81497,10,0.46739143772163394,False,"[585, 1149, 56, 71, 26166, 38091, 6368, 8659, 151, 201]"
B1,KYOw16719,1,3,12,81497,12,0.3997447758813208,False,"[4530, 69, 38, 3707, 113, 3846, 21794, 32578, 150, 673, 428, 13571]"
B1,KYOw16719,1,3,14,81497,14,0.40961016969949815,False,"[1463, 139, 5113, 60, 57, 120, 1670, 26302, 33382, 11924, 65, 156, 1008, 38]"
B1,KYOw02754,2,1,2,47242,2,0.528957283772914,False,"[22253, 24989]"
B1,KYOw02754,2,1,4,47242,4,0.37466661021971975,False,"[15784, 12128, 1630, 17700]"
B1,KYOw02754,2,1,6,47242,6,0.3111637949282418,False,"[13156, 8952, 14700, 352, 8220, 1862]"
B1,KYOw02754,2,1,8,47242,8,0.284746623766987,False,"[10201, 632, 13452, 1838, 1966, 148, 7924, 11081]"
B1,KYOw02754,2,1,10,47242,10,0.22245036196604717,False,"[645, 1691, 57, 5393, 7363, 10509, 8795, 10507, 1723, 559]"
B1,KYOw02754,2,1,12,47242,12,0.2005842259006816,False,"[6602, 38, 8865, 9476, 3752, 995, 450, 454, 8802, 1683, 2227, 3898]"
B1,KYOw02754,2,1,14,47242,14,0.17772321239574954,False,"[6838, 2375, 66, 468, 8396, 5478, 779, 4013, 1495, 5974, 427, 6945, 3954, 34]"
B1,KYOw02762,2,1,2,67878,2,0.6154571436989894,False,"[41776, 26102]"
B1,KYOw02762,2,1,4,67878,4,0.5456407083296503,False,"[16488, 37037, 14349, 4]"
B1,KYOw02762,2,1,6,67878,6,0.508043843366039,False,"[4, 18463, 4, 10626, 34485, 4296]"
B1,KYOw02762,2,1,8,67878,8,0.34093520728365595,False,"[7164, 16953, 3, 1475, 11979, 7158, 23142, 4]"
B1,KYOw02762,2,1,10,67878,10,0.34215798933380476,False,"[23225, 1240, 2981, 10413, 6944, 2, 1, 2, 9407, 13663]"
B1,KYOw02762,2,1,12,67878,12,0.3784731429918383,False,"[1, 2402, 1, 2, 8321, 25690, 5188, 13815, 62, 1312, 2968, 8116]"
B1,KYOw02762,2,1,14,67878,13,0.2744040779044757,False,"[4686, 10704, 2803, 18626, 2, 1, 2860, 12828, 1194, 10, 11339, 0, 1, 2824]"
B1,KYOw02763,2,1,2,102462,2,0.834572817239562,False,"[16950, 85512]"
B1,KYOw02763,2,1,4,102462,4,0.7501317561632606,False,"[76860, 13740, 2505, 9357]"
B1,KYOw02763,2,1,6,102462,6,0.5548691222111612,False,"[25270, 56853, 4613, 3741, 11119, 866]"
B1,KYOw02763,2,1,8,102462,8,0.5722902149089418,False,"[58638, 6046, 4028, 907, 786, 4456, 8522, 19079]"
B1,KYOw02763,2,1,10,102462,10,0.44217368390232475,False,"[5140, 867, 2929, 45306, 5475, 29017, 6537, 2769, 712, 3710]"
B1,KYOw02763,2,1,12,102462,12,0.38129257676016476,False,"[9081, 3286, 2749, 28151, 6901, 1899, 542, 6407, 2750, 951, 677, 39068]"
B1,KYOw02763,2,1,14,102462,14,0.37164997755265367,False,"[1052, 38080, 2722, 866, 27484, 959, 421, 5636, 1138, 2521, 2197, 11176, 3881, 4329]"
B1,KYOw02764,2,1,2,105716,2,0.961027659010935,False,"[4120, 101596]"
B1,KYOw02764,2,1,4,105716,4,0.9385334291876348,False,"[99218, 3358, 2524, 616]"
B1,KYOw02764,2,1,6,105716,6,0.9190850959173635,False,"[1313, 97162, 729, 156, 2449, 3907]"
B1,KYOw02764,2,1,8,105716,8,0.8055923417458095,False,"[85164, 666, 599, 15861, 1042, 105, 2236, 43]"
B1,KYOw02764,2,1,10,105716,10,0.809394982784063,False,"[133, 14911, 75, 85566, 2200, 826, 34, 589, 985, 397]"
B1,KYOw02764,2,1,12,105716,12,0.7250936471300465,False,"[19, 80, 73, 551, 1474, 141, 104, 503, 976, 23385, 1756, 76654]"
B1,KYOw02764,2,1,14,105716,14,0.5065269211850618,False,"[1583, 53548, 81, 50, 373, 771, 1129, 1365, 45901, 489, 266, 37, 30, 93]"
B1,KYOw02770,2,1,2,33403,2,0.6784121186719756,False,"[10742, 22661]"
B1,KYOw02770,2,1,4,33403,4,0.4576235667455019,False,"[15286, 7778, 10035, 304]"
B1,KYOw02770,2,1,6,33403,6,0.5049247073616142,False,"[175, 16866, 233, 1647, 6713, 7769]"
B1,KYOw02770,2,1,8,33403,8,0.22459060563422448,False,"[7420, 6982, 105, 7502, 6944, 387, 4037, 26]"
B1,KYOw02770,2,1,10,33403,10,0.2835374068197467,False,"[1784, 6766, 160, 9471, 2844, 82, 14, 124, 6513, 5645]"
B1,KYOw02770,2,1,12,33403,12,0.23366164715744095,False,"[22, 50, 11, 86, 2113, 3771, 3310, 5389, 306, 7805, 3705, 6835]"
B1,KYOw02770,2,1,14,33403,14,0.23303296111127744,False,"[3512, 6928, 126, 2677, 89, 343, 4508, 2499, 7784, 43, 4809, 31, 5, 49]"
B1,KYOw02771,2,1,2,114096,2,0.8447885990744636,False,"[17709, 96387]"
B1,KYOw02771,2,1,4,114096,4,0.6279887112606928,False,"[71651, 8258, 138, 34049]"
B1,KYOw02771,2,1,6,114096,6,0.521096269807881,False,"[59455, 34448, 15226, 749, 4181, 37]"
B1,KYOw02771,2,1,8,114096,8,0.4337750666105736,False,"[45179, 682, 12881, 405, 12, 1142, 4303, 49492]"
B1,KYOw02771,2,1,10,114096,10,0.46387252839713927,False,"[440, 401, 1568, 21386, 4330, 52926, 25456, 7308, 10, 271]"
B1,KYOw02771,2,1,12,114096,12,0.41460699761604264,False,"[28598, 1749, 10068, 47305, 2846, 181, 23, 924, 5810, 399, 73, 16120]"
B1,KYOw02771,2,1,14,114096,14,0.4011972374141074,False,"[203, 11553, 1343, 85, 45775, 2029, 1, 2385, 369, 6324, 104, 21696, 20538, 1691]"
B1,KYOw02789,2,1,2,125946,1,1.0,True,"[125946, 0]"
B1,KYOw02789,2,1,4,125946,2,0.9999920600892446,False,"[0, 125945, 1, 0]"
B1,KYOw02789,2,1,6,125946,2,0.9998967811601798,False,"[0, 0, 0, 13, 125933, 0]"
B1,KYOw02789,2,1,8,125946,2,0.8033839899639528,False,"[0, 0, 0, 0, 0, 24763, 101183, 0]"
B1,KYOw02789,2,1,10,125946,3,0.9695107426992521,False,"[122106, 0, 11, 0, 3829, 0, 0, 0, 0, 0]"
B1,KYOw02789,2,1,12,125946,3,0.5807568322932051,False,"[0, 36, 0, 0, 73144, 52766, 0, 0, 0, 0, 0, 0]"
B1,KYOw02789,2,1,14,125946,4,0.5507677893700474,False,"[0, 0, 3, 3214, 0, 0, 0, 69367, 0, 0, 0, 0, 0, 53362]"
B1,KYOw16714,2,1,2,46127,2,0.7506232792074057,False,"[11503, 34624]"
B1,KYOw16714,2,1,4,46127,4,0.594814316994385,False,"[27437, 7013, 3704, 7973]"
B1,KYOw16714,2,1,6,46127,6,0.4768356927612895,False,"[10080, 21995, 5737, 618, 4879, 2818]"
B1,KYOw16714,2,1,8,46127,8,0.4237214646519392,False,"[19545, 4060, 4758, 1919, 2845, 241, 4133, 8626]"
B1,KYOw16714,2,1,10,46127,10,0.35857523793006263,False,"[701, 1715, 121, 16540, 3614, 9385, 4750, 3549, 2614, 3138]"
B1,KYOw16714,2,1,12,46127,12,0.3102087714353849,False,"[5161, 86, 2848, 8307, 2227, 1255, 1365, 3422, 3544, 1868, 1735, 14309]"
B1,KYOw16714,2,1,14,46127,14,0.3015587400004336,False,"[2630, 13910, 87, 752, 8222, 1323, 1477, 2581, 1604, 2829, 2921, 4248, 3438, 105]"
B1,KYOw16716,2,1,2,80056,2,0.8515414210052963,False,"[11885, 68171]"
B1,KYOw16716,2,1,4,80056,4,0.7427425801938643,False,"[59461, 8011, 1693, 10891]"
B1,KYOw16716,2,1,6,80056,6,0.4643749375437194,False,"[28721, 37176, 5547, 1032, 5838, 1742]"
B1,KYOw16716,2,1,8,80056,8,0.5263690416708304,False,"[42139, 1713, 4754, 2345, 1147, 1146, 5227, 21585]"
B1,KYOw16716,2,1,10,80056,10,0.38940241830718497,False,"[1388, 2155, 864, 27757, 4389, 31174, 6910, 3286, 1048, 1085]"
B1,KYOw16716,2,1,12,80056,12,0.3667557709603278,False,"[9395, 964, 3143, 29361, 3423, 675, 288, 1666, 3217, 2353, 1579, 23992]"
B1,KYOw16716,2,1,14,80056,14,0.3609723193764365,False,"[2279, 20473, 734, 291, 28898, 1785, 666, 3221, 3098, 2305, 708, 9634, 4805, 1159]"
B1,KYOw16750,2,1,2,58739,2,0.8381654437426582,False,"[9506, 49233]"
B1,KYOw16750,2,1,4,58739,4,0.744990551422394,False,"[43760, 6082, 2194, 6703]"
B1,KYOw16750,2,1,6,58739,6,0.6025979332300516,False,"[11496, 35396, 4893, 2140, 3924, 890]"
B1,KYOw16750,2,1,8,58739,8,0.5610922896201842,False,"[32958, 5819, 4213, 967, 823, 1417, 3426, 9116]"
B1,KYOw16750,2,1,10,58739,10,0.4866102589420998,False,"[804, 880, 1409, 28583, 3095, 12849, 4235, 3025, 781, 3078]"
B1,KYOw16750,2,1,12,58739,12,0.39622737874325403,False,"[4510, 1243, 2307, 13243, 1838, 640, 543, 6047, 3369, 1020, 705, 23274]"
B1,KYOw16750,2,1,14,58739,14,0.4125538398678902,False,"[1276, 24233, 1666, 455, 14549, 660, 471, 1965, 1222, 2801, 1820, 3136, 3729, 756]"
B1,KYOw02754,2,2,2,47242,2,0.5291266246136912,False,"[22245, 24997]"
B1,KYOw02754,2,2,4,47242,4,0.372444011684518,False,"[12866, 17595, 1613, 15168]"
B1,KYOw02754,2,2,6,47242,6,0.30777697811269633,False,"[13628, 1877, 7403, 267, 14540, 9527]"
B1,KYOw02754,2,2,8,47242,8,0.26594979044070954,False,"[12564, 5481, 364, 2504, 2050, 11385, 11131, 1763]"
B1,KYOw02754,2,2,10,47242,10,0.23233563354642056,False,"[37, 5438, 5628, 562, 10976, 9972, 10333, 670, 1772, 1854]"
B1,KYOw02754,2,2,12,47242,12,0.2281021125269887,False,"[5696, 10776, 501, 56, 2458, 5899, 329, 1379, 4855, 9989, 214, 5090]"
B1,KYOw02754,2,2,14,47242,14,0.19946234283053216,False,"[447, 3369, 9423, 6162, 31, 4333, 1357, 695, 4974, 313, 658, 6249, 5963, 3268]"
B1,KYOw02762,2,2,2,67878,2,0.6155455375821326,False,"[41782, 26096]"
B1,KYOw02762,2,2,4,67878,4,0.5219511476472495,False,"[35429, 4, 13145, 19300]"
B1,KYOw02762,2,2,6,67878,6,0.47001974130056867,False,"[4, 4880, 21019, 10068, 3, 31904]"
B1,KYOw02762,2,2,8,67878,8,0.42287633695748256,False,"[436, 15145, 11072, 28704, 10520, 3, 2, 1996]"
B1,KYOw02762,2,2,10,67878,10,0.2882377206164,False,"[2428, 17352, 10512, 13585, 41, 1, 2, 19565, 1310, 3082]"
B1,KYOw02762,2,2,12,67878,12,0.3742155042871033,False,"[7426, 69, 6318, 3343, 5226, 1, 13351, 1945, 25401, 3, 4794, 1]"
B1,KYOw02762,2,2,14,67878,13,0.3370458764253514,False,"[13462, 6773, 2, 27, 2152, 1, 1434, 2258, 0, 4789, 22878, 5553, 2, 8547]"
B1,KYOw02763,2,2,2,102462,2,0.8346118561027502,False,"[16946, 85516]"
B1,KYOw02763,2,2,4,102462,4,0.740957623314009,False,"[13825, 10650, 2067, 75920]"
B1,KYOw02763,2,2,6,102462,6,0.5157521812964806,False,"[29310, 906, 52845, 3970, 4942, 10489]"
B1,KYOw02763,2,2,8,102462,8,0.4606878647693779,False,"[4523, 47203, 3935, 9162, 821, 30087, 5766, 965]"
B1,KYOw02763,2,2,10,102462,10,0.4626593273603873,False,"[3457, 8219, 47405, 3799, 3080, 5826, 27916, 931, 1143, 686]"
B1,KYOw02763,2,2,12,102462,12,0.42445979973063186,False,"[43491, 3107, 642, 3638, 703, 1362, 7180, 796, 8012, 28014, 278, 5239]"
B1,KYOw02763,2,2,14,102462,14,0.3939997267279577,False,"[4927, 6333, 25835, 2405, 2982, 1056, 1180, 372, 10239, 374, 2665, 1000, 2724, 40370]"
B1,KYOw02764,2,2,2,105716,2,0.9610371183170002,False,"[4119, 101597]"
B1,KYOw02764,2,2,4,105716,4,0.9424117446744107,False,"[3310, 580, 2198, 99628]"
B1,KYOw02764,2,2,6,105716,6,0.904990729880056,False,"[3195, 3517, 95672, 139, 509, 2684]"
B1,KYOw02764,2,2,8,105716,8,0.7555904498845964,False,"[2065, 79878, 199, 716, 1260, 941, 92, 20565]"
B1,KYOw02764,2,2,10,105716,10,0.614325173105301,False,"[82, 1800, 64944, 384, 964, 50, 137, 81, 35371, 1903]"
B1,KYOw02764,2,2,12,105716,12,0.7426028226569299,False,"[78505, 984, 144, 86, 1683, 823, 448, 21156, 1472, 383, 2, 30]"
B1,KYOw02764,2,2,14,105716,14,0.4911744674410685,False,"[387, 1279, 408, 651, 76, 937, 46689, 1681, 12, 27, 92, 1522, 30, 51925]"
B1,KYOw02770,2,2,2,33403,2,0.6783522438104362,False,"[10744, 22659]"
B1,KYOw02770,2,2,4,33403,4,0.5038469598539054,False,"[7024, 231, 9318, 16830]"
B1,KYOw02770,2,2,6,33403,6,0.5171391791156483,False,"[332, 7996, 17274, 1154, 130, 6517]"
B1,KYOw02770,2,2,8,33403,8,0.3235338143280544,False,"[862, 10807, 2233, 3519, 6765, 72, 23, 9122]"
B1,KYOw02770,2,2,10,33403,10,0.24527737029608118,False,"[41, 3511, 7642, 5305, 331, 21, 52, 3799, 8193, 4508]"
B1,KYOw02770,2,2,12,33403,12,0.26898781546567674,False,"[6081, 163, 3024, 124, 3956, 294, 4898, 8985, 4019, 56, 1800, 3]"
B1,KYOw02770,2,2,14,33403,14,0.24198425291141515,False,"[4726, 1731, 72, 79, 35, 312, 8083, 3812, 13, 2261, 2234, 4104, 4, 5937]"
B1,KYOw02771,2,2,2,114096,2,0.8449463609591923,False,"[17691, 96405]"
B1,KYOw02771,2,2,4,114096,4,0.5926062263357172,False,"[8988, 37388, 106, 67614]"
B1,KYOw02771,2,2,6,114096,6,0.5622721217220586,False,"[64153, 24, 26733, 910, 17239, 5037]"
B1,KYOw02771,2,2,8,114096,8,0.5126560089748984,False,"[8273, 21847, 667, 2210, 13, 58492, 22356, 238]"
B1,KYOw02771,2,2,10,114096,10,0.4702881783761043,False,"[1898, 2777, 24582, 325, 7606, 22576, 53658, 79, 543, 52]"
B1,KYOw02771,2,2,12,114096,12,0.45094481839854156,False,"[23385, 7346, 35, 1276, 53, 2935, 1303, 69, 2366, 51451, 5, 23872]"
B1,KYOw02771,2,2,14,114096,14,0.37042490534286915,False,"[503, 3169, 42264, 5084, 1521, 2673, 268, 1, 29292, 18, 237, 130, 12145, 16791]"
B1,KYOw02789,2,2,2,125946,1,1.0,True,"[125946, 0]"
B1,KYOw02789,2,2,4,125946,2,0.9999761802677338,False,"[125943, 0, 3, 0]"
B1,KYOw02789,2,2,6,125946,2,0.9942515046130882,False,"[0, 0, 0, 724, 0, 125222]"
B1,KYOw02789,2,2,8,125946,2,0.999960300446223,False,"[0, 0, 5, 125941, 0, 0, 0, 0]"
B1,KYOw02789,2,2,10,125946,3,0.9840487192923951,False,"[250, 123937, 0, 0, 0, 0, 0, 1759, 0, 0]"
B1,KYOw02789,2,2,12,125946,2,0.9850491480475759,False,"[0, 0, 0, 1883, 0, 0, 0, 0, 124063, 0, 0, 0]"
B1,KYOw02789,2,2,14,125946,4,0.7484477474473187,False,"[0, 31667, 0, 0, 14, 0, 0, 0, 0, 1, 94264, 0, 0, 0]"
B1,KYOw16714,2,2,2,46127,2,0.7507750341448609,False,"[11496, 34631]"
B1,KYOw16714,2,2,4,46127,4,0.5961584321547033,False,"[7113, 8245, 3270, 27499]"
B1,KYOw16714,2,2,6,46127,6,0.45303184685758885,False,"[10764, 2960, 20897, 404, 5629, 5473]"
B1,KYOw16714,2,2,8,46127,8,0.3980965594987751,False,"[4691, 18363, 932, 2134, 2756, 9866, 4939, 2446]"
B1,KYOw16714,2,2,10,46127,10,0.36677000455264813,False,"[89, 3099, 16918, 2833, 4135, 4656, 9288, 1167, 1995, 1947]"
B1,KYOw16714,2,2,12,46127,12,0.3296334034296616,False,"[15205, 3340, 823, 120, 1356, 1409, 3448, 2113, 2848, 9224, 2316, 3925]"
B1,KYOw16714,2,2,14,46127,14,0.31512996726429204,False,"[2748, 2096, 7046, 2679, 67, 1115, 1977, 1091, 5596, 1133, 659, 2765, 2619, 14536]"
B1,KYOw16716,2,2,2,80056,2,0.8515788947736584,False,"[11882, 68174]"
B1,KYOw16716,2,2,4,80056,4,0.7254796642350355,False,"[8195, 12246, 1536, 58079]"
B1,KYOw16716,2,2,6,80056,6,0.4086889177575697,False,"[32718, 1641, 32639, 1101, 5706, 6251]"
B1,KYOw16716,2,2,8,80056,8,0.40787698610972317,False,"[4966, 28186, 1061, 3334, 1228, 32653, 6281, 2347]"
B1,KYOw16716,2,2,10,80056,10,0.38083341660837416,False,"[1030, 4088, 28631, 1079, 3810, 6193, 30488, 344, 2877, 1516]"
B1,KYOw16716,2,2,12,80056,12,0.37415059458379135,False,"[28066, 3686, 322, 937, 1478, 2171, 1813, 1959, 3668, 29953, 244, 5759]"
B1,KYOw16716,2,2,14,80056,14,0.33652693114819626,False,"[1239, 3306, 26941, 2308, 826, 1945, 2998, 729, 11014, 187, 791, 2130, 2961, 22681]"
B1,KYOw16750,2,2,2,58739,2,0.8381994926709682,False,"[9504, 49235]"
B1,KYOw16750,2,2,4,58739,4,0.7421644903726655,False,"[6242, 7056, 1847, 43594]"
B1,KYOw16750,2,2,6,58739,6,0.5746948364800218,False,"[13239, 944, 33757, 1857, 4726, 4216]"
B1,KYOw16750,2,2,8,58739,8,0.515671019254669,False,"[4563, 30290, 2475, 1915, 829, 13319, 4241, 1107]"
B1,KYOw16750,2,2,10,58739,10,0.5033963805989207,False,"[1278, 2379, 29569, 3065, 3729, 3936, 12330, 578, 1176, 699]"
B1,KYOw16750,2,2,12,58739,12,0.4306508452646453,False,"[25296, 3637, 644, 1215, 719, 816, 6698, 1080, 2158, 12213, 175, 4088]"
B1,KYOw16750,2,2,14,58739,14,0.42067450926982075,False,"[4409, 1885, 11761, 2643, 1188, 709, 1276, 441, 5021, 386, 561, 1157, 2592, 24710]"
B1,KYOw02754,2,3,2,47242,2,0.5291266246136912,False,"[22245, 24997]"
B1,KYOw02754,2,3,4,47242,4,0.3725498497100038,False,"[17600, 12868, 15160, 1614]"
B1,KYOw02754,2,3,6,47242,6,0.31696371872486345,False,"[11728, 14974, 5701, 12409, 1885, 545]"
B1,KYOw02754,2,3,8,47242,8,0.2780788281613818,False,"[633, 11536, 13137, 50, 1190, 10125, 8685, 1886]"
B1,KYOw02754,2,3,10,47242,10,0.21944456204225055,False,"[523, 4940, 3866, 9178, 39, 526, 6068, 10087, 1648, 10367]"
B1,KYOw02754,2,3,12,47242,12,0.20818339613056178,False,"[9835, 9357, 7463, 1510, 1200, 4706, 34, 401, 2646, 7418, 471, 2201]"
B1,KYOw02754,2,3,14,47242,14,0.16341391135006986,False,"[6685, 7720, 2574, 5745, 27, 433, 7542, 4123, 3829, 369, 672, 1232, 6157, 134]"
B1,KYOw02762,2,3,2,67878,2,0.6155455375821326,False,"[41782, 26096]"
B1,KYOw02762,2,3,4,67878,4,0.5263708418044138,False,"[4, 35729, 18946, 13199]"
B1,KYOw02762,2,3,6,67878,6,0.538407142225758,False,"[10379, 78, 36546, 4, 4818, 16053]"
B1,KYOw02762,2,3,8,67878,8,0.4074958012905507,False,"[15382, 2, 2, 3165, 27660, 9660, 9666, 2341]"
B1,KYOw02762,2,3,10,67878,10,0.3921447302513333,False,"[14632, 26618, 3910, 68, 2758, 9854, 8392, 1, 1643, 2]"
B1,KYOw02762,2,3,12,67878,11,0.2875747664928254,False,"[57, 2, 0, 1651, 8521, 11332, 1785, 19520, 11890, 1, 12257, 862]"
B1,KYOw02762,2,3,14,67878,13,0.3492294999852677,False,"[6027, 2, 6080, 0, 1928, 6461, 2, 1, 7876, 13241, 23705, 1899, 1, 655]"
B1,KYOw02763,2,3,2,102462,2,0.8346118561027502,False,"[16946, 85516]"
B1,KYOw02763,2,3,4,102462,4,0.7408600261560383,False,"[10605, 13846, 75910, 2101]"
B1,KYOw02763,2,3,6,102462,6,0.6092307392008744,False,"[62423, 4337, 11250, 17472, 885, 6095]"
B1,KYOw02763,2,3,8,102462,8,0.5225156643438543,False,"[5087, 24390, 4375, 4542, 1634, 8091, 53538, 805]"
B1,KYOw02763,2,3,10,102462,10,0.44558958443130137,False,"[5878, 8158, 859, 3198, 3559, 551, 45656, 5778, 863, 27962]"
B1,KYOw02763,2,3,12,102462,12,0.38108762272842617,False,"[2759, 29314, 10390, 967, 509, 6910, 2900, 2549, 39047, 3465, 3049, 603]"
B1,KYOw02763,2,3,14,102462,14,0.3628955124826765,False,"[5089, 28403, 666, 6513, 2574, 627, 2457, 5493, 37183, 6522, 5085, 598, 979, 273]"
B1,KYOw02764,2,3,2,105716,2,0.9610371183170002,False,"[4119, 101597]"
B1,KYOw02764,2,3,4,105716,4,0.9415698664345984,False,"[582, 3325, 99539, 2270]"
B1,KYOw02764,2,3,6,105716,6,0.9310794960081729,False,"[98430, 1302, 1834, 338, 3376, 436]"
B1,KYOw02764,2,3,8,105716,8,0.9100325400128647,False,"[508, 518, 228, 103, 254, 2760, 96205, 5140]"
B1,KYOw02764,2,3,10,105716,10,0.7980532748117598,False,"[494, 1458, 1735, 898, 86, 85, 84367, 49, 16107, 437]"
B1,KYOw02764,2,3,12,105716,12,0.6223277460365507,False,"[976, 1141, 34, 33340, 284, 1701, 69, 96, 65790, 36, 283, 1966]"
B1,KYOw02764,2,3,14,105716,14,0.8026883347837602,False,"[1872, 54, 1495, 4647, 65, 113, 438, 29, 84857, 443, 137, 11049, 514, 3]"
B1,KYOw02770,2,3,2,33403,2,0.6783223063796665,False,"[10745, 22658]"
B1,KYOw02770,2,3,4,33403,4,0.49681166362302787,False,"[238, 7144, 16595, 9426]"
B1,KYOw02770,2,3,6,33403,6,0.4203215280064665,False,"[14040, 519, 6373, 96, 7458, 4917]"
B1,KYOw02770,2,3,8,33403,8,0.36023710445169593,False,"[6116, 109, 60, 59, 5729, 3056, 12033, 6241]"
B1,KYOw02770,2,3,10,33403,10,0.23689488968056763,False,"[5688, 4253, 3812, 153, 66, 3564, 7913, 20, 7877, 57]"
B1,KYOw02770,2,3,12,33403,12,0.2600963985270784,False,"[273, 100, 34, 8688, 5929, 2903, 22, 1500, 8127, 4, 4291, 1532]"
B1,KYOw02770,2,3,14,33403,14,0.24192437804987577,False,"[2463, 82, 4074, 156, 26, 2616, 48, 2, 7301, 5154, 1969, 8081, 250, 1181]"
B1,KYOw02771,2,3,2,114096,2,0.8449551255083438,False,"[17690, 96406]"
B1,KYOw02771,2,3,4,114096,4,0.5943153134202777,False,"[37217, 8965, 67809, 105]"
B1,KYOw02771,2,3,6,114096,6,0.42876174449586313,False,"[48920, 12191, 3213, 48752, 30, 990]"
B1,KYOw02771,2,3,8,114096,8,0.48204143878838873,False,"[545, 54999, 15447, 2029, 126, 5904, 34907, 139]"
B1,KYOw02771,2,3,10,114096,10,0.4702268265320432,False,"[720, 2247, 145, 8278, 1703, 27, 24520, 22526, 279, 53651]"
B1,KYOw02771,2,3,12,114096,12,0.4237571869303043,False,"[5737, 48349, 26233, 198, 5, 2843, 1840, 220, 12329, 15640, 247, 455]"
B1,KYOw02771,2,3,14,114096,14,0.45665930444537933,False,"[3466, 52103, 47, 7157, 1517, 40, 7010, 26041, 13416, 896, 424, 21, 1957, 1]"
B1,KYOw02789,2,3,2,125946,1,1.0,True,"[125946, 0]"
B1,KYOw02789,2,3,4,125946,2,0.9999841201784891,False,"[0, 125944, 0, 2]"
B1,KYOw02789,2,3,6,125946,2,0.9999920600892446,False,"[0, 0, 125945, 0, 0, 1]"
B1,KYOw02789,2,3,8,125946,3,0.5005160941991011,False,"[0, 0, 0, 22840, 40068, 63038, 0, 0]"
B1,KYOw02789,2,3,10,125946,3,0.995903006050212,False,"[0, 125430, 0, 0, 514, 2, 0, 0, 0, 0]"
B1,KYOw02789,2,3,12,125946,3,0.6357565940958824,False,"[0, 0, 0, 0, 0, 45869, 6, 80071, 0, 0, 0, 0]"
B1,KYOw02789,2,3,14,125946,4,0.9712734028869515,False,"[3606, 0, 0, 0, 10, 2, 0, 0, 0, 0, 122328, 0, 0, 0]"
B1,KYOw16714,2,3,2,46127,2,0.7507750341448609,False,"[11496, 34631]"
B1,KYOw16714,2,3,4,46127,4,0.5943156936284606,False,"[8237, 7147, 27414, 3329]"
B1,KYOw16714,2,3,6,46127,6,0.4918160730158042,False,"[22686, 5738, 3900, 8599, 2656, 2548]"
B1,KYOw16714,2,3,8,46127,8,0.4154183016454571,False,"[3330, 9587, 5061, 115, 1730, 4900, 19162, 2242]"
B1,KYOw16714,2,3,10,46127,10,0.3544995338955492,False,"[3373, 3117, 2082, 3719, 108, 1322, 16352, 4651, 2017, 9386]"
B1,KYOw16714,2,3,12,46127,12,0.3224575628157045,False,"[3433, 8612, 4875, 1982, 2388, 2758, 74, 396, 14874, 3373, 2222, 1140]"
B1,KYOw16714,2,3,14,46127,14,0.2924751230298957,False,"[3129, 9427, 1255, 1835, 57, 652, 2477, 3848, 13491, 3578, 644, 1838, 1295, 2601]"
B1,KYOw16716,2,3,2,80056,2,0.8515788947736584,False,"[11882, 68174]"
B1,KYOw16716,2,3,4,80056,4,0.7257669631258119,False,"[12194, 8202, 58102, 1558]"
B1,KYOw16716,2,3,6,80056,6,0.579469371439992,False,"[46390, 5611, 4867, 19918, 1674, 1596]"
B1,KYOw16716,2,3,8,80056,8,0.45344508843809334,False,"[1431, 27574, 4980, 1285, 645, 5934, 36301, 1906]"
B1,KYOw16716,2,3,10,80056,10,0.38043369641251124,False,"[1573, 3714, 1954, 3581, 1032, 255, 29205, 6176, 2110, 30456]"
B1,KYOw16716,2,3,12,80056,12,0.38411861696812233,False,"[3329, 30751, 9932, 2470, 550, 3634, 883, 702, 21310, 3978, 859, 1658]"
B1,KYOw16716,2,3,14,80056,14,0.37507494753672427,False,"[3828, 30027, 1439, 4650, 747, 267, 2581, 6375, 23747, 1590, 1331, 1518, 1713, 243]"
B1,KYOw16750,2,3,2,58739,2,0.8382335415992782,False,"[9502, 49237]"
B1,KYOw16750,2,3,4,58739,4,0.7415686341272408,False,"[7042, 6257, 43559, 1881]"
B1,KYOw16750,2,3,6,58739,6,0.6117570949454366,False,"[35934, 4965, 3364, 8661, 911, 4904]"
B1,KYOw16750,2,3,8,58739,8,0.5454978804542127,False,"[4466, 11070, 4095, 1290, 810, 4100, 32042, 866]"
B1,KYOw16750,2,3,10,58739,10,0.46590851052963106,False,"[5423, 2190, 861, 3813, 1260, 525, 27367, 3941, 972, 12387]"
B1,KYOw16750,2,3,12,58739,12,0.42869303188682134,False,"[3222, 14634, 3909, 1146, 543, 2097, 1199, 628, 25181, 3285, 2329, 566]"
B1,KYOw16750,2,3,14,58739,14,0.36609407718892045,False,"[2680, 15064, 695, 1391, 1136, 613, 2904, 4119, 21504, 6198, 771, 871, 665, 128]"
B1,KYOw02715,3,1,2,65124,2,0.8521128923284811,False,"[9631, 55493]"
B1,KYOw02715,3,1,4,65124,4,0.7214391007923346,False,"[46983, 7625, 2487, 8029]"
B1,KYOw02715,3,1,6,65124,6,0.7511823598059088,False,"[4672, 3314, 8, 48920, 793, 7417]"
B1,KYOw02715,3,1,8,65124,8,0.6830507954056876,False,"[613, 44483, 11917, 1393, 5769, 706, 8, 235]"
B1,KYOw02715,3,1,10,65124,10,0.5997021067501996,False,"[275, 4951, 98, 15319, 39055, 409, 86, 771, 4153, 7]"
B1,KYOw02715,3,1,12,65124,12,0.4203826546280941,False,"[3466, 22565, 331, 11, 10, 27377, 3077, 5069, 313, 2821, 7, 77]"
B1,KYOw02715,3,1,14,65124,14,0.5314937657392053,False,"[4621, 143, 9653, 57, 64, 2219, 3288, 11, 624, 34613, 27, 3, 324, 9477]"
B1,KYOw02716,3,1,2,62799,2,0.5983057055048647,False,"[25226, 37573]"
B1,KYOw02716,3,1,4,62799,4,0.5858055064571092,False,"[261, 10945, 14805, 36788]"
B1,KYOw02716,3,1,6,62799,6,0.45970477236898677,False,"[19366, 10505, 2672, 161, 28869, 1226]"
B1,KYOw02716,3,1,8,62799,8,0.3837640726763165,False,"[16544, 142, 108, 2731, 2347, 24100, 2720, 14107]"
B1,KYOw02716,3,1,10,62799,10,0.29508431662924567,False,"[7685, 3589, 11745, 82, 121, 18531, 375, 14955, 279, 5437]"
B1,KYOw02716,3,1,12,62799,12,0.3995923501966592,False,"[851, 109, 1220, 257, 12380, 95, 3068, 513, 17972, 92, 1148, 25094]"
B1,KYOw02716,3,1,14,62799,14,0.31760059873564866,False,"[3084, 3716, 36, 19945, 4556, 8450, 134, 49, 739, 94, 9921, 11875, 110, 90]"
B1,KYOw02717,3,1,2,82044,2,0.8105284969041002,False,"[15545, 66499]"
B1,KYOw02717,3,1,4,82044,4,0.5387109355955341,False,"[21418, 8785, 7643, 44198]"
B1,KYOw02717,3,1,6,82044,6,0.4578518843547365,False,"[37564, 7482, 2136, 24213, 4895, 5754]"
B1,KYOw02717,3,1,8,82044,8,0.5042050606991371,False,"[4590, 41367, 4285, 4469, 5155, 4471, 1889, 15818]"
B1,KYOw02717,3,1,10,82044,10,0.5258154161181805,False,"[3687, 5035, 11240, 4151, 43140, 3924, 2283, 3778, 2960, 1846]"
B1,KYOw02717,3,1,12,82044,12,0.5440495343961776,False,"[2681, 44636, 3577, 1721, 3833, 8133, 3918, 5951, 3555, 937, 1359, 1743]"
B1,KYOw02717,3,1,14,82044,14,0.5249012724879333,False,"[4392, 2627, 6795, 1436, 8489, 4103, 1436, 272, 1932, 43065, 3689, 1607, 205, 1996]"
B1,KYOw02756,3,1,2,101107,2,0.6687370805186584,False,"[33493, 67614]"
B1,KYOw02756,3,1,4,101107,4,0.407637453390962,False,"[41215, 22851, 10494, 26547]"
B1,KYOw02756,3,1,6,101107,6,0.38180343596387983,False,"[24023, 12552, 552, 38603, 2857, 22520]"
B1,KYOw02756,3,1,8,101107,8,0.2907316011749928,False,"[2745, 29395, 26507, 7702, 14990, 2367, 529, 16872]"
B1,KYOw02756,3,1,10,101107,10,0.24487918739553147,False,"[2480, 13244, 14804, 24163, 24759, 1734, 1785, 2618, 14995, 525]"
B1,KYOw02756,3,1,12,101107,12,0.2414076176723669,False,"[9970, 18694, 2598, 820, 10074, 24408, 10453, 8764, 1610, 12745, 466, 505]"
B1,KYOw02756,3,1,14,101107,14,0.2091843294727368,False,"[11723, 1929, 10028, 396, 13460, 4082, 13980, 499, 4648, 21150, 562, 445, 6752, 11453]"
B1,KYOw02758,3,1,2,72279,2,0.5640919215816489,False,"[40772, 31507]"
B1,KYOw02758,3,1,4,72279,4,0.430041920889885,False,"[742, 10651, 31083, 29803]"
B1,KYOw02758,3,1,6,72279,6,0.3897259231588705,False,"[19585, 28169, 6967, 254, 14067, 3237]"
B1,KYOw02758,3,1,8,72279,8,0.3040163809681927,False,"[6801, 258, 236, 15686, 3531, 21974, 6111, 17682]"
B1,KYOw02758,3,1,10,72279,10,0.35198328698515474,False,"[2971, 5482, 15427, 118, 232, 25441, 6184, 7763, 678, 7983]"
B1,KYOw02758,3,1,12,72279,12,0.3426721454364338,False,"[1654, 155, 1281, 3773, 15968, 98, 7076, 841, 24768, 115, 3886, 12664]"
B1,KYOw02758,3,1,14,72279,14,0.3306492895585163,False,"[4064, 1999, 10, 6640, 8186, 5664, 41, 374, 4199, 11, 23899, 12978, 4213, 1]"
B1,KYOw02760,3,1,2,50128,2,0.9022302904564315,False,"[4901, 45227]"
B1,KYOw02760,3,1,4,50128,4,0.7807812001276732,False,"[5622, 3678, 1689, 39139]"
B1,KYOw02760,3,1,6,50128,6,0.7156678902010852,False,"[35875, 1926, 241, 4808, 5366, 1912]"
B1,KYOw02760,3,1,8,50128,8,0.5378231726779444,False,"[11700, 4618, 1861, 764, 1664, 2345, 216, 26960]"
B1,KYOw02760,3,1,10,50128,10,0.3855529843600383,False,"[17143, 1611, 19327, 1666, 3532, 1474, 134, 3971, 1046, 224]"
B1,KYOw02760,3,1,12,50128,12,0.375638365783594,False,"[765, 2319, 16709, 91, 18830, 2425, 1243, 3019, 1419, 263, 169, 2876]"
B1,KYOw02760,3,1,14,50128,14,0.3534152569422279,False,"[1528, 17217, 3148, 2919, 17716, 2110, 570, 72, 201, 2418, 478, 263, 1440, 48]"
B1,KYOw02780,3,1,2,56464,2,0.7608033437234344,False,"[13506, 42958]"
B1,KYOw02780,3,1,4,56464,4,0.4948285633323888,False,"[13639, 13614, 1271, 27940]"
B1,KYOw02780,3,1,6,56464,6,0.4545196939642958,False,"[25664, 1982, 50, 11782, 5132, 11854]"
B1,KYOw02780,3,1,8,56464,8,0.3351870218192122,False,"[8290, 9311, 8886, 586, 7846, 2573, 46, 18926]"
B1,KYOw02780,3,1,10,56464,10,0.2335293284216492,False,"[13186, 3125, 13059, 6491, 6327, 1181, 85, 4074, 8879, 57]"
B1,KYOw02780,3,1,12,56464,12,0.2597938509492774,False,"[6029, 3707, 14669, 44, 11360, 5644, 1501, 9059, 955, 2208, 30, 1258]"
B1,KYOw02780,3,1,14,56464,14,0.21789104562198924,False,"[4125, 12303, 11566, 1654, 11524, 4174, 5948, 15, 194, 4118, 204, 101, 350, 188]"
B1,KYOw02784,3,1,2,117549,2,0.7253570851304563,False,"[32284, 85265]"
B1,KYOw02784,3,1,4,117549,4,0.4353673787101549,False,"[51177, 26724, 3841, 35807]"
B1,KYOw02784,3,1,6,117549,6,0.4139039889748105,False,"[32201, 6086, 1910, 48654, 2173, 26525]"
B1,KYOw02784,3,1,8,117549,8,0.3128482590238964,False,"[2368, 36775, 27269, 1292, 21121, 2169, 1813, 24742]"
B1,KYOw02784,3,1,10,117549,10,0.25598686505202084,False,"[2687, 12706, 22342, 30091, 29513, 1904, 805, 1553, 13945, 2003]"
B1,KYOw02784,3,1,12,117549,12,0.2604956231018554,False,"[17817, 19618, 2269, 759, 19158, 30621, 2807, 2076, 1715, 17571, 1576, 1562]"
B1,KYOw02784,3,1,14,117549,14,0.2265268100962152,False,"[16506, 2305, 3626, 810, 19856, 1853, 11335, 417, 276, 23575, 844, 2085, 7433, 26628]"
B1,KYOw02790,3,1,2,26249,2,0.9572174178063926,False,"[25126, 1123]"
B1,KYOw02790,3,1,4,26249,3,0.9646081755495447,False,"[0, 8, 25320, 921]"
B1,KYOw02790,3,1,6,26249,4,0.8653662996685588,False,"[23, 22715, 3503, 0, 8, 0]"
B1,KYOw02790,3,1,8,26249,6,0.8616709207969827,False,"[2, 0, 0, 22618, 132, 189, 3283, 25]"
B1,KYOw02790,3,1,10,26249,6,0.565659644176921,False,"[0, 7082, 8, 0, 0, 1681, 14848, 2, 0, 2628]"
B1,KYOw02790,3,1,12,26249,6,0.45594117871156997,False,"[0, 0, 0, 10221, 25, 0, 11968, 0, 1569, 0, 2452, 14]"
B1,KYOw02790,3,1,14,26249,7,0.48756143091165377,False,"[1280, 0, 0, 7, 0, 0, 0, 209, 12798, 0, 10479, 1475, 1, 0]"
B1,KYOw16702,3,1,2,33939,2,0.6261822681870415,False,"[21252, 12687]"
B1,KYOw16702,3,1,4,33939,4,0.5637761866878812,False,"[23, 2212, 19134, 12570]"
B1,KYOw16702,3,1,6,33939,6,0.5219069507056778,False,"[9423, 17713, 3081, 14, 3402, 306]"
B1,KYOw16702,3,1,8,33939,8,0.32779398332302073,False,"[1410, 9, 15, 11125, 2613, 6929, 2784, 9054]"
B1,KYOw16702,3,1,10,33939,10,0.2684227584784466,False,"[379, 5570, 8378, 11, 6, 9110, 5527, 1250, 43, 3665]"
B1,KYOw16702,3,1,12,33939,12,0.25843424968325523,False,"[489, 4, 25, 4132, 8161, 4, 6610, 4, 8771, 21, 1676, 4042]"
B1,KYOw16702,3,1,14,33939,14,0.3344235245587672,False,"[3940, 84, 4, 1739, 2274, 479, 21, 177, 4358, 1, 11350, 8741, 764, 7]"
B1,KYOw02715,3,2,2,65124,2,0.852066826362017,False,"[9634, 55490]"
B1,KYOw02715,3,2,4,65124,4,0.7214083901480253,False,"[7616, 8023, 2504, 46981]"
B1,KYOw02715,3,2,6,65124,6,0.7248326269885143,False,"[270, 547, 47204, 376, 6698, 10029]"
B1,KYOw02715,3,2,8,65124,8,0.678981635034703,False,"[44218, 713, 12145, 216, 5758, 8, 596, 1470]"
B1,KYOw02715,3,2,10,65124,10,0.6558258092254775,False,"[42710, 8, 1148, 165, 9284, 3341, 881, 52, 5588, 1947]"
B1,KYOw02715,3,2,12,65124,12,0.5547417234813586,False,"[96, 4222, 720, 8, 619, 16792, 36127, 602, 151, 369, 2, 5416]"
B1,KYOw02715,3,2,14,65124,14,0.5101498679442295,False,"[4715, 157, 5633, 33223, 48, 89, 58, 2, 527, 9, 107, 16036, 3992, 528]"
B1,KYOw02716,3,2,2,62799,2,0.5983057055048647,False,"[25226, 37573]"
B1,KYOw02716,3,2,4,62799,4,0.5858532779184382,False,"[10891, 36791, 14856, 261]"
B1,KYOw02716,3,2,6,62799,6,0.4731604006433223,False,"[18921, 29714, 172, 3292, 10548, 152]"
B1,KYOw02716,3,2,8,62799,8,0.38873230465453273,False,"[142, 24412, 107, 14205, 2293, 2312, 16386, 2942]"
B1,KYOw02716,3,2,10,62799,10,0.4469975636554722,False,"[131, 651, 2350, 8592, 107, 82, 20051, 28071, 2677, 87]"
B1,KYOw02716,3,2,12,62799,12,0.3133807863182535,False,"[3436, 157, 12598, 104, 129, 75, 107, 784, 16850, 5918, 19680, 2961]"
B1,KYOw02716,3,2,14,62799,14,0.29245688625615057,False,"[3780, 4699, 332, 107, 3980, 305, 18366, 14503, 482, 89, 15943, 38, 92, 83]"
B1,KYOw02717,3,2,2,82044,2,0.8105163083223637,False,"[15546, 66498]"
B1,KYOw02717,3,2,4,82044,4,0.5386621812685876,False,"[8777, 44194, 7661, 21412]"
B1,KYOw02717,3,2,6,82044,6,0.5197942567402857,False,"[17835, 4922, 42646, 4831, 7745, 4065]"
B1,KYOw02717,3,2,8,82044,8,0.509958071278826,False,"[41839, 4464, 4326, 15233, 5153, 1853, 4588, 4588]"
B1,KYOw02717,3,2,10,82044,10,0.5024377163473258,False,"[41222, 1424, 4205, 12982, 3478, 790, 4535, 2200, 5038, 6170]"
B1,KYOw02717,3,2,12,82044,12,0.5217688069816196,False,"[10453, 2409, 3681, 532, 402, 4564, 42808, 2422, 3874, 3777, 2005, 5117]"
B1,KYOw02717,3,2,14,82044,14,0.523133928136122,False,"[4891, 2725, 4879, 42920, 7618, 1978, 3206, 1817, 1023, 448, 1648, 7458, 1099, 334]"
B1,KYOw02756,3,2,2,101107,2,0.6685887228381814,False,"[33508, 67599]"
B1,KYOw02756,3,2,4,101107,4,0.4073011759818806,False,"[22847, 26547, 10532, 41181]"
B1,KYOw02756,3,2,6,101107,6,0.32713857596407764,False,"[17743, 2312, 33076, 3950, 17928, 26098]"
B1,KYOw02756,3,2,8,101107,8,0.2890304331055219,False,"[29223, 2362, 26656, 16644, 15007, 526, 2750, 7939]"
B1,KYOw02756,3,2,10,101107,10,0.20663257736853036,False,"[20892, 452, 6740, 15892, 16175, 19187, 2583, 476, 14735, 3975]"
B1,KYOw02756,3,2,12,101107,12,0.1889582323676897,False,"[14735, 15731, 2452, 499, 9250, 18174, 19105, 4629, 1261, 2263, 444, 12564]"
B1,KYOw02756,3,2,14,101107,14,0.15666571058383694,False,"[12222, 1882, 11772, 15840, 13306, 1490, 734, 432, 6189, 477, 660, 12607, 11755, 11741]"
B1,KYOw02758,3,2,2,72279,2,0.5640089099185103,False,"[40766, 31513]"
B1,KYOw02758,3,2,4,72279,4,0.43080286113532285,False,"[10598, 29803, 31138, 740]"
B1,KYOw02758,3,2,6,72279,6,0.29812255288534706,False,"[21548, 15722, 255, 18523, 15902, 329]"
B1,KYOw02758,3,2,8,72279,8,0.29635163740505543,False,"[264, 21420, 229, 17961, 3506, 5678, 6739, 16482]"
B1,KYOw02758,3,2,10,72279,10,0.25642302743535467,False,"[7, 3198, 15593, 15075, 10, 2120, 18534, 13018, 4156, 568]"
B1,KYOw02758,3,2,12,72279,11,0.36684237468697684,False,"[6465, 241, 5608, 787, 3466, 0, 2, 5739, 26515, 2919, 16588, 3949]"
B1,KYOw02758,3,2,14,72279,13,0.3304555956778594,False,"[6594, 2388, 1729, 2, 7701, 5853, 23885, 14284, 448, 630, 6432, 4, 0, 2329]"
B1,KYOw02760,3,2,2,50128,2,0.9021903925949569,False,"[4903, 45225]"
B1,KYOw02760,3,2,4,50128,4,0.7808011490584105,False,"[3670, 39140, 1700, 5618]"
B1,KYOw02760,3,2,6,50128,6,0.6423954676029365,False,"[32202, 5827, 7028, 487, 2855, 1729]"
B1,KYOw02760,3,2,8,50128,8,0.5278088094478136,False,"[4612, 2404, 1879, 26458, 1655, 211, 12100, 809]"
B1,KYOw02760,3,2,10,50128,10,0.5111913501436323,False,"[1691, 167, 633, 25625, 564, 3008, 2305, 3915, 1693, 10527]"
B1,KYOw02760,3,2,12,50128,12,0.4294007341206511,False,"[21525, 980, 3168, 84, 1956, 863, 2652, 203, 1092, 15396, 418, 1791]"
B1,KYOw02760,3,2,14,50128,14,0.3636690073412065,False,"[1658, 17109, 2245, 1606, 18230, 84, 1078, 306, 228, 76, 3085, 3149, 157, 1117]"
B1,KYOw02780,3,2,2,56464,2,0.7606616605270615,False,"[13514, 42950]"
B1,KYOw02780,3,2,4,56464,4,0.4950056673278549,False,"[13630, 27950, 1279, 13605]"
B1,KYOw02780,3,2,6,56464,6,0.37817016151884386,False,"[21353, 4952, 12409, 263, 8042, 9445]"
B1,KYOw02780,3,2,8,56464,8,0.32904151317653724,False,"[9243, 2640, 8894, 18579, 7942, 42, 8499, 625]"
B1,KYOw02780,3,2,10,56464,10,0.3029718050439218,False,"[3471, 28, 457, 17107, 7520, 1615, 2934, 1787, 7116, 14429]"
B1,KYOw02780,3,2,12,56464,12,0.2659747803910456,False,"[15018, 7372, 4076, 19, 309, 6252, 6542, 191, 586, 10708, 173, 5218]"
B1,KYOw02780,3,2,14,56464,14,0.21388849532445453,False,"[2614, 11511, 8510, 3351, 12077, 63, 557, 119, 3197, 18, 2174, 10867, 1227, 179]"
B1,KYOw02784,3,2,2,117549,2,0.7252209716798952,False,"[32300, 85249]"
B1,KYOw02784,3,2,4,117549,4,0.43530782907553445,False,"[26691, 35796, 3892, 51170]"
B1,KYOw02784,3,2,6,117549,6,0.34577920696900866,False,"[26382, 2249, 40646, 1593, 19998, 26681]"
B1,KYOw02784,3,2,8,117549,8,0.31118086925452365,False,"[36579, 2157, 27515, 24540, 21266, 1753, 2390, 1349]"
B1,KYOw02784,3,2,10,117549,10,0.28126143140307447,False,"[33062, 962, 1048, 23569, 20352, 12692, 1963, 1595, 20048, 2258]"
B1,KYOw02784,3,2,12,117549,12,0.23069528451964713,False,"[20280, 12071, 1287, 553, 8948, 27118, 23988, 474, 1405, 2152, 2491, 16782]"
B1,KYOw02784,3,2,14,117549,14,0.2044253885613659,False,"[7031, 2275, 2509, 24030, 19504, 420, 1374, 1955, 15567, 530, 990, 7777, 22555, 11032]"
B1,KYOw02790,3,2,2,26249,2,0.9572174178063926,False,"[25126, 1123]"
B1,KYOw02790,3,2,4,26249,3,0.9646462722389424,False,"[7, 921, 25321, 0]"
B1,KYOw02790,3,2,6,26249,4,0.8441464436740447,False,"[784, 234, 0, 22158, 3073, 0]"
B1,KYOw02790,3,2,8,26249,6,0.8616709207969827,False,"[0, 161, 0, 33, 94, 3341, 2, 22618]"
B1,KYOw02790,3,2,10,26249,7,0.8571374147586575,False,"[0, 3176, 22499, 49, 0, 1, 135, 106, 283, 0]"
B1,KYOw02790,3,2,12,26249,6,0.6544630271629396,False,"[0, 0, 0, 1382, 1, 0, 0, 17179, 4877, 0, 1466, 1344]"
B1,KYOw02790,3,2,14,26249,7,0.5373538039544363,False,"[6816, 0, 0, 0, 0, 14105, 2683, 1596, 0, 1045, 3, 0, 0, 1]"
B1,KYOw16702,3,2,2,33939,2,0.6261822681870415,False,"[21252, 12687]"
B1,KYOw16702,3,2,4,33939,4,0.5649253071687439,False,"[2173, 12570, 19173, 23]"
B1,KYOw16702,3,2,6,33939,6,0.3323610006187572,False,"[10224, 4229, 11, 11280, 8159, 36]"
B1,KYOw16702,3,2,8,33939,8,0.3384307139279295,False,"[10, 6698, 15, 9164, 2516, 2630, 1420, 11486]"
B1,KYOw16702,3,2,10,33939,10,0.3155072335661039,False,"[2, 1478, 10708, 6373, 21, 316, 5848, 5923, 3267, 3]"
B1,KYOw16702,3,2,12,33939,12,0.33675123014820707,False,"[667, 23, 692, 598, 476, 7, 2, 5606, 10728, 91, 11429, 3620]"
B1,KYOw16702,3,2,14,33939,13,0.29028551224255283,False,"[5900, 112, 8, 0, 1743, 5260, 8941, 9852, 160, 495, 1151, 3, 9, 305]"
B1,KYOw02715,3,3,2,65124,2,0.852066826362017,False,"[55490, 9634]"
B1,KYOw02715,3,3,4,65124,4,0.7848565812910755,False,"[8174, 2861, 51113, 2976]"
B1,KYOw02715,3,3,6,65124,6,0.7240034395921626,False,"[780, 47150, 6795, 3084, 7307, 8]"
B1,KYOw02715,3,3,8,65124,8,0.674574657576316,False,"[614, 1531, 5912, 43931, 12359, 7, 589, 181]"
B1,KYOw02715,3,3,10,65124,10,0.6509428167802961,False,"[42392, 88, 6099, 8251, 5547, 711, 513, 2, 8, 1513]"
B1,KYOw02715,3,3,12,65124,12,0.6185584423561207,False,"[2, 736, 4200, 3784, 40283, 67, 3515, 216, 10, 1490, 16, 10805]"
B1,KYOw02715,3,3,14,65124,14,0.4375499047970026,False,"[59, 3050, 1411, 19, 9042, 3803, 14, 7, 17, 121, 28495, 3807, 52, 15227]"
B1,KYOw02716,3,3,2,62799,2,0.5983057055048647,False,"[37573, 25226]"
B1,KYOw02716,3,3,4,62799,4,0.5900093950540614,False,"[7548, 17932, 267, 37052]"
B1,KYOw02716,3,3,6,62799,6,0.46164747846303283,False,"[28991, 156, 18216, 11149, 1587, 2700]"
B1,KYOw02716,3,3,8,62799,8,0.41529323715345784,False,"[26080, 3606, 2497, 144, 106, 1579, 14262, 14525]"
B1,KYOw02716,3,3,10,62799,10,0.3444163123616618,False,"[135, 20115, 49, 108, 2117, 21629, 2985, 12491, 283, 2887]"
B1,KYOw02716,3,3,12,62799,12,0.32920906383859616,False,"[11822, 20674, 4201, 534, 126, 19751, 40, 4549, 97, 89, 824, 92]"
B1,KYOw02716,3,3,14,62799,14,0.33118361757352827,False,"[20798, 3069, 869, 11934, 36, 75, 13265, 2045, 110, 4953, 94, 4234, 1233, 84]"
B1,KYOw02717,3,3,2,82044,2,0.8105163083223637,False,"[66498, 15546]"
B1,KYOw02717,3,3,4,82044,4,0.43978840622105214,False,"[8573, 8334, 29055, 36082]"
B1,KYOw02717,3,3,6,82044,6,0.49483204134366926,False,"[4878, 21041, 40598, 7245, 6123, 2159]"
B1,KYOw02717,3,3,8,82044,8,0.5143581492857491,False,"[4298, 4805, 5471, 42200, 4366, 1764, 4727, 14413]"
B1,KYOw02717,3,3,10,82044,10,0.41884842279752327,False,"[34364, 1860, 7162, 2379, 4842, 4378, 19875, 1756, 1026, 4402]"
B1,KYOw02717,3,3,12,82044,12,0.481266149870801,False,"[1879, 4276, 4857, 2748, 39485, 1703, 6827, 13579, 423, 444, 2991, 2832]"
B1,KYOw02717,3,3,14,82044,14,0.5517161523085173,False,"[1401, 3947, 1609, 5196, 6868, 1180, 3385, 1219, 879, 2394, 45265, 4763, 582, 3356]"
B1,KYOw02756,3,3,2,101107,2,0.6685887228381814,False,"[67599, 33508]"
B1,KYOw02756,3,3,4,101107,4,0.40985292808608703,False,"[24524, 11637, 41439, 23507]"
B1,KYOw02756,3,3,6,101107,6,0.38054734093584025,False,"[2791, 38476, 25197, 11995, 22092, 556]"
B1,KYOw02756,3,3,8,101107,8,0.2874083891323054,False,"[2185, 8186, 15312, 29059, 26710, 517, 2888, 16250]"
B1,KYOw02756,3,3,10,101107,10,0.26338433540704403,False,"[26630, 752, 7808, 22774, 14028, 2327, 17787, 646, 553, 7802]"
B1,KYOw02756,3,3,12,101107,12,0.22367392959933535,False,"[497, 2119, 12579, 12687, 22615, 507, 4983, 15812, 530, 13305, 821, 14652]"
B1,KYOw02756,3,3,14,101107,14,0.19715746684205843,False,"[407, 10207, 6785, 11396, 10276, 14712, 465, 372, 829, 1735, 19934, 6335, 1799, 15855]"
B1,KYOw02758,3,3,2,72279,2,0.5640089099185103,False,"[31513, 40766]"
B1,KYOw02758,3,3,4,72279,4,0.452095352730392,False,"[8953, 32677, 720, 29929]"
B1,KYOw02758,3,3,6,72279,6,0.3917182030741986,False,"[13638, 244, 19118, 28313, 3866, 7100]"
B1,KYOw02758,3,3,8,72279,8,0.2672145436433819,False,"[19299, 19314, 4114, 279, 200, 4741, 5698, 18634]"
B1,KYOw02758,3,3,10,72279,10,0.29110806735012934,False,"[168, 8714, 110, 234, 3051, 21041, 4292, 17306, 1640, 15723]"
B1,KYOw02758,3,3,12,72279,12,0.23326277341966548,False,"[15406, 16860, 9289, 949, 16, 7135, 130, 6873, 578, 3345, 11696, 2]"
B1,KYOw02758,3,3,14,72279,14,0.31710455318972314,False,"[4964, 6748, 779, 14420, 9, 21, 22920, 3522, 1979, 2126, 4, 4974, 9811, 2]"
B1,KYOw02760,3,3,2,50128,2,0.9021903925949569,False,"[45225, 4903]"
B1,KYOw02760,3,3,4,50128,4,0.7609120651133099,False,"[3687, 1929, 6369, 38143]"
B1,KYOw02760,3,3,6,50128,6,0.7134735078199809,False,"[5802, 4405, 35765, 1822, 2092, 242]"
B1,KYOw02760,3,3,8,50128,8,0.48422039578678583,False,"[2558, 877, 1784, 4252, 1913, 195, 14276, 24273]"
B1,KYOw02760,3,3,10,50128,10,0.5926029364826045,False,"[2282, 6677, 5222, 1164, 1556, 2259, 29706, 346, 119, 797]"
B1,KYOw02760,3,3,12,50128,12,0.561223268432812,False,"[282, 2130, 1612, 858, 1685, 5520, 6540, 28133, 97, 2889, 175, 207]"
B1,KYOw02760,3,3,14,50128,14,0.35539020108522185,False,"[2675, 1204, 478, 16750, 4072, 616, 528, 174, 49, 17815, 2927, 2136, 475, 229]"
B1,KYOw02780,3,3,2,56464,2,0.7606616605270615,False,"[42950, 13514]"
B1,KYOw02780,3,3,4,56464,4,0.4682452536129215,False,"[14377, 1633, 14015, 26439]"
B1,KYOw02780,3,3,6,56464,6,0.46059436100878437,False,"[5305, 11448, 26007, 1818, 11837, 49]"
B1,KYOw02780,3,3,8,56464,8,0.30564607537546046,False,"[2806, 693, 8202, 8609, 8900, 36, 9960, 17258]"
B1,KYOw02780,3,3,10,56464,10,0.3769481439501275,False,"[2959, 2878, 12984, 5527, 7632, 2393, 21284, 144, 35, 628]"
B1,KYOw02780,3,3,12,56464,12,0.336940351374327,False,"[106, 2504, 2147, 8185, 2521, 2707, 13257, 19025, 23, 1180, 98, 4711]"
B1,KYOw02780,3,3,14,56464,14,0.22346982147917258,False,"[1732, 1467, 3491, 9816, 11549, 4407, 199, 42, 24, 12618, 5352, 5400, 88, 279]"
B1,KYOw02784,3,3,2,117549,2,0.7252209716798952,False,"[85249, 32300]"
B1,KYOw02784,3,3,4,117549,4,0.44236020723272845,False,"[27673, 5288, 51999, 32589]"
B1,KYOw02784,3,3,6,117549,6,0.413444606079167,False,"[2186, 48600, 33351, 5187, 26314, 1911]"
B1,KYOw02784,3,3,8,117549,8,0.3095134794851509,False,"[2033, 1426, 21468, 36383, 27798, 1670, 2557, 24214]"
B1,KYOw02784,3,3,10,117549,10,0.30868829169112455,False,"[36286, 1771, 2984, 25005, 20185, 2070, 21849, 5163, 1147, 1089]"
B1,KYOw02784,3,3,12,117549,12,0.26844124577835626,False,"[3210, 1824, 7118, 16156, 31555, 1304, 2473, 21660, 642, 7067, 599, 23941]"
B1,KYOw02784,3,3,14,117549,14,0.2471820262188534,False,"[608, 2096, 17447, 18792, 3551, 12672, 849, 272, 433, 2103, 19228, 2214, 8228, 29056]"
B1,KYOw02790,3,3,2,26249,2,0.9572174178063926,False,"[1123, 25126]"
B1,KYOw02790,3,3,4,26249,3,0.9620556973598994,False,"[2, 25253, 0, 994]"
B1,KYOw02790,3,3,6,26249,4,0.8659758466989219,False,"[8, 0, 23, 22731, 0, 3487]"
B1,KYOw02790,3,3,8,26249,6,0.8588898624709512,False,"[97, 22545, 72, 0, 0, 3449, 2, 84]"
B1,KYOw02790,3,3,10,26249,6,0.8312316659682274,False,"[0, 6, 0, 0, 69, 224, 0, 1160, 2971, 21819]"
B1,KYOw02790,3,3,12,26249,7,0.5934702274372357,False,"[1546, 98, 8051, 0, 0, 5, 0, 0, 970, 1, 15578, 0]"
B1,KYOw02790,3,3,14,26249,8,0.461122328469656,False,"[8, 12104, 3, 13, 0, 0, 7425, 2007, 4687, 0, 0, 0, 2, 0]"
B1,KYOw16702,3,3,2,33939,2,0.6261822681870415,False,"[12687, 21252]"
B1,KYOw16702,3,3,4,33939,4,0.5966587112171837,False,"[1038, 20250, 24, 12627]"
B1,KYOw16702,3,3,6,33939,6,0.5243819794336898,False,"[3291, 14, 9261, 17797, 452, 3124]"
B1,KYOw16702,3,3,8,33939,8,0.3708123397860868,False,"[5859, 12585, 2545, 10, 16, 2310, 1100, 9514]"
B1,KYOw16702,3,3,10,33939,10,0.3274404077904476,False,"[4, 1904, 4, 20, 2314, 6628, 175, 10595, 1182, 11113]"
B1,KYOw16702,3,3,12,33939,12,0.2936150151742833,False,"[9965, 5309, 7355, 111, 1, 1742, 3, 1035, 439, 561, 7409, 9]"
B1,KYOw16702,3,3,14,33939,13,0.2943221662394296,False,"[1741, 6374, 621, 8432, 4, 12, 9989, 1361, 2686, 155, 0, 234, 2321, 9]"
B1,KYOw02702,4,1,2,62814,2,0.8427898239246028,False,"[52939, 9875]"
B1,KYOw02702,4,1,4,62814,4,0.71304167860668,False,"[44789, 6380, 3300, 8345]"
B1,KYOw02702,4,1,6,62814,6,0.6975992613111727,False,"[934, 11799, 43819, 422, 4056, 1784]"
B1,KYOw02702,4,1,8,62814,8,0.6819021237303786,False,"[11177, 1278, 296, 1655, 4706, 42833, 394, 475]"
B1,KYOw02702,4,1,10,62814,10,0.48296558092145064,False,"[113, 30337, 19549, 3712, 55, 1291, 538, 1529, 5341, 349]"
B1,KYOw02702,4,1,12,62814,12,0.4049893335880536,False,"[25439, 1018, 32, 98, 4100, 557, 3097, 21056, 4901, 243, 145, 2128]"
B1,KYOw02702,4,1,14,62814,14,0.38801859458082594,False,"[22271, 142, 1290, 982, 677, 24373, 58, 3104, 3, 2660, 29, 123, 5415, 1687]"
B1,KYOw02708,4,1,2,104647,2,0.9119324968704311,False,"[95431, 9216]"
B1,KYOw02708,4,1,4,104647,4,0.8667233652183054,False,"[90700, 7218, 3824, 2905]"
B1,KYOw02708,4,1,6,104647,6,0.8131050101770715,False,"[6524, 1571, 85089, 3088, 6552, 1823]"
B1,KYOw02708,4,1,8,104647,8,0.6796468126176575,False,"[1449, 1449, 4710, 18229, 2280, 71123, 2980, 2427]"
B1,KYOw02708,4,1,10,104647,10,0.6837367530841783,False,"[1126, 71551, 7445, 1265, 1578, 1479, 4952, 3418, 716, 11117]"
B1,KYOw02708,4,1,12,104647,12,0.6405630357296435,False,"[67033, 3612, 1664, 1253, 1695, 4847, 990, 11525, 602, 10263, 524, 639]"
B1,KYOw02708,4,1,14,104647,14,0.4810075778569859,False,"[50336, 2880, 686, 974, 2414, 5084, 461, 2979, 2, 5400, 1502, 226, 741, 30962]"
B1,KYOw02768,4,1,2,65892,2,0.8670551812056092,False,"[8760, 57132]"
B1,KYOw02768,4,1,4,65892,4,0.8549292782128332,False,"[5963, 56333, 37, 3559]"
B1,KYOw02768,4,1,6,65892,6,0.8125265586110605,False,"[34, 1, 909, 11333, 53539, 76]"
B1,KYOw02768,4,1,8,65892,8,0.6442967279791173,False,"[1, 31, 42454, 31, 12879, 775, 9698, 23]"
B1,KYOw02768,4,1,10,65892,9,0.6777909306137315,False,"[28, 307, 0, 2821, 12902, 10, 44661, 5131, 4, 28]"
B1,KYOw02768,4,1,12,65892,11,0.6703848722151399,False,"[154, 5184, 14975, 16, 2, 44173, 1270, 0, 11, 26, 27, 54]"
B1,KYOw02768,4,1,14,65892,13,0.3560371517027864,False,"[1450, 23460, 75, 1, 2882, 0, 18, 23004, 7, 1, 14945, 27, 9, 13]"
B1,KYOw02772,4,1,2,73211,2,0.5481826501482018,False,"[40133, 33078]"
B1,KYOw02772,4,1,4,73211,4,0.46029968174181474,False,"[33699, 30566, 8016, 930]"
B1,KYOw02772,4,1,6,73211,6,0.37614566117113546,False,"[9276, 2136, 25231, 4851, 27538, 4179]"
B1,KYOw02772,4,1,8,73211,8,0.303752168389996,False,"[1936, 2372, 18594, 7226, 10882, 22238, 4441, 5522]"
B1,KYOw02772,4,1,10,73211,10,0.2843288576853205,False,"[4803, 20816, 4136, 6124, 5942, 2207, 19832, 2670, 683, 5998]"
B1,KYOw02772,4,1,12,73211,12,0.28614552457963965,False,"[18911, 3731, 7344, 4725, 2477, 20949, 3677, 4127, 243, 5178, 1757, 92]"
B1,KYOw02772,4,1,14,73211,14,0.2804633183537993,False,"[20533, 9754, 2353, 1358, 582, 2839, 3268, 13181, 2047, 2670, 7738, 2082, 574, 4232]"
B1,KYOw02787,4,1,2,106684,2,0.8435847924712234,False,"[89997, 16687]"
B1,KYOw02787,4,1,4,106684,4,0.717848974541637,False,"[76583, 11452, 16876, 1773]"
B1,KYOw02787,4,1,6,106684,6,0.5524820966592928,False,"[27212, 749, 58941, 2725, 8210, 8847]"
B1,KYOw02787,4,1,8,106684,8,0.3825409620936598,False,"[669, 5391, 2232, 40811, 8165, 33698, 2709, 13009]"
B1,KYOw02787,4,1,10,106684,10,0.3534269431217427,False,"[12540, 37705, 1574, 8293, 1973, 4814, 1817, 2430, 468, 35070]"
B1,KYOw02787,4,1,12,106684,12,0.33675152787672,False,"[34169, 2735, 1987, 12022, 1239, 2320, 7651, 2025, 249, 35926, 5938, 423]"
B1,KYOw02787,4,1,14,106684,14,0.3700929848899554,False,"[23664, 984, 4806, 1998, 1496, 797, 13730, 5484, 1551, 1840, 1957, 8531, 363, 39483]"
B1,KYOw16662,4,1,2,48925,2,0.7551354113438937,False,"[36945, 11980]"
B1,KYOw16662,4,1,4,48925,4,0.5396423096576393,False,"[26402, 5976, 16291, 256]"
B1,KYOw16662,4,1,6,48925,6,0.35589167092488505,False,"[16490, 1082, 17412, 155, 3637, 10149]"
B1,KYOw16662,4,1,8,48925,8,0.30221768012263667,False,"[839, 7441, 1281, 14786, 3776, 10926, 145, 9731]"
B1,KYOw16662,4,1,10,48925,10,0.26473173224322943,False,"[7414, 11649, 2887, 3672, 136, 7948, 1809, 127, 331, 12952]"
B1,KYOw16662,4,1,12,48925,12,0.23771078180889116,False,"[10866, 130, 152, 7521, 3946, 1988, 3956, 2958, 68, 11630, 5578, 132]"
B1,KYOw16662,4,1,14,48925,14,0.24204394481349004,False,"[8072, 892, 3160, 6424, 71, 828, 4718, 2376, 93, 7284, 139, 2771, 255, 11842]"
B1,KYOw16666,4,1,2,58338,2,0.8589769961260242,False,"[50111, 8227]"
B1,KYOw16666,4,1,4,58338,4,0.7367239192293188,False,"[42979, 5487, 80, 9792]"
B1,KYOw16666,4,1,6,58338,6,0.7504028249168638,False,"[138, 9086, 43777, 635, 4624, 78]"
B1,KYOw16666,4,1,8,58338,8,0.7446432856800027,False,"[8885, 23, 1234, 637, 3555, 43441, 543, 20]"
B1,KYOw16666,4,1,10,58338,9,0.5231752888340362,False,"[0, 30521, 16507, 1966, 68, 16, 1664, 1821, 5678, 97]"
B1,KYOw16666,4,1,12,58338,11,0.4005108162775549,False,"[23365, 1020, 30, 0, 248, 1041, 1292, 21195, 6541, 19, 5, 3582]"
B1,KYOw16666,4,1,14,58338,11,0.4268058555315575,False,"[21075, 497, 99, 9, 1014, 24899, 0, 3097, 0, 246, 22, 0, 5750, 1630]"
B1,KYOw16700,4,1,2,55038,2,0.9079726734256331,False,"[49973, 5065]"
B1,KYOw16700,4,1,4,55038,4,0.8362767542425233,False,"[46027, 3744, 1837, 3430]"
B1,KYOw16700,4,1,6,55038,6,0.7541153384934045,False,"[5644, 932, 41505, 2732, 3130, 1095]"
B1,KYOw16700,4,1,8,55038,8,0.6030742396162652,False,"[935, 631, 1228, 12541, 2354, 33192, 2739, 1418]"
B1,KYOw16700,4,1,10,55038,10,0.579327010429158,False,"[1415, 31885, 512, 1912, 814, 468, 1067, 4942, 1085, 10938]"
B1,KYOw16700,4,1,12,55038,12,0.5545986409389876,False,"[30524, 4748, 534, 1521, 271, 856, 1364, 475, 1070, 11683, 479, 1513]"
B1,KYOw16700,4,1,14,55038,14,0.516588538827719,False,"[28432, 544, 658, 170, 3296, 593, 2801, 1950, 2322, 60, 536, 389, 961, 12326]"
B1,KYOw16737,4,1,2,65693,2,0.6057570821853165,False,"[25899, 39794]"
B1,KYOw16737,4,1,4,65693,4,0.5326899365229172,False,"[19364, 34994, 4257, 7078]"
B1,KYOw16737,4,1,6,65693,6,0.3442528123239919,False,"[2477, 848, 12296, 12666, 22615, 14791]"
B1,KYOw16737,4,1,8,65693,8,0.3769503600079156,False,"[828, 6010, 6922, 2402, 24763, 10117, 13057, 1594]"
B1,KYOw16737,4,1,10,65693,10,0.3770721385840196,False,"[1666, 6798, 167, 24771, 5340, 3310, 6500, 13632, 1329, 2180]"
B1,KYOw16737,4,1,12,65693,12,0.3449834837806159,False,"[4857, 15450, 4627, 1126, 471, 6581, 22663, 101, 713, 2252, 3366, 3486]"
B1,KYOw16737,4,1,14,65693,14,0.2521273195013167,False,"[10607, 3671, 16563, 718, 9420, 109, 1045, 13237, 1662, 75, 4289, 1622, 1281, 1394]"
B1,KYOw16744,4,1,2,108863,2,0.5944811368417184,False,"[64717, 44146]"
B1,KYOw16744,4,1,4,108863,4,0.3678201041676235,False,"[40042, 33060, 4351, 31410]"
B1,KYOw16744,4,1,6,108863,6,0.3584321578497745,False,"[2514, 16123, 39020, 19128, 25840, 6238]"
B1,KYOw16744,4,1,8,108863,8,0.34171389728374196,False,"[15583, 3547, 9077, 2581, 20707, 37200, 18579, 1589]"
B1,KYOw16744,4,1,10,108863,10,0.27677907094237714,False,"[1287, 20570, 7726, 14864, 4989, 2712, 8575, 30131, 16158, 1851]"
B1,KYOw16744,4,1,12,108863,12,0.2542094191782332,False,"[18088, 27674, 3531, 1193, 2623, 7157, 9890, 6416, 12985, 1697, 1742, 15867]"
B1,KYOw16744,4,1,14,108863,14,0.21315782221691484,False,"[23205, 4903, 5868, 898, 22979, 9741, 287, 14406, 6328, 159, 2999, 238, 15195, 1657]"
B1,KYOw02702,4,2,2,62814,2,0.8428057439424332,False,"[9874, 52940]"
B1,KYOw02702,4,2,4,62814,4,0.7163689623332378,False,"[3251, 44998, 8212, 6353]"
B1,KYOw02702,4,2,6,62814,6,0.6823638042474608,False,"[42862, 941, 6056, 1548, 8778, 2629]"
B1,KYOw02702,4,2,8,62814,8,0.6763460375075621,False,"[379, 396, 42484, 1376, 1631, 4725, 11616, 207]"
B1,KYOw02702,4,2,10,62814,10,0.47046836692457095,False,"[436, 1100, 3432, 5431, 51, 1068, 29552, 1160, 106, 20478]"
B1,KYOw02702,4,2,12,62814,12,0.4358264081255771,False,"[444, 544, 424, 3037, 6547, 1376, 714, 22037, 200, 112, 27376, 3]"
B1,KYOw02702,4,2,14,62814,14,0.4143184640366797,False,"[133, 2011, 26025, 501, 259, 125, 961, 4, 106, 4893, 69, 15978, 9206, 2543]"
B1,KYOw02708,4,2,2,104647,2,0.9119324968704311,False,"[9216, 95431]"
B1,KYOw02708,4,2,4,104647,4,0.8671151585807524,False,"[3876, 90741, 2814, 7216]"
B1,KYOw02708,4,2,6,104647,6,0.7356923753189294,False,"[76988, 6318, 1679, 2291, 1863, 15508]"
B1,KYOw02708,4,2,8,104647,8,0.6963601441035099,False,"[2870, 2159, 72872, 1374, 16895, 2604, 1549, 4324]"
B1,KYOw02708,4,2,10,104647,10,0.6557856412510631,False,"[13941, 5077, 1024, 720, 1742, 1458, 68626, 3020, 1144, 7895]"
B1,KYOw02708,4,2,12,104647,12,0.6767704759811557,False,"[11957, 3688, 4277, 1488, 761, 3721, 1018, 4561, 760, 240, 70822, 1354]"
B1,KYOw02708,4,2,14,104647,14,0.5964146129368257,False,"[2986, 2047, 62413, 3530, 11167, 352, 858, 1037, 815, 601, 727, 14810, 694, 2610]"
B1,KYOw02768,4,2,2,65892,2,0.8670703575547867,False,"[57133, 8759]"
B1,KYOw02768,4,2,4,65892,4,0.8548533964669459,False,"[38, 6183, 3343, 56328]"
B1,KYOw02768,4,2,6,65892,6,0.8531232926607175,False,"[7356, 56214, 1810, 21, 453, 38]"
B1,KYOw02768,4,2,8,65892,8,0.6112881685181812,False,"[9262, 23, 944, 42, 32, 15309, 1, 40279]"
B1,KYOw02768,4,2,10,65892,9,0.6538730043100832,False,"[28, 43085, 1066, 5, 15600, 9, 696, 5377, 26, 0]"
B1,KYOw02768,4,2,12,65892,10,0.5124901353730347,False,"[22, 5054, 33769, 8107, 3, 0, 13, 0, 168, 27, 135, 18594]"
B1,KYOw02768,4,2,14,65892,11,0.3328932192071875,False,"[21935, 0, 156, 5319, 20, 22, 29, 16857, 313, 5, 16, 0, 0, 21220]"
B1,KYOw02772,4,2,2,73211,2,0.5481963092977831,False,"[33077, 40134]"
B1,KYOw02772,4,2,4,73211,4,0.4591249948778189,False,"[8111, 33613, 883, 30604]"
B1,KYOw02772,4,2,6,73211,6,0.3598229774214257,False,"[26343, 26323, 5358, 4994, 766, 9427]"
B1,KYOw02772,4,2,8,73211,8,0.3093114422696043,False,"[3997, 5203, 22645, 2409, 7590, 11317, 2067, 17983]"
B1,KYOw02772,4,2,10,73211,10,0.2896012894237205,False,"[5763, 20182, 4054, 674, 7772, 2384, 21202, 2106, 4864, 4210]"
B1,KYOw02772,4,2,12,73211,12,0.2612312357432626,False,"[5636, 3682, 11543, 8526, 1274, 3872, 1549, 2806, 12, 2751, 19125, 12435]"
B1,KYOw02772,4,2,14,73211,14,0.2478179508543798,False,"[6730, 2986, 18143, 3723, 4249, 1380, 1623, 12337, 5, 734, 4134, 3973, 584, 12610]"
B1,KYOw02787,4,2,2,106684,2,0.8435847924712234,False,"[16687, 89997]"
B1,KYOw02787,4,2,4,106684,4,0.7157493157361928,False,"[17104, 76359, 1700, 11521]"
B1,KYOw02787,4,2,6,106684,6,0.4126017022233887,False,"[44018, 3675, 9123, 10901, 929, 38038]"
B1,KYOw02787,4,2,8,106684,8,0.370402309624686,False,"[2601, 12596, 36276, 5154, 39516, 7759, 680, 2102]"
B1,KYOw02787,4,2,10,106684,10,0.35008061190056616,False,"[37348, 2538, 7957, 447, 2039, 5180, 34373, 2185, 12999, 1618]"
B1,KYOw02787,4,2,12,106684,12,0.35090547785984777,False,"[34598, 2805, 1276, 7960, 749, 1959, 4520, 903, 386, 12156, 37436, 1936]"
B1,KYOw02787,4,2,14,106684,14,0.3529114018971917,False,"[805, 1281, 29575, 2619, 37650, 6678, 3595, 1890, 557, 683, 12265, 2163, 469, 6454]"
B1,KYOw16662,4,2,2,48925,2,0.7551762902401635,False,"[11978, 36947]"
B1,KYOw16662,4,2,4,48925,4,0.5358814512008175,False,"[16424, 26218, 256, 6027]"
B1,KYOw16662,4,2,6,48925,6,0.3491670924885028,False,"[12210, 2068, 5670, 11638, 256, 17083]"
B1,KYOw16662,4,2,8,48925,8,0.30931016862544713,False,"[139, 9918, 11343, 6822, 15133, 3547, 935, 1088]"
B1,KYOw16662,4,2,10,48925,10,0.26606029637199796,False,"[13017, 2112, 4090, 316, 164, 8474, 10825, 114, 6976, 2837]"
B1,KYOw16662,4,2,12,48925,12,0.26503832396525295,False,"[12967, 128, 1592, 3261, 1034, 7669, 6578, 799, 38, 3162, 11572, 125]"
B1,KYOw16662,4,2,14,48925,14,0.2171078180889116,False,"[986, 5206, 9936, 132, 10622, 4660, 4092, 104, 43, 641, 5999, 3754, 179, 2571]"
B1,KYOw16666,4,2,2,58338,2,0.8589769961260242,False,"[8227, 50111]"
B1,KYOw16666,4,2,4,58338,4,0.7407864513696047,False,"[81, 43216, 9646, 5395]"
B1,KYOw16666,4,2,6,58338,6,0.738386643354246,False,"[43076, 2739, 2326, 25, 9217, 955]"
B1,KYOw16666,4,2,8,58338,8,0.738300935925126,False,"[549, 9, 43071, 33, 646, 4047, 9119, 864]"
B1,KYOw16666,4,2,10,58338,9,0.503959683225342,False,"[157, 2246, 1353, 5733, 62, 11, 29400, 1461, 0, 17915]"
B1,KYOw16666,4,2,12,58338,11,0.47620761767630015,False,"[175, 684, 1444, 2142, 4528, 86, 13, 20523, 958, 0, 27781, 4]"
B1,KYOw16666,4,2,14,58338,13,0.4006308066783229,False,"[495, 52, 23372, 502, 11, 2, 51, 2, 388, 4038, 0, 17616, 9319, 2490]"
B1,KYOw16700,4,2,2,55038,2,0.9079726734256331,False,"[5065, 49973]"
B1,KYOw16700,4,2,4,55038,4,0.8382208655837785,False,"[1873, 46134, 3300, 3731]"
B1,KYOw16700,4,2,6,55038,6,0.6853265016897416,False,"[37719, 1940, 1935, 1001, 2425, 10018]"
B1,KYOw16700,4,2,8,55038,8,0.6211163196337076,False,"[2701, 1308, 34185, 665, 11802, 2451, 887, 1039]"
B1,KYOw16700,4,2,10,55038,10,0.5781641774773792,False,"[11742, 1414, 1554, 1102, 738, 448, 31821, 4029, 1651, 539]"
B1,KYOw16700,4,2,12,55038,12,0.5753842799520331,False,"[10661, 4652, 851, 1955, 440, 356, 453, 781, 1504, 1392, 31668, 325]"
B1,KYOw16700,4,2,14,55038,14,0.5354482357643809,False,"[433, 279, 29470, 3793, 12701, 425, 486, 386, 1160, 699, 1955, 292, 1063, 1896]"
B1,KYOw16737,4,2,2,65693,2,0.6057570821853165,False,"[39794, 25899]"
B1,KYOw16737,4,2,4,65693,4,0.5339381669279832,False,"[4150, 19622, 6845, 35076]"
B1,KYOw16737,4,2,6,65693,6,0.38658608984214454,False,"[19980, 11327, 25396, 2741, 3622, 2627]"
B1,KYOw16737,4,2,8,65693,8,0.3448160382384729,False,"[12426, 1726, 10923, 8524, 2326, 22652, 764, 6352]"
B1,KYOw16737,4,2,10,65693,10,0.3579072351696528,False,"[2211, 8318, 23512, 1364, 5111, 2346, 8902, 12116, 1651, 162]"
B1,KYOw16737,4,2,12,65693,12,0.37060265172849466,False,"[1792, 15572, 4762, 24346, 903, 130, 4536, 236, 3396, 2074, 4839, 3107]"
B1,KYOw16737,4,2,14,65693,14,0.2583989161706727,False,"[2735, 206, 4898, 14893, 2148, 2179, 12215, 2865, 3779, 1224, 1127, 43, 406, 16975]"
B1,KYOw16744,4,2,2,108863,2,0.5944811368417184,False,"[44146, 64717]"
B1,KYOw16744,4,2,4,108863,4,0.3770243333363953,False,"[4258, 41044, 30698, 32863]"
B1,KYOw16744,4,2,6,108863,6,0.41615608608985605,False,"[45304, 14292, 19227, 2612, 24407, 3021]"
B1,KYOw16744,4,2,8,108863,8,0.34495650496495595,False,"[18427, 1535, 37553, 4277, 2598, 21292, 15226, 7955]"
B1,KYOw16744,4,2,10,108863,10,0.244628569853853,False,"[1895, 11502, 11974, 16277, 4546, 2263, 24443, 26631, 1271, 8061]"
B1,KYOw16744,4,2,12,108863,12,0.23863939079393365,False,"[1812, 25979, 6809, 14988, 10694, 1239, 2684, 12079, 12155, 966, 18471, 987]"
B1,KYOw16744,4,2,14,108863,14,0.21674949248137568,False,"[3798, 1608, 20465, 23596, 1583, 824, 4640, 664, 9473, 12084, 1156, 3785, 12036, 13151]"
B1,KYOw02702,4,3,2,62814,2,0.8427739039067724,False,"[52938, 9876]"
B1,KYOw02702,4,3,4,62814,4,0.7145540803005699,False,"[44884, 6362, 3255, 8313]"
B1,KYOw02702,4,3,6,62814,6,0.6815200433024485,False,"[42809, 1535, 2627, 818, 5994, 9031]"
B1,KYOw02702,4,3,8,62814,8,0.4843665424905276,False,"[321, 1639, 30425, 371, 443, 3331, 21267, 5017]"
B1,KYOw02702,4,3,10,62814,10,0.5140573757442608,False,"[829, 2301, 581, 19168, 4111, 80, 32290, 2888, 465, 101]"
B1,KYOw02702,4,3,12,62814,12,0.37711338236698827,False,"[185, 1226, 21956, 3811, 23688, 17, 8668, 989, 341, 113, 1758, 62]"
B1,KYOw02702,4,3,14,62814,14,0.4125513420575031,False,"[6, 1348, 25914, 153, 2413, 142, 28, 243, 2428, 7277, 93, 3250, 18680, 839]"
B1,KYOw02708,4,3,2,104647,2,0.91195160874177,False,"[95433, 9214]"
B1,KYOw02708,4,3,4,104647,4,0.8668762601890164,False,"[90716, 7213, 3857, 2861]"
B1,KYOw02708,4,3,6,104647,6,0.7341538696761494,False,"[76827, 2307, 15757, 6218, 1741, 1797]"
B1,KYOw02708,4,3,8,104647,8,0.7114107427828796,False,"[2812, 6130, 74447, 10507, 1605, 1406, 6966, 774]"
B1,KYOw02708,4,3,10,104647,10,0.6293348113180502,False,"[19166, 1067, 1258, 5621, 691, 3008, 65858, 3627, 3043, 1308]"
B1,KYOw02708,4,3,12,104647,12,0.5847372595487688,False,"[845, 985, 61191, 2365, 12667, 1487, 1418, 623, 15344, 1865, 2334, 3523]"
B1,KYOw02708,4,3,14,104647,14,0.6191577398300955,False,"[20, 3981, 11068, 4291, 853, 542, 1724, 10766, 1105, 742, 191, 1060, 64793, 3511]"
B1,KYOw02768,4,3,2,65892,2,0.8669944758088994,False,"[8764, 57128]"
B1,KYOw02768,4,3,4,65892,4,0.8550810417046075,False,"[6121, 56343, 37, 3391]"
B1,KYOw02768,4,3,6,65892,6,0.8484034480665331,False,"[7355, 22, 38, 55903, 2224, 350]"
B1,KYOw02768,4,3,8,65892,7,0.8171705214593578,False,"[10234, 53845, 1232, 39, 20, 492, 0, 30]"
B1,KYOw02768,4,3,10,65892,10,0.44809688581314877,False,"[28, 68, 15, 1, 31, 29526, 691, 27228, 8282, 22]"
B1,KYOw02768,4,3,12,65892,11,0.4933224063619256,False,"[20, 35, 1741, 15084, 0, 14986, 2, 68, 23, 12, 1415, 32506]"
B1,KYOw02768,4,3,14,65892,12,0.6367085533903964,False,"[13, 0, 0, 41954, 79, 17, 16197, 20, 2632, 1, 29, 2, 194, 4754]"
B1,KYOw02772,4,3,2,73211,2,0.5482236275969458,False,"[40136, 33075]"
B1,KYOw02772,4,3,4,73211,4,0.4597533157585609,False,"[33659, 30592, 8060, 900]"
B1,KYOw02772,4,3,6,73211,6,0.35915367909193974,False,"[26294, 4957, 9486, 25692, 5938, 844]"
B1,KYOw02772,4,3,8,73211,8,0.36327874226550655,False,"[4112, 26596, 22014, 7358, 4622, 3793, 4149, 567]"
B1,KYOw02772,4,3,10,73211,10,0.28406933384327493,False,"[5654, 2760, 2566, 3799, 373, 14743, 20797, 13763, 3702, 5054]"
B1,KYOw02772,4,3,12,73211,12,0.2801218396142656,False,"[2496, 1866, 20508, 10747, 3928, 8158, 2083, 27, 4501, 5044, 200, 13653]"
B1,KYOw02772,4,3,14,73211,14,0.26039802761880043,False,"[20, 3933, 3510, 18260, 166, 1479, 8204, 4934, 5391, 590, 2963, 1757, 19064, 2940]"
B1,KYOw02787,4,3,2,106684,2,0.8435285516103633,False,"[89991, 16693]"
B1,KYOw02787,4,3,4,106684,4,0.7167147838476248,False,"[76462, 11489, 17014, 1719]"
B1,KYOw02787,4,3,6,106684,6,0.4115237523902366,False,"[43903, 10885, 38308, 3495, 9225, 868]"
B1,KYOw02787,4,3,8,106684,8,0.3982134153200105,False,"[2521, 4714, 42483, 35447, 11393, 8043, 1542, 541]"
B1,KYOw02787,4,3,10,106684,10,0.3703179483333958,False,"[39507, 5297, 6083, 1294, 451, 1902, 30802, 5405, 2629, 13314]"
B1,KYOw02787,4,3,12,106684,12,0.366343594165948,False,"[7317, 3917, 29994, 6807, 1905, 2206, 782, 278, 39083, 11920, 1221, 1254]"
B1,KYOw02787,4,3,14,106684,14,0.3330021371527127,False,"[327, 2095, 1542, 1599, 441, 5081, 1783, 34303, 7700, 286, 12130, 1372, 35526, 2499]"
B1,KYOw16662,4,3,2,48925,2,0.7548901379662749,False,"[36933, 11992]"
B1,KYOw16662,4,3,4,48925,4,0.5375983648441492,False,"[26302, 6000, 16364, 259]"
B1,KYOw16662,4,3,6,48925,6,0.3521716913643332,False,"[12147, 11697, 17230, 2003, 5579, 269]"
B1,KYOw16662,4,3,8,48925,8,0.2975779253960143,False,"[145, 2520, 12166, 14559, 10579, 6227, 2448, 281]"
B1,KYOw16662,4,3,10,48925,10,0.2723556463975473,False,"[13325, 4547, 8348, 2223, 162, 514, 10126, 2741, 132, 6807]"
B1,KYOw16662,4,3,12,48925,12,0.2335206949412366,False,"[7186, 4509, 9519, 2839, 2581, 151, 1673, 44, 11425, 7872, 73, 1053]"
B1,KYOw16662,4,3,14,48925,14,0.24735820132856412,False,"[1, 7970, 1582, 1702, 205, 5797, 146, 12102, 3086, 176, 2291, 3160, 10578, 129]"
B1,KYOw16666,4,3,2,58338,2,0.8590112790976722,False,"[50113, 8225]"
B1,KYOw16666,4,3,4,58338,4,0.7385066337550139,False,"[43083, 5430, 80, 9745]"
B1,KYOw16666,4,3,6,58338,6,0.7384552092975419,False,"[43080, 24, 984, 2569, 2434, 9247]"
B1,KYOw16666,4,3,8,58338,8,0.5220782337413007,False,"[555, 2426, 30457, 107, 8, 875, 18339, 5571]"
B1,KYOw16666,4,3,10,58338,10,0.5667832287702698,False,"[493, 148, 7, 15376, 5144, 133, 33065, 3238, 732, 2]"
B1,KYOw16666,4,3,12,58338,11,0.443415955295005,False,"[5, 43, 18808, 3091, 25868, 10, 4953, 2873, 42, 0, 2377, 268]"
B1,KYOw16666,4,3,14,58338,13,0.4935548013301793,False,"[25, 135, 28793, 544, 3886, 9, 29, 24, 1476, 7164, 0, 102, 15259, 892]"
B1,KYOw16700,4,3,2,55038,2,0.9079545041607616,False,"[49972, 5066]"
B1,KYOw16700,4,3,4,55038,4,0.8376757876376322,False,"[46104, 3737, 1856, 3341]"
B1,KYOw16700,4,3,6,55038,6,0.6863803190522911,False,"[37777, 994, 10049, 1829, 2032, 2357]"
B1,KYOw16700,4,3,8,55038,8,0.6575275264362804,False,"[2444, 1990, 36189, 9958, 1065, 1236, 759, 1397]"
B1,KYOw16700,4,3,10,55038,10,0.5748937098005015,False,"[12464, 735, 506, 608, 1436, 535, 31641, 1999, 3059, 2055]"
B1,KYOw16700,4,3,12,55038,12,0.5500563247211018,False,"[598, 546, 30274, 1977, 523, 432, 324, 1543, 12744, 1795, 3945, 337]"
B1,KYOw16700,4,3,14,55038,14,0.5662996475162615,False,"[1372, 307, 707, 550, 1207, 356, 314, 10581, 1559, 454, 1647, 273, 31168, 4543]"
B1,KYOw16737,4,3,2,65693,2,0.6058331937953816,False,"[25894, 39799]"
B1,KYOw16737,4,3,4,65693,4,0.5335271642336322,False,"[19529, 35049, 4194, 6921]"
B1,KYOw16737,4,3,6,65693,6,0.39509536784741145,False,"[20167, 2798, 2631, 10799, 25955, 3343]"
B1,KYOw16737,4,3,8,65693,8,0.34094956844717095,False,"[11162, 12672, 12642, 2364, 2251, 22398, 252, 1952]"
B1,KYOw16737,4,3,10,65693,10,0.2456426103237788,False,"[2058, 16137, 1840, 231, 1960, 4687, 9435, 14658, 13008, 1679]"
B1,KYOw16737,4,3,12,65693,12,0.2688566513936036,False,"[1958, 11781, 11721, 17662, 80, 4369, 362, 3071, 2338, 899, 7934, 3518]"
B1,KYOw16737,4,3,14,65693,14,0.3604036959797848,False,"[3815, 99, 103, 4927, 2396, 3036, 2823, 1642, 23676, 285, 1802, 1051, 6305, 13733]"
B1,KYOw16744,4,3,2,108863,2,0.5945270661289878,False,"[64722, 44141]"
B1,KYOw16744,4,3,4,108863,4,0.3728355823374333,False,"[40588, 32948, 4289, 31038]"
B1,KYOw16744,4,3,6,108863,6,0.4211531925447581,False,"[45848, 2604, 3044, 13501, 19774, 24092]"
B1,KYOw16744,4,3,8,108863,8,0.31309076545750164,False,"[17041, 14456, 34084, 2011, 1895, 10286, 11033, 18057]"
B1,KYOw16744,4,3,10,108863,10,0.27899286258875833,False,"[1947, 6336, 1652, 9451, 17284, 4201, 30372, 15409, 20861, 1350]"
B1,KYOw16744,4,3,12,108863,12,0.25331839100520837,False,"[1162, 5030, 22860, 14789, 7010, 2084, 6842, 14941, 1734, 1282, 27577, 3552]"
B1,KYOw16744,4,3,14,108863,14,0.23785859291035522,False,"[11565, 973, 9134, 5105, 12476, 1267, 1609, 1487, 10518, 8702, 646, 3309, 16178, 25894]"
B1,KYOw02709,5,1,2,40105,2,0.5020072310185762,False,"[20133, 19972]"
B1,KYOw02709,5,1,4,40105,4,0.45188879192120684,False,"[8399, 13533, 18123, 50]"
B1,KYOw02709,5,1,6,40105,6,0.4901134521880065,False,"[9988, 9800, 26, 460, 19656, 175]"
B1,KYOw02709,5,1,8,40105,8,0.4463034534347338,False,"[979, 34, 8430, 448, 17899, 689, 2, 11624]"
B1,KYOw02709,5,1,10,40105,9,0.3455180152100736,False,"[3695, 6, 8974, 13857, 2211, 0, 4550, 78, 3547, 3187]"
B1,KYOw02709,5,1,12,40105,10,0.3822466026679965,False,"[2971, 1590, 7842, 15330, 3695, 60, 0, 3083, 15, 51, 5468, 0]"
B1,KYOw02709,5,1,14,40105,12,0.31360179528737064,False,"[8977, 0, 0, 4956, 905, 3578, 4693, 7, 66, 15, 2595, 44, 1692, 12577]"
B1,KYOw02719,5,1,2,76827,2,0.8949718198029338,False,"[68758, 8069]"
B1,KYOw02719,5,1,4,76827,4,0.7959831829955615,False,"[6227, 4723, 4724, 61153]"
B1,KYOw02719,5,1,6,76827,6,0.7541619482733934,False,"[4640, 7487, 57940, 5987, 170, 603]"
B1,KYOw02719,5,1,8,76827,8,0.6545224986007523,False,"[1486, 14911, 3643, 3529, 142, 343, 50285, 2488]"
B1,KYOw02719,5,1,10,76827,10,0.6613300011714631,False,"[8973, 5610, 173, 3740, 275, 50808, 37, 611, 3627, 2973]"
B1,KYOw02719,5,1,12,76827,12,0.6065966392023637,False,"[2211, 100, 3776, 1250, 3261, 29, 46603, 1969, 2655, 571, 61, 14341]"
B1,KYOw02719,5,1,14,76827,14,0.5300219974748461,False,"[1629, 1330, 40720, 77, 135, 3448, 3013, 20226, 21, 1181, 2459, 504, 2017, 67]"
B1,KYOw02759,5,1,2,74466,2,0.8466414202454812,False,"[63046, 11420]"
B1,KYOw02759,5,1,4,74466,4,0.4140144495474445,False,"[8031, 7031, 30830, 28574]"
B1,KYOw02759,5,1,6,74466,6,0.43413101281121586,False,"[6575, 32328, 26105, 6845, 2023, 590]"
B1,KYOw02759,5,1,8,74466,8,0.4254961996078747,False,"[1247, 10795, 5612, 4438, 1599, 835, 18255, 31685]"
B1,KYOw02759,5,1,10,74466,10,0.40568850213520263,False,"[30210, 5439, 2094, 10686, 972, 16809, 441, 290, 3867, 3658]"
B1,KYOw02759,5,1,12,74466,12,0.2556334434507023,False,"[2780, 727, 17690, 3137, 3642, 22, 14309, 19036, 3232, 187, 1350, 8354]"
B1,KYOw02759,5,1,14,74466,14,0.26841780141272525,False,"[13882, 983, 11307, 1486, 711, 4824, 4136, 13169, 22, 1427, 19988, 199, 1608, 724]"
B1,KYOw02767,5,1,2,152143,2,0.7296885167243975,False,"[41126, 111017]"
B1,KYOw02767,5,1,4,152143,4,0.4674286690810619,False,"[71116, 41819, 27747, 11461]"
B1,KYOw02767,5,1,6,152143,6,0.38873296832585136,False,"[59143, 27882, 9675, 52708, 304, 2431]"
B1,KYOw02767,5,1,8,152143,8,0.4073338898273335,False,"[3244, 6307, 61973, 44894, 297, 3864, 12387, 19177]"
B1,KYOw02767,5,1,10,152143,10,0.5719750497886856,False,"[23788, 10018, 748, 554, 4344, 7933, 252, 1691, 87022, 15793]"
B1,KYOw02767,5,1,12,152143,12,0.5313750879107155,False,"[7274, 1632, 794, 301, 80845, 1199, 8209, 23616, 21033, 1406, 443, 5391]"
B1,KYOw02767,5,1,14,152143,14,0.39006066660970273,False,"[730, 6492, 8156, 527, 2291, 560, 59345, 798, 859, 43143, 23073, 1360, 4660, 149]"
B1,KYOw02773,5,1,2,52618,2,0.918830058155004,False,"[48347, 4271]"
B1,KYOw02773,5,1,4,52618,4,0.8994450568246608,False,"[341, 3912, 47327, 1038]"
B1,KYOw02773,5,1,6,52618,6,0.8835759625983504,False,"[2792, 46492, 674, 295, 1235, 1130]"
B1,KYOw02773,5,1,8,52618,8,0.795963358546505,False,"[1356, 164, 1924, 222, 908, 3376, 2786, 41882]"
B1,KYOw02773,5,1,10,52618,10,0.7921623778934965,False,"[41682, 208, 1001, 350, 4976, 543, 1045, 601, 251, 1961]"
B1,KYOw02773,5,1,12,52618,12,0.7955832604812042,False,"[1591, 3160, 1048, 228, 775, 10, 1986, 41862, 198, 474, 1142, 144]"
B1,KYOw02773,5,1,14,52618,14,0.7921623778934965,False,"[1128, 175, 1547, 1121, 3324, 23, 1189, 70, 7, 175, 41682, 470, 996, 711]"
B1,KYOw02777,5,1,2,121687,2,0.5500751929129652,False,"[54750, 66937]"
B1,KYOw02777,5,1,4,121687,4,0.440548291929294,False,"[53609, 22504, 11477, 34097]"
B1,KYOw02777,5,1,6,121687,6,0.38922810160493726,False,"[28927, 12828, 30942, 47364, 1146, 480]"
B1,KYOw02777,5,1,8,121687,8,0.3106494531050975,False,"[2445, 21175, 27954, 37802, 987, 1083, 22882, 7359]"
B1,KYOw02777,5,1,10,121687,10,0.3725295224633691,False,"[11525, 25251, 1728, 2314, 1394, 23691, 476, 212, 45332, 9764]"
B1,KYOw02777,5,1,12,121687,12,0.28385940979726676,False,"[6520, 809, 2258, 1354, 34542, 495, 20221, 7182, 28910, 134, 969, 18293]"
B1,KYOw02777,5,1,14,121687,14,0.25830203719378403,False,"[1917, 17424, 20935, 1211, 931, 3445, 26821, 4560, 403, 31432, 7159, 132, 4896, 421]"
B1,KYOw02783,5,1,2,84218,2,0.6983661450046308,False,"[58815, 25403]"
B1,KYOw02783,5,1,4,84218,4,0.42783015507373723,False,"[16496, 12843, 36031, 18848]"
B1,KYOw02783,5,1,6,84218,6,0.4351445059250991,False,"[13347, 36647, 16756, 14155, 2519, 794]"
B1,KYOw02783,5,1,8,84218,8,0.33513025718967443,False,"[875, 8245, 12865, 11321, 2171, 4736, 15781, 28224]"
B1,KYOw02783,5,1,10,84218,10,0.35411669714312854,False,"[29823, 7286, 3288, 4626, 6765, 12105, 1066, 396, 15617, 3246]"
B1,KYOw02783,5,1,12,84218,12,0.32531050369279724,False,"[1314, 2952, 5084, 2551, 14082, 1225, 13393, 27397, 8169, 339, 1414, 6298]"
B1,KYOw02783,5,1,14,84218,14,0.3225201263387874,False,"[3979, 1728, 11529, 1345, 3720, 5212, 12551, 7105, 1102, 6709, 27162, 320, 753, 1003]"
B1,KYOw02788,5,1,2,112294,2,0.9988245142215969,False,"[132, 112162]"
B1,KYOw02788,5,1,4,112294,3,0.9987532726592694,False,"[0, 112154, 139, 1]"
B1,KYOw02788,5,1,6,112294,4,0.9223734126489394,False,"[103577, 39, 0, 0, 1, 8677]"
B1,KYOw02788,5,1,8,112294,5,0.7876912390688727,False,"[88453, 0, 23530, 0, 7, 303, 1, 0]"
B1,KYOw02788,5,1,10,112294,7,0.8760218711596345,False,"[1, 0, 9088, 0, 86, 0, 36, 4708, 3, 98372]"
B1,KYOw02788,5,1,12,112294,8,0.8843393235613657,False,"[99306, 116, 0, 0, 294, 2, 1, 7, 0, 1661, 10907, 0]"
B1,KYOw02788,5,1,14,112294,8,0.7519725007569416,False,"[0, 0, 1, 24244, 102, 0, 2070, 0, 2, 0, 2, 1431, 84442, 0]"
B1,KYOw16711,5,1,2,82012,2,0.5956567331610009,False,"[48851, 33161]"
B1,KYOw16711,5,1,4,82012,4,0.40369701994830026,False,"[3829, 30374, 33108, 14701]"
B1,KYOw16711,5,1,6,82012,6,0.3671413939423499,False,"[22552, 30110, 13122, 3322, 1461, 11445]"
B1,KYOw16711,5,1,8,82012,8,0.25349948787982246,False,"[20790, 4652, 8714, 1905, 1271, 12051, 14451, 18178]"
B1,KYOw16711,5,1,10,82012,10,0.24771984587621323,False,"[18717, 3407, 1755, 711, 12243, 12391, 1003, 9186, 2283, 20316]"
B1,KYOw16711,5,1,12,82012,12,0.2858240257523289,False,"[19130, 4786, 733, 773, 4055, 2337, 12104, 23441, 1401, 7678, 1303, 4271]"
B1,KYOw16711,5,1,14,82012,14,0.25926693654587135,False,"[614, 3053, 11494, 1923, 7013, 425, 5137, 2591, 1838, 1251, 21263, 7295, 17457, 658]"
B1,KYOw02709,5,2,2,40105,2,0.501957361924947,False,"[19974, 20131]"
B1,KYOw02709,5,2,4,40105,4,0.451813988280763,False,"[8451, 18120, 13484, 50]"
B1,KYOw02709,5,2,6,40105,5,0.40977434235132776,False,"[4213, 0, 3688, 9425, 16434, 6345]"
B1,KYOw02709,5,2,8,40105,6,0.3761625732452313,False,"[4551, 15086, 10555, 6325, 538, 0, 0, 3050]"
B1,KYOw02709,5,2,10,40105,9,0.376885675102855,False,"[3051, 15115, 75, 10399, 0, 1811, 3992, 3749, 1890, 23]"
B1,KYOw02709,5,2,12,40105,10,0.31654407181149485,False,"[0, 0, 5703, 4351, 51, 2071, 993, 4142, 2, 12695, 3361, 6736]"
B1,KYOw02709,5,2,14,40105,12,0.3779827951626979,False,"[0, 178, 15159, 3185, 542, 8510, 2339, 2970, 420, 52, 1, 0, 172, 6577]"
B1,KYOw02719,5,2,2,76827,2,0.894906738516407,False,"[8074, 68753]"
B1,KYOw02719,5,2,4,76827,4,0.7948768011246047,False,"[6219, 4834, 4706, 61068]"
B1,KYOw02719,5,2,6,76827,6,0.6431462897158551,False,"[14414, 49411, 5080, 4517, 3267, 138]"
B1,KYOw02719,5,2,8,76827,8,0.7002746430291434,False,"[1442, 3014, 3388, 89, 1572, 9917, 53800, 3605]"
B1,KYOw02719,5,2,10,76827,10,0.5875798872792117,False,"[3573, 3447, 630, 106, 45142, 16009, 2670, 362, 42, 4846]"
B1,KYOw02719,5,2,12,76827,12,0.603720046337876,False,"[46382, 14223, 2736, 63, 527, 1714, 138, 3088, 1338, 87, 2448, 4083]"
B1,KYOw02719,5,2,14,76827,14,0.6051648508987726,False,"[46493, 969, 152, 3094, 316, 1534, 1807, 2627, 41, 39, 1162, 8334, 10130, 129]"
B1,KYOw02759,5,2,2,74466,2,0.8465608465608465,False,"[11426, 63040]"
B1,KYOw02759,5,2,4,74466,4,0.41541106008111084,False,"[8007, 30934, 7020, 28505]"
B1,KYOw02759,5,2,6,74466,6,0.3920849783793946,False,"[29197, 18521, 6215, 6200, 13264, 1069]"
B1,KYOw02759,5,2,8,74466,8,0.2986597910455778,False,"[20054, 12956, 5836, 893, 956, 6881, 22240, 4650]"
B1,KYOw02759,5,2,10,74466,10,0.44017403915881076,False,"[3667, 10134, 259, 1540, 15218, 32778, 3926, 1259, 453, 5232]"
B1,KYOw02759,5,2,12,74466,12,0.27839550935997637,False,"[13725, 8558, 4760, 1038, 206, 1584, 706, 3967, 1301, 765, 20731, 17125]"
B1,KYOw02759,5,2,14,74466,14,0.2581715145166922,False,"[15645, 474, 1288, 3506, 714, 13031, 19225, 3470, 450, 20, 1384, 3483, 9948, 1828]"
B1,KYOw02767,5,2,2,152143,2,0.7297476715984305,False,"[111026, 41117]"
B1,KYOw02767,5,2,4,152143,4,0.4702220936881749,False,"[71541, 27800, 41367, 11435]"
B1,KYOw02767,5,2,6,152143,6,0.4950934318371532,False,"[29551, 9313, 75325, 35862, 677, 1415]"
B1,KYOw02767,5,2,8,152143,8,0.3588071748289438,False,"[24335, 664, 50747, 814, 3207, 7914, 9872, 54590]"
B1,KYOw02767,5,2,10,152143,10,0.5772661246327468,False,"[87827, 538, 1651, 505, 7475, 22622, 12925, 6541, 376, 11683]"
B1,KYOw02767,5,2,12,152143,12,0.5039666629421006,False,"[8237, 4724, 1135, 517, 1453, 3539, 2427, 76675, 29418, 152, 23113, 753]"
B1,KYOw02767,5,2,14,152143,14,0.3759423700071643,False,"[7111, 1994, 164, 32853, 3434, 716, 21828, 57197, 782, 1361, 18220, 5487, 492, 504]"
B1,KYOw02773,5,2,2,52618,2,0.9188490630582691,False,"[4270, 48348]"
B1,KYOw02773,5,2,4,52618,4,0.8998061499866966,False,"[340, 47346, 3914, 1018]"
B1,KYOw02773,5,2,6,52618,6,0.8771903151012961,False,"[46156, 390, 303, 2957, 850, 1962]"
B1,KYOw02773,5,2,8,52618,8,0.8216009730510472,False,"[43231, 755, 2069, 1727, 1080, 187, 3366, 203]"
B1,KYOw02773,5,2,10,52618,10,0.7467596639933103,False,"[333, 385, 568, 855, 334, 39293, 2120, 7157, 1364, 209]"
B1,KYOw02773,5,2,12,52618,12,0.7977308145501539,False,"[1621, 120, 47, 959, 490, 1013, 3284, 1416, 233, 691, 41975, 769]"
B1,KYOw02773,5,2,14,52618,14,0.7712189744954199,False,"[2054, 653, 310, 1618, 3318, 1360, 40580, 132, 1272, 2, 217, 134, 34, 934]"
B1,KYOw02777,5,2,2,121687,2,0.5502724202256609,False,"[66961, 54726]"
B1,KYOw02777,5,2,4,121687,4,0.4411317560626854,False,"[53680, 11557, 22331, 34119]"
B1,KYOw02777,5,2,6,121687,6,0.43221543796790124,False,"[15056, 30693, 52595, 20042, 2400, 901]"
B1,KYOw02777,5,2,8,121687,8,0.3214229950610994,False,"[6971, 2241, 24361, 785, 2140, 22237, 23839, 39113]"
B1,KYOw02777,5,2,10,121687,10,0.35272461314684395,False,"[42922, 2235, 193, 1095, 23607, 13575, 8839, 1863, 532, 26826]"
B1,KYOw02777,5,2,12,121687,12,0.26857429306335107,False,"[20291, 17183, 4705, 916, 149, 4257, 973, 32682, 30121, 526, 7511, 2373]"
B1,KYOw02777,5,2,14,121687,14,0.26235341490874126,False,"[18943, 972, 646, 15067, 992, 1633, 6624, 31925, 379, 549, 23476, 14800, 4162, 1519]"
B1,KYOw02783,5,2,2,84218,2,0.6982355315965708,False,"[25414, 58804]"
B1,KYOw02783,5,2,4,84218,4,0.4289938018000902,False,"[16546, 36129, 12769, 18774]"
B1,KYOw02783,5,2,6,84218,6,0.4421263862832174,False,"[37235, 13377, 15674, 11015, 5038, 1879]"
B1,KYOw02783,5,2,8,84218,8,0.33906053337766273,False,"[28555, 4749, 12499, 1639, 770, 6482, 17595, 11929]"
B1,KYOw02783,5,2,10,84218,10,0.34486689306324064,False,"[15784, 4506, 378, 2294, 10713, 29044, 2820, 9403, 1171, 8105]"
B1,KYOw02783,5,2,12,84218,12,0.32512052055380086,False,"[12719, 6696, 7750, 1555, 348, 666, 3878, 11700, 5230, 1088, 27381, 5207]"
B1,KYOw02783,5,2,14,84218,14,0.29716925122895343,False,"[13695, 327, 1211, 5984, 4674, 3619, 25027, 12131, 695, 1263, 3804, 2774, 6846, 2168]"
B1,KYOw02788,5,2,2,112294,2,0.9988245142215969,False,"[112162, 132]"
B1,KYOw02788,5,2,4,112294,3,0.9987532726592694,False,"[0, 139, 112154, 1]"
B1,KYOw02788,5,2,6,112294,3,0.9750387375995155,False,"[51, 0, 0, 109491, 0, 2752]"
B1,KYOw02788,5,2,8,112294,5,0.7154077688923718,False,"[58, 0, 31172, 727, 80336, 0, 1, 0]"
B1,KYOw02788,5,2,10,112294,7,0.9421251358042282,False,"[7, 0, 3868, 2476, 0, 1, 105795, 55, 92, 0]"
B1,KYOw02788,5,2,12,112294,7,0.8901455108910539,False,"[1, 0, 0, 6801, 1652, 99958, 99, 3778, 0, 0, 5, 0]"
B1,KYOw02788,5,2,14,112294,7,0.4581812029137799,False,"[0, 51451, 0, 40059, 67, 0, 1, 0, 1474, 2, 0, 0, 0, 19240]"
B1,KYOw16711,5,2,2,82012,2,0.5956689264985612,False,"[33160, 48852]"
B1,KYOw16711,5,2,4,82012,4,0.4044164268643613,False,"[3819, 33167, 30370, 14656]"
B1,KYOw16711,5,2,6,82012,6,0.4112812759108423,False,"[33730, 11834, 3190, 27414, 1125, 4719]"
B1,KYOw16711,5,2,8,82012,8,0.35053406818514365,False,"[28748, 1003, 8983, 2459, 20815, 4958, 13212, 1834]"
B1,KYOw16711,5,2,10,82012,10,0.2509632736672682,False,"[2610, 747, 9053, 1315, 11442, 14978, 20582, 17081, 1167, 3037]"
B1,KYOw16711,5,2,12,82012,12,0.2563161488562649,False,"[12228, 4331, 909, 1376, 7611, 17757, 7259, 5961, 2046, 893, 21021, 620]"
B1,KYOw16711,5,2,14,82012,14,0.2252841047651563,False,"[10402, 15710, 714, 9941, 10765, 772, 18476, 1081, 2307, 2545, 1408, 5397, 650, 1844]"
B1,KYOw02709,5,3,2,40105,2,0.5019324273781324,False,"[19975, 20130]"
B1,KYOw02709,5,3,4,40105,4,0.4382745293604289,False,"[9803, 12027, 698, 17577]"
B1,KYOw02709,5,3,6,40105,6,0.3862111956115198,False,"[10145, 3903, 49, 15489, 10216, 303]"
B1,KYOw02709,5,3,8,40105,8,0.420097244732577,False,"[4965, 8595, 4987, 632, 4049, 1, 16848, 28]"
B1,KYOw02709,5,3,10,40105,9,0.37192370028674726,False,"[14916, 0, 2328, 75, 9703, 18, 2599, 3722, 3418, 3326]"
B1,KYOw02709,5,3,12,40105,10,0.38750779204587954,False,"[3463, 2647, 49, 3272, 75, 0, 15541, 0, 4466, 8930, 61, 1601]"
B1,KYOw02709,5,3,14,40105,12,0.322503428500187,False,"[1893, 2966, 1555, 11809, 0, 164, 0, 3901, 32, 52, 3202, 1050, 547, 12934]"
B1,KYOw02719,5,3,2,76827,2,0.8948676897444908,False,"[8077, 68750]"
B1,KYOw02719,5,3,4,76827,4,0.7147357048954144,False,"[54911, 5840, 15930, 146]"
B1,KYOw02719,5,3,6,76827,6,0.7692868392622385,False,"[4127, 2569, 59102, 117, 3781, 7131]"
B1,KYOw02719,5,3,8,76827,8,0.6919442383537038,False,"[3858, 96, 8457, 345, 2738, 53160, 2457, 5716]"
B1,KYOw02719,5,3,10,76827,10,0.6081455738217033,False,"[3547, 46722, 14165, 627, 111, 4944, 39, 2770, 3578, 324]"
B1,KYOw02719,5,3,12,76827,12,0.6450857120543559,False,"[2750, 2024, 553, 55, 87, 49560, 568, 10988, 3095, 4117, 2936, 94]"
B1,KYOw02719,5,3,14,76827,14,0.6231923672667161,False,"[4415, 3134, 1662, 699, 47878, 11468, 1919, 93, 1825, 551, 2813, 205, 16, 149]"
B1,KYOw02759,5,3,2,74466,2,0.8465339886659684,False,"[11428, 63038]"
B1,KYOw02759,5,3,4,74466,4,0.6906239088980206,False,"[51428, 7695, 13726, 1617]"
B1,KYOw02759,5,3,6,74466,6,0.396449386297102,False,"[29522, 2845, 27095, 1368, 5811, 7825]"
B1,KYOw02759,5,3,8,74466,8,0.4123895469073134,False,"[4487, 1201, 30709, 814, 3630, 19424, 8389, 5812]"
B1,KYOw02759,5,3,10,74466,10,0.4320898128004727,False,"[10331, 15652, 32176, 256, 1638, 5249, 443, 3866, 3730, 1125]"
B1,KYOw02759,5,3,12,74466,12,0.28441167781269305,False,"[21179, 2121, 169, 990, 181, 15782, 2356, 6897, 4039, 16471, 3539, 742]"
B1,KYOw02759,5,3,14,74466,14,0.2467971960357747,False,"[18378, 3583, 1267, 2516, 13050, 10439, 1517, 1380, 2337, 137, 17643, 789, 368, 1062]"
B1,KYOw02767,5,3,2,152143,2,0.7297673898897747,False,"[111029, 41114]"
B1,KYOw02767,5,3,4,152143,4,0.6128247766903505,False,"[34241, 93237, 23259, 1406]"
B1,KYOw02767,5,3,6,152143,6,0.6028736123252466,False,"[27001, 6742, 9796, 814, 91723, 16067]"
B1,KYOw02767,5,3,8,152143,8,0.5977271382843772,False,"[90940, 565, 25720, 3331, 10031, 8283, 510, 12763]"
B1,KYOw02767,5,3,10,152143,10,0.5749130751989904,False,"[544, 7578, 23284, 1660, 573, 11372, 308, 13664, 87469, 5691]"
B1,KYOw02767,5,3,12,152143,12,0.4948239485221141,False,"[24145, 4805, 1374, 493, 1692, 7692, 240, 5656, 75284, 699, 28307, 1756]"
B1,KYOw02767,5,3,14,152143,14,0.4521601388167711,False,"[23514, 68793, 3417, 291, 6669, 489, 7301, 700, 34825, 1285, 849, 3408, 388, 214]"
B1,KYOw02773,5,3,2,52618,2,0.9188490630582691,False,"[4270, 48348]"
B1,KYOw02773,5,3,4,52618,4,0.8850583450530237,False,"[46570, 3286, 347, 2415]"
B1,KYOw02773,5,3,6,52618,6,0.8700824812801703,False,"[45782, 2299, 1172, 1958, 1148, 259]"
B1,KYOw02773,5,3,8,52618,8,0.83631076817819,False,"[603, 1109, 44005, 3264, 2292, 567, 550, 228]"
B1,KYOw02773,5,3,10,52618,10,0.7661636702269186,False,"[377, 368, 40314, 575, 883, 211, 1281, 2076, 305, 6228]"
B1,KYOw02773,5,3,12,52618,12,0.808069481926337,False,"[42519, 1242, 451, 1041, 15, 1486, 278, 156, 1198, 740, 186, 3306]"
B1,KYOw02773,5,3,14,52618,14,0.7745828423733323,False,"[40757, 1315, 805, 154, 827, 34, 176, 955, 156, 411, 1347, 3953, 1001, 727]"
B1,KYOw02777,5,3,2,121687,2,0.5503956872960957,False,"[66976, 54711]"
B1,KYOw02777,5,3,4,121687,4,0.3839933600138059,False,"[30808, 42927, 46727, 1225]"
B1,KYOw02777,5,3,6,121687,6,0.3455997764757123,False,"[10543, 6190, 28732, 1054, 42055, 33113]"
B1,KYOw02777,5,3,8,121687,8,0.35859212569954063,False,"[43636, 939, 12053, 971, 7568, 25478, 2015, 29027]"
B1,KYOw02777,5,3,10,121687,10,0.35649658550214897,False,"[2264, 23680, 13210, 195, 1239, 26444, 507, 9092, 43381, 1675]"
B1,KYOw02777,5,3,12,121687,12,0.2550395687296096,False,"[8009, 5388, 126, 816, 704, 20820, 1133, 19844, 30680, 2272, 31035, 860]"
B1,KYOw02777,5,3,14,121687,14,0.26150698102508896,False,"[8727, 28081, 4054, 1466, 20565, 4318, 17054, 1227, 31822, 100, 2171, 1106, 408, 588]"
B1,KYOw02783,5,3,2,84218,2,0.6982117837041962,False,"[25416, 58802]"
B1,KYOw02783,5,3,4,84218,4,0.5714692821012135,False,"[48128, 16912, 16583, 2595]"
B1,KYOw02783,5,3,6,84218,6,0.4051271699636657,False,"[34119, 1671, 17624, 2187, 17699, 10918]"
B1,KYOw02783,5,3,8,84218,8,0.3909853000546202,False,"[17209, 1868, 32928, 3912, 2053, 13320, 4147, 8781]"
B1,KYOw02783,5,3,10,84218,10,0.35012705122420384,False,"[4536, 11021, 29487, 384, 2380, 7880, 1095, 2930, 15883, 8622]"
B1,KYOw02783,5,3,12,84218,12,0.337350685126695,False,"[28411, 906, 337, 1138, 1392, 13105, 2267, 5840, 13111, 5093, 9428, 3190]"
B1,KYOw02783,5,3,14,84218,14,0.31857797620461187,False,"[26830, 10751, 487, 3628, 11253, 7235, 1905, 1348, 8818, 303, 4406, 5231, 846, 1177]"
B1,KYOw02788,5,3,2,112294,2,0.9988245142215969,False,"[112162, 132]"
B1,KYOw02788,5,3,4,112294,3,0.9910235631467398,False,"[42, 111286, 0, 966]"
B1,KYOw02788,5,3,6,112294,5,0.9844248134361586,False,"[49, 110545, 1, 266, 1433, 0]"
B1,KYOw02788,5,3,8,112294,5,0.9734536128377296,False,"[112, 2430, 1, 438, 109313, 0, 0, 0]"
B1,KYOw02788,5,3,10,112294,7,0.924688763424582,False,"[0, 0, 1, 4009, 4306, 0, 68, 103837, 3, 70]"
B1,KYOw02788,5,3,12,112294,7,0.8812848415765758,False,"[6, 98963, 1214, 10409, 0, 1, 0, 0, 1588, 0, 0, 113]"
B1,KYOw02788,5,3,14,112294,7,0.7509305929079024,False,"[1, 3148, 84325, 0, 0, 0, 0, 22958, 0, 1193, 0, 77, 592, 0]"
B1,KYOw16711,5,3,2,82012,2,0.5956933131736819,False,"[33158, 48854]"
B1,KYOw16711,5,3,4,82012,4,0.5035116812173828,False,"[41294, 29400, 6786, 4532]"
B1,KYOw16711,5,3,6,82012,6,0.37311612934692484,False,"[30600, 25321, 14220, 2529, 5726, 3616]"
B1,KYOw16711,5,3,8,82012,8,0.3040774520801834,False,"[3829, 1591, 23366, 11279, 24938, 12477, 1077, 3455]"
B1,KYOw16711,5,3,10,82012,10,0.25035360678925034,False,"[738, 11650, 16673, 9076, 1398, 3107, 1074, 20532, 2526, 15238]"
B1,KYOw16711,5,3,12,82012,12,0.2853728722625957,False,"[23404, 18356, 7451, 1434, 4395, 11317, 703, 2517, 5393, 524, 1291, 5227]"
B1,KYOw16711,5,3,14,82012,14,0.23861142271862654,False,"[19569, 5761, 16429, 1003, 11254, 782, 4102, 2241, 1384, 7159, 426, 9993, 958, 951]"
A0,KYOw02707,1,1,2,115078,2,0.97295747232312,False,"[111966, 3112]"
A0,KYOw02707,1,1,4,115078,4,0.9073584872868837,False,"[8114, 1596, 104417, 951]"
A0,KYOw02707,1,1,6,115078,6,0.8403865204470011,False,"[4465, 10771, 2569, 541, 96710, 22]"
A0,KYOw02707,1,1,8,115078,8,0.8308190966127322,False,"[1319, 661, 8784, 39, 95609, 3587, 18, 5061]"
A0,KYOw02707,1,1,10,115078,10,0.640009384938911,False,"[25368, 14, 971, 73651, 2374, 7545, 4393, 4, 103, 655]"
A0,KYOw02707,1,1,12,115078,12,0.7636733346078312,False,"[1, 8, 543, 1985, 186, 1666, 7025, 87882, 7046, 2340, 18, 6378]"
A0,KYOw02707,1,1,14,115078,14,0.8492413841046942,False,"[1771, 20, 393, 1, 528, 97729, 1, 2181, 2, 4652, 1887, 1527, 95, 4291]"
A0,KYOw02720,1,1,2,131174,2,0.9902724625306845,False,"[129898, 1276]"
A0,KYOw02720,1,1,4,131174,4,0.6011785872200284,False,"[78859, 767, 51543, 5]"
A0,KYOw02720,1,1,6,131174,6,0.5369509201518594,False,"[2166, 16587, 70434, 50, 41919, 18]"
A0,KYOw02720,1,1,8,131174,8,0.7370134325399851,False,"[16382, 221, 10928, 1, 5433, 1516, 16, 96677]"
A0,KYOw02720,1,1,10,131174,10,0.49308551999634076,False,"[2288, 6, 7857, 49414, 354, 6330, 64680, 1, 20, 224]"
A0,KYOw02720,1,1,12,131174,12,0.5129675088050986,False,"[2, 1, 8984, 45, 12, 1173, 67288, 6062, 6971, 38942, 12, 1682]"
A0,KYOw02720,1,1,14,131174,13,0.49536493512433866,False,"[4793, 17, 9935, 0, 132, 10612, 1, 37344, 1, 64979, 2013, 5, 126, 1216]"
A0,KYOw02751,1,1,2,71469,2,0.9132211168478641,False,"[65267, 6202]"
A0,KYOw02751,1,1,4,71469,4,0.8973540975807693,False,"[64133, 805, 2386, 4145]"
A0,KYOw02751,1,1,6,71469,5,0.7024863927017309,False,"[6066, 98, 50206, 1421, 13678, 0]"
A0,KYOw02751,1,1,8,71469,7,0.7372567127006114,False,"[10691, 302, 39, 791, 987, 5968, 0, 52691]"
A0,KYOw02751,1,1,10,71469,9,0.3185017280219396,False,"[1127, 0, 20727, 22763, 4656, 5, 21291, 564, 5, 331]"
A0,KYOw02751,1,1,12,71469,11,0.5833858036351425,False,"[0, 579, 16326, 3824, 56, 1653, 41694, 528, 9, 6005, 1, 794]"
A0,KYOw02751,1,1,14,71469,12,0.5818466747820733,False,"[1, 4, 12552, 0, 249, 416, 0, 41584, 485, 9397, 2703, 3431, 1, 646]"
A0,KYOw02752,1,1,2,117193,2,0.965927999112575,False,"[113200, 3993]"
A0,KYOw02752,1,1,4,117193,4,0.49455172237249667,False,"[57958, 2079, 56691, 465]"
A0,KYOw02752,1,1,6,117193,6,0.6744686116064953,False,"[7557, 5499, 24632, 437, 79043, 25]"
A0,KYOw02752,1,1,8,117193,7,0.5176845033406432,False,"[10312, 655, 4814, 0, 60669, 5987, 31, 34725]"
A0,KYOw02752,1,1,10,117193,9,0.46139274530048724,False,"[31316, 13, 7523, 54072, 3127, 4166, 16243, 0, 40, 693]"
A0,KYOw02752,1,1,12,117193,11,0.40829230414785866,False,"[7, 0, 6674, 1677, 143, 2534, 32195, 47849, 3779, 5924, 21, 16390]"
A0,KYOw02752,1,1,14,117193,11,0.4114921539682404,False,"[2216, 71, 5811, 0, 561, 48224, 0, 30722, 0, 10842, 4860, 411, 526, 12949]"
A0,KYOw02766,1,1,2,46176,2,0.6618589743589743,False,"[30562, 15614]"
A0,KYOw02766,1,1,4,46176,4,0.3723362785862786,False,"[17193, 7101, 14554, 7328]"
A0,KYOw02766,1,1,6,46176,6,0.30894837144837145,False,"[12763, 8653, 6274, 4127, 14266, 93]"
A0,KYOw02766,1,1,8,46176,8,0.27431999306999305,False,"[3395, 2257, 7866, 1538, 10503, 12667, 85, 7865]"
A0,KYOw02766,1,1,10,46176,10,0.2147002772002772,False,"[6097, 68, 2401, 9914, 9622, 8256, 4260, 919, 3705, 934]"
A0,KYOw02766,1,1,12,46176,12,0.18394837144837145,False,"[29, 904, 1426, 7180, 307, 3981, 8494, 6630, 7642, 1235, 3299, 5049]"
A0,KYOw02766,1,1,14,46176,13,0.2046950796950797,False,"[6391, 4292, 1177, 0, 904, 7266, 78, 9452, 682, 1831, 4250, 6169, 300, 3384]"
A0,KYOw02769,1,1,2,161734,2,0.9732585603521832,False,"[157409, 4325]"
A0,KYOw02769,1,1,4,161734,4,0.5793587000877984,False,"[93702, 1675, 64391, 1966]"
A0,KYOw02769,1,1,6,161734,6,0.41252921463637826,False,"[5449, 42574, 66720, 754, 46212, 25]"
A0,KYOw02769,1,1,8,161734,8,0.5897770413147514,False,"[12340, 583, 40484, 147, 7971, 4796, 26, 95387]"
A0,KYOw02769,1,1,10,161734,10,0.39697899019377497,False,"[4045, 21, 3115, 49965, 3348, 36175, 64205, 53, 19, 788]"
A0,KYOw02769,1,1,12,161734,12,0.4697280720194888,False,"[10, 48, 2074, 2211, 264, 2148, 75971, 6469, 36336, 31680, 11, 4512]"
A0,KYOw02769,1,1,14,161734,14,0.3360950696823179,False,"[33627, 11, 1724, 7, 746, 12503, 6, 49936, 27, 54358, 2430, 1938, 274, 4147]"
A0,KYOw02774,1,1,2,38927,2,0.9576900351940812,False,"[37280, 1647]"
A0,KYOw02774,1,1,4,38927,4,0.6305649035373905,False,"[13029, 1332, 24546, 20]"
A0,KYOw02774,1,1,6,38927,6,0.5054332468466617,False,"[1830, 6499, 4270, 437, 19675, 6216]"
A0,KYOw02774,1,1,8,38927,7,0.2999717419785753,False,"[1600, 663, 6354, 0, 11677, 1247, 6183, 11203]"
A0,KYOw02774,1,1,10,38927,9,0.4990109692501349,False,"[1808, 5687, 2001, 19425, 387, 6372, 2533, 0, 120, 594]"
A0,KYOw02774,1,1,12,38927,11,0.3204202738459167,False,"[4883, 0, 1111, 89, 298, 1220, 10657, 12473, 6269, 754, 54, 1119]"
A0,KYOw02774,1,1,14,38927,13,0.3088087959513962,False,"[5602, 86, 750, 1743, 461, 5337, 11, 12021, 0, 1245, 1651, 34, 9198, 788]"
A0,KYOw02775,1,1,2,51705,2,0.8877478000193405,False,"[45901, 5804]"
A0,KYOw02775,1,1,4,51705,4,0.626438448892757,False,"[32390, 3355, 15904, 56]"
A0,KYOw02775,1,1,6,51705,5,0.39340489314379656,False,"[11101, 9329, 10203, 731, 20341, 0]"
A0,KYOw02775,1,1,8,51705,6,0.3197563098346388,False,"[7851, 1417, 8713, 0, 16533, 7531, 0, 9660]"
A0,KYOw02775,1,1,10,51705,8,0.32515230635335074,False,"[16812, 0, 7800, 9605, 1500, 8334, 5835, 0, 769, 1050]"
A0,KYOw02775,1,1,12,51705,10,0.2897011894400928,False,"[0, 0, 4370, 912, 335, 3235, 8920, 7895, 8120, 2349, 590, 14979]"
A0,KYOw02775,1,1,14,51705,11,0.22599361763852627,False,"[7299, 887, 2963, 0, 596, 9806, 118, 8919, 0, 3257, 5942, 233, 0, 11685]"
A0,KYOw02776,1,1,2,91475,2,0.8034107679693906,False,"[73492, 17983]"
A0,KYOw02776,1,1,4,91475,4,0.8137633233123804,False,"[74439, 12271, 4432, 333]"
A0,KYOw02776,1,1,6,91475,5,0.583864443837114,False,"[14651, 1006, 53409, 4948, 17461, 0]"
A0,KYOw02776,1,1,8,91475,7,0.38085815796665756,False,"[34839, 6090, 1065, 83, 5258, 9543, 0, 34597]"
A0,KYOw02776,1,1,10,91475,9,0.5175621754577754,False,"[720, 0, 47344, 17354, 824, 562, 18090, 6, 3613, 2962]"
A0,KYOw02776,1,1,12,91475,11,0.46576660289696636,False,"[0, 4, 42606, 233, 1307, 7993, 21462, 4135, 476, 10278, 2150, 831]"
A0,KYOw02776,1,1,14,91475,13,0.36048100573927305,False,"[340, 2502, 32975, 0, 2221, 2758, 378, 25211, 3, 12510, 11892, 105, 5, 575]"
A0,KYOw16719,1,1,2,81497,2,0.9680724443844558,False,"[78895, 2602]"
A0,KYOw16719,1,1,4,81497,4,0.9744162361804729,False,"[79412, 805, 426, 854]"
A0,KYOw16719,1,1,6,81497,5,0.9402800103071278,False,"[3271, 725, 76630, 185, 686, 0]"
A0,KYOw16719,1,1,8,81497,7,0.7227259899137392,False,"[58900, 176, 893, 35, 117, 2464, 0, 18912]"
A0,KYOw16719,1,1,10,81497,9,0.6904425929788827,False,"[232, 0, 21678, 1451, 1220, 318, 56269, 13, 13, 303]"
A0,KYOw16719,1,1,12,81497,11,0.5150741745094911,False,"[0, 12, 25659, 507, 35, 1581, 10995, 19, 191, 41977, 12, 509]"
A0,KYOw16719,1,1,14,81497,12,0.47106028442764764,False,"[209, 17, 30980, 0, 281, 31, 4, 8603, 9, 38390, 1935, 505, 0, 533]"
A0,KYOw02707,1,2,2,115078,2,0.7287491961973618,False,"[83863, 31215]"
A0,KYOw02707,1,2,4,115078,4,0.728375536592572,False,"[83820, 30424, 42, 792]"
A0,KYOw02707,1,2,6,115078,6,0.6893759015624186,False,"[5385, 79332, 4525, 13, 537, 25286]"
A0,KYOw02707,1,2,8,115078,8,0.6715271381150176,False,"[664, 77278, 476, 4327, 30060, 1, 2266, 6]"
A0,KYOw02707,1,2,10,115078,10,0.651201793566103,False,"[4361, 820, 529, 1, 574, 74939, 782, 1, 30365, 2706]"
A0,KYOw02707,1,2,12,115078,12,0.6668868072090235,False,"[775, 2073, 1, 28049, 2405, 2836, 616, 1425, 129, 76744, 24, 1]"
A0,KYOw02707,1,2,14,115078,13,0.6637237352056866,False,"[2050, 3805, 1728, 26752, 246, 754, 33, 9, 263, 2924, 0, 76380, 1, 133]"
A0,KYOw02720,1,2,2,131174,2,0.5657981002332779,False,"[74218, 56956]"
A0,KYOw02720,1,2,4,131174,3,0.5652339640477534,False,"[74144, 56330, 0, 700]"
A0,KYOw02720,1,2,6,131174,5,0.5552243584856755,False,"[8008, 72831, 1384, 0, 366, 48585]"
A0,KYOw02720,1,2,8,131174,6,0.525584338359736,False,"[33404, 4539, 282, 68943, 23239, 0, 767, 0]"
A0,KYOw02720,1,2,10,131174,9,0.45047799106530256,False,"[9228, 625, 2804, 8, 88, 2414, 59091, 0, 56013, 903]"
A0,KYOw02720,1,2,12,131174,10,0.4912787595102688,False,"[178, 64443, 0, 27686, 379, 926, 28757, 3113, 86, 5596, 10, 0]"
A0,KYOw02720,1,2,14,131174,12,0.49218595148428806,False,"[64562, 218, 2940, 23082, 219, 147, 13, 6, 23767, 967, 0, 5600, 0, 9653]"
A0,KYOw02751,1,2,2,71469,2,0.7399431921532412,False,"[18586, 52883]"
A0,KYOw02751,1,2,4,71469,4,0.6667786033105263,False,"[18549, 47654, 133, 5133]"
A0,KYOw02751,1,2,6,71469,6,0.6783640459499923,False,"[21, 15691, 2894, 148, 4233, 48482]"
A0,KYOw02751,1,2,8,71469,7,0.651401306860317,False,"[46555, 1711, 4205, 14845, 1954, 0, 2032, 167]"
A0,KYOw02751,1,2,10,71469,9,0.6698148847752172,False,"[5607, 4700, 5, 0, 106, 371, 9999, 283, 47871, 2527]"
A0,KYOw02751,1,2,12,71469,11,0.6494004393513272,False,"[158, 14516, 305, 1807, 3488, 2576, 46412, 5, 866, 1328, 8, 0]"
A0,KYOw02751,1,2,14,71469,13,0.6018413577914901,False,"[14489, 509, 3, 5165, 4006, 147, 55, 1, 43013, 2601, 126, 1345, 0, 9]"
A0,KYOw02752,1,2,2,117193,2,0.884404358622102,False,"[103646, 13547]"
A0,KYOw02752,1,2,4,117193,4,0.8843190292935584,False,"[103636, 13228, 4, 325]"
A0,KYOw02752,1,2,6,117193,5,0.8306554145725428,False,"[4254, 97347, 6301, 0, 235, 9056]"
A0,KYOw02752,1,2,8,117193,7,0.4619644518017288,False,"[3635, 54139, 237, 46697, 9662, 7, 2816, 0]"
A0,KYOw02752,1,2,10,117193,9,0.34647973855093733,False,"[40605, 334, 2017, 17, 563, 36932, 19525, 0, 13168, 4032]"
A0,KYOw02752,1,2,12,117193,12,0.5189729762016503,False,"[776, 35243, 1, 9277, 712, 3966, 3506, 2826, 39, 60820, 22, 5]"
A0,KYOw02752,1,2,14,117193,13,0.5182391439761761,False,"[35026, 637, 2954, 9691, 113, 743, 9, 3, 2544, 4184, 0, 60734, 5, 550]"
A0,KYOw02766,1,2,2,46176,2,0.7166060291060291,False,"[33090, 13086]"
A0,KYOw02766,1,2,4,46176,4,0.7116250866250866,False,"[32860, 7730, 656, 4930]"
A0,KYOw02766,1,2,6,46176,6,0.4692914067914068,False,"[3563, 21670, 11366, 472, 4663, 4442]"
A0,KYOw02766,1,2,8,46176,8,0.26134788634788636,False,"[2063, 11493, 4573, 12068, 5967, 25, 9498, 489]"
A0,KYOw02766,1,2,10,46176,10,0.26786642411642414,False,"[12369, 4717, 4439, 55, 1225, 3679, 1767, 614, 7703, 9608]"
A0,KYOw02766,1,2,12,46176,12,0.19553447678447677,False,"[838, 9029, 471, 5445, 3001, 7613, 2157, 5079, 1992, 7795, 2732, 24]"
A0,KYOw02766,1,2,14,46176,14,0.19982241857241856,False,"[8912, 1271, 5224, 4369, 2716, 1919, 241, 1134, 1189, 9227, 335, 7751, 26, 1862]"
A0,KYOw02769,1,2,2,161734,2,0.632761200489693,False,"[102339, 59395]"
A0,KYOw02769,1,2,4,161734,4,0.6324087699556061,False,"[102282, 57838, 66, 1548]"
A0,KYOw02769,1,2,6,161734,6,0.6077509985531799,False,"[20247, 98294, 4032, 31, 1316, 37814]"
A0,KYOw02769,1,2,8,161734,8,0.5763908640112778,False,"[23113, 6529, 1304, 93222, 34903, 12, 2623, 28]"
A0,KYOw02769,1,2,10,161734,10,0.35698121607083233,False,"[22420, 1474, 17390, 28, 403, 2470, 56511, 55, 57736, 3247]"
A0,KYOw02769,1,2,12,161734,12,0.46147377793166555,False,"[652, 74636, 19, 35737, 1063, 3262, 21832, 17519, 689, 6301, 14, 10]"
A0,KYOw02769,1,2,14,161734,14,0.46209826010610017,False,"[74737, 831, 17348, 22316, 844, 556, 243, 24, 14994, 3349, 15, 6318, 4, 20155]"
A0,KYOw02774,1,2,2,38927,2,0.5470239165617695,False,"[17633, 21294]"
A0,KYOw02774,1,2,4,38927,4,0.5144501245921854,False,"[17608, 20026, 45, 1248]"
A0,KYOw02774,1,2,6,38927,6,0.4179875150923523,False,"[11963, 16271, 1353, 19, 959, 8362]"
A0,KYOw02774,1,2,8,38927,8,0.2743340098132402,False,"[5145, 7266, 970, 9410, 10679, 4500, 941, 16]"
A0,KYOw02774,1,2,10,38927,10,0.37950522773396356,False,"[5957, 1224, 2190, 5275, 378, 4566, 3906, 19, 14773, 639]"
A0,KYOw02774,1,2,12,38927,11,0.2620546150486809,False,"[419, 7133, 0, 10201, 1236, 603, 5150, 2790, 375, 6609, 77, 4334]"
A0,KYOw02774,1,2,14,38927,13,0.23428468672129885,False,"[7093, 809, 2846, 9120, 566, 447, 168, 51, 3131, 633, 0, 6581, 3961, 3521]"
A0,KYOw02775,1,2,2,51705,2,0.6749057151145924,False,"[16809, 34896]"
A0,KYOw02775,1,2,4,51705,4,0.38588144280050285,False,"[16806, 19952, 5, 14942]"
A0,KYOw02775,1,2,6,51705,5,0.3928053379750508,False,"[4627, 13791, 3014, 0, 9963, 20310]"
A0,KYOw02775,1,2,8,51705,6,0.346968378299971,False,"[6675, 10403, 10275, 5326, 17940, 0, 1086, 0]"
A0,KYOw02775,1,2,10,51705,9,0.4038487573735616,False,"[7765, 13979, 3064, 0, 402, 3514, 467, 3, 20881, 1630]"
A0,KYOw02775,1,2,12,51705,10,0.31915675466589305,False,"[379, 3349, 0, 10338, 16502, 1787, 5812, 3209, 2229, 7909, 191, 0]"
A0,KYOw02775,1,2,14,51705,12,0.2851561744512136,False,"[3268, 14744, 3247, 7906, 4938, 492, 367, 401, 2907, 1978, 0, 7821, 0, 3636]"
A0,KYOw02776,1,2,2,91475,2,0.581448483192129,False,"[38287, 53188]"
A0,KYOw02776,1,2,4,91475,4,0.4288494124077617,False,"[38086, 39229, 931, 13229]"
A0,KYOw02776,1,2,6,91475,6,0.4837715222738453,False,"[512, 32008, 6225, 730, 7747, 44253]"
A0,KYOw02776,1,2,8,91475,7,0.4403388904072151,False,"[40280, 4497, 6324, 28858, 5945, 0, 4908, 663]"
A0,KYOw02776,1,2,10,91475,9,0.4447444657010112,False,"[21676, 11460, 107, 0, 1037, 1038, 10868, 953, 40683, 3653]"
A0,KYOw02776,1,2,12,91475,11,0.4528122437824542,False,"[843, 27503, 77, 4895, 2900, 2766, 41421, 134, 3881, 5711, 1344, 0]"
A0,KYOw02776,1,2,14,91475,13,0.37445203607543043,False,"[27252, 1209, 136, 10766, 4577, 1350, 1209, 1055, 34253, 3681, 43, 5765, 0, 179]"
A0,KYOw16719,1,2,2,81497,2,0.8191344466667485,False,"[66757, 14740]"
A0,KYOw16719,1,2,4,81497,4,0.818974931592574,False,"[66744, 14045, 8, 700]"
A0,KYOw16719,1,2,6,81497,6,0.7898082137992809,False,"[59, 64367, 2387, 3, 425, 14256]"
A0,KYOw16719,1,2,8,81497,7,0.7832435549774839,False,"[14031, 1115, 372, 63832, 333, 0, 1811, 3]"
A0,KYOw16719,1,2,10,81497,9,0.6409561088138214,False,"[12192, 604, 253, 0, 112, 82, 52236, 4, 14048, 1966]"
A0,KYOw16719,1,2,12,81497,11,0.777979557529725,False,"[291, 63403, 3, 431, 262, 2049, 13887, 316, 145, 699, 11, 0]"
A0,KYOw16719,1,2,14,81497,12,0.7780654502619728,False,"[63410, 86, 272, 149, 383, 173, 16, 0, 13644, 2185, 3, 715, 0, 461]"
A0,KYOw02707,1,3,2,115078,2,0.9728966440153635,False,"[3119, 111959]"
A0,KYOw02707,1,3,4,115078,4,0.7077808095378787,False,"[1786, 81450, 682, 31160]"
A0,KYOw02707,1,3,6,115078,6,0.6475607848589652,False,"[74520, 11581, 1201, 542, 93, 27141]"
A0,KYOw02707,1,3,8,115078,8,0.7782547489528842,False,"[89560, 1904, 24, 19719, 441, 25, 496, 2909]"
A0,KYOw02707,1,3,10,115078,10,0.8698100418846347,False,"[3083, 1737, 177, 100096, 1056, 19, 14, 15, 4133, 4748]"
A0,KYOw02707,1,3,12,115078,12,0.8159769895201515,False,"[765, 1711, 2, 3992, 9501, 12, 3295, 6, 317, 10, 1566, 93901]"
A0,KYOw02707,1,3,14,115078,14,0.735370791984567,False,"[1393, 5, 1506, 21650, 253, 6, 166, 1554, 1473, 455, 14, 1558, 84625, 420]"
A0,KYOw02720,1,3,2,131174,2,0.9912711360483023,False,"[1145, 130029]"
A0,KYOw02720,1,3,4,131174,4,0.716933233720097,False,"[823, 36307, 1, 94043]"
A0,KYOw02720,1,3,6,131174,5,0.8168615731776114,False,"[19323, 107151, 354, 223, 0, 4123]"
A0,KYOw02720,1,3,8,131174,7,0.46512266150304177,False,"[61012, 60978, 11, 2528, 136, 0, 4835, 1674]"
A0,KYOw02720,1,3,10,131174,9,0.7691234543430863,False,"[297, 1097, 7, 10876, 11248, 0, 12, 3, 6745, 100889]"
A0,KYOw02720,1,3,12,131174,10,0.6563953222437373,False,"[9826, 23, 3, 86102, 2362, 16, 5196, 0, 29, 0, 1289, 26328]"
A0,KYOw02720,1,3,14,131174,12,0.5596383429643069,False,"[29, 0, 73410, 2523, 3828, 0, 4, 993, 1052, 6866, 11, 16034, 26387, 37]"
A0,KYOw02751,1,3,2,71469,2,0.914312499125495,False,"[6124, 65345]"
A0,KYOw02751,1,3,4,71469,4,0.9262897200184695,False,"[833, 418, 4017, 66201]"
A0,KYOw02751,1,3,6,71469,6,0.8803537197945963,False,"[106, 62918, 714, 291, 1899, 5541]"
A0,KYOw02751,1,3,8,71469,8,0.7720969931019043,False,"[8007, 55181, 1, 1199, 207, 682, 1, 6191]"
A0,KYOw02751,1,3,10,71469,9,0.5398004729323203,False,"[3701, 1975, 37, 2022, 38579, 835, 1, 0, 5, 24314]"
A0,KYOw02751,1,3,12,71469,10,0.5296282304215814,False,"[37852, 4344, 0, 21612, 1064, 3, 2, 514, 95, 0, 1182, 4801]"
A0,KYOw02751,1,3,14,71469,12,0.4019225118582882,False,"[4445, 0, 15501, 984, 1, 487, 31, 987, 438, 18913, 0, 28725, 955, 2]"
A0,KYOw02752,1,3,2,117193,2,0.9676601844820083,False,"[3790, 113403]"
A0,KYOw02752,1,3,4,117193,4,0.7770685962472161,False,"[2254, 23674, 198, 91067]"
A0,KYOw02752,1,3,6,117193,6,0.5301169865094332,False,"[21426, 62126, 1354, 568, 20, 31699]"
A0,KYOw02752,1,3,8,117193,7,0.4997482784807966,False,"[58567, 25984, 14, 24667, 470, 0, 2784, 4707]"
A0,KYOw02752,1,3,10,117193,9,0.5380099493997081,False,"[4125, 2333, 117, 63051, 10933, 0, 9, 5, 4981, 31639]"
A0,KYOw02752,1,3,12,117193,10,0.42717568455453825,False,"[9144, 994, 0, 26417, 23634, 177, 3868, 0, 292, 5, 2600, 50062]"
A0,KYOw02752,1,3,14,117193,13,0.2845306460283464,False,"[1057, 5, 11796, 21848, 1166, 0, 90, 2142, 15457, 6169, 4, 23373, 33345, 741]"
A0,KYOw02766,1,3,2,46176,2,0.6611010048510049,False,"[15649, 30527]"
A0,KYOw02766,1,3,4,46176,4,0.4384312196812197,False,"[8182, 11294, 6455, 20245]"
A0,KYOw02766,1,3,6,46176,6,0.30292792792792794,False,"[10338, 13988, 11056, 817, 2050, 7927]"
A0,KYOw02766,1,3,8,46176,8,0.25560897435897434,False,"[11803, 6729, 4271, 5672, 740, 1228, 6297, 9436]"
A0,KYOw02766,1,3,10,46176,10,0.2767671517671518,False,"[6834, 4766, 296, 12780, 3376, 1105, 3669, 60, 7876, 5414]"
A0,KYOw02766,1,3,12,46176,12,0.20930786555786557,False,"[2226, 5813, 149, 5405, 5296, 4772, 7631, 745, 483, 47, 3944, 9665]"
A0,KYOw02766,1,3,14,46176,14,0.19365038115038116,False,"[6894, 28, 1123, 3424, 2957, 787, 278, 3703, 4060, 1108, 3260, 8942, 5533, 4079]"
A0,KYOw02769,1,3,2,161734,2,0.9740128853549656,False,"[4203, 157531]"
A0,KYOw02769,1,3,4,161734,4,0.6576168276305538,False,"[2085, 51770, 1520, 106359]"
A0,KYOw02769,1,3,6,161734,6,0.6580681860338581,False,"[45995, 106432, 1208, 800, 538, 6761]"
A0,KYOw02769,1,3,8,161734,8,0.3943203037085585,False,"[63775, 58422, 15, 4819, 572, 148, 29947, 4036]"
A0,KYOw02769,1,3,10,161734,10,0.6015803727107473,False,"[3122, 2326, 267, 16103, 4982, 67, 17, 18, 37536, 97296]"
A0,KYOw02769,1,3,12,161734,12,0.5154451135815599,False,"[3619, 2019, 12, 83365, 4519, 10, 35533, 34, 431, 14, 2099, 30079]"
A0,KYOw02769,1,3,14,161734,14,0.3307962456873632,False,"[1864, 9, 53501, 1886, 30451, 34, 251, 2009, 3978, 1678, 9, 38642, 25939, 1483]"
A0,KYOw02774,1,3,2,38927,2,0.9589231124926144,False,"[1599, 37328]"
A0,KYOw02774,1,3,4,38927,4,0.5085930074241529,False,"[1356, 17766, 7, 19798]"
A0,KYOw02774,1,3,6,38927,5,0.44917409510108663,False,"[17485, 16475, 825, 523, 0, 3619]"
A0,KYOw02774,1,3,8,38927,7,0.43519921905104425,False,"[16941, 6376, 81, 2278, 480, 0, 11284, 1487]"
A0,KYOw02774,1,3,10,38927,9,0.36316695352839934,False,"[324, 1157, 291, 14137, 3300, 0, 53, 5351, 6976, 7338]"
A0,KYOw02774,1,3,12,38927,11,0.41269555835281424,False,"[2346, 50, 20, 5600, 1831, 123, 6351, 0, 309, 4917, 1315, 16065]"
A0,KYOw02774,1,3,14,38927,13,0.3031571916664526,False,"[67, 4429, 1615, 2764, 4400, 0, 283, 1102, 840, 1117, 46, 11801, 9404, 1059]"
A0,KYOw02775,1,3,2,51705,2,0.8846533217290398,False,"[5964, 45741]"
A0,KYOw02775,1,3,4,51705,4,0.7118653901943719,False,"[4197, 10693, 8, 36807]"
A0,KYOw02775,1,3,6,51705,5,0.528730296876511,False,"[9326, 10652, 3359, 1030, 0, 27338]"
A0,KYOw02775,1,3,8,51705,7,0.4158785417271057,False,"[10473, 4580, 648, 21503, 820, 0, 6075, 7606]"
A0,KYOw02775,1,3,10,51705,8,0.4391451503723044,False,"[6078, 3951, 319, 22706, 6898, 0, 537, 0, 8081, 3135]"
A0,KYOw02775,1,3,12,51705,10,0.34907649163523835,False,"[4752, 675, 146, 2396, 18049, 1680, 7823, 0, 294, 0, 4562, 11328]"
A0,KYOw02775,1,3,14,51705,12,0.321090803597331,False,"[555, 0, 540, 16602, 3352, 0, 275, 3545, 6421, 3411, 462, 7043, 4386, 5113]"
A0,KYOw02776,1,3,2,91475,2,0.8283902705657283,False,"[15698, 75777]"
A0,KYOw02776,1,3,4,91475,4,0.8476305001366493,False,"[11441, 2289, 208, 77537]"
A0,KYOw02776,1,3,6,91475,6,0.7873626673954632,False,"[1471, 72024, 11176, 2584, 52, 4168]"
A0,KYOw02776,1,3,8,91475,8,0.6849084449303088,False,"[11445, 62652, 3016, 904, 2324, 12, 312, 10810]"
A0,KYOw02776,1,3,10,91475,9,0.6159059852418693,False,"[506, 7090, 1120, 5057, 56340, 10, 1819, 0, 644, 18889]"
A0,KYOw02776,1,3,12,91475,11,0.5904454769062586,False,"[54011, 175, 421, 16805, 677, 2567, 510, 6, 1328, 0, 7259, 7716]"
A0,KYOw02776,1,3,14,91475,13,0.5310849959005193,False,"[266, 0, 16645, 991, 256, 6, 1037, 5898, 1166, 48581, 1710, 10787, 4112, 20]"
A0,KYOw16719,1,3,2,81497,2,0.9722443770936353,False,"[2262, 79235]"
A0,KYOw16719,1,3,4,81497,4,0.969139968342393,False,"[1145, 889, 481, 78982]"
A0,KYOw16719,1,3,6,81497,6,0.9528571603862719,False,"[474, 77655, 602, 357, 96, 2313]"
A0,KYOw16719,1,3,8,81497,8,0.9449059474581887,False,"[843, 77007, 14, 384, 159, 15, 291, 2784]"
A0,KYOw16719,1,3,10,81497,9,0.5608304600169332,False,"[567, 1681, 31, 179, 32867, 15, 12, 0, 439, 45706]"
A0,KYOw16719,1,3,12,81497,11,0.6006601469992761,False,"[29268, 460, 3, 48952, 415, 20, 384, 10, 91, 0, 1678, 216]"
A0,KYOw16719,1,3,14,81497,13,0.64852693964195,False,"[519, 0, 52853, 99, 395, 11, 25, 1437, 842, 20719, 11, 4503, 60, 23]"
A0,KYOw02754,2,1,2,47242,2,0.9346132678548749,False,"[44153, 3089]"
A0,KYOw02754,2,1,4,47242,4,0.7605308835358368,False,"[8823, 62, 35929, 2428]"
A0,KYOw02754,2,1,6,47242,6,0.6513060412344948,False,"[30769, 60, 657, 11756, 2919, 1081]"
A0,KYOw02754,2,1,8,47242,6,0.603763600186275,False,"[1667, 0, 0, 28523, 57, 13405, 2545, 1045]"
A0,KYOw02754,2,1,10,47242,8,0.6022607002243766,False,"[979, 28452, 0, 49, 40, 99, 747, 7855, 0, 9021]"
A0,KYOw02754,2,1,12,47242,11,0.5675246602599382,False,"[26811, 21, 257, 0, 6564, 212, 7106, 43, 2179, 3, 4042, 4]"
A0,KYOw02754,2,1,14,47242,12,0.4016129715084035,False,"[3118, 1, 198, 1098, 14617, 0, 18, 2091, 18973, 2285, 251, 46, 4546, 0]"
A0,KYOw02762,2,1,2,67878,2,0.8481687733875483,False,"[57572, 10306]"
A0,KYOw02762,2,1,4,67878,4,0.6173281475588556,False,"[41903, 91, 12005, 13879]"
A0,KYOw02762,2,1,6,67878,6,0.43329208285453313,False,"[879, 91, 2007, 29411, 20223, 15267]"
A0,KYOw02762,2,1,8,67878,8,0.314210789946669,False,"[7989, 15193, 976, 468, 80, 21328, 20403, 1441]"
A0,KYOw02762,2,1,10,67878,10,0.373022186864669,False,"[13780, 537, 14640, 107, 61, 8155, 1652, 971, 2655, 25320]"
A0,KYOw02762,2,1,12,67878,12,0.38905094434131826,False,"[2, 10, 400, 1485, 37, 3141, 26408, 115, 4778, 9, 18777, 12716]"
A0,KYOw02762,2,1,14,67878,14,0.38488169951972656,False,"[25, 6630, 2653, 26125, 2, 13763, 17, 4604, 5, 1245, 390, 107, 10877, 1435]"
A0,KYOw02763,2,1,2,102462,2,0.9638109738244423,False,"[98754, 3708]"
A0,KYOw02763,2,1,4,102462,4,0.5101208252815678,False,"[52268, 277, 47316, 2601]"
A0,KYOw02763,2,1,6,102462,6,0.4382990767308856,False,"[44909, 255, 896, 17481, 3784, 35137]"
A0,KYOw02763,2,1,8,102462,8,0.3761004079561203,False,"[38536, 3, 553, 38271, 249, 20572, 3659, 619]"
A0,KYOw02763,2,1,10,102462,10,0.49974624738927603,False,"[1015, 51205, 3, 340, 160, 29260, 576, 6333, 393, 13177]"
A0,KYOw02763,2,1,12,102462,12,0.5029083953075286,False,"[51529, 87, 407, 285, 3208, 727, 14025, 180, 1160, 30, 5327, 25497]"
A0,KYOw02763,2,1,14,102462,14,0.36858542679237183,False,"[1519, 23561, 674, 1127, 37766, 3, 116, 1086, 13076, 9550, 401, 176, 13125, 282]"
A0,KYOw02764,2,1,2,105716,2,0.9928203866964319,False,"[104957, 759]"
A0,KYOw02764,2,1,4,105716,4,0.9691532029210337,False,"[102455, 30, 1776, 1455]"
A0,KYOw02764,2,1,6,105716,6,0.5489802868061598,False,"[993, 31, 756, 45382, 518, 58036]"
A0,KYOw02764,2,1,8,105716,8,0.7541999318929963,False,"[10367, 79731, 1, 788, 30, 13497, 370, 932]"
A0,KYOw02764,2,1,10,105716,10,0.7454879110068485,False,"[77, 1614, 78810, 5, 30, 9960, 779, 949, 34, 13458]"
A0,KYOw02764,2,1,12,105716,12,0.4767868629157365,False,"[2495, 37, 31, 5, 338, 4, 930, 2, 1531, 1, 49938, 50404]"
A0,KYOw02764,2,1,14,105716,14,0.7074993378485754,False,"[190, 7528, 4, 2241, 1586, 74794, 29, 1358, 817, 16736, 22, 3, 403, 5]"
A0,KYOw02770,2,1,2,33403,2,0.9220728677064934,False,"[30800, 2603]"
A0,KYOw02770,2,1,4,33403,4,0.7375684818728857,False,"[24637, 17, 6128, 2621]"
A0,KYOw02770,2,1,6,33403,6,0.555968026823938,False,"[3197, 16, 801, 18571, 3079, 7739]"
A0,KYOw02770,2,1,8,33403,8,0.43148818968356134,False,"[5665, 6965, 22, 2351, 15, 14413, 2979, 993]"
A0,KYOw02770,2,1,10,33403,10,0.4307098164835494,False,"[2090, 3126, 6806, 35, 11, 5257, 848, 786, 57, 14387]"
A0,KYOw02770,2,1,12,33403,12,0.35993773014399905,False,"[846, 4, 281, 35, 131, 345, 11422, 12, 1564, 3, 12023, 6737]"
A0,KYOw02770,2,1,14,33403,14,0.24755261503457773,False,"[67, 4237, 285, 8269, 802, 6317, 5, 1491, 327, 5887, 264, 12, 5408, 32]"
A0,KYOw02771,2,1,2,114096,2,0.9698850091151311,False,"[110660, 3436]"
A0,KYOw02771,2,1,4,114096,4,0.8210454354228018,False,"[17380, 1914, 93678, 1124]"
A0,KYOw02771,2,1,6,114096,6,0.8032095778993129,False,"[91643, 1913, 198, 2957, 1439, 15946]"
A0,KYOw02771,2,1,8,114096,7,0.7785636656850372,False,"[18419, 6, 0, 88831, 1913, 3348, 1154, 425]"
A0,KYOw02771,2,1,10,114096,10,0.7913073201514514,False,"[408, 90285, 5, 4, 1910, 8438, 235, 11025, 3, 1783]"
A0,KYOw02771,2,1,12,114096,11,0.6625911513111765,False,"[75599, 1894, 14, 0, 27296, 56, 1277, 9, 1177, 12, 1101, 5661]"
A0,KYOw02771,2,1,14,114096,13,0.6485415790211752,False,"[19587, 4495, 39, 107, 73996, 1, 1900, 1105, 9794, 1433, 13, 13, 1613, 0]"
A0,KYOw02789,2,1,2,125946,1,1.0,True,"[0, 125946]"
A0,KYOw02789,2,1,4,125946,2,0.8959474695504422,False,"[0, 112841, 0, 13105]"
A0,KYOw02789,2,1,6,125946,3,0.9034506852142982,False,"[0, 113786, 879, 0, 11281, 0]"
A0,KYOw02789,2,1,8,125946,4,0.8953678560652978,False,"[0, 0, 112, 0, 112768, 0, 10983, 2083]"
A0,KYOw02789,2,1,10,125946,5,0.6231162561732806,False,"[31894, 0, 0, 15342, 78479, 0, 222, 0, 9, 0]"
A0,KYOw02789,2,1,12,125946,6,0.8995839486764169,False,"[0, 0, 116, 4, 0, 10031, 0, 113299, 80, 2416, 0, 0]"
A0,KYOw02789,2,1,14,125946,6,0.9251345814873041,False,"[0, 0, 9034, 0, 0, 0, 187, 83, 0, 0, 121, 116517, 0, 4]"
A0,KYOw16714,2,1,2,46127,2,0.9653348364298567,False,"[44528, 1599]"
A0,KYOw16714,2,1,4,46127,4,0.49071042990005853,False,"[22285, 4, 22635, 1203]"
A0,KYOw16714,2,1,6,46127,6,0.3744444685325298,False,"[17272, 4, 254, 17261, 1650, 9686]"
A0,KYOw16714,2,1,8,46127,6,0.42229063238450365,False,"[10241, 0, 0, 14435, 4, 19479, 1516, 452]"
A0,KYOw16714,2,1,10,46127,9,0.396362217356429,False,"[642, 18283, 0, 2, 4, 8428, 321, 2686, 7, 15754]"
A0,KYOw16714,2,1,12,46127,11,0.3265766254037765,False,"[15064, 4, 10, 2, 1213, 162, 14722, 1, 1064, 0, 6719, 7166]"
A0,KYOw16714,2,1,14,46127,12,0.2285862943612201,False,"[561, 5523, 118, 4310, 9196, 0, 4, 1012, 10544, 7445, 9, 0, 7403, 2]"
A0,KYOw16716,2,1,2,80056,2,0.9597531727790547,False,"[76834, 3222]"
A0,KYOw16716,2,1,4,80056,4,0.5383856300589587,False,"[33824, 1151, 43101, 1980]"
A0,KYOw16716,2,1,6,80056,6,0.5053837313880284,False,"[40459, 1151, 457, 18388, 2126, 17475]"
A0,KYOw16716,2,1,8,80056,8,0.4623513540521635,False,"[18575, 325, 9, 37014, 1151, 20407, 1901, 674]"
A0,KYOw16716,2,1,10,80056,10,0.5928100329769161,False,"[1131, 47458, 300, 3, 1148, 13418, 540, 2981, 51, 13026]"
A0,KYOw16716,2,1,12,80056,12,0.598481063255721,False,"[47912, 1114, 34, 17, 2752, 344, 7999, 13, 1528, 24, 7246, 11073]"
A0,KYOw16716,2,1,14,80056,14,0.43645698011392026,False,"[1374, 9089, 311, 1782, 34941, 187, 1104, 1477, 15231, 8928, 31, 47, 5536, 18]"
A0,KYOw16750,2,1,2,58739,2,0.974259010197654,False,"[57227, 1512]"
A0,KYOw16750,2,1,4,58739,4,0.5938814075826964,False,"[23087, 25, 34884, 743]"
A0,KYOw16750,2,1,6,58739,6,0.5301077648581011,False,"[31138, 24, 152, 783, 1252, 25390]"
A0,KYOw16750,2,1,8,58739,6,0.4857760601985053,False,"[28534, 0, 0, 27684, 24, 1047, 1162, 288]"
A0,KYOw16750,2,1,10,58739,9,0.5677829040330955,False,"[190, 33351, 0, 2, 24, 20300, 162, 4074, 17, 619]"
A0,KYOw16750,2,1,12,58739,10,0.5220041199203255,False,"[30662, 13, 7, 0, 6359, 65, 3881, 0, 734, 11, 96, 16911]"
A0,KYOw16750,2,1,14,58739,11,0.5140026217674799,False,"[3799, 16264, 39, 41, 30192, 0, 24, 675, 742, 726, 7, 0, 6230, 0]"
A0,KYOw02754,2,2,2,47242,2,0.9988146141145591,False,"[47186, 56]"
A0,KYOw02754,2,2,4,47242,4,0.75722873714068,False,"[32, 35773, 2529, 8908]"
A0,KYOw02754,2,2,6,47242,6,0.472630286609373,False,"[21384, 2320, 340, 29, 22328, 841]"
A0,KYOw02754,2,2,8,47242,7,0.5346090343338554,False,"[6145, 0, 30, 741, 13811, 1084, 25256, 175]"
A0,KYOw02754,2,2,10,47242,9,0.3852292451632022,False,"[5123, 523, 2, 2407, 356, 18199, 3945, 0, 16660, 27]"
A0,KYOw02754,2,2,12,47242,10,0.4552728504297024,False,"[13304, 27, 0, 4563, 2629, 0, 2155, 2, 342, 21508, 312, 2400]"
A0,KYOw02754,2,2,14,47242,11,0.45491300114305067,False,"[9876, 0, 5718, 2029, 27, 21491, 1394, 4462, 0, 344, 307, 1452, 142, 0]"
A0,KYOw02762,2,2,2,67878,2,0.9981879253955627,False,"[67755, 123]"
A0,KYOw02762,2,2,4,67878,4,0.5771678599840891,False,"[39, 15943, 12719, 39177]"
A0,KYOw02762,2,2,6,67878,6,0.3444709626093874,False,"[23382, 21629, 19856, 37, 1032, 1942]"
A0,KYOw02762,2,2,8,67878,8,0.32079613424084386,False,"[691, 12993, 37, 1881, 21775, 19561, 1250, 9690]"
A0,KYOw02762,2,2,10,67878,10,0.4298005244703733,False,"[4112, 10121, 17890, 3693, 488, 483, 29174, 1797, 84, 36]"
A0,KYOw02762,2,2,12,67878,12,0.41602581101387787,False,"[4, 36, 1523, 28239, 9571, 12221, 3801, 8480, 3366, 160, 426, 51]"
A0,KYOw02762,2,2,14,67878,13,0.37660213913197205,False,"[0, 1191, 21, 149, 27, 38, 9901, 25563, 11842, 6402, 313, 3515, 284, 8632]"
A0,KYOw02763,2,2,2,102462,2,0.9962522691339228,False,"[102078, 384]"
A0,KYOw02763,2,2,4,102462,4,0.5028791161601374,False,"[46, 48150, 2740, 51526]"
A0,KYOw02763,2,2,6,102462,6,0.37404110792293727,False,"[38325, 3180, 27794, 45, 32024, 1094]"
A0,KYOw02763,2,2,8,102462,8,0.46364505865589195,False,"[4671, 4, 45, 1010, 19681, 1778, 47506, 27767]"
A0,KYOw02763,2,2,10,102462,10,0.4728875095157229,False,"[9361, 945, 22685, 1428, 590, 7814, 10881, 260, 48453, 45]"
A0,KYOw02763,2,2,12,102462,12,0.3555464464874783,False,"[36430, 45, 250, 10427, 9924, 3, 1196, 23571, 801, 16739, 541, 2535]"
A0,KYOw02763,2,2,14,102462,14,0.33548047080869003,False,"[34374, 155, 11477, 1999, 42, 15955, 4623, 10120, 2, 711, 484, 870, 354, 21296]"
A0,KYOw02764,2,2,2,105716,2,0.9999810813878693,False,"[105714, 2]"
A0,KYOw02764,2,2,4,105716,4,0.967374853380756,False,"[1, 2057, 1391, 102267]"
A0,KYOw02764,2,2,6,105716,6,0.642977411177116,False,"[35533, 523, 67973, 1, 858, 828]"
A0,KYOw02764,2,2,8,105716,7,0.7349786219682924,False,"[1132, 77699, 0, 624, 16131, 215, 1045, 8870]"
A0,KYOw02764,2,2,10,105716,9,0.6334140527450907,False,"[354, 15, 66962, 1594, 40, 788, 33138, 2, 2823, 0]"
A0,KYOw02764,2,2,12,105716,11,0.7023913125733097,False,"[1511, 0, 1, 907, 18965, 74254, 1555, 7234, 4, 1062, 24, 199]"
A0,KYOw02764,2,2,14,105716,13,0.695533315675962,False,"[4115, 1, 150, 304, 0, 793, 17537, 960, 73529, 6, 2, 1425, 7, 6887]"
A0,KYOw02770,2,2,2,33403,2,0.9997305631230727,False,"[33394, 9]"
A0,KYOw02770,2,2,4,33403,4,0.75169894919618,False,"[4, 5720, 2570, 25109]"
A0,KYOw02770,2,2,6,33403,6,0.5762656048857887,False,"[19249, 3000, 8559, 4, 1715, 876]"
A0,KYOw02770,2,2,8,33403,8,0.4375654881298087,False,"[537, 6193, 4, 856, 14616, 2534, 2991, 5672]"
A0,KYOw02770,2,2,10,33403,10,0.560039517408616,False,"[1653, 1225, 7728, 1393, 385, 220, 18707, 26, 2062, 4]"
A0,KYOw02770,2,2,12,33403,12,0.32530012274346615,False,"[647, 4, 22, 8885, 10866, 5635, 1373, 4813, 449, 343, 294, 72]"
A0,KYOw02770,2,2,14,33403,14,0.30015268089692543,False,"[1214, 17, 139, 161, 4, 205, 10026, 9206, 5398, 745, 95, 1277, 166, 4750]"
A0,KYOw02771,2,2,2,114096,2,0.9870021736081896,False,"[112613, 1483]"
A0,KYOw02771,2,2,4,114096,4,0.8393370495021736,False,"[1478, 95765, 1187, 15666]"
A0,KYOw02771,2,2,6,114096,6,0.8087400084139672,False,"[7850, 1052, 11115, 1476, 92274, 329]"
A0,KYOw02771,2,2,8,114096,8,0.7775557425326042,False,"[12994, 1, 1476, 220, 2605, 493, 88716, 7591]"
A0,KYOw02771,2,2,10,114096,10,0.5184931987098583,False,"[32219, 151, 3338, 1477, 39, 15541, 694, 3, 59158, 1476]"
A0,KYOw02771,2,2,12,114096,12,0.5627278782779414,False,"[64205, 1476, 3, 955, 944, 1, 1231, 3925, 81, 12192, 26, 29057]"
A0,KYOw02771,2,2,14,114096,13,0.5806513812929462,False,"[22131, 2, 66250, 5900, 1476, 13659, 401, 801, 0, 136, 53, 762, 14, 2511]"
A0,KYOw02789,2,2,2,125946,2,0.8212884887173868,False,"[22508, 103438]"
A0,KYOw02789,2,2,4,125946,2,0.5841789338287837,False,"[73575, 0, 52371, 0]"
A0,KYOw02789,2,2,6,125946,3,0.5773823702221587,False,"[0, 49797, 0, 72719, 0, 3430]"
A0,KYOw02789,2,2,8,125946,3,0.522255569847395,False,"[0, 0, 65776, 2843, 0, 57327, 0, 0]"
A0,KYOw02789,2,2,10,125946,5,0.5738332301144935,False,"[0, 72272, 0, 22, 2124, 0, 0, 11, 0, 51517]"
A0,KYOw02789,2,2,12,125946,5,0.6127070331729472,False,"[0, 47173, 7, 0, 0, 0, 31, 0, 77168, 0, 1567, 0]"
A0,KYOw02789,2,2,14,125946,6,0.7064694392835025,False,"[0, 1, 0, 0, 28560, 0, 0, 0, 0, 8332, 88977, 5, 71, 0]"
A0,KYOw16714,2,2,2,46127,2,0.9999566414464414,False,"[46125, 2]"
A0,KYOw16714,2,2,4,46127,3,0.5307954126650335,False,"[0, 24484, 1200, 20443]"
A0,KYOw16714,2,2,6,46127,5,0.4729334229410107,False,"[21815, 1360, 8287, 0, 14318, 347]"
A0,KYOw16714,2,2,8,46127,6,0.43954733670084767,False,"[2118, 0, 0, 270, 14193, 771, 20275, 8500]"
A0,KYOw16714,2,2,10,46127,8,0.3486027706115724,False,"[6326, 259, 6149, 1160, 31, 4578, 11544, 0, 16080, 0]"
A0,KYOw16714,2,2,12,46127,9,0.24961519283716696,False,"[11514, 0, 0, 8096, 8339, 0, 1019, 6372, 177, 9366, 23, 1221]"
A0,KYOw16714,2,2,14,46127,11,0.23170811021744314,False,"[10688, 0, 5224, 818, 0, 8844, 5368, 8634, 0, 263, 37, 787, 7, 5457]"
A0,KYOw16716,2,2,2,80056,2,0.9877210952333366,False,"[79073, 983]"
A0,KYOw16716,2,2,4,80056,4,0.5883631457979415,False,"[983, 47102, 1993, 29978]"
A0,KYOw16716,2,2,6,80056,6,0.4533451583891276,False,"[26361, 1903, 13946, 983, 36293, 570]"
A0,KYOw16716,2,2,8,80056,8,0.5992680123913261,False,"[2570, 210, 983, 509, 13264, 1370, 47975, 13175]"
A0,KYOw16716,2,2,10,80056,10,0.531128210252823,False,"[10945, 593, 9697, 1557, 73, 6582, 7100, 6, 42520, 983]"
A0,KYOw16716,2,2,12,80056,12,0.4767912461277106,False,"[38170, 983, 5, 5073, 7121, 162, 1419, 9723, 491, 13573, 47, 3289]"
A0,KYOw16716,2,2,14,80056,14,0.3270585590086939,False,"[26183, 4, 19896, 1207, 983, 13749, 3570, 4650, 160, 594, 195, 1039, 13, 7813]"
A0,KYOw16750,2,2,2,58739,2,0.9997786819659851,False,"[58726, 13]"
A0,KYOw16750,2,2,4,58739,4,0.5467236418733721,False,"[11, 32114, 783, 25831]"
A0,KYOw16750,2,2,6,58739,6,0.4981868945674935,False,"[6946, 1046, 21248, 11, 29263, 225]"
A0,KYOw16750,2,2,8,58739,7,0.5799213469756039,False,"[3353, 0, 11, 110, 1697, 428, 34064, 19076]"
A0,KYOw16750,2,2,10,58739,10,0.5236214440150496,False,"[12817, 85, 11995, 892, 9, 1089, 1082, 2, 30757, 11]"
A0,KYOw16750,2,2,12,58739,10,0.5371218440899572,False,"[31550, 11, 0, 4358, 1131, 0, 759, 14464, 54, 1046, 7, 5359]"
A0,KYOw16750,2,2,14,58739,12,0.33180680638076915,False,"[19490, 0, 19230, 1799, 11, 1123, 236, 3682, 0, 104, 7, 532, 4, 12521]"
A0,KYOw02754,2,3,2,47242,2,0.6422039710427162,False,"[16903, 30339]"
A0,KYOw02754,2,3,4,47242,4,0.38569493247533976,False,"[10581, 16740, 18221, 1700]"
A0,KYOw02754,2,3,6,47242,6,0.37087760890732824,False,"[15904, 169, 9259, 17521, 3506, 883]"
A0,KYOw02754,2,3,8,47242,8,0.33658608864993017,False,"[9814, 15652, 15901, 3573, 868, 1, 27, 1406]"
A0,KYOw02754,2,3,10,47242,10,0.4008509377249058,False,"[3351, 7370, 748, 5371, 89, 216, 7, 18937, 8494, 2659]"
A0,KYOw02754,2,3,12,47242,12,0.36456966258837475,False,"[2042, 3, 17223, 2904, 1, 227, 8570, 7281, 19, 4462, 3776, 734]"
A0,KYOw02754,2,3,14,47242,12,0.3148469582151475,False,"[223, 1030, 1843, 734, 496, 4038, 14874, 7376, 0, 0, 2950, 2, 5208, 8468]"
A0,KYOw02762,2,3,2,67878,2,0.8580246913580247,False,"[9637, 58241]"
A0,KYOw02762,2,3,4,67878,4,0.6702466189339698,False,"[45495, 9517, 3642, 9224]"
A0,KYOw02762,2,3,6,67878,6,0.4719496744158638,False,"[4514, 1118, 32035, 1630, 23520, 5061]"
A0,KYOw02762,2,3,8,67878,8,0.33703114411149415,False,"[17006, 120, 4480, 22877, 5014, 386, 12951, 5044]"
A0,KYOw02762,2,3,10,67878,10,0.373022186864669,False,"[25320, 2546, 6127, 395, 937, 595, 12026, 2014, 254, 17664]"
A0,KYOw02762,2,3,12,67878,12,0.3196764783876956,False,"[3903, 10122, 1, 19444, 2752, 664, 251, 2540, 234, 210, 21699, 6058]"
A0,KYOw02762,2,3,14,67878,14,0.297239164383158,False,"[657, 1503, 20176, 6120, 10133, 13804, 1, 2488, 9583, 166, 136, 2655, 209, 247]"
A0,KYOw02763,2,3,2,102462,2,0.768675216177705,False,"[23702, 78760]"
A0,KYOw02763,2,3,4,102462,4,0.4949639866487088,False,"[27331, 22512, 50715, 1904]"
A0,KYOw02763,2,3,6,102462,6,0.480734321016572,False,"[22235, 398, 26545, 49257, 3278, 749]"
A0,KYOw02763,2,3,8,102462,8,0.34933926724053793,False,"[13848, 35794, 21450, 6351, 743, 336, 22823, 1117]"
A0,KYOw02763,2,3,10,102462,10,0.3848743924576916,False,"[3462, 10986, 521, 12390, 253, 512, 22083, 39435, 10343, 2477]"
A0,KYOw02763,2,3,12,102462,12,0.34930998809314673,False,"[1287, 21295, 35791, 3236, 332, 434, 10602, 10638, 264, 10725, 7340, 518]"
A0,KYOw02763,2,3,14,102462,14,0.30787999453455916,False,"[437, 568, 1652, 516, 736, 8279, 31546, 10986, 20249, 258, 1968, 228, 14845, 10194]"
A0,KYOw02764,2,3,2,105716,2,0.7674713383026222,False,"[24582, 81134]"
A0,KYOw02764,2,3,4,105716,4,0.7669605357750955,False,"[81080, 21406, 1725, 1505]"
A0,KYOw02764,2,3,6,105716,6,0.7521472624768247,False,"[22725, 141, 79514, 1355, 1745, 236]"
A0,KYOw02764,2,3,8,105716,8,0.4339078285216996,False,"[37142, 521, 20159, 321, 227, 10, 45871, 1465]"
A0,KYOw02764,2,3,10,105716,10,0.4147527337394529,False,"[38638, 19927, 218, 310, 89, 13, 43846, 886, 444, 1345]"
A0,KYOw02764,2,3,12,105716,12,0.3931476786862916,False,"[1384, 41562, 768, 40771, 69, 12, 450, 19831, 11, 264, 383, 211]"
A0,KYOw02764,2,3,14,105716,14,0.3935828067652957,False,"[10, 1124, 41608, 215, 19, 628, 964, 19799, 40223, 1, 391, 70, 249, 415]"
A0,KYOw02770,2,3,2,33403,2,0.6344939077328383,False,"[12209, 21194]"
A0,KYOw02770,2,3,4,33403,4,0.521929168038799,False,"[17434, 12128, 1934, 1907]"
A0,KYOw02770,2,3,6,33403,6,0.49348860880759216,False,"[11079, 482, 16484, 1604, 2654, 1100]"
A0,KYOw02770,2,3,8,33403,8,0.33332335418974346,False,"[11134, 740, 10935, 3142, 1093, 23, 4825, 1511]"
A0,KYOw02770,2,3,10,33403,10,0.3379337185282759,False,"[11288, 9968, 1336, 451, 326, 122, 4616, 2395, 637, 2264]"
A0,KYOw02770,2,3,12,33403,12,0.3018890518815675,False,"[1532, 4359, 378, 10084, 148, 123, 648, 9935, 71, 354, 4441, 1330]"
A0,KYOw02770,2,3,14,33403,14,0.2977876238661198,False,"[118, 1057, 9456, 1339, 898, 4955, 143, 9947, 4230, 5, 152, 107, 372, 624]"
A0,KYOw02771,2,3,2,114096,2,0.5412196746599355,False,"[52345, 61751]"
A0,KYOw02771,2,3,4,114096,4,0.5051973776468939,False,"[5966, 49753, 57641, 736]"
A0,KYOw02771,2,3,6,114096,6,0.4961961856682092,False,"[49843, 21, 5489, 56614, 1568, 561]"
A0,KYOw02771,2,3,8,114096,7,0.4652923853596971,False,"[3971, 53088, 49637, 1245, 555, 0, 4961, 639]"
A0,KYOw02771,2,3,10,114096,10,0.3564454494460805,False,"[1093, 9680, 470, 34225, 15, 80, 5039, 21684, 40669, 1141]"
A0,KYOw02771,2,3,12,114096,12,0.35903975599495164,False,"[918, 3818, 28382, 927, 6, 97, 40965, 9240, 1, 28371, 916, 455]"
A0,KYOw02771,2,3,14,114096,13,0.35258028327022856,False,"[95, 366, 642, 453, 170, 572, 21356, 9733, 2956, 0, 5074, 3, 32448, 40228]"
A0,KYOw02789,2,3,2,125946,2,0.9831515093770345,False,"[123824, 2122]"
A0,KYOw02789,2,3,4,125946,3,0.8432105823130548,False,"[0, 106199, 56, 19691]"
A0,KYOw02789,2,3,6,125946,5,0.9848188906356693,False,"[1, 154, 0, 2, 1755, 124034]"
A0,KYOw02789,2,3,8,125946,5,0.9849618090292666,False,"[0, 1, 0, 1028, 124052, 73, 0, 792]"
A0,KYOw02789,2,3,10,125946,6,0.8022406428151747,False,"[0, 0, 101039, 2, 60, 23008, 1, 0, 0, 1836]"
A0,KYOw02789,2,3,12,125946,8,0.7786988074254045,False,"[1486, 1, 0, 0, 232, 25982, 0, 0, 16, 2, 153, 98074]"
A0,KYOw02789,2,3,14,125946,7,0.7721563209629524,False,"[25846, 167, 0, 97250, 2661, 0, 0, 0, 0, 13, 0, 8, 1, 0]"
A0,KYOw16714,2,3,2,46127,2,0.5398790296355713,False,"[21224, 24903]"
A0,KYOw16714,2,3,4,46127,4,0.4574977778741301,False,"[15130, 21103, 9054, 840]"
A0,KYOw16714,2,3,6,46127,6,0.45060376785830425,False,"[20785, 8, 14632, 8796, 1565, 341]"
A0,KYOw16714,2,3,8,46127,8,0.4499100310013658,False,"[11231, 6544, 20753, 2478, 338, 1, 4113, 669]"
A0,KYOw16714,2,3,10,46127,10,0.35547510135061894,False,"[4979, 16397, 424, 2001, 5, 25, 3923, 12816, 4262, 1295]"
A0,KYOw16714,2,3,12,46127,12,0.352028096342706,False,"[922, 3764, 8958, 4847, 8, 27, 4406, 16238, 2, 1901, 4624, 430]"
A0,KYOw16714,2,3,14,46127,14,0.35556181845773627,False,"[27, 498, 2878, 427, 336, 7729, 7362, 16401, 3403, 1, 656, 8, 2163, 4238]"
A0,KYOw16716,2,3,2,80056,2,0.6813355651044269,False,"[25511, 54545]"
A0,KYOw16716,2,3,4,80056,4,0.4176201658838813,False,"[20268, 25025, 33433, 1330]"
A0,KYOw16716,2,3,6,80056,6,0.415084440891376,False,"[24358, 48, 19380, 33230, 2208, 832]"
A0,KYOw16716,2,3,8,80056,8,0.36609373438592985,False,"[14855, 29308, 24060, 2633, 829, 4, 7332, 1035]"
A0,KYOw16716,2,3,10,80056,10,0.40115669031677825,False,"[4560, 14167, 692, 9454, 24, 211, 7093, 32115, 9899, 1841]"
A0,KYOw16716,2,3,12,80056,12,0.39332467272908966,False,"[1245, 6506, 31488, 4284, 100, 246, 10140, 13885, 5, 8102, 3401, 654]"
A0,KYOw16716,2,3,14,80056,14,0.3540396722294394,False,"[239, 631, 2649, 663, 648, 4644, 28343, 14184, 5985, 2, 1143, 52, 11083, 9790]"
A0,KYOw16750,2,3,2,58739,2,0.5805512521493386,False,"[24638, 34101]"
A0,KYOw16750,2,3,4,58739,4,0.5059160012938593,False,"[4848, 23616, 29717, 558]"
A0,KYOw16750,2,3,6,58739,6,0.4957694206574848,False,"[23568, 5, 4760, 29121, 970, 315]"
A0,KYOw16750,2,3,8,58739,7,0.39680621052452375,False,"[1477, 19274, 23308, 1192, 313, 0, 12668, 507]"
A0,KYOw16750,2,3,10,58739,10,0.264185634757146,False,"[252, 7823, 345, 11067, 3, 4, 12277, 10657, 15518, 793]"
A0,KYOw16750,2,3,12,58739,12,0.2684417507958937,False,"[620, 11879, 11192, 203, 4, 7, 15768, 7465, 2, 9925, 1324, 350]"
A0,KYOw16750,2,3,14,58739,13,0.26008273889579325,False,"[8, 342, 108, 346, 48, 1405, 8751, 7859, 10531, 0, 1338, 24, 12702, 15277]"
A0,KYOw02715,3,1,2,65124,2,0.517551133222775,False,"[33705, 31419]"
A0,KYOw02715,3,1,4,65124,4,0.488882746760027,False,"[31838, 31341, 1420, 525]"
A0,KYOw02715,3,1,6,65124,6,0.4982187826300596,False,"[32446, 9, 473, 65, 807, 31324]"
A0,KYOw02715,3,1,8,65124,8,0.48062158344082057,False,"[31300, 5, 13995, 19024, 4, 291, 7, 498]"
A0,KYOw02715,3,1,10,65124,9,0.4808365579509858,False,"[0, 3562, 8, 31314, 49, 114, 7, 41, 30012, 17]"
A0,KYOw02715,3,1,12,65124,11,0.4807137153737485,False,"[4, 29113, 1, 5, 5, 219, 107, 4066, 21, 0, 277, 31306]"
A0,KYOw02715,3,1,14,65124,13,0.4276610773294024,False,"[4703, 0, 6, 27851, 75, 2, 7905, 1, 22, 14, 160, 13, 23418, 954]"
A0,KYOw02716,3,1,2,62799,2,0.9947929107151388,False,"[62472, 327]"
A0,KYOw02716,3,1,4,62799,4,0.7632287138330228,False,"[47930, 155, 13812, 902]"
A0,KYOw02716,3,1,6,62799,6,0.7366677813340977,False,"[8367, 3, 825, 46262, 7162, 180]"
A0,KYOw02716,3,1,8,62799,7,0.8761604484147837,False,"[134, 55022, 4972, 315, 0, 1454, 7, 895]"
A0,KYOw02716,3,1,10,62799,10,0.8673545757098043,False,"[15, 3270, 165, 149, 54469, 241, 3, 113, 538, 3836]"
A0,KYOw02716,3,1,12,62799,11,0.4343540502237297,False,"[0, 59, 26797, 3, 112, 484, 6368, 1505, 53, 14, 27277, 127]"
A0,KYOw02716,3,1,14,62799,13,0.39153489705250083,False,"[639, 13, 1, 36, 149, 112, 137, 0, 7, 22867, 24588, 12354, 45, 1851]"
A0,KYOw02717,3,1,2,82044,2,0.8773097362390913,False,"[71978, 10066]"
A0,KYOw02717,3,1,4,82044,4,0.8173784798400858,False,"[67061, 10033, 4487, 463]"
A0,KYOw02717,3,1,6,82044,6,0.6734678952757057,False,"[55254, 8, 429, 12839, 3489, 10025]"
A0,KYOw02717,3,1,8,82044,8,0.5520330554336698,False,"[10003, 5302, 18728, 45291, 8, 2251, 3, 458]"
A0,KYOw02717,3,1,10,82044,10,0.6573058358929355,False,"[4, 4761, 1980, 10014, 9334, 108, 7, 710, 53928, 1198]"
A0,KYOw02717,3,1,12,82044,11,0.6205938277022086,False,"[7, 50916, 1638, 0, 1572, 261, 1935, 4126, 586, 4, 10997, 10002]"
A0,KYOw02717,3,1,14,82044,13,0.6155599434449808,False,"[4594, 1, 7, 50503, 47, 781, 487, 0, 467, 4397, 8041, 1937, 9532, 1250]"
A0,KYOw02756,3,1,2,101107,2,0.8699991098539172,False,"[87963, 13144]"
A0,KYOw02756,3,1,4,101107,4,0.8032876061993729,False,"[81218, 13074, 5291, 1524]"
A0,KYOw02756,3,1,6,101107,6,0.6753637235799698,False,"[68284, 25, 1396, 14740, 3596, 13066]"
A0,KYOw02756,3,1,8,101107,8,0.4944365869821081,False,"[13054, 5611, 49991, 28974, 13, 2021, 50, 1393]"
A0,KYOw02756,3,1,10,101107,10,0.5948351746169899,False,"[50, 7629, 5876, 13011, 12335, 849, 24, 297, 60142, 894]"
A0,KYOw02756,3,1,12,101107,12,0.48850227976302335,False,"[11, 49391, 2549, 55, 5285, 1074, 2226, 5768, 55, 50, 21638, 13005]"
A0,KYOw02756,3,1,14,101107,14,0.505098558952397,False,"[5413, 20, 6, 51069, 305, 3653, 4082, 24, 19, 6430, 17168, 908, 8975, 3035]"
A0,KYOw02758,3,1,2,72279,2,0.9898034007111333,False,"[71542, 737]"
A0,KYOw02758,3,1,4,72279,4,0.7904923975151842,False,"[57136, 666, 13469, 1008]"
A0,KYOw02758,3,1,6,72279,6,0.4331548582575852,False,"[29147, 383, 804, 31308, 10274, 363]"
A0,KYOw02758,3,1,8,72279,8,0.5557354141590227,False,"[362, 40168, 20343, 3872, 382, 6448, 5, 699]"
A0,KYOw02758,3,1,10,72279,10,0.583322956875441,False,"[273, 3004, 9426, 89, 42162, 311, 381, 3499, 8980, 4154]"
A0,KYOw02758,3,1,12,72279,11,0.5513357960126731,False,"[380, 2027, 14234, 0, 4985, 477, 5118, 1564, 3282, 273, 39850, 89]"
A0,KYOw02758,3,1,14,72279,13,0.526114085695707,False,"[932, 266, 379, 1253, 280, 7148, 4, 0, 3217, 12140, 38027, 7574, 93, 966]"
A0,KYOw02760,3,1,2,50128,2,0.9632540695818704,False,"[48286, 1842]"
A0,KYOw02760,3,1,4,50128,4,0.933091286307054,False,"[46774, 1834, 1316, 204]"
A0,KYOw02760,3,1,6,50128,5,0.6095196297478456,False,"[16564, 0, 191, 30554, 985, 1834]"
A0,KYOw02760,3,1,8,50128,6,0.591166613469518,False,"[1822, 10188, 7831, 29634, 0, 484, 0, 169]"
A0,KYOw02760,3,1,10,50128,9,0.3496050111714012,False,"[890, 1227, 17525, 930, 14283, 43, 0, 56, 14516, 658]"
A0,KYOw02760,3,1,12,50128,10,0.34088732843919567,False,"[0, 10258, 4193, 0, 17088, 53, 843, 916, 48, 889, 14912, 928]"
A0,KYOw02760,3,1,14,50128,12,0.3094478135971912,False,"[570, 86, 0, 10992, 11, 15512, 47, 0, 35, 8291, 11723, 624, 1690, 547]"
A0,KYOw02780,3,1,2,56464,2,0.6666017285349958,False,"[37639, 18825]"
A0,KYOw02780,3,1,4,56464,4,0.6377337772740153,False,"[36009, 18821, 1502, 132]"
A0,KYOw02780,3,1,6,56464,5,0.45425403797109665,False,"[10820, 0, 133, 25649, 1043, 18819]"
A0,KYOw02780,3,1,8,56464,7,0.4211355908189289,False,"[18816, 23779, 8103, 5242, 0, 381, 10, 133]"
A0,KYOw02780,3,1,10,56464,7,0.45577713233210543,False,"[0, 2969, 5172, 18817, 25735, 25, 0, 0, 3207, 539]"
A0,KYOw02780,3,1,12,56464,8,0.3332211674695381,False,"[0, 2025, 17691, 0, 2871, 32, 755, 2333, 0, 0, 11942, 18815]"
A0,KYOw02780,3,1,14,56464,10,0.4075340039671295,False,"[2477, 0, 0, 2129, 5, 2322, 8390, 0, 0, 23011, 6554, 609, 10429, 538]"
A0,KYOw02784,3,1,2,117549,2,0.6432806744421475,False,"[75617, 41932]"
A0,KYOw02784,3,1,4,117549,4,0.6337016903589141,False,"[74491, 41847, 1024, 187]"
A0,KYOw02784,3,1,6,117549,5,0.4780899880050022,False,"[56199, 0, 166, 18614, 707, 41863]"
A0,KYOw02784,3,1,8,117549,6,0.35530714850828166,False,"[41766, 11355, 37109, 26766, 0, 378, 0, 175]"
A0,KYOw02784,3,1,10,117549,9,0.37782541748547416,False,"[1, 2962, 10361, 41749, 17617, 85, 0, 3, 44413, 358]"
A0,KYOw02784,3,1,12,117549,9,0.35487328688461833,False,"[0, 33729, 4177, 0, 9417, 122, 704, 2926, 0, 1, 24758, 41715]"
A0,KYOw02784,3,1,14,117549,10,0.28581272490620935,False,"[4844, 0, 0, 33597, 22, 8666, 18474, 0, 0, 7345, 20426, 363, 23309, 503]"
A0,KYOw02790,3,1,2,26249,2,0.987161415672978,False,"[25912, 337]"
A0,KYOw02790,3,1,4,26249,4,0.5831079279210637,False,"[8108, 256, 15306, 2579]"
A0,KYOw02790,3,1,6,26249,6,0.4646272238942436,False,"[6317, 152, 2363, 4999, 12196, 222]"
A0,KYOw02790,3,1,8,26249,8,0.3180311630919273,False,"[221, 7759, 7056, 439, 110, 8348, 98, 2218]"
A0,KYOw02790,3,1,10,26249,9,0.2762771915120576,False,"[0, 6369, 632, 221, 7252, 1993, 152, 1923, 850, 6857]"
A0,KYOw02790,3,1,12,26249,11,0.3048878052497238,False,"[103, 143, 1484, 118, 440, 2075, 7547, 4677, 1438, 0, 8003, 221]"
A0,KYOw02790,3,1,14,26249,13,0.33814621509390835,False,"[4100, 0, 87, 56, 1311, 504, 135, 31, 1399, 368, 7587, 8876, 86, 1709]"
A0,KYOw16702,3,1,2,33939,2,0.995256194937977,False,"[33778, 161]"
A0,KYOw16702,3,1,4,33939,4,0.7633401101977076,False,"[25907, 116, 6843, 1073]"
A0,KYOw16702,3,1,6,33939,6,0.4658652287928342,False,"[11899, 172, 798, 15811, 5245, 14]"
A0,KYOw16702,3,1,8,33939,8,0.6058516750640855,False,"[14, 20562, 8409, 236, 169, 3939, 3, 607]"
A0,KYOw16702,3,1,10,33939,9,0.6075016942160936,False,"[0, 2383, 4434, 14, 20618, 313, 171, 2912, 1658, 1436]"
A0,KYOw16702,3,1,12,33939,11,0.47337870886001354,False,"[165, 98, 9847, 1, 1112, 437, 1789, 1497, 2913, 0, 16066, 14]"
A0,KYOw16702,3,1,14,33939,12,0.4561419016470727,False,"[1215, 0, 159, 27, 212, 2752, 10, 0, 2823, 7645, 15481, 2957, 4, 654]"
A0,KYOw02715,3,2,2,65124,2,0.9754007739082365,False,"[63522, 1602]"
A0,KYOw02715,3,2,4,65124,3,0.586726859529513,False,"[25742, 0, 1172, 38210]"
A0,KYOw02715,3,2,6,65124,6,0.8211565628646889,False,"[9580, 167, 81, 1593, 53477, 226]"
A0,KYOw02715,3,2,8,65124,8,0.8436060438548001,False,"[54939, 1195, 547, 2, 124, 68, 2022, 6227]"
A0,KYOw02715,3,2,10,65124,7,0.8064308089183712,False,"[123, 0, 155, 1290, 52518, 74, 10007, 0, 957, 0]"
A0,KYOw02715,3,2,12,65124,10,0.8112370247527794,False,"[16, 2829, 111, 3722, 52831, 0, 472, 3, 94, 0, 5016, 30]"
A0,KYOw02715,3,2,14,65124,11,0.7841348811498066,False,"[0, 51066, 0, 18, 19, 146, 5, 0, 3251, 2500, 946, 432, 21, 6720]"
A0,KYOw02716,3,2,2,62799,2,0.8532301469768627,False,"[53582, 9217]"
A0,KYOw02716,3,2,4,62799,4,0.9587891526935143,False,"[60211, 25, 2192, 371]"
A0,KYOw02716,3,2,6,62799,6,0.6960938868453319,False,"[176, 413, 5, 17118, 1373, 43714]"
A0,KYOw02716,3,2,8,62799,8,0.8022579977388175,False,"[278, 4094, 168, 50381, 290, 4, 97, 7487]"
A0,KYOw02716,3,2,10,62799,9,0.8795044507078138,False,"[191, 27, 385, 6205, 573, 4, 176, 6, 55232, 0]"
A0,KYOw02716,3,2,12,62799,11,0.8865427793436201,False,"[128, 89, 303, 1293, 65, 18, 2551, 7, 55674, 0, 2670, 1]"
A0,KYOw02716,3,2,14,62799,12,0.5728753642573926,False,"[18, 54, 0, 21714, 84, 765, 5, 1197, 333, 77, 35976, 1062, 0, 1514]"
A0,KYOw02717,3,2,2,82044,2,0.9571327580322754,False,"[78527, 3517]"
A0,KYOw02717,3,2,4,82044,4,0.835941689824972,False,"[68584, 20, 2459, 10981]"
A0,KYOw02717,3,2,6,82044,6,0.6412656623275316,False,"[5067, 214, 50, 4416, 52612, 19685]"
A0,KYOw02717,3,2,8,82044,8,0.5022183218760665,False,"[20202, 3127, 11274, 2456, 169, 41, 3571, 41204]"
A0,KYOw02717,3,2,10,82044,9,0.5058992735605286,False,"[8262, 14, 208, 3338, 41506, 34, 5101, 3, 23578, 0]"
A0,KYOw02717,3,2,12,82044,11,0.5331285651601579,False,"[1745, 3619, 169, 4168, 21993, 8, 2256, 3, 4313, 0, 43740, 30]"
A0,KYOw02717,3,2,14,82044,12,0.5029740139437375,False,"[7, 19531, 0, 6952, 1337, 1163, 0, 266, 2827, 3435, 4712, 528, 20, 41266]"
A0,KYOw02756,3,2,2,101107,2,0.9480945928570722,False,"[95859, 5248]"
A0,KYOw02756,3,2,4,101107,4,0.8589415174023559,False,"[86845, 22, 3934, 10306]"
A0,KYOw02756,3,2,6,101107,6,0.7221062834422938,False,"[4000, 945, 22, 5791, 73010, 17339]"
A0,KYOw02756,3,2,8,101107,8,0.5242663712700406,False,"[27714, 4181, 10871, 1968, 741, 19, 2606, 53007]"
A0,KYOw02756,3,2,10,101107,10,0.5793070707270516,False,"[9729, 60, 893, 4302, 58572, 21, 4054, 2, 23473, 1]"
A0,KYOw02756,3,2,12,101107,11,0.5151473191767137,False,"[4972, 2992, 731, 6270, 27384, 7, 2858, 53, 3751, 0, 52085, 4]"
A0,KYOw02756,3,2,14,101107,14,0.5312194012284016,False,"[6, 22223, 1, 5417, 4202, 1385, 6, 63, 3831, 2891, 5813, 1552, 7, 53710]"
A0,KYOw02758,3,2,2,72279,2,0.8589216784958287,False,"[62082, 10197]"
A0,KYOw02758,3,2,4,72279,4,0.903056212731222,False,"[65272, 74, 6540, 393]"
A0,KYOw02758,3,2,6,72279,6,0.6042557312635759,False,"[207, 534, 1535, 13455, 12873, 43675]"
A0,KYOw02758,3,2,8,72279,8,0.42183760151634636,False,"[1508, 7092, 5612, 25623, 440, 1352, 162, 30490]"
A0,KYOw02758,3,2,10,72279,10,0.6295466179664909,False,"[8198, 85, 494, 7582, 6715, 1383, 116, 1, 45503, 2202]"
A0,KYOw02758,3,2,12,72279,12,0.47507574814261405,False,"[7051, 98, 486, 1816, 1458, 69, 5854, 5, 34338, 1751, 18197, 1156]"
A0,KYOw02758,3,2,14,72279,14,0.3637571078736562,False,"[68, 1092, 1596, 14627, 4766, 3543, 14, 3128, 661, 88, 26292, 771, 954, 14679]"
A0,KYOw02760,3,2,2,50128,2,0.9732883817427386,False,"[48789, 1339]"
A0,KYOw02760,3,2,4,50128,3,0.9578678582827961,False,"[48016, 0, 849, 1263]"
A0,KYOw02760,3,2,6,50128,6,0.6800590488349825,False,"[665, 76, 1, 1515, 13781, 34090]"
A0,KYOw02760,3,2,8,50128,8,0.4602617299712735,False,"[1955, 1141, 23072, 6865, 53, 1, 99, 16942]"
A0,KYOw02760,3,2,10,50128,8,0.45050670284072775,False,"[22583, 12, 72, 1216, 8019, 0, 123, 0, 18067, 36]"
A0,KYOw02760,3,2,12,50128,10,0.44514044047239065,False,"[18454, 63, 41, 807, 2399, 0, 814, 5, 5215, 16, 22314, 0]"
A0,KYOw02760,3,2,14,50128,11,0.3492658793488669,False,"[0, 1845, 7, 11194, 16582, 252, 0, 233, 429, 50, 1813, 215, 0, 17508]"
A0,KYOw02780,3,2,2,56464,2,0.9774723717767073,False,"[55192, 1272]"
A0,KYOw02780,3,2,4,56464,3,0.8558373476905639,False,"[48324, 0, 734, 7406]"
A0,KYOw02780,3,2,6,56464,5,0.5709655709832814,False,"[5527, 33, 0, 1809, 16856, 32239]"
A0,KYOw02780,3,2,8,56464,7,0.38100382544630207,False,"[6402, 1028, 3652, 21513, 23, 0, 4890, 18956]"
A0,KYOw02780,3,2,10,56464,8,0.5686986398413149,False,"[4649, 42, 33, 1120, 12964, 0, 5543, 0, 32111, 2]"
A0,KYOw02780,3,2,12,56464,9,0.3829873901955228,False,"[3644, 5208, 16, 4775, 4514, 0, 569, 8, 21625, 0, 16105, 0]"
A0,KYOw02780,3,2,14,56464,10,0.42922924341173135,False,"[0, 3466, 0, 24236, 1324, 245, 0, 208, 4103, 5169, 4582, 139, 0, 12992]"
A0,KYOw02784,3,2,2,117549,2,0.9922245191367004,False,"[116635, 914]"
A0,KYOw02784,3,2,4,117549,4,0.6443270465933355,False,"[75740, 1, 556, 41252]"
A0,KYOw02784,3,2,6,117549,5,0.7024985325268611,False,"[20102, 118, 0, 1269, 82578, 13482]"
A0,KYOw02784,3,2,8,117549,7,0.4602846472534858,False,"[54106, 814, 15207, 2466, 86, 0, 11057, 33813]"
A0,KYOw02784,3,2,10,117549,7,0.5904346272618227,False,"[14367, 68, 110, 801, 69405, 0, 17876, 0, 14922, 0]"
A0,KYOw02784,3,2,12,117549,8,0.45673719044823863,False,"[9286, 12322, 79, 4077, 53689, 0, 574, 0, 3524, 0, 33998, 0]"
A0,KYOw02784,3,2,14,117549,10,0.4071578660813788,False,"[0, 47861, 0, 5278, 9758, 200, 0, 39, 4402, 11437, 2136, 219, 0, 36219]"
A0,KYOw02790,3,2,2,26249,2,0.6431102137224275,False,"[16881, 9368]"
A0,KYOw02790,3,2,4,26249,3,0.45121718922625625,False,"[11844, 0, 7089, 7316]"
A0,KYOw02790,3,2,6,26249,6,0.3440892986399482,False,"[5711, 2161, 423, 9032, 5764, 3158]"
A0,KYOw02790,3,2,8,26249,8,0.2582193607375519,False,"[3894, 6778, 407, 2374, 2004, 347, 4564, 5881]"
A0,KYOw02790,3,2,10,26249,7,0.2674768562611909,False,"[581, 0, 2117, 7021, 4111, 370, 6075, 0, 5974, 0]"
A0,KYOw02790,3,2,12,26249,10,0.21577964874852376,False,"[358, 5640, 1955, 4561, 1192, 0, 5281, 183, 5664, 0, 1218, 197]"
A0,KYOw02790,3,2,14,26249,12,0.24431406910739456,False,"[0, 934, 0, 1192, 262, 3467, 73, 935, 3917, 5414, 6413, 2273, 162, 1207]"
A0,KYOw16702,3,2,2,33939,2,0.837502578154925,False,"[28424, 5515]"
A0,KYOw16702,3,2,4,33939,3,0.8634314505436224,False,"[29304, 0, 4568, 67]"
A0,KYOw16702,3,2,6,33939,6,0.6460708918942809,False,"[16, 940, 753, 6597, 3706, 21927]"
A0,KYOw16702,3,2,8,33939,8,0.46560004714340436,False,"[234, 3919, 903, 15802, 676, 562, 12, 11831]"
A0,KYOw16702,3,2,10,33939,8,0.6912107015527859,False,"[3418, 0, 809, 3947, 1423, 587, 19, 0, 23459, 277]"
A0,KYOw16702,3,2,12,33939,11,0.6093579657621025,False,"[2364, 16, 562, 1733, 58, 0, 3602, 94, 20681, 92, 4282, 455]"
A0,KYOw16702,3,2,14,33939,13,0.40723061964112084,False,"[0, 24, 67, 9646, 966, 2861, 25, 1709, 808, 14, 13821, 762, 343, 2893]"
A0,KYOw02715,3,3,2,65124,2,0.9752779313309993,False,"[63514, 1610]"
A0,KYOw02715,3,3,4,65124,4,0.8383391683557521,False,"[8080, 613, 1835, 54596]"
A0,KYOw02715,3,3,6,65124,6,0.8214329586634728,False,"[7040, 3763, 10, 76, 53495, 740]"
A0,KYOw02715,3,3,8,65124,7,0.8655027332473435,False,"[1384, 183, 56365, 0, 5854, 75, 31, 1232]"
A0,KYOw02715,3,3,10,65124,9,0.8554757078803513,False,"[5917, 21, 31, 55712, 2535, 828, 0, 15, 3, 62]"
A0,KYOw02715,3,3,12,65124,10,0.7573551993120816,False,"[108, 49322, 45, 1720, 3493, 3088, 0, 4, 4, 7310, 30, 0]"
A0,KYOw02715,3,3,14,65124,11,0.4292426755113322,False,"[68, 26, 1229, 0, 2261, 7811, 137, 10, 0, 4, 25602, 0, 22, 27954]"
A0,KYOw02716,3,3,2,62799,2,0.8406344050064491,False,"[52791, 10008]"
A0,KYOw02716,3,3,4,62799,4,0.9580566569531362,False,"[237, 1086, 60165, 1311]"
A0,KYOw02716,3,3,6,62799,6,0.836812688100129,False,"[7668, 109, 52551, 6, 355, 2110]"
A0,KYOw02716,3,3,8,62799,8,0.8686762528065733,False,"[54552, 468, 573, 21, 118, 5, 245, 6817]"
A0,KYOw02716,3,3,10,62799,10,0.8042166276533066,False,"[78, 174, 1, 467, 3126, 50504, 21, 30, 8188, 210]"
A0,KYOw02716,3,3,12,62799,12,0.8396471281389831,False,"[52729, 171, 120, 2668, 73, 6465, 20, 141, 7, 232, 1, 172]"
A0,KYOw02716,3,3,14,62799,13,0.7972101466583863,False,"[7520, 0, 65, 20, 2620, 1280, 573, 30, 210, 7, 253, 92, 50064, 65]"
A0,KYOw02717,3,3,2,82044,2,0.9568646092340696,False,"[78505, 3539]"
A0,KYOw02717,3,3,4,82044,4,0.762359221880942,False,"[4937, 1254, 13306, 62547]"
A0,KYOw02717,3,3,6,82044,6,0.5152722929159963,False,"[25735, 3893, 8373, 85, 42275, 1683]"
A0,KYOw02717,3,3,8,82044,8,0.5507898200965335,False,"[26017, 239, 45189, 4, 4564, 52, 2773, 3206]"
A0,KYOw02717,3,3,10,82044,10,0.5570303739456877,False,"[4551, 1852, 40, 45701, 3380, 24748, 3, 9, 1686, 74]"
A0,KYOw02717,3,3,12,82044,12,0.4709667983033494,False,"[2641, 28890, 33, 2105, 3699, 38640, 3, 394, 2, 4552, 29, 1056]"
A0,KYOw02717,3,3,14,82044,14,0.35808834284042707,False,"[14748, 25, 3237, 2, 2810, 23400, 244, 3, 1075, 1, 29379, 141, 2254, 4725]"
A0,KYOw02756,3,3,2,101107,2,0.9469275124373189,False,"[95741, 5366]"
A0,KYOw02756,3,3,4,101107,4,0.7692345732738584,False,"[4430, 2573, 16329, 77775]"
A0,KYOw02756,3,3,6,101107,6,0.4471005963978755,False,"[41742, 3618, 7182, 45, 45205, 3315]"
A0,KYOw02756,3,3,8,101107,8,0.5819873994876715,False,"[26539, 918, 58843, 8, 4126, 27, 6390, 4256]"
A0,KYOw02756,3,3,10,101107,10,0.5876348818578337,False,"[4122, 5389, 5, 59414, 5740, 24801, 7, 240, 783, 606]"
A0,KYOw02756,3,3,12,101107,12,0.43836727427378913,False,"[2585, 35033, 396, 4220, 3594, 44322, 7, 2302, 78, 8281, 4, 285]"
A0,KYOw02756,3,3,14,101107,14,0.4214940607475249,False,"[10681, 5, 2786, 3, 4675, 42616, 1094, 175, 349, 16, 28424, 1052, 1798, 7433]"
A0,KYOw02758,3,3,2,72279,2,0.8543422017460119,False,"[61751, 10528]"
A0,KYOw02758,3,3,4,72279,4,0.7286487084768744,False,"[296, 4647, 52666, 14670]"
A0,KYOw02758,3,3,6,72279,6,0.44780641680156064,False,"[29609, 265, 32367, 1371, 4348, 4319]"
A0,KYOw02758,3,3,8,72279,8,0.6137882372473332,False,"[44364, 522, 7053, 127, 153, 1240, 10861, 7959]"
A0,KYOw02758,3,3,10,72279,10,0.5884835152672284,False,"[148, 9972, 1099, 7126, 1968, 42535, 128, 47, 8772, 484]"
A0,KYOw02758,3,3,12,72279,12,0.3784640075263908,False,"[27355, 2830, 369, 1328, 133, 24397, 125, 9347, 4, 1227, 765, 4399]"
A0,KYOw02758,3,3,14,72279,14,0.3638401195367949,False,"[10440, 687, 125, 122, 1724, 16759, 760, 15, 4152, 4, 2799, 8109, 26298, 285]"
A0,KYOw02760,3,3,2,50128,2,0.973248483881264,False,"[48787, 1341]"
A0,KYOw02760,3,3,4,50128,4,0.7096433131184169,False,"[311, 271, 13973, 35573]"
A0,KYOw02760,3,3,6,50128,6,0.4075965528247686,False,"[8803, 133, 19980, 1, 20432, 779]"
A0,KYOw02760,3,3,8,50128,7,0.43805857006064475,False,"[18343, 87, 8418, 0, 140, 1, 21959, 1180]"
A0,KYOw02760,3,3,10,50128,9,0.4103495052665177,False,"[132, 20570, 1, 8724, 1032, 19068, 0, 23, 542, 36]"
A0,KYOw02760,3,3,12,50128,10,0.4547957229492499,False,"[1881, 6498, 24, 813, 78, 22798, 0, 17289, 0, 522, 1, 224]"
A0,KYOw02760,3,3,14,50128,12,0.4006742738589212,False,"[20085, 1, 74, 0, 926, 5544, 86, 37, 205, 0, 8438, 13426, 1049, 257]"
A0,KYOw02780,3,3,2,56464,2,0.9756482006234061,False,"[55089, 1375]"
A0,KYOw02780,3,3,4,56464,4,0.5704165485973364,False,"[5551, 144, 32208, 18561]"
A0,KYOw02780,3,3,6,56464,5,0.4754356758288467,False,"[16248, 5270, 26845, 0, 7390, 711]"
A0,KYOw02780,3,3,8,56464,6,0.5804229243411732,False,"[32773, 36, 11652, 0, 5402, 0, 5442, 1159]"
A0,KYOw02780,3,3,10,56464,8,0.5887468121280817,False,"[5425, 4189, 0, 11523, 1528, 33243, 0, 32, 517, 7]"
A0,KYOw02780,3,3,12,56464,10,0.3680575233777274,False,"[14822, 3945, 3, 909, 5246, 20782, 0, 5203, 11, 5537, 0, 6]"
A0,KYOw02780,3,3,14,56464,11,0.38817653726268064,False,"[21918, 0, 4661, 0, 1286, 11707, 24, 109, 0, 2, 3265, 1484, 8679, 3329]"
A0,KYOw02784,3,3,2,117549,2,0.9917906575130371,False,"[116584, 965]"
A0,KYOw02784,3,3,4,117549,4,0.7676203115296599,False,"[17434, 215, 9667, 90233]"
A0,KYOw02784,3,3,6,117549,5,0.6105028541289165,False,"[26601, 12646, 5955, 0, 71764, 583]"
A0,KYOw02784,3,3,8,117549,6,0.6347650766914223,False,"[15625, 106, 74616, 0, 15512, 0, 10870, 820]"
A0,KYOw02784,3,3,10,117549,8,0.6359135339305311,False,"[15446, 10435, 0, 74751, 1469, 15136, 0, 9, 244, 59]"
A0,KYOw02784,3,3,12,117549,9,0.4966949952785647,False,"[1505, 58386, 27, 900, 12086, 27188, 0, 4143, 0, 13306, 0, 8]"
A0,KYOw02784,3,3,14,117549,11,0.35422674799445336,False,"[7740, 0, 8661, 0, 1159, 29157, 161, 8, 31, 0, 41639, 2745, 1122, 25126]"
A0,KYOw02790,3,3,2,26249,2,0.6374719036915693,False,"[16733, 9516]"
A0,KYOw02790,3,3,4,26249,4,0.39449121871309384,False,"[6890, 4817, 10355, 4187]"
A0,KYOw02790,3,3,6,26249,6,0.3029448740904415,False,"[7952, 6615, 4295, 606, 1697, 5084]"
A0,KYOw02790,3,3,8,26249,7,0.27589622461808067,False,"[5412, 2120, 3888, 0, 6884, 330, 373, 7242]"
A0,KYOw02790,3,3,10,26249,9,0.263514800563831,False,"[6917, 310, 212, 3227, 2527, 4351, 0, 522, 6470, 1713]"
A0,KYOw02790,3,3,12,26249,11,0.2481618347365614,False,"[6031, 748, 1432, 1487, 6514, 1633, 0, 154, 234, 4062, 158, 3796]"
A0,KYOw02790,3,3,14,26249,13,0.2265991085374681,False,"[484, 122, 5526, 0, 1878, 2372, 2156, 319, 3516, 38, 669, 94, 5948, 3127]"
A0,KYOw16702,3,3,2,33939,2,0.8330828839977606,False,"[28274, 5665]"
A0,KYOw16702,3,3,4,33939,4,0.8194407613659801,False,"[16, 3853, 27811, 2259]"
A0,KYOw16702,3,3,6,33939,6,0.5039335277998762,False,"[12380, 15, 17103, 437, 183, 3821]"
A0,KYOw16702,3,3,8,33939,7,0.627184065529332,False,"[21286, 865, 1279, 0, 16, 420, 5973, 4100]"
A0,KYOw16702,3,3,10,33939,9,0.613571407525266,False,"[16, 5126, 344, 1079, 1583, 20824, 0, 349, 4051, 567]"
A0,KYOw16702,3,3,12,33939,11,0.4751465865228793,False,"[16126, 106, 431, 858, 14, 7183, 0, 4596, 23, 1074, 195, 3333]"
A0,KYOw16702,3,3,14,33939,13,0.46848758065941837,False,"[2297, 164, 13, 0, 1292, 6072, 868, 51, 2978, 7, 106, 4096, 15900, 95]"
A0,KYOw02702,4,1,2,62814,2,0.5840895341802783,False,"[36689, 26125]"
A0,KYOw02702,4,1,4,62814,4,0.5709714394880122,False,"[25304, 821, 824, 35865]"
A0,KYOw02702,4,1,6,62814,5,0.46004075524564586,False,"[25280, 7182, 28897, 845, 0, 610]"
A0,KYOw02702,4,1,8,62814,8,0.31166618906613175,False,"[7254, 16322, 475, 9833, 112, 19577, 23, 9218]"
A0,KYOw02702,4,1,10,62814,9,0.4107683000604961,False,"[1297, 4289, 8952, 8677, 5276, 8065, 0, 433, 23, 25802]"
A0,KYOw02702,4,1,12,62814,9,0.42963352118954373,False,"[5873, 9966, 0, 424, 2668, 685, 0, 0, 26987, 9166, 475, 6570]"
A0,KYOw02702,4,1,14,62814,11,0.4480689018371701,False,"[3641, 130, 2798, 2842, 545, 28145, 0, 429, 1086, 21360, 0, 1279, 559, 0]"
A0,KYOw02708,4,1,2,104647,2,0.5959463720890231,False,"[62364, 42283]"
A0,KYOw02708,4,1,4,104647,4,0.5772262941125881,False,"[41274, 1011, 1957, 60405]"
A0,KYOw02708,4,1,6,104647,6,0.4391812474318423,False,"[41228, 14071, 45959, 1053, 862, 1474]"
A0,KYOw02708,4,1,8,104647,8,0.32803615966057315,False,"[7377, 20599, 204, 20484, 657, 34328, 168, 20830]"
A0,KYOw02708,4,1,10,104647,10,0.432826550211664,False,"[1018, 8389, 6036, 17476, 7501, 18505, 24, 243, 161, 45294]"
A0,KYOw02708,4,1,12,104647,12,0.25372920389499937,False,"[20597, 19006, 917, 243, 11939, 867, 12, 2, 26552, 17957, 1489, 5066]"
A0,KYOw02708,4,1,14,104647,12,0.23312660659168444,False,"[11706, 69, 11709, 23159, 414, 23498, 0, 2101, 518, 24396, 0, 1771, 4346, 960]"
A0,KYOw02768,4,1,2,65892,2,0.5600224609967827,False,"[36901, 28991]"
A0,KYOw02768,4,1,4,65892,4,0.4375341467856492,False,"[6883, 21648, 28830, 8531]"
A0,KYOw02768,4,1,6,65892,6,0.3984854003520913,False,"[6349, 88, 11981, 21196, 21, 26257]"
A0,KYOw02768,4,1,8,65892,8,0.23857220906938628,False,"[12876, 804, 10283, 46, 13166, 7578, 15720, 5419]"
A0,KYOw02768,4,1,10,65892,10,0.21872154434529228,False,"[62, 7053, 8809, 4357, 14000, 31, 4973, 12165, 14412, 30]"
A0,KYOw02768,4,1,12,65892,12,0.22175681418078066,False,"[7872, 4438, 4, 11959, 27, 14612, 2966, 4942, 788, 25, 9014, 9245]"
A0,KYOw02768,4,1,14,65892,14,0.20090451041097554,False,"[7724, 7117, 26, 26, 12018, 797, 3499, 11763, 12, 2142, 3699, 13238, 3830, 1]"
A0,KYOw02772,4,1,2,73211,2,0.5352337763450847,False,"[39185, 34026]"
A0,KYOw02772,4,1,4,73211,4,0.44185982980699623,False,"[27507, 6546, 6809, 32349]"
A0,KYOw02772,4,1,6,73211,6,0.37457485896928056,False,"[27423, 9700, 21534, 6581, 1751, 6222]"
A0,KYOw02772,4,1,8,73211,8,0.24620617120378085,False,"[10736, 18025, 3746, 10568, 2850, 13698, 4107, 9481]"
A0,KYOw02772,4,1,10,73211,10,0.2077146876835448,False,"[816, 10876, 9345, 9023, 8216, 10701, 772, 4303, 3952, 15207]"
A0,KYOw02772,4,1,12,73211,12,0.23689063118930215,False,"[10327, 9251, 1723, 4320, 3096, 4990, 491, 280, 17343, 11562, 1394, 8434]"
A0,KYOw02772,4,1,14,73211,14,0.1954897488082392,False,"[9953, 2544, 5561, 5538, 4113, 14312, 285, 2700, 511, 13814, 230, 4857, 7042, 1751]"
A0,KYOw02787,4,1,2,106684,2,0.6277979828277905,False,"[66976, 39708]"
A0,KYOw02787,4,1,4,106684,4,0.6184057590641521,False,"[38781, 928, 1001, 65974]"
A0,KYOw02787,4,1,6,106684,6,0.4212721682726557,False,"[38760, 44943, 21410, 942, 9, 620]"
A0,KYOw02787,4,1,8,106684,8,0.48762701061077574,False,"[3588, 29234, 602, 52022, 55, 11263, 104, 9816]"
A0,KYOw02787,4,1,10,106684,9,0.44629935135540477,False,"[11562, 5463, 2331, 7000, 2251, 29786, 0, 593, 85, 47613]"
A0,KYOw02787,4,1,12,106684,11,0.3858685463612163,False,"[20085, 7418, 4, 581, 41166, 924, 0, 4, 4046, 29664, 749, 2043]"
A0,KYOw02787,4,1,14,106684,13,0.3802538337520153,False,"[13197, 267, 27565, 40567, 686, 3801, 0, 343, 8374, 5550, 5, 1071, 5254, 4]"
A0,KYOw16662,4,1,2,48925,2,0.6405314256515074,False,"[31338, 17587]"
A0,KYOw16662,4,1,4,48925,4,0.6117731221257026,False,"[16673, 948, 1373, 29931]"
A0,KYOw16662,4,1,6,48925,6,0.38076647930505875,False,"[16657, 18629, 11197, 941, 299, 1202]"
A0,KYOw16662,4,1,8,48925,8,0.40746039856923866,False,"[2830, 12484, 514, 19935, 309, 8016, 511, 4326]"
A0,KYOw16662,4,1,10,48925,10,0.43215125191619824,False,"[3539, 4090, 1630, 4024, 2026, 11350, 105, 512, 506, 21143]"
A0,KYOw16662,4,1,12,48925,12,0.24956566172713338,False,"[5607, 4178, 119, 507, 11804, 764, 81, 182, 12210, 11466, 627, 1380]"
A0,KYOw16662,4,1,14,48925,14,0.3486561062851303,False,"[4426, 343, 8342, 17058, 571, 7089, 58, 795, 1106, 5393, 118, 901, 2599, 126]"
A0,KYOw16666,4,1,2,58338,2,0.6453426583016216,False,"[37648, 20690]"
A0,KYOw16666,4,1,4,58338,4,0.6253899688024958,False,"[19606, 1084, 1164, 36484]"
A0,KYOw16666,4,1,6,58338,5,0.6202475230552984,False,"[19572, 550, 36184, 1118, 0, 914]"
A0,KYOw16666,4,1,8,58338,8,0.35652576365319344,False,"[14724, 14138, 459, 1982, 510, 20799, 142, 5584]"
A0,KYOw16666,4,1,10,58338,10,0.35042339469985256,False,"[45, 3708, 14065, 4532, 13309, 1630, 3, 461, 142, 20443]"
A0,KYOw16666,4,1,12,58338,10,0.5660975693373101,False,"[2775, 6107, 0, 453, 7, 606, 1, 0, 33025, 2601, 1235, 11528]"
A0,KYOw16666,4,1,14,58338,11,0.5835647433919572,False,"[2026, 160, 20, 12, 521, 34044, 0, 1009, 36, 18606, 0, 1483, 421, 0]"
A0,KYOw16700,4,1,2,55038,2,0.5394454740361205,False,"[29690, 25348]"
A0,KYOw16700,4,1,4,55038,4,0.5323957992659617,False,"[24912, 437, 387, 29302]"
A0,KYOw16700,4,1,6,55038,5,0.45252371089065735,False,"[24906, 5294, 24088, 443, 0, 307]"
A0,KYOw16700,4,1,8,55038,8,0.2703586612885643,False,"[2406, 14211, 223, 12342, 128, 14880, 61, 10787]"
A0,KYOw16700,4,1,10,55038,9,0.3296631418292816,False,"[386, 9207, 3604, 10197, 1893, 11330, 0, 218, 59, 18144]"
A0,KYOw16700,4,1,12,55038,9,0.2869472001162833,False,"[15793, 10636, 0, 214, 4931, 256, 0, 0, 8304, 11555, 405, 2944]"
A0,KYOw16700,4,1,14,55038,11,0.2492641447727025,False,"[12639, 65, 4055, 9783, 205, 6436, 0, 321, 305, 13719, 0, 719, 6791, 0]"
A0,KYOw16737,4,1,2,65693,2,0.7171997016424886,False,"[47115, 18578]"
A0,KYOw16737,4,1,4,65693,4,0.672978856194724,False,"[16392, 2267, 2824, 44210]"
A0,KYOw16737,4,1,6,65693,6,0.3584095717960818,False,"[16334, 23545, 21479, 2210, 2, 2123]"
A0,KYOw16737,4,1,8,65693,8,0.30312209824486624,False,"[19913, 13321, 1443, 18760, 524, 7563, 730, 3439]"
A0,KYOw16737,4,1,10,65693,10,0.2761024766717915,False,"[16166, 3247, 9722, 1811, 18138, 5712, 84, 1439, 679, 8695]"
A0,KYOw16737,4,1,12,65693,12,0.333186184220541,False,"[4409, 2194, 1, 1320, 16275, 1893, 11, 308, 21888, 6145, 2322, 8927]"
A0,KYOw16737,4,1,14,65693,14,0.33078105734248703,False,"[3418, 1023, 4864, 2706, 1267, 21730, 20, 1804, 15850, 10010, 185, 2642, 173, 1]"
A0,KYOw16744,4,1,2,108863,2,0.5939299853944866,False,"[64657, 44206]"
A0,KYOw16744,4,1,4,108863,4,0.5659774211623784,False,"[41056, 3161, 3032, 61614]"
A0,KYOw16744,4,1,6,108863,6,0.37741013934945755,False,"[40960, 21186, 41086, 3218, 4, 2409]"
A0,KYOw16744,4,1,8,108863,8,0.31548827425296017,False,"[31729, 34345, 1419, 18365, 1435, 13782, 798, 6990]"
A0,KYOw16744,4,1,10,108863,10,0.2748408550196118,False,"[6941, 6359, 29920, 5530, 28056, 6996, 150, 1539, 706, 22666]"
A0,KYOw16744,4,1,12,108863,11,0.4454957147974978,False,"[6549, 6617, 0, 1512, 4580, 1364, 131, 156, 48498, 9986, 3527, 25943]"
A0,KYOw16744,4,1,14,108863,13,0.44536711279314367,False,"[5101, 902, 2181, 181, 1067, 48484, 100, 2329, 7498, 35543, 108, 3614, 1755, 0]"
A0,KYOw02702,4,2,2,62814,2,0.6410354379596905,False,"[40266, 22548]"
A0,KYOw02702,4,2,4,62814,4,0.6123794058649346,False,"[38466, 1799, 22104, 445]"
A0,KYOw02702,4,2,6,62814,6,0.35173687394529884,False,"[8265, 22094, 539, 20423, 11039, 454]"
A0,KYOw02702,4,2,8,62814,7,0.4398700926545038,False,"[894, 20850, 4838, 6903, 204, 0, 27630, 1495]"
A0,KYOw02702,4,2,10,62814,8,0.36394752762123095,False,"[9303, 18285, 3135, 184, 711, 7387, 0, 948, 0, 22861]"
A0,KYOw02702,4,2,12,62814,9,0.34417486547584936,False,"[3237, 21619, 188, 3488, 0, 1533, 0, 8843, 18186, 0, 4783, 937]"
A0,KYOw02702,4,2,14,62814,11,0.35001751201961345,False,"[18398, 5091, 0, 557, 1184, 154, 628, 0, 0, 8612, 3134, 21986, 2209, 861]"
A0,KYOw02708,4,2,2,104647,2,0.7358070465469626,False,"[77000, 27647]"
A0,KYOw02708,4,2,4,104647,4,0.6996187181667893,False,"[73213, 3784, 27144, 506]"
A0,KYOw02708,4,2,6,104647,6,0.3050541343755674,False,"[24413, 27119, 846, 19833, 31923, 513]"
A0,KYOw02708,4,2,8,104647,8,0.3336932735768823,False,"[1459, 25180, 18676, 21951, 146, 1, 34920, 2314]"
A0,KYOw02708,4,2,10,104647,9,0.2806578306114843,False,"[29370, 21644, 4303, 129, 1164, 22577, 0, 1524, 52, 23884]"
A0,KYOw02708,4,2,12,104647,11,0.3902644127399734,False,"[4454, 17880, 130, 9893, 52, 2604, 0, 40840, 21491, 6, 5782, 1515]"
A0,KYOw02708,4,2,14,104647,13,0.44324252009135473,False,"[21612, 11117, 53, 3885, 2055, 108, 241, 0, 1, 7480, 4521, 46384, 5845, 1345]"
A0,KYOw02768,4,2,2,65892,2,0.6900837734474595,False,"[20421, 45471]"
A0,KYOw02768,4,2,4,65892,4,0.6001335518727615,False,"[5795, 12835, 7718, 39544]"
A0,KYOw02768,4,2,6,65892,6,0.5622989133733989,False,"[50, 7350, 10390, 4255, 6796, 37051]"
A0,KYOw02768,4,2,8,65892,8,0.2861804164390214,False,"[8104, 2014, 6169, 42, 17494, 10338, 2874, 18857]"
A0,KYOw02768,4,2,10,65892,10,0.2837370242214533,False,"[6331, 3753, 57, 16469, 7511, 39, 9769, 18696, 11, 3256]"
A0,KYOw02768,4,2,12,65892,12,0.2813543374005949,False,"[54, 2388, 16148, 6096, 11, 8006, 8785, 20, 3781, 2036, 28, 18539]"
A0,KYOw02768,4,2,14,65892,14,0.29698597705336005,False,"[4104, 25, 10, 6060, 7980, 14864, 24, 8694, 1843, 2476, 53, 185, 5, 19569]"
A0,KYOw02772,4,2,2,73211,2,0.5259045771810247,False,"[38502, 34709]"
A0,KYOw02772,4,2,4,73211,4,0.4528144677712366,False,"[33151, 5256, 25580, 9224]"
A0,KYOw02772,4,2,6,73211,6,0.34869077051262787,False,"[7368, 25528, 3086, 16681, 11448, 9100]"
A0,KYOw02772,4,2,8,73211,8,0.2766933930693475,False,"[3368, 20257, 10356, 5488, 5728, 846, 19111, 8057]"
A0,KYOw02772,4,2,10,73211,10,0.24055128327710318,False,"[11146, 15425, 6057, 5449, 3157, 6398, 706, 6524, 738, 17611]"
A0,KYOw02772,4,2,12,73211,12,0.2083156902651241,False,"[6284, 9969, 5449, 10009, 736, 4060, 681, 12558, 15251, 125, 1642, 6447]"
A0,KYOw02772,4,2,14,73211,14,0.2254989004384587,False,"[16509, 1580, 755, 8910, 3721, 5079, 480, 662, 94, 4569, 5721, 12593, 6417, 6121]"
A0,KYOw02787,4,2,2,106684,2,0.5629991376401334,False,"[60063, 46621]"
A0,KYOw02787,4,2,4,106684,4,0.5477672378238536,False,"[58438, 1622, 45867, 757]"
A0,KYOw02787,4,2,6,106684,6,0.4297832852161524,False,"[45350, 45851, 592, 5229, 8902, 760]"
A0,KYOw02787,4,2,8,106684,8,0.4144482771549623,False,"[873, 44215, 8092, 44075, 450, 4, 7020, 1955]"
A0,KYOw02787,4,2,10,106684,10,0.4141389524202317,False,"[9304, 9489, 35698, 423, 735, 44182, 4, 1010, 7, 5832]"
A0,KYOw02787,4,2,12,106684,12,0.3395823178733456,False,"[36228, 2928, 429, 6734, 6, 1466, 3, 22152, 8958, 2, 26778, 1000]"
A0,KYOw02787,4,2,14,106684,14,0.35059615312511716,False,"[7883, 36637, 6, 2054, 940, 383, 3935, 1, 4, 2022, 37403, 14250, 224, 942]"
A0,KYOw16662,4,2,2,48925,2,0.7346959632089933,False,"[35945, 12980]"
A0,KYOw16662,4,2,4,48925,4,0.6970669391926418,False,"[34104, 1817, 12041, 963]"
A0,KYOw16662,4,2,6,48925,6,0.3203270311701584,False,"[15672, 12029, 808, 11766, 7782, 868]"
A0,KYOw16662,4,2,8,48925,8,0.365334695963209,False,"[1006, 11488, 5824, 11201, 624, 77, 17874, 831]"
A0,KYOw16662,4,2,10,48925,10,0.2927337761880429,False,"[7253, 7144, 4587, 605, 848, 13475, 75, 604, 12, 14322]"
A0,KYOw16662,4,2,12,48925,12,0.5201021972406745,False,"[4694, 3001, 576, 4292, 12, 1595, 75, 25446, 7037, 108, 1485, 604]"
A0,KYOw16662,4,2,14,48925,14,0.34471129279509455,False,"[7285, 554, 12, 2888, 1228, 564, 384, 77, 78, 1471, 4471, 12449, 16865, 599]"
A0,KYOw16666,4,2,2,58338,2,0.7020466934073846,False,"[40956, 17382]"
A0,KYOw16666,4,2,4,58338,4,0.6581130652404951,False,"[38393, 2562, 16774, 609]"
A0,KYOw16666,4,2,6,58338,6,0.5326888134663512,False,"[530, 16771, 732, 31076, 8619, 610]"
A0,KYOw16666,4,2,8,58338,8,0.6144022763893174,False,"[1157, 14265, 3648, 305, 186, 1, 35843, 2933]"
A0,KYOw16666,4,2,10,58338,9,0.5614179437073605,False,"[6863, 15005, 463, 174, 964, 374, 1, 1742, 0, 32752]"
A0,KYOw16666,4,2,12,58338,11,0.6004319654427646,False,"[500, 35028, 175, 3060, 0, 1678, 1, 987, 14986, 5, 194, 1724]"
A0,KYOw16666,4,2,14,58338,13,0.3687305015598752,False,"[15360, 292, 0, 1408, 1402, 149, 38, 1, 3, 16298, 431, 21511, 1, 1444]"
A0,KYOw16700,4,2,2,55038,2,0.5361568370943711,False,"[25529, 29509]"
A0,KYOw16700,4,2,4,55038,4,0.5282713761401213,False,"[24915, 613, 29075, 435]"
A0,KYOw16700,4,2,6,55038,6,0.5281441912860205,False,"[8538, 29068, 203, 5584, 11206, 439]"
A0,KYOw16700,4,2,8,55038,7,0.4967658708528653,False,"[291, 27341, 9650, 6581, 150, 0, 9006, 2019]"
A0,KYOw16700,4,2,10,55038,8,0.37790254006322904,False,"[10960, 20799, 7290, 141, 250, 7452, 0, 1280, 0, 6866]"
A0,KYOw16700,4,2,12,55038,9,0.37181583633126203,False,"[7638, 2889, 141, 8520, 0, 489, 0, 11315, 20464, 0, 2316, 1266]"
A0,KYOw16700,4,2,14,55038,11,0.38335331952469204,False,"[21099, 4193, 0, 6898, 369, 126, 218, 0, 0, 1891, 7185, 11883, 79, 1097]"
A0,KYOw16737,4,2,2,65693,2,0.5083951105901694,False,"[32295, 33398]"
A0,KYOw16737,4,2,4,65693,4,0.4550256496125919,False,"[28805, 3256, 29892, 3740]"
A0,KYOw16737,4,2,6,65693,6,0.4544015344100589,False,"[14121, 29851, 1002, 15795, 1488, 3436]"
A0,KYOw16737,4,2,8,65693,8,0.2887522262645944,False,"[881, 12574, 791, 13761, 1985, 206, 16526, 18969]"
A0,KYOw16737,4,2,10,65693,10,0.2448967165451418,False,"[1302, 11654, 8100, 1908, 726, 13844, 201, 11866, 4, 16088]"
A0,KYOw16737,4,2,12,65693,12,0.18163274625911435,False,"[8206, 11643, 1837, 666, 4, 2315, 55, 5395, 11690, 234, 11932, 11716]"
A0,KYOw16737,4,2,14,65693,14,0.21929277091927601,False,"[14058, 1395, 4, 271, 995, 1747, 14406, 49, 220, 7020, 8036, 6845, 1023, 9624]"
A0,KYOw16744,4,2,2,108863,2,0.6773743145053875,False,"[73741, 35122]"
A0,KYOw16744,4,2,4,108863,4,0.6263560622066267,False,"[68187, 5543, 32927, 2206]"
A0,KYOw16744,4,2,6,108863,6,0.4397545538888328,False,"[15418, 32831, 2251, 47873, 8308, 2182]"
A0,KYOw16744,4,2,8,108863,8,0.4738248991852144,False,"[2948, 26643, 5775, 13459, 1157, 154, 51582, 7145]"
A0,KYOw16744,4,2,10,108863,10,0.45429576623829954,False,"[7695, 17023, 12525, 1115, 2589, 13939, 137, 4383, 1, 49456]"
A0,KYOw16744,4,2,12,108863,12,0.4671559666737092,False,"[12839, 50856, 1114, 4659, 1, 3804, 112, 868, 16699, 134, 13437, 4340]"
A0,KYOw16744,4,2,14,108863,14,0.4046002774128951,False,"[18377, 10423, 1, 3673, 2907, 1062, 4057, 101, 102, 44046, 11927, 8615, 8, 3564]"
A0,KYOw02702,4,3,2,62814,2,0.5906963415799026,False,"[37104, 25710]"
A0,KYOw02702,4,3,4,62814,4,0.5610373483618302,False,"[24835, 1857, 35241, 881]"
A0,KYOw02702,4,3,6,62814,4,0.42406151494889677,False,"[24613, 10466, 0, 0, 1098, 26637]"
A0,KYOw02702,4,3,8,62814,8,0.37759098290190085,False,"[4912, 8910, 776, 16017, 8390, 23718, 83, 8]"
A0,KYOw02702,4,3,10,62814,7,0.450265864297768,False,"[1514, 0, 28283, 4025, 1711, 0, 21120, 0, 563, 5598]"
A0,KYOw02702,4,3,12,62814,10,0.4092081383131149,False,"[21665, 360, 0, 596, 95, 175, 25704, 2369, 7661, 0, 3199, 990]"
A0,KYOw02702,4,3,14,62814,11,0.3465310281147515,False,"[2270, 4296, 0, 133, 7448, 431, 17801, 3456, 21767, 0, 0, 3462, 513, 1237]"
A0,KYOw02708,4,3,2,104647,2,0.7636912668303917,False,"[79918, 24729]"
A0,KYOw02708,4,3,4,104647,4,0.7124427838351792,False,"[24048, 5358, 74555, 686]"
A0,KYOw02708,4,3,6,104647,6,0.6381644958766137,False,"[23777, 13131, 2, 110, 845, 66782]"
A0,KYOw02708,4,3,8,104647,8,0.2984509828279836,False,"[20317, 7947, 413, 16154, 31232, 27850, 523, 211]"
A0,KYOw02708,4,3,10,104647,10,0.43589400556155455,False,"[9731, 5, 45615, 2464, 4296, 12, 21812, 103, 343, 20266]"
A0,KYOw02708,4,3,12,104647,12,0.2988427761904307,False,"[19782, 3258, 1, 502, 83, 778, 31273, 3605, 29772, 80, 14838, 675]"
A0,KYOw02708,4,3,14,104647,14,0.27989335575792906,False,"[3427, 25265, 82, 1951, 4925, 264, 29290, 2469, 19941, 2, 4, 11294, 4726, 1007]"
A0,KYOw02768,4,3,2,65892,2,0.5902385722090694,False,"[27000, 38892]"
A0,KYOw02768,4,3,4,65892,4,0.5587780003642324,False,"[3558, 19903, 5612, 36819]"
A0,KYOw02768,4,3,6,65892,6,0.39145875068293573,False,"[2949, 17185, 14843, 21, 25794, 5100]"
A0,KYOw02768,4,3,8,65892,8,0.3699993929460329,False,"[9111, 1362, 24380, 2001, 34, 5812, 12597, 10595]"
A0,KYOw02768,4,3,10,65892,10,0.3388575244339222,False,"[9071, 4661, 560, 10462, 13145, 5159, 461, 9, 22328, 36]"
A0,KYOw02768,4,3,12,65892,12,0.30082559339525283,False,"[1670, 2, 7127, 2202, 10164, 11112, 4566, 45, 20, 10, 9152, 19822]"
A0,KYOw02768,4,3,14,65892,14,0.2956201056273903,False,"[51, 19, 9, 13446, 249, 19479, 1608, 287, 1453, 4942, 4208, 17, 7808, 12316]"
A0,KYOw02772,4,3,2,73211,2,0.6012757645708978,False,"[44020, 29191]"
A0,KYOw02772,4,3,4,73211,4,0.48696234172460423,False,"[20164, 8295, 35651, 9101]"
A0,KYOw02772,4,3,6,73211,6,0.36577836663889307,False,"[18600, 17016, 643, 1199, 8974, 26779]"
A0,KYOw02772,4,3,8,73211,8,0.251328352296786,False,"[14714, 12698, 7477, 7545, 7950, 18400, 2964, 1463]"
A0,KYOw02772,4,3,10,73211,10,0.26788324158937865,False,"[13473, 431, 19612, 6853, 5617, 392, 13384, 1193, 7311, 4945]"
A0,KYOw02772,4,3,12,73211,12,0.2431192033983964,False,"[15645, 2686, 404, 235, 3202, 3211, 17799, 2419, 6845, 1108, 13394, 6263]"
A0,KYOw02772,4,3,14,73211,14,0.20121293248282363,False,"[2421, 12408, 1116, 4210, 2271, 6706, 8118, 3598, 14731, 413, 220, 1901, 11302, 3796]"
A0,KYOw02787,4,3,2,106684,2,0.64797907839976,False,"[37555, 69129]"
A0,KYOw02787,4,3,4,106684,4,0.6342938022571332,False,"[67669, 1013, 36531, 1471]"
A0,KYOw02787,4,3,6,106684,6,0.6312286753402572,False,"[67342, 2785, 6, 9, 1786, 34756]"
A0,KYOw02787,4,3,8,106684,8,0.5996119380600652,False,"[7353, 63969, 1253, 3885, 26778, 3369, 58, 19]"
A0,KYOw02787,4,3,10,106684,10,0.6117599640058491,False,"[6909, 1, 4825, 2823, 879, 5, 65265, 7, 1034, 24936]"
A0,KYOw02787,4,3,12,106684,12,0.3303588166922875,False,"[31041, 3, 4, 1085, 256, 80, 4083, 35244, 24370, 6, 9008, 1504]"
A0,KYOw02787,4,3,14,106684,13,0.3146488695586967,False,"[33019, 11077, 7, 63, 1761, 789, 119, 1836, 33568, 0, 5, 16082, 6627, 1731]"
A0,KYOw16662,4,3,2,48925,2,0.6083188553909045,False,"[29762, 19163]"
A0,KYOw16662,4,3,4,48925,4,0.5735104752171691,False,"[17807, 1691, 28059, 1368]"
A0,KYOw16662,4,3,6,48925,6,0.4842922841083291,False,"[17562, 6055, 250, 76, 1288, 23694]"
A0,KYOw16662,4,3,8,48925,8,0.2509964230965764,False,"[6196, 11606, 987, 6257, 10952, 12280, 332, 315]"
A0,KYOw16662,4,3,10,48925,10,0.38992335206949413,False,"[4607, 156, 19077, 1563, 1411, 42, 16481, 55, 894, 4639]"
A0,KYOw16662,4,3,12,48925,12,0.2752580480327031,False,"[10662, 1304, 112, 215, 527, 414, 13467, 6689, 9672, 18, 4894, 951]"
A0,KYOw16662,4,3,14,48925,14,0.3480633622892182,False,"[6767, 17029, 18, 697, 419, 819, 5561, 2597, 10545, 118, 23, 758, 2683, 891]"
A0,KYOw16666,4,3,2,58338,2,0.751979841612671,False,"[43869, 14469]"
A0,KYOw16666,4,3,4,58338,4,0.6850766224416333,False,"[13492, 3899, 39966, 981]"
A0,KYOw16666,4,3,6,58338,5,0.3879289656827454,False,"[13367, 22631, 4, 0, 1101, 21235]"
A0,KYOw16666,4,3,8,58338,8,0.6511707634817786,False,"[4507, 3449, 733, 10137, 1103, 37988, 270, 151]"
A0,KYOw16666,4,3,10,58338,9,0.656176077342384,False,"[2112, 1, 38280, 5275, 2987, 1, 8600, 0, 593, 489]"
A0,KYOw16666,4,3,12,58338,11,0.6673694675854503,False,"[12366, 475, 1, 1134, 211, 440, 38933, 86, 827, 0, 3190, 675]"
A0,KYOw16666,4,3,14,58338,13,0.52344955260722,False,"[83, 250, 0, 850, 9474, 453, 30537, 1764, 12572, 1, 1, 283, 712, 1358]"
A0,KYOw16700,4,3,2,55038,2,0.5125004542316218,False,"[26831, 28207]"
A0,KYOw16700,4,3,4,55038,4,0.501071986627421,False,"[27578, 669, 26153, 638]"
A0,KYOw16700,4,3,6,55038,4,0.49829208910207495,False,"[27425, 1926, 0, 0, 783, 24904]"
A0,KYOw16700,4,3,8,55038,8,0.3392020058868418,False,"[12865, 18669, 476, 8994, 9555, 4378, 36, 65]"
A0,KYOw16700,4,3,10,55038,7,0.4535048511937207,False,"[11787, 0, 8046, 2894, 571, 0, 24960, 0, 348, 6432]"
A0,KYOw16700,4,3,12,55038,10,0.4388604237072568,False,"[24154, 11, 0, 1153, 81, 61, 5638, 2230, 7977, 0, 13148, 585]"
A0,KYOw16700,4,3,14,55038,11,0.44618263745048875,False,"[2048, 9165, 0, 166, 2130, 256, 799, 450, 24557, 0, 0, 3030, 11099, 1338]"
A0,KYOw16737,4,3,2,65693,2,0.6169759335088975,False,"[25162, 40531]"
A0,KYOw16737,4,3,4,65693,4,0.552889957834168,False,"[36321, 4668, 20435, 4269]"
A0,KYOw16737,4,3,6,65693,6,0.5309545918134352,False,"[34880, 16127, 515, 2, 5207, 8962]"
A0,KYOw16737,4,3,8,65693,8,0.40377209139482134,False,"[1585, 26525, 3225, 10194, 8769, 14561, 268, 566]"
A0,KYOw16737,4,3,10,65693,10,0.3648790586516067,False,"[845, 65, 13733, 23970, 2292, 181, 13860, 2, 2521, 8224]"
A0,KYOw16737,4,3,12,65693,11,0.27077466396724154,False,"[17788, 0, 146, 7156, 1263, 253, 15509, 10309, 8073, 2, 1252, 3942]"
A0,KYOw16737,4,3,14,65693,14,0.2601342608801547,False,"[10432, 4243, 2, 689, 5578, 2122, 4939, 5717, 17089, 74, 157, 3588, 337, 10726]"
A0,KYOw16744,4,3,2,108863,2,0.5900811111213177,False,"[64238, 44625]"
A0,KYOw16744,4,3,4,108863,4,0.5319254475809044,False,"[40978, 6315, 57907, 3663]"
A0,KYOw16744,4,3,6,108863,6,0.37269779447562534,False,"[40573, 31447, 262, 6, 3882, 32693]"
A0,KYOw16744,4,3,8,108863,8,0.37768571507307347,False,"[7654, 32818, 2529, 8475, 14576, 41116, 930, 765]"
A0,KYOw16744,4,3,10,108863,10,0.37357963679119627,False,"[5877, 119, 40669, 15841, 4787, 164, 26345, 3, 2228, 12830]"
A0,KYOw16744,4,3,12,108863,12,0.39311795559556506,False,"[28592, 364, 157, 8237, 1077, 1125, 42796, 4607, 12986, 2, 6927, 1993]"
A0,KYOw16744,4,3,14,108863,14,0.4202346067993717,False,"[4753, 69, 2, 1520, 45748, 1908, 5531, 2636, 32200, 104, 144, 5079, 3606, 5563]"
A0,KYOw02709,5,1,2,40105,2,0.890662012217928,False,"[35720, 4385]"
A0,KYOw02709,5,1,4,40105,4,0.8159581099613514,False,"[818, 32724, 377, 6186]"
A0,KYOw02709,5,1,6,40105,6,0.868894152848772,False,"[3922, 336, 34847, 713, 25, 262]"
A0,KYOw02709,5,1,8,40105,8,0.8619374142874954,False,"[34568, 252, 1845, 25, 2469, 695, 111, 140]"
A0,KYOw02709,5,1,10,40105,10,0.5155217553920958,False,"[72, 20675, 1957, 60, 68, 25, 14785, 2053, 123, 287]"
A0,KYOw02709,5,1,12,40105,12,0.4441840169554918,False,"[11, 1259, 16432, 1962, 25, 17814, 1395, 35, 52, 260, 858, 2]"
A0,KYOw02709,5,1,14,40105,14,0.38685949382869966,False,"[2882, 2, 10, 5587, 44, 773, 1293, 15515, 1387, 1, 46, 21, 22, 12522]"
A0,KYOw02719,5,1,2,76827,2,0.9792260533406224,False,"[75231, 1596]"
A0,KYOw02719,5,1,4,76827,4,0.8041183438114204,False,"[61778, 12693, 6, 2350]"
A0,KYOw02719,5,1,6,76827,6,0.8079841722311166,False,"[1760, 62075, 12380, 603, 6, 3]"
A0,KYOw02719,5,1,8,76827,6,0.5927213089148347,False,"[5503, 45537, 24163, 6, 1119, 499, 0, 0]"
A0,KYOw02719,5,1,10,76827,8,0.6683717963736707,False,"[2672, 2062, 51349, 0, 0, 6, 2469, 979, 16970, 320]"
A0,KYOw02719,5,1,12,76827,10,0.6348158850404155,False,"[0, 1894, 4006, 810, 6, 2408, 8, 1956, 0, 241, 48771, 16727]"
A0,KYOw02719,5,1,14,76827,11,0.567912322490791,False,"[13688, 11413, 43631, 1550, 137, 994, 521, 3120, 4, 0, 0, 0, 6, 1763]"
A0,KYOw02759,5,1,2,74466,2,0.9572825181962238,False,"[71285, 3181]"
A0,KYOw02759,5,1,4,74466,4,0.49594445787339186,False,"[33198, 36931, 77, 4260]"
A0,KYOw02759,5,1,6,74466,6,0.38144925200762764,False,"[3053, 28405, 23485, 19449, 65, 9]"
A0,KYOw02759,5,1,8,74466,7,0.4669110735100583,False,"[12383, 19424, 34769, 65, 1866, 778, 5181, 0]"
A0,KYOw02759,5,1,10,74466,9,0.5449332581312277,False,"[13223, 6411, 40579, 0, 4295, 63, 4499, 1536, 3424, 436]"
A0,KYOw02759,5,1,12,74466,11,0.43566191281927324,False,"[0, 1245, 14849, 1475, 63, 4023, 731, 12498, 3631, 338, 32442, 3171]"
A0,KYOw02759,5,1,14,74466,13,0.2957725673461714,False,"[22025, 2143, 17698, 3149, 10082, 281, 963, 12146, 674, 0, 3484, 19, 60, 1742]"
A0,KYOw02767,5,1,2,152143,2,0.9596892397284134,False,"[146010, 6133]"
A0,KYOw02767,5,1,4,152143,4,0.7731016215008248,False,"[117622, 25464, 124, 8933]"
A0,KYOw02767,5,1,6,152143,6,0.7204406380839079,False,"[5777, 109610, 23335, 13243, 27, 151]"
A0,KYOw02767,5,1,8,152143,7,0.657381542364749,False,"[17579, 100016, 28168, 26, 5730, 514, 0, 110]"
A0,KYOw02767,5,1,10,152143,9,0.46926904293986577,False,"[20138, 4347, 38568, 90, 0, 25, 14089, 3310, 71396, 180]"
A0,KYOw02767,5,1,12,152143,11,0.378834386070999,False,"[83, 57637, 1920, 2139, 25, 5569, 3738, 17530, 0, 171, 32906, 30425]"
A0,KYOw02767,5,1,14,152143,13,0.28822226458003325,False,"[28647, 32387, 20525, 3276, 12257, 43851, 1581, 1272, 2852, 42, 0, 11, 23, 5419]"
A0,KYOw02773,5,1,2,52618,2,0.970884488197955,False,"[51086, 1532]"
A0,KYOw02773,5,1,4,52618,4,0.9084533809722909,False,"[2453, 47801, 1, 2363]"
A0,KYOw02773,5,1,6,52618,5,0.649796647535064,False,"[1568, 2503, 14353, 34191, 3, 0]"
A0,KYOw02773,5,1,8,52618,7,0.8589266030635904,False,"[5574, 571, 45195, 3, 673, 597, 5, 0]"
A0,KYOw02773,5,1,10,52618,8,0.5389600516933368,False,"[28359, 11605, 8620, 0, 0, 3, 3084, 550, 124, 273]"
A0,KYOw02773,5,1,12,52618,10,0.4728229883309894,False,"[0, 215, 13786, 530, 3, 3488, 3062, 24879, 0, 235, 6357, 63]"
A0,KYOw02773,5,1,14,52618,12,0.34796077387966096,False,"[558, 49, 14168, 2254, 18309, 100, 278, 12082, 2775, 0, 0, 6, 3, 2036]"
A0,KYOw02777,5,1,2,121687,2,0.9536269281024267,False,"[116044, 5643]"
A0,KYOw02777,5,1,4,121687,4,0.9256206496996392,False,"[112636, 2755, 1032, 5264]"
A0,KYOw02777,5,1,6,121687,6,0.9030956470288527,False,"[3793, 109895, 4991, 1556, 97, 1355]"
A0,KYOw02777,5,1,8,121687,8,0.8846220220730234,False,"[5135, 107647, 3446, 93, 4181, 214, 2, 969]"
A0,KYOw02777,5,1,10,121687,9,0.7974311142521386,False,"[3142, 258, 11603, 917, 0, 93, 5347, 3155, 97037, 135]"
A0,KYOw02777,5,1,12,121687,11,0.6530196323354179,False,"[871, 21485, 221, 2249, 92, 1753, 229, 2298, 0, 135, 12890, 79464]"
A0,KYOw02777,5,1,14,121687,13,0.6011652847058436,False,"[3603, 73154, 15404, 1701, 1568, 21601, 1683, 147, 146, 711, 0, 12, 85, 1872]"
A0,KYOw02783,5,1,2,84218,2,0.9866299365931274,False,"[83092, 1126]"
A0,KYOw02783,5,1,4,84218,4,0.5663634852406849,False,"[47698, 33951, 23, 2546]"
A0,KYOw02783,5,1,6,84218,5,0.40880809328172124,False,"[1504, 34429, 27003, 21220, 62, 0]"
A0,KYOw02783,5,1,8,84218,7,0.44016718516231684,False,"[19797, 25776, 37070, 62, 1243, 263, 7, 0]"
A0,KYOw02783,5,1,10,84218,9,0.40442660713861645,False,"[25676, 6715, 34060, 0, 6, 62, 8522, 934, 8046, 197]"
A0,KYOw02783,5,1,12,84218,11,0.36873352489966515,False,"[0, 6072, 5578, 586, 62, 7005, 3713, 23335, 6, 217, 31054, 6590]"
A0,KYOw02783,5,1,14,84218,13,0.2834548433826498,False,"[23872, 5305, 17480, 1488, 19162, 2470, 344, 4363, 3045, 0, 6, 40, 62, 6581]"
A0,KYOw02788,5,1,2,112294,2,0.955251393663063,False,"[5025, 107269]"
A0,KYOw02788,5,1,4,112294,4,0.8863251821112437,False,"[300, 4339, 8126, 99529]"
A0,KYOw02788,5,1,6,112294,6,0.4740769765080948,False,"[53236, 99, 36143, 94, 185, 22537]"
A0,KYOw02788,5,1,8,112294,8,0.5052451600263593,False,"[56736, 60, 111, 182, 13531, 20029, 2, 21643]"
A0,KYOw02788,5,1,10,112294,8,0.7178566975973784,False,"[108, 169, 0, 18534, 0, 181, 80611, 7122, 31, 5538]"
A0,KYOw02788,5,1,12,112294,10,0.682681176198194,False,"[18609, 1470, 0, 7509, 180, 76661, 3821, 23, 0, 4013, 1, 7]"
A0,KYOw02788,5,1,14,112294,11,0.7652768625215951,False,"[1, 5, 0, 85936, 29, 1326, 5183, 0, 3925, 12287, 0, 383, 178, 3041]"
A0,KYOw16711,5,1,2,82012,2,0.8942106033263425,False,"[73336, 8676]"
A0,KYOw16711,5,1,4,82012,4,0.5834755889382042,False,"[21593, 47852, 22, 12545]"
A0,KYOw16711,5,1,6,82012,6,0.4940496512705458,False,"[7454, 16289, 40518, 17730, 18, 3]"
A0,KYOw16711,5,1,8,82012,8,0.4253158074428132,False,"[29547, 11353, 34881, 14, 3069, 3141, 4, 3]"
A0,KYOw16711,5,1,10,82012,10,0.383334146222504,False,"[18110, 8101, 31438, 3, 2, 15, 18850, 2138, 1594, 1761]"
A0,KYOw16711,5,1,12,82012,12,0.3824074525679169,False,"[1, 1580, 4686, 1850, 13, 18242, 5903, 15744, 2, 1691, 31362, 938]"
A0,KYOw16711,5,1,14,82012,14,0.2702775203628737,False,"[7407, 767, 22166, 9345, 14902, 847, 882, 3322, 5330, 1, 2, 401, 12, 16628]"
A0,KYOw02709,5,2,2,40105,2,0.9384864730083531,False,"[37638, 2467]"
A0,KYOw02709,5,2,4,40105,4,0.8556788430370278,False,"[2430, 34317, 3321, 37]"
A0,KYOw02709,5,2,6,40105,6,0.8345094127914225,False,"[33468, 2395, 3878, 294, 1, 69]"
A0,KYOw02709,5,2,8,40105,8,0.7494576736067822,False,"[1, 4359, 30057, 1425, 1726, 171, 1324, 1042]"
A0,KYOw02709,5,2,10,40105,9,0.7855379628475252,False,"[31504, 0, 3274, 933, 65, 1939, 35, 464, 1769, 122]"
A0,KYOw02709,5,2,12,40105,11,0.40957486597681086,False,"[70, 1, 81, 2394, 7, 556, 16426, 4248, 343, 13128, 0, 2851]"
A0,KYOw02709,5,2,14,40105,13,0.3862111956115198,False,"[2394, 1, 6088, 67, 11486, 15489, 0, 581, 135, 498, 2732, 26, 606, 2]"
A0,KYOw02719,5,2,2,76827,2,0.5625366082236714,False,"[33609, 43218]"
A0,KYOw02719,5,2,4,76827,4,0.41972223306910333,False,"[17335, 32246, 1355, 25891]"
A0,KYOw02719,5,2,6,76827,4,0.49286058286800216,False,"[31717, 5380, 1865, 0, 0, 37865]"
A0,KYOw02719,5,2,8,76827,6,0.5618076978145704,False,"[0, 2338, 3794, 21, 983, 0, 26529, 43162]"
A0,KYOw02719,5,2,10,76827,8,0.36494982232808776,False,"[4105, 0, 2001, 26484, 28038, 15156, 0, 12, 818, 213]"
A0,KYOw02719,5,2,12,76827,9,0.4966483137438661,False,"[38156, 0, 20209, 5036, 0, 75, 1204, 3165, 6, 7476, 0, 1500]"
A0,KYOw02719,5,2,14,76827,11,0.4966483137438661,False,"[5000, 0, 2, 38156, 1275, 2038, 0, 801, 39, 16537, 1156, 11711, 112, 0]"
A0,KYOw02759,5,2,2,74466,2,0.51939140010206,False,"[38677, 35789]"
A0,KYOw02759,5,2,4,74466,4,0.4842075578116187,False,"[17292, 36057, 2585, 18532]"
A0,KYOw02759,5,2,6,74466,6,0.4767947788252357,False,"[35505, 15631, 3162, 13, 3379, 16776]"
A0,KYOw02759,5,2,8,74466,8,0.42969946015631294,False,"[3376, 9014, 6279, 384, 1543, 11, 21861, 31998]"
A0,KYOw02759,5,2,10,74466,10,0.34292160180485054,False,"[6844, 2827, 8619, 21600, 7091, 25536, 4, 311, 1351, 283]"
A0,KYOw02759,5,2,12,74466,12,0.23179706174630033,False,"[17261, 9, 11309, 15062, 4, 407, 2368, 4851, 2920, 14589, 3417, 2269]"
A0,KYOw02759,5,2,14,74466,14,0.2327102301721591,False,"[14959, 2, 5744, 17329, 1692, 5447, 3438, 373, 2958, 15484, 2195, 4380, 462, 3]"
A0,KYOw02767,5,2,2,152143,2,0.8329203446757327,False,"[25420, 126723]"
A0,KYOw02767,5,2,4,152143,4,0.7615072661903604,False,"[115858, 21892, 3535, 10858]"
A0,KYOw02767,5,2,6,152143,5,0.4649441643716766,False,"[20910, 55988, 4403, 104, 0, 70738]"
A0,KYOw02767,5,2,8,152143,7,0.757714781488468,False,"[0, 4961, 8053, 11411, 1871, 107, 10459, 115281]"
A0,KYOw02767,5,2,10,152143,9,0.518190123765142,False,"[8235, 0, 4872, 9972, 78839, 39174, 74, 8690, 2082, 205]"
A0,KYOw02767,5,2,12,152143,11,0.4749479108470321,False,"[72260, 2, 1250, 54436, 34, 331, 3026, 12113, 2985, 2263, 0, 3443]"
A0,KYOw02767,5,2,14,152143,12,0.47616387214659894,False,"[54241, 0, 5, 72445, 3333, 3841, 0, 6067, 2913, 4009, 1344, 3574, 352, 19]"
A0,KYOw02773,5,2,2,52618,2,0.9572199627503896,False,"[50367, 2251]"
A0,KYOw02773,5,2,4,52618,4,0.9359534759968072,False,"[445, 49248, 1116, 1809]"
A0,KYOw02773,5,2,6,52618,5,0.9229921319700483,False,"[48566, 1238, 1801, 0, 1, 1012]"
A0,KYOw02773,5,2,8,52618,6,0.776692386635752,False,"[0, 40868, 4633, 8, 662, 0, 4208, 2239]"
A0,KYOw02773,5,2,10,52618,8,0.7701166901060473,False,"[4897, 0, 40522, 4326, 162, 2078, 0, 8, 522, 103]"
A0,KYOw02773,5,2,12,52618,9,0.4037401649625603,False,"[1053, 0, 4326, 1194, 0, 84, 4088, 784, 21244, 18641, 0, 1204]"
A0,KYOw02773,5,2,14,52618,11,0.4693070812269566,False,"[1182, 0, 1306, 1063, 4500, 1163, 0, 266, 24694, 16590, 1208, 540, 106, 0]"
A0,KYOw02777,5,2,2,121687,2,0.9327947931989449,False,"[8178, 113509]"
A0,KYOw02777,5,2,4,121687,4,0.8191261186486642,False,"[99677, 4054, 4131, 13825]"
A0,KYOw02777,5,2,6,121687,6,0.7500308167676087,False,"[3672, 22247, 3375, 1109, 15, 91269]"
A0,KYOw02777,5,2,8,121687,8,0.8619408811130195,False,"[24, 109, 2564, 8388, 1924, 1198, 2593, 104887]"
A0,KYOw02777,5,2,10,121687,10,0.7492994321496955,False,"[2501, 17, 106, 2315, 91180, 16064, 925, 6188, 2284, 107]"
A0,KYOw02777,5,2,12,121687,12,0.7542136793576963,False,"[91778, 9, 628, 21530, 661, 524, 398, 3052, 114, 71, 12, 2910]"
A0,KYOw02777,5,2,14,121687,14,0.753868531560479,False,"[21427, 7, 12, 91736, 351, 1087, 12, 2768, 107, 309, 1539, 1150, 587, 595]"
A0,KYOw02783,5,2,2,84218,2,0.6775511173383362,False,"[57062, 27156]"
A0,KYOw02783,5,2,4,84218,4,0.6664964734379824,False,"[7294, 56131, 874, 19919]"
A0,KYOw02783,5,2,6,84218,6,0.6589208957705004,False,"[55493, 4250, 1553, 1, 5, 22916]"
A0,KYOw02783,5,2,8,84218,8,0.37494359875561045,False,"[5, 14253, 10671, 271, 666, 1, 31577, 26774]"
A0,KYOw02783,5,2,10,84218,10,0.3631883920302073,False,"[11986, 5, 13813, 30587, 15359, 11534, 1, 193, 602, 138]"
A0,KYOw02783,5,2,12,84218,11,0.27215084661236316,False,"[22920, 20, 18047, 4054, 0, 34, 3658, 14616, 9011, 10612, 4, 1242]"
A0,KYOw02783,5,2,14,84218,13,0.2717471324419958,False,"[4016, 12, 236, 22886, 4587, 9476, 4, 1444, 9742, 20569, 492, 10707, 47, 0]"
A0,KYOw02788,5,2,2,112294,2,0.7248205603148877,False,"[81393, 30901]"
A0,KYOw02788,5,2,4,112294,4,0.6395622205994977,False,"[30842, 9588, 71819, 45]"
A0,KYOw02788,5,2,6,112294,5,0.5195290932730154,False,"[9418, 30769, 58340, 13695, 0, 72]"
A0,KYOw02788,5,2,8,112294,7,0.49396227759274763,False,"[0, 45, 55469, 30849, 8778, 17082, 63, 8]"
A0,KYOw02788,5,2,10,112294,9,0.47470034017846013,False,"[53306, 0, 49, 58, 7, 6, 17233, 30845, 6348, 4442]"
A0,KYOw02788,5,2,12,112294,10,0.3695388889878355,False,"[57, 175, 11, 30759, 10564, 2478, 41497, 319, 44, 0, 0, 26390]"
A0,KYOw02788,5,2,14,112294,11,0.4811833223502591,False,"[30759, 98, 0, 51, 17898, 503, 0, 449, 42, 0, 54034, 34, 2737, 5689]"
A0,KYOw16711,5,2,2,82012,2,0.952287470126323,False,"[78099, 3913]"
A0,KYOw16711,5,2,4,82012,4,0.8701775349948788,False,"[2976, 71365, 6671, 1000]"
A0,KYOw16711,5,2,6,82012,6,0.8472052870311662,False,"[69481, 1678, 8620, 3, 6, 2224]"
A0,KYOw16711,5,2,8,82012,8,0.3351338828464127,False,"[5, 24776, 23685, 69, 2205, 3, 27485, 3784]"
A0,KYOw16711,5,2,10,82012,10,0.3287933473150271,False,"[23739, 4, 24269, 26965, 1304, 2485, 2, 67, 1621, 1556]"
A0,KYOw16711,5,2,12,82012,12,0.21072525971809003,False,"[2222, 340, 14941, 1618, 2, 220, 11220, 13980, 17282, 14840, 2, 5345]"
A0,KYOw16711,5,2,14,82012,14,0.3538994293518022,False,"[1603, 101, 49, 2234, 10722, 9621, 3, 1173, 17928, 29024, 5797, 3498, 257, 2]"
A0,KYOw02709,5,3,2,40105,2,0.8216182520882683,False,"[7154, 32951]"
A0,KYOw02709,5,3,4,40105,4,0.8433611769106096,False,"[33823, 43, 295, 5944]"
A0,KYOw02709,5,3,6,40105,6,0.8142376262311433,False,"[150, 32655, 92, 4638, 32, 2538]"
A0,KYOw02709,5,3,8,40105,7,0.7906994140381498,False,"[31711, 750, 0, 467, 47, 32, 406, 6692]"
A0,KYOw02709,5,3,10,40105,10,0.712230395212567,False,"[109, 120, 28564, 5569, 37, 1866, 30, 17, 3702, 91]"
A0,KYOw02709,5,3,12,40105,12,0.7244732576985413,False,"[2974, 875, 9, 5153, 129, 129, 14, 80, 1671, 15, 1, 29055]"
A0,KYOw02709,5,3,14,40105,14,0.36237376885675104,False,"[64, 1222, 665, 10331, 15, 71, 15, 1913, 11168, 1, 8, 14533, 2, 97]"
A0,KYOw02719,5,3,2,76827,2,0.9710258112382365,False,"[2226, 74601]"
A0,KYOw02719,5,3,4,76827,3,0.9543650018873573,False,"[73321, 1324, 0, 2182]"
A0,KYOw02719,5,3,6,76827,5,0.8138284717612297,False,"[0, 5825, 62524, 6799, 743, 936]"
A0,KYOw02719,5,3,8,76827,7,0.8220547463782264,False,"[10112, 250, 0, 321, 2, 721, 63156, 2265]"
A0,KYOw02719,5,3,10,76827,8,0.4451169510718888,False,"[0, 3563, 3024, 1532, 3, 909, 615, 0, 32984, 34197]"
A0,KYOw02719,5,3,12,76827,8,0.4555429731734937,False,"[34998, 259, 0, 1430, 0, 1252, 0, 34065, 1253, 671, 0, 2899]"
A0,KYOw02719,5,3,14,76827,10,0.6342952347482005,False,"[91, 370, 515, 4019, 639, 16712, 0, 1147, 3220, 0, 48731, 1383, 0, 0]"
A0,KYOw02759,5,3,2,74466,2,0.9418392286412591,False,"[4331, 70135]"
A0,KYOw02759,5,3,4,74466,4,0.8019364542207181,False,"[59717, 10681, 13, 4055]"
A0,KYOw02759,5,3,6,74466,6,0.4672333682485967,False,"[4319, 11237, 34793, 12122, 9992, 2003]"
A0,KYOw02759,5,3,8,74466,8,0.34760830446109636,False,"[22025, 624, 1385, 11886, 4, 8689, 25885, 3968]"
A0,KYOw02759,5,3,10,74466,10,0.44843284183385707,False,"[3231, 11083, 6374, 3112, 24, 1443, 9864, 2, 33393, 5940]"
A0,KYOw02759,5,3,12,74466,12,0.4749415840786399,False,"[35367, 637, 22, 2920, 3423, 9871, 3, 5968, 1306, 10007, 2, 4940]"
A0,KYOw02759,5,3,14,74466,13,0.34485537023608087,False,"[8220, 889, 700, 9125, 9948, 2747, 2, 1637, 10555, 6, 25680, 2408, 0, 2549]"
A0,KYOw02767,5,3,2,152143,2,0.9522620166553835,False,"[7263, 144880]"
A0,KYOw02767,5,3,4,152143,4,0.5586717758950461,False,"[60770, 84998, 113, 6262]"
A0,KYOw02767,5,3,6,152143,5,0.5519544113104119,False,"[0, 10816, 14448, 40943, 83976, 1960]"
A0,KYOw02767,5,3,8,152143,7,0.5506661496092492,False,"[14118, 302, 0, 9683, 88, 83780, 35786, 8386]"
A0,KYOw02767,5,3,10,152143,9,0.5461835247103054,False,"[0, 10309, 5960, 4125, 6, 2946, 83098, 58, 31712, 13929]"
A0,KYOw02767,5,3,12,152143,11,0.5320323642888598,False,"[23037, 453, 7, 2372, 0, 9756, 2356, 15768, 11418, 80945, 26, 6005]"
A0,KYOw02767,5,3,14,152143,12,0.5305140558553466,False,"[8092, 877, 396, 20829, 80714, 13501, 2309, 7955, 4392, 0, 9502, 3556, 20, 0]"
A0,KYOw02773,5,3,2,52618,2,0.9446007069824015,False,"[2915, 49703]"
A0,KYOw02773,5,3,4,52618,3,0.9499600897031434,False,"[49985, 8, 0, 2625]"
A0,KYOw02773,5,3,6,52618,6,0.6604583982667528,False,"[6, 16150, 34752, 997, 7, 706]"
A0,KYOw02773,5,3,8,52618,6,0.6146375764947356,False,"[13875, 235, 0, 32341, 0, 7, 3441, 2719]"
A0,KYOw02773,5,3,10,52618,8,0.6393439507392907,False,"[0, 33641, 10122, 2618, 2, 540, 6, 0, 5517, 172]"
A0,KYOw02773,5,3,12,52618,9,0.5670873085255996,False,"[11020, 187, 11, 2361, 0, 29839, 0, 218, 445, 6, 0, 8531]"
A0,KYOw02773,5,3,14,52618,10,0.35518263712037706,False,"[18689, 237, 498, 1009, 6, 78, 0, 622, 15292, 0, 12081, 4106, 0, 0]"
A0,KYOw02777,5,3,2,121687,2,0.9547938563692095,False,"[5501, 116186]"
A0,KYOw02777,5,3,4,121687,4,0.8407225093888419,False,"[14213, 102305, 1421, 3748]"
A0,KYOw02777,5,3,6,121687,5,0.8194712664458816,False,"[0, 1129, 5152, 12267, 99719, 3420]"
A0,KYOw02777,5,3,8,121687,8,0.8063309967375315,False,"[2344, 480, 4, 143, 1193, 98120, 15097, 4306]"
A0,KYOw02777,5,3,10,121687,9,0.7612399023724802,False,"[0, 166, 549, 2039, 20, 2692, 92633, 907, 6173, 16508]"
A0,KYOw02777,5,3,12,121687,11,0.7522742774495221,False,"[4073, 752, 10, 1433, 0, 134, 2648, 14891, 4676, 91542, 762, 766]"
A0,KYOw02777,5,3,14,121687,13,0.7306532332952576,False,"[127, 1270, 266, 4121, 88911, 16830, 2580, 3869, 214, 29, 2041, 693, 736, 0]"
A0,KYOw02783,5,3,2,84218,2,0.9737823268184949,False,"[2208, 82010]"
A0,KYOw02783,5,3,4,84218,4,0.9390154123821511,False,"[79082, 3175, 1, 1960]"
A0,KYOw02783,5,3,6,84218,6,0.554145194613978,False,"[14, 13852, 46669, 21681, 1603, 399]"
A0,KYOw02783,5,3,8,84218,7,0.43799425301004535,False,"[22798, 105, 9, 20136, 0, 1658, 36887, 2625]"
A0,KYOw02783,5,3,10,84218,9,0.3905459640456909,False,"[10, 24429, 9443, 1581, 8, 856, 1429, 0, 32891, 13571]"
A0,KYOw02783,5,3,12,84218,11,0.38102305920349566,False,"[32089, 71, 43, 875, 9, 22549, 17, 14307, 3229, 1561, 0, 9468]"
A0,KYOw02783,5,3,14,84218,13,0.2889524804673585,False,"[19292, 126, 227, 17388, 1475, 9162, 16, 2069, 6536, 2, 24335, 3583, 0, 7]"
A0,KYOw02788,5,3,2,112294,2,0.9722157906922899,False,"[109174, 3120]"
A0,KYOw02788,5,3,4,112294,4,0.8083334817532548,False,"[4508, 1898, 15117, 90771]"
A0,KYOw02788,5,3,6,112294,6,0.5423798243895489,False,"[2, 40324, 49, 8979, 2034, 60906]"
A0,KYOw02788,5,3,8,112294,7,0.8285482750636721,False,"[727, 3651, 0, 108, 12639, 1874, 254, 93041]"
A0,KYOw02788,5,3,10,112294,9,0.8021354658307657,False,"[0, 77, 313, 90075, 580, 6911, 1843, 11715, 644, 136]"
A0,KYOw02788,5,3,12,112294,11,0.8122606728765562,False,"[124, 3700, 286, 91212, 0, 76, 1997, 121, 4737, 2, 9533, 506]"
A0,KYOw02788,5,3,14,112294,11,0.5890430477140364,False,"[71, 4937, 12996, 1070, 2, 76, 1992, 11978, 0, 128, 0, 66146, 12898, 0]"
A0,KYOw16711,5,3,2,82012,2,0.8232087987123835,False,"[14499, 67513]"
A0,KYOw16711,5,3,4,82012,4,0.8543749695166561,False,"[70069, 261, 5, 11677]"
A0,KYOw16711,5,3,6,82012,6,0.45378725064624686,False,"[5, 29413, 37216, 11764, 89, 3525]"
A0,KYOw16711,5,3,8,82012,8,0.3329268887479881,False,"[27304, 311, 3, 19167, 4, 92, 21180, 13951]"
A0,KYOw16711,5,3,10,82012,10,0.37812759108423155,False,"[2, 19863, 11755, 13445, 10, 1933, 85, 3, 31011, 3905]"
A0,KYOw16711,5,3,12,82012,12,0.3812978588499244,False,"[31271, 364, 106, 10932, 1, 18619, 2, 4259, 2514, 87, 2, 13855]"
A0,KYOw16711,5,3,14,82012,14,0.2697044334975369,False,"[16677, 607, 2075, 15961, 84, 1879, 2, 3731, 5795, 1, 22119, 13078, 2, 1]"
M00,KYOw02707,1,1,2,115078,2,0.976911312327291,False,"[2657, 112421]"
M00,KYOw02707,1,1,4,115078,4,0.7641860303446358,False,"[87941, 6294, 20322, 521]"
M00,KYOw02707,1,1,6,115078,6,0.5837866490554233,False,"[84, 67181, 31202, 15224, 1368, 19]"
M00,KYOw02707,1,1,8,115078,8,0.5743582613531691,False,"[36530, 683, 66096, 27, 7951, 2658, 15, 1118]"
M00,KYOw02707,1,1,10,115078,10,0.5073776047550357,False,"[1891, 12, 885, 44152, 1839, 7630, 58388, 35, 245, 1]"
M00,KYOw02707,1,1,12,115078,12,0.4745129390500356,False,"[984, 27, 4688, 1768, 176, 1639, 519, 54606, 4, 50610, 1, 56]"
M00,KYOw02707,1,1,14,115078,14,0.6768365804063331,False,"[77889, 3, 501, 1, 4, 3075, 195, 1303, 26, 30, 1513, 6250, 151, 24137]"
M00,KYOw02720,1,1,2,131174,2,0.990600271395246,False,"[1233, 129941]"
M00,KYOw02720,1,1,4,131174,4,0.8817448579749035,False,"[115662, 3799, 11708, 5]"
M00,KYOw02720,1,1,6,131174,5,0.831399515147819,False,"[0, 17067, 109058, 4121, 894, 34]"
M00,KYOw02720,1,1,8,131174,7,0.7804900361352097,False,"[4733, 383, 102380, 0, 5023, 390, 17, 18248]"
M00,KYOw02720,1,1,10,131174,8,0.7483800143321085,False,"[15, 13, 20040, 6050, 1833, 4991, 98168, 0, 64, 0]"
M00,KYOw02720,1,1,12,131174,10,0.6662677054904174,False,"[87397, 0, 8141, 15, 29, 1375, 9554, 851, 1, 22236, 0, 1575]"
M00,KYOw02720,1,1,14,131174,12,0.683450988763017,False,"[19588, 0, 10578, 1, 1, 89651, 24, 10, 0, 1581, 1325, 7559, 66, 790]"
M00,KYOw02751,1,1,2,71469,2,0.9106745582000587,False,"[6384, 65085]"
M00,KYOw02751,1,1,4,71469,4,0.8545383313044816,False,"[61073, 8687, 23, 1686]"
M00,KYOw02751,1,1,6,71469,5,0.8662077264268424,False,"[2046, 77, 61907, 6438, 1001, 0]"
M00,KYOw02751,1,1,8,71469,7,0.617554464173278,False,"[779, 426, 20446, 1003, 3, 4676, 0, 44136]"
M00,KYOw02751,1,1,10,71469,8,0.6579915767675496,False,"[3919, 0, 47026, 535, 2320, 3, 16360, 1157, 149, 0]"
M00,KYOw02751,1,1,12,71469,9,0.47280639158236437,False,"[33791, 1020, 1640, 3955, 111, 1622, 28626, 577, 0, 127, 0, 0]"
M00,KYOw02751,1,1,14,71469,10,0.4848255887167863,False,"[93, 0, 34650, 0, 0, 27527, 102, 3565, 986, 0, 1712, 1357, 1, 1476]"
M00,KYOw02752,1,1,2,117193,2,0.9692729087914808,False,"[3601, 113592]"
M00,KYOw02752,1,1,4,117193,4,0.8229331103393548,False,"[96442, 12496, 7895, 360]"
M00,KYOw02752,1,1,6,117193,6,0.6538957104946541,False,"[2, 12085, 76632, 26927, 1541, 6]"
M00,KYOw02752,1,1,8,117193,7,0.4025496403368802,False,"[47176, 717, 42430, 0, 4823, 4303, 6, 17738]"
M00,KYOw02752,1,1,10,117193,9,0.4717005281885437,False,"[1523, 6, 21598, 55280, 3174, 4768, 30561, 0, 280, 3]"
M00,KYOw02752,1,1,12,117193,11,0.3912605701705733,False,"[31967, 0, 16046, 1057, 179, 2418, 8718, 45853, 2, 9950, 2, 1001]"
M00,KYOw02752,1,1,14,117193,11,0.30814127123633667,False,"[13752, 0, 10251, 0, 2, 36112, 187, 606, 0, 838, 2201, 17410, 158, 35676]"
M00,KYOw02766,1,1,2,46176,2,0.6843814968814969,False,"[14574, 31602]"
M00,KYOw02766,1,1,4,46176,4,0.3788764726264726,False,"[17495, 14222, 10863, 3596]"
M00,KYOw02766,1,1,6,46176,6,0.29617117117117114,False,"[2656, 11638, 13676, 13007, 5101, 98]"
M00,KYOw02766,1,1,8,46176,8,0.2776550589050589,False,"[9349, 1528, 6708, 1346, 10201, 12821, 67, 4156]"
M00,KYOw02766,1,1,10,46176,10,0.21361746361746362,False,"[6812, 58, 5110, 9758, 4709, 9864, 5006, 1310, 439, 3110]"
M00,KYOw02766,1,1,12,46176,12,0.21002252252252251,False,"[6420, 1117, 9698, 6740, 308, 4326, 356, 2292, 22, 5356, 3006, 6535]"
M00,KYOw02766,1,1,14,46176,13,0.15079261954261955,False,"[5427, 1176, 560, 0, 2551, 6963, 297, 6813, 1031, 6066, 3675, 5993, 247, 5377]"
M00,KYOw02769,1,1,2,161734,2,0.9750083470389652,False,"[4042, 157692]"
M00,KYOw02769,1,1,4,161734,4,0.7081071388823624,False,"[114525, 6918, 39471, 820]"
M00,KYOw02769,1,1,6,161734,6,0.6513349079352517,False,"[356, 46297, 105343, 7650, 2030, 58]"
M00,KYOw02769,1,1,8,161734,8,0.64129372920969,False,"[8208, 892, 103719, 63, 35183, 3374, 33, 10262]"
M00,KYOw02769,1,1,10,161734,10,0.5976912708521399,False,"[1979, 34, 14910, 9326, 2963, 35390, 96667, 68, 394, 3]"
M00,KYOw02769,1,1,12,161734,12,0.530333757898772,False,"[85773, 58, 13106, 1650, 302, 2409, 1114, 1442, 9, 33090, 3, 22778]"
M00,KYOw02769,1,1,14,161734,14,0.5562961405765021,False,"[30728, 4, 1651, 8, 7, 89972, 311, 1545, 49, 23121, 2303, 10919, 386, 730]"
M00,KYOw02774,1,1,2,38927,2,0.9561743776813009,False,"[1706, 37221]"
M00,KYOw02774,1,1,4,38927,4,0.5419117835949341,False,"[21095, 3330, 14119, 383]"
M00,KYOw02774,1,1,6,38927,5,0.47455493616256067,False,"[0, 9426, 18473, 4091, 1214, 5723]"
M00,KYOw02774,1,1,8,38927,7,0.3027975441210471,False,"[5996, 706, 11787, 0, 7739, 1099, 5202, 6398]"
M00,KYOw02774,1,1,10,38927,9,0.2200529195673954,False,"[190, 5084, 7330, 7820, 1713, 7856, 8566, 0, 360, 8]"
M00,KYOw02774,1,1,12,38927,11,0.22973771418295785,False,"[8943, 0, 4574, 165, 305, 1335, 473, 8704, 4093, 4251, 4, 6080]"
M00,KYOw02774,1,1,14,38927,13,0.25103398669304083,False,"[4074, 13, 933, 2538, 10, 9772, 296, 131, 0, 6105, 1277, 3725, 7851, 2202]"
M00,KYOw02775,1,1,2,51705,2,0.8908229378203268,False,"[5645, 46060]"
M00,KYOw02775,1,1,4,51705,4,0.503413596363988,False,"[26029, 14554, 10622, 500]"
M00,KYOw02775,1,1,6,51705,5,0.34592399187699446,False,"[0, 13837, 15773, 17886, 4206, 3]"
M00,KYOw02775,1,1,8,51705,6,0.3293491925345711,False,"[17029, 1525, 11903, 0, 10469, 4017, 0, 6762]"
M00,KYOw02775,1,1,10,51705,8,0.3101440866453921,False,"[2418, 0, 4801, 16036, 5287, 10214, 11961, 0, 470, 518]"
M00,KYOw02775,1,1,12,51705,10,0.27722657383231797,False,"[10355, 0, 14334, 1255, 329, 3839, 2352, 2152, 0, 8351, 484, 8254]"
M00,KYOw02775,1,1,14,51705,11,0.24920220481578184,False,"[7048, 358, 2429, 0, 744, 8107, 230, 597, 0, 7682, 3965, 7660, 0, 12885]"
M00,KYOw02776,1,1,2,91475,2,0.7604263459961739,False,"[21915, 69560]"
M00,KYOw02776,1,1,4,91475,4,0.6009838753757857,False,"[54975, 32019, 412, 4069]"
M00,KYOw02776,1,1,6,91475,5,0.7241760043727794,False,"[43, 589, 66244, 9434, 15165, 0]"
M00,KYOw02776,1,1,8,91475,7,0.7200983875375786,False,"[799, 6281, 12558, 4, 182, 5780, 0, 65871]"
M00,KYOw02776,1,1,10,91475,9,0.6748510522000547,False,"[247, 0, 61732, 1099, 15311, 169, 9252, 11, 2101, 1553]"
M00,KYOw02776,1,1,12,91475,11,0.6687072970757038,False,"[13476, 10, 1871, 211, 1738, 9511, 61170, 727, 0, 1070, 1647, 44]"
M00,KYOw02776,1,1,14,91475,13,0.6665427712489751,False,"[1058, 2191, 60972, 0, 123, 12612, 1450, 212, 7, 36, 9275, 3442, 6, 91]"
M00,KYOw16719,1,1,2,81497,2,0.9652502546105992,False,"[2832, 78665]"
M00,KYOw16719,1,1,4,81497,4,0.9012601690859786,False,"[73450, 7420, 436, 191]"
M00,KYOw16719,1,1,6,81497,5,0.917371191577604,False,"[31, 794, 74763, 4173, 1736, 0]"
M00,KYOw16719,1,1,8,81497,7,0.623053609335313,False,"[792, 503, 27600, 7, 242, 1576, 0, 50777]"
M00,KYOw16719,1,1,10,81497,9,0.7021730861258697,False,"[397, 0, 57225, 681, 3382, 242, 19448, 12, 101, 9]"
M00,KYOw16719,1,1,12,81497,11,0.5411119427708996,False,"[44099, 9, 2753, 373, 66, 2398, 30030, 26, 0, 1692, 9, 42]"
M00,KYOw16719,1,1,14,81497,12,0.4787783599396297,False,"[1517, 9, 35383, 0, 8, 39019, 69, 351, 8, 39, 2517, 2307, 0, 270]"
M00,KYOw02707,1,2,2,115078,2,0.9755557100401466,False,"[2813, 112265]"
M00,KYOw02707,1,2,4,115078,4,0.6955716991953284,False,"[28856, 80045, 5724, 453]"
M00,KYOw02707,1,2,6,115078,6,0.9300995846295556,False,"[1435, 41, 107034, 1004, 71, 5493]"
M00,KYOw02707,1,2,8,115078,8,0.5227410973426719,False,"[1152, 2782, 60156, 33409, 20, 5, 814, 16740]"
M00,KYOw02707,1,2,10,115078,10,0.7953996419819601,False,"[2275, 2965, 91533, 2594, 642, 1, 1206, 15, 13844, 3]"
M00,KYOw02707,1,2,12,115078,12,0.743069917794887,False,"[280, 6427, 1928, 2995, 9, 1, 687, 85511, 19, 1601, 6, 15614]"
M00,KYOw02707,1,2,14,115078,14,0.7338848433236588,False,"[84454, 1739, 824, 364, 1554, 5, 363, 1, 3, 16, 7, 3195, 10568, 11985]"
M00,KYOw02720,1,2,2,131174,2,0.9915227102931984,False,"[1112, 130062]"
M00,KYOw02720,1,2,4,131174,4,0.8484303291810877,False,"[17461, 111292, 2419, 2]"
M00,KYOw02720,1,2,6,131174,5,0.5000381173098327,False,"[65592, 0, 60476, 564, 3306, 1236]"
M00,KYOw02720,1,2,8,131174,6,0.78605516337079,False,"[14596, 254, 5174, 103110, 0, 0, 411, 7629]"
M00,KYOw02720,1,2,10,131174,9,0.7730190434079924,False,"[101400, 2679, 3899, 279, 323, 1, 12519, 0, 10073, 1]"
M00,KYOw02720,1,2,12,131174,10,0.7312272249073749,False,"[40, 95918, 40, 2387, 7, 2, 16501, 3940, 0, 1567, 0, 10772]"
M00,KYOw02720,1,2,14,131174,12,0.6740360132343299,False,"[2548, 19, 18651, 9345, 1787, 3, 50, 0, 1, 0, 22, 2228, 8104, 88416]"
M00,KYOw02751,1,2,2,71469,2,0.9100309224978662,False,"[6430, 65039]"
M00,KYOw02751,1,2,4,71469,4,0.8708111209055674,False,"[153, 62236, 7474, 1606]"
M00,KYOw02751,1,2,6,71469,6,0.8138353691810435,False,"[58164, 1462, 5292, 629, 1, 5921]"
M00,KYOw02751,1,2,8,71469,7,0.47580069680560805,False,"[34005, 4874, 1419, 29621, 1070, 0, 461, 19]"
M00,KYOw02751,1,2,10,71469,8,0.46758734556241166,False,"[33418, 1591, 501, 5060, 385, 0, 29561, 919, 34, 0]"
M00,KYOw02751,1,2,12,71469,9,0.5407519344051267,False,"[139, 23302, 4845, 1450, 0, 0, 38647, 436, 873, 1756, 0, 21]"
M00,KYOw02751,1,2,14,71469,10,0.3949404636975472,False,"[569, 4767, 10990, 28226, 1919, 0, 155, 0, 0, 837, 0, 1307, 6, 22693]"
M00,KYOw02752,1,2,2,117193,2,0.9687353340216566,False,"[3664, 113529]"
M00,KYOw02752,1,2,4,117193,4,0.836005563472221,False,"[9055, 97974, 9929, 235]"
M00,KYOw02752,1,2,6,117193,6,0.5387267157594737,False,"[41285, 4, 63135, 1018, 1017, 10734]"
M00,KYOw02752,1,2,8,117193,8,0.41819050625890625,False,"[12852, 4113, 49009, 44195, 3, 5, 890, 6126]"
M00,KYOw02752,1,2,10,117193,9,0.5007210328261927,False,"[32082, 4366, 58681, 3648, 752, 21, 11008, 0, 6633, 2]"
M00,KYOw02752,1,2,12,117193,11,0.4985792666797505,False,"[301, 27163, 1689, 4485, 20, 2, 14831, 58430, 0, 2936, 1, 7335]"
M00,KYOw02752,1,2,14,117193,13,0.44553002312424805,False,"[52213, 1240, 22324, 7104, 3036, 1, 355, 0, 2, 1, 299, 4288, 6626, 19704]"
M00,KYOw02766,1,2,2,46176,2,0.6748094248094249,False,"[15016, 31160]"
M00,KYOw02766,1,2,4,46176,4,0.3941008316008316,False,"[10658, 18198, 14322, 2998]"
M00,KYOw02766,1,2,6,46176,6,0.2785862785862786,False,"[11643, 2027, 11442, 2549, 5651, 12864]"
M00,KYOw02766,1,2,8,46176,8,0.27921431046431044,False,"[4143, 12893, 9561, 6430, 1374, 31, 1782, 9962]"
M00,KYOw02766,1,2,10,46176,10,0.21970287595287596,False,"[7411, 4600, 4983, 10145, 1208, 3300, 3539, 1201, 9758, 31]"
M00,KYOw02766,1,2,12,46176,12,0.2026377338877339,False,"[488, 5471, 8333, 4545, 2267, 31, 4717, 4961, 1134, 3014, 1858, 9357]"
M00,KYOw02766,1,2,14,46176,14,0.25138600138600137,False,"[2907, 6026, 11608, 191, 2689, 1960, 606, 30, 31, 1032, 4650, 3523, 9368, 1555]"
M00,KYOw02769,1,2,2,161734,2,0.9756328292133998,False,"[3941, 157793]"
M00,KYOw02769,1,2,4,161734,4,0.6948940853500192,False,"[43099, 112388, 5524, 723]"
M00,KYOw02769,1,2,6,161734,6,0.40224071623777313,False,"[64363, 144, 65056, 1397, 26192, 4582]"
M00,KYOw02769,1,2,8,161734,8,0.6194430360963062,False,"[8981, 2824, 8940, 100185, 54, 26, 1124, 39600]"
M00,KYOw02769,1,2,10,161734,10,0.5992370188086611,False,"[96917, 8252, 4550, 2866, 902, 5, 6744, 50, 41425, 23]"
M00,KYOw02769,1,2,12,161734,12,0.5585838475521535,False,"[459, 90342, 1808, 7355, 429, 18, 12234, 4663, 43, 2356, 9, 42018]"
M00,KYOw02769,1,2,14,161734,14,0.43429334586419677,False,"[2654, 1776, 36476, 733, 2413, 167, 534, 7, 24, 37, 15, 6447, 40211, 70240]"
M00,KYOw02774,1,2,2,38927,2,0.9567909163305675,False,"[1682, 37245]"
M00,KYOw02774,1,2,4,38927,4,0.5478202789837388,False,"[14504, 21325, 2789, 309]"
M00,KYOw02774,1,2,6,38927,5,0.3620623217817967,False,"[14094, 0, 11158, 945, 10718, 2012]"
M00,KYOw02774,1,2,8,38927,7,0.3105042772368793,False,"[5733, 636, 6318, 12087, 0, 4463, 824, 8866]"
M00,KYOw02774,1,2,10,38927,9,0.24232537827215045,False,"[9433, 2101, 8345, 625, 689, 14, 4351, 0, 9305, 4064]"
M00,KYOw02774,1,2,12,38927,11,0.24371259023300024,False,"[348, 6198, 125, 2117, 317, 3940, 6229, 8472, 0, 1679, 15, 9487]"
M00,KYOw02774,1,2,14,38927,13,0.3040049323091941,False,"[6245, 76, 11834, 221, 1793, 72, 353, 6, 4027, 0, 78, 1916, 9277, 3029]"
M00,KYOw02775,1,2,2,51705,2,0.8867227540856784,False,"[5857, 45848]"
M00,KYOw02775,1,2,4,51705,4,0.4619862682525868,False,"[11707, 23887, 15860, 251]"
M00,KYOw02775,1,2,6,51705,5,0.4441156561261,False,"[3292, 0, 22963, 2564, 7409, 15477]"
M00,KYOw02775,1,2,8,51705,7,0.4792573252103278,False,"[4623, 5604, 24780, 3803, 0, 3, 1928, 10964]"
M00,KYOw02775,1,2,10,51705,9,0.4173677594043129,False,"[2933, 21580, 6933, 3217, 1500, 726, 4522, 0, 10289, 5]"
M00,KYOw02775,1,2,12,51705,10,0.40518325113625375,False,"[435, 4166, 1634, 20950, 6108, 0, 1622, 6554, 0, 5055, 415, 4766]"
M00,KYOw02775,1,2,14,51705,12,0.379266995454985,False,"[6132, 804, 1000, 1568, 4686, 3735, 408, 94, 0, 0, 2122, 19610, 6596, 4950]"
M00,KYOw02776,1,2,2,91475,2,0.7856791473080077,False,"[19605, 71870]"
M00,KYOw02776,1,2,4,91475,4,0.6781415687346269,False,"[762, 62033, 26678, 2002]"
M00,KYOw02776,1,2,6,91475,6,0.7357310740639519,False,"[67301, 27, 3910, 8590, 145, 11502]"
M00,KYOw02776,1,2,8,91475,7,0.6329816889860618,False,"[57902, 6002, 2259, 18321, 6, 0, 6524, 461]"
M00,KYOw02776,1,2,10,91475,9,0.6273298715496037,False,"[19523, 2359, 1834, 3249, 4771, 1836, 57385, 5, 513, 0]"
M00,KYOw02776,1,2,12,91475,11,0.6132823175731074,False,"[1887, 12660, 979, 2611, 44, 0, 56100, 1726, 5, 13270, 1688, 505]"
M00,KYOw02776,1,2,14,91475,13,0.6697021044001094,False,"[1302, 321, 192, 61261, 8696, 29, 1816, 513, 0, 5, 4875, 1457, 300, 10708]"
M00,KYOw16719,1,2,2,81497,2,0.96723805784262,False,"[2670, 78827]"
M00,KYOw16719,1,2,4,81497,4,0.9235677386897677,False,"[621, 75268, 5453, 155]"
M00,KYOw16719,1,2,6,81497,6,0.8853700136201332,False,"[72155, 15, 5482, 957, 57, 2831]"
M00,KYOw16719,1,2,8,81497,7,0.5995067303090912,False,"[28147, 1342, 1930, 48858, 8, 0, 690, 522]"
M00,KYOw16719,1,2,10,81497,9,0.6154950488975054,False,"[50161, 4586, 111, 1465, 525, 6, 24084, 8, 551, 0]"
M00,KYOw16719,1,2,12,81497,11,0.516963814618943,False,"[134, 42131, 576, 4134, 26, 0, 30748, 100, 10, 3024, 10, 604]"
M00,KYOw16719,1,2,14,81497,13,0.5117611691227898,False,"[88, 608, 5471, 26069, 3095, 15, 189, 3, 0, 7, 23, 3750, 472, 41707]"
M00,KYOw02707,1,3,2,115078,2,0.977736839361129,False,"[2562, 112516]"
M00,KYOw02707,1,3,4,115078,4,0.6763673334607831,False,"[3968, 33121, 154, 77835]"
M00,KYOw02707,1,3,6,115078,6,0.5757051738820625,False,"[37443, 66251, 83, 1127, 1, 10173]"
M00,KYOw02707,1,3,8,115078,8,0.897417403847825,False,"[1332, 4679, 4884, 103273, 828, 58, 23, 1]"
M00,KYOw02707,1,3,10,115078,9,0.5312570604285789,False,"[1865, 1771, 239, 11421, 804, 33, 0, 21, 61136, 37788]"
M00,KYOw02707,1,3,12,115078,11,0.7807052607796451,False,"[545, 236, 9148, 6835, 27, 0, 192, 1215, 5370, 17, 1651, 89842]"
M00,KYOw02707,1,3,14,115078,14,0.7265767566346304,False,"[1360, 1, 10617, 12211, 333, 25, 148, 10, 4435, 1754, 77, 492, 83613, 2]"
M00,KYOw02720,1,3,2,131174,2,0.9921935749462546,False,"[1024, 130150]"
M00,KYOw02720,1,3,4,131174,3,0.8682818241419794,False,"[1903, 15375, 0, 113896]"
M00,KYOw02720,1,3,6,131174,5,0.8741290194703218,False,"[13322, 114663, 0, 725, 6, 2458]"
M00,KYOw02720,1,3,8,131174,7,0.6615716529190235,False,"[86781, 1503, 9106, 33271, 489, 0, 18, 6]"
M00,KYOw02720,1,3,10,131174,9,0.7704956774970649,False,"[15, 1607, 58, 5145, 18026, 0, 3, 10, 101069, 5241]"
M00,KYOw02720,1,3,12,131174,11,0.6937426624178572,False,"[9002, 53, 494, 91001, 0, 3, 2156, 11, 13971, 8, 1571, 12904]"
M00,KYOw02720,1,3,14,131174,12,0.6925381554271426,False,"[11, 0, 90843, 631, 102, 0, 66, 5, 14020, 1916, 1798, 9532, 12247, 3]"
M00,KYOw02751,1,3,2,71469,2,0.9137947921476445,False,"[6161, 65308]"
M00,KYOw02751,1,3,4,71469,4,0.8889168730498538,False,"[7130, 47, 762, 63530]"
M00,KYOw02751,1,3,6,71469,6,0.8703913584910941,False,"[31, 62206, 1388, 972, 3, 6869]"
M00,KYOw02751,1,3,8,71469,6,0.8661657501853951,False,"[61904, 6530, 14, 1493, 562, 966, 0, 0]"
M00,KYOw02751,1,3,10,71469,8,0.6603982146105304,False,"[3392, 3008, 144, 3, 47198, 737, 0, 0, 16138, 849]"
M00,KYOw02751,1,3,12,71469,9,0.43961717667800027,False,"[31419, 140, 1204, 28018, 494, 0, 0, 3855, 3911, 0, 2282, 146]"
M00,KYOw02751,1,3,14,71469,10,0.47262449453609257,False,"[3884, 0, 24803, 1068, 181, 515, 1, 0, 4132, 3004, 0, 33778, 103, 0]"
M00,KYOw02752,1,3,2,117193,2,0.97158533359501,False,"[3330, 113863]"
M00,KYOw02752,1,3,4,117193,4,0.8648468765199286,False,"[6397, 9414, 28, 101354]"
M00,KYOw02752,1,3,6,117193,6,0.7715307228247421,False,"[9676, 90418, 1, 1232, 80, 15786]"
M00,KYOw02752,1,3,8,117193,8,0.49764064406577185,False,"[45023, 8419, 4490, 58320, 874, 2, 6, 59]"
M00,KYOw02752,1,3,10,117193,9,0.3974896111542498,False,"[1382, 2948, 263, 5498, 16475, 0, 83, 6, 46583, 43955]"
M00,KYOw02752,1,3,12,117193,11,0.38758287611034786,False,"[8315, 257, 9283, 32122, 0, 52, 1326, 548, 45422, 2, 2811, 17055]"
M00,KYOw02752,1,3,14,117193,11,0.3674366216412243,False,"[585, 0, 33289, 11706, 366, 0, 143, 0, 43061, 3410, 1077, 8496, 15045, 15]"
M00,KYOw02766,1,3,2,46176,2,0.6750693000693001,False,"[15004, 31172]"
M00,KYOw02766,1,3,4,46176,4,0.4070079695079695,False,"[14209, 11153, 2020, 18794]"
M00,KYOw02766,1,3,6,46176,6,0.3410213097713098,False,"[10513, 15747, 2181, 2337, 5082, 10316]"
M00,KYOw02766,1,3,8,46176,8,0.28921950796950796,False,"[5924, 9972, 9497, 13355, 1398, 1618, 55, 4357]"
M00,KYOw02766,1,3,10,46176,10,0.27403846153846156,False,"[7105, 3866, 394, 9972, 2368, 1197, 3805, 56, 4759, 12654]"
M00,KYOw02766,1,3,12,46176,12,0.21563149688149688,False,"[416, 396, 4043, 3283, 861, 3616, 7333, 7434, 9957, 43, 3401, 5393]"
M00,KYOw02766,1,3,14,46176,13,0.20772695772695773,False,"[7664, 0, 3073, 4607, 508, 825, 257, 1340, 9592, 3404, 6632, 283, 5272, 2719]"
M00,KYOw02769,1,3,2,161734,2,0.9759728937638344,False,"[3886, 157848]"
M00,KYOw02769,1,3,4,161734,4,0.6976022357698443,False,"[5012, 43602, 294, 112826]"
M00,KYOw02769,1,3,6,161734,6,0.6808277789456763,False,"[43101, 110113, 258, 1738, 17, 6507]"
M00,KYOw02769,1,3,8,161734,8,0.3816946343996933,False,"[61733, 4996, 38567, 55065, 1202, 131, 26, 14]"
M00,KYOw02769,1,3,10,161734,10,0.6109847032782223,False,"[1914, 2750, 383, 38036, 8077, 53, 13, 29, 98817, 11662]"
M00,KYOw02769,1,3,12,161734,12,0.4992209430299133,False,"[964, 381, 2572, 80741, 32, 13, 27734, 1647, 17135, 23, 2558, 27934]"
M00,KYOw02769,1,3,14,161734,14,0.5046186948940854,False,"[1719, 8, 81614, 3048, 514, 28, 380, 16, 17254, 2796, 26226, 840, 27286, 5]"
M00,KYOw02774,1,3,2,38927,2,0.9594625838107226,False,"[1578, 37349]"
M00,KYOw02774,1,3,4,38927,4,0.5657255889228556,False,"[2374, 14469, 62, 22022]"
M00,KYOw02774,1,3,6,38927,5,0.5207696457471678,False,"[14567, 20272, 0, 1011, 24, 3053]"
M00,KYOw02774,1,3,8,38927,7,0.3473167724201711,False,"[13520, 2055, 7762, 9482, 772, 0, 5318, 18]"
M00,KYOw02774,1,3,10,38927,9,0.2645978369769055,False,"[155, 1649, 349, 8029, 6510, 0, 17, 5302, 10300, 6616]"
M00,KYOw02774,1,3,12,38927,11,0.29740283093996456,False,"[424, 342, 1947, 6269, 0, 12, 6183, 56, 11577, 4916, 1607, 5594]"
M00,KYOw02774,1,3,14,38927,13,0.24543376062886943,False,"[70, 2336, 4684, 1310, 369, 0, 8382, 24, 9554, 1874, 6171, 292, 3850, 11]"
M00,KYOw02775,1,3,2,51705,2,0.8991973696934532,False,"[5212, 46493]"
M00,KYOw02775,1,3,4,51705,4,0.5975437578570738,False,"[10098, 10702, 9, 30896]"
M00,KYOw02775,1,3,6,51705,5,0.38971085968475,False,"[10376, 20150, 0, 3453, 1033, 16693]"
M00,KYOw02775,1,3,8,51705,6,0.37946040034812883,False,"[10466, 8969, 9451, 19620, 2329, 0, 0, 870]"
M00,KYOw02775,1,3,10,51705,8,0.3633110917706218,False,"[1905, 5117, 474, 9967, 4704, 0, 866, 0, 9887, 18785]"
M00,KYOw02775,1,3,12,51705,10,0.3030461270670148,False,"[2328, 460, 15669, 7360, 0, 782, 8396, 265, 6363, 0, 4624, 5458]"
M00,KYOw02775,1,3,14,51705,11,0.3041678754472488,False,"[354, 0, 6838, 15727, 465, 0, 0, 383, 6788, 5278, 7636, 2075, 5059, 1102]"
M00,KYOw02776,1,3,2,91475,2,0.7687783547417327,False,"[21151, 70324]"
M00,KYOw02776,1,3,4,91475,4,0.6853457228751025,False,"[27448, 674, 661, 62692]"
M00,KYOw02776,1,3,6,91475,6,0.7203935501503143,False,"[606, 65898, 46, 9049, 6318, 9558]"
M00,KYOw02776,1,3,8,91475,7,0.7589942607269746,False,"[69429, 7786, 433, 1825, 6321, 27, 0, 5654]"
M00,KYOw02776,1,3,10,91475,9,0.6649029789559989,False,"[297, 11768, 2293, 303, 60822, 14, 3564, 0, 11561, 853]"
M00,KYOw02776,1,3,12,91475,11,0.6579174637879202,False,"[60183, 2276, 608, 13508, 8, 3327, 114, 202, 1348, 0, 8797, 1104]"
M00,KYOw02776,1,3,14,91475,13,0.6769281224378245,False,"[211, 0, 11533, 599, 2035, 10, 1, 4074, 1182, 8539, 89, 61922, 980, 300]"
M00,KYOw16719,1,3,2,81497,2,0.9693117538068886,False,"[2501, 78996]"
M00,KYOw16719,1,3,4,81497,4,0.936917923359142,False,"[4420, 691, 30, 76356]"
M00,KYOw16719,1,3,6,81497,6,0.9143526755586096,False,"[702, 74517, 20, 1346, 20, 4892]"
M00,KYOw16719,1,3,8,81497,7,0.8760199761954428,False,"[71393, 3684, 536, 5077, 782, 10, 0, 15]"
M00,KYOw16719,1,3,10,81497,9,0.5447439783059499,False,"[398, 3190, 95, 520, 44395, 9, 14, 0, 30980, 1896]"
M00,KYOw16719,1,3,12,81497,11,0.5060308968428285,False,"[30013, 94, 1660, 41240, 3, 14, 78, 331, 3083, 0, 2918, 2063]"
M00,KYOw16719,1,3,14,81497,12,0.4688516141698467,False,"[351, 0, 38210, 1787, 183, 3, 0, 15, 3679, 3706, 57, 31661, 1837, 8]"
M00,KYOw02754,2,1,2,47242,2,0.9180602006688964,False,"[3871, 43371]"
M00,KYOw02754,2,1,4,47242,4,0.8634689471233225,False,"[3563, 1853, 40792, 1034]"
M00,KYOw02754,2,1,6,47242,5,0.7533338978028026,False,"[35589, 824, 8129, 0, 761, 1939]"
M00,KYOw02754,2,1,8,47242,7,0.49487743956648744,False,"[1, 0, 485, 23379, 15973, 1915, 592, 4897]"
M00,KYOw02754,2,1,10,47242,8,0.7009864103975276,False,"[593, 33116, 0, 0, 5748, 34, 501, 28, 974, 6248]"
M00,KYOw02754,2,1,12,47242,11,0.5067524660259938,False,"[14982, 0, 341, 3091, 23940, 5, 17, 466, 2021, 2256, 122, 1]"
M00,KYOw02754,2,1,14,47242,12,0.48420896659751916,False,"[4864, 0, 0, 2015, 12741, 1238, 2181, 8, 472, 252, 338, 22875, 232, 26]"
M00,KYOw02762,2,1,2,67878,2,0.7567989628451045,False,"[16508, 51370]"
M00,KYOw02762,2,1,4,67878,4,0.4285777424202245,False,"[29091, 27407, 9574, 1806]"
M00,KYOw02762,2,1,6,67878,6,0.4161878664663072,False,"[436, 1008, 28250, 3117, 7818, 27249]"
M00,KYOw02762,2,1,8,67878,8,0.3971537169627862,False,"[20801, 2957, 582, 67, 6856, 26958, 7985, 1672]"
M00,KYOw02762,2,1,10,67878,10,0.25005156309850024,False,"[8110, 8, 11543, 2795, 1633, 10906, 605, 13, 16973, 15292]"
M00,KYOw02762,2,1,12,67878,12,0.438301069565986,False,"[5, 1786, 328, 29751, 59, 17, 1042, 2398, 1468, 9182, 2914, 18928]"
M00,KYOw02762,2,1,14,67878,14,0.37585079112525416,False,"[4, 17422, 1371, 25512, 3, 11167, 1435, 18, 2041, 4760, 325, 2190, 623, 1007]"
M00,KYOw02763,2,1,2,102462,2,0.9564228689660557,False,"[4465, 97997]"
M00,KYOw02763,2,1,4,102462,4,0.5822646444535535,False,"[59660, 5336, 36273, 1193]"
M00,KYOw02763,2,1,6,102462,6,0.5204758837422654,False,"[31095, 888, 15892, 317, 941, 53329]"
M00,KYOw02763,2,1,8,102462,8,0.44328629150319143,False,"[26271, 279, 698, 5075, 45420, 21279, 858, 2582]"
M00,KYOw02763,2,1,10,102462,10,0.2944799047451738,False,"[862, 26398, 6, 280, 2932, 30173, 704, 40, 16480, 24587]"
M00,KYOw02763,2,1,12,102462,12,0.35303819952762977,False,"[36173, 228, 487, 8754, 4036, 19, 216, 683, 1518, 14979, 9292, 26077]"
M00,KYOw02763,2,1,14,102462,14,0.27804454334289785,False,"[1582, 18263, 179, 7317, 26149, 6045, 1515, 16, 652, 5472, 487, 6084, 28489, 212]"
M00,KYOw02764,2,1,2,105716,2,0.9831908131219493,False,"[1777, 103939]"
M00,KYOw02764,2,1,4,105716,4,0.9295754663437891,False,"[98271, 676, 5928, 841]"
M00,KYOw02764,2,1,6,105716,6,0.8955598017329449,False,"[6307, 648, 3902, 81, 103, 94675]"
M00,KYOw02764,2,1,8,105716,8,0.5912633849180824,False,"[62506, 18, 117, 58, 38579, 1959, 52, 2427]"
M00,KYOw02764,2,1,10,105716,10,0.7372204775057701,False,"[58, 1394, 77936, 11, 2235, 6928, 167, 66, 1048, 15873]"
M00,KYOw02764,2,1,12,105716,12,0.5673786371031821,False,"[1764, 3, 21, 382, 358, 144, 11, 16, 1841, 40364, 831, 59981]"
M00,KYOw02764,2,1,14,105716,14,0.5781811646297628,False,"[62, 61123, 1, 282, 2084, 18006, 1802, 109, 20, 707, 20, 14082, 7401, 17]"
M00,KYOw02770,2,1,2,33403,2,0.9048887824446906,False,"[3177, 30226]"
M00,KYOw02770,2,1,4,33403,4,0.6690716402718319,False,"[22349, 3529, 6663, 862]"
M00,KYOw02770,2,1,6,33403,6,0.5585127084393617,False,"[1920, 708, 10881, 25, 1213, 18656]"
M00,KYOw02770,2,1,8,33403,8,0.38089393168278296,False,"[8247, 14, 528, 21, 9586, 12723, 1196, 1088]"
M00,KYOw02770,2,1,10,33403,10,0.3017094272969494,False,"[1175, 180, 5572, 13, 1157, 5747, 547, 1, 10078, 8933]"
M00,KYOw02770,2,1,12,33403,12,0.3545489926054546,False,"[117, 12, 284, 3240, 494, 10, 12, 609, 1121, 11843, 8040, 7621]"
M00,KYOw02770,2,1,14,33403,14,0.20016166212615633,False,"[5, 6362, 4, 2028, 41, 6686, 1109, 5, 633, 5568, 288, 4321, 6321, 32]"
M00,KYOw02771,2,1,2,114096,2,0.9828127191137288,False,"[1961, 112135]"
M00,KYOw02771,2,1,4,114096,4,0.723215537792736,False,"[30000, 1133, 82516, 447]"
M00,KYOw02771,2,1,6,114096,5,0.7098145421399523,False,"[80987, 287, 8762, 0, 416, 23644]"
M00,KYOw02771,2,1,8,114096,7,0.5998895666806899,False,"[9500, 0, 97, 68445, 23395, 8725, 263, 3671]"
M00,KYOw02771,2,1,10,114096,9,0.744592273173468,False,"[275, 84955, 22, 0, 4538, 13207, 106, 458, 6380, 4155]"
M00,KYOw02771,2,1,12,114096,10,0.6534935492918245,False,"[74561, 0, 36, 2278, 22003, 115, 0, 140, 1581, 2359, 4833, 6190]"
M00,KYOw02771,2,1,14,114096,12,0.5890302902818679,False,"[21982, 2800, 0, 1961, 67206, 761, 1617, 65, 140, 2600, 39, 6004, 8921, 0]"
M00,KYOw02789,2,1,2,125946,2,0.9999841201784891,False,"[125944, 2]"
M00,KYOw02789,2,1,4,125946,2,0.7888936528353422,False,"[0, 99358, 0, 26588]"
M00,KYOw02789,2,1,6,125946,4,0.966890572149969,False,"[0, 4128, 0, 41, 121776, 1]"
M00,KYOw02789,2,1,8,125946,5,0.9568862845981612,False,"[0, 38, 5390, 0, 0, 1, 120516, 1]"
M00,KYOw02789,2,1,10,125946,4,0.9579343528178743,False,"[120648, 0, 0, 53, 0, 0, 5244, 0, 1, 0]"
M00,KYOw02789,2,1,12,125946,5,0.9682800565321645,False,"[0, 73, 3686, 0, 0, 0, 216, 121951, 20, 0, 0, 0]"
M00,KYOw02789,2,1,14,125946,6,0.9679227605481714,False,"[0, 0, 115, 1, 0, 0, 16, 0, 121906, 0, 3687, 0, 0, 221]"
M00,KYOw16714,2,1,2,46127,2,0.9604353198777289,False,"[1825, 44302]"
M00,KYOw16714,2,1,4,46127,4,0.5840397164350597,False,"[17465, 1222, 26940, 500]"
M00,KYOw16714,2,1,6,46127,6,0.42651809135647234,False,"[19674, 341, 10059, 8, 414, 15631]"
M00,KYOw16714,2,1,8,46127,8,0.29535846684154615,False,"[7698, 1, 115, 10422, 12258, 13624, 399, 1610]"
M00,KYOw16714,2,1,10,46127,7,0.40635636395169855,False,"[396, 18744, 0, 0, 1907, 9188, 126, 0, 10576, 5190]"
M00,KYOw16714,2,1,12,46127,10,0.2792074056409478,False,"[12879, 0, 41, 859, 9427, 0, 13, 263, 1103, 4823, 9324, 7395]"
M00,KYOw16714,2,1,14,46127,12,0.2653326685021788,False,"[2573, 2731, 0, 539, 10317, 779, 1120, 0, 256, 6272, 42, 9243, 12239, 16]"
M00,KYOw16716,2,1,2,80056,2,0.9656615369241531,False,"[2749, 77307]"
M00,KYOw16716,2,1,4,80056,4,0.6253622464275007,False,"[27493, 1749, 50064, 750]"
M00,KYOw16716,2,1,6,80056,6,0.5661287099030679,False,"[45322, 502, 9275, 13, 1149, 23795]"
M00,KYOw16716,2,1,8,80056,8,0.34470870390726494,False,"[12396, 11, 180, 27596, 25695, 10794, 1084, 2300]"
M00,KYOw16716,2,1,10,80056,10,0.56546667332867,False,"[1082, 45269, 281, 10, 2705, 14529, 200, 119, 7160, 8701]"
M00,KYOw16716,2,1,12,80056,12,0.5230838413110822,False,"[41876, 16, 74, 2743, 9736, 14, 4, 810, 1183, 6231, 5533, 11836]"
M00,KYOw16716,2,1,14,80056,14,0.47642899970020985,False,"[3659, 6638, 9, 1773, 38141, 1876, 1263, 7, 788, 3698, 74, 9970, 12155, 5]"
M00,KYOw16750,2,1,2,58739,2,0.9765743373227328,False,"[1376, 57363]"
M00,KYOw16750,2,1,4,58739,4,0.7100052775838881,False,"[41705, 1351, 15354, 329]"
M00,KYOw16750,2,1,6,58739,6,0.6038577435775209,False,"[4331, 212, 18597, 20, 109, 35470]"
M00,KYOw16750,2,1,8,58739,8,0.5555933876981222,False,"[16968, 12, 31, 1013, 6225, 32635, 74, 1781]"
M00,KYOw16750,2,1,10,58739,9,0.5025111084628612,False,"[70, 3408, 0, 10, 2051, 20745, 40, 11, 29517, 2887]"
M00,KYOw16750,2,1,12,58739,11,0.4820306780844073,False,"[8257, 28, 10, 975, 959, 6, 0, 40, 1235, 2771, 28314, 16144]"
M00,KYOw16750,2,1,14,58739,13,0.5207443095728562,False,"[1356, 4997, 1, 809, 3961, 523, 1170, 5, 38, 15214, 10, 67, 30588, 0]"
M00,KYOw02754,2,2,2,47242,2,0.9258287117395538,False,"[3504, 43738]"
M00,KYOw02754,2,2,4,47242,4,0.8416874814783455,False,"[39763, 1190, 1502, 4787]"
M00,KYOw02754,2,2,6,47242,5,0.6503323314000254,False,"[13503, 41, 0, 2068, 30723, 907]"
M00,KYOw02754,2,2,8,47242,6,0.7008594047669446,False,"[7269, 0, 703, 843, 5081, 33110, 236, 0]"
M00,KYOw02754,2,2,10,47242,8,0.5031963083696711,False,"[11615, 307, 0, 2689, 346, 23772, 1994, 0, 6456, 63]"
M00,KYOw02754,2,2,12,47242,10,0.44034968883620507,False,"[21, 20803, 874, 0, 1184, 0, 2364, 1720, 344, 15733, 336, 3863]"
M00,KYOw02754,2,2,14,47242,11,0.5120443673002837,False,"[1143, 0, 8616, 5366, 919, 24190, 343, 1623, 0, 50, 222, 4632, 138, 0]"
M00,KYOw02762,2,2,2,67878,2,0.731208933675123,False,"[18245, 49633]"
M00,KYOw02762,2,2,4,67878,4,0.46072365125666637,False,"[4986, 1958, 31273, 29661]"
M00,KYOw02762,2,2,6,67878,6,0.3179233330386871,False,"[21580, 21013, 2630, 21361, 48, 1246]"
M00,KYOw02762,2,2,8,67878,8,0.44915878487875305,False,"[404, 12146, 939, 11507, 30488, 3, 9846, 2545]"
M00,KYOw02762,2,2,10,67878,10,0.5204631839476708,False,"[1123, 5115, 19591, 3047, 447, 1, 35328, 1913, 1304, 9]"
M00,KYOw02762,2,2,12,67878,12,0.37260968207666695,False,"[8675, 329, 25292, 1288, 8291, 11305, 2275, 8518, 1492, 3, 409, 1]"
M00,KYOw02762,2,2,14,67878,13,0.32042782639441353,False,"[8144, 1649, 3, 1, 1421, 0, 853, 21750, 6, 12165, 4613, 5195, 229, 11849]"
M00,KYOw02763,2,2,2,102462,2,0.9560227206183756,False,"[4506, 97956]"
M00,KYOw02763,2,2,4,102462,4,0.5935273564833792,False,"[33780, 1267, 6601, 60814]"
M00,KYOw02763,2,2,6,102462,6,0.6038921746598739,False,"[61876, 28464, 493, 3838, 6797, 994]"
M00,KYOw02763,2,2,8,102462,8,0.37057640881497533,False,"[2181, 18, 858, 1199, 25958, 37970, 33932, 346]"
M00,KYOw02763,2,2,10,102462,10,0.4229860826452734,False,"[6368, 830, 22255, 1649, 611, 12219, 14862, 261, 43340, 67]"
M00,KYOw02763,2,2,12,102462,12,0.3140188557709199,False,"[28403, 5468, 6756, 198, 16248, 11, 1398, 10011, 674, 32175, 549, 571]"
M00,KYOw02763,2,2,14,102462,14,0.4049696472838711,False,"[3601, 241, 41494, 1231, 493, 7325, 4055, 12600, 5, 5986, 845, 2472, 480, 21634]"
M00,KYOw02764,2,2,2,105716,2,0.981885428884937,False,"[1915, 103801]"
M00,KYOw02764,2,2,4,105716,4,0.9346929509251202,False,"[5009, 798, 1097, 98812]"
M00,KYOw02764,2,2,6,105716,6,0.7192004994513602,False,"[26709, 76031, 12, 1031, 1307, 626]"
M00,KYOw02764,2,2,8,105716,8,0.7253679670059404,False,"[1361, 76683, 368, 316, 6437, 9306, 11238, 7]"
M00,KYOw02764,2,2,10,105716,10,0.5731961103333459,False,"[7895, 13, 60596, 1699, 17, 111, 1697, 1, 33426, 261]"
M00,KYOw02764,2,2,12,105716,11,0.699383253244542,False,"[8554, 3351, 462, 0, 593, 73936, 1755, 9817, 7, 7057, 11, 173]"
M00,KYOw02764,2,2,14,105716,12,0.5863918422944493,False,"[26208, 0, 7583, 89, 850, 3405, 2963, 331, 222, 556, 17, 1501, 0, 61991]"
M00,KYOw02770,2,2,2,33403,2,0.8984821722599766,False,"[3391, 30012]"
M00,KYOw02770,2,2,4,33403,4,0.6847887914259199,False,"[5563, 956, 4010, 22874]"
M00,KYOw02770,2,2,6,33403,6,0.594766937101458,False,"[19867, 8871, 17, 3390, 477, 781]"
M00,KYOw02770,2,2,8,33403,8,0.5231566027003562,False,"[429, 5469, 687, 1935, 17475, 1149, 6250, 9]"
M00,KYOw02770,2,2,10,33403,10,0.29697931323533816,False,"[6632, 651, 7560, 1460, 296, 54, 9920, 8, 6811, 11]"
M00,KYOw02770,2,2,12,33403,11,0.2441397479268329,False,"[5304, 2550, 3231, 0, 7481, 4726, 1290, 8155, 359, 12, 291, 4]"
M00,KYOw02770,2,2,14,33403,13,0.21704637308026226,False,"[7250, 7, 596, 2, 827, 1460, 4112, 6831, 0, 3729, 450, 2017, 103, 6019]"
M00,KYOw02771,2,2,2,114096,2,0.9841186369373159,False,"[1812, 112284]"
M00,KYOw02771,2,2,4,114096,4,0.7721041929603141,False,"[88094, 543, 951, 24508]"
M00,KYOw02771,2,2,6,114096,6,0.6947395175992147,False,"[19024, 14378, 1, 1072, 79267, 354]"
M00,KYOw02771,2,2,8,114096,7,0.7822885990744636,False,"[8235, 11, 225, 339, 3145, 89256, 12885, 0]"
M00,KYOw02771,2,2,10,114096,10,0.6596462627962417,False,"[5369, 57, 3759, 1791, 43, 75263, 2055, 1, 25409, 349]"
M00,KYOw02771,2,2,12,114096,11,0.6903484784742673,False,"[7682, 8436, 841, 0, 2615, 9, 1565, 1144, 27, 78766, 41, 12970]"
M00,KYOw02771,2,2,14,114096,13,0.4837592904221007,False,"[726, 0, 55195, 32697, 502, 14927, 766, 1205, 3, 917, 53, 2696, 4, 4405]"
M00,KYOw02789,2,2,2,125946,2,0.9999920600892446,False,"[125945, 1]"
M00,KYOw02789,2,2,4,125946,2,0.7068029155352293,False,"[0, 36927, 89019, 0]"
M00,KYOw02789,2,2,6,125946,3,0.586251250535944,False,"[0, 0, 30442, 73836, 0, 21668]"
M00,KYOw02789,2,2,8,125946,3,0.9172026106426564,False,"[0, 0, 10115, 115518, 0, 0, 0, 313]"
M00,KYOw02789,2,2,10,125946,5,0.949065472504089,False,"[0, 119531, 0, 50, 6323, 0, 1, 41, 0, 0]"
M00,KYOw02789,2,2,12,125946,5,0.972464389500262,False,"[0, 0, 2, 24, 0, 0, 18, 0, 122478, 0, 3424, 0]"
M00,KYOw02789,2,2,14,125946,5,0.964468899369571,False,"[0, 41, 0, 0, 374, 0, 0, 0, 0, 2, 121471, 0, 4058, 0]"
M00,KYOw16714,2,2,2,46127,2,0.964424306805125,False,"[1641, 44486]"
M00,KYOw16714,2,2,4,46127,4,0.548680816007978,False,"[25309, 556, 1184, 19078]"
M00,KYOw16714,2,2,6,46127,5,0.5536453703904438,False,"[25538, 9081, 0, 1370, 9741, 397]"
M00,KYOw16714,2,2,8,46127,6,0.4898649381056648,False,"[1442, 0, 242, 604, 10032, 22596, 11211, 0]"
M00,KYOw16714,2,2,10,46127,9,0.26897478700110566,False,"[9913, 112, 6154, 1300, 41, 10693, 5500, 0, 12407, 7]"
M00,KYOw16714,2,2,12,46127,10,0.2593925466646433,False,"[9415, 11965, 743, 0, 11387, 0, 1158, 2384, 57, 8849, 39, 130]"
M00,KYOw16714,2,2,14,46127,12,0.32661998395733516,False,"[462, 0, 10424, 320, 495, 15066, 2564, 5956, 0, 3009, 83, 1767, 6, 5975]"
M00,KYOw16716,2,2,2,80056,2,0.9679849105626062,False,"[2563, 77493]"
M00,KYOw16716,2,2,4,80056,4,0.6320950334765664,False,"[50603, 850, 1618, 26985]"
M00,KYOw16716,2,2,6,80056,6,0.40612821025282303,False,"[32513, 14675, 26, 1683, 30544, 615]"
M00,KYOw16716,2,2,8,80056,8,0.6503072849005695,False,"[2329, 363, 425, 1044, 8378, 52061, 15442, 14]"
M00,KYOw16716,2,2,10,80056,10,0.4037548715898871,False,"[12169, 348, 9102, 2018, 79, 32323, 3243, 12, 20735, 27]"
M00,KYOw16716,2,2,12,80056,12,0.49139352453282703,False,"[12644, 15047, 1061, 2, 6355, 286, 1716, 2730, 302, 39339, 75, 499]"
M00,KYOw16716,2,2,14,80056,13,0.41123713400619566,False,"[1285, 6, 32922, 1906, 798, 22989, 3003, 3587, 0, 1035, 332, 2496, 9, 9688]"
M00,KYOw16750,2,2,2,58739,2,0.9752294046544885,False,"[1455, 57284]"
M00,KYOw16750,2,2,4,58739,4,0.6834300890379476,False,"[16648, 383, 1564, 40144]"
M00,KYOw16750,2,2,6,58739,6,0.6057985324911899,False,"[35584, 18280, 15, 1356, 3259, 245]"
M00,KYOw16750,2,2,8,58739,7,0.4003472990687618,False,"[2089, 0, 128, 272, 19896, 12831, 23516, 7]"
M00,KYOw16750,2,2,10,58739,9,0.4065442040211784,False,"[120, 41, 11840, 1163, 9, 5515, 16023, 0, 23880, 148]"
M00,KYOw16750,2,2,12,58739,10,0.4685473024736546,False,"[18703, 121, 1937, 0, 27522, 0, 1040, 2676, 22, 6058, 9, 651]"
M00,KYOw16750,2,2,14,58739,13,0.392652241270706,False,"[468, 0, 23064, 887, 353, 90, 257, 12753, 11, 9777, 42, 1514, 3, 9520]"
M00,KYOw02754,2,3,2,47242,2,0.9346767706701664,False,"[44156, 3086]"
M00,KYOw02754,2,3,4,47242,4,0.8035011218830701,False,"[37959, 1805, 2877, 4601]"
M00,KYOw02754,2,3,6,47242,6,0.7317006053935058,False,"[134, 5781, 622, 34567, 5385, 753]"
M00,KYOw02754,2,3,8,47242,7,0.4848651623555311,False,"[22906, 16866, 454, 2738, 362, 0, 7, 3909]"
M00,KYOw02754,2,3,10,47242,9,0.6214597180475001,False,"[1260, 2272, 29359, 11457, 218, 309, 6, 1452, 0, 909]"
M00,KYOw02754,2,3,12,47242,8,0.44456204225053975,False,"[5628, 5760, 21002, 968, 0, 969, 0, 0, 180, 12479, 0, 256]"
M00,KYOw02754,2,3,14,47242,12,0.5973921510520299,False,"[0, 920, 0, 264, 164, 48, 8485, 196, 1, 2352, 28222, 5547, 1003, 40]"
M00,KYOw02762,2,3,2,67878,2,0.6874539615191962,False,"[46663, 21215]"
M00,KYOw02762,2,3,4,67878,4,0.6079141990040956,False,"[28, 6913, 19673, 41264]"
M00,KYOw02762,2,3,6,67878,6,0.4437372933792981,False,"[19914, 394, 16107, 6, 30120, 1337]"
M00,KYOw02762,2,3,8,67878,7,0.542119685317776,False,"[119, 0, 576, 36798, 6142, 2614, 19812, 1817]"
M00,KYOw02762,2,3,10,67878,10,0.4254986888240667,False,"[10754, 3009, 4, 7, 4716, 399, 17879, 28882, 2225, 3]"
M00,KYOw02762,2,3,12,67878,11,0.5145113291493562,False,"[1578, 177, 63, 34924, 176, 1944, 6044, 13, 236, 0, 18481, 4242]"
M00,KYOw02762,2,3,14,67878,12,0.3736704086743864,False,"[651, 1702, 11629, 1248, 228, 10004, 5, 0, 9054, 390, 0, 1468, 25364, 6135]"
M00,KYOw02763,2,3,2,102462,2,0.9577989888934434,False,"[98138, 4324]"
M00,KYOw02763,2,3,4,102462,4,0.4739610782534013,False,"[28359, 2200, 48563, 23340]"
M00,KYOw02763,2,3,6,102462,6,0.3582889266264566,False,"[32485, 2203, 1533, 36711, 28601, 929]"
M00,KYOw02763,2,3,8,102462,8,0.5325193730358572,False,"[54563, 1450, 647, 15636, 870, 238, 26971, 2087]"
M00,KYOw02763,2,3,10,102462,10,0.3949268997286799,False,"[11933, 1309, 6966, 40465, 844, 562, 27540, 12109, 232, 502]"
M00,KYOw02763,2,3,12,102462,12,0.4352930842653862,False,"[3395, 44601, 8215, 14171, 226, 542, 821, 9, 378, 8819, 20585, 700]"
M00,KYOw02763,2,3,14,102462,14,0.2887607112880873,False,"[132, 521, 1, 743, 426, 4856, 23569, 100, 23455, 29587, 6692, 3233, 9061, 86]"
M00,KYOw02764,2,3,2,105716,2,0.9829448711642514,False,"[103913, 1803]"
M00,KYOw02764,2,3,4,105716,4,0.878864126527678,False,"[6464, 1107, 92910, 5235]"
M00,KYOw02764,2,3,6,105716,6,0.7008967422149911,False,"[74096, 1354, 256, 19323, 10209, 478]"
M00,KYOw02764,2,3,8,105716,8,0.5855972605849635,False,"[38557, 207, 54, 2831, 24, 7, 61907, 2129]"
M00,KYOw02764,2,3,10,105716,10,0.598953800749177,False,"[22312, 1619, 12813, 4673, 12, 7, 63319, 743, 8, 210]"
M00,KYOw02764,2,3,12,105716,11,0.5633489727193614,False,"[1454, 16597, 24501, 2330, 0, 1013, 113, 92, 3, 48, 59555, 10]"
M00,KYOw02764,2,3,14,105716,12,0.7076979832759469,False,"[0, 982, 74815, 3, 0, 144, 343, 114, 5810, 14332, 5448, 1528, 2173, 24]"
M00,KYOw02770,2,3,2,33403,2,0.8959674280753226,False,"[29928, 3475]"
M00,KYOw02770,2,3,4,33403,4,0.5142053109002186,False,"[1779, 1659, 12789, 17176]"
M00,KYOw02770,2,3,6,33403,6,0.6095260904709158,False,"[9106, 583, 1567, 1012, 20360, 775]"
M00,KYOw02770,2,3,8,33403,8,0.3937071520522109,False,"[9580, 17, 443, 13151, 765, 14, 8154, 1279]"
M00,KYOw02770,2,3,10,33403,10,0.3794269975750681,False,"[12674, 1438, 2824, 608, 461, 217, 7460, 7693, 12, 16]"
M00,KYOw02770,2,3,12,33403,11,0.3691883962518337,False,"[1604, 4243, 6283, 12332, 0, 941, 69, 1, 124, 18, 7208, 580]"
M00,KYOw02770,2,3,14,33403,12,0.348980630482292,False,"[0, 885, 5603, 264, 108, 90, 120, 0, 4675, 5424, 1901, 1720, 11657, 956]"
M00,KYOw02771,2,3,2,114096,2,0.9864763006590941,False,"[112553, 1543]"
M00,KYOw02771,2,3,4,114096,4,0.7719727247230402,False,"[88079, 838, 22914, 2265]"
M00,KYOw02771,2,3,6,114096,6,0.8260762866358154,False,"[11257, 5629, 271, 94252, 2442, 245]"
M00,KYOw02771,2,3,8,114096,8,0.5041368671995513,False,"[42999, 57520, 66, 1670, 92, 1, 9357, 2391]"
M00,KYOw02771,2,3,10,114096,10,0.7628926518019913,False,"[836, 1308, 10065, 87043, 43, 24, 6378, 1558, 1, 6840]"
M00,KYOw02771,2,3,12,114096,11,0.6402152573271631,False,"[4169, 26741, 5786, 803, 0, 546, 18, 3, 8, 73046, 2907, 69]"
M00,KYOw02771,2,3,14,114096,14,0.7579669751787969,False,"[1, 560, 12, 22, 6, 845, 86481, 1989, 6155, 4478, 9275, 3873, 283, 116]"
M00,KYOw02789,2,3,2,125946,2,0.9999920600892446,False,"[1, 125945]"
M00,KYOw02789,2,3,4,125946,2,0.9998809013386689,False,"[0, 125931, 0, 15]"
M00,KYOw02789,2,3,6,125946,2,0.8989566957267401,False,"[0, 0, 113220, 0, 0, 12726]"
M00,KYOw02789,2,3,8,125946,4,0.9597764121131278,False,"[0, 0, 5022, 1, 120880, 43, 0, 0]"
M00,KYOw02789,2,3,10,125946,5,0.9669620313467676,False,"[0, 51, 0, 0, 121785, 4069, 0, 2, 39, 0]"
M00,KYOw02789,2,3,12,125946,5,0.9575294173693488,False,"[0, 0, 0, 0, 298, 239, 16, 0, 4796, 0, 0, 120597]"
M00,KYOw02789,2,3,14,125946,6,0.9858113794800947,False,"[29, 88, 0, 124159, 1659, 1, 0, 0, 0, 0, 0, 0, 0, 10]"
M00,KYOw16714,2,3,2,46127,2,0.9675027641077893,False,"[44628, 1499]"
M00,KYOw16714,2,3,4,46127,4,0.4392221475491578,False,"[20260, 946, 14980, 9941]"
M00,KYOw16714,2,3,6,46127,6,0.4431677759229952,False,"[10141, 1363, 468, 20442, 13415, 298]"
M00,KYOw16714,2,3,8,46127,8,0.5986515489843259,False,"[27614, 1702, 87, 6884, 158, 1, 8151, 1530]"
M00,KYOw16714,2,3,10,46127,9,0.34476553862163156,False,"[4543, 1074, 15903, 11058, 66, 26, 8638, 4731, 0, 88]"
M00,KYOw16714,2,3,12,46127,10,0.3286144774210332,False,"[2402, 13206, 15158, 5495, 0, 583, 14, 0, 7, 4378, 4759, 125]"
M00,KYOw16714,2,3,14,46127,12,0.3039868189997182,False,"[0, 570, 0, 53, 6, 43, 6499, 1, 6483, 9604, 14022, 2345, 6318, 183]"
M00,KYOw16716,2,3,2,80056,2,0.9708828819826122,False,"[77725, 2331]"
M00,KYOw16716,2,3,4,80056,4,0.5942340361746777,False,"[47572, 1550, 24193, 6741]"
M00,KYOw16716,2,3,6,80056,6,0.6644723693414609,False,"[14765, 1943, 978, 53195, 8696, 479]"
M00,KYOw16716,2,3,8,80056,8,0.611347057060058,False,"[48942, 12433, 151, 3959, 511, 14, 11940, 2106]"
M00,KYOw16716,2,3,10,80056,10,0.5469546317577696,False,"[3329, 1616, 15861, 43787, 335, 50, 11985, 2708, 13, 372]"
M00,KYOw16716,2,3,12,80056,10,0.35069201558908764,False,"[3160, 22431, 14771, 2721, 0, 911, 44, 0, 18, 28075, 7553, 372]"
M00,KYOw16716,2,3,14,80056,13,0.4651868691915659,False,"[0, 868, 252, 288, 12, 369, 37241, 27, 10121, 10021, 15213, 3099, 2378, 167]"
M00,KYOw16750,2,3,2,58739,2,0.9783789305231618,False,"[57469, 1270]"
M00,KYOw16750,2,3,4,58739,4,0.52283831866392,False,"[17697, 622, 30711, 9709]"
M00,KYOw16750,2,3,6,58739,6,0.37058853572583805,False,"[21768, 2525, 241, 21744, 12342, 119]"
M00,KYOw16750,2,3,8,58739,8,0.3745211869456409,False,"[21999, 7208, 19, 10006, 71, 3, 18014, 1419]"
M00,KYOw16750,2,3,10,58739,9,0.4795961797102436,False,"[3154, 865, 341, 28171, 34, 6, 16920, 8298, 0, 950]"
M00,KYOw16750,2,3,12,58739,11,0.49747186707298385,False,"[2718, 29221, 185, 6617, 0, 346, 255, 15, 4, 10185, 9123, 70]"
M00,KYOw16750,2,3,14,58739,12,0.40334360476004016,False,"[0, 375, 0, 25, 4, 1070, 23692, 332, 14023, 12680, 171, 2520, 3614, 233]"
M00,KYOw02715,3,1,2,65124,2,0.9724064860880781,False,"[1797, 63327]"
M00,KYOw02715,3,1,4,65124,4,0.9613506541367238,False,"[332, 62607, 37, 2148]"
M00,KYOw02715,3,1,6,65124,4,0.5971377679503715,False,"[24693, 1283, 260, 38888, 0, 0]"
M00,KYOw02715,3,1,8,65124,6,0.6087771021436029,False,"[701, 0, 39646, 23283, 0, 370, 2, 1122]"
M00,KYOw02715,3,1,10,65124,6,0.492890485842393,False,"[0, 113, 32099, 1520, 22196, 0, 6, 0, 9190, 0]"
M00,KYOw02715,3,1,12,65124,8,0.597122412628217,False,"[5633, 2, 18, 0, 0, 236, 2412, 17448, 0, 38887, 488, 0]"
M00,KYOw02715,3,1,14,65124,10,0.5022572323567348,False,"[2338, 0, 36, 12673, 19, 0, 5, 2, 0, 32709, 531, 0, 16600, 211]"
M00,KYOw02716,3,1,2,62799,2,0.9619261453207854,False,"[2391, 60408]"
M00,KYOw02716,3,1,4,62799,4,0.5447379735346104,False,"[23726, 34209, 11, 4853]"
M00,KYOw02716,3,1,6,62799,6,0.7812226309336135,False,"[49060, 1520, 11250, 800, 2, 167]"
M00,KYOw02716,3,1,8,62799,7,0.9196802496855045,False,"[57755, 144, 378, 765, 2, 2468, 0, 1287]"
M00,KYOw02716,3,1,10,62799,8,0.7976400898103473,False,"[16, 1470, 8597, 1853, 507, 0, 0, 1, 50091, 264]"
M00,KYOw02716,3,1,12,62799,11,0.5258204748483256,False,"[292, 0, 19497, 1, 9, 299, 2601, 6566, 117, 160, 33021, 236]"
M00,KYOw02716,3,1,14,62799,12,0.5184318221627733,False,"[2634, 9, 8, 8091, 18331, 207, 19, 0, 0, 208, 32557, 99, 348, 288]"
M00,KYOw02717,3,1,2,82044,2,0.962861391448491,False,"[3047, 78997]"
M00,KYOw02717,3,1,4,82044,4,0.7824581931646434,False,"[13716, 64196, 26, 4106]"
M00,KYOw02717,3,1,6,82044,6,0.7985958753839403,False,"[65520, 1176, 3986, 11181, 17, 164]"
M00,KYOw02717,3,1,8,82044,8,0.7065720832723904,False,"[11425, 146, 57970, 8636, 14, 2923, 12, 918]"
M00,KYOw02717,3,1,10,82044,8,0.6408390619667496,False,"[16, 2671, 52577, 1576, 4558, 0, 0, 12, 20434, 200]"
M00,KYOw02717,3,1,12,82044,11,0.6175101165228414,False,"[2159, 0, 437, 6, 11, 205, 2851, 18628, 880, 50663, 5878, 326]"
M00,KYOw02717,3,1,14,82044,13,0.6054190434401053,False,"[2811, 11, 4, 18626, 332, 218, 17, 0, 9, 49671, 5857, 906, 3381, 201]"
M00,KYOw02756,3,1,2,101107,2,0.9520409071577636,False,"[4849, 96258]"
M00,KYOw02756,3,1,4,101107,4,0.8150770965412879,False,"[12231, 82410, 133, 6333]"
M00,KYOw02756,3,1,6,101107,6,0.6879939074445884,False,"[69561, 2791, 3827, 23839, 27, 1062]"
M00,KYOw02756,3,1,8,101107,8,0.6020255768641143,False,"[13627, 681, 60869, 20098, 18, 3586, 59, 2169]"
M00,KYOw02756,3,1,10,101107,10,0.5240388894933091,False,"[2, 1829, 33975, 3176, 7185, 102, 48, 30, 52984, 1776]"
M00,KYOw02756,3,1,12,101107,11,0.5663406094533514,False,"[2914, 52, 586, 0, 14, 664, 4778, 57261, 192, 29193, 2922, 2531]"
M00,KYOw02756,3,1,14,101107,13,0.5429693295221893,False,"[4752, 10, 10, 54898, 393, 1960, 4, 45, 0, 28438, 2843, 190, 6997, 567]"
M00,KYOw02758,3,1,2,72279,2,0.9103474038102354,False,"[6480, 65799]"
M00,KYOw02758,3,1,4,72279,4,0.6393696647712337,False,"[17730, 46213, 1744, 6592]"
M00,KYOw02758,3,1,6,72279,6,0.66270977739039,False,"[47900, 1004, 10157, 4120, 1526, 7572]"
M00,KYOw02758,3,1,8,72279,7,0.5996070781278103,False,"[43339, 7075, 9669, 2699, 1177, 7474, 0, 846]"
M00,KYOw02758,3,1,10,72279,9,0.6268349036372943,False,"[274, 5916, 5605, 1418, 151, 2707, 0, 1245, 45307, 9656]"
M00,KYOw02758,3,1,12,72279,11,0.33925483197055856,False,"[20, 0, 5568, 790, 753, 350, 1831, 24521, 3958, 3990, 20837, 9661]"
M00,KYOw02758,3,1,14,72279,13,0.3368474937395371,False,"[1889, 710, 999, 24347, 5242, 9269, 5, 0, 331, 4541, 20978, 3640, 209, 119]"
M00,KYOw02760,3,1,2,50128,2,0.9849385572933291,False,"[755, 49373]"
M00,KYOw02760,3,1,4,50128,4,0.668927545483562,False,"[33532, 15308, 2, 1286]"
M00,KYOw02760,3,1,6,50128,5,0.6663341844877114,False,"[33402, 413, 1100, 967, 0, 14246]"
M00,KYOw02760,3,1,8,50128,6,0.365743696137887,False,"[18334, 13968, 15998, 773, 0, 738, 0, 317]"
M00,KYOw02760,3,1,10,50128,8,0.37458107245451644,False,"[4, 487, 12894, 515, 210, 44, 0, 0, 18777, 17197]"
M00,KYOw02760,3,1,12,50128,10,0.3626915097350782,False,"[103, 0, 10861, 0, 15, 27, 900, 11930, 138, 5871, 2102, 18181]"
M00,KYOw02760,3,1,14,50128,12,0.3478495052665177,False,"[909, 11, 3, 13602, 8457, 17437, 8, 0, 0, 7328, 2082, 139, 128, 24]"
M00,KYOw02780,3,1,2,56464,2,0.9888778690847265,False,"[628, 55836]"
M00,KYOw02780,3,1,4,56464,4,0.5724355341456503,False,"[22861, 32322, 2, 1279]"
M00,KYOw02780,3,1,6,56464,5,0.5653690847265515,False,"[31923, 379, 843, 19104, 0, 4215]"
M00,KYOw02780,3,1,8,56464,6,0.38247378860867104,False,"[13448, 3365, 21596, 17369, 0, 417, 0, 269]"
M00,KYOw02780,3,1,10,56464,6,0.41249291584018133,False,"[0, 338, 23291, 490, 15796, 0, 0, 0, 9865, 6684]"
M00,KYOw02780,3,1,12,56464,8,0.2668603003683763,False,"[15068, 0, 13566, 0, 0, 20, 1136, 4397, 0, 11090, 2745, 8442]"
M00,KYOw02780,3,1,14,56464,9,0.25966987815245113,False,"[977, 0, 0, 5059, 12674, 7387, 14662, 0, 0, 12451, 2573, 0, 658, 23]"
M00,KYOw02784,3,1,2,117549,2,0.9958825681205284,False,"[484, 117065]"
M00,KYOw02784,3,1,4,117549,3,0.8010786990956963,False,"[22432, 94166, 0, 951]"
M00,KYOw02784,3,1,6,117549,5,0.5116249393869791,False,"[60141, 305, 840, 47834, 0, 8429]"
M00,KYOw02784,3,1,8,117549,6,0.47735837820823657,False,"[18561, 7108, 56113, 35014, 0, 501, 0, 252]"
M00,KYOw02784,3,1,10,117549,6,0.3877021497418098,False,"[0, 270, 45574, 452, 29703, 0, 0, 0, 31228, 10322]"
M00,KYOw02784,3,1,12,117549,9,0.43952734604292676,False,"[16176, 0, 2366, 0, 0, 49, 952, 17565, 4, 51666, 17271, 11500]"
M00,KYOw02784,3,1,14,117549,10,0.38315085623867495,False,"[938, 0, 0, 13908, 2010, 10683, 110, 0, 0, 45039, 17892, 5, 26926, 38]"
M00,KYOw02790,3,1,2,26249,2,0.6054325879081108,False,"[10357, 15892]"
M00,KYOw02790,3,1,4,26249,4,0.5248199931425959,False,"[3090, 7901, 1482, 13776]"
M00,KYOw02790,3,1,6,26249,6,0.7385043239742466,False,"[1497, 2786, 19385, 2142, 396, 43]"
M00,KYOw02790,3,1,8,26249,8,0.5680978322983733,False,"[6994, 23, 25, 1512, 280, 14912, 29, 2474]"
M00,KYOw02790,3,1,10,26249,8,0.7341993980723075,False,"[0, 19272, 843, 2930, 1717, 0, 81, 369, 617, 420]"
M00,KYOw02790,3,1,12,26249,11,0.5746885595641739,False,"[831, 27, 13, 223, 0, 1878, 3104, 1, 5026, 1, 15085, 60]"
M00,KYOw02790,3,1,14,26249,12,0.5695074098060878,False,"[2925, 0, 587, 0, 15, 60, 552, 27, 25, 1, 14949, 5346, 173, 1589]"
M00,KYOw16702,3,1,2,33939,2,0.8719761925808067,False,"[4345, 29594]"
M00,KYOw16702,3,1,4,33939,4,0.5169568932496538,False,"[11258, 17545, 1171, 3965]"
M00,KYOw16702,3,1,6,33939,6,0.6021391319720676,False,"[20436, 638, 5715, 2148, 1063, 3939]"
M00,KYOw16702,3,1,8,33939,7,0.6680515041692449,False,"[22673, 3117, 1015, 1739, 700, 4150, 0, 545]"
M00,KYOw16702,3,1,10,33939,8,0.5865228792834203,False,"[0, 3409, 669, 919, 689, 136, 0, 794, 19906, 7417]"
M00,KYOw16702,3,1,12,33939,11,0.43513362208668493,False,"[249, 0, 1357, 456, 6, 248, 1323, 5499, 2935, 167, 14768, 6931]"
M00,KYOw16702,3,1,14,33939,13,0.4407319013524264,False,"[1285, 5, 746, 5133, 1289, 6804, 6, 0, 110, 212, 14958, 2745, 578, 68]"
M00,KYOw02715,3,2,2,65124,2,0.9721454456114489,False,"[63310, 1814]"
M00,KYOw02715,3,2,4,65124,3,0.8558749462563725,False,"[55738, 0, 726, 8660]"
M00,KYOw02715,3,2,6,65124,6,0.5814446287083103,False,"[1, 9, 37866, 365, 25506, 1377]"
M00,KYOw02715,3,2,8,65124,8,0.5368834838154904,False,"[28130, 6, 1, 1, 1357, 1, 34964, 664]"
M00,KYOw02715,3,2,10,65124,9,0.5529451507892635,False,"[2315, 1, 1, 36010, 24049, 4, 258, 0, 2484, 2]"
M00,KYOw02715,3,2,12,65124,8,0.4794852896013758,False,"[0, 7034, 349, 2166, 31226, 0, 53, 6, 18054, 0, 6236, 0]"
M00,KYOw02715,3,2,14,65124,11,0.7167250168908543,False,"[37, 1867, 0, 623, 0, 8, 24, 0, 4878, 643, 219, 10148, 1, 46676]"
M00,KYOw02716,3,2,2,62799,2,0.9623879361136324,False,"[60437, 2362]"
M00,KYOw02716,3,2,4,62799,4,0.6158856032739375,False,"[23000, 25, 1097, 38677]"
M00,KYOw02716,3,2,6,62799,6,0.7319543304829694,False,"[165, 1, 855, 14207, 45966, 1605]"
M00,KYOw02716,3,2,8,62799,7,0.5427952674405644,False,"[34087, 0, 60, 157, 1563, 1, 585, 26346]"
M00,KYOw02716,3,2,10,62799,8,0.9024665997866208,False,"[56674, 352, 646, 1674, 310, 0, 347, 13, 2783, 0]"
M00,KYOw02716,3,2,12,62799,10,0.8856191977579261,False,"[168, 290, 426, 3101, 290, 14, 55616, 0, 1110, 0, 1752, 32]"
M00,KYOw02716,3,2,14,62799,12,0.4952148919568783,False,"[10, 2641, 11, 23220, 140, 470, 1, 0, 2640, 975, 31099, 1430, 0, 162]"
M00,KYOw02717,3,2,2,82044,2,0.9632392374823265,False,"[79028, 3016]"
M00,KYOw02717,3,2,4,82044,4,0.5416361952123251,False,"[44438, 46, 1575, 35985]"
M00,KYOw02717,3,2,6,82044,6,0.7414436156208863,False,"[162, 37, 15620, 4086, 60831, 1308]"
M00,KYOw02717,3,2,8,82044,8,0.7469406659841061,False,"[61282, 43, 11, 164, 1277, 13, 13376, 5878]"
M00,KYOw02717,3,2,10,82044,9,0.6911291502120813,False,"[10540, 353, 1867, 56703, 9306, 22, 250, 11, 2992, 0]"
M00,KYOw02717,3,2,12,82044,11,0.5763248988347716,False,"[133, 2078, 318, 3175, 47284, 16, 4021, 21, 18151, 0, 6174, 673]"
M00,KYOw02717,3,2,14,82044,13,0.3596484813027156,False,"[4, 29507, 5, 4697, 94, 1184, 0, 84, 4992, 610, 2021, 19454, 17, 19375]"
M00,KYOw02756,3,2,2,101107,2,0.9511309800508372,False,"[96166, 4941]"
M00,KYOw02756,3,2,4,101107,4,0.7497502645711969,False,"[75805, 40, 2812, 22450]"
M00,KYOw02756,3,2,6,101107,6,0.47619848279545435,False,"[837, 24, 45747, 3294, 48147, 3058]"
M00,KYOw02756,3,2,8,101107,8,0.5175210420643477,False,"[52325, 20, 39, 827, 2976, 64, 39521, 5335]"
M00,KYOw02756,3,2,10,101107,10,0.46064070736942053,False,"[12306, 2268, 678, 46574, 33195, 1, 779, 25, 5248, 33]"
M00,KYOw02756,3,2,12,101107,12,0.6064070736942051,False,"[1062, 2797, 874, 5360, 23866, 1, 1416, 4, 61312, 94, 4100, 221]"
M00,KYOw02756,3,2,14,101107,14,0.6018673286716053,False,"[12, 19184, 6, 1870, 744, 716, 82, 14, 8063, 1644, 513, 60853, 11, 7395]"
M00,KYOw02758,3,2,2,72279,2,0.9108593090662571,False,"[65836, 6443]"
M00,KYOw02758,3,2,4,72279,4,0.5978915037562778,False,"[43215, 1560, 4908, 22596]"
M00,KYOw02758,3,2,6,72279,6,0.5683116811245313,False,"[7506, 1440, 9975, 11122, 41077, 1159]"
M00,KYOw02758,3,2,8,72279,6,0.49307544376651585,False,"[35639, 1585, 0, 7647, 1208, 0, 5496, 20704]"
M00,KYOw02758,3,2,10,72279,9,0.596687834640767,False,"[43128, 10471, 5605, 6383, 2123, 1089, 374, 830, 2276, 0]"
M00,KYOw02758,3,2,12,72279,12,0.2794310934019563,False,"[8724, 15, 325, 4380, 2081, 230, 18470, 1148, 20197, 1842, 12851, 2016]"
M00,KYOw02758,3,2,14,72279,13,0.33944852585121543,False,"[7, 7182, 506, 14043, 7536, 4277, 0, 187, 3444, 731, 8703, 24535, 767, 361]"
M00,KYOw02760,3,2,2,50128,2,0.9850383019470157,False,"[49378, 750]"
M00,KYOw02760,3,2,4,50128,4,0.7429181295882541,False,"[11132, 1545, 210, 37241]"
M00,KYOw02760,3,2,6,50128,6,0.6493775933609959,False,"[14259, 1, 1710, 1157, 32552, 449]"
M00,KYOw02760,3,2,8,50128,7,0.637069103096074,False,"[31935, 2, 24, 14508, 425, 0, 1109, 2125]"
M00,KYOw02760,3,2,10,50128,8,0.3628311522502394,False,"[17059, 18188, 233, 13079, 505, 0, 41, 16, 1007, 0]"
M00,KYOw02760,3,2,12,50128,11,0.31255984679221194,False,"[15668, 91, 57, 1017, 11558, 3, 11061, 0, 9560, 19, 975, 119]"
M00,KYOw02760,3,2,14,50128,12,0.30741302266198534,False,"[3, 15410, 2, 640, 14011, 200, 0, 1, 1282, 189, 6010, 12271, 0, 109]"
M00,KYOw02780,3,2,2,56464,2,0.988258005100595,False,"[55801, 663]"
M00,KYOw02780,3,2,4,56464,3,0.502568007934259,False,"[28377, 0, 126, 27961]"
M00,KYOw02780,3,2,6,56464,5,0.600878435817512,False,"[3684, 0, 17518, 913, 33928, 421]"
M00,KYOw02780,3,2,8,56464,6,0.6009138566166052,False,"[33930, 0, 12, 3782, 391, 0, 16722, 1627]"
M00,KYOw02780,3,2,10,56464,7,0.3920196939642958,False,"[10187, 8452, 27, 22135, 14351, 0, 27, 0, 1285, 0]"
M00,KYOw02780,3,2,12,56464,9,0.36950977614054975,False,"[5337, 10908, 37, 1133, 20864, 0, 6997, 0, 6197, 0, 4984, 7]"
M00,KYOw02780,3,2,14,56464,10,0.3847761405497308,False,"[4427, 21726, 0, 1441, 3292, 31, 0, 0, 2037, 118, 5063, 8368, 0, 9961]"
M00,KYOw02784,3,2,2,117549,2,0.9958740610298684,False,"[117064, 485]"
M00,KYOw02784,3,2,4,117549,4,0.6890403151026381,False,"[80996, 19, 185, 36349]"
M00,KYOw02784,3,2,6,117549,5,0.5390943351283295,False,"[8219, 0, 44917, 701, 63370, 342]"
M00,KYOw02784,3,2,8,117549,6,0.5512849960442029,False,"[64803, 0, 751, 8183, 337, 0, 40914, 2561]"
M00,KYOw02784,3,2,10,117549,7,0.4345421909161286,False,"[23134, 11686, 64, 51080, 30507, 0, 62, 0, 1016, 0]"
M00,KYOw02784,3,2,12,117549,9,0.28897736263175355,False,"[9182, 16369, 72, 894, 33969, 0, 7948, 0, 17745, 0, 31368, 2]"
M00,KYOw02784,3,2,14,117549,10,0.39132617036299755,False,"[50, 22327, 0, 13585, 7763, 73, 0, 0, 5015, 207, 5367, 17162, 0, 46000]"
M00,KYOw02790,3,2,2,26249,2,0.5704598270410302,False,"[14974, 11275]"
M00,KYOw02790,3,2,4,26249,3,0.4293877862013791,False,"[11271, 0, 7414, 7564]"
M00,KYOw02790,3,2,6,26249,6,0.7916873023734238,False,"[35, 364, 687, 20781, 1536, 2846]"
M00,KYOw02790,3,2,8,26249,7,0.8293649281877404,False,"[913, 374, 0, 34, 2882, 50, 226, 21770]"
M00,KYOw02790,3,2,10,26249,9,0.6730161148996152,False,"[2467, 401, 17666, 20, 192, 260, 1963, 0, 3265, 15]"
M00,KYOw02790,3,2,12,26249,9,0.2433616518724523,False,"[92, 221, 2048, 6230, 0, 0, 5740, 256, 2, 0, 6388, 5272]"
M00,KYOw02790,3,2,14,26249,12,0.48687569050249535,False,"[811, 2, 0, 12780, 57, 9169, 192, 5, 812, 2236, 3, 0, 179, 3]"
M00,KYOw16702,3,2,2,33939,2,0.8732137069448127,False,"[29636, 4303]"
M00,KYOw16702,3,2,4,33939,4,0.4950941394855476,False,"[16803, 52, 3696, 13388]"
M00,KYOw16702,3,2,6,33939,6,0.5294204307728572,False,"[3851, 1139, 3503, 6787, 17968, 691]"
M00,KYOw16702,3,2,8,33939,7,0.381272282624709,False,"[12940, 1508, 0, 4137, 737, 5, 1776, 12836]"
M00,KYOw16702,3,2,10,33939,9,0.5705235864344854,False,"[19363, 7045, 3151, 750, 981, 744, 260, 11, 1634, 0]"
M00,KYOw16702,3,2,12,33939,11,0.37095966292465893,False,"[5245, 158, 214, 2252, 20, 0, 12590, 866, 4101, 51, 6368, 2074]"
M00,KYOw16702,3,2,14,33939,12,0.2919944606499897,False,"[3, 2315, 0, 9910, 5533, 2883, 0, 43, 2249, 540, 3835, 6111, 494, 23]"
M00,KYOw02715,3,3,2,65124,2,0.9753547079417726,False,"[63519, 1605]"
M00,KYOw02715,3,3,4,65124,4,0.5578434985565998,False,"[36329, 324, 28465, 6]"
M00,KYOw02715,3,3,6,65124,6,0.5962932252318653,False,"[1326, 38833, 1, 2, 24690, 272]"
M00,KYOw02715,3,3,8,65124,7,0.5528837295006449,False,"[36006, 2, 15611, 24, 12159, 1230, 92, 0]"
M00,KYOw02715,3,3,10,65124,8,0.7607794361525705,False,"[49545, 0, 1, 306, 13204, 862, 0, 17, 4, 1185]"
M00,KYOw02715,3,3,12,65124,10,0.4407591671273263,False,"[0, 2, 266, 2296, 28704, 28, 11825, 51, 1, 21949, 0, 2]"
M00,KYOw02715,3,3,14,65124,11,0.5888305386647011,False,"[264, 0, 75, 0, 35, 21201, 453, 6, 1, 2522, 1, 0, 2219, 38347]"
M00,KYOw02716,3,3,2,62799,2,0.9678179588846956,False,"[60778, 2021]"
M00,KYOw02716,3,3,4,62799,4,0.9260338540422618,False,"[3818, 631, 58154, 196]"
M00,KYOw02716,3,3,6,62799,6,0.7004570136467141,False,"[1586, 867, 156, 1, 43988, 16201]"
M00,KYOw02716,3,3,8,62799,7,0.8081338874822848,False,"[163, 0, 9606, 469, 177, 1505, 50750, 129]"
M00,KYOw02716,3,3,10,62799,7,0.9211293173458176,False,"[159, 17, 0, 1916, 589, 57846, 0, 0, 802, 1470]"
M00,KYOw02716,3,3,12,62799,11,0.7941846207742161,False,"[16, 0, 306, 2848, 86, 18, 8882, 49874, 222, 212, 1, 334]"
M00,KYOw02716,3,3,14,62799,12,0.7058711125973344,False,"[44328, 0, 186, 17, 19, 184, 441, 0, 195, 3515, 246, 7, 13573, 88]"
M00,KYOw02717,3,3,2,82044,2,0.9675174296718834,False,"[79379, 2665]"
M00,KYOw02717,3,3,4,82044,4,0.7751206669591927,False,"[17260, 1011, 63594, 179]"
M00,KYOw02717,3,3,6,82044,6,0.721734678952757,False,"[1278, 17793, 115, 25, 59214, 3619]"
M00,KYOw02717,3,3,8,82044,8,0.6441909219443226,False,"[52852, 11, 18237, 1559, 3475, 1151, 4652, 107]"
M00,KYOw02717,3,3,10,82044,10,0.6818902052557164,False,"[55945, 17, 11, 2450, 7715, 13109, 182, 1, 1501, 1113]"
M00,KYOw02717,3,3,12,82044,11,0.5945590171127687,False,"[12, 0, 228, 2792, 48780, 6, 18308, 4025, 320, 5944, 9, 1620]"
M00,KYOw02717,3,3,14,82044,13,0.4414948076641802,False,"[7074, 7, 54, 14, 12, 13595, 384, 0, 1301, 3445, 613, 173, 36222, 19150]"
M00,KYOw02756,3,3,2,101107,2,0.9533761262820576,False,"[96393, 4714]"
M00,KYOw02756,3,3,4,101107,4,0.6123611619373535,False,"[35789, 2140, 61914, 1264]"
M00,KYOw02756,3,3,6,101107,6,0.5548577249844224,False,"[3173, 37300, 512, 21, 56100, 4001]"
M00,KYOw02756,3,3,8,101107,8,0.5066612598534226,False,"[51227, 18, 36977, 1139, 6473, 2892, 2058, 323]"
M00,KYOw02756,3,3,10,101107,10,0.5772003916642765,False,"[58359, 33, 17, 3209, 14465, 14421, 22, 61, 7923, 2597]"
M00,KYOw02756,3,3,12,101107,11,0.4284767622419813,False,"[32, 30, 730, 5063, 43322, 19, 34759, 1745, 3118, 11641, 0, 648]"
M00,KYOw02756,3,3,14,101107,13,0.33828518302392513,False,"[4975, 0, 193, 31, 44, 34203, 1225, 85, 488, 5788, 6116, 17, 26031, 21911]"
M00,KYOw02758,3,3,2,72279,2,0.9135018470095049,False,"[66027, 6252]"
M00,KYOw02758,3,3,4,72279,4,0.6929260227728663,False,"[9903, 4597, 50084, 7695]"
M00,KYOw02758,3,3,6,72279,6,0.6013641583309122,False,"[1357, 9495, 6106, 1378, 43466, 10477]"
M00,KYOw02758,3,3,8,72279,8,0.42544860886287855,False,"[14295, 1084, 30751, 4367, 40, 1188, 15341, 5213]"
M00,KYOw02758,3,3,10,72279,9,0.5603010556316496,False,"[6765, 1333, 979, 6341, 2513, 40498, 625, 0, 12100, 1125]"
M00,KYOw02758,3,3,12,72279,11,0.42991740339517703,False,"[1125, 0, 382, 2577, 7387, 1, 31074, 13205, 10630, 133, 989, 4776]"
M00,KYOw02758,3,3,14,72279,12,0.41018829812255286,False,"[29648, 865, 125, 1190, 0, 10704, 506, 0, 4013, 3658, 11595, 685, 7209, 2081]"
M00,KYOw02760,3,3,2,50128,2,0.9864746249601022,False,"[49450, 678]"
M00,KYOw02760,3,3,4,50128,4,0.6243217363549314,False,"[2350, 149, 31296, 16333]"
M00,KYOw02760,3,3,6,50128,5,0.651492180019151,False,"[474, 1789, 13749, 0, 32658, 1458]"
M00,KYOw02760,3,3,8,50128,7,0.31339770188317906,False,"[15710, 0, 7457, 315, 30, 383, 13217, 13016]"
M00,KYOw02760,3,3,10,50128,8,0.4680418129588254,False,"[4507, 40, 0, 669, 650, 20342, 62, 0, 23462, 396]"
M00,KYOw02760,3,3,12,50128,10,0.41579556335780404,False,"[26, 0, 32, 1058, 7005, 4, 12969, 7870, 20843, 64, 0, 257]"
M00,KYOw02760,3,3,14,50128,12,0.44988828598787106,False,"[13140, 0, 5, 32, 1, 2068, 105, 0, 155, 1350, 22552, 82, 10314, 324]"
M00,KYOw02780,3,3,2,56464,2,0.9895508642674978,False,"[55874, 590]"
M00,KYOw02780,3,3,4,56464,4,0.5926253896287901,False,"[17555, 30, 33462, 5417]"
M00,KYOw02780,3,3,6,56464,5,0.5994970246528761,False,"[444, 18345, 2691, 0, 33850, 1134]"
M00,KYOw02780,3,3,8,56464,7,0.41226268064607535,False,"[11097, 0, 7286, 194, 12132, 395, 23278, 2082]"
M00,KYOw02780,3,3,10,56464,6,0.34650396712949844,False,"[11061, 0, 0, 461, 12105, 19565, 0, 0, 12916, 356]"
M00,KYOw02780,3,3,12,56464,9,0.33325658826863136,False,"[0, 0, 29, 987, 9292, 7481, 7749, 18817, 9387, 2665, 0, 57]"
M00,KYOw02780,3,3,14,56464,10,0.3154576367242845,False,"[11550, 0, 6, 0, 8410, 4356, 67, 0, 12, 1296, 10277, 0, 17812, 2678]"
M00,KYOw02784,3,3,2,117549,2,0.996341951016172,False,"[117119, 430]"
M00,KYOw02784,3,3,4,117549,4,0.5582012607508359,False,"[43278, 121, 65616, 8534]"
M00,KYOw02784,3,3,6,117549,5,0.5350279457928183,False,"[367, 47810, 5570, 0, 62892, 910]"
M00,KYOw02784,3,3,8,117549,7,0.5325779036827195,False,"[62604, 0, 17884, 142, 24792, 328, 7457, 4342]"
M00,KYOw02784,3,3,10,117549,7,0.6116428042773652,False,"[71898, 0, 0, 423, 17268, 11855, 8, 0, 15757, 340]"
M00,KYOw02784,3,3,12,117549,9,0.43231333316319154,False,"[0, 0, 59, 992, 50818, 115, 12952, 7198, 11901, 33473, 0, 41]"
M00,KYOw02784,3,3,14,117549,11,0.4762524564224281,False,"[7311, 0, 15, 0, 191, 18739, 115, 0, 17, 1420, 13920, 35, 19803, 55983]"
M00,KYOw02790,3,3,2,26249,2,0.6197569431216428,False,"[16268, 9981]"
M00,KYOw02790,3,3,4,26249,4,0.5679073488513848,False,"[4933, 6397, 14907, 12]"
M00,KYOw02790,3,3,6,26249,6,0.6901215284391786,False,"[3119, 2132, 3, 353, 2527, 18115]"
M00,KYOw02790,3,3,8,26249,8,0.4489694845517925,False,"[273, 297, 1116, 11785, 2470, 2952, 7354, 2]"
M00,KYOw02790,3,3,10,26249,9,0.5906129757324089,False,"[315, 0, 269, 15503, 1733, 4841, 25, 159, 861, 2543]"
M00,KYOw02790,3,3,12,26249,11,0.5348775191435864,False,"[0, 7, 1987, 2898, 65, 1628, 27, 5003, 260, 97, 237, 14040]"
M00,KYOw02790,3,3,14,26249,13,0.5224199017105413,False,"[3171, 207, 794, 0, 1322, 5, 1633, 66, 13713, 3086, 478, 58, 1558, 158]"
M00,KYOw16702,3,3,2,33939,2,0.8738913933822446,False,"[29659, 4280]"
M00,KYOw16702,3,3,4,33939,4,0.658033530746339,False,"[3412, 3634, 22333, 4560]"
M00,KYOw16702,3,3,6,33939,6,0.5847550016205545,False,"[832, 2781, 2760, 1127, 19846, 6593]"
M00,KYOw16702,3,3,8,33939,8,0.3951795869059194,False,"[2749, 709, 11287, 3198, 79, 736, 13412, 1769]"
M00,KYOw16702,3,3,10,33939,9,0.523498040602257,False,"[1342, 37, 672, 3767, 1240, 17767, 394, 0, 8027, 693]"
M00,KYOw16702,3,3,12,33939,11,0.29113998644627126,False,"[23, 0, 258, 1727, 1665, 3, 9881, 8620, 7665, 219, 619, 3259]"
M00,KYOw16702,3,3,14,33939,13,0.41833878428946053,False,"[14198, 548, 57, 28, 4, 2190, 467, 0, 2879, 2277, 7776, 357, 3034, 124]"
M00,KYOw02702,4,1,2,62814,2,0.9757856528799312,False,"[61293, 1521]"
M00,KYOw02702,4,1,4,62814,4,0.4980099977711975,False,"[31282, 4644, 1, 26887]"
M00,KYOw02702,4,1,6,62814,4,0.566641194638138,False,"[15271, 1484, 35593, 0, 0, 10466]"
M00,KYOw02702,4,1,8,62814,6,0.6024771547744133,False,"[0, 37844, 902, 8040, 496, 13876, 0, 1656]"
M00,KYOw02702,4,1,10,62814,8,0.5948992262871334,False,"[1765, 117, 0, 37368, 20964, 313, 2211, 61, 15, 0]"
M00,KYOw02702,4,1,12,62814,10,0.5461202916547266,False,"[123, 34304, 1, 2774, 0, 79, 0, 4, 1740, 1718, 30, 22041]"
M00,KYOw02702,4,1,14,62814,12,0.39266723978730855,False,"[24665, 18, 1132, 777, 4928, 10489, 2823, 3, 1, 17863, 0, 103, 12, 0]"
M00,KYOw02708,4,1,2,104647,2,0.9808594608541096,False,"[102644, 2003]"
M00,KYOw02708,4,1,4,104647,4,0.4996703202194043,False,"[52289, 5233, 37, 47088]"
M00,KYOw02708,4,1,6,104647,6,0.6148289009718386,False,"[8263, 985, 64340, 1, 1057, 30001]"
M00,KYOw02708,4,1,8,104647,7,0.5187344118799392,False,"[958, 14747, 459, 54284, 2031, 29472, 0, 2696]"
M00,KYOw02708,4,1,10,104647,10,0.5932993779085879,False,"[25993, 2736, 872, 62087, 9211, 1124, 1758, 82, 782, 2]"
M00,KYOw02708,4,1,12,104647,10,0.599520292029394,False,"[2650, 62738, 0, 1736, 787, 98, 0, 234, 9429, 17700, 2349, 6926]"
M00,KYOw02708,4,1,14,104647,12,0.40655728305637046,False,"[42545, 17, 176, 589, 2789, 19274, 25209, 298, 0, 9268, 0, 2689, 1066, 727]"
M00,KYOw02768,4,1,2,65892,2,0.6936350391549809,False,"[20187, 45705]"
M00,KYOw02768,4,1,4,65892,4,0.4726825714806046,False,"[16951, 31146, 17665, 130]"
M00,KYOw02768,4,1,6,65892,6,0.35348752504097614,False,"[16996, 23292, 15527, 9987, 11, 79]"
M00,KYOw02768,4,1,8,65892,8,0.378725793723062,False,"[11, 976, 16051, 92, 24955, 15674, 8048, 85]"
M00,KYOw02768,4,1,10,65892,10,0.28766769865841074,False,"[59, 15009, 9, 1363, 454, 8, 18955, 6424, 15819, 7792]"
M00,KYOw02768,4,1,12,65892,12,0.37593334547441265,False,"[10707, 233, 1, 14189, 10, 7703, 7498, 594, 10, 45, 24771, 131]"
M00,KYOw02768,4,1,14,65892,14,0.26610210647726584,False,"[553, 3719, 45, 17534, 5293, 2, 81, 12077, 2, 4169, 7162, 15, 15230, 10]"
M00,KYOw02772,4,1,2,73211,2,0.8374697791315513,False,"[61312, 11899]"
M00,KYOw02772,4,1,4,73211,4,0.41380393656690934,False,"[27600, 13194, 2122, 30295]"
M00,KYOw02772,4,1,6,73211,6,0.39462649055469806,False,"[15036, 8695, 28891, 993, 2566, 17030]"
M00,KYOw02772,4,1,8,73211,8,0.31171545259592137,False,"[2338, 21575, 6360, 12301, 5978, 22821, 563, 1275]"
M00,KYOw02772,4,1,10,73211,10,0.2561500320990015,False,"[7140, 17228, 2189, 18753, 14060, 296, 7525, 1835, 3631, 554]"
M00,KYOw02772,4,1,12,73211,12,0.22510278510059964,False,"[16480, 13672, 112, 6274, 2086, 2469, 472, 321, 5130, 5510, 9890, 10795]"
M00,KYOw02772,4,1,14,73211,14,0.22424225867697478,False,"[7267, 876, 208, 6790, 3079, 14085, 4128, 2454, 85, 15290, 503, 103, 16417, 1926]"
M00,KYOw02787,4,1,2,106684,2,0.981149938135053,False,"[104673, 2011]"
M00,KYOw02787,4,1,4,106684,4,0.692353117618387,False,"[27806, 4977, 38, 73863]"
M00,KYOw02787,4,1,6,106684,6,0.4497019234374414,False,"[10498, 1963, 47976, 3, 5, 46239]"
M00,KYOw02787,4,1,8,106684,8,0.6563402197142965,False,"[4, 13521, 1168, 70021, 724, 17693, 4, 3549]"
M00,KYOw02787,4,1,10,106684,10,0.41838513741517,False,"[44397, 3877, 4, 44635, 9081, 1554, 2506, 220, 407, 3]"
M00,KYOw02787,4,1,12,106684,12,0.672481346781148,False,"[4707, 15539, 76, 3110, 4, 264, 4, 21, 966, 71743, 1662, 8588]"
M00,KYOw02787,4,1,14,106684,14,0.5297795358254284,False,"[20011, 108, 14380, 1199, 4320, 732, 56519, 50, 4, 8647, 3, 11, 696, 4]"
M00,KYOw16662,4,1,2,48925,2,0.9578538579458354,False,"[46863, 2062]"
M00,KYOw16662,4,1,4,48925,4,0.7068165559529893,False,"[11094, 2618, 632, 34581]"
M00,KYOw16662,4,1,6,48925,6,0.6489524782830863,False,"[2283, 1303, 12967, 355, 267, 31750]"
M00,KYOw16662,4,1,8,48925,8,0.5030352580480327,False,"[146, 4489, 884, 24611, 986, 7210, 206, 10393]"
M00,KYOw16662,4,1,10,48925,10,0.4662033725089423,False,"[22809, 3221, 56, 9627, 4705, 5863, 1260, 455, 763, 166]"
M00,KYOw16662,4,1,12,48925,11,0.35560551865099643,False,"[2845, 9022, 0, 1388, 45, 473, 109, 563, 17398, 14248, 484, 2350]"
M00,KYOw16662,4,1,14,48925,13,0.3279305058763413,False,"[7279, 318, 308, 725, 1769, 4268, 14404, 606, 0, 1339, 160, 16044, 1682, 23]"
M00,KYOw16666,4,1,2,58338,2,0.9654941890363057,False,"[56325, 2013]"
M00,KYOw16666,4,1,4,58338,4,0.4816928931399774,False,"[28101, 6555, 30, 23652]"
M00,KYOw16666,4,1,6,58338,4,0.6133566457540539,False,"[19089, 1340, 35782, 0, 0, 2127]"
M00,KYOw16666,4,1,8,58338,6,0.775309403819123,False,"[0, 45230, 794, 1528, 1511, 9084, 0, 191]"
M00,KYOw16666,4,1,10,58338,7,0.6842366896362577,False,"[0, 289, 0, 39917, 15729, 10, 1706, 174, 513, 0]"
M00,KYOw16666,4,1,12,58338,9,0.6517021495423223,False,"[206, 38019, 7, 1822, 0, 206, 0, 240, 3, 0, 584, 17251]"
M00,KYOw16666,4,1,14,58338,10,0.4732764236003977,False,"[27610, 64, 0, 818, 3243, 5691, 32, 220, 7, 20563, 0, 0, 90, 0]"
M00,KYOw16700,4,1,2,55038,2,0.9861186816381409,False,"[54274, 764]"
M00,KYOw16700,4,1,4,55038,3,0.5069588284458011,False,"[27902, 2443, 0, 24693]"
M00,KYOw16700,4,1,6,55038,4,0.6844543769759076,False,"[5999, 586, 37671, 0, 0, 10782]"
M00,KYOw16700,4,1,8,55038,6,0.43586249500345214,False,"[0, 10806, 364, 18842, 627, 23989, 0, 410]"
M00,KYOw16700,4,1,10,55038,8,0.5688978523928921,False,"[5412, 11849, 0, 31311, 5231, 99, 845, 54, 237, 0]"
M00,KYOw16700,4,1,12,55038,10,0.42739561757331296,False,"[11523, 23523, 1, 1056, 0, 68, 0, 16, 237, 12240, 702, 5672]"
M00,KYOw16700,4,1,14,55038,11,0.4373342054580472,False,"[24070, 15, 573, 388, 1755, 1455, 12930, 87, 0, 5252, 0, 4, 8509, 0]"
M00,KYOw16737,4,1,2,65693,2,0.9324890018723456,False,"[61258, 4435]"
M00,KYOw16737,4,1,4,65693,4,0.5992114837197267,False,"[14033, 11370, 926, 39364]"
M00,KYOw16737,4,1,6,65693,6,0.4301523754433501,False,"[18102, 3602, 15283, 446, 2, 28258]"
M00,KYOw16737,4,1,8,65693,8,0.35107241258581584,False,"[1, 20046, 1927, 7778, 2049, 10477, 352, 23063]"
M00,KYOw16737,4,1,10,65693,10,0.336565539707427,False,"[4301, 897, 1, 22110, 12427, 20246, 3201, 1015, 1415, 80]"
M00,KYOw16737,4,1,12,65693,12,0.25112264624845876,False,"[1028, 16497, 11632, 4174, 1, 1111, 98, 439, 7708, 6338, 4072, 12595]"
M00,KYOw16737,4,1,14,65693,14,0.22061711293440703,False,"[13858, 699, 11302, 1902, 5555, 3843, 3603, 854, 9169, 14493, 52, 55, 307, 1]"
M00,KYOw16744,4,1,2,108863,2,0.9433967463692898,False,"[102701, 6162]"
M00,KYOw16744,4,1,4,108863,4,0.49371228057283006,False,"[32950, 21665, 501, 53747]"
M00,KYOw16744,4,1,6,108863,6,0.762802788826323,False,"[83041, 3887, 21161, 102, 2, 670]"
M00,KYOw16744,4,1,8,108863,8,0.8319906671688269,False,"[1, 90573, 2593, 190, 4376, 10042, 63, 1025]"
M00,KYOw16744,4,1,10,108863,9,0.6454350881383023,False,"[128, 3114, 0, 27702, 70264, 321, 3887, 931, 2457, 59]"
M00,KYOw16744,4,1,12,108863,11,0.7590457731276926,False,"[3079, 13037, 297, 3910, 0, 1133, 38, 966, 65, 150, 3556, 82632]"
M00,KYOw16744,4,1,14,108863,13,0.7983612430302307,False,"[8241, 460, 406, 2495, 6490, 650, 54, 1253, 147, 86912, 46, 2, 1707, 0]"
M00,KYOw02702,4,2,2,62814,2,0.9801636577832967,False,"[61568, 1246]"
M00,KYOw02702,4,2,4,62814,4,0.5339892380679466,False,"[33542, 3, 24530, 4739]"
M00,KYOw02702,4,2,6,62814,5,0.8043270608463081,False,"[50523, 0, 3876, 1020, 1133, 6262]"
M00,KYOw02702,4,2,8,62814,6,0.6958002992963352,False,"[436, 43706, 10182, 0, 2407, 749, 5334, 0]"
M00,KYOw02702,4,2,10,62814,8,0.6409717578883688,False,"[9247, 2366, 1119, 1002, 34, 66, 0, 8718, 0, 40262]"
M00,KYOw02702,4,2,12,62814,10,0.5204731429299201,False,"[1729, 24329, 1, 0, 0, 85, 16, 131, 2974, 98, 758, 32693]"
M00,KYOw02702,4,2,14,62814,12,0.5048396854204477,False,"[1084, 5304, 0, 147, 3, 22, 451, 7, 0, 18120, 1247, 18, 4700, 31711]"
M00,KYOw02708,4,2,2,104647,2,0.9821877359121618,False,"[102783, 1864]"
M00,KYOw02708,4,2,4,104647,4,0.5327529695070092,False,"[55751, 56, 43086, 5754]"
M00,KYOw02708,4,2,6,104647,6,0.8163253604976731,False,"[85426, 1, 5719, 5973, 732, 6796]"
M00,KYOw02708,4,2,8,104647,8,0.5057574512408383,False,"[2202, 19823, 24900, 898, 3481, 416, 52926, 1]"
M00,KYOw02708,4,2,10,104647,10,0.5441723126319914,False,"[56946, 2115, 3876, 3110, 433, 97, 1, 20602, 877, 16590]"
M00,KYOw02708,4,2,12,104647,11,0.5129912945426052,False,"[27735, 10497, 1228, 0, 795, 1831, 315, 2773, 1628, 117, 4045, 53683]"
M00,KYOw02708,4,2,14,104647,14,0.4801762114537445,False,"[610, 2139, 813, 2908, 1230, 21, 570, 689, 1, 10008, 13421, 329, 21659, 50249]"
M00,KYOw02768,4,2,2,65892,2,0.651809020821951,False,"[22943, 42949]"
M00,KYOw02768,4,2,4,65892,4,0.46374370181509134,False,"[221, 17825, 17289, 30557]"
M00,KYOw02768,4,2,6,65892,6,0.3258513931888545,False,"[654, 9506, 172, 13555, 21471, 20534]"
M00,KYOw02768,4,2,8,65892,8,0.3422722029988466,False,"[22553, 1615, 16127, 8, 490, 16194, 167, 8738]"
M00,KYOw02768,4,2,10,65892,10,0.3837795179991501,False,"[49, 19308, 13, 25288, 399, 5983, 7331, 7392, 8, 121]"
M00,KYOw02768,4,2,12,65892,12,0.282902325016694,False,"[80, 138, 9723, 7311, 6, 18641, 316, 11313, 10823, 7193, 4, 344]"
M00,KYOw02768,4,2,14,65892,14,0.2925089540460147,False,"[12790, 3070, 6, 10315, 8870, 4160, 18, 19274, 6478, 223, 80, 233, 4, 371]"
M00,KYOw02772,4,2,2,73211,2,0.8430973487590663,False,"[61724, 11487]"
M00,KYOw02772,4,2,4,73211,4,0.4457663465872615,False,"[32635, 2443, 24310, 13823]"
M00,KYOw02772,4,2,6,73211,6,0.4027673437051809,False,"[29487, 868, 4589, 18545, 7908, 11814]"
M00,KYOw02772,4,2,8,73211,8,0.31530780893581567,False,"[6034, 23084, 20797, 2282, 2037, 6321, 12051, 605]"
M00,KYOw02772,4,2,10,73211,10,0.25340454303315074,False,"[12754, 7662, 1599, 10002, 108, 1820, 490, 18552, 2226, 17998]"
M00,KYOw02772,4,2,12,73211,12,0.23209626968624933,False,"[9320, 16992, 2379, 492, 2088, 7266, 131, 15784, 5456, 2462, 1047, 9794]"
M00,KYOw02772,4,2,14,73211,14,0.21458523992296238,False,"[6082, 3062, 2102, 15710, 1980, 992, 208, 5210, 407, 10488, 2249, 33, 15238, 9450]"
M00,KYOw02787,4,2,2,106684,2,0.9845150163098496,False,"[105032, 1652]"
M00,KYOw02787,4,2,4,106684,4,0.7201735967905215,False,"[76831, 59, 24792, 5002]"
M00,KYOw02787,4,2,6,106684,6,0.8090060365190657,False,"[86308, 4, 11194, 3578, 1536, 4064]"
M00,KYOw02787,4,2,8,106684,8,0.6333377076225113,False,"[527, 15199, 17412, 2, 4916, 1058, 67567, 3]"
M00,KYOw02787,4,2,10,106684,10,0.682660942596828,False,"[72829, 2696, 4334, 4278, 98, 248, 2, 13881, 2, 8316]"
M00,KYOw02787,4,2,12,106684,12,0.5106014022721308,False,"[54473, 7632, 16, 2, 2, 1375, 41, 3079, 3675, 325, 2153, 33911]"
M00,KYOw02787,4,2,14,106684,14,0.47480409433467063,False,"[1424, 8211, 2, 2842, 6, 131, 2907, 350, 3, 3180, 50654, 49, 1053, 35872]"
M00,KYOw16662,4,2,2,48925,2,0.9602657128257537,False,"[46981, 1944]"
M00,KYOw16662,4,2,4,48925,4,0.7195094532447623,False,"[35202, 667, 10527, 2529]"
M00,KYOw16662,4,2,6,48925,6,0.461338783852836,False,"[22571, 349, 18262, 5273, 997, 1473]"
M00,KYOw16662,4,2,8,48925,8,0.4795503321410322,False,"[996, 3873, 7736, 161, 11681, 781, 23462, 235]"
M00,KYOw16662,4,2,10,48925,10,0.4129790495656617,False,"[20205, 1072, 14851, 462, 822, 456, 158, 7203, 125, 3571]"
M00,KYOw16662,4,2,12,48925,12,0.33467552376085846,False,"[16374, 3048, 8, 139, 59, 473, 628, 3517, 1472, 479, 14699, 8029]"
M00,KYOw16662,4,2,14,48925,14,0.2876443536024527,False,"[685, 2030, 61, 3641, 1, 340, 9081, 228, 158, 1163, 14073, 676, 9707, 7081]"
M00,KYOw16666,4,2,2,58338,2,0.9702766635811992,False,"[56604, 1734]"
M00,KYOw16666,4,2,4,58338,4,0.5002571222873599,False,"[29184, 73, 21577, 7504]"
M00,KYOw16666,4,2,6,58338,5,0.7312386437656416,False,"[42659, 0, 107, 1917, 1099, 12556]"
M00,KYOw16666,4,2,8,58338,6,0.8427440090507046,False,"[1580, 49164, 6070, 0, 359, 774, 391, 0]"
M00,KYOw16666,4,2,10,58338,8,0.789228290308204,False,"[2173, 1522, 6, 2144, 442, 192, 0, 5817, 0, 46042]"
M00,KYOw16666,4,2,12,58338,10,0.5840618464808529,False,"[4, 20333, 40, 0, 0, 1345, 276, 305, 1734, 227, 1, 34073]"
M00,KYOw16666,4,2,14,58338,12,0.5534471527992046,False,"[955, 2804, 0, 369, 32, 87, 1, 450, 0, 20827, 1, 250, 275, 32287]"
M00,KYOw16700,4,2,2,55038,2,0.9885351938660561,False,"[54407, 631]"
M00,KYOw16700,4,2,4,55038,4,0.5005632472110179,False,"[24986, 2, 27550, 2500]"
M00,KYOw16700,4,2,6,55038,5,0.6624332279515971,False,"[36459, 0, 699, 13835, 476, 3569]"
M00,KYOw16700,4,2,8,55038,6,0.43191976452632724,False,"[509, 13091, 23772, 0, 561, 328, 16777, 0]"
M00,KYOw16700,4,2,10,55038,8,0.40304880264544496,False,"[20833, 834, 232, 2335, 33, 60, 0, 22183, 0, 8528]"
M00,KYOw16700,4,2,12,55038,9,0.5101566190631927,False,"[8932, 4265, 0, 0, 0, 942, 18, 11460, 1160, 85, 98, 28078]"
M00,KYOw16700,4,2,14,55038,11,0.5625931174824667,False,"[449, 2674, 0, 11411, 0, 19, 85, 440, 0, 1488, 6646, 22, 840, 30964]"
M00,KYOw16737,4,2,2,65693,2,0.9411657254197555,False,"[61828, 3865]"
M00,KYOw16737,4,2,4,65693,4,0.5938227817271247,False,"[39010, 997, 13397, 12289]"
M00,KYOw16737,4,2,6,65693,6,0.3983986117242324,False,"[22385, 352, 26172, 2733, 2687, 11364]"
M00,KYOw16737,4,2,8,65693,7,0.3557761100878328,False,"[1866, 19924, 10913, 0, 23372, 2013, 7325, 280]"
M00,KYOw16737,4,2,10,65693,9,0.336398094165284,False,"[8115, 3823, 22099, 8324, 558, 1111, 68, 8816, 0, 12779]"
M00,KYOw16737,4,2,12,65693,11,0.2991186275554473,False,"[4215, 11123, 649, 96, 0, 3445, 403, 1574, 4523, 1190, 19650, 18825]"
M00,KYOw16737,4,2,14,65693,13,0.30531411261473823,False,"[2116, 8336, 0, 1458, 512, 855, 15536, 2170, 47, 6071, 2510, 402, 5623, 20057]"
M00,KYOw16744,4,2,2,108863,2,0.9465658671908729,False,"[103046, 5817]"
M00,KYOw16744,4,2,4,108863,4,0.4830107566390785,False,"[52582, 693, 27663, 27925]"
M00,KYOw16744,4,2,6,108863,6,0.6510200894702516,False,"[27190, 106, 763, 6509, 3423, 70872]"
M00,KYOw16744,4,2,8,108863,8,0.8301718673929618,False,"[4892, 90375, 9536, 1, 1288, 2585, 117, 69]"
M00,KYOw16744,4,2,10,108863,10,0.760166447737064,False,"[220, 3821, 205, 10022, 1790, 1077, 51, 8922, 1, 82754]"
M00,KYOw16744,4,2,12,108863,12,0.6840156894445312,False,"[96, 74464, 680, 22, 1, 5285, 1039, 3598, 3743, 1262, 20, 18653]"
M00,KYOw16744,4,2,14,108863,14,0.6834461662823916,False,"[2556, 6689, 1, 3600, 635, 563, 31, 1644, 23, 74402, 82, 1027, 5, 17605]"
M00,KYOw02702,4,3,2,62814,2,0.97573789282644,False,"[61290, 1524]"
M00,KYOw02702,4,3,4,62814,4,0.5593657464896361,False,"[35136, 4798, 22875, 5]"
M00,KYOw02702,4,3,6,62814,4,0.5151558569745598,False,"[14446, 0, 14557, 0, 1452, 32359]"
M00,KYOw02702,4,3,8,62814,7,0.42030439074091763,False,"[16835, 160, 528, 26401, 1105, 16296, 1489, 0]"
M00,KYOw02702,4,3,10,62814,8,0.5346419587989939,False,"[33583, 70, 741, 36, 23024, 0, 117, 0, 2128, 3115]"
M00,KYOw02702,4,3,12,62814,10,0.6020313942751616,False,"[3802, 2352, 0, 17, 71, 9, 37816, 592, 7042, 0, 8068, 3045]"
M00,KYOw02702,4,3,14,62814,12,0.4260833572133601,False,"[1411, 1649, 26764, 11, 25988, 23, 49, 2, 6, 0, 865, 1416, 0, 4630]"
M00,KYOw02708,4,3,2,104647,2,0.9827993157950061,False,"[102847, 1800]"
M00,KYOw02708,4,3,4,104647,4,0.5236843865567097,False,"[54802, 5392, 44395, 58]"
M00,KYOw02708,4,3,6,104647,6,0.5736810419792254,False,"[8048, 1, 34350, 1202, 1012, 60034]"
M00,KYOw02708,4,3,8,104647,7,0.6729098779707015,False,"[20144, 3101, 302, 70418, 844, 7467, 2371, 0]"
M00,KYOw02708,4,3,10,104647,10,0.4891301231760108,False,"[51186, 87, 2995, 895, 10694, 2, 2919, 920, 1846, 33103]"
M00,KYOw02708,4,3,12,104647,11,0.413523560159393,False,"[16099, 1390, 0, 289, 96, 3462, 17864, 305, 43274, 739, 20386, 743]"
M00,KYOw02708,4,3,14,104647,13,0.4811795846990358,False,"[896, 23860, 50354, 1019, 15037, 20, 1891, 3, 7, 0, 575, 8158, 648, 2179]"
M00,KYOw02768,4,3,2,65892,2,0.6642991561949857,False,"[22120, 43772]"
M00,KYOw02768,4,3,4,65892,4,0.4590542099192618,False,"[190, 30248, 17523, 17931]"
M00,KYOw02768,4,3,6,65892,6,0.34899532568445335,False,"[16477, 10129, 79, 12, 22996, 16199]"
M00,KYOw02768,4,3,8,65892,8,0.35121107266435986,False,"[15, 11118, 11902, 333, 73, 10526, 23142, 8783]"
M00,KYOw02768,4,3,10,65892,10,0.28662053056516723,False,"[1879, 6253, 9, 15516, 314, 7970, 14982, 3, 18886, 80]"
M00,KYOw02768,4,3,12,65892,12,0.5416439021429005,False,"[2, 13244, 5114, 401, 6624, 35690, 114, 7, 34, 10, 4211, 441]"
M00,KYOw02768,4,3,14,65892,14,0.2871820554847326,False,"[557, 91, 1547, 18923, 75, 4140, 14681, 5, 333, 6884, 15550, 8, 5, 3093]"
M00,KYOw02772,4,3,2,73211,2,0.8414582508093046,False,"[61604, 11607]"
M00,KYOw02772,4,3,4,73211,4,0.4579776263129858,False,"[33529, 12379, 24674, 2629]"
M00,KYOw02772,4,3,6,73211,6,0.36147573452076875,False,"[11476, 856, 23049, 2681, 8685, 26464]"
M00,KYOw02772,4,3,8,73211,8,0.24576907841717774,False,"[15706, 16738, 4940, 17993, 942, 9833, 6479, 580]"
M00,KYOw02772,4,3,10,73211,10,0.22745215882859132,False,"[11686, 1811, 871, 3408, 13697, 520, 16652, 2221, 7483, 14862]"
M00,KYOw02772,4,3,12,73211,12,0.243692887680813,False,"[11071, 6201, 306, 9, 1995, 14746, 7171, 330, 10226, 1954, 17841, 1361]"
M00,KYOw02772,4,3,14,73211,14,0.2193522831268525,False,"[5410, 9568, 11032, 5032, 8512, 994, 16059, 240, 3, 370, 6250, 5331, 1708, 2702]"
M00,KYOw02787,4,3,2,106684,2,0.9820872858160549,False,"[104773, 1911]"
M00,KYOw02787,4,3,4,106684,4,0.7466817892092535,False,"[79659, 4611, 22325, 89]"
M00,KYOw02787,4,3,6,106684,6,0.511754339919763,False,"[8445, 3, 54596, 5, 1887, 41748]"
M00,KYOw02787,4,3,8,106684,8,0.716349218252034,False,"[1592, 337, 872, 76423, 14894, 11334, 1231, 1]"
M00,KYOw02787,4,3,10,106684,10,0.6144782722807544,False,"[24288, 248, 2427, 381, 7635, 1, 3874, 3, 2272, 65555]"
M00,KYOw02787,4,3,12,106684,12,0.6603614412657943,False,"[272, 2265, 1, 59, 255, 66, 446, 4679, 70450, 3, 11155, 17033]"
M00,KYOw02787,4,3,14,106684,14,0.5790277829852649,False,"[18708, 61773, 17149, 11, 71, 136, 2313, 116, 519, 1, 1207, 1003, 3, 3674]"
M00,KYOw16662,4,3,2,48925,2,0.9577516607051609,False,"[46858, 2067]"
M00,KYOw16662,4,3,4,48925,4,0.7071231476750127,False,"[34596, 2832, 10814, 683]"
M00,KYOw16662,4,3,6,48925,6,0.6461113949923352,False,"[2551, 430, 31611, 249, 1225, 12859]"
M00,KYOw16662,4,3,8,48925,8,0.4327439959121104,False,"[12511, 3214, 701, 21172, 8392, 1401, 1306, 228]"
M00,KYOw16662,4,3,10,48925,10,0.3704036791006643,False,"[8835, 437, 10867, 820, 4827, 212, 3617, 44, 1144, 18122]"
M00,KYOw16662,4,3,12,48925,12,0.35133367399080223,False,"[14119, 1204, 174, 566, 442, 586, 3586, 2869, 17189, 80, 7351, 759]"
M00,KYOw16662,4,3,14,48925,14,0.3532141032192131,False,"[726, 12025, 9000, 874, 3097, 329, 2790, 2, 6, 181, 668, 17281, 25, 1921]"
M00,KYOw16666,4,3,2,58338,2,0.9655456134937777,False,"[56328, 2010]"
M00,KYOw16666,4,3,4,58338,4,0.5539099729164524,False,"[32314, 6854, 19064, 106]"
M00,KYOw16666,4,3,6,58338,4,0.5408824436902191,False,"[20621, 0, 4829, 0, 1334, 31554]"
M00,KYOw16666,4,3,8,58338,7,0.5492817717439747,False,"[4379, 631, 505, 18553, 42, 32044, 2184, 0]"
M00,KYOw16666,4,3,10,58338,8,0.6610271178305736,False,"[38563, 181, 10, 917, 16855, 0, 219, 0, 1581, 12]"
M00,KYOw16666,4,3,12,58338,10,0.7920394939833385,False,"[63, 1494, 0, 525, 196, 174, 46206, 9, 1239, 0, 4803, 3629]"
M00,KYOw16666,4,3,14,58338,11,0.5209468956769173,False,"[1701, 6, 30391, 542, 21853, 86, 161, 10, 41, 0, 884, 0, 0, 2663]"
M00,KYOw16700,4,3,2,55038,2,0.9867546059086449,False,"[54309, 729]"
M00,KYOw16700,4,3,4,55038,4,0.5064682582942694,False,"[27875, 2429, 24727, 7]"
M00,KYOw16700,4,3,6,55038,4,0.6444638249936407,False,"[5700, 0, 13285, 0, 583, 35470]"
M00,KYOw16700,4,3,8,55038,7,0.5916821105418075,False,"[1375, 9963, 239, 32565, 485, 9642, 769, 0]"
M00,KYOw16700,4,3,10,55038,8,0.4756168465423889,False,"[26177, 54, 178, 330, 4755, 0, 10340, 0, 801, 12403]"
M00,KYOw16700,4,3,12,55038,10,0.36514771612340563,False,"[257, 737, 0, 43, 58, 160, 657, 143, 20097, 0, 19763, 13123]"
M00,KYOw16700,4,3,14,55038,12,0.36069624622987756,False,"[15403, 8184, 19852, 114, 201, 19, 9401, 9, 66, 0, 415, 97, 0, 1277]"
M00,KYOw16737,4,3,2,65693,2,0.9348332394623475,False,"[61412, 4281]"
M00,KYOw16737,4,3,4,65693,4,0.6317111412174813,False,"[41499, 10882, 12302, 1010]"
M00,KYOw16737,4,3,6,65693,6,0.46971519035513676,False,"[14619, 421, 30857, 1, 3577, 16218]"
M00,KYOw16737,4,3,8,65693,8,0.38396785045590853,False,"[3618, 390, 1784, 13321, 25224, 18564, 2631, 161]"
M00,KYOw16737,4,3,10,65693,10,0.3615605924527727,False,"[23752, 1077, 22351, 1686, 8023, 39, 416, 1, 3203, 5145]"
M00,KYOw16737,4,3,12,65693,12,0.3999208439255324,False,"[1517, 2954, 41, 621, 1109, 1084, 344, 19340, 4866, 1, 7544, 26272]"
M00,KYOw16737,4,3,14,65693,14,0.33624587094515396,False,"[22089, 2349, 16733, 614, 26, 789, 288, 11901, 1131, 36, 1932, 3427, 1, 4377]"
M00,KYOw16744,4,3,2,108863,2,0.9458126268796561,False,"[102964, 5899]"
M00,KYOw16744,4,3,4,108863,4,0.6338884653187952,False,"[69007, 19518, 19572, 766]"
M00,KYOw16744,4,3,6,108863,6,0.7831219055142702,False,"[85253, 67, 1803, 1, 4089, 17650]"
M00,KYOw16744,4,3,8,108863,8,0.8313844005768718,False,"[7037, 2459, 2061, 558, 1069, 90507, 5145, 27]"
M00,KYOw16744,4,3,10,108863,9,0.7030396002314836,False,"[21974, 1010, 368, 2475, 76535, 38, 2186, 0, 3981, 296]"
M00,KYOw16744,4,3,12,108863,12,0.520939162066083,False,"[40, 3631, 25, 1506, 1076, 844, 37672, 509, 275, 1, 6573, 56711]"
M00,KYOw16744,4,3,14,108863,13,0.5493510191708845,False,"[59804, 64, 10608, 1433, 25520, 564, 2116, 304, 922, 24, 2702, 85, 0, 4717]"
M00,KYOw02709,5,1,2,40105,2,0.9080413913477122,False,"[36417, 3688]"
M00,KYOw02709,5,1,4,40105,4,0.6958234634085525,False,"[6601, 1652, 3946, 27906]"
M00,KYOw02709,5,1,6,40105,6,0.47398080039895274,False,"[19009, 3708, 1995, 14812, 474, 107]"
M00,KYOw02709,5,1,8,40105,8,0.6029921456177534,False,"[10417, 2174, 24183, 2121, 75, 988, 101, 46]"
M00,KYOw02709,5,1,10,40105,10,0.5055978057598803,False,"[557, 79, 20277, 25, 85, 1610, 11659, 1122, 4665, 26]"
M00,KYOw02709,5,1,12,40105,12,0.6456800897643685,False,"[29, 2949, 6212, 1861, 519, 2, 280, 2024, 69, 15, 25895, 250]"
M00,KYOw02709,5,1,14,40105,13,0.4369280638324399,False,"[17523, 2394, 0, 19, 480, 2002, 30, 729, 58, 28, 68, 27, 531, 16216]"
M00,KYOw02719,5,1,2,76827,2,0.9815038983690629,False,"[75406, 1421]"
M00,KYOw02719,5,1,4,76827,4,0.8988897132518515,False,"[69059, 614, 1465, 5689]"
M00,KYOw02719,5,1,6,76827,5,0.6113866218907416,False,"[3076, 25659, 1116, 46971, 5, 0]"
M00,KYOw02719,5,1,8,76827,6,0.7654340270998478,False,"[58806, 13509, 3388, 1061, 32, 31, 0, 0]"
M00,KYOw02719,5,1,10,76827,8,0.697515196480404,False,"[202, 53588, 14499, 0, 0, 1816, 5153, 429, 1139, 1]"
M00,KYOw02719,5,1,12,76827,9,0.6319392921759277,False,"[0, 1570, 14062, 8073, 91, 48550, 3, 1243, 0, 0, 2608, 627]"
M00,KYOw02719,5,1,14,76827,11,0.6355578117068218,False,"[3747, 1502, 48828, 0, 66, 14131, 1, 5696, 44, 0, 0, 29, 83, 2700]"
M00,KYOw02759,5,1,2,74466,2,0.9647892998146805,False,"[71844, 2622]"
M00,KYOw02759,5,1,4,74466,4,0.6083178900437783,False,"[45299, 1139, 18866, 9162]"
M00,KYOw02759,5,1,6,74466,6,0.46045174979185133,False,"[6082, 22649, 1614, 34288, 9829, 4]"
M00,KYOw02759,5,1,8,74466,8,0.520868584320361,False,"[38787, 14169, 7101, 1645, 29, 8554, 4176, 5]"
M00,KYOw02759,5,1,10,74466,9,0.35675341766712326,False,"[10188, 26566, 17447, 0, 3740, 1980, 11413, 850, 2278, 4]"
M00,KYOw02759,5,1,12,74466,12,0.2959740015577579,False,"[2, 2171, 22040, 13018, 389, 17079, 5362, 2171, 3690, 4, 7957, 583]"
M00,KYOw02759,5,1,14,74466,13,0.2325893696452072,False,"[12472, 1911, 17320, 31, 8720, 16292, 13, 8871, 191, 0, 3413, 593, 383, 4256]"
M00,KYOw02767,5,1,2,152143,2,0.9455446520707492,False,"[143858, 8285]"
M00,KYOw02767,5,1,4,152143,4,0.6966209421399604,False,"[105986, 2198, 20129, 23830]"
M00,KYOw02767,5,1,6,152143,6,0.6930847952255443,False,"[8606, 105448, 5023, 28638, 4313, 115]"
M00,KYOw02767,5,1,8,152143,7,0.6823777630255746,False,"[23334, 103819, 8031, 5090, 96, 11661, 0, 112]"
M00,KYOw02767,5,1,10,152143,9,0.5034079780206779,False,"[17159, 39677, 4508, 41, 0, 76590, 9547, 1541, 3076, 4]"
M00,KYOw02767,5,1,12,152143,11,0.5785938229165982,False,"[55, 9397, 9240, 21145, 685, 13815, 4811, 4672, 0, 12, 282, 88029]"
M00,KYOw02767,5,1,14,152143,13,0.6213562240786629,False,"[246, 10495, 15802, 125, 11387, 94535, 4, 12432, 1312, 42, 0, 1300, 676, 3787]"
M00,KYOw02773,5,1,2,52618,2,0.9832756851267627,False,"[51738, 880]"
M00,KYOw02773,5,1,4,52618,4,0.7918012847314607,False,"[4689, 248, 41663, 6018]"
M00,KYOw02773,5,1,6,52618,5,0.643049906875974,False,"[4425, 390, 631, 33836, 13336, 0]"
M00,KYOw02773,5,1,8,52618,6,0.4755596944011555,False,"[21352, 333, 5282, 613, 15, 25023, 0, 0]"
M00,KYOw02773,5,1,10,52618,7,0.6069976053821886,False,"[31939, 966, 10402, 0, 0, 566, 6591, 211, 1943, 0]"
M00,KYOw02773,5,1,12,52618,10,0.6652096240830134,False,"[0, 923, 440, 35002, 65, 381, 12059, 3094, 0, 1, 579, 74]"
M00,KYOw02773,5,1,14,52618,11,0.4814322095100536,False,"[577, 937, 1042, 1, 21910, 196, 0, 25332, 1, 0, 0, 108, 57, 2457]"
M00,KYOw02777,5,1,2,121687,2,0.9407414103396419,False,"[114476, 7211]"
M00,KYOw02777,5,1,4,121687,4,0.859081085078932,False,"[104539, 3863, 2052, 11233]"
M00,KYOw02777,5,1,6,121687,6,0.8433275534773641,False,"[4817, 102622, 4616, 8146, 851, 635]"
M00,KYOw02777,5,1,8,121687,8,0.7924593424112683,False,"[14429, 96432, 4558, 4902, 26, 705, 30, 605]"
M00,KYOw02777,5,1,10,121687,10,0.5243041573873956,False,"[1161, 63801, 1006, 465, 26, 47812, 3208, 1897, 2302, 9]"
M00,KYOw02777,5,1,12,121687,12,0.718375833079951,False,"[453, 4968, 244, 1116, 833, 22821, 598, 2790, 17, 11, 419, 87417]"
M00,KYOw02777,5,1,14,121687,14,0.6558054681272445,False,"[446, 3835, 27620, 24, 690, 2978, 12, 2007, 79803, 387, 20, 2284, 830, 751]"
M00,KYOw02783,5,1,2,84218,2,0.9853712982972761,False,"[82986, 1232]"
M00,KYOw02783,5,1,4,84218,4,0.4893846921085754,False,"[41215, 286, 27784, 14933]"
M00,KYOw02783,5,1,6,84218,5,0.4089743285283431,False,"[7891, 27689, 1127, 34443, 13068, 0]"
M00,KYOw02783,5,1,8,84218,7,0.37478923745517584,False,"[31564, 23535, 9044, 1123, 64, 18885, 3, 0]"
M00,KYOw02783,5,1,10,84218,9,0.28265928898810233,False,"[22349, 23805, 13833, 0, 3, 7601, 15598, 295, 690, 44]"
M00,KYOw02783,5,1,12,84218,11,0.35425918449737587,False,"[0, 1956, 29835, 21094, 68, 10417, 13075, 2118, 1, 29, 3373, 2252]"
M00,KYOw02783,5,1,14,84218,13,0.2978104443230663,False,"[3914, 1882, 14904, 9, 19320, 25081, 57, 12030, 156, 0, 1, 99, 63, 6702]"
M00,KYOw02788,5,1,2,112294,2,0.8537054517605571,False,"[16428, 95866]"
M00,KYOw02788,5,1,4,112294,4,0.6494647977630149,False,"[1, 38829, 533, 72931]"
M00,KYOw02788,5,1,6,112294,6,0.7470657381516377,False,"[83891, 1, 10627, 6, 179, 17590]"
M00,KYOw02788,5,1,8,112294,7,0.7064135216485298,False,"[2, 4, 79326, 12193, 1173, 589, 0, 19007]"
M00,KYOw02788,5,1,10,112294,8,0.8503214775500026,False,"[231, 0, 12, 9331, 1, 2377, 0, 4641, 95486, 215]"
M00,KYOw02788,5,1,12,112294,9,0.6658859778794949,False,"[13888, 20383, 0, 2, 2487, 0, 379, 74775, 0, 346, 31, 3]"
M00,KYOw02788,5,1,14,112294,12,0.5540545354159617,False,"[15, 10356, 1, 730, 213, 0, 504, 2, 7, 12338, 0, 62217, 2443, 23468]"
M00,KYOw16711,5,1,2,82012,2,0.913183436570258,False,"[74892, 7120]"
M00,KYOw16711,5,1,4,82012,4,0.3742988830902795,False,"[25919, 1153, 24243, 30697]"
M00,KYOw16711,5,1,6,82012,6,0.3962468906989221,False,"[25483, 5788, 2590, 32497, 15650, 4]"
M00,KYOw16711,5,1,8,82012,8,0.35750865726966785,False,"[29320, 2575, 24721, 2385, 2610, 20394, 5, 2]"
M00,KYOw16711,5,1,10,82012,10,0.3296956542944935,False,"[20504, 6899, 11537, 1, 6, 2205, 27039, 708, 11877, 1236]"
M00,KYOw16711,5,1,12,82012,12,0.22655221187143346,False,"[2, 3725, 11672, 18580, 253, 9386, 16440, 13472, 3, 1713, 6669, 97]"
M00,KYOw16711,5,1,14,82012,14,0.36403209286445887,False,"[962, 3400, 4166, 1875, 17746, 2216, 662, 29855, 11, 1, 6, 953, 248, 19911]"
M00,KYOw02709,5,2,2,40105,2,0.9019324273781324,False,"[3933, 36172]"
M00,KYOw02709,5,2,4,40105,4,0.8906370776711133,False,"[75, 35719, 1898, 2413]"
M00,KYOw02709,5,2,6,40105,6,0.8693928437850642,False,"[2389, 2318, 125, 274, 34867, 132]"
M00,KYOw02709,5,2,8,40105,8,0.8422391223039521,False,"[121, 1273, 17, 33778, 910, 99, 76, 3831]"
M00,KYOw02709,5,2,10,40105,10,0.7947637451689316,False,"[3004, 92, 31874, 3497, 423, 1, 74, 520, 573, 47]"
M00,KYOw02709,5,2,12,40105,11,0.7496820845281137,False,"[0, 531, 58, 1423, 40, 42, 3884, 574, 640, 30066, 29, 2818]"
M00,KYOw02709,5,2,14,40105,13,0.7412043386111458,False,"[1336, 5, 656, 0, 8, 29726, 78, 195, 230, 52, 4190, 2628, 27, 974]"
M00,KYOw02719,5,2,2,76827,2,0.9810092805914588,False,"[1459, 75368]"
M00,KYOw02719,5,2,4,76827,4,0.845679253387481,False,"[64971, 8567, 738, 2551]"
M00,KYOw02719,5,2,6,76827,5,0.7742460332955862,False,"[8148, 1397, 59483, 1, 7798, 0]"
M00,KYOw02719,5,2,8,76827,6,0.7975971989014279,False,"[0, 3256, 61277, 9340, 322, 0, 2, 2630]"
M00,KYOw02719,5,2,10,76827,8,0.6810756635037162,False,"[1695, 0, 12694, 1839, 8145, 52325, 1, 23, 105, 0]"
M00,KYOw02719,5,2,12,76827,8,0.6710401291212724,False,"[51554, 87, 0, 25, 0, 0, 1685, 5239, 286, 16383, 0, 1568]"
M00,KYOw02719,5,2,14,76827,10,0.39349447459877385,False,"[19865, 0, 92, 30231, 0, 1585, 0, 595, 2, 1115, 1065, 21255, 0, 1022]"
M00,KYOw02759,5,2,2,74466,2,0.9632046840168668,False,"[2740, 71726]"
M00,KYOw02759,5,2,4,74466,4,0.5162355974538716,False,"[38442, 14567, 1345, 20112]"
M00,KYOw02759,5,2,6,74466,6,0.4889211183627427,False,"[16750, 2050, 36408, 7, 14183, 5068]"
M00,KYOw02759,5,2,8,74466,8,0.45420728923266995,False,"[4825, 14147, 33823, 17709, 678, 10, 61, 3213]"
M00,KYOw02759,5,2,10,74466,10,0.3446539360244944,False,"[2317, 4008, 25665, 2683, 8011, 22798, 3, 8548, 425, 8]"
M00,KYOw02759,5,2,12,74466,12,0.29316735154298607,False,"[20912, 391, 3, 7323, 327, 11, 2553, 5240, 11075, 21831, 2560, 2240]"
M00,KYOw02759,5,2,14,74466,13,0.3549002229205275,False,"[17235, 5, 430, 8027, 5, 8094, 3827, 315, 5710, 994, 2377, 26428, 0, 1019]"
M00,KYOw02767,5,2,2,152143,2,0.9458798630236028,False,"[8234, 143909]"
M00,KYOw02767,5,2,4,152143,4,0.7280716168341625,False,"[110771, 16585, 2921, 21866]"
M00,KYOw02767,5,2,6,152143,5,0.7015570877398237,False,"[26283, 7440, 106737, 116, 11567, 0]"
M00,KYOw02767,5,2,8,152143,7,0.4978145560426704,False,"[0, 24004, 75739, 6805, 1298, 57, 46, 44194]"
M00,KYOw02767,5,2,10,152143,9,0.6157167927541852,False,"[12775, 0, 1396, 6824, 93677, 24547, 43, 12162, 715, 4]"
M00,KYOw02767,5,2,12,152143,10,0.6130876872416082,False,"[20626, 670, 43, 0, 799, 5, 6712, 93277, 17446, 2157, 0, 10408]"
M00,KYOw02767,5,2,14,152143,12,0.5618529935652643,False,"[18253, 43, 677, 12703, 0, 314, 0, 85482, 7085, 6247, 2107, 10242, 21, 8969]"
M00,KYOw02773,5,2,2,52618,2,0.9834847390626782,False,"[869, 51749]"
M00,KYOw02773,5,2,4,52618,4,0.7643582044167395,False,"[4511, 7570, 318, 40219]"
M00,KYOw02773,5,2,6,52618,5,0.8367288760500209,False,"[44027, 851, 1822, 0, 5905, 13]"
M00,KYOw02773,5,2,8,52618,7,0.7752670188908738,False,"[6, 40793, 2616, 7612, 156, 0, 10, 1425]"
M00,KYOw02773,5,2,10,52618,8,0.41575126382606714,False,"[959, 0, 6080, 3574, 233, 19819, 0, 21876, 76, 1]"
M00,KYOw02773,5,2,12,52618,10,0.6356569995058725,False,"[7425, 64, 0, 0, 532, 1, 3359, 168, 33447, 6678, 3, 941]"
M00,KYOw02773,5,2,14,52618,11,0.6240259987076666,False,"[32835, 1, 46, 409, 0, 1422, 0, 95, 12968, 2703, 1186, 398, 0, 555]"
M00,KYOw02777,5,2,2,121687,2,0.9421055659191203,False,"[7045, 114642]"
M00,KYOw02777,5,2,4,121687,4,0.900786443909374,False,"[109614, 5826, 4316, 1931]"
M00,KYOw02777,5,2,6,121687,6,0.8969240757024168,False,"[1978, 5477, 109144, 813, 4198, 77]"
M00,KYOw02777,5,2,8,121687,8,0.7285741287072571,False,"[46, 1663, 88658, 1309, 1447, 631, 12, 27921]"
M00,KYOw02777,5,2,10,121687,10,0.7382629204434328,False,"[7982, 32, 205, 2412, 89837, 19304, 552, 554, 798, 11]"
M00,KYOw02777,5,2,12,121687,12,0.6830557084980319,False,"[27126, 755, 533, 19, 55, 11, 2516, 83119, 966, 167, 30, 6390]"
M00,KYOw02777,5,2,14,121687,14,0.6680746505378553,False,"[801, 12, 775, 28049, 2, 112, 22, 81296, 429, 2531, 1356, 610, 446, 5246]"
M00,KYOw02783,5,2,2,84218,2,0.9851456933197179,False,"[1251, 82967]"
M00,KYOw02783,5,2,4,84218,4,0.4367831104989432,False,"[36785, 18865, 413, 28155]"
M00,KYOw02783,5,2,6,84218,5,0.4002232301883208,False,"[31945, 1448, 33706, 0, 17114, 5]"
M00,KYOw02783,5,2,8,84218,7,0.37090645705193664,False,"[3, 28683, 31237, 16686, 227, 0, 39, 7343]"
M00,KYOw02783,5,2,10,84218,9,0.2829561376427842,False,"[2624, 1, 14429, 3966, 21092, 23830, 0, 18173, 77, 26]"
M00,KYOw02783,5,2,12,84218,11,0.27430003087226007,False,"[18145, 67, 0, 10, 315, 31, 3832, 19496, 23101, 17088, 2, 2131]"
M00,KYOw02783,5,2,14,84218,13,0.36119356907074496,False,"[24422, 15, 46, 5218, 6, 3852, 1, 3563, 11983, 2378, 627, 30419, 0, 1688]"
M00,KYOw02788,5,2,2,112294,2,0.8566530714018559,False,"[96197, 16097]"
M00,KYOw02788,5,2,4,112294,4,0.5750262703261082,False,"[1, 64572, 47353, 368]"
M00,KYOw02788,5,2,6,112294,6,0.6407822323543555,False,"[593, 15536, 1, 24206, 71956, 2]"
M00,KYOw02788,5,2,8,112294,7,0.4104048301779258,False,"[2, 597, 0, 38182, 3725, 22964, 738, 46086]"
M00,KYOw02788,5,2,10,112294,8,0.6419844337186315,False,"[19819, 2, 15, 72091, 0, 0, 17131, 388, 2540, 308]"
M00,KYOw02788,5,2,12,112294,9,0.6204249559192833,False,"[0, 2385, 16487, 0, 2738, 306, 69670, 0, 3, 9, 2, 20694]"
M00,KYOw02788,5,2,14,112294,11,0.7430405898801361,False,"[2, 115, 2448, 0, 214, 36, 1, 0, 396, 8943, 83439, 0, 10093, 6607]"
M00,KYOw16711,5,2,2,82012,2,0.9086353216602449,False,"[7493, 74519]"
M00,KYOw16711,5,2,4,82012,4,0.42823001511973857,False,"[21902, 35120, 1840, 23150]"
M00,KYOw16711,5,2,6,82012,6,0.39112568892357213,False,"[27905, 4259, 17757, 7, 32077, 7]"
M00,KYOw16711,5,2,8,82012,8,0.3765424572013852,False,"[7, 24438, 16919, 30881, 527, 3, 2144, 7093]"
M00,KYOw16711,5,2,10,82012,10,0.30866214700287764,False,"[3900, 6, 7374, 21988, 1584, 25314, 4, 20023, 274, 1545]"
M00,KYOw16711,5,2,12,82012,11,0.2519997073598986,False,"[20667, 258, 1, 0, 5858, 1273, 19637, 847, 16750, 12948, 6, 3767]"
M00,KYOw16711,5,2,14,82012,13,0.20239721016436618,False,"[15544, 710, 260, 7690, 0, 2110, 5, 122, 16599, 14187, 11148, 11592, 1, 2044]"
M00,KYOw02709,5,3,2,40105,2,0.917691060964967,False,"[3301, 36804]"
M00,KYOw02709,5,3,4,40105,4,0.4582221668121182,False,"[16659, 18377, 228, 4841]"
M00,KYOw02709,5,3,6,40105,6,0.8052362548310684,False,"[140, 36, 4083, 1228, 32294, 2324]"
M00,KYOw02709,5,3,8,40105,8,0.5185637701034783,False,"[15545, 20797, 125, 541, 50, 17, 1900, 1130]"
M00,KYOw02709,5,3,10,40105,10,0.8100984914599177,False,"[32489, 78, 467, 40, 615, 986, 2308, 21, 3083, 18]"
M00,KYOw02709,5,3,12,40105,12,0.7896770976187508,False,"[31670, 644, 1, 279, 69, 2, 3705, 1266, 836, 1432, 2, 199]"
M00,KYOw02709,5,3,14,40105,11,0.5920708141129535,False,"[64, 0, 11, 727, 1738, 7848, 298, 741, 0, 481, 23745, 4265, 0, 187]"
M00,KYOw02719,5,3,2,76827,2,0.9837426946255874,False,"[1249, 75578]"
M00,KYOw02719,5,3,4,76827,4,0.8502479597016673,False,"[9475, 65322, 2, 2028]"
M00,KYOw02719,5,3,6,76827,4,0.7557238991500383,False,"[0, 0, 12094, 58060, 5395, 1278]"
M00,KYOw02719,5,3,8,76827,5,0.7735301391437905,False,"[59428, 3392, 0, 9, 0, 0, 1001, 12997]"
M00,KYOw02719,5,3,10,76827,7,0.7393494474598774,False,"[7294, 0, 30, 0, 117, 8381, 2487, 0, 1716, 56802]"
M00,KYOw02719,5,3,12,76827,9,0.5613130800369661,False,"[3914, 141, 0, 2627, 0, 43124, 1049, 9480, 1026, 15463, 0, 3]"
M00,KYOw02719,5,3,14,76827,11,0.48516797480052587,False,"[0, 0, 0, 11377, 1254, 20232, 383, 3516, 37274, 53, 1963, 754, 18, 3]"
M00,KYOw02759,5,3,2,74466,2,0.9680122472000645,False,"[2382, 72084]"
M00,KYOw02759,5,3,4,74466,4,0.5952380952380952,False,"[26705, 44325, 6, 3430]"
M00,KYOw02759,5,3,6,74466,6,0.5367281712459377,False,"[6102, 5, 17976, 39968, 8488, 1927]"
M00,KYOw02759,5,3,8,74466,8,0.5591545134692343,False,"[41638, 6490, 5252, 7708, 24, 4, 1536, 11814]"
M00,KYOw02759,5,3,10,74466,10,0.37176698090403676,False,"[19410, 4238, 8716, 31, 449, 8076, 3453, 1, 2408, 27684]"
M00,KYOw02759,5,3,12,74466,12,0.23393226438911718,False,"[14430, 489, 1, 3134, 4175, 17420, 2023, 10263, 807, 16675, 1, 5048]"
M00,KYOw02759,5,3,14,74466,14,0.35142212553380064,False,"[4024, 3, 1, 13484, 1807, 26169, 257, 2209, 9894, 333, 9732, 1402, 107, 5044]"
M00,KYOw02767,5,3,2,152143,2,0.9581314947122115,False,"[6370, 145773]"
M00,KYOw02767,5,3,4,152143,4,0.7740283811940083,False,"[22458, 117763, 138, 11784]"
M00,KYOw02767,5,3,6,152143,5,0.7287551842674326,False,"[0, 143, 25145, 110875, 8545, 7435]"
M00,KYOw02767,5,3,8,152143,7,0.6769552329058846,False,"[25571, 8731, 0, 9707, 17, 108, 5015, 102994]"
M00,KYOw02767,5,3,10,152143,9,0.6140604562812617,False,"[384, 0, 10681, 44, 746, 93425, 7157, 72, 12291, 27343]"
M00,KYOw02767,5,3,12,152143,10,0.5679130817717543,False,"[85, 812, 0, 7415, 0, 14515, 1922, 86404, 15702, 21416, 18, 3854]"
M00,KYOw02767,5,3,14,152143,12,0.546742209631728,False,"[0, 0, 29, 22161, 7839, 11380, 83183, 6791, 14195, 546, 32, 1811, 568, 3608]"
M00,KYOw02773,5,3,2,52618,2,0.9855752784218328,False,"[759, 51859]"
M00,KYOw02773,5,3,4,52618,3,0.8898855904823444,False,"[46824, 4279, 0, 1515]"
M00,KYOw02773,5,3,6,52618,5,0.869949446957315,False,"[12, 0, 45775, 1290, 4733, 808]"
M00,KYOw02773,5,3,8,52618,6,0.5706412254361626,False,"[30026, 4044, 0, 17593, 6, 0, 575, 374]"
M00,KYOw02773,5,3,10,52618,8,0.4299859363715839,False,"[3476, 0, 22625, 6, 82, 190, 3879, 0, 1054, 21306]"
M00,KYOw02773,5,3,12,52618,9,0.6692576684784675,False,"[927, 100, 0, 2925, 0, 754, 1044, 86, 407, 35215, 0, 11160]"
M00,KYOw02773,5,3,14,52618,11,0.6686685164772511,False,"[0, 0, 0, 35184, 763, 98, 64, 2646, 604, 44, 843, 1374, 2, 10996]"
M00,KYOw02777,5,3,2,121687,2,0.9500028762316435,False,"[6084, 115603]"
M00,KYOw02777,5,3,4,121687,4,0.91796165572329,False,"[1740, 111704, 722, 7521]"
M00,KYOw02777,5,3,6,121687,6,0.9083468242293754,False,"[58, 673, 1410, 110534, 3544, 5468]"
M00,KYOw02777,5,3,8,121687,8,0.8942779425904164,False,"[3612, 3753, 52, 407, 25, 638, 4378, 108822]"
M00,KYOw02777,5,3,10,121687,10,0.7968476501187473,False,"[156, 42, 445, 24, 903, 96966, 1968, 538, 6901, 13744]"
M00,KYOw02777,5,3,12,121687,12,0.5995792483995825,False,"[144, 972, 7, 1955, 40, 25359, 1540, 72961, 17303, 742, 399, 265]"
M00,KYOw02777,5,3,14,121687,14,0.7356085695267366,False,"[36, 6, 473, 458, 3988, 687, 89514, 1537, 22183, 673, 123, 605, 1113, 291]"
M00,KYOw02783,5,3,2,84218,2,0.9893371963238262,False,"[898, 83320]"
M00,KYOw02783,5,3,4,84218,4,0.5888171174808235,False,"[32493, 49589, 1, 2135]"
M00,KYOw02783,5,3,6,84218,5,0.46049538103493315,False,"[6, 0, 33230, 38782, 10845, 1355]"
M00,KYOw02783,5,3,8,84218,7,0.4307392718896198,False,"[36276, 8006, 5, 15647, 26, 0, 1032, 23226]"
M00,KYOw02783,5,3,10,84218,10,0.3525137144078463,False,"[8493, 5, 17552, 17, 72, 21752, 4204, 1, 2434, 29688]"
M00,KYOw02783,5,3,12,84218,12,0.3168087582227077,False,"[6311, 84, 5, 3646, 4, 12908, 243, 22824, 2250, 26681, 1, 9261]"
M00,KYOw02783,5,3,14,84218,14,0.346992329430763,False,"[4, 6, 1, 24586, 1715, 29223, 3104, 4796, 8188, 25, 2862, 261, 13, 9434]"
M00,KYOw02788,5,3,2,112294,2,0.7909594457406451,False,"[88820, 23474]"
M00,KYOw02788,5,3,4,112294,4,0.6713448625928367,False,"[15415, 4429, 17062, 75388]"
M00,KYOw02788,5,3,6,112294,4,0.7026822448216289,False,"[0, 19222, 256, 0, 78907, 13909]"
M00,KYOw02788,5,3,8,112294,7,0.7672627210714731,False,"[1, 86159, 0, 506, 547, 16697, 8383, 1]"
M00,KYOw02788,5,3,10,112294,7,0.6358843749443426,False,"[11, 0, 350, 874, 2643, 0, 71406, 15925, 21085, 0]"
M00,KYOw02788,5,3,12,112294,9,0.7498975902541543,False,"[13, 2816, 67, 16064, 0, 0, 84209, 0, 2473, 2, 6053, 597]"
M00,KYOw02788,5,3,14,112294,12,0.6351185281493223,False,"[0, 92, 7577, 3, 5498, 2, 1, 44, 0, 2151, 7, 71320, 25396, 203]"
M00,KYOw16711,5,3,2,82012,2,0.9201946056674633,False,"[6545, 75467]"
M00,KYOw16711,5,3,4,82012,4,0.4974515924498854,False,"[31272, 40797, 10, 9933]"
M00,KYOw16711,5,3,6,82012,6,0.3667999804906599,False,"[4, 9, 29170, 19328, 30082, 3419]"
M00,KYOw16711,5,3,8,82012,8,0.399283031751451,False,"[32746, 24331, 3, 19174, 1308, 2, 2123, 2325]"
M00,KYOw16711,5,3,10,82012,10,0.34516899965858655,False,"[2108, 3, 20205, 1774, 276, 600, 24651, 2, 4085, 28308]"
M00,KYOw16711,5,3,12,82012,12,0.27157001414427157,False,"[2244, 326, 281, 22272, 3, 14655, 8268, 428, 1524, 16556, 1, 15454]"
M00,KYOw16711,5,3,14,82012,14,0.3098327074086719,False,"[3, 114, 1, 16836, 2684, 894, 70, 25410, 7715, 212, 702, 12531, 73, 14767]"
