condition,contrast,cluster,kind,wavelength_nm,difference,aggregation
A0,A0-M00,1,reflectance,913.1,-0.014810993161556985,difference of equal-sample representative means; not paired
A0,A0-M00,1,reflectance,918.5607450980392,-0.0055207760039053255,difference of equal-sample representative means; not paired
A0,A0-M00,1,reflectance,924.0214901960785,1.8344139500747758e-05,difference of equal-sample representative means; not paired
A0,A0-M00,1,reflectance,929.4822352941177,0.003792744397197012,difference of equal-sample representative means; not paired
A0,A0-M00,1,reflectance,934.9429803921569,0.006141286209503161,difference of equal-sample representative means; not paired
A0,A0-M00,1,reflectance,940.4037254901962,0.007533117119496557,difference of equal-sample representative means; not paired
A0,A0-M00,1,reflectance,945.8644705882353,0.008666440468863668,difference of equal-sample representative means; not paired
A0,A0-M00,1,reflectance,951.3252156862745,0.00947646022256765,difference of equal-sample representative means; not paired
A0,A0-M00,1,reflectance,956.7859607843137,0.010168487483975475,difference of equal-sample representative means; not paired
A0,A0-M00,1,reflectance,962.246705882353,0.011035985975112572,difference of equal-sample representative means; not paired
A0,A0-M00,1,reflectance,967.7074509803922,0.01155852314369421,difference of equal-sample representative means; not paired
A0,A0-M00,1,reflectance,973.1681960784314,0.012083968004076184,difference of equal-sample representative means; not paired
A0,A0-M00,1,reflectance,978.6289411764706,0.012664991724200103,difference of equal-sample representative means; not paired
A0,A0-M00,1,reflectance,984.0896862745099,0.01314575996381151,difference of equal-sample representative means; not paired
A0,A0-M00,1,reflectance,989.550431372549,0.013574097290239062,difference of equal-sample representative means; not paired
A0,A0-M00,1,reflectance,995.0111764705882,0.013917568494534405,difference of equal-sample representative means; not paired
A0,A0-M00,1,reflectance,1000.4719215686275,0.014103070845574717,difference of equal-sample representative means; not paired
A0,A0-M00,1,reflectance,1005.9326666666667,0.014226036440643464,difference of equal-sample representative means; not paired
A0,A0-M00,1,reflectance,1011.3934117647059,0.014331586065949087,difference of equal-sample representative means; not paired
A0,A0-M00,1,reflectance,1016.8541568627452,0.014440932653098537,difference of equal-sample representative means; not paired
A0,A0-M00,1,reflectance,1022.3149019607844,0.01456613127134554,difference of equal-sample representative means; not paired
A0,A0-M00,1,reflectance,1027.7756470588236,0.014713305469054139,difference of equal-sample representative means; not paired
A0,A0-M00,1,reflectance,1033.2363921568628,0.014850944131042487,difference of equal-sample representative means; not paired
A0,A0-M00,1,reflectance,1038.697137254902,0.01493970636249986,difference of equal-sample representative means; not paired
A0,A0-M00,1,reflectance,1044.1578823529412,0.015025852698181574,difference of equal-sample representative means; not paired
A0,A0-M00,1,reflectance,1049.6186274509805,0.015184506295040867,difference of equal-sample representative means; not paired
A0,A0-M00,1,reflectance,1055.0793725490196,0.015331728512745002,difference of equal-sample representative means; not paired
A0,A0-M00,1,reflectance,1060.5401176470589,0.015408948438049075,difference of equal-sample representative means; not paired
A0,A0-M00,1,reflectance,1066.0008627450982,0.015478565818013768,difference of equal-sample representative means; not paired
A0,A0-M00,1,reflectance,1071.4616078431372,0.015678113098543056,difference of equal-sample representative means; not paired
A0,A0-M00,1,reflectance,1076.9223529411765,0.01581485569599872,difference of equal-sample representative means; not paired
A0,A0-M00,1,reflectance,1082.3830980392158,0.015888020755163712,difference of equal-sample representative means; not paired
A0,A0-M00,1,reflectance,1087.843843137255,0.015887049197118586,difference of equal-sample representative means; not paired
A0,A0-M00,1,reflectance,1093.3045882352942,0.01590202611130742,difference of equal-sample representative means; not paired
A0,A0-M00,1,reflectance,1098.7653333333333,0.01599899725044651,difference of equal-sample representative means; not paired
A0,A0-M00,1,reflectance,1104.2260784313726,0.016150043670032366,difference of equal-sample representative means; not paired
A0,A0-M00,1,reflectance,1109.6868235294119,0.01625034146118176,difference of equal-sample representative means; not paired
A0,A0-M00,1,reflectance,1115.1475686274512,0.0165878734062751,difference of equal-sample representative means; not paired
A0,A0-M00,1,reflectance,1120.6083137254902,0.01681642484024337,difference of equal-sample representative means; not paired
A0,A0-M00,1,reflectance,1126.0690588235295,0.01720977323803985,difference of equal-sample representative means; not paired
A0,A0-M00,1,reflectance,1131.5298039215686,0.017679524719483197,difference of equal-sample representative means; not paired
A0,A0-M00,1,reflectance,1136.990549019608,0.018120081843346902,difference of equal-sample representative means; not paired
A0,A0-M00,1,reflectance,1142.4512941176472,0.01845313258144421,difference of equal-sample representative means; not paired
A0,A0-M00,1,reflectance,1147.9120392156863,0.01865617811385578,difference of equal-sample representative means; not paired
A0,A0-M00,1,reflectance,1153.3727843137256,0.018963988413715716,difference of equal-sample representative means; not paired
A0,A0-M00,1,reflectance,1158.8335294117649,0.019162310415592132,difference of equal-sample representative means; not paired
A0,A0-M00,1,reflectance,1164.294274509804,0.019373155451426816,difference of equal-sample representative means; not paired
A0,A0-M00,1,reflectance,1169.7550196078432,0.019570367134522315,difference of equal-sample representative means; not paired
A0,A0-M00,1,reflectance,1175.2157647058825,0.019734183636260783,difference of equal-sample representative means; not paired
A0,A0-M00,1,reflectance,1180.6765098039216,0.019862008761736494,difference of equal-sample representative means; not paired
A0,A0-M00,1,reflectance,1186.137254901961,0.01998004009830001,difference of equal-sample representative means; not paired
A0,A0-M00,1,reflectance,1191.598,0.02016407409615395,difference of equal-sample representative means; not paired
A0,A0-M00,1,reflectance,1197.0587450980393,0.02030936862464683,difference of equal-sample representative means; not paired
A0,A0-M00,1,reflectance,1202.5194901960786,0.020492205888285153,difference of equal-sample representative means; not paired
A0,A0-M00,1,reflectance,1207.9802352941178,0.020659109992425484,difference of equal-sample representative means; not paired
A0,A0-M00,1,reflectance,1213.440980392157,0.020922794141685852,difference of equal-sample representative means; not paired
A0,A0-M00,1,reflectance,1218.9017254901962,0.021100731042836607,difference of equal-sample representative means; not paired
A0,A0-M00,1,reflectance,1224.3624705882353,0.021028240808831256,difference of equal-sample representative means; not paired
A0,A0-M00,1,reflectance,1229.8232156862746,0.0211151555118122,difference of equal-sample representative means; not paired
A0,A0-M00,1,reflectance,1235.2839607843139,0.021456480978461867,difference of equal-sample representative means; not paired
A0,A0-M00,1,reflectance,1240.7447058823532,0.021221161692417057,difference of equal-sample representative means; not paired
A0,A0-M00,1,reflectance,1246.2054509803922,0.021204048081031712,difference of equal-sample representative means; not paired
A0,A0-M00,1,reflectance,1251.6661960784315,0.021245829621179824,difference of equal-sample representative means; not paired
A0,A0-M00,1,reflectance,1257.1269411764706,0.02127046311390346,difference of equal-sample representative means; not paired
A0,A0-M00,1,reflectance,1262.58768627451,0.02127800645069977,difference of equal-sample representative means; not paired
A0,A0-M00,1,reflectance,1268.0484313725492,0.021235662375003295,difference of equal-sample representative means; not paired
A0,A0-M00,1,reflectance,1273.5091764705883,0.02129752172957511,difference of equal-sample representative means; not paired
A0,A0-M00,1,reflectance,1278.9699215686276,0.021094383284875118,difference of equal-sample representative means; not paired
A0,A0-M00,1,reflectance,1284.4306666666666,0.02117665541084901,difference of equal-sample representative means; not paired
A0,A0-M00,1,reflectance,1289.891411764706,0.021267353081191875,difference of equal-sample representative means; not paired
A0,A0-M00,1,reflectance,1295.3521568627452,0.021338460212211863,difference of equal-sample representative means; not paired
A0,A0-M00,1,reflectance,1300.8129019607845,0.02121808597032515,difference of equal-sample representative means; not paired
A0,A0-M00,1,reflectance,1306.2736470588236,0.02090374385114757,difference of equal-sample representative means; not paired
A0,A0-M00,1,reflectance,1311.734392156863,0.021524894298727726,difference of equal-sample representative means; not paired
A0,A0-M00,1,reflectance,1317.195137254902,0.021472399358053007,difference of equal-sample representative means; not paired
A0,A0-M00,1,reflectance,1322.6558823529413,0.02161254658331202,difference of equal-sample representative means; not paired
A0,A0-M00,1,reflectance,1328.1166274509806,0.021691561665373782,difference of equal-sample representative means; not paired
A0,A0-M00,1,reflectance,1333.5773725490199,0.02170811496827818,difference of equal-sample representative means; not paired
A0,A0-M00,1,reflectance,1339.038117647059,0.02173576548396161,difference of equal-sample representative means; not paired
A0,A0-M00,1,reflectance,1344.4988627450982,0.021784701673393192,difference of equal-sample representative means; not paired
A0,A0-M00,1,reflectance,1349.9596078431373,0.021749255160347314,difference of equal-sample representative means; not paired
A0,A0-M00,1,reflectance,1355.4203529411766,0.02170603117690273,difference of equal-sample representative means; not paired
A0,A0-M00,1,reflectance,1360.8810980392159,0.021668198958294305,difference of equal-sample representative means; not paired
A0,A0-M00,1,reflectance,1366.341843137255,0.021685234904640804,difference of equal-sample representative means; not paired
A0,A0-M00,1,reflectance,1371.8025882352943,0.02167245482417568,difference of equal-sample representative means; not paired
A0,A0-M00,1,reflectance,1377.2633333333333,0.02160380130118611,difference of equal-sample representative means; not paired
A0,A0-M00,1,reflectance,1382.7240784313726,0.02151263862639985,difference of equal-sample representative means; not paired
A0,A0-M00,1,reflectance,1388.184823529412,0.02144702358926942,difference of equal-sample representative means; not paired
A0,A0-M00,1,reflectance,1393.6455686274512,0.021403162307348622,difference of equal-sample representative means; not paired
A0,A0-M00,1,reflectance,1399.1063137254903,0.0211557764059917,difference of equal-sample representative means; not paired
A0,A0-M00,1,reflectance,1404.5670588235296,0.020946974001929963,difference of equal-sample representative means; not paired
A0,A0-M00,1,reflectance,1410.0278039215686,0.02068918224702121,difference of equal-sample representative means; not paired
A0,A0-M00,1,reflectance,1415.488549019608,0.020365780325347138,difference of equal-sample representative means; not paired
A0,A0-M00,1,reflectance,1420.9492941176472,0.020065476353215872,difference of equal-sample representative means; not paired
A0,A0-M00,1,reflectance,1426.4100392156865,0.019839371858737076,difference of equal-sample representative means; not paired
A0,A0-M00,1,reflectance,1431.8707843137256,0.019531651609669687,difference of equal-sample representative means; not paired
A0,A0-M00,1,reflectance,1437.3315294117647,0.01933121660983972,difference of equal-sample representative means; not paired
A0,A0-M00,1,reflectance,1442.792274509804,0.019200241346699953,difference of equal-sample representative means; not paired
A0,A0-M00,1,reflectance,1448.2530196078433,0.019147969941408938,difference of equal-sample representative means; not paired
A0,A0-M00,1,reflectance,1453.7137647058826,0.01906229306110052,difference of equal-sample representative means; not paired
A0,A0-M00,1,reflectance,1459.1745098039219,0.018980264279541248,difference of equal-sample representative means; not paired
A0,A0-M00,1,reflectance,1464.635254901961,0.01896839111802029,difference of equal-sample representative means; not paired
A0,A0-M00,1,reflectance,1470.096,0.018996858731253452,difference of equal-sample representative means; not paired
A0,A0-M00,1,reflectance,1475.5567450980393,0.01903496709195618,difference of equal-sample representative means; not paired
A0,A0-M00,1,reflectance,1481.0174901960786,0.019081211256721964,difference of equal-sample representative means; not paired
A0,A0-M00,1,reflectance,1486.478235294118,0.019127226726362134,difference of equal-sample representative means; not paired
A0,A0-M00,1,reflectance,1491.938980392157,0.019183630902134263,difference of equal-sample representative means; not paired
A0,A0-M00,1,reflectance,1497.3997254901963,0.019267215410139982,difference of equal-sample representative means; not paired
A0,A0-M00,1,reflectance,1502.8604705882353,0.01934831569929052,difference of equal-sample representative means; not paired
A0,A0-M00,1,reflectance,1508.3212156862746,0.019398335940701228,difference of equal-sample representative means; not paired
A0,A0-M00,1,reflectance,1513.781960784314,0.019494973627758372,difference of equal-sample representative means; not paired
A0,A0-M00,1,reflectance,1519.2427058823532,0.019522159403353168,difference of equal-sample representative means; not paired
A0,A0-M00,1,reflectance,1524.7034509803923,0.019626198245160376,difference of equal-sample representative means; not paired
A0,A0-M00,1,reflectance,1530.1641960784316,0.01965109038791374,difference of equal-sample representative means; not paired
A0,A0-M00,1,reflectance,1535.6249411764707,0.019679356909977963,difference of equal-sample representative means; not paired
A0,A0-M00,1,reflectance,1541.08568627451,0.01968273052846259,difference of equal-sample representative means; not paired
A0,A0-M00,1,reflectance,1546.5464313725493,0.019641586882122863,difference of equal-sample representative means; not paired
A0,A0-M00,1,reflectance,1552.0071764705885,0.01967103031620676,difference of equal-sample representative means; not paired
A0,A0-M00,1,reflectance,1557.4679215686276,0.019735831651620683,difference of equal-sample representative means; not paired
A0,A0-M00,1,reflectance,1562.9286666666667,0.019636681501476627,difference of equal-sample representative means; not paired
A0,A0-M00,1,reflectance,1568.389411764706,0.019670871652921806,difference of equal-sample representative means; not paired
A0,A0-M00,1,reflectance,1573.8501568627453,0.01971616564133921,difference of equal-sample representative means; not paired
A0,A0-M00,1,reflectance,1579.3109019607846,0.01968731635559623,difference of equal-sample representative means; not paired
A0,A0-M00,1,reflectance,1584.7716470588239,0.01965143817223214,difference of equal-sample representative means; not paired
A0,A0-M00,1,reflectance,1590.232392156863,0.019700500501626972,difference of equal-sample representative means; not paired
A0,A0-M00,1,reflectance,1595.693137254902,0.01965994329446108,difference of equal-sample representative means; not paired
A0,A0-M00,1,reflectance,1601.1538823529413,0.01961611467187957,difference of equal-sample representative means; not paired
A0,A0-M00,1,reflectance,1606.6146274509806,0.019614595105360788,difference of equal-sample representative means; not paired
A0,A0-M00,1,reflectance,1612.07537254902,0.019581240121368637,difference of equal-sample representative means; not paired
A0,A0-M00,1,reflectance,1617.536117647059,0.019509972729573555,difference of equal-sample representative means; not paired
A0,A0-M00,1,reflectance,1622.9968627450983,0.01939046748795814,difference of equal-sample representative means; not paired
A0,A0-M00,1,reflectance,1628.4576078431373,0.019240003110092663,difference of equal-sample representative means; not paired
A0,A0-M00,1,reflectance,1633.9183529411766,0.01911229916930418,difference of equal-sample representative means; not paired
A0,A0-M00,1,reflectance,1639.379098039216,0.018925170028891103,difference of equal-sample representative means; not paired
A0,A0-M00,1,reflectance,1644.8398431372552,0.018746219276056464,difference of equal-sample representative means; not paired
A0,A0-M00,1,reflectance,1650.3005882352943,0.018508015825349056,difference of equal-sample representative means; not paired
A0,A0-M00,1,reflectance,1655.7613333333334,0.01818431246601493,difference of equal-sample representative means; not paired
A0,A0-M00,1,reflectance,1661.2220784313727,0.017878680069545683,difference of equal-sample representative means; not paired
A0,A0-M00,1,reflectance,1666.682823529412,0.017626522428082048,difference of equal-sample representative means; not paired
A0,A0-M00,1,reflectance,1672.1435686274513,0.017396896077155943,difference of equal-sample representative means; not paired
A0,A0-M00,1,reflectance,1677.6043137254906,0.017277546882324468,difference of equal-sample representative means; not paired
A0,A0-M00,1,reflectance,1683.0650588235296,0.01707418292110302,difference of equal-sample representative means; not paired
A0,A0-M00,1,reflectance,1688.5258039215687,0.01694802566328757,difference of equal-sample representative means; not paired
A0,A0-M00,1,reflectance,1693.986549019608,0.016784382145112242,difference of equal-sample representative means; not paired
A0,A0-M00,1,reflectance,1699.4472941176473,0.01663191973448841,difference of equal-sample representative means; not paired
A0,A0-M00,1,reflectance,1704.9080392156866,0.016585336700387865,difference of equal-sample representative means; not paired
A0,A0-M00,1,reflectance,1710.3687843137257,0.016634875722121856,difference of equal-sample representative means; not paired
A0,A0-M00,1,reflectance,1715.829529411765,0.01665130884689675,difference of equal-sample representative means; not paired
A0,A0-M00,1,reflectance,1721.290274509804,0.01678612538903579,difference of equal-sample representative means; not paired
A0,A0-M00,1,reflectance,1726.7510196078433,0.016614011173193277,difference of equal-sample representative means; not paired
A0,A0-M00,1,reflectance,1732.2117647058826,0.01652882906287012,difference of equal-sample representative means; not paired
A0,A0-M00,1,reflectance,1737.672509803922,0.01655408581631057,difference of equal-sample representative means; not paired
A0,A0-M00,1,reflectance,1743.133254901961,0.016622189873795046,difference of equal-sample representative means; not paired
A0,A0-M00,1,reflectance,1748.594,0.016639955680451568,difference of equal-sample representative means; not paired
A0,A0-M00,1,reflectance,1754.0547450980393,0.016602545144144942,difference of equal-sample representative means; not paired
A0,A0-M00,1,reflectance,1759.5154901960786,0.01668821174267443,difference of equal-sample representative means; not paired
A0,A0-M00,1,reflectance,1764.976235294118,0.01677178872580931,difference of equal-sample representative means; not paired
A0,A0-M00,1,reflectance,1770.4369803921572,0.016830428874702874,difference of equal-sample representative means; not paired
A0,A0-M00,1,reflectance,1775.8977254901963,0.016892419275568393,difference of equal-sample representative means; not paired
A0,A0-M00,1,reflectance,1781.3584705882354,0.01689147713267225,difference of equal-sample representative means; not paired
A0,A0-M00,1,reflectance,1786.8192156862747,0.01686195627816811,difference of equal-sample representative means; not paired
A0,A0-M00,1,reflectance,1792.279960784314,0.01688081110587636,difference of equal-sample representative means; not paired
A0,A0-M00,1,reflectance,1797.7407058823533,0.016949078349834723,difference of equal-sample representative means; not paired
A0,A0-M00,1,reflectance,1803.2014509803923,0.016889695002174243,difference of equal-sample representative means; not paired
A0,A0-M00,1,reflectance,1808.6621960784316,0.016895801713219583,difference of equal-sample representative means; not paired
A0,A0-M00,1,reflectance,1814.1229411764707,0.016844973265828123,difference of equal-sample representative means; not paired
A0,A0-M00,1,reflectance,1819.58368627451,0.016589113539395406,difference of equal-sample representative means; not paired
A0,A0-M00,1,reflectance,1825.0444313725493,0.016505109505381643,difference of equal-sample representative means; not paired
A0,A0-M00,1,reflectance,1830.5051764705886,0.016670905584098006,difference of equal-sample representative means; not paired
A0,A0-M00,1,reflectance,1835.9659215686277,0.016801442115145893,difference of equal-sample representative means; not paired
A0,A0-M00,1,reflectance,1841.4266666666667,0.016717418620154245,difference of equal-sample representative means; not paired
A0,A0-M00,1,reflectance,1846.887411764706,0.016680128947159034,difference of equal-sample representative means; not paired
A0,A0-M00,1,reflectance,1852.3481568627453,0.01686525020915386,difference of equal-sample representative means; not paired
A0,A0-M00,1,reflectance,1857.8089019607846,0.017216648964961112,difference of equal-sample representative means; not paired
A0,A0-M00,1,reflectance,1863.269647058824,0.01714313785743682,difference of equal-sample representative means; not paired
A0,A0-M00,1,reflectance,1868.730392156863,0.016913179979654025,difference of equal-sample representative means; not paired
A0,A0-M00,1,reflectance,1874.191137254902,0.01690824035887467,difference of equal-sample representative means; not paired
A0,A0-M00,1,reflectance,1879.6518823529414,0.017024951939355715,difference of equal-sample representative means; not paired
A0,A0-M00,1,reflectance,1885.1126274509807,0.016946211838896164,difference of equal-sample representative means; not paired
A0,A0-M00,1,reflectance,1890.57337254902,0.016627272323871012,difference of equal-sample representative means; not paired
A0,A0-M00,1,reflectance,1896.034117647059,0.01615338623101159,difference of equal-sample representative means; not paired
A0,A0-M00,1,reflectance,1901.4948627450983,0.015298744376205486,difference of equal-sample representative means; not paired
A0,A0-M00,1,reflectance,1906.9556078431374,0.014617163213259732,difference of equal-sample representative means; not paired
A0,A0-M00,1,reflectance,1912.4163529411767,0.014180665309731721,difference of equal-sample representative means; not paired
A0,A0-M00,1,reflectance,1917.877098039216,0.013787098061115388,difference of equal-sample representative means; not paired
A0,A0-M00,1,reflectance,1923.3378431372553,0.013529292665416692,difference of equal-sample representative means; not paired
A0,A0-M00,1,reflectance,1928.7985882352943,0.013205482871446211,difference of equal-sample representative means; not paired
A0,A0-M00,1,reflectance,1934.2593333333336,0.0132262163329106,difference of equal-sample representative means; not paired
A0,A0-M00,1,reflectance,1939.7200784313727,0.013341536001491267,difference of equal-sample representative means; not paired
A0,A0-M00,1,reflectance,1945.180823529412,0.013369539619131371,difference of equal-sample representative means; not paired
A0,A0-M00,1,reflectance,1950.6415686274513,0.013475955162549152,difference of equal-sample representative means; not paired
A0,A0-M00,1,reflectance,1956.1023137254906,0.013667776354836542,difference of equal-sample representative means; not paired
A0,A0-M00,1,reflectance,1961.5630588235294,0.013768469027178432,difference of equal-sample representative means; not paired
A0,A0-M00,1,reflectance,1967.0238039215687,0.013868291951368572,difference of equal-sample representative means; not paired
A0,A0-M00,1,reflectance,1972.484549019608,0.014121728141346823,difference of equal-sample representative means; not paired
A0,A0-M00,1,reflectance,1977.9452941176473,0.014253564240223782,difference of equal-sample representative means; not paired
A0,A0-M00,1,reflectance,1983.4060392156866,0.014332265983465042,difference of equal-sample representative means; not paired
A0,A0-M00,1,reflectance,1988.866784313726,0.014203500421156923,difference of equal-sample representative means; not paired
A0,A0-M00,1,reflectance,1994.3275294117648,0.014181805228462352,difference of equal-sample representative means; not paired
A0,A0-M00,1,reflectance,1999.788274509804,0.014276753275749843,difference of equal-sample representative means; not paired
A0,A0-M00,1,reflectance,2005.2490196078434,0.014002299362407211,difference of equal-sample representative means; not paired
A0,A0-M00,1,reflectance,2010.7097647058827,0.01398286445605873,difference of equal-sample representative means; not paired
A0,A0-M00,1,reflectance,2016.170509803922,0.014073453008184356,difference of equal-sample representative means; not paired
A0,A0-M00,1,reflectance,2021.6312549019613,0.013775218194380656,difference of equal-sample representative means; not paired
A0,A0-M00,1,reflectance,2027.092,0.013578978336436565,difference of equal-sample representative means; not paired
A0,A0-M00,1,reflectance,2032.5527450980394,0.013393715848444399,difference of equal-sample representative means; not paired
A0,A0-M00,1,reflectance,2038.0134901960787,0.013122539871043892,difference of equal-sample representative means; not paired
A0,A0-M00,1,reflectance,2043.474235294118,0.012787817011183311,difference of equal-sample representative means; not paired
A0,A0-M00,1,reflectance,2048.9349803921573,0.01244762746605882,difference of equal-sample representative means; not paired
A0,A0-M00,1,reflectance,2054.3957254901966,0.012406861952651949,difference of equal-sample representative means; not paired
A0,A0-M00,1,reflectance,2059.8564705882354,0.01230692869568717,difference of equal-sample representative means; not paired
A0,A0-M00,1,reflectance,2065.3172156862747,0.01220475644295027,difference of equal-sample representative means; not paired
A0,A0-M00,1,reflectance,2070.777960784314,0.0121885099920101,difference of equal-sample representative means; not paired
A0,A0-M00,1,reflectance,2076.2387058823533,0.012041000744367591,difference of equal-sample representative means; not paired
A0,A0-M00,1,reflectance,2081.6994509803926,0.011929254685662194,difference of equal-sample representative means; not paired
A0,A0-M00,1,reflectance,2087.1601960784315,0.012099760850005248,difference of equal-sample representative means; not paired
A0,A0-M00,1,reflectance,2092.6209411764708,0.01179845166853799,difference of equal-sample representative means; not paired
A0,A0-M00,1,reflectance,2098.08168627451,0.011756261076581731,difference of equal-sample representative means; not paired
A0,A0-M00,1,reflectance,2103.5424313725493,0.011975895237373302,difference of equal-sample representative means; not paired
A0,A0-M00,1,reflectance,2109.0031764705886,0.011850722001517933,difference of equal-sample representative means; not paired
A0,A0-M00,1,reflectance,2114.463921568628,0.011756976547980635,difference of equal-sample representative means; not paired
A0,A0-M00,1,reflectance,2119.924666666667,0.011649049935871847,difference of equal-sample representative means; not paired
A0,A0-M00,1,reflectance,2125.385411764706,0.011564224255301014,difference of equal-sample representative means; not paired
A0,A0-M00,1,reflectance,2130.8461568627454,0.011777398019514884,difference of equal-sample representative means; not paired
A0,A0-M00,1,reflectance,2136.3069019607847,0.01153738998275261,difference of equal-sample representative means; not paired
A0,A0-M00,1,reflectance,2141.767647058824,0.011549796157163172,difference of equal-sample representative means; not paired
A0,A0-M00,1,reflectance,2147.2283921568633,0.011769215814072531,difference of equal-sample representative means; not paired
A0,A0-M00,1,reflectance,2152.689137254902,0.011642783117624289,difference of equal-sample representative means; not paired
A0,A0-M00,1,reflectance,2158.1498823529414,0.011667294279823937,difference of equal-sample representative means; not paired
A0,A0-M00,1,reflectance,2163.6106274509807,0.011947992347189962,difference of equal-sample representative means; not paired
A0,A0-M00,1,reflectance,2169.07137254902,0.012159565939423744,difference of equal-sample representative means; not paired
A0,A0-M00,1,reflectance,2174.5321176470593,0.012132675169487017,difference of equal-sample representative means; not paired
A0,A0-M00,1,reflectance,2179.992862745098,0.012100855474529493,difference of equal-sample representative means; not paired
A0,A0-M00,1,reflectance,2185.4536078431374,0.0121065602514564,difference of equal-sample representative means; not paired
A0,A0-M00,1,reflectance,2190.9143529411767,0.012002225837747127,difference of equal-sample representative means; not paired
A0,A0-M00,1,reflectance,2196.375098039216,0.012042360083300119,difference of equal-sample representative means; not paired
A0,A0-M00,1,reflectance,2201.8358431372553,0.012288008068440714,difference of equal-sample representative means; not paired
A0,A0-M00,1,reflectance,2207.2965882352946,0.012396470340269694,difference of equal-sample representative means; not paired
A0,A0-M00,1,reflectance,2212.7573333333335,0.012169280465266052,difference of equal-sample representative means; not paired
A0,A0-M00,1,reflectance,2218.2180784313728,0.012237272828235779,difference of equal-sample representative means; not paired
A0,A0-M00,1,reflectance,2223.678823529412,0.011818767294072274,difference of equal-sample representative means; not paired
A0,A0-M00,1,reflectance,2229.1395686274514,0.012015029551103673,difference of equal-sample representative means; not paired
A0,A0-M00,1,reflectance,2234.6003137254907,0.011553873042843554,difference of equal-sample representative means; not paired
A0,A0-M00,1,reflectance,2240.06105882353,0.011429809952663073,difference of equal-sample representative means; not paired
A0,A0-M00,1,reflectance,2245.521803921569,0.011566840236079567,difference of equal-sample representative means; not paired
A0,A0-M00,1,reflectance,2250.982549019608,0.011451396006507686,difference of equal-sample representative means; not paired
A0,A0-M00,1,reflectance,2256.4432941176474,0.010976693287281236,difference of equal-sample representative means; not paired
A0,A0-M00,1,reflectance,2261.9040392156867,0.010581179187125395,difference of equal-sample representative means; not paired
A0,A0-M00,1,reflectance,2267.364784313726,0.010638008276585176,difference of equal-sample representative means; not paired
A0,A0-M00,1,reflectance,2272.825529411765,0.011207834383787557,difference of equal-sample representative means; not paired
A0,A0-M00,1,reflectance,2278.286274509804,0.01026097341708973,difference of equal-sample representative means; not paired
A0,A0-M00,1,reflectance,2283.7470196078434,0.00612541525017915,difference of equal-sample representative means; not paired
A0,A0-M00,1,reflectance,2289.2077647058827,0.0008058426564699073,difference of equal-sample representative means; not paired
A0,A0-M00,1,reflectance,2294.668509803922,-0.001435990107574503,difference of equal-sample representative means; not paired
A0,A0-M00,1,reflectance,2300.1292549019613,0.0008902687125612874,difference of equal-sample representative means; not paired
A0,A0-M00,1,reflectance,2305.59,-0.0018615003550528642,difference of equal-sample representative means; not paired
A0,A0-M00,1,snv,913.1,-0.22167742568589943,difference of equal-sample representative means; not paired
A0,A0-M00,1,snv,918.5607450980392,-0.16293724130596665,difference of equal-sample representative means; not paired
A0,A0-M00,1,snv,924.0214901960785,-0.12286959337315007,difference of equal-sample representative means; not paired
A0,A0-M00,1,snv,929.4822352941177,-0.09326726489908799,difference of equal-sample representative means; not paired
A0,A0-M00,1,snv,934.9429803921569,-0.07400898809184642,difference of equal-sample representative means; not paired
A0,A0-M00,1,snv,940.4037254901962,-0.0627593379393101,difference of equal-sample representative means; not paired
A0,A0-M00,1,snv,945.8644705882353,-0.0547992227017251,difference of equal-sample representative means; not paired
A0,A0-M00,1,snv,951.3252156862745,-0.049497773287625835,difference of equal-sample representative means; not paired
A0,A0-M00,1,snv,956.7859607843137,-0.04500121599894258,difference of equal-sample representative means; not paired
A0,A0-M00,1,snv,962.246705882353,-0.039715054203972366,difference of equal-sample representative means; not paired
A0,A0-M00,1,snv,967.7074509803922,-0.03651547815300327,difference of equal-sample representative means; not paired
A0,A0-M00,1,snv,973.1681960784314,-0.033283960506877985,difference of equal-sample representative means; not paired
A0,A0-M00,1,snv,978.6289411764706,-0.029852269473685578,difference of equal-sample representative means; not paired
A0,A0-M00,1,snv,984.0896862745099,-0.02711334666189913,difference of equal-sample representative means; not paired
A0,A0-M00,1,snv,989.550431372549,-0.024355433728787235,difference of equal-sample representative means; not paired
A0,A0-M00,1,snv,995.0111764705882,-0.02240151178738281,difference of equal-sample representative means; not paired
A0,A0-M00,1,snv,1000.4719215686275,-0.021035763592114343,difference of equal-sample representative means; not paired
A0,A0-M00,1,snv,1005.9326666666667,-0.02028020951236531,difference of equal-sample representative means; not paired
A0,A0-M00,1,snv,1011.3934117647059,-0.019548722775550642,difference of equal-sample representative means; not paired
A0,A0-M00,1,snv,1016.8541568627452,-0.019029042242581395,difference of equal-sample representative means; not paired
A0,A0-M00,1,snv,1022.3149019607844,-0.018556198871924723,difference of equal-sample representative means; not paired
A0,A0-M00,1,snv,1027.7756470588236,-0.017310757408678157,difference of equal-sample representative means; not paired
A0,A0-M00,1,snv,1033.2363921568628,-0.016532750546107478,difference of equal-sample representative means; not paired
A0,A0-M00,1,snv,1038.697137254902,-0.015876255281588314,difference of equal-sample representative means; not paired
A0,A0-M00,1,snv,1044.1578823529412,-0.015007385918363259,difference of equal-sample representative means; not paired
A0,A0-M00,1,snv,1049.6186274509805,-0.014108226073264118,difference of equal-sample representative means; not paired
A0,A0-M00,1,snv,1055.0793725490196,-0.013369082290753509,difference of equal-sample representative means; not paired
A0,A0-M00,1,snv,1060.5401176470589,-0.012931062964434137,difference of equal-sample representative means; not paired
A0,A0-M00,1,snv,1066.0008627450982,-0.012598916024345375,difference of equal-sample representative means; not paired
A0,A0-M00,1,snv,1071.4616078431372,-0.011369288930292765,difference of equal-sample representative means; not paired
A0,A0-M00,1,snv,1076.9223529411765,-0.010379283025165442,difference of equal-sample representative means; not paired
A0,A0-M00,1,snv,1082.3830980392158,-0.009549906661540764,difference of equal-sample representative means; not paired
A0,A0-M00,1,snv,1087.843843137255,-0.00952690838022563,difference of equal-sample representative means; not paired
A0,A0-M00,1,snv,1093.3045882352942,-0.00948211512314634,difference of equal-sample representative means; not paired
A0,A0-M00,1,snv,1098.7653333333333,-0.008659473772541393,difference of equal-sample representative means; not paired
A0,A0-M00,1,snv,1104.2260784313726,-0.007326204293244043,difference of equal-sample representative means; not paired
A0,A0-M00,1,snv,1109.6868235294119,-0.006783250471584568,difference of equal-sample representative means; not paired
A0,A0-M00,1,snv,1115.1475686274512,-0.004644857544182868,difference of equal-sample representative means; not paired
A0,A0-M00,1,snv,1120.6083137254902,-0.0036422894589160926,difference of equal-sample representative means; not paired
A0,A0-M00,1,snv,1126.0690588235295,-0.0014480552516416,difference of equal-sample representative means; not paired
A0,A0-M00,1,snv,1131.5298039215686,0.001192761015697874,difference of equal-sample representative means; not paired
A0,A0-M00,1,snv,1136.990549019608,0.0035389459542203294,difference of equal-sample representative means; not paired
A0,A0-M00,1,snv,1142.4512941176472,0.00523312126711617,difference of equal-sample representative means; not paired
A0,A0-M00,1,snv,1147.9120392156863,0.006327832180272885,difference of equal-sample representative means; not paired
A0,A0-M00,1,snv,1153.3727843137256,0.008195380107487882,difference of equal-sample representative means; not paired
A0,A0-M00,1,snv,1158.8335294117649,0.00930490118051197,difference of equal-sample representative means; not paired
A0,A0-M00,1,snv,1164.294274509804,0.00996497070723068,difference of equal-sample representative means; not paired
A0,A0-M00,1,snv,1169.7550196078432,0.011273753815053356,difference of equal-sample representative means; not paired
A0,A0-M00,1,snv,1175.2157647058825,0.012695997497918388,difference of equal-sample representative means; not paired
A0,A0-M00,1,snv,1180.6765098039216,0.013646538584364709,difference of equal-sample representative means; not paired
A0,A0-M00,1,snv,1186.137254901961,0.014385471424825047,difference of equal-sample representative means; not paired
A0,A0-M00,1,snv,1191.598,0.01550730196013661,difference of equal-sample representative means; not paired
A0,A0-M00,1,snv,1197.0587450980393,0.01680176422359614,difference of equal-sample representative means; not paired
A0,A0-M00,1,snv,1202.5194901960786,0.01800759968395982,difference of equal-sample representative means; not paired
A0,A0-M00,1,snv,1207.9802352941178,0.019107799446723472,difference of equal-sample representative means; not paired
A0,A0-M00,1,snv,1213.440980392157,0.022068964819616066,difference of equal-sample representative means; not paired
A0,A0-M00,1,snv,1218.9017254901962,0.02383647991247262,difference of equal-sample representative means; not paired
A0,A0-M00,1,snv,1224.3624705882353,0.021702822864060334,difference of equal-sample representative means; not paired
A0,A0-M00,1,snv,1229.8232156862746,0.022421189418459053,difference of equal-sample representative means; not paired
A0,A0-M00,1,snv,1235.2839607843139,0.02713823577364205,difference of equal-sample representative means; not paired
A0,A0-M00,1,snv,1240.7447058823532,0.023893091457608984,difference of equal-sample representative means; not paired
A0,A0-M00,1,snv,1246.2054509803922,0.023119253614776625,difference of equal-sample representative means; not paired
A0,A0-M00,1,snv,1251.6661960784315,0.023348518209348912,difference of equal-sample representative means; not paired
A0,A0-M00,1,snv,1257.1269411764706,0.02369309250090046,difference of equal-sample representative means; not paired
A0,A0-M00,1,snv,1262.58768627451,0.023976888826984455,difference of equal-sample representative means; not paired
A0,A0-M00,1,snv,1268.0484313725492,0.023601565899392885,difference of equal-sample representative means; not paired
A0,A0-M00,1,snv,1273.5091764705883,0.023957598195994745,difference of equal-sample representative means; not paired
A0,A0-M00,1,snv,1278.9699215686276,0.022650076460200008,difference of equal-sample representative means; not paired
A0,A0-M00,1,snv,1284.4306666666666,0.02308106281381561,difference of equal-sample representative means; not paired
A0,A0-M00,1,snv,1289.891411764706,0.023931373173828208,difference of equal-sample representative means; not paired
A0,A0-M00,1,snv,1295.3521568627452,0.024601054635085218,difference of equal-sample representative means; not paired
A0,A0-M00,1,snv,1300.8129019607845,0.023893974686195252,difference of equal-sample representative means; not paired
A0,A0-M00,1,snv,1306.2736470588236,0.022109422258063338,difference of equal-sample representative means; not paired
A0,A0-M00,1,snv,1311.734392156863,0.026010535482216657,difference of equal-sample representative means; not paired
A0,A0-M00,1,snv,1317.195137254902,0.025630477788132877,difference of equal-sample representative means; not paired
A0,A0-M00,1,snv,1322.6558823529413,0.026419622551306476,difference of equal-sample representative means; not paired
A0,A0-M00,1,snv,1328.1166274509806,0.027153126059515476,difference of equal-sample representative means; not paired
A0,A0-M00,1,snv,1333.5773725490199,0.02736633250576026,difference of equal-sample representative means; not paired
A0,A0-M00,1,snv,1339.038117647059,0.027576487138273986,difference of equal-sample representative means; not paired
A0,A0-M00,1,snv,1344.4988627450982,0.028081769813332547,difference of equal-sample representative means; not paired
A0,A0-M00,1,snv,1349.9596078431373,0.027924640085187358,difference of equal-sample representative means; not paired
A0,A0-M00,1,snv,1355.4203529411766,0.02791688421313221,difference of equal-sample representative means; not paired
A0,A0-M00,1,snv,1360.8810980392159,0.02797739709422109,difference of equal-sample representative means; not paired
A0,A0-M00,1,snv,1366.341843137255,0.028539078720083433,difference of equal-sample representative means; not paired
A0,A0-M00,1,snv,1371.8025882352943,0.028983171896319937,difference of equal-sample representative means; not paired
A0,A0-M00,1,snv,1377.2633333333333,0.029027548559041216,difference of equal-sample representative means; not paired
A0,A0-M00,1,snv,1382.7240784313726,0.028857128663628107,difference of equal-sample representative means; not paired
A0,A0-M00,1,snv,1388.184823529412,0.02898455955939505,difference of equal-sample representative means; not paired
A0,A0-M00,1,snv,1393.6455686274512,0.030018378628389908,difference of equal-sample representative means; not paired
A0,A0-M00,1,snv,1399.1063137254903,0.02880403178397911,difference of equal-sample representative means; not paired
A0,A0-M00,1,snv,1404.5670588235296,0.0294490640262743,difference of equal-sample representative means; not paired
A0,A0-M00,1,snv,1410.0278039215686,0.02969387466126168,difference of equal-sample representative means; not paired
A0,A0-M00,1,snv,1415.488549019608,0.02920275550964875,difference of equal-sample representative means; not paired
A0,A0-M00,1,snv,1420.9492941176472,0.028457302534743795,difference of equal-sample representative means; not paired
A0,A0-M00,1,snv,1426.4100392156865,0.027706680680783857,difference of equal-sample representative means; not paired
A0,A0-M00,1,snv,1431.8707843137256,0.026437911372438616,difference of equal-sample representative means; not paired
A0,A0-M00,1,snv,1437.3315294117647,0.025802674464924347,difference of equal-sample representative means; not paired
A0,A0-M00,1,snv,1442.792274509804,0.025287086956476634,difference of equal-sample representative means; not paired
A0,A0-M00,1,snv,1448.2530196078433,0.02538172893249324,difference of equal-sample representative means; not paired
A0,A0-M00,1,snv,1453.7137647058826,0.025133793700761964,difference of equal-sample representative means; not paired
A0,A0-M00,1,snv,1459.1745098039219,0.02486722559676635,difference of equal-sample representative means; not paired
A0,A0-M00,1,snv,1464.635254901961,0.025119391610048947,difference of equal-sample representative means; not paired
A0,A0-M00,1,snv,1470.096,0.02552120883672182,difference of equal-sample representative means; not paired
A0,A0-M00,1,snv,1475.5567450980393,0.025767759143479285,difference of equal-sample representative means; not paired
A0,A0-M00,1,snv,1481.0174901960786,0.026136057062676965,difference of equal-sample representative means; not paired
A0,A0-M00,1,snv,1486.478235294118,0.02633019493744393,difference of equal-sample representative means; not paired
A0,A0-M00,1,snv,1491.938980392157,0.026628751663163697,difference of equal-sample representative means; not paired
A0,A0-M00,1,snv,1497.3997254901963,0.027127558611276248,difference of equal-sample representative means; not paired
A0,A0-M00,1,snv,1502.8604705882353,0.027529898173631717,difference of equal-sample representative means; not paired
A0,A0-M00,1,snv,1508.3212156862746,0.02764231229166536,difference of equal-sample representative means; not paired
A0,A0-M00,1,snv,1513.781960784314,0.028189788007757066,difference of equal-sample representative means; not paired
A0,A0-M00,1,snv,1519.2427058823532,0.028302397560273085,difference of equal-sample representative means; not paired
A0,A0-M00,1,snv,1524.7034509803923,0.02881088822749589,difference of equal-sample representative means; not paired
A0,A0-M00,1,snv,1530.1641960784316,0.02895607505530562,difference of equal-sample representative means; not paired
A0,A0-M00,1,snv,1535.6249411764707,0.02907447335673069,difference of equal-sample representative means; not paired
A0,A0-M00,1,snv,1541.08568627451,0.0289506329297074,difference of equal-sample representative means; not paired
A0,A0-M00,1,snv,1546.5464313725493,0.028456878613548953,difference of equal-sample representative means; not paired
A0,A0-M00,1,snv,1552.0071764705885,0.02827751282696017,difference of equal-sample representative means; not paired
A0,A0-M00,1,snv,1557.4679215686276,0.028830659468536413,difference of equal-sample representative means; not paired
A0,A0-M00,1,snv,1562.9286666666667,0.027664307856451797,difference of equal-sample representative means; not paired
A0,A0-M00,1,snv,1568.389411764706,0.028023410391995962,difference of equal-sample representative means; not paired
A0,A0-M00,1,snv,1573.8501568627453,0.028375722965183037,difference of equal-sample representative means; not paired
A0,A0-M00,1,snv,1579.3109019607846,0.028109279905137674,difference of equal-sample representative means; not paired
A0,A0-M00,1,snv,1584.7716470588239,0.02777103895074623,difference of equal-sample representative means; not paired
A0,A0-M00,1,snv,1590.232392156863,0.027940196835717968,difference of equal-sample representative means; not paired
A0,A0-M00,1,snv,1595.693137254902,0.027477642886584885,difference of equal-sample representative means; not paired
A0,A0-M00,1,snv,1601.1538823529413,0.02696506932023157,difference of equal-sample representative means; not paired
A0,A0-M00,1,snv,1606.6146274509806,0.026710585336318426,difference of equal-sample representative means; not paired
A0,A0-M00,1,snv,1612.07537254902,0.026207827165966646,difference of equal-sample representative means; not paired
A0,A0-M00,1,snv,1617.536117647059,0.02546225697726734,difference of equal-sample representative means; not paired
A0,A0-M00,1,snv,1622.9968627450983,0.024298931168788007,difference of equal-sample representative means; not paired
A0,A0-M00,1,snv,1628.4576078431373,0.022833490731686584,difference of equal-sample representative means; not paired
A0,A0-M00,1,snv,1633.9183529411766,0.02169800008460454,difference of equal-sample representative means; not paired
A0,A0-M00,1,snv,1639.379098039216,0.020283724716629203,difference of equal-sample representative means; not paired
A0,A0-M00,1,snv,1644.8398431372552,0.018786893676859734,difference of equal-sample representative means; not paired
A0,A0-M00,1,snv,1650.3005882352943,0.017140721135986664,difference of equal-sample representative means; not paired
A0,A0-M00,1,snv,1655.7613333333334,0.014857319839425703,difference of equal-sample representative means; not paired
A0,A0-M00,1,snv,1661.2220784313727,0.012947255372419392,difference of equal-sample representative means; not paired
A0,A0-M00,1,snv,1666.682823529412,0.011564821787835411,difference of equal-sample representative means; not paired
A0,A0-M00,1,snv,1672.1435686274513,0.009961855782991025,difference of equal-sample representative means; not paired
A0,A0-M00,1,snv,1677.6043137254906,0.008756453508115547,difference of equal-sample representative means; not paired
A0,A0-M00,1,snv,1683.0650588235296,0.00783468009412891,difference of equal-sample representative means; not paired
A0,A0-M00,1,snv,1688.5258039215687,0.006979728725032219,difference of equal-sample representative means; not paired
A0,A0-M00,1,snv,1693.986549019608,0.006144377346558427,difference of equal-sample representative means; not paired
A0,A0-M00,1,snv,1699.4472941176473,0.005373260541836511,difference of equal-sample representative means; not paired
A0,A0-M00,1,snv,1704.9080392156866,0.0050532471895337605,difference of equal-sample representative means; not paired
A0,A0-M00,1,snv,1710.3687843137257,0.005218392679685713,difference of equal-sample representative means; not paired
A0,A0-M00,1,snv,1715.829529411765,0.005329151139770283,difference of equal-sample representative means; not paired
A0,A0-M00,1,snv,1721.290274509804,0.006259545913668674,difference of equal-sample representative means; not paired
A0,A0-M00,1,snv,1726.7510196078433,0.005193903310126424,difference of equal-sample representative means; not paired
A0,A0-M00,1,snv,1732.2117647058826,0.0048882241217498845,difference of equal-sample representative means; not paired
A0,A0-M00,1,snv,1737.672509803922,0.005297821653085233,difference of equal-sample representative means; not paired
A0,A0-M00,1,snv,1743.133254901961,0.005680947911838874,difference of equal-sample representative means; not paired
A0,A0-M00,1,snv,1748.594,0.0057246071374276175,difference of equal-sample representative means; not paired
A0,A0-M00,1,snv,1754.0547450980393,0.0057748266526956304,difference of equal-sample representative means; not paired
A0,A0-M00,1,snv,1759.5154901960786,0.006268051685277276,difference of equal-sample representative means; not paired
A0,A0-M00,1,snv,1764.976235294118,0.007227925586712147,difference of equal-sample representative means; not paired
A0,A0-M00,1,snv,1770.4369803921572,0.00787269421037684,difference of equal-sample representative means; not paired
A0,A0-M00,1,snv,1775.8977254901963,0.008340897950790904,difference of equal-sample representative means; not paired
A0,A0-M00,1,snv,1781.3584705882354,0.00847432839174117,difference of equal-sample representative means; not paired
A0,A0-M00,1,snv,1786.8192156862747,0.008390274762085037,difference of equal-sample representative means; not paired
A0,A0-M00,1,snv,1792.279960784314,0.00845985126064025,difference of equal-sample representative means; not paired
A0,A0-M00,1,snv,1797.7407058823533,0.008853669317573643,difference of equal-sample representative means; not paired
A0,A0-M00,1,snv,1803.2014509803923,0.008507773756344705,difference of equal-sample representative means; not paired
A0,A0-M00,1,snv,1808.6621960784316,0.00863325504477691,difference of equal-sample representative means; not paired
A0,A0-M00,1,snv,1814.1229411764707,0.008165430464676382,difference of equal-sample representative means; not paired
A0,A0-M00,1,snv,1819.58368627451,0.005489073406943434,difference of equal-sample representative means; not paired
A0,A0-M00,1,snv,1825.0444313725493,0.004855242280944416,difference of equal-sample representative means; not paired
A0,A0-M00,1,snv,1830.5051764705886,0.006556544595507696,difference of equal-sample representative means; not paired
A0,A0-M00,1,snv,1835.9659215686277,0.007296273274971898,difference of equal-sample representative means; not paired
A0,A0-M00,1,snv,1841.4266666666667,0.006646693845659468,difference of equal-sample representative means; not paired
A0,A0-M00,1,snv,1846.887411764706,0.00584591537636725,difference of equal-sample representative means; not paired
A0,A0-M00,1,snv,1852.3481568627453,0.006980695369147527,difference of equal-sample representative means; not paired
A0,A0-M00,1,snv,1857.8089019607846,0.011198997768780694,difference of equal-sample representative means; not paired
A0,A0-M00,1,snv,1863.269647058824,0.010301900193919467,difference of equal-sample representative means; not paired
A0,A0-M00,1,snv,1868.730392156863,0.007829075479963032,difference of equal-sample representative means; not paired
A0,A0-M00,1,snv,1874.191137254902,0.008135088620326913,difference of equal-sample representative means; not paired
A0,A0-M00,1,snv,1879.6518823529414,0.009157202290054067,difference of equal-sample representative means; not paired
A0,A0-M00,1,snv,1885.1126274509807,0.009730793258646842,difference of equal-sample representative means; not paired
A0,A0-M00,1,snv,1890.57337254902,0.008977733167989221,difference of equal-sample representative means; not paired
A0,A0-M00,1,snv,1896.034117647059,0.00815689626094751,difference of equal-sample representative means; not paired
A0,A0-M00,1,snv,1901.4948627450983,0.005070304909353118,difference of equal-sample representative means; not paired
A0,A0-M00,1,snv,1906.9556078431374,0.0024085478413274908,difference of equal-sample representative means; not paired
A0,A0-M00,1,snv,1912.4163529411767,0.0008240778414738692,difference of equal-sample representative means; not paired
A0,A0-M00,1,snv,1917.877098039216,-0.0007348184457369733,difference of equal-sample representative means; not paired
A0,A0-M00,1,snv,1923.3378431372553,-0.002294963085088808,difference of equal-sample representative means; not paired
A0,A0-M00,1,snv,1928.7985882352943,-0.0036782086825377647,difference of equal-sample representative means; not paired
A0,A0-M00,1,snv,1934.2593333333336,-0.0034323677961614063,difference of equal-sample representative means; not paired
A0,A0-M00,1,snv,1939.7200784313727,-0.0028453377772008626,difference of equal-sample representative means; not paired
A0,A0-M00,1,snv,1945.180823529412,-0.002877267963174557,difference of equal-sample representative means; not paired
A0,A0-M00,1,snv,1950.6415686274513,-0.0023956294208851148,difference of equal-sample representative means; not paired
A0,A0-M00,1,snv,1956.1023137254906,-0.0013479292936291465,difference of equal-sample representative means; not paired
A0,A0-M00,1,snv,1961.5630588235294,-0.000991374769181208,difference of equal-sample representative means; not paired
A0,A0-M00,1,snv,1967.0238039215687,-0.0011066814400204628,difference of equal-sample representative means; not paired
A0,A0-M00,1,snv,1972.484549019608,-7.421559451370463e-05,difference of equal-sample representative means; not paired
A0,A0-M00,1,snv,1977.9452941176473,0.00019734659268899613,difference of equal-sample representative means; not paired
A0,A0-M00,1,snv,1983.4060392156866,6.434196741800235e-05,difference of equal-sample representative means; not paired
A0,A0-M00,1,snv,1988.866784313726,-0.0014060905004422697,difference of equal-sample representative means; not paired
A0,A0-M00,1,snv,1994.3275294117648,-0.0023520936583425467,difference of equal-sample representative means; not paired
A0,A0-M00,1,snv,1999.788274509804,-0.0026887962112713826,difference of equal-sample representative means; not paired
A0,A0-M00,1,snv,2005.2490196078434,-0.005156798351736991,difference of equal-sample representative means; not paired
A0,A0-M00,1,snv,2010.7097647058827,-0.005615994618600961,difference of equal-sample representative means; not paired
A0,A0-M00,1,snv,2016.170509803922,-0.005058974271155869,difference of equal-sample representative means; not paired
A0,A0-M00,1,snv,2021.6312549019613,-0.007836743631867815,difference of equal-sample representative means; not paired
A0,A0-M00,1,snv,2027.092,-0.009136044598645365,difference of equal-sample representative means; not paired
A0,A0-M00,1,snv,2032.5527450980394,-0.010084698356536914,difference of equal-sample representative means; not paired
A0,A0-M00,1,snv,2038.0134901960787,-0.0116072957410297,difference of equal-sample representative means; not paired
A0,A0-M00,1,snv,2043.474235294118,-0.013528667581846676,difference of equal-sample representative means; not paired
A0,A0-M00,1,snv,2048.9349803921573,-0.015832318061860362,difference of equal-sample representative means; not paired
A0,A0-M00,1,snv,2054.3957254901966,-0.015699272541742415,difference of equal-sample representative means; not paired
A0,A0-M00,1,snv,2059.8564705882354,-0.016544150393950074,difference of equal-sample representative means; not paired
A0,A0-M00,1,snv,2065.3172156862747,-0.016482056937607625,difference of equal-sample representative means; not paired
A0,A0-M00,1,snv,2070.777960784314,-0.016429341049493562,difference of equal-sample representative means; not paired
A0,A0-M00,1,snv,2076.2387058823533,-0.017367138846982266,difference of equal-sample representative means; not paired
A0,A0-M00,1,snv,2081.6994509803926,-0.01772688560573088,difference of equal-sample representative means; not paired
A0,A0-M00,1,snv,2087.1601960784315,-0.01627751029409552,difference of equal-sample representative means; not paired
A0,A0-M00,1,snv,2092.6209411764708,-0.018291723272397364,difference of equal-sample representative means; not paired
A0,A0-M00,1,snv,2098.08168627451,-0.01845607590421361,difference of equal-sample representative means; not paired
A0,A0-M00,1,snv,2103.5424313725493,-0.016376934442244195,difference of equal-sample representative means; not paired
A0,A0-M00,1,snv,2109.0031764705886,-0.017246467793739173,difference of equal-sample representative means; not paired
A0,A0-M00,1,snv,2114.463921568628,-0.01804347780447979,difference of equal-sample representative means; not paired
A0,A0-M00,1,snv,2119.924666666667,-0.018800450302278282,difference of equal-sample representative means; not paired
A0,A0-M00,1,snv,2125.385411764706,-0.019252024371407828,difference of equal-sample representative means; not paired
A0,A0-M00,1,snv,2130.8461568627454,-0.017628851197636353,difference of equal-sample representative means; not paired
A0,A0-M00,1,snv,2136.3069019607847,-0.01936875520893233,difference of equal-sample representative means; not paired
A0,A0-M00,1,snv,2141.767647058824,-0.01863555862926769,difference of equal-sample representative means; not paired
A0,A0-M00,1,snv,2147.2283921568633,-0.017830451761795985,difference of equal-sample representative means; not paired
A0,A0-M00,1,snv,2152.689137254902,-0.018824701704108993,difference of equal-sample representative means; not paired
A0,A0-M00,1,snv,2158.1498823529414,-0.018680592375245553,difference of equal-sample representative means; not paired
A0,A0-M00,1,snv,2163.6106274509807,-0.01680754877906443,difference of equal-sample representative means; not paired
A0,A0-M00,1,snv,2169.07137254902,-0.015159061347681524,difference of equal-sample representative means; not paired
A0,A0-M00,1,snv,2174.5321176470593,-0.015031602205647476,difference of equal-sample representative means; not paired
A0,A0-M00,1,snv,2179.992862745098,-0.014601800316473512,difference of equal-sample representative means; not paired
A0,A0-M00,1,snv,2185.4536078431374,-0.014799495167250654,difference of equal-sample representative means; not paired
A0,A0-M00,1,snv,2190.9143529411767,-0.01574136871880738,difference of equal-sample representative means; not paired
A0,A0-M00,1,snv,2196.375098039216,-0.015356044456692142,difference of equal-sample representative means; not paired
A0,A0-M00,1,snv,2201.8358431372553,-0.013319285785594048,difference of equal-sample representative means; not paired
A0,A0-M00,1,snv,2207.2965882352946,-0.011938386846045534,difference of equal-sample representative means; not paired
A0,A0-M00,1,snv,2212.7573333333335,-0.012819267511487542,difference of equal-sample representative means; not paired
A0,A0-M00,1,snv,2218.2180784313728,-0.012896245151218566,difference of equal-sample representative means; not paired
A0,A0-M00,1,snv,2223.678823529412,-0.0171461238766768,difference of equal-sample representative means; not paired
A0,A0-M00,1,snv,2229.1395686274514,-0.016396564766860022,difference of equal-sample representative means; not paired
A0,A0-M00,1,snv,2234.6003137254907,-0.018994395527705987,difference of equal-sample representative means; not paired
A0,A0-M00,1,snv,2240.06105882353,-0.01955342568785101,difference of equal-sample representative means; not paired
A0,A0-M00,1,snv,2245.521803921569,-0.01795168058485075,difference of equal-sample representative means; not paired
A0,A0-M00,1,snv,2250.982549019608,-0.01850921373650083,difference of equal-sample representative means; not paired
A0,A0-M00,1,snv,2256.4432941176474,-0.02288398881900111,difference of equal-sample representative means; not paired
A0,A0-M00,1,snv,2261.9040392156867,-0.021853252771218967,difference of equal-sample representative means; not paired
A0,A0-M00,1,snv,2267.364784313726,-0.022120502832083,difference of equal-sample representative means; not paired
A0,A0-M00,1,snv,2272.825529411765,-0.019318911177806264,difference of equal-sample representative means; not paired
A0,A0-M00,1,snv,2278.286274509804,-0.023085016704373906,difference of equal-sample representative means; not paired
A0,A0-M00,1,snv,2283.7470196078434,-0.047214058239874346,difference of equal-sample representative means; not paired
A0,A0-M00,1,snv,2289.2077647058827,-0.07923544484546197,difference of equal-sample representative means; not paired
A0,A0-M00,1,snv,2294.668509803922,-0.09280579486176288,difference of equal-sample representative means; not paired
A0,A0-M00,1,snv,2300.1292549019613,-0.08044184809229304,difference of equal-sample representative means; not paired
A0,A0-M00,1,snv,2305.59,-0.09498175382036766,difference of equal-sample representative means; not paired
A0,A0-M00,1,second_derivative,913.1,4.08243465850935e-05,difference of equal-sample representative means; not paired
A0,A0-M00,1,second_derivative,918.5607450980392,4.08243465850935e-05,difference of equal-sample representative means; not paired
A0,A0-M00,1,second_derivative,924.0214901960785,4.08243465850935e-05,difference of equal-sample representative means; not paired
A0,A0-M00,1,second_derivative,929.4822352941177,4.0824346585093565e-05,difference of equal-sample representative means; not paired
A0,A0-M00,1,second_derivative,934.9429803921569,2.4342205749538316e-05,difference of equal-sample representative means; not paired
A0,A0-M00,1,second_derivative,940.4037254901962,1.5259650022530523e-05,difference of equal-sample representative means; not paired
A0,A0-M00,1,second_derivative,945.8644705882353,7.802738163777388e-06,difference of equal-sample representative means; not paired
A0,A0-M00,1,second_derivative,951.3252156862745,3.86157749676911e-06,difference of equal-sample representative means; not paired
A0,A0-M00,1,second_derivative,956.7859607843137,2.415213086745443e-06,difference of equal-sample representative means; not paired
A0,A0-M00,1,second_derivative,962.246705882353,1.4990523314699243e-06,difference of equal-sample representative means; not paired
A0,A0-M00,1,second_derivative,967.7074509803922,1.2991065320523504e-06,difference of equal-sample representative means; not paired
A0,A0-M00,1,second_derivative,973.1681960784314,1.124278104176817e-06,difference of equal-sample representative means; not paired
A0,A0-M00,1,second_derivative,978.6289411764706,7.82064473130299e-07,difference of equal-sample representative means; not paired
A0,A0-M00,1,second_derivative,984.0896862745099,1.5023771281715261e-06,difference of equal-sample representative means; not paired
A0,A0-M00,1,second_derivative,989.550431372549,2.0807793240983477e-06,difference of equal-sample representative means; not paired
A0,A0-M00,1,second_derivative,995.0111764705882,2.0314376663565642e-06,difference of equal-sample representative means; not paired
A0,A0-M00,1,second_derivative,1000.4719215686275,1.6689115955522333e-06,difference of equal-sample representative means; not paired
A0,A0-M00,1,second_derivative,1005.9326666666667,9.97283458126455e-07,difference of equal-sample representative means; not paired
A0,A0-M00,1,second_derivative,1011.3934117647059,1.8487345237072045e-07,difference of equal-sample representative means; not paired
A0,A0-M00,1,second_derivative,1016.8541568627452,-1.9960479240362494e-07,difference of equal-sample representative means; not paired
A0,A0-M00,1,second_derivative,1022.3149019607844,-1.846025868373259e-07,difference of equal-sample representative means; not paired
A0,A0-M00,1,second_derivative,1027.7756470588236,-7.055368224909219e-08,difference of equal-sample representative means; not paired
A0,A0-M00,1,second_derivative,1033.2363921568628,2.528562463772681e-08,difference of equal-sample representative means; not paired
A0,A0-M00,1,second_derivative,1038.697137254902,5.0597381533610976e-08,difference of equal-sample representative means; not paired
A0,A0-M00,1,second_derivative,1044.1578823529412,1.1297128849200888e-08,difference of equal-sample representative means; not paired
A0,A0-M00,1,second_derivative,1049.6186274509805,2.0737061610387784e-07,difference of equal-sample representative means; not paired
A0,A0-M00,1,second_derivative,1055.0793725490196,5.090152912253692e-08,difference of equal-sample representative means; not paired
A0,A0-M00,1,second_derivative,1060.5401176470589,-1.472375521215654e-07,difference of equal-sample representative means; not paired
A0,A0-M00,1,second_derivative,1066.0008627450982,-2.3463578202212073e-07,difference of equal-sample representative means; not paired
A0,A0-M00,1,second_derivative,1071.4616078431372,1.5886803880115698e-07,difference of equal-sample representative means; not paired
A0,A0-M00,1,second_derivative,1076.9223529411765,7.185161743862559e-07,difference of equal-sample representative means; not paired
A0,A0-M00,1,second_derivative,1082.3830980392158,7.129908746585657e-07,difference of equal-sample representative means; not paired
A0,A0-M00,1,second_derivative,1087.843843137255,-1.5200107779310996e-07,difference of equal-sample representative means; not paired
A0,A0-M00,1,second_derivative,1093.3045882352942,-6.637230020463567e-07,difference of equal-sample representative means; not paired
A0,A0-M00,1,second_derivative,1098.7653333333333,-1.3513100362844443e-06,difference of equal-sample representative means; not paired
A0,A0-M00,1,second_derivative,1104.2260784313726,-1.2445511394286137e-06,difference of equal-sample representative means; not paired
A0,A0-M00,1,second_derivative,1109.6868235294119,-1.281814730757655e-06,difference of equal-sample representative means; not paired
A0,A0-M00,1,second_derivative,1115.1475686274512,-1.6245383038582045e-06,difference of equal-sample representative means; not paired
A0,A0-M00,1,second_derivative,1120.6083137254902,-1.685794309250679e-06,difference of equal-sample representative means; not paired
A0,A0-M00,1,second_derivative,1126.0690588235295,-9.278796010032535e-07,difference of equal-sample representative means; not paired
A0,A0-M00,1,second_derivative,1131.5298039215686,-9.042710697320092e-08,difference of equal-sample representative means; not paired
A0,A0-M00,1,second_derivative,1136.990549019608,6.186465203156838e-07,difference of equal-sample representative means; not paired
A0,A0-M00,1,second_derivative,1142.4512941176472,7.098385270402672e-07,difference of equal-sample representative means; not paired
A0,A0-M00,1,second_derivative,1147.9120392156863,4.888120946081192e-07,difference of equal-sample representative means; not paired
A0,A0-M00,1,second_derivative,1153.3727843137256,1.979971739850094e-07,difference of equal-sample representative means; not paired
A0,A0-M00,1,second_derivative,1158.8335294117649,1.7412489605565287e-07,difference of equal-sample representative means; not paired
A0,A0-M00,1,second_derivative,1164.294274509804,4.1716200727682385e-07,difference of equal-sample representative means; not paired
A0,A0-M00,1,second_derivative,1169.7550196078432,2.9936019203821353e-07,difference of equal-sample representative means; not paired
A0,A0-M00,1,second_derivative,1175.2157647058825,1.479926932155709e-07,difference of equal-sample representative means; not paired
A0,A0-M00,1,second_derivative,1180.6765098039216,2.0634802729729658e-07,difference of equal-sample representative means; not paired
A0,A0-M00,1,second_derivative,1186.137254901961,2.0526289395120226e-07,difference of equal-sample representative means; not paired
A0,A0-M00,1,second_derivative,1191.598,3.569146724308219e-07,difference of equal-sample representative means; not paired
A0,A0-M00,1,second_derivative,1197.0587450980393,1.5516508794575622e-07,difference of equal-sample representative means; not paired
A0,A0-M00,1,second_derivative,1202.5194901960786,1.0335031430699747e-07,difference of equal-sample representative means; not paired
A0,A0-M00,1,second_derivative,1207.9802352941178,1.078435020381082e-06,difference of equal-sample representative means; not paired
A0,A0-M00,1,second_derivative,1213.440980392157,1.7536452367681918e-06,difference of equal-sample representative means; not paired
A0,A0-M00,1,second_derivative,1218.9017254901962,7.649853685989494e-07,difference of equal-sample representative means; not paired
A0,A0-M00,1,second_derivative,1224.3624705882353,1.2619947265482155e-06,difference of equal-sample representative means; not paired
A0,A0-M00,1,second_derivative,1229.8232156862746,1.0822900045521456e-06,difference of equal-sample representative means; not paired
A0,A0-M00,1,second_derivative,1235.2839607843139,8.569265888866272e-07,difference of equal-sample representative means; not paired
A0,A0-M00,1,second_derivative,1240.7447058823532,9.786246559722539e-07,difference of equal-sample representative means; not paired
A0,A0-M00,1,second_derivative,1246.2054509803922,-3.225976033615797e-08,difference of equal-sample representative means; not paired
A0,A0-M00,1,second_derivative,1251.6661960784315,-1.1514303623070718e-06,difference of equal-sample representative means; not paired
A0,A0-M00,1,second_derivative,1257.1269411764706,-2.8791790002830144e-07,difference of equal-sample representative means; not paired
A0,A0-M00,1,second_derivative,1262.58768627451,5.432101147952718e-07,difference of equal-sample representative means; not paired
A0,A0-M00,1,second_derivative,1268.0484313725492,3.943133652355678e-07,difference of equal-sample representative means; not paired
A0,A0-M00,1,second_derivative,1273.5091764705883,-1.7513587473670323e-07,difference of equal-sample representative means; not paired
A0,A0-M00,1,second_derivative,1278.9699215686276,-6.621718615504965e-07,difference of equal-sample representative means; not paired
A0,A0-M00,1,second_derivative,1284.4306666666666,-2.9188085518360865e-07,difference of equal-sample representative means; not paired
A0,A0-M00,1,second_derivative,1289.891411764706,6.640621645965997e-07,difference of equal-sample representative means; not paired
A0,A0-M00,1,second_derivative,1295.3521568627452,-5.216478624648004e-07,difference of equal-sample representative means; not paired
A0,A0-M00,1,second_derivative,1300.8129019607845,-1.3626363963441831e-06,difference of equal-sample representative means; not paired
A0,A0-M00,1,second_derivative,1306.2736470588236,-1.979192481613543e-06,difference of equal-sample representative means; not paired
A0,A0-M00,1,second_derivative,1311.734392156863,-1.7981170302808913e-06,difference of equal-sample representative means; not paired
A0,A0-M00,1,second_derivative,1317.195137254902,-5.036902101011143e-07,difference of equal-sample representative means; not paired
A0,A0-M00,1,second_derivative,1322.6558823529413,4.971474089038891e-07,difference of equal-sample representative means; not paired
A0,A0-M00,1,second_derivative,1328.1166274509806,-1.0133528549027658e-06,difference of equal-sample representative means; not paired
A0,A0-M00,1,second_derivative,1333.5773725490199,-5.438342559805186e-07,difference of equal-sample representative means; not paired
A0,A0-M00,1,second_derivative,1339.038117647059,-4.5370347720820515e-07,difference of equal-sample representative means; not paired
A0,A0-M00,1,second_derivative,1344.4988627450982,-1.0863885416534234e-07,difference of equal-sample representative means; not paired
A0,A0-M00,1,second_derivative,1349.9596078431373,7.61441905696826e-08,difference of equal-sample representative means; not paired
A0,A0-M00,1,second_derivative,1355.4203529411766,6.020738611619363e-08,difference of equal-sample representative means; not paired
A0,A0-M00,1,second_derivative,1360.8810980392159,1.4639717627476723e-07,difference of equal-sample representative means; not paired
A0,A0-M00,1,second_derivative,1366.341843137255,6.001008370706416e-07,difference of equal-sample representative means; not paired
A0,A0-M00,1,second_derivative,1371.8025882352943,7.069986766715515e-07,difference of equal-sample representative means; not paired
A0,A0-M00,1,second_derivative,1377.2633333333333,-1.563543412177156e-07,difference of equal-sample representative means; not paired
A0,A0-M00,1,second_derivative,1382.7240784313726,-9.204572726489974e-07,difference of equal-sample representative means; not paired
A0,A0-M00,1,second_derivative,1388.184823529412,-1.895986033049381e-06,difference of equal-sample representative means; not paired
A0,A0-M00,1,second_derivative,1393.6455686274512,-2.3937389123847183e-06,difference of equal-sample representative means; not paired
A0,A0-M00,1,second_derivative,1399.1063137254903,-2.0872823543745093e-06,difference of equal-sample representative means; not paired
A0,A0-M00,1,second_derivative,1404.5670588235296,-1.4518612040978187e-06,difference of equal-sample representative means; not paired
A0,A0-M00,1,second_derivative,1410.0278039215686,-8.642370764679784e-07,difference of equal-sample representative means; not paired
A0,A0-M00,1,second_derivative,1415.488549019608,1.0462791976867424e-06,difference of equal-sample representative means; not paired
A0,A0-M00,1,second_derivative,1420.9492941176472,2.0828681984208687e-06,difference of equal-sample representative means; not paired
A0,A0-M00,1,second_derivative,1426.4100392156865,2.492695124238717e-06,difference of equal-sample representative means; not paired
A0,A0-M00,1,second_derivative,1431.8707843137256,2.1907529023099326e-06,difference of equal-sample representative means; not paired
A0,A0-M00,1,second_derivative,1437.3315294117647,1.6541669464406345e-06,difference of equal-sample representative means; not paired
A0,A0-M00,1,second_derivative,1442.792274509804,1.1600310538444823e-06,difference of equal-sample representative means; not paired
A0,A0-M00,1,second_derivative,1448.2530196078433,9.891124849787427e-07,difference of equal-sample representative means; not paired
A0,A0-M00,1,second_derivative,1453.7137647058826,4.999573476771358e-07,difference of equal-sample representative means; not paired
A0,A0-M00,1,second_derivative,1459.1745098039219,8.825433402369343e-08,difference of equal-sample representative means; not paired
A0,A0-M00,1,second_derivative,1464.635254901961,-2.2424718188342768e-07,difference of equal-sample representative means; not paired
A0,A0-M00,1,second_derivative,1470.096,2.574263735924531e-07,difference of equal-sample representative means; not paired
A0,A0-M00,1,second_derivative,1475.5567450980393,8.398921572629457e-07,difference of equal-sample representative means; not paired
A0,A0-M00,1,second_derivative,1481.0174901960786,8.185012021373098e-07,difference of equal-sample representative means; not paired
A0,A0-M00,1,second_derivative,1486.478235294118,5.609307339910866e-07,difference of equal-sample representative means; not paired
A0,A0-M00,1,second_derivative,1491.938980392157,5.302454498858834e-07,difference of equal-sample representative means; not paired
A0,A0-M00,1,second_derivative,1497.3997254901963,2.955034932946538e-07,difference of equal-sample representative means; not paired
A0,A0-M00,1,second_derivative,1502.8604705882353,4.849770911164658e-07,difference of equal-sample representative means; not paired
A0,A0-M00,1,second_derivative,1508.3212156862746,2.1408898178445578e-07,difference of equal-sample representative means; not paired
A0,A0-M00,1,second_derivative,1513.781960784314,-1.5919566675554688e-08,difference of equal-sample representative means; not paired
A0,A0-M00,1,second_derivative,1519.2427058823532,-1.0729512128149552e-07,difference of equal-sample representative means; not paired
A0,A0-M00,1,second_derivative,1524.7034509803923,9.793671891307605e-08,difference of equal-sample representative means; not paired
A0,A0-M00,1,second_derivative,1530.1641960784316,3.531799944173521e-07,difference of equal-sample representative means; not paired
A0,A0-M00,1,second_derivative,1535.6249411764707,4.6823121923412825e-07,difference of equal-sample representative means; not paired
A0,A0-M00,1,second_derivative,1541.08568627451,-1.6100749735487865e-07,difference of equal-sample representative means; not paired
A0,A0-M00,1,second_derivative,1546.5464313725493,4.89005487340201e-07,difference of equal-sample representative means; not paired
A0,A0-M00,1,second_derivative,1552.0071764705885,1.8927512291492475e-07,difference of equal-sample representative means; not paired
A0,A0-M00,1,second_derivative,1557.4679215686276,-3.1726218397962447e-07,difference of equal-sample representative means; not paired
A0,A0-M00,1,second_derivative,1562.9286666666667,-2.6251274375588943e-07,difference of equal-sample representative means; not paired
A0,A0-M00,1,second_derivative,1568.389411764706,-2.129463939323306e-07,difference of equal-sample representative means; not paired
A0,A0-M00,1,second_derivative,1573.8501568627453,-2.627496076231486e-07,difference of equal-sample representative means; not paired
A0,A0-M00,1,second_derivative,1579.3109019607846,8.501672588553342e-07,difference of equal-sample representative means; not paired
A0,A0-M00,1,second_derivative,1584.7716470588239,9.838876527880419e-07,difference of equal-sample representative means; not paired
A0,A0-M00,1,second_derivative,1590.232392156863,8.589471797773472e-07,difference of equal-sample representative means; not paired
A0,A0-M00,1,second_derivative,1595.693137254902,1.0109342235949264e-06,difference of equal-sample representative means; not paired
A0,A0-M00,1,second_derivative,1601.1538823529413,1.0042406440220357e-06,difference of equal-sample representative means; not paired
A0,A0-M00,1,second_derivative,1606.6146274509806,7.801536382352985e-07,difference of equal-sample representative means; not paired
A0,A0-M00,1,second_derivative,1612.07537254902,9.765464386257663e-07,difference of equal-sample representative means; not paired
A0,A0-M00,1,second_derivative,1617.536117647059,7.874928905776086e-07,difference of equal-sample representative means; not paired
A0,A0-M00,1,second_derivative,1622.9968627450983,2.8301136056933256e-07,difference of equal-sample representative means; not paired
A0,A0-M00,1,second_derivative,1628.4576078431373,-1.44095963433757e-07,difference of equal-sample representative means; not paired
A0,A0-M00,1,second_derivative,1633.9183529411766,-3.572417355094751e-07,difference of equal-sample representative means; not paired
A0,A0-M00,1,second_derivative,1639.379098039216,-7.59386649409698e-08,difference of equal-sample representative means; not paired
A0,A0-M00,1,second_derivative,1644.8398431372552,9.47726196798797e-08,difference of equal-sample representative means; not paired
A0,A0-M00,1,second_derivative,1650.3005882352943,-3.1792525384687114e-07,difference of equal-sample representative means; not paired
A0,A0-M00,1,second_derivative,1655.7613333333334,-6.694741467750412e-07,difference of equal-sample representative means; not paired
A0,A0-M00,1,second_derivative,1661.2220784313727,-1.3320010353609298e-06,difference of equal-sample representative means; not paired
A0,A0-M00,1,second_derivative,1666.682823529412,-1.2680863344856027e-06,difference of equal-sample representative means; not paired
A0,A0-M00,1,second_derivative,1672.1435686274513,-7.327225182045969e-07,difference of equal-sample representative means; not paired
A0,A0-M00,1,second_derivative,1677.6043137254906,-2.400355172241116e-07,difference of equal-sample representative means; not paired
A0,A0-M00,1,second_derivative,1683.0650588235296,-1.2150186545490911e-09,difference of equal-sample representative means; not paired
A0,A0-M00,1,second_derivative,1688.5258039215687,-2.685621199872823e-07,difference of equal-sample representative means; not paired
A0,A0-M00,1,second_derivative,1693.986549019608,-1.2056444865002028e-06,difference of equal-sample representative means; not paired
A0,A0-M00,1,second_derivative,1699.4472941176473,-1.4469445718382582e-06,difference of equal-sample representative means; not paired
A0,A0-M00,1,second_derivative,1704.9080392156866,-1.969919678325153e-06,difference of equal-sample representative means; not paired
A0,A0-M00,1,second_derivative,1710.3687843137257,-7.009975676794074e-07,difference of equal-sample representative means; not paired
A0,A0-M00,1,second_derivative,1715.829529411765,7.564152696037201e-07,difference of equal-sample representative means; not paired
A0,A0-M00,1,second_derivative,1721.290274509804,1.048674214534302e-06,difference of equal-sample representative means; not paired
A0,A0-M00,1,second_derivative,1726.7510196078433,2.5093029405305263e-07,difference of equal-sample representative means; not paired
A0,A0-M00,1,second_derivative,1732.2117647058826,-5.354681453512156e-07,difference of equal-sample representative means; not paired
A0,A0-M00,1,second_derivative,1737.672509803922,-1.039274098510486e-06,difference of equal-sample representative means; not paired
A0,A0-M00,1,second_derivative,1743.133254901961,-4.852246087281158e-07,difference of equal-sample representative means; not paired
A0,A0-M00,1,second_derivative,1748.594,-4.822150571155752e-07,difference of equal-sample representative means; not paired
A0,A0-M00,1,second_derivative,1754.0547450980393,-7.559037699711312e-07,difference of equal-sample representative means; not paired
A0,A0-M00,1,second_derivative,1759.5154901960786,-8.278514047689544e-07,difference of equal-sample representative means; not paired
A0,A0-M00,1,second_derivative,1764.976235294118,-4.855952770216986e-08,difference of equal-sample representative means; not paired
A0,A0-M00,1,second_derivative,1770.4369803921572,1.080923176355162e-06,difference of equal-sample representative means; not paired
A0,A0-M00,1,second_derivative,1775.8977254901963,1.1825385639631285e-06,difference of equal-sample representative means; not paired
A0,A0-M00,1,second_derivative,1781.3584705882354,6.483198560268791e-07,difference of equal-sample representative means; not paired
A0,A0-M00,1,second_derivative,1786.8192156862747,6.630720385703912e-07,difference of equal-sample representative means; not paired
A0,A0-M00,1,second_derivative,1792.279960784314,4.053165609634137e-07,difference of equal-sample representative means; not paired
A0,A0-M00,1,second_derivative,1797.7407058823533,7.769630983560377e-07,difference of equal-sample representative means; not paired
A0,A0-M00,1,second_derivative,1803.2014509803923,2.433173363516287e-06,difference of equal-sample representative means; not paired
A0,A0-M00,1,second_derivative,1808.6621960784316,2.3292787339193566e-06,difference of equal-sample representative means; not paired
A0,A0-M00,1,second_derivative,1814.1229411764707,-3.183298626689136e-07,difference of equal-sample representative means; not paired
A0,A0-M00,1,second_derivative,1819.58368627451,-2.2893010817406014e-06,difference of equal-sample representative means; not paired
A0,A0-M00,1,second_derivative,1825.0444313725493,-2.4795625362071974e-06,difference of equal-sample representative means; not paired
A0,A0-M00,1,second_derivative,1830.5051764705886,-8.187581044120758e-07,difference of equal-sample representative means; not paired
A0,A0-M00,1,second_derivative,1835.9659215686277,6.965605061554364e-07,difference of equal-sample representative means; not paired
A0,A0-M00,1,second_derivative,1841.4266666666667,-1.163279379888465e-06,difference of equal-sample representative means; not paired
A0,A0-M00,1,second_derivative,1846.887411764706,-2.4151940130987077e-06,difference of equal-sample representative means; not paired
A0,A0-M00,1,second_derivative,1852.3481568627453,-7.413756986958392e-07,difference of equal-sample representative means; not paired
A0,A0-M00,1,second_derivative,1857.8089019607846,1.2060483625721613e-06,difference of equal-sample representative means; not paired
A0,A0-M00,1,second_derivative,1863.269647058824,6.576347680132757e-07,difference of equal-sample representative means; not paired
A0,A0-M00,1,second_derivative,1868.730392156863,-2.0685767359821135e-06,difference of equal-sample representative means; not paired
A0,A0-M00,1,second_derivative,1874.191137254902,-4.19035185907684e-06,difference of equal-sample representative means; not paired
A0,A0-M00,1,second_derivative,1879.6518823529414,-3.123463557762492e-06,difference of equal-sample representative means; not paired
A0,A0-M00,1,second_derivative,1885.1126274509807,6.028762190395099e-07,difference of equal-sample representative means; not paired
A0,A0-M00,1,second_derivative,1890.57337254902,2.1340612351920102e-06,difference of equal-sample representative means; not paired
A0,A0-M00,1,second_derivative,1896.034117647059,6.531597339330257e-07,difference of equal-sample representative means; not paired
A0,A0-M00,1,second_derivative,1901.4948627450983,-8.767057545437476e-07,difference of equal-sample representative means; not paired
A0,A0-M00,1,second_derivative,1906.9556078431374,-1.2819696965679059e-06,difference of equal-sample representative means; not paired
A0,A0-M00,1,second_derivative,1912.4163529411767,4.180654588906087e-07,difference of equal-sample representative means; not paired
A0,A0-M00,1,second_derivative,1917.877098039216,2.491503742545778e-06,difference of equal-sample representative means; not paired
A0,A0-M00,1,second_derivative,1923.3378431372553,2.2126713259854687e-06,difference of equal-sample representative means; not paired
A0,A0-M00,1,second_derivative,1928.7985882352943,1.4350192016856676e-06,difference of equal-sample representative means; not paired
A0,A0-M00,1,second_derivative,1934.2593333333336,1.2399241404356643e-06,difference of equal-sample representative means; not paired
A0,A0-M00,1,second_derivative,1939.7200784313727,1.0679430477808792e-06,difference of equal-sample representative means; not paired
A0,A0-M00,1,second_derivative,1945.180823529412,2.2821193874278845e-06,difference of equal-sample representative means; not paired
A0,A0-M00,1,second_derivative,1950.6415686274513,2.258922255360179e-06,difference of equal-sample representative means; not paired
A0,A0-M00,1,second_derivative,1956.1023137254906,4.571167836268423e-07,difference of equal-sample representative means; not paired
A0,A0-M00,1,second_derivative,1961.5630588235294,5.8447385646932836e-08,difference of equal-sample representative means; not paired
A0,A0-M00,1,second_derivative,1967.0238039215687,1.5135537667211626e-07,difference of equal-sample representative means; not paired
A0,A0-M00,1,second_derivative,1972.484549019608,1.63364772162125e-06,difference of equal-sample representative means; not paired
A0,A0-M00,1,second_derivative,1977.9452941176473,3.004909581708888e-06,difference of equal-sample representative means; not paired
A0,A0-M00,1,second_derivative,1983.4060392156866,2.1998894638133595e-06,difference of equal-sample representative means; not paired
A0,A0-M00,1,second_derivative,1988.866784313726,1.2675570774691288e-06,difference of equal-sample representative means; not paired
A0,A0-M00,1,second_derivative,1994.3275294117648,2.9735193063094617e-08,difference of equal-sample representative means; not paired
A0,A0-M00,1,second_derivative,1999.788274509804,-2.018415819413014e-06,difference of equal-sample representative means; not paired
A0,A0-M00,1,second_derivative,2005.2490196078434,-1.0656497196509076e-06,difference of equal-sample representative means; not paired
A0,A0-M00,1,second_derivative,2010.7097647058827,-9.757147993772573e-07,difference of equal-sample representative means; not paired
A0,A0-M00,1,second_derivative,2016.170509803922,-1.2045519731555547e-06,difference of equal-sample representative means; not paired
A0,A0-M00,1,second_derivative,2021.6312549019613,6.398169960679172e-07,difference of equal-sample representative means; not paired
A0,A0-M00,1,second_derivative,2027.092,6.875891583263616e-07,difference of equal-sample representative means; not paired
A0,A0-M00,1,second_derivative,2032.5527450980394,1.5372249244425244e-07,difference of equal-sample representative means; not paired
A0,A0-M00,1,second_derivative,2038.0134901960787,-7.902130021654704e-07,difference of equal-sample representative means; not paired
A0,A0-M00,1,second_derivative,2043.474235294118,-2.364573599401717e-06,difference of equal-sample representative means; not paired
A0,A0-M00,1,second_derivative,2048.9349803921573,-3.393151722200951e-06,difference of equal-sample representative means; not paired
A0,A0-M00,1,second_derivative,2054.3957254901966,-3.268294432908666e-06,difference of equal-sample representative means; not paired
A0,A0-M00,1,second_derivative,2059.8564705882354,-1.047928033546527e-06,difference of equal-sample representative means; not paired
A0,A0-M00,1,second_derivative,2065.3172156862747,1.0399557552123536e-06,difference of equal-sample representative means; not paired
A0,A0-M00,1,second_derivative,2070.777960784314,-9.013695415148037e-07,difference of equal-sample representative means; not paired
A0,A0-M00,1,second_derivative,2076.2387058823533,7.767092233551345e-07,difference of equal-sample representative means; not paired
A0,A0-M00,1,second_derivative,2081.6994509803926,1.3625924629944034e-06,difference of equal-sample representative means; not paired
A0,A0-M00,1,second_derivative,2087.1601960784315,-5.734121490056584e-07,difference of equal-sample representative means; not paired
A0,A0-M00,1,second_derivative,2092.6209411764708,2.775876221611191e-07,difference of equal-sample representative means; not paired
A0,A0-M00,1,second_derivative,2098.08168627451,9.586515447222711e-07,difference of equal-sample representative means; not paired
A0,A0-M00,1,second_derivative,2103.5424313725493,7.490753386487216e-07,difference of equal-sample representative means; not paired
A0,A0-M00,1,second_derivative,2109.0031764705886,2.9214158311228444e-06,difference of equal-sample representative means; not paired
A0,A0-M00,1,second_derivative,2114.463921568628,1.645211528536605e-07,difference of equal-sample representative means; not paired
A0,A0-M00,1,second_derivative,2119.924666666667,-9.092554858828304e-07,difference of equal-sample representative means; not paired
A0,A0-M00,1,second_derivative,2125.385411764706,-1.843353021567981e-07,difference of equal-sample representative means; not paired
A0,A0-M00,1,second_derivative,2130.8461568627454,-1.3394265956906472e-06,difference of equal-sample representative means; not paired
A0,A0-M00,1,second_derivative,2136.3069019607847,-1.2495077903790211e-07,difference of equal-sample representative means; not paired
A0,A0-M00,1,second_derivative,2141.767647058824,4.3465060823359795e-07,difference of equal-sample representative means; not paired
A0,A0-M00,1,second_derivative,2147.2283921568633,-2.137232798434369e-06,difference of equal-sample representative means; not paired
A0,A0-M00,1,second_derivative,2152.689137254902,-1.88259820531766e-06,difference of equal-sample representative means; not paired
A0,A0-M00,1,second_derivative,2158.1498823529414,-1.4469452098376364e-06,difference of equal-sample representative means; not paired
A0,A0-M00,1,second_derivative,2163.6106274509807,-6.539635918963935e-07,difference of equal-sample representative means; not paired
A0,A0-M00,1,second_derivative,2169.07137254902,2.67728196406399e-06,difference of equal-sample representative means; not paired
A0,A0-M00,1,second_derivative,2174.5321176470593,4.078406724818942e-06,difference of equal-sample representative means; not paired
A0,A0-M00,1,second_derivative,2179.992862745098,1.6230615221832485e-06,difference of equal-sample representative means; not paired
A0,A0-M00,1,second_derivative,2185.4536078431374,-2.0879400434664132e-06,difference of equal-sample representative means; not paired
A0,A0-M00,1,second_derivative,2190.9143529411767,-3.034765061176383e-06,difference of equal-sample representative means; not paired
A0,A0-M00,1,second_derivative,2196.375098039216,-9.500972930640821e-07,difference of equal-sample representative means; not paired
A0,A0-M00,1,second_derivative,2201.8358431372553,4.3837192516143476e-07,difference of equal-sample representative means; not paired
A0,A0-M00,1,second_derivative,2207.2965882352946,4.45141185227032e-06,difference of equal-sample representative means; not paired
A0,A0-M00,1,second_derivative,2212.7573333333335,2.5519471330326877e-06,difference of equal-sample representative means; not paired
A0,A0-M00,1,second_derivative,2218.2180784313728,1.8527200445457793e-06,difference of equal-sample representative means; not paired
A0,A0-M00,1,second_derivative,2223.678823529412,3.9276398943166027e-07,difference of equal-sample representative means; not paired
A0,A0-M00,1,second_derivative,2229.1395686274514,-2.503011985852306e-06,difference of equal-sample representative means; not paired
A0,A0-M00,1,second_derivative,2234.6003137254907,-5.4271038178584584e-06,difference of equal-sample representative means; not paired
A0,A0-M00,1,second_derivative,2240.06105882353,-2.0357940758426816e-06,difference of equal-sample representative means; not paired
A0,A0-M00,1,second_derivative,2245.521803921569,-1.0360836571676139e-06,difference of equal-sample representative means; not paired
A0,A0-M00,1,second_derivative,2250.982549019608,5.393536178592066e-07,difference of equal-sample representative means; not paired
A0,A0-M00,1,second_derivative,2256.4432941176474,-5.9115339952931994e-06,difference of equal-sample representative means; not paired
A0,A0-M00,1,second_derivative,2261.9040392156867,-1.6915148151767977e-06,difference of equal-sample representative means; not paired
A0,A0-M00,1,second_derivative,2267.364784313726,3.391369396126782e-05,difference of equal-sample representative means; not paired
A0,A0-M00,1,second_derivative,2272.825529411765,7.901022601693572e-05,difference of equal-sample representative means; not paired
A0,A0-M00,1,second_derivative,2278.286274509804,7.716657710828636e-05,difference of equal-sample representative means; not paired
A0,A0-M00,1,second_derivative,2283.7470196078434,3.815029101179504e-06,difference of equal-sample representative means; not paired
A0,A0-M00,1,second_derivative,2289.2077647058827,-4.0894813809009356e-05,difference of equal-sample representative means; not paired
A0,A0-M00,1,second_derivative,2294.668509803922,-4.089481380900953e-05,difference of equal-sample representative means; not paired
A0,A0-M00,1,second_derivative,2300.1292549019613,-4.089481380900953e-05,difference of equal-sample representative means; not paired
A0,A0-M00,1,second_derivative,2305.59,-4.089481380900953e-05,difference of equal-sample representative means; not paired
A0,A0-M00,2,reflectance,913.1,0.10787079724064541,difference of equal-sample representative means; not paired
A0,A0-M00,2,reflectance,918.5607450980392,0.1291697615275167,difference of equal-sample representative means; not paired
A0,A0-M00,2,reflectance,924.0214901960785,0.14101373707788778,difference of equal-sample representative means; not paired
A0,A0-M00,2,reflectance,929.4822352941177,0.15093821124822082,difference of equal-sample representative means; not paired
A0,A0-M00,2,reflectance,934.9429803921569,0.156229844019669,difference of equal-sample representative means; not paired
A0,A0-M00,2,reflectance,940.4037254901962,0.1595965475607961,difference of equal-sample representative means; not paired
A0,A0-M00,2,reflectance,945.8644705882353,0.16548581018629915,difference of equal-sample representative means; not paired
A0,A0-M00,2,reflectance,951.3252156862745,0.1653563557429737,difference of equal-sample representative means; not paired
A0,A0-M00,2,reflectance,956.7859607843137,0.1657156449487719,difference of equal-sample representative means; not paired
A0,A0-M00,2,reflectance,962.246705882353,0.16484162338084274,difference of equal-sample representative means; not paired
A0,A0-M00,2,reflectance,967.7074509803922,0.16396453137906564,difference of equal-sample representative means; not paired
A0,A0-M00,2,reflectance,973.1681960784314,0.16306728155132832,difference of equal-sample representative means; not paired
A0,A0-M00,2,reflectance,978.6289411764706,0.1622665529979257,difference of equal-sample representative means; not paired
A0,A0-M00,2,reflectance,984.0896862745099,0.16083924769156255,difference of equal-sample representative means; not paired
A0,A0-M00,2,reflectance,989.550431372549,0.1574735526179647,difference of equal-sample representative means; not paired
A0,A0-M00,2,reflectance,995.0111764705882,0.16280059629898175,difference of equal-sample representative means; not paired
A0,A0-M00,2,reflectance,1000.4719215686275,0.1638423758752618,difference of equal-sample representative means; not paired
A0,A0-M00,2,reflectance,1005.9326666666667,0.16468448597135626,difference of equal-sample representative means; not paired
A0,A0-M00,2,reflectance,1011.3934117647059,0.16555545747096456,difference of equal-sample representative means; not paired
A0,A0-M00,2,reflectance,1016.8541568627452,0.16620310291886042,difference of equal-sample representative means; not paired
A0,A0-M00,2,reflectance,1022.3149019607844,0.16679235577475093,difference of equal-sample representative means; not paired
A0,A0-M00,2,reflectance,1027.7756470588236,0.1678842610055412,difference of equal-sample representative means; not paired
A0,A0-M00,2,reflectance,1033.2363921568628,0.1689481574566194,difference of equal-sample representative means; not paired
A0,A0-M00,2,reflectance,1038.697137254902,0.1651357583164461,difference of equal-sample representative means; not paired
A0,A0-M00,2,reflectance,1044.1578823529412,0.1690976788588625,difference of equal-sample representative means; not paired
A0,A0-M00,2,reflectance,1049.6186274509805,0.1711221382624205,difference of equal-sample representative means; not paired
A0,A0-M00,2,reflectance,1055.0793725490196,0.17200252438104024,difference of equal-sample representative means; not paired
A0,A0-M00,2,reflectance,1060.5401176470589,0.17347340399068245,difference of equal-sample representative means; not paired
A0,A0-M00,2,reflectance,1066.0008627450982,0.17418652322808104,difference of equal-sample representative means; not paired
A0,A0-M00,2,reflectance,1071.4616078431372,0.17468768029317017,difference of equal-sample representative means; not paired
A0,A0-M00,2,reflectance,1076.9223529411765,0.17540758926072597,difference of equal-sample representative means; not paired
A0,A0-M00,2,reflectance,1082.3830980392158,0.17613697405825712,difference of equal-sample representative means; not paired
A0,A0-M00,2,reflectance,1087.843843137255,0.1771221829580807,difference of equal-sample representative means; not paired
A0,A0-M00,2,reflectance,1093.3045882352942,0.17822699271075226,difference of equal-sample representative means; not paired
A0,A0-M00,2,reflectance,1098.7653333333333,0.17931679623962327,difference of equal-sample representative means; not paired
A0,A0-M00,2,reflectance,1104.2260784313726,0.1803291632296704,difference of equal-sample representative means; not paired
A0,A0-M00,2,reflectance,1109.6868235294119,0.18088795288282844,difference of equal-sample representative means; not paired
A0,A0-M00,2,reflectance,1115.1475686274512,0.17687062279367893,difference of equal-sample representative means; not paired
A0,A0-M00,2,reflectance,1120.6083137254902,0.18013356248761414,difference of equal-sample representative means; not paired
A0,A0-M00,2,reflectance,1126.0690588235295,0.18073830825878912,difference of equal-sample representative means; not paired
A0,A0-M00,2,reflectance,1131.5298039215686,0.1770980842281017,difference of equal-sample representative means; not paired
A0,A0-M00,2,reflectance,1136.990549019608,0.1761399705196613,difference of equal-sample representative means; not paired
A0,A0-M00,2,reflectance,1142.4512941176472,0.17979054254746285,difference of equal-sample representative means; not paired
A0,A0-M00,2,reflectance,1147.9120392156863,0.17841068744368738,difference of equal-sample representative means; not paired
A0,A0-M00,2,reflectance,1153.3727843137256,0.1755489536835932,difference of equal-sample representative means; not paired
A0,A0-M00,2,reflectance,1158.8335294117649,0.17273547865071237,difference of equal-sample representative means; not paired
A0,A0-M00,2,reflectance,1164.294274509804,0.17052409090050213,difference of equal-sample representative means; not paired
A0,A0-M00,2,reflectance,1169.7550196078432,0.16932461531526183,difference of equal-sample representative means; not paired
A0,A0-M00,2,reflectance,1175.2157647058825,0.16885238245034,difference of equal-sample representative means; not paired
A0,A0-M00,2,reflectance,1180.6765098039216,0.1682411991470822,difference of equal-sample representative means; not paired
A0,A0-M00,2,reflectance,1186.137254901961,0.16662714121631433,difference of equal-sample representative means; not paired
A0,A0-M00,2,reflectance,1191.598,0.16414299106009306,difference of equal-sample representative means; not paired
A0,A0-M00,2,reflectance,1197.0587450980393,0.16129193828713123,difference of equal-sample representative means; not paired
A0,A0-M00,2,reflectance,1202.5194901960786,0.15857693943589785,difference of equal-sample representative means; not paired
A0,A0-M00,2,reflectance,1207.9802352941178,0.15610904206221138,difference of equal-sample representative means; not paired
A0,A0-M00,2,reflectance,1213.440980392157,0.15101593922047268,difference of equal-sample representative means; not paired
A0,A0-M00,2,reflectance,1218.9017254901962,0.1481374608117379,difference of equal-sample representative means; not paired
A0,A0-M00,2,reflectance,1224.3624705882353,0.15130895325178284,difference of equal-sample representative means; not paired
A0,A0-M00,2,reflectance,1229.8232156862746,0.1497724449770153,difference of equal-sample representative means; not paired
A0,A0-M00,2,reflectance,1235.2839607843139,0.1520205742124382,difference of equal-sample representative means; not paired
A0,A0-M00,2,reflectance,1240.7447058823532,0.15295700920295957,difference of equal-sample representative means; not paired
A0,A0-M00,2,reflectance,1246.2054509803922,0.15389827850682208,difference of equal-sample representative means; not paired
A0,A0-M00,2,reflectance,1251.6661960784315,0.15127498893861052,difference of equal-sample representative means; not paired
A0,A0-M00,2,reflectance,1257.1269411764706,0.15130974421285803,difference of equal-sample representative means; not paired
A0,A0-M00,2,reflectance,1262.58768627451,0.15623955624996916,difference of equal-sample representative means; not paired
A0,A0-M00,2,reflectance,1268.0484313725492,0.15660491705990104,difference of equal-sample representative means; not paired
A0,A0-M00,2,reflectance,1273.5091764705883,0.15728832917254837,difference of equal-sample representative means; not paired
A0,A0-M00,2,reflectance,1278.9699215686276,0.15736762403568832,difference of equal-sample representative means; not paired
A0,A0-M00,2,reflectance,1284.4306666666666,0.15931265554499202,difference of equal-sample representative means; not paired
A0,A0-M00,2,reflectance,1289.891411764706,0.16088400730700053,difference of equal-sample representative means; not paired
A0,A0-M00,2,reflectance,1295.3521568627452,0.16187090256490372,difference of equal-sample representative means; not paired
A0,A0-M00,2,reflectance,1300.8129019607845,0.16235562856839503,difference of equal-sample representative means; not paired
A0,A0-M00,2,reflectance,1306.2736470588236,0.1622689286968726,difference of equal-sample representative means; not paired
A0,A0-M00,2,reflectance,1311.734392156863,0.16272912667364353,difference of equal-sample representative means; not paired
A0,A0-M00,2,reflectance,1317.195137254902,0.16143057787564818,difference of equal-sample representative means; not paired
A0,A0-M00,2,reflectance,1322.6558823529413,0.16036378201788182,difference of equal-sample representative means; not paired
A0,A0-M00,2,reflectance,1328.1166274509806,0.1585305642012082,difference of equal-sample representative means; not paired
A0,A0-M00,2,reflectance,1333.5773725490199,0.15588949075913017,difference of equal-sample representative means; not paired
A0,A0-M00,2,reflectance,1339.038117647059,0.15252949217389045,difference of equal-sample representative means; not paired
A0,A0-M00,2,reflectance,1344.4988627450982,0.14863519999759567,difference of equal-sample representative means; not paired
A0,A0-M00,2,reflectance,1349.9596078431373,0.144656215907632,difference of equal-sample representative means; not paired
A0,A0-M00,2,reflectance,1355.4203529411766,0.14097857719980522,difference of equal-sample representative means; not paired
A0,A0-M00,2,reflectance,1360.8810980392159,0.13770542848426215,difference of equal-sample representative means; not paired
A0,A0-M00,2,reflectance,1366.341843137255,0.13399165362809795,difference of equal-sample representative means; not paired
A0,A0-M00,2,reflectance,1371.8025882352943,0.12740593903305003,difference of equal-sample representative means; not paired
A0,A0-M00,2,reflectance,1377.2633333333333,0.12476919787611734,difference of equal-sample representative means; not paired
A0,A0-M00,2,reflectance,1382.7240784313726,0.1265464863066022,difference of equal-sample representative means; not paired
A0,A0-M00,2,reflectance,1388.184823529412,0.12304411211956218,difference of equal-sample representative means; not paired
A0,A0-M00,2,reflectance,1393.6455686274512,0.11744867004866327,difference of equal-sample representative means; not paired
A0,A0-M00,2,reflectance,1399.1063137254903,0.10955502246430676,difference of equal-sample representative means; not paired
A0,A0-M00,2,reflectance,1404.5670588235296,0.10066261107309249,difference of equal-sample representative means; not paired
A0,A0-M00,2,reflectance,1410.0278039215686,0.09151868310246708,difference of equal-sample representative means; not paired
A0,A0-M00,2,reflectance,1415.488549019608,0.08262228112190909,difference of equal-sample representative means; not paired
A0,A0-M00,2,reflectance,1420.9492941176472,0.07455464130524095,difference of equal-sample representative means; not paired
A0,A0-M00,2,reflectance,1426.4100392156865,0.06783836911611232,difference of equal-sample representative means; not paired
A0,A0-M00,2,reflectance,1431.8707843137256,0.06257399744216241,difference of equal-sample representative means; not paired
A0,A0-M00,2,reflectance,1437.3315294117647,0.05907775809316115,difference of equal-sample representative means; not paired
A0,A0-M00,2,reflectance,1442.792274509804,0.05672866274529437,difference of equal-sample representative means; not paired
A0,A0-M00,2,reflectance,1448.2530196078433,0.05510181155467095,difference of equal-sample representative means; not paired
A0,A0-M00,2,reflectance,1453.7137647058826,0.051466053133094464,difference of equal-sample representative means; not paired
A0,A0-M00,2,reflectance,1459.1745098039219,0.04965447397510936,difference of equal-sample representative means; not paired
A0,A0-M00,2,reflectance,1464.635254901961,0.05127598412885076,difference of equal-sample representative means; not paired
A0,A0-M00,2,reflectance,1470.096,0.05080294116123116,difference of equal-sample representative means; not paired
A0,A0-M00,2,reflectance,1475.5567450980393,0.050510348902497726,difference of equal-sample representative means; not paired
A0,A0-M00,2,reflectance,1481.0174901960786,0.05011168660760351,difference of equal-sample representative means; not paired
A0,A0-M00,2,reflectance,1486.478235294118,0.05033866829733569,difference of equal-sample representative means; not paired
A0,A0-M00,2,reflectance,1491.938980392157,0.05076615645647828,difference of equal-sample representative means; not paired
A0,A0-M00,2,reflectance,1497.3997254901963,0.05129640571188929,difference of equal-sample representative means; not paired
A0,A0-M00,2,reflectance,1502.8604705882353,0.05188287022475055,difference of equal-sample representative means; not paired
A0,A0-M00,2,reflectance,1508.3212156862746,0.05246950591367472,difference of equal-sample representative means; not paired
A0,A0-M00,2,reflectance,1513.781960784314,0.05316860373433213,difference of equal-sample representative means; not paired
A0,A0-M00,2,reflectance,1519.2427058823532,0.05412696816836585,difference of equal-sample representative means; not paired
A0,A0-M00,2,reflectance,1524.7034509803923,0.05479891398907005,difference of equal-sample representative means; not paired
A0,A0-M00,2,reflectance,1530.1641960784316,0.055499929816917676,difference of equal-sample representative means; not paired
A0,A0-M00,2,reflectance,1535.6249411764707,0.05605229894704297,difference of equal-sample representative means; not paired
A0,A0-M00,2,reflectance,1541.08568627451,0.056492989313201236,difference of equal-sample representative means; not paired
A0,A0-M00,2,reflectance,1546.5464313725493,0.0569336243475905,difference of equal-sample representative means; not paired
A0,A0-M00,2,reflectance,1552.0071764705885,0.05737123138601441,difference of equal-sample representative means; not paired
A0,A0-M00,2,reflectance,1557.4679215686276,0.05815542411256511,difference of equal-sample representative means; not paired
A0,A0-M00,2,reflectance,1562.9286666666667,0.05809369973738493,difference of equal-sample representative means; not paired
A0,A0-M00,2,reflectance,1568.389411764706,0.05896744397049847,difference of equal-sample representative means; not paired
A0,A0-M00,2,reflectance,1573.8501568627453,0.059654617550780636,difference of equal-sample representative means; not paired
A0,A0-M00,2,reflectance,1579.3109019607846,0.060089320359074494,difference of equal-sample representative means; not paired
A0,A0-M00,2,reflectance,1584.7716470588239,0.06056301341197501,difference of equal-sample representative means; not paired
A0,A0-M00,2,reflectance,1590.232392156863,0.06122544010516051,difference of equal-sample representative means; not paired
A0,A0-M00,2,reflectance,1595.693137254902,0.06213811545819847,difference of equal-sample representative means; not paired
A0,A0-M00,2,reflectance,1601.1538823529413,0.06352315517822715,difference of equal-sample representative means; not paired
A0,A0-M00,2,reflectance,1606.6146274509806,0.0652078195652451,difference of equal-sample representative means; not paired
A0,A0-M00,2,reflectance,1612.07537254902,0.06714618720866566,difference of equal-sample representative means; not paired
A0,A0-M00,2,reflectance,1617.536117647059,0.06910245108019725,difference of equal-sample representative means; not paired
A0,A0-M00,2,reflectance,1622.9968627450983,0.07102153197122801,difference of equal-sample representative means; not paired
A0,A0-M00,2,reflectance,1628.4576078431373,0.07285196005942396,difference of equal-sample representative means; not paired
A0,A0-M00,2,reflectance,1633.9183529411766,0.07439037151585423,difference of equal-sample representative means; not paired
A0,A0-M00,2,reflectance,1639.379098039216,0.07581159734028103,difference of equal-sample representative means; not paired
A0,A0-M00,2,reflectance,1644.8398431372552,0.07662883606528031,difference of equal-sample representative means; not paired
A0,A0-M00,2,reflectance,1650.3005882352943,0.07679087254851841,difference of equal-sample representative means; not paired
A0,A0-M00,2,reflectance,1655.7613333333334,0.0768754629241235,difference of equal-sample representative means; not paired
A0,A0-M00,2,reflectance,1661.2220784313727,0.07693688360355475,difference of equal-sample representative means; not paired
A0,A0-M00,2,reflectance,1666.682823529412,0.0769329538957989,difference of equal-sample representative means; not paired
A0,A0-M00,2,reflectance,1672.1435686274513,0.07630554321929775,difference of equal-sample representative means; not paired
A0,A0-M00,2,reflectance,1677.6043137254906,0.07341207321939672,difference of equal-sample representative means; not paired
A0,A0-M00,2,reflectance,1683.0650588235296,0.07837962369210766,difference of equal-sample representative means; not paired
A0,A0-M00,2,reflectance,1688.5258039215687,0.0799835866308318,difference of equal-sample representative means; not paired
A0,A0-M00,2,reflectance,1693.986549019608,0.08016038287957777,difference of equal-sample representative means; not paired
A0,A0-M00,2,reflectance,1699.4472941176473,0.07982325363306586,difference of equal-sample representative means; not paired
A0,A0-M00,2,reflectance,1704.9080392156866,0.07938767661690099,difference of equal-sample representative means; not paired
A0,A0-M00,2,reflectance,1710.3687843137257,0.07909115424551491,difference of equal-sample representative means; not paired
A0,A0-M00,2,reflectance,1715.829529411765,0.0789673504874501,difference of equal-sample representative means; not paired
A0,A0-M00,2,reflectance,1721.290274509804,0.07775763215329917,difference of equal-sample representative means; not paired
A0,A0-M00,2,reflectance,1726.7510196078433,0.07687447407672104,difference of equal-sample representative means; not paired
A0,A0-M00,2,reflectance,1732.2117647058826,0.07602822133652681,difference of equal-sample representative means; not paired
A0,A0-M00,2,reflectance,1737.672509803922,0.07543285441840977,difference of equal-sample representative means; not paired
A0,A0-M00,2,reflectance,1743.133254901961,0.07476992880251729,difference of equal-sample representative means; not paired
A0,A0-M00,2,reflectance,1748.594,0.07406823764420867,difference of equal-sample representative means; not paired
A0,A0-M00,2,reflectance,1754.0547450980393,0.07344303609357705,difference of equal-sample representative means; not paired
A0,A0-M00,2,reflectance,1759.5154901960786,0.07211648699504389,difference of equal-sample representative means; not paired
A0,A0-M00,2,reflectance,1764.976235294118,0.07115998369086213,difference of equal-sample representative means; not paired
A0,A0-M00,2,reflectance,1770.4369803921572,0.06964087365020835,difference of equal-sample representative means; not paired
A0,A0-M00,2,reflectance,1775.8977254901963,0.06848280804469556,difference of equal-sample representative means; not paired
A0,A0-M00,2,reflectance,1781.3584705882354,0.06741728181089135,difference of equal-sample representative means; not paired
A0,A0-M00,2,reflectance,1786.8192156862747,0.06662588874419786,difference of equal-sample representative means; not paired
A0,A0-M00,2,reflectance,1792.279960784314,0.06535714594868722,difference of equal-sample representative means; not paired
A0,A0-M00,2,reflectance,1797.7407058823533,0.06289959606277262,difference of equal-sample representative means; not paired
A0,A0-M00,2,reflectance,1803.2014509803923,0.06620622346756166,difference of equal-sample representative means; not paired
A0,A0-M00,2,reflectance,1808.6621960784316,0.06628597652819254,difference of equal-sample representative means; not paired
A0,A0-M00,2,reflectance,1814.1229411764707,0.06654622230358495,difference of equal-sample representative means; not paired
A0,A0-M00,2,reflectance,1819.58368627451,0.06662353801145027,difference of equal-sample representative means; not paired
A0,A0-M00,2,reflectance,1825.0444313725493,0.06676333090251765,difference of equal-sample representative means; not paired
A0,A0-M00,2,reflectance,1830.5051764705886,0.06705495963619457,difference of equal-sample representative means; not paired
A0,A0-M00,2,reflectance,1835.9659215686277,0.06743740280987023,difference of equal-sample representative means; not paired
A0,A0-M00,2,reflectance,1841.4266666666667,0.06812115807309901,difference of equal-sample representative means; not paired
A0,A0-M00,2,reflectance,1846.887411764706,0.06883181531433988,difference of equal-sample representative means; not paired
A0,A0-M00,2,reflectance,1852.3481568627453,0.06929901426523555,difference of equal-sample representative means; not paired
A0,A0-M00,2,reflectance,1857.8089019607846,0.06911983331647553,difference of equal-sample representative means; not paired
A0,A0-M00,2,reflectance,1863.269647058824,0.06846473332613157,difference of equal-sample representative means; not paired
A0,A0-M00,2,reflectance,1868.730392156863,0.06707405886834963,difference of equal-sample representative means; not paired
A0,A0-M00,2,reflectance,1874.191137254902,0.06471973449350421,difference of equal-sample representative means; not paired
A0,A0-M00,2,reflectance,1879.6518823529414,0.06129859628396919,difference of equal-sample representative means; not paired
A0,A0-M00,2,reflectance,1885.1126274509807,0.05603872723615608,difference of equal-sample representative means; not paired
A0,A0-M00,2,reflectance,1890.57337254902,0.0495468240916373,difference of equal-sample representative means; not paired
A0,A0-M00,2,reflectance,1896.034117647059,0.041593670743575006,difference of equal-sample representative means; not paired
A0,A0-M00,2,reflectance,1901.4948627450983,0.03367228159134175,difference of equal-sample representative means; not paired
A0,A0-M00,2,reflectance,1906.9556078431374,0.026982139168676533,difference of equal-sample representative means; not paired
A0,A0-M00,2,reflectance,1912.4163529411767,0.02168789308904967,difference of equal-sample representative means; not paired
A0,A0-M00,2,reflectance,1917.877098039216,0.017735924204266867,difference of equal-sample representative means; not paired
A0,A0-M00,2,reflectance,1923.3378431372553,0.015580251850018045,difference of equal-sample representative means; not paired
A0,A0-M00,2,reflectance,1928.7985882352943,0.014032852727869888,difference of equal-sample representative means; not paired
A0,A0-M00,2,reflectance,1934.2593333333336,0.013728190177854677,difference of equal-sample representative means; not paired
A0,A0-M00,2,reflectance,1939.7200784313727,0.013966023560340823,difference of equal-sample representative means; not paired
A0,A0-M00,2,reflectance,1945.180823529412,0.014202597182227106,difference of equal-sample representative means; not paired
A0,A0-M00,2,reflectance,1950.6415686274513,0.014915154655057328,difference of equal-sample representative means; not paired
A0,A0-M00,2,reflectance,1956.1023137254906,0.01607540041535674,difference of equal-sample representative means; not paired
A0,A0-M00,2,reflectance,1961.5630588235294,0.017090753934369318,difference of equal-sample representative means; not paired
A0,A0-M00,2,reflectance,1967.0238039215687,0.018172185586148526,difference of equal-sample representative means; not paired
A0,A0-M00,2,reflectance,1972.484549019608,0.019341231718865426,difference of equal-sample representative means; not paired
A0,A0-M00,2,reflectance,1977.9452941176473,0.02087884462137038,difference of equal-sample representative means; not paired
A0,A0-M00,2,reflectance,1983.4060392156866,0.02211477718567892,difference of equal-sample representative means; not paired
A0,A0-M00,2,reflectance,1988.866784313726,0.02350240510912266,difference of equal-sample representative means; not paired
A0,A0-M00,2,reflectance,1994.3275294117648,0.024740250467312486,difference of equal-sample representative means; not paired
A0,A0-M00,2,reflectance,1999.788274509804,0.025558103302265017,difference of equal-sample representative means; not paired
A0,A0-M00,2,reflectance,2005.2490196078434,0.026306979203592068,difference of equal-sample representative means; not paired
A0,A0-M00,2,reflectance,2010.7097647058827,0.026873006030294105,difference of equal-sample representative means; not paired
A0,A0-M00,2,reflectance,2016.170509803922,0.027284447230330217,difference of equal-sample representative means; not paired
A0,A0-M00,2,reflectance,2021.6312549019613,0.02688802816310143,difference of equal-sample representative means; not paired
A0,A0-M00,2,reflectance,2027.092,0.026206612118388345,difference of equal-sample representative means; not paired
A0,A0-M00,2,reflectance,2032.5527450980394,0.02531022727271698,difference of equal-sample representative means; not paired
A0,A0-M00,2,reflectance,2038.0134901960787,0.024163803603117734,difference of equal-sample representative means; not paired
A0,A0-M00,2,reflectance,2043.474235294118,0.02287961527657864,difference of equal-sample representative means; not paired
A0,A0-M00,2,reflectance,2048.9349803921573,0.02172421344743014,difference of equal-sample representative means; not paired
A0,A0-M00,2,reflectance,2054.3957254901966,0.020414391682290506,difference of equal-sample representative means; not paired
A0,A0-M00,2,reflectance,2059.8564705882354,0.019066315143255325,difference of equal-sample representative means; not paired
A0,A0-M00,2,reflectance,2065.3172156862747,0.017485557008591668,difference of equal-sample representative means; not paired
A0,A0-M00,2,reflectance,2070.777960784314,0.01615312130778801,difference of equal-sample representative means; not paired
A0,A0-M00,2,reflectance,2076.2387058823533,0.015504114943283881,difference of equal-sample representative means; not paired
A0,A0-M00,2,reflectance,2081.6994509803926,0.01506584089659374,difference of equal-sample representative means; not paired
A0,A0-M00,2,reflectance,2087.1601960784315,0.014253804205993481,difference of equal-sample representative means; not paired
A0,A0-M00,2,reflectance,2092.6209411764708,0.014237322744217878,difference of equal-sample representative means; not paired
A0,A0-M00,2,reflectance,2098.08168627451,0.013465835462309977,difference of equal-sample representative means; not paired
A0,A0-M00,2,reflectance,2103.5424313725493,0.012456575264613828,difference of equal-sample representative means; not paired
A0,A0-M00,2,reflectance,2109.0031764705886,0.0121828028989589,difference of equal-sample representative means; not paired
A0,A0-M00,2,reflectance,2114.463921568628,0.012119781619686715,difference of equal-sample representative means; not paired
A0,A0-M00,2,reflectance,2119.924666666667,0.012176035107967692,difference of equal-sample representative means; not paired
A0,A0-M00,2,reflectance,2125.385411764706,0.0123295426413437,difference of equal-sample representative means; not paired
A0,A0-M00,2,reflectance,2130.8461568627454,0.012298572971702226,difference of equal-sample representative means; not paired
A0,A0-M00,2,reflectance,2136.3069019607847,0.012279181307085274,difference of equal-sample representative means; not paired
A0,A0-M00,2,reflectance,2141.767647058824,0.012482338120684583,difference of equal-sample representative means; not paired
A0,A0-M00,2,reflectance,2147.2283921568633,0.012326762270480185,difference of equal-sample representative means; not paired
A0,A0-M00,2,reflectance,2152.689137254902,0.01310650661198548,difference of equal-sample representative means; not paired
A0,A0-M00,2,reflectance,2158.1498823529414,0.013689496745997454,difference of equal-sample representative means; not paired
A0,A0-M00,2,reflectance,2163.6106274509807,0.014118072690927269,difference of equal-sample representative means; not paired
A0,A0-M00,2,reflectance,2169.07137254902,0.014927386017262928,difference of equal-sample representative means; not paired
A0,A0-M00,2,reflectance,2174.5321176470593,0.015428303143495137,difference of equal-sample representative means; not paired
A0,A0-M00,2,reflectance,2179.992862745098,0.015718725645275627,difference of equal-sample representative means; not paired
A0,A0-M00,2,reflectance,2185.4536078431374,0.016148885604789,difference of equal-sample representative means; not paired
A0,A0-M00,2,reflectance,2190.9143529411767,0.016499351799653367,difference of equal-sample representative means; not paired
A0,A0-M00,2,reflectance,2196.375098039216,0.01752843340791238,difference of equal-sample representative means; not paired
A0,A0-M00,2,reflectance,2201.8358431372553,0.01807191247485565,difference of equal-sample representative means; not paired
A0,A0-M00,2,reflectance,2207.2965882352946,0.01801645776619587,difference of equal-sample representative means; not paired
A0,A0-M00,2,reflectance,2212.7573333333335,0.018292577780709196,difference of equal-sample representative means; not paired
A0,A0-M00,2,reflectance,2218.2180784313728,0.018601147592985395,difference of equal-sample representative means; not paired
A0,A0-M00,2,reflectance,2223.678823529412,0.01838467380977643,difference of equal-sample representative means; not paired
A0,A0-M00,2,reflectance,2229.1395686274514,0.017514505808564063,difference of equal-sample representative means; not paired
A0,A0-M00,2,reflectance,2234.6003137254907,0.016719915798533908,difference of equal-sample representative means; not paired
A0,A0-M00,2,reflectance,2240.06105882353,0.016377296787810164,difference of equal-sample representative means; not paired
A0,A0-M00,2,reflectance,2245.521803921569,0.015473449464127903,difference of equal-sample representative means; not paired
A0,A0-M00,2,reflectance,2250.982549019608,0.013785866501179467,difference of equal-sample representative means; not paired
A0,A0-M00,2,reflectance,2256.4432941176474,0.012615406123429984,difference of equal-sample representative means; not paired
A0,A0-M00,2,reflectance,2261.9040392156867,0.012837734613067253,difference of equal-sample representative means; not paired
A0,A0-M00,2,reflectance,2267.364784313726,0.011892206169334674,difference of equal-sample representative means; not paired
A0,A0-M00,2,reflectance,2272.825529411765,0.012236421311538737,difference of equal-sample representative means; not paired
A0,A0-M00,2,reflectance,2278.286274509804,0.01073174479799105,difference of equal-sample representative means; not paired
A0,A0-M00,2,reflectance,2283.7470196078434,0.008645061925601882,difference of equal-sample representative means; not paired
A0,A0-M00,2,reflectance,2289.2077647058827,0.0063225782630497995,difference of equal-sample representative means; not paired
A0,A0-M00,2,reflectance,2294.668509803922,0.006267707339049106,difference of equal-sample representative means; not paired
A0,A0-M00,2,reflectance,2300.1292549019613,0.011357288829006995,difference of equal-sample representative means; not paired
A0,A0-M00,2,reflectance,2305.59,0.009177532571695263,difference of equal-sample representative means; not paired
A0,A0-M00,2,snv,913.1,-0.6924877623359385,difference of equal-sample representative means; not paired
A0,A0-M00,2,snv,918.5607450980392,-0.480829230196794,difference of equal-sample representative means; not paired
A0,A0-M00,2,snv,924.0214901960785,-0.3701386337822965,difference of equal-sample representative means; not paired
A0,A0-M00,2,snv,929.4822352941177,-0.19604851020438407,difference of equal-sample representative means; not paired
A0,A0-M00,2,snv,934.9429803921569,-0.11886482085364403,difference of equal-sample representative means; not paired
A0,A0-M00,2,snv,940.4037254901962,-0.10699451476309352,difference of equal-sample representative means; not paired
A0,A0-M00,2,snv,945.8644705882353,-0.013065916519946708,difference of equal-sample representative means; not paired
A0,A0-M00,2,snv,951.3252156862745,-0.011934965546166687,difference of equal-sample representative means; not paired
A0,A0-M00,2,snv,956.7859607843137,0.003956546693158369,difference of equal-sample representative means; not paired
A0,A0-M00,2,snv,962.246705882353,0.003984607417654162,difference of equal-sample representative means; not paired
A0,A0-M00,2,snv,967.7074509803922,0.00910416654874835,difference of equal-sample representative means; not paired
A0,A0-M00,2,snv,973.1681960784314,0.008795946312100344,difference of equal-sample representative means; not paired
A0,A0-M00,2,snv,978.6289411764706,0.006891182064734158,difference of equal-sample representative means; not paired
A0,A0-M00,2,snv,984.0896862745099,-0.010880977082393217,difference of equal-sample representative means; not paired
A0,A0-M00,2,snv,989.550431372549,-0.08411709243758958,difference of equal-sample representative means; not paired
A0,A0-M00,2,snv,995.0111764705882,0.029245877117496377,difference of equal-sample representative means; not paired
A0,A0-M00,2,snv,1000.4719215686275,0.04442994804460376,difference of equal-sample representative means; not paired
A0,A0-M00,2,snv,1005.9326666666667,0.04591491469217712,difference of equal-sample representative means; not paired
A0,A0-M00,2,snv,1011.3934117647059,0.048158233614543855,difference of equal-sample representative means; not paired
A0,A0-M00,2,snv,1016.8541568627452,0.038922549027971654,difference of equal-sample representative means; not paired
A0,A0-M00,2,snv,1022.3149019607844,0.024842680096431646,difference of equal-sample representative means; not paired
A0,A0-M00,2,snv,1027.7756470588236,0.03879177842058534,difference of equal-sample representative means; not paired
A0,A0-M00,2,snv,1033.2363921568628,0.04975237064804472,difference of equal-sample representative means; not paired
A0,A0-M00,2,snv,1038.697137254902,-0.0544100337561888,difference of equal-sample representative means; not paired
A0,A0-M00,2,snv,1044.1578823529412,0.020446565814316697,difference of equal-sample representative means; not paired
A0,A0-M00,2,snv,1049.6186274509805,0.05158988301438372,difference of equal-sample representative means; not paired
A0,A0-M00,2,snv,1055.0793725490196,0.05543782667665664,difference of equal-sample representative means; not paired
A0,A0-M00,2,snv,1060.5401176470589,0.07336958648729808,difference of equal-sample representative means; not paired
A0,A0-M00,2,snv,1066.0008627450982,0.07686524246746873,difference of equal-sample representative means; not paired
A0,A0-M00,2,snv,1071.4616078431372,0.070997894584796,difference of equal-sample representative means; not paired
A0,A0-M00,2,snv,1076.9223529411765,0.07174879349546348,difference of equal-sample representative means; not paired
A0,A0-M00,2,snv,1082.3830980392158,0.07453308492755695,difference of equal-sample representative means; not paired
A0,A0-M00,2,snv,1087.843843137255,0.08180374210809394,difference of equal-sample representative means; not paired
A0,A0-M00,2,snv,1093.3045882352942,0.08470037682741638,difference of equal-sample representative means; not paired
A0,A0-M00,2,snv,1098.7653333333333,0.0847439086491295,difference of equal-sample representative means; not paired
A0,A0-M00,2,snv,1104.2260784313726,0.09053330416012817,difference of equal-sample representative means; not paired
A0,A0-M00,2,snv,1109.6868235294119,0.09620220217793296,difference of equal-sample representative means; not paired
A0,A0-M00,2,snv,1115.1475686274512,0.007133224501340241,difference of equal-sample representative means; not paired
A0,A0-M00,2,snv,1120.6083137254902,0.08390742536858498,difference of equal-sample representative means; not paired
A0,A0-M00,2,snv,1126.0690588235295,0.12873276998788263,difference of equal-sample representative means; not paired
A0,A0-M00,2,snv,1131.5298039215686,0.07187818956953729,difference of equal-sample representative means; not paired
A0,A0-M00,2,snv,1136.990549019608,0.0690034036964775,difference of equal-sample representative means; not paired
A0,A0-M00,2,snv,1142.4512941176472,0.17758405671094413,difference of equal-sample representative means; not paired
A0,A0-M00,2,snv,1147.9120392156863,0.18162160742669697,difference of equal-sample representative means; not paired
A0,A0-M00,2,snv,1153.3727843137256,0.18247585069949457,difference of equal-sample representative means; not paired
A0,A0-M00,2,snv,1158.8335294117649,0.1862138960456674,difference of equal-sample representative means; not paired
A0,A0-M00,2,snv,1164.294274509804,0.1883750209628965,difference of equal-sample representative means; not paired
A0,A0-M00,2,snv,1169.7550196078432,0.19376356449883803,difference of equal-sample representative means; not paired
A0,A0-M00,2,snv,1175.2157647058825,0.2056580464407457,difference of equal-sample representative means; not paired
A0,A0-M00,2,snv,1180.6765098039216,0.21701495153281247,difference of equal-sample representative means; not paired
A0,A0-M00,2,snv,1186.137254901961,0.21743669495821683,difference of equal-sample representative means; not paired
A0,A0-M00,2,snv,1191.598,0.21810447935888433,difference of equal-sample representative means; not paired
A0,A0-M00,2,snv,1197.0587450980393,0.21066027819089816,difference of equal-sample representative means; not paired
A0,A0-M00,2,snv,1202.5194901960786,0.20616885674033159,difference of equal-sample representative means; not paired
A0,A0-M00,2,snv,1207.9802352941178,0.19763346812679716,difference of equal-sample representative means; not paired
A0,A0-M00,2,snv,1213.440980392157,0.1191226958121745,difference of equal-sample representative means; not paired
A0,A0-M00,2,snv,1218.9017254901962,0.07910112685830417,difference of equal-sample representative means; not paired
A0,A0-M00,2,snv,1224.3624705882353,0.16762745665481837,difference of equal-sample representative means; not paired
A0,A0-M00,2,snv,1229.8232156862746,0.15175954582018358,difference of equal-sample representative means; not paired
A0,A0-M00,2,snv,1235.2839607843139,0.16538604194850814,difference of equal-sample representative means; not paired
A0,A0-M00,2,snv,1240.7447058823532,0.1651815763215404,difference of equal-sample representative means; not paired
A0,A0-M00,2,snv,1246.2054509803922,0.1643458822141698,difference of equal-sample representative means; not paired
A0,A0-M00,2,snv,1251.6661960784315,0.08532860834157274,difference of equal-sample representative means; not paired
A0,A0-M00,2,snv,1257.1269411764706,0.06922829942298092,difference of equal-sample representative means; not paired
A0,A0-M00,2,snv,1262.58768627451,0.16099260351304856,difference of equal-sample representative means; not paired
A0,A0-M00,2,snv,1268.0484313725492,0.14411451109116324,difference of equal-sample representative means; not paired
A0,A0-M00,2,snv,1273.5091764705883,0.16328376565489933,difference of equal-sample representative means; not paired
A0,A0-M00,2,snv,1278.9699215686276,0.16154273579162315,difference of equal-sample representative means; not paired
A0,A0-M00,2,snv,1284.4306666666666,0.16641284182772664,difference of equal-sample representative means; not paired
A0,A0-M00,2,snv,1289.891411764706,0.16821263183831747,difference of equal-sample representative means; not paired
A0,A0-M00,2,snv,1295.3521568627452,0.16739876927928,difference of equal-sample representative means; not paired
A0,A0-M00,2,snv,1300.8129019607845,0.14755336158146504,difference of equal-sample representative means; not paired
A0,A0-M00,2,snv,1306.2736470588236,0.11219255184870391,difference of equal-sample representative means; not paired
A0,A0-M00,2,snv,1311.734392156863,0.17448687066280488,difference of equal-sample representative means; not paired
A0,A0-M00,2,snv,1317.195137254902,0.17356374492708104,difference of equal-sample representative means; not paired
A0,A0-M00,2,snv,1322.6558823529413,0.1778277065307846,difference of equal-sample representative means; not paired
A0,A0-M00,2,snv,1328.1166274509806,0.1788238546644485,difference of equal-sample representative means; not paired
A0,A0-M00,2,snv,1333.5773725490199,0.17877892919057625,difference of equal-sample representative means; not paired
A0,A0-M00,2,snv,1339.038117647059,0.17966923493671494,difference of equal-sample representative means; not paired
A0,A0-M00,2,snv,1344.4988627450982,0.180035974616246,difference of equal-sample representative means; not paired
A0,A0-M00,2,snv,1349.9596078431373,0.1766630357107709,difference of equal-sample representative means; not paired
A0,A0-M00,2,snv,1355.4203529411766,0.17363591828534208,difference of equal-sample representative means; not paired
A0,A0-M00,2,snv,1360.8810980392159,0.17298932176896054,difference of equal-sample representative means; not paired
A0,A0-M00,2,snv,1366.341843137255,0.1639168311353632,difference of equal-sample representative means; not paired
A0,A0-M00,2,snv,1371.8025882352943,0.08404257750545813,difference of equal-sample representative means; not paired
A0,A0-M00,2,snv,1377.2633333333333,0.0823741513507345,difference of equal-sample representative means; not paired
A0,A0-M00,2,snv,1382.7240784313726,0.17653944417159356,difference of equal-sample representative means; not paired
A0,A0-M00,2,snv,1388.184823529412,0.17029684854730254,difference of equal-sample representative means; not paired
A0,A0-M00,2,snv,1393.6455686274512,0.1693518869276213,difference of equal-sample representative means; not paired
A0,A0-M00,2,snv,1399.1063137254903,0.15775949881305779,difference of equal-sample representative means; not paired
A0,A0-M00,2,snv,1404.5670588235296,0.14737089016277122,difference of equal-sample representative means; not paired
A0,A0-M00,2,snv,1410.0278039215686,0.1434929486351274,difference of equal-sample representative means; not paired
A0,A0-M00,2,snv,1415.488549019608,0.14082133153883258,difference of equal-sample representative means; not paired
A0,A0-M00,2,snv,1420.9492941176472,0.13785161205161106,difference of equal-sample representative means; not paired
A0,A0-M00,2,snv,1426.4100392156865,0.13686441696188856,difference of equal-sample representative means; not paired
A0,A0-M00,2,snv,1431.8707843137256,0.13520539472502724,difference of equal-sample representative means; not paired
A0,A0-M00,2,snv,1437.3315294117647,0.12881066044334022,difference of equal-sample representative means; not paired
A0,A0-M00,2,snv,1442.792274509804,0.13515869703893102,difference of equal-sample representative means; not paired
A0,A0-M00,2,snv,1448.2530196078433,0.14103150618711158,difference of equal-sample representative means; not paired
A0,A0-M00,2,snv,1453.7137647058826,0.08880112234305071,difference of equal-sample representative means; not paired
A0,A0-M00,2,snv,1459.1745098039219,0.07488634058622567,difference of equal-sample representative means; not paired
A0,A0-M00,2,snv,1464.635254901961,0.1344855607363209,difference of equal-sample representative means; not paired
A0,A0-M00,2,snv,1470.096,0.13047031273156362,difference of equal-sample representative means; not paired
A0,A0-M00,2,snv,1475.5567450980393,0.139740520979456,difference of equal-sample representative means; not paired
A0,A0-M00,2,snv,1481.0174901960786,0.14342331939968744,difference of equal-sample representative means; not paired
A0,A0-M00,2,snv,1486.478235294118,0.1407596174036887,difference of equal-sample representative means; not paired
A0,A0-M00,2,snv,1491.938980392157,0.13999567022812665,difference of equal-sample representative means; not paired
A0,A0-M00,2,snv,1497.3997254901963,0.13967998666488857,difference of equal-sample representative means; not paired
A0,A0-M00,2,snv,1502.8604705882353,0.1383013445274357,difference of equal-sample representative means; not paired
A0,A0-M00,2,snv,1508.3212156862746,0.1355430770915632,difference of equal-sample representative means; not paired
A0,A0-M00,2,snv,1513.781960784314,0.12679767365013517,difference of equal-sample representative means; not paired
A0,A0-M00,2,snv,1519.2427058823532,0.12912850657877273,difference of equal-sample representative means; not paired
A0,A0-M00,2,snv,1524.7034509803923,0.12834260857774127,difference of equal-sample representative means; not paired
A0,A0-M00,2,snv,1530.1641960784316,0.12714038092252278,difference of equal-sample representative means; not paired
A0,A0-M00,2,snv,1535.6249411764707,0.12203615062038753,difference of equal-sample representative means; not paired
A0,A0-M00,2,snv,1541.08568627451,0.1176340242056727,difference of equal-sample representative means; not paired
A0,A0-M00,2,snv,1546.5464313725493,0.11694243407738014,difference of equal-sample representative means; not paired
A0,A0-M00,2,snv,1552.0071764705885,0.11388677272787506,difference of equal-sample representative means; not paired
A0,A0-M00,2,snv,1557.4679215686276,0.11495518550680117,difference of equal-sample representative means; not paired
A0,A0-M00,2,snv,1562.9286666666667,0.09492872863407176,difference of equal-sample representative means; not paired
A0,A0-M00,2,snv,1568.389411764706,0.10350837671820334,difference of equal-sample representative means; not paired
A0,A0-M00,2,snv,1573.8501568627453,0.10935625690352013,difference of equal-sample representative means; not paired
A0,A0-M00,2,snv,1579.3109019607846,0.10921578904610507,difference of equal-sample representative means; not paired
A0,A0-M00,2,snv,1584.7716470588239,0.1064171244918003,difference of equal-sample representative means; not paired
A0,A0-M00,2,snv,1590.232392156863,0.1013033761711718,difference of equal-sample representative means; not paired
A0,A0-M00,2,snv,1595.693137254902,0.10098044959919561,difference of equal-sample representative means; not paired
A0,A0-M00,2,snv,1601.1538823529413,0.09670300725168746,difference of equal-sample representative means; not paired
A0,A0-M00,2,snv,1606.6146274509806,0.09525098817307648,difference of equal-sample representative means; not paired
A0,A0-M00,2,snv,1612.07537254902,0.09198611557234787,difference of equal-sample representative means; not paired
A0,A0-M00,2,snv,1617.536117647059,0.0910414444634619,difference of equal-sample representative means; not paired
A0,A0-M00,2,snv,1622.9968627450983,0.08908316066396116,difference of equal-sample representative means; not paired
A0,A0-M00,2,snv,1628.4576078431373,0.0818207841919219,difference of equal-sample representative means; not paired
A0,A0-M00,2,snv,1633.9183529411766,0.07425059595124883,difference of equal-sample representative means; not paired
A0,A0-M00,2,snv,1639.379098039216,0.07943284098782483,difference of equal-sample representative means; not paired
A0,A0-M00,2,snv,1644.8398431372552,0.07440864231192879,difference of equal-sample representative means; not paired
A0,A0-M00,2,snv,1650.3005882352943,0.06988787179744377,difference of equal-sample representative means; not paired
A0,A0-M00,2,snv,1655.7613333333334,0.07170291961607139,difference of equal-sample representative means; not paired
A0,A0-M00,2,snv,1661.2220784313727,0.07316489162162898,difference of equal-sample representative means; not paired
A0,A0-M00,2,snv,1666.682823529412,0.07190487605869772,difference of equal-sample representative means; not paired
A0,A0-M00,2,snv,1672.1435686274513,0.05611999908290616,difference of equal-sample representative means; not paired
A0,A0-M00,2,snv,1677.6043137254906,-0.020514480045010386,difference of equal-sample representative means; not paired
A0,A0-M00,2,snv,1683.0650588235296,0.0716196540979594,difference of equal-sample representative means; not paired
A0,A0-M00,2,snv,1688.5258039215687,0.08655623541377183,difference of equal-sample representative means; not paired
A0,A0-M00,2,snv,1693.986549019608,0.09125532739026188,difference of equal-sample representative means; not paired
A0,A0-M00,2,snv,1699.4472941176473,0.08523849483994073,difference of equal-sample representative means; not paired
A0,A0-M00,2,snv,1704.9080392156866,0.07800589364553923,difference of equal-sample representative means; not paired
A0,A0-M00,2,snv,1710.3687843137257,0.08066610583024791,difference of equal-sample representative means; not paired
A0,A0-M00,2,snv,1715.829529411765,0.08457365578575388,difference of equal-sample representative means; not paired
A0,A0-M00,2,snv,1721.290274509804,0.07485974144234658,difference of equal-sample representative means; not paired
A0,A0-M00,2,snv,1726.7510196078433,0.06928914844390294,difference of equal-sample representative means; not paired
A0,A0-M00,2,snv,1732.2117647058826,0.06357879036999925,difference of equal-sample representative means; not paired
A0,A0-M00,2,snv,1737.672509803922,0.05568049445995693,difference of equal-sample representative means; not paired
A0,A0-M00,2,snv,1743.133254901961,0.046288688371231346,difference of equal-sample representative means; not paired
A0,A0-M00,2,snv,1748.594,0.04063034060653642,difference of equal-sample representative means; not paired
A0,A0-M00,2,snv,1754.0547450980393,0.039052319536013014,difference of equal-sample representative means; not paired
A0,A0-M00,2,snv,1759.5154901960786,0.02562652831818535,difference of equal-sample representative means; not paired
A0,A0-M00,2,snv,1764.976235294118,0.03319702539238878,difference of equal-sample representative means; not paired
A0,A0-M00,2,snv,1770.4369803921572,0.025319763208579038,difference of equal-sample representative means; not paired
A0,A0-M00,2,snv,1775.8977254901963,0.021933653682677412,difference of equal-sample representative means; not paired
A0,A0-M00,2,snv,1781.3584705882354,0.017307981240797188,difference of equal-sample representative means; not paired
A0,A0-M00,2,snv,1786.8192156862747,0.011706088876300424,difference of equal-sample representative means; not paired
A0,A0-M00,2,snv,1792.279960784314,-0.011627745020234947,difference of equal-sample representative means; not paired
A0,A0-M00,2,snv,1797.7407058823533,-0.06487765699216896,difference of equal-sample representative means; not paired
A0,A0-M00,2,snv,1803.2014509803923,-0.010013470325688334,difference of equal-sample representative means; not paired
A0,A0-M00,2,snv,1808.6621960784316,-0.012860103575577375,difference of equal-sample representative means; not paired
A0,A0-M00,2,snv,1814.1229411764707,-0.016315501625463913,difference of equal-sample representative means; not paired
A0,A0-M00,2,snv,1819.58368627451,-0.023585682687571496,difference of equal-sample representative means; not paired
A0,A0-M00,2,snv,1825.0444313725493,-0.03190654894203937,difference of equal-sample representative means; not paired
A0,A0-M00,2,snv,1830.5051764705886,-0.038430293975322494,difference of equal-sample representative means; not paired
A0,A0-M00,2,snv,1835.9659215686277,-0.04432985003045126,difference of equal-sample representative means; not paired
A0,A0-M00,2,snv,1841.4266666666667,-0.05378383945467641,difference of equal-sample representative means; not paired
A0,A0-M00,2,snv,1846.887411764706,-0.05488852490746171,difference of equal-sample representative means; not paired
A0,A0-M00,2,snv,1852.3481568627453,-0.06308271492243639,difference of equal-sample representative means; not paired
A0,A0-M00,2,snv,1857.8089019607846,-0.06469969208576742,difference of equal-sample representative means; not paired
A0,A0-M00,2,snv,1863.269647058824,-0.06720731365334182,difference of equal-sample representative means; not paired
A0,A0-M00,2,snv,1868.730392156863,-0.0747406421685537,difference of equal-sample representative means; not paired
A0,A0-M00,2,snv,1874.191137254902,-0.08739358208563747,difference of equal-sample representative means; not paired
A0,A0-M00,2,snv,1879.6518823529414,-0.09894574668674488,difference of equal-sample representative means; not paired
A0,A0-M00,2,snv,1885.1126274509807,-0.08857652547592837,difference of equal-sample representative means; not paired
A0,A0-M00,2,snv,1890.57337254902,-0.08411758637646205,difference of equal-sample representative means; not paired
A0,A0-M00,2,snv,1896.034117647059,-0.0787090853680239,difference of equal-sample representative means; not paired
A0,A0-M00,2,snv,1901.4948627450983,-0.06594398320324624,difference of equal-sample representative means; not paired
A0,A0-M00,2,snv,1906.9556078431374,-0.03164283457761763,difference of equal-sample representative means; not paired
A0,A0-M00,2,snv,1912.4163529411767,0.009479735003384393,difference of equal-sample representative means; not paired
A0,A0-M00,2,snv,1917.877098039216,0.036133437496969734,difference of equal-sample representative means; not paired
A0,A0-M00,2,snv,1923.3378431372553,0.05240153746476928,difference of equal-sample representative means; not paired
A0,A0-M00,2,snv,1928.7985882352943,0.056222347863704725,difference of equal-sample representative means; not paired
A0,A0-M00,2,snv,1934.2593333333336,0.07323152535960253,difference of equal-sample representative means; not paired
A0,A0-M00,2,snv,1939.7200784313727,0.07740179725197671,difference of equal-sample representative means; not paired
A0,A0-M00,2,snv,1945.180823529412,0.06224600966663241,difference of equal-sample representative means; not paired
A0,A0-M00,2,snv,1950.6415686274513,0.04832966972273933,difference of equal-sample representative means; not paired
A0,A0-M00,2,snv,1956.1023137254906,0.03970465708344606,difference of equal-sample representative means; not paired
A0,A0-M00,2,snv,1961.5630588235294,0.021835788807482936,difference of equal-sample representative means; not paired
A0,A0-M00,2,snv,1967.0238039215687,-0.0006709705121262788,difference of equal-sample representative means; not paired
A0,A0-M00,2,snv,1972.484549019608,-0.020049881373372713,difference of equal-sample representative means; not paired
A0,A0-M00,2,snv,1977.9452941176473,-0.02837350701391994,difference of equal-sample representative means; not paired
A0,A0-M00,2,snv,1983.4060392156866,-0.04714368131188518,difference of equal-sample representative means; not paired
A0,A0-M00,2,snv,1988.866784313726,-0.0625866935746936,difference of equal-sample representative means; not paired
A0,A0-M00,2,snv,1994.3275294117648,-0.08642826219978639,difference of equal-sample representative means; not paired
A0,A0-M00,2,snv,1999.788274509804,-0.11681550991958911,difference of equal-sample representative means; not paired
A0,A0-M00,2,snv,2005.2490196078434,-0.1255085978915813,difference of equal-sample representative means; not paired
A0,A0-M00,2,snv,2010.7097647058827,-0.14155873478361403,difference of equal-sample representative means; not paired
A0,A0-M00,2,snv,2016.170509803922,-0.14509887812691769,difference of equal-sample representative means; not paired
A0,A0-M00,2,snv,2021.6312549019613,-0.1689668281754917,difference of equal-sample representative means; not paired
A0,A0-M00,2,snv,2027.092,-0.18474031108279876,difference of equal-sample representative means; not paired
A0,A0-M00,2,snv,2032.5527450980394,-0.1929691897432394,difference of equal-sample representative means; not paired
A0,A0-M00,2,snv,2038.0134901960787,-0.19867188266870295,difference of equal-sample representative means; not paired
A0,A0-M00,2,snv,2043.474235294118,-0.2022664473131508,difference of equal-sample representative means; not paired
A0,A0-M00,2,snv,2048.9349803921573,-0.2019640285003208,difference of equal-sample representative means; not paired
A0,A0-M00,2,snv,2054.3957254901966,-0.20387742585829371,difference of equal-sample representative means; not paired
A0,A0-M00,2,snv,2059.8564705882354,-0.19839991866833562,difference of equal-sample representative means; not paired
A0,A0-M00,2,snv,2065.3172156862747,-0.21109939278324996,difference of equal-sample representative means; not paired
A0,A0-M00,2,snv,2070.777960784314,-0.22338445528428896,difference of equal-sample representative means; not paired
A0,A0-M00,2,snv,2076.2387058823533,-0.20979721536175178,difference of equal-sample representative means; not paired
A0,A0-M00,2,snv,2081.6994509803926,-0.19195587230629108,difference of equal-sample representative means; not paired
A0,A0-M00,2,snv,2087.1601960784315,-0.19923992979946026,difference of equal-sample representative means; not paired
A0,A0-M00,2,snv,2092.6209411764708,-0.16740978226366499,difference of equal-sample representative means; not paired
A0,A0-M00,2,snv,2098.08168627451,-0.19728274013109615,difference of equal-sample representative means; not paired
A0,A0-M00,2,snv,2103.5424313725493,-0.22010422022473608,difference of equal-sample representative means; not paired
A0,A0-M00,2,snv,2109.0031764705886,-0.23227737121034042,difference of equal-sample representative means; not paired
A0,A0-M00,2,snv,2114.463921568628,-0.22745011315504637,difference of equal-sample representative means; not paired
A0,A0-M00,2,snv,2119.924666666667,-0.22528023810853615,difference of equal-sample representative means; not paired
A0,A0-M00,2,snv,2125.385411764706,-0.23878760340496974,difference of equal-sample representative means; not paired
A0,A0-M00,2,snv,2130.8461568627454,-0.2539575043377793,difference of equal-sample representative means; not paired
A0,A0-M00,2,snv,2136.3069019607847,-0.26075736489755663,difference of equal-sample representative means; not paired
A0,A0-M00,2,snv,2141.767647058824,-0.25587015368483623,difference of equal-sample representative means; not paired
A0,A0-M00,2,snv,2147.2283921568633,-0.29314153463914405,difference of equal-sample representative means; not paired
A0,A0-M00,2,snv,2152.689137254902,-0.30565416507266907,difference of equal-sample representative means; not paired
A0,A0-M00,2,snv,2158.1498823529414,-0.3033277423037116,difference of equal-sample representative means; not paired
A0,A0-M00,2,snv,2163.6106274509807,-0.2987501767274825,difference of equal-sample representative means; not paired
A0,A0-M00,2,snv,2169.07137254902,-0.300516935410578,difference of equal-sample representative means; not paired
A0,A0-M00,2,snv,2174.5321176470593,-0.32093406523246537,difference of equal-sample representative means; not paired
A0,A0-M00,2,snv,2179.992862745098,-0.31376300932396584,difference of equal-sample representative means; not paired
A0,A0-M00,2,snv,2185.4536078431374,-0.32819859435574206,difference of equal-sample representative means; not paired
A0,A0-M00,2,snv,2190.9143529411767,-0.32636521121604367,difference of equal-sample representative means; not paired
A0,A0-M00,2,snv,2196.375098039216,-0.32614478350442166,difference of equal-sample representative means; not paired
A0,A0-M00,2,snv,2201.8358431372553,-0.3365150413345005,difference of equal-sample representative means; not paired
A0,A0-M00,2,snv,2207.2965882352946,-0.34645613658038676,difference of equal-sample representative means; not paired
A0,A0-M00,2,snv,2212.7573333333335,-0.34561918300562355,difference of equal-sample representative means; not paired
A0,A0-M00,2,snv,2218.2180784313728,-0.3532572706022954,difference of equal-sample representative means; not paired
A0,A0-M00,2,snv,2223.678823529412,-0.355181292608302,difference of equal-sample representative means; not paired
A0,A0-M00,2,snv,2229.1395686274514,-0.38140393337815465,difference of equal-sample representative means; not paired
A0,A0-M00,2,snv,2234.6003137254907,-0.3939686810921839,difference of equal-sample representative means; not paired
A0,A0-M00,2,snv,2240.06105882353,-0.3635429022854708,difference of equal-sample representative means; not paired
A0,A0-M00,2,snv,2245.521803921569,-0.34003941838698504,difference of equal-sample representative means; not paired
A0,A0-M00,2,snv,2250.982549019608,-0.3355860491866026,difference of equal-sample representative means; not paired
A0,A0-M00,2,snv,2256.4432941176474,-0.2943849317015078,difference of equal-sample representative means; not paired
A0,A0-M00,2,snv,2261.9040392156867,-0.21255993989709598,difference of equal-sample representative means; not paired
A0,A0-M00,2,snv,2267.364784313726,-0.17382057726127453,difference of equal-sample representative means; not paired
A0,A0-M00,2,snv,2272.825529411765,-0.12470536528393272,difference of equal-sample representative means; not paired
A0,A0-M00,2,snv,2278.286274509804,-0.12134857934767829,difference of equal-sample representative means; not paired
A0,A0-M00,2,snv,2283.7470196078434,-0.08935557553971074,difference of equal-sample representative means; not paired
A0,A0-M00,2,snv,2289.2077647058827,-0.060243881470609884,difference of equal-sample representative means; not paired
A0,A0-M00,2,snv,2294.668509803922,-0.03928764033241183,difference of equal-sample representative means; not paired
A0,A0-M00,2,snv,2300.1292549019613,0.04096729009361155,difference of equal-sample representative means; not paired
A0,A0-M00,2,snv,2305.59,-0.018252664274699404,difference of equal-sample representative means; not paired
A0,A0-M00,2,second_derivative,913.1,7.861205624920211e-05,difference of equal-sample representative means; not paired
A0,A0-M00,2,second_derivative,918.5607450980392,7.861205624920211e-05,difference of equal-sample representative means; not paired
A0,A0-M00,2,second_derivative,924.0214901960785,7.861205624920211e-05,difference of equal-sample representative means; not paired
A0,A0-M00,2,second_derivative,929.4822352941177,7.861205624920097e-05,difference of equal-sample representative means; not paired
A0,A0-M00,2,second_derivative,934.9429803921569,5.2896286192813896e-05,difference of equal-sample representative means; not paired
A0,A0-M00,2,second_derivative,940.4037254901962,4.582721403112145e-05,difference of equal-sample representative means; not paired
A0,A0-M00,2,second_derivative,945.8644705882353,3.078292598190597e-05,difference of equal-sample representative means; not paired
A0,A0-M00,2,second_derivative,951.3252156862745,2.7517588398535855e-05,difference of equal-sample representative means; not paired
A0,A0-M00,2,second_derivative,956.7859607843137,2.2311159480168472e-05,difference of equal-sample representative means; not paired
A0,A0-M00,2,second_derivative,962.246705882353,2.0585223058131522e-06,difference of equal-sample representative means; not paired
A0,A0-M00,2,second_derivative,967.7074509803922,6.604037706980025e-06,difference of equal-sample representative means; not paired
A0,A0-M00,2,second_derivative,973.1681960784314,1.7770183367958175e-05,difference of equal-sample representative means; not paired
A0,A0-M00,2,second_derivative,978.6289411764706,-7.35960317111345e-06,difference of equal-sample representative means; not paired
A0,A0-M00,2,second_derivative,984.0896862745099,-2.285555378758764e-05,difference of equal-sample representative means; not paired
A0,A0-M00,2,second_derivative,989.550431372549,-2.4094931881801383e-05,difference of equal-sample representative means; not paired
A0,A0-M00,2,second_derivative,995.0111764705882,-1.3333572414927797e-05,difference of equal-sample representative means; not paired
A0,A0-M00,2,second_derivative,1000.4719215686275,8.477221719891935e-06,difference of equal-sample representative means; not paired
A0,A0-M00,2,second_derivative,1005.9326666666667,2.6749817858072733e-05,difference of equal-sample representative means; not paired
A0,A0-M00,2,second_derivative,1011.3934117647059,3.3905807375923243e-06,difference of equal-sample representative means; not paired
A0,A0-M00,2,second_derivative,1016.8541568627452,-1.1986649969919185e-06,difference of equal-sample representative means; not paired
A0,A0-M00,2,second_derivative,1022.3149019607844,1.8898042331572866e-05,difference of equal-sample representative means; not paired
A0,A0-M00,2,second_derivative,1027.7756470588236,5.52133742691908e-06,difference of equal-sample representative means; not paired
A0,A0-M00,2,second_derivative,1033.2363921568628,-1.1372716037837722e-05,difference of equal-sample representative means; not paired
A0,A0-M00,2,second_derivative,1038.697137254902,-1.889505642662214e-05,difference of equal-sample representative means; not paired
A0,A0-M00,2,second_derivative,1044.1578823529412,-2.22098893177013e-05,difference of equal-sample representative means; not paired
A0,A0-M00,2,second_derivative,1049.6186274509805,-9.231774628129155e-06,difference of equal-sample representative means; not paired
A0,A0-M00,2,second_derivative,1055.0793725490196,2.008292726787415e-05,difference of equal-sample representative means; not paired
A0,A0-M00,2,second_derivative,1060.5401176470589,9.882130156446897e-06,difference of equal-sample representative means; not paired
A0,A0-M00,2,second_derivative,1066.0008627450982,4.861316993384121e-06,difference of equal-sample representative means; not paired
A0,A0-M00,2,second_derivative,1071.4616078431372,2.206850631561382e-06,difference of equal-sample representative means; not paired
A0,A0-M00,2,second_derivative,1076.9223529411765,-3.1587976704894114e-06,difference of equal-sample representative means; not paired
A0,A0-M00,2,second_derivative,1082.3830980392158,-3.162269165415202e-06,difference of equal-sample representative means; not paired
A0,A0-M00,2,second_derivative,1087.843843137255,-2.0933199904998746e-06,difference of equal-sample representative means; not paired
A0,A0-M00,2,second_derivative,1093.3045882352942,-1.141976583331846e-06,difference of equal-sample representative means; not paired
A0,A0-M00,2,second_derivative,1098.7653333333333,1.9366583747553934e-05,difference of equal-sample representative means; not paired
A0,A0-M00,2,second_derivative,1104.2260784313726,2.994932137515421e-06,difference of equal-sample representative means; not paired
A0,A0-M00,2,second_derivative,1109.6868235294119,-1.6840933821236647e-05,difference of equal-sample representative means; not paired
A0,A0-M00,2,second_derivative,1115.1475686274512,-9.825851415603258e-06,difference of equal-sample representative means; not paired
A0,A0-M00,2,second_derivative,1120.6083137254902,-5.755412767767559e-06,difference of equal-sample representative means; not paired
A0,A0-M00,2,second_derivative,1126.0690588235295,-2.1281800573378906e-05,difference of equal-sample representative means; not paired
A0,A0-M00,2,second_derivative,1131.5298039215686,-6.786839223993178e-06,difference of equal-sample representative means; not paired
A0,A0-M00,2,second_derivative,1136.990549019608,-1.2073054152039502e-05,difference of equal-sample representative means; not paired
A0,A0-M00,2,second_derivative,1142.4512941176472,2.3230119600525065e-06,difference of equal-sample representative means; not paired
A0,A0-M00,2,second_derivative,1147.9120392156863,2.962652459697223e-05,difference of equal-sample representative means; not paired
A0,A0-M00,2,second_derivative,1153.3727843137256,2.3511796148078713e-05,difference of equal-sample representative means; not paired
A0,A0-M00,2,second_derivative,1158.8335294117649,-8.672500578957576e-06,difference of equal-sample representative means; not paired
A0,A0-M00,2,second_derivative,1164.294274509804,-1.3940631854757266e-05,difference of equal-sample representative means; not paired
A0,A0-M00,2,second_derivative,1169.7550196078432,-8.314384046802307e-06,difference of equal-sample representative means; not paired
A0,A0-M00,2,second_derivative,1175.2157647058825,2.3325727322930557e-06,difference of equal-sample representative means; not paired
A0,A0-M00,2,second_derivative,1180.6765098039216,1.6344281828416634e-05,difference of equal-sample representative means; not paired
A0,A0-M00,2,second_derivative,1186.137254901961,2.5505492753567313e-05,difference of equal-sample representative means; not paired
A0,A0-M00,2,second_derivative,1191.598,2.6026794160973628e-05,difference of equal-sample representative means; not paired
A0,A0-M00,2,second_derivative,1197.0587450980393,3.534296777867533e-05,difference of equal-sample representative means; not paired
A0,A0-M00,2,second_derivative,1202.5194901960786,3.14251843270774e-05,difference of equal-sample representative means; not paired
A0,A0-M00,2,second_derivative,1207.9802352941178,-8.481381077338436e-06,difference of equal-sample representative means; not paired
A0,A0-M00,2,second_derivative,1213.440980392157,-2.514483865125724e-05,difference of equal-sample representative means; not paired
A0,A0-M00,2,second_derivative,1218.9017254901962,-3.79237862120249e-05,difference of equal-sample representative means; not paired
A0,A0-M00,2,second_derivative,1224.3624705882353,-3.0023696335563653e-05,difference of equal-sample representative means; not paired
A0,A0-M00,2,second_derivative,1229.8232156862746,-1.378992626257448e-06,difference of equal-sample representative means; not paired
A0,A0-M00,2,second_derivative,1235.2839607843139,2.7371258568850555e-05,difference of equal-sample representative means; not paired
A0,A0-M00,2,second_derivative,1240.7447058823532,1.7552370764944673e-05,difference of equal-sample representative means; not paired
A0,A0-M00,2,second_derivative,1246.2054509803922,-6.571378947043345e-06,difference of equal-sample representative means; not paired
A0,A0-M00,2,second_derivative,1251.6661960784315,-2.7430028560193693e-05,difference of equal-sample representative means; not paired
A0,A0-M00,2,second_derivative,1257.1269411764706,-2.890513934249824e-05,difference of equal-sample representative means; not paired
A0,A0-M00,2,second_derivative,1262.58768627451,-1.1909586165878679e-05,difference of equal-sample representative means; not paired
A0,A0-M00,2,second_derivative,1268.0484313725492,1.5582878576774223e-05,difference of equal-sample representative means; not paired
A0,A0-M00,2,second_derivative,1273.5091764705883,1.5629158908905585e-05,difference of equal-sample representative means; not paired
A0,A0-M00,2,second_derivative,1278.9699215686276,-5.106279731652944e-06,difference of equal-sample representative means; not paired
A0,A0-M00,2,second_derivative,1284.4306666666666,7.484054111059494e-08,difference of equal-sample representative means; not paired
A0,A0-M00,2,second_derivative,1289.891411764706,4.953927478177008e-06,difference of equal-sample representative means; not paired
A0,A0-M00,2,second_derivative,1295.3521568627452,2.7948806722589756e-06,difference of equal-sample representative means; not paired
A0,A0-M00,2,second_derivative,1300.8129019607845,-1.0665984189716358e-06,difference of equal-sample representative means; not paired
A0,A0-M00,2,second_derivative,1306.2736470588236,-3.064453341842659e-06,difference of equal-sample representative means; not paired
A0,A0-M00,2,second_derivative,1311.734392156863,-1.4032555915660528e-06,difference of equal-sample representative means; not paired
A0,A0-M00,2,second_derivative,1317.195137254902,2.8504928485529045e-06,difference of equal-sample representative means; not paired
A0,A0-M00,2,second_derivative,1322.6558823529413,5.670006892820263e-06,difference of equal-sample representative means; not paired
A0,A0-M00,2,second_derivative,1328.1166274509806,1.1572058936844287e-06,difference of equal-sample representative means; not paired
A0,A0-M00,2,second_derivative,1333.5773725490199,1.4874701307343314e-06,difference of equal-sample representative means; not paired
A0,A0-M00,2,second_derivative,1339.038117647059,-9.605235914011363e-07,difference of equal-sample representative means; not paired
A0,A0-M00,2,second_derivative,1344.4988627450982,-2.5697786273142814e-06,difference of equal-sample representative means; not paired
A0,A0-M00,2,second_derivative,1349.9596078431373,-5.111792757677454e-07,difference of equal-sample representative means; not paired
A0,A0-M00,2,second_derivative,1355.4203529411766,2.0265330781226594e-05,difference of equal-sample representative means; not paired
A0,A0-M00,2,second_derivative,1360.8810980392159,2.114439319124278e-05,difference of equal-sample representative means; not paired
A0,A0-M00,2,second_derivative,1366.341843137255,-1.269013103926771e-05,difference of equal-sample representative means; not paired
A0,A0-M00,2,second_derivative,1371.8025882352943,-2.5587039422487804e-05,difference of equal-sample representative means; not paired
A0,A0-M00,2,second_derivative,1377.2633333333333,-1.910165642892299e-05,difference of equal-sample representative means; not paired
A0,A0-M00,2,second_derivative,1382.7240784313726,1.006775794182574e-05,difference of equal-sample representative means; not paired
A0,A0-M00,2,second_derivative,1388.184823529412,5.038888994008455e-05,difference of equal-sample representative means; not paired
A0,A0-M00,2,second_derivative,1393.6455686274512,5.1594888858557213e-05,difference of equal-sample representative means; not paired
A0,A0-M00,2,second_derivative,1399.1063137254903,2.364557522936392e-05,difference of equal-sample representative means; not paired
A0,A0-M00,2,second_derivative,1404.5670588235296,1.5010972151092896e-05,difference of equal-sample representative means; not paired
A0,A0-M00,2,second_derivative,1410.0278039215686,5.670270584694633e-06,difference of equal-sample representative means; not paired
A0,A0-M00,2,second_derivative,1415.488549019608,-1.3318528350604705e-07,difference of equal-sample representative means; not paired
A0,A0-M00,2,second_derivative,1420.9492941176472,-9.012221662777164e-06,difference of equal-sample representative means; not paired
A0,A0-M00,2,second_derivative,1426.4100392156865,-1.9025707512803784e-05,difference of equal-sample representative means; not paired
A0,A0-M00,2,second_derivative,1431.8707843137256,-2.5341978506401624e-05,difference of equal-sample representative means; not paired
A0,A0-M00,2,second_derivative,1437.3315294117647,-8.578574388842152e-06,difference of equal-sample representative means; not paired
A0,A0-M00,2,second_derivative,1442.792274509804,2.823386364082583e-06,difference of equal-sample representative means; not paired
A0,A0-M00,2,second_derivative,1448.2530196078433,-1.4902146237970092e-05,difference of equal-sample representative means; not paired
A0,A0-M00,2,second_derivative,1453.7137647058826,-2.727689354985991e-05,difference of equal-sample representative means; not paired
A0,A0-M00,2,second_derivative,1459.1745098039219,-3.008260667290334e-05,difference of equal-sample representative means; not paired
A0,A0-M00,2,second_derivative,1464.635254901961,-1.5096677986622735e-05,difference of equal-sample representative means; not paired
A0,A0-M00,2,second_derivative,1470.096,8.743953262556654e-06,difference of equal-sample representative means; not paired
A0,A0-M00,2,second_derivative,1475.5567450980393,9.190832487375339e-06,difference of equal-sample representative means; not paired
A0,A0-M00,2,second_derivative,1481.0174901960786,-9.518053786546912e-06,difference of equal-sample representative means; not paired
A0,A0-M00,2,second_derivative,1486.478235294118,-9.74609624787065e-06,difference of equal-sample representative means; not paired
A0,A0-M00,2,second_derivative,1491.938980392157,-5.324495850795043e-06,difference of equal-sample representative means; not paired
A0,A0-M00,2,second_derivative,1497.3997254901963,2.08892219296368e-06,difference of equal-sample representative means; not paired
A0,A0-M00,2,second_derivative,1502.8604705882353,-9.782602020901953e-07,difference of equal-sample representative means; not paired
A0,A0-M00,2,second_derivative,1508.3212156862746,-2.4225797052064616e-06,difference of equal-sample representative means; not paired
A0,A0-M00,2,second_derivative,1513.781960784314,-2.228414833785755e-06,difference of equal-sample representative means; not paired
A0,A0-M00,2,second_derivative,1519.2427058823532,-8.12187138375849e-07,difference of equal-sample representative means; not paired
A0,A0-M00,2,second_derivative,1524.7034509803923,1.3202620831872253e-06,difference of equal-sample representative means; not paired
A0,A0-M00,2,second_derivative,1530.1641960784316,2.3605534926786523e-06,difference of equal-sample representative means; not paired
A0,A0-M00,2,second_derivative,1535.6249411764707,1.973804127370658e-06,difference of equal-sample representative means; not paired
A0,A0-M00,2,second_derivative,1541.08568627451,3.5649098844341e-07,difference of equal-sample representative means; not paired
A0,A0-M00,2,second_derivative,1546.5464313725493,3.4307064937877235e-06,difference of equal-sample representative means; not paired
A0,A0-M00,2,second_derivative,1552.0071764705885,5.222712352939878e-07,difference of equal-sample representative means; not paired
A0,A0-M00,2,second_derivative,1557.4679215686276,-2.7537896729971022e-06,difference of equal-sample representative means; not paired
A0,A0-M00,2,second_derivative,1562.9286666666667,-2.6853925774931924e-06,difference of equal-sample representative means; not paired
A0,A0-M00,2,second_derivative,1568.389411764706,-8.887516012362425e-07,difference of equal-sample representative means; not paired
A0,A0-M00,2,second_derivative,1573.8501568627453,-8.150639671655859e-07,difference of equal-sample representative means; not paired
A0,A0-M00,2,second_derivative,1579.3109019607846,2.830282439774839e-06,difference of equal-sample representative means; not paired
A0,A0-M00,2,second_derivative,1584.7716470588239,-2.6863795306731086e-06,difference of equal-sample representative means; not paired
A0,A0-M00,2,second_derivative,1590.232392156863,-6.612449555563925e-06,difference of equal-sample representative means; not paired
A0,A0-M00,2,second_derivative,1595.693137254902,-7.040824248030682e-06,difference of equal-sample representative means; not paired
A0,A0-M00,2,second_derivative,1601.1538823529413,-5.781736161517265e-06,difference of equal-sample representative means; not paired
A0,A0-M00,2,second_derivative,1606.6146274509806,-4.560411321982917e-06,difference of equal-sample representative means; not paired
A0,A0-M00,2,second_derivative,1612.07537254902,-2.9775085077179937e-06,difference of equal-sample representative means; not paired
A0,A0-M00,2,second_derivative,1617.536117647059,-7.262880778418406e-07,difference of equal-sample representative means; not paired
A0,A0-M00,2,second_derivative,1622.9968627450983,1.1720572850720191e-06,difference of equal-sample representative means; not paired
A0,A0-M00,2,second_derivative,1628.4576078431373,5.2859292332489186e-06,difference of equal-sample representative means; not paired
A0,A0-M00,2,second_derivative,1633.9183529411766,1.040395003475343e-05,difference of equal-sample representative means; not paired
A0,A0-M00,2,second_derivative,1639.379098039216,1.0420825455730196e-05,difference of equal-sample representative means; not paired
A0,A0-M00,2,second_derivative,1644.8398431372552,5.09172119273272e-06,difference of equal-sample representative means; not paired
A0,A0-M00,2,second_derivative,1650.3005882352943,-1.5705086046912406e-06,difference of equal-sample representative means; not paired
A0,A0-M00,2,second_derivative,1655.7613333333334,-3.941263493494915e-06,difference of equal-sample representative means; not paired
A0,A0-M00,2,second_derivative,1661.2220784313727,9.22183850782639e-06,difference of equal-sample representative means; not paired
A0,A0-M00,2,second_derivative,1666.682823529412,-1.3591138149747412e-05,difference of equal-sample representative means; not paired
A0,A0-M00,2,second_derivative,1672.1435686274513,-3.0212117076577113e-05,difference of equal-sample representative means; not paired
A0,A0-M00,2,second_derivative,1677.6043137254906,-2.746748933158373e-05,difference of equal-sample representative means; not paired
A0,A0-M00,2,second_derivative,1683.0650588235296,-7.21180098045625e-06,difference of equal-sample representative means; not paired
A0,A0-M00,2,second_derivative,1688.5258039215687,2.2288709436185488e-05,difference of equal-sample representative means; not paired
A0,A0-M00,2,second_derivative,1693.986549019608,4.326224729169664e-05,difference of equal-sample representative means; not paired
A0,A0-M00,2,second_derivative,1699.4472941176473,1.7991801149846246e-05,difference of equal-sample representative means; not paired
A0,A0-M00,2,second_derivative,1704.9080392156866,1.2058568478377755e-05,difference of equal-sample representative means; not paired
A0,A0-M00,2,second_derivative,1710.3687843137257,1.069820523451096e-05,difference of equal-sample representative means; not paired
A0,A0-M00,2,second_derivative,1715.829529411765,1.1249412633427529e-05,difference of equal-sample representative means; not paired
A0,A0-M00,2,second_derivative,1721.290274509804,8.10752042112547e-06,difference of equal-sample representative means; not paired
A0,A0-M00,2,second_derivative,1726.7510196078433,1.6015566901377067e-06,difference of equal-sample representative means; not paired
A0,A0-M00,2,second_derivative,1732.2117647058826,-4.101408926585251e-06,difference of equal-sample representative means; not paired
A0,A0-M00,2,second_derivative,1737.672509803922,-3.5297688377320406e-06,difference of equal-sample representative means; not paired
A0,A0-M00,2,second_derivative,1743.133254901961,-3.507628467246928e-07,difference of equal-sample representative means; not paired
A0,A0-M00,2,second_derivative,1748.594,3.224322245807873e-06,difference of equal-sample representative means; not paired
A0,A0-M00,2,second_derivative,1754.0547450980393,7.992819740048952e-06,difference of equal-sample representative means; not paired
A0,A0-M00,2,second_derivative,1759.5154901960786,8.93433286291206e-06,difference of equal-sample representative means; not paired
A0,A0-M00,2,second_derivative,1764.976235294118,5.852460354534824e-06,difference of equal-sample representative means; not paired
A0,A0-M00,2,second_derivative,1770.4369803921572,-3.82634966175509e-07,difference of equal-sample representative means; not paired
A0,A0-M00,2,second_derivative,1775.8977254901963,-2.923847790833056e-07,difference of equal-sample representative means; not paired
A0,A0-M00,2,second_derivative,1781.3584705882354,5.192191111116458e-06,difference of equal-sample representative means; not paired
A0,A0-M00,2,second_derivative,1786.8192156862747,-1.4007767733750259e-05,difference of equal-sample representative means; not paired
A0,A0-M00,2,second_derivative,1792.279960784314,-2.3705371023045983e-05,difference of equal-sample representative means; not paired
A0,A0-M00,2,second_derivative,1797.7407058823533,-2.315855931244111e-05,difference of equal-sample representative means; not paired
A0,A0-M00,2,second_derivative,1803.2014509803923,-1.2561918530622021e-05,difference of equal-sample representative means; not paired
A0,A0-M00,2,second_derivative,1808.6621960784316,5.008809418762867e-06,difference of equal-sample representative means; not paired
A0,A0-M00,2,second_derivative,1814.1229411764707,1.6856302141666527e-05,difference of equal-sample representative means; not paired
A0,A0-M00,2,second_derivative,1819.58368627451,-4.877336478189294e-07,difference of equal-sample representative means; not paired
A0,A0-M00,2,second_derivative,1825.0444313725493,-2.3969509398152295e-06,difference of equal-sample representative means; not paired
A0,A0-M00,2,second_derivative,1830.5051764705886,-4.526643069227004e-06,difference of equal-sample representative means; not paired
A0,A0-M00,2,second_derivative,1835.9659215686277,-4.7240310572129715e-06,difference of equal-sample representative means; not paired
A0,A0-M00,2,second_derivative,1841.4266666666667,-1.3450774225252694e-06,difference of equal-sample representative means; not paired
A0,A0-M00,2,second_derivative,1846.887411764706,3.4478115820001746e-06,difference of equal-sample representative means; not paired
A0,A0-M00,2,second_derivative,1852.3481568627453,1.1149936856872433e-05,difference of equal-sample representative means; not paired
A0,A0-M00,2,second_derivative,1857.8089019607846,2.0001064779040666e-05,difference of equal-sample representative means; not paired
A0,A0-M00,2,second_derivative,1863.269647058824,2.5250370010551892e-05,difference of equal-sample representative means; not paired
A0,A0-M00,2,second_derivative,1868.730392156863,2.79105201344345e-05,difference of equal-sample representative means; not paired
A0,A0-M00,2,second_derivative,1874.191137254902,3.419956756719713e-05,difference of equal-sample representative means; not paired
A0,A0-M00,2,second_derivative,1879.6518823529414,4.663423371999338e-05,difference of equal-sample representative means; not paired
A0,A0-M00,2,second_derivative,1885.1126274509807,5.7959052089950875e-05,difference of equal-sample representative means; not paired
A0,A0-M00,2,second_derivative,1890.57337254902,5.398482077405498e-05,difference of equal-sample representative means; not paired
A0,A0-M00,2,second_derivative,1896.034117647059,2.894891466575551e-05,difference of equal-sample representative means; not paired
A0,A0-M00,2,second_derivative,1901.4948627450983,-6.046054039556798e-06,difference of equal-sample representative means; not paired
A0,A0-M00,2,second_derivative,1906.9556078431374,-3.947289093000893e-05,difference of equal-sample representative means; not paired
A0,A0-M00,2,second_derivative,1912.4163529411767,-5.5454283144540774e-05,difference of equal-sample representative means; not paired
A0,A0-M00,2,second_derivative,1917.877098039216,-6.151708867352593e-05,difference of equal-sample representative means; not paired
A0,A0-M00,2,second_derivative,1923.3378431372553,-6.176952059291265e-05,difference of equal-sample representative means; not paired
A0,A0-M00,2,second_derivative,1928.7985882352943,-5.051604611438408e-05,difference of equal-sample representative means; not paired
A0,A0-M00,2,second_derivative,1934.2593333333336,-3.6131781074461616e-05,difference of equal-sample representative means; not paired
A0,A0-M00,2,second_derivative,1939.7200784313727,-2.730755911171839e-05,difference of equal-sample representative means; not paired
A0,A0-M00,2,second_derivative,1945.180823529412,-1.5976284251368968e-05,difference of equal-sample representative means; not paired
A0,A0-M00,2,second_derivative,1950.6415686274513,-9.335297320174087e-06,difference of equal-sample representative means; not paired
A0,A0-M00,2,second_derivative,1956.1023137254906,-4.457314932594815e-06,difference of equal-sample representative means; not paired
A0,A0-M00,2,second_derivative,1961.5630588235294,-1.7232354320782147e-06,difference of equal-sample representative means; not paired
A0,A0-M00,2,second_derivative,1967.0238039215687,-1.122772032120525e-06,difference of equal-sample representative means; not paired
A0,A0-M00,2,second_derivative,1972.484549019608,-2.56626310830102e-06,difference of equal-sample representative means; not paired
A0,A0-M00,2,second_derivative,1977.9452941176473,2.13046446352562e-06,difference of equal-sample representative means; not paired
A0,A0-M00,2,second_derivative,1983.4060392156866,9.428414905873091e-06,difference of equal-sample representative means; not paired
A0,A0-M00,2,second_derivative,1988.866784313726,1.2337308793884664e-05,difference of equal-sample representative means; not paired
A0,A0-M00,2,second_derivative,1994.3275294117648,9.830537664194046e-06,difference of equal-sample representative means; not paired
A0,A0-M00,2,second_derivative,1999.788274509804,7.569728734197025e-06,difference of equal-sample representative means; not paired
A0,A0-M00,2,second_derivative,2005.2490196078434,9.726670660751795e-06,difference of equal-sample representative means; not paired
A0,A0-M00,2,second_derivative,2010.7097647058827,1.3532578116822174e-05,difference of equal-sample representative means; not paired
A0,A0-M00,2,second_derivative,2016.170509803922,1.752199023889364e-05,difference of equal-sample representative means; not paired
A0,A0-M00,2,second_derivative,2021.6312549019613,1.7352114419496656e-05,difference of equal-sample representative means; not paired
A0,A0-M00,2,second_derivative,2027.092,1.4414672869643089e-05,difference of equal-sample representative means; not paired
A0,A0-M00,2,second_derivative,2032.5527450980394,7.527821936031475e-06,difference of equal-sample representative means; not paired
A0,A0-M00,2,second_derivative,2038.0134901960787,4.776991755109937e-06,difference of equal-sample representative means; not paired
A0,A0-M00,2,second_derivative,2043.474235294118,4.3997690860811835e-06,difference of equal-sample representative means; not paired
A0,A0-M00,2,second_derivative,2048.9349803921573,7.297042102077144e-06,difference of equal-sample representative means; not paired
A0,A0-M00,2,second_derivative,2054.3957254901966,8.0858533777594e-06,difference of equal-sample representative means; not paired
A0,A0-M00,2,second_derivative,2059.8564705882354,1.104234316410894e-06,difference of equal-sample representative means; not paired
A0,A0-M00,2,second_derivative,2065.3172156862747,-9.503627879653384e-06,difference of equal-sample representative means; not paired
A0,A0-M00,2,second_derivative,2070.777960784314,-1.413086092527934e-05,difference of equal-sample representative means; not paired
A0,A0-M00,2,second_derivative,2076.2387058823533,-1.5738129969640845e-05,difference of equal-sample representative means; not paired
A0,A0-M00,2,second_derivative,2081.6994509803926,-8.024147749775184e-06,difference of equal-sample representative means; not paired
A0,A0-M00,2,second_derivative,2087.1601960784315,8.356320276755379e-08,difference of equal-sample representative means; not paired
A0,A0-M00,2,second_derivative,2092.6209411764708,-1.8254222528194182e-06,difference of equal-sample representative means; not paired
A0,A0-M00,2,second_derivative,2098.08168627451,-6.079246019937904e-06,difference of equal-sample representative means; not paired
A0,A0-M00,2,second_derivative,2103.5424313725493,-8.477759359927454e-06,difference of equal-sample representative means; not paired
A0,A0-M00,2,second_derivative,2109.0031764705886,-1.3533011865128736e-05,difference of equal-sample representative means; not paired
A0,A0-M00,2,second_derivative,2114.463921568628,-8.61747243207874e-06,difference of equal-sample representative means; not paired
A0,A0-M00,2,second_derivative,2119.924666666667,-2.2839315091222837e-06,difference of equal-sample representative means; not paired
A0,A0-M00,2,second_derivative,2125.385411764706,-2.3146201026208905e-06,difference of equal-sample representative means; not paired
A0,A0-M00,2,second_derivative,2130.8461568627454,3.964830401618661e-07,difference of equal-sample representative means; not paired
A0,A0-M00,2,second_derivative,2136.3069019607847,-4.269220112774156e-06,difference of equal-sample representative means; not paired
A0,A0-M00,2,second_derivative,2141.767647058824,-1.044156956126528e-05,difference of equal-sample representative means; not paired
A0,A0-M00,2,second_derivative,2147.2283921568633,-1.1749808066754413e-05,difference of equal-sample representative means; not paired
A0,A0-M00,2,second_derivative,2152.689137254902,-1.0235854670603407e-05,difference of equal-sample representative means; not paired
A0,A0-M00,2,second_derivative,2158.1498823529414,-4.454017403916979e-06,difference of equal-sample representative means; not paired
A0,A0-M00,2,second_derivative,2163.6106274509807,6.905978527805378e-06,difference of equal-sample representative means; not paired
A0,A0-M00,2,second_derivative,2169.07137254902,6.936587059593081e-06,difference of equal-sample representative means; not paired
A0,A0-M00,2,second_derivative,2174.5321176470593,6.698368261694155e-06,difference of equal-sample representative means; not paired
A0,A0-M00,2,second_derivative,2179.992862745098,7.437843216677259e-07,difference of equal-sample representative means; not paired
A0,A0-M00,2,second_derivative,2185.4536078431374,-3.7365971362437237e-06,difference of equal-sample representative means; not paired
A0,A0-M00,2,second_derivative,2190.9143529411767,1.7708557309547753e-06,difference of equal-sample representative means; not paired
A0,A0-M00,2,second_derivative,2196.375098039216,7.990250818428587e-06,difference of equal-sample representative means; not paired
A0,A0-M00,2,second_derivative,2201.8358431372553,6.010517368641655e-06,difference of equal-sample representative means; not paired
A0,A0-M00,2,second_derivative,2207.2965882352946,6.953254894997488e-06,difference of equal-sample representative means; not paired
A0,A0-M00,2,second_derivative,2212.7573333333335,7.9783800517387e-06,difference of equal-sample representative means; not paired
A0,A0-M00,2,second_derivative,2218.2180784313728,1.0429555466428338e-05,difference of equal-sample representative means; not paired
A0,A0-M00,2,second_derivative,2223.678823529412,1.1107505780679912e-05,difference of equal-sample representative means; not paired
A0,A0-M00,2,second_derivative,2229.1395686274514,8.273954299507763e-06,difference of equal-sample representative means; not paired
A0,A0-M00,2,second_derivative,2234.6003137254907,9.216459244627401e-06,difference of equal-sample representative means; not paired
A0,A0-M00,2,second_derivative,2240.06105882353,1.2352698192067217e-05,difference of equal-sample representative means; not paired
A0,A0-M00,2,second_derivative,2245.521803921569,1.2240485797135014e-06,difference of equal-sample representative means; not paired
A0,A0-M00,2,second_derivative,2250.982549019608,-3.0093056482005337e-06,difference of equal-sample representative means; not paired
A0,A0-M00,2,second_derivative,2256.4432941176474,-1.7302424374346778e-05,difference of equal-sample representative means; not paired
A0,A0-M00,2,second_derivative,2261.9040392156867,-1.9917245013233063e-06,difference of equal-sample representative means; not paired
A0,A0-M00,2,second_derivative,2267.364784313726,3.770126475415873e-05,difference of equal-sample representative means; not paired
A0,A0-M00,2,second_derivative,2272.825529411765,6.740377530542406e-05,difference of equal-sample representative means; not paired
A0,A0-M00,2,second_derivative,2278.286274509804,4.0141618053038016e-05,difference of equal-sample representative means; not paired
A0,A0-M00,2,second_derivative,2283.7470196078434,-5.255659552803653e-05,difference of equal-sample representative means; not paired
A0,A0-M00,2,second_derivative,2289.2077647058827,-8.519249770855478e-05,difference of equal-sample representative means; not paired
A0,A0-M00,2,second_derivative,2294.668509803922,-8.519249770855428e-05,difference of equal-sample representative means; not paired
A0,A0-M00,2,second_derivative,2300.1292549019613,-8.519249770855428e-05,difference of equal-sample representative means; not paired
A0,A0-M00,2,second_derivative,2305.59,-8.519249770855428e-05,difference of equal-sample representative means; not paired
A0,A0-M00,3,reflectance,913.1,0.06069614029496334,difference of equal-sample representative means; not paired
A0,A0-M00,3,reflectance,918.5607450980392,0.06407998655938829,difference of equal-sample representative means; not paired
A0,A0-M00,3,reflectance,924.0214901960785,0.06595941805218714,difference of equal-sample representative means; not paired
A0,A0-M00,3,reflectance,929.4822352941177,0.06796331979509357,difference of equal-sample representative means; not paired
A0,A0-M00,3,reflectance,934.9429803921569,0.06906430719061069,difference of equal-sample representative means; not paired
A0,A0-M00,3,reflectance,940.4037254901962,0.06977230142444435,difference of equal-sample representative means; not paired
A0,A0-M00,3,reflectance,945.8644705882353,0.0712246406116247,difference of equal-sample representative means; not paired
A0,A0-M00,3,reflectance,951.3252156862745,0.0712867095095836,difference of equal-sample representative means; not paired
A0,A0-M00,3,reflectance,956.7859607843137,0.07091157659242431,difference of equal-sample representative means; not paired
A0,A0-M00,3,reflectance,962.246705882353,0.07021446137695064,difference of equal-sample representative means; not paired
A0,A0-M00,3,reflectance,967.7074509803922,0.06955726801594486,difference of equal-sample representative means; not paired
A0,A0-M00,3,reflectance,973.1681960784314,0.06874293158463818,difference of equal-sample representative means; not paired
A0,A0-M00,3,reflectance,978.6289411764706,0.06792151438548322,difference of equal-sample representative means; not paired
A0,A0-M00,3,reflectance,984.0896862745099,0.06741504679819543,difference of equal-sample representative means; not paired
A0,A0-M00,3,reflectance,989.550431372549,0.06727730501807916,difference of equal-sample representative means; not paired
A0,A0-M00,3,reflectance,995.0111764705882,0.06753368788268088,difference of equal-sample representative means; not paired
A0,A0-M00,3,reflectance,1000.4719215686275,0.06787405068365981,difference of equal-sample representative means; not paired
A0,A0-M00,3,reflectance,1005.9326666666667,0.06844886570062958,difference of equal-sample representative means; not paired
A0,A0-M00,3,reflectance,1011.3934117647059,0.06906051748662134,difference of equal-sample representative means; not paired
A0,A0-M00,3,reflectance,1016.8541568627452,0.06969512579646742,difference of equal-sample representative means; not paired
A0,A0-M00,3,reflectance,1022.3149019607844,0.07030146975530993,difference of equal-sample representative means; not paired
A0,A0-M00,3,reflectance,1027.7756470588236,0.07074738559128757,difference of equal-sample representative means; not paired
A0,A0-M00,3,reflectance,1033.2363921568628,0.07152539855376383,difference of equal-sample representative means; not paired
A0,A0-M00,3,reflectance,1038.697137254902,0.07221293698856279,difference of equal-sample representative means; not paired
A0,A0-M00,3,reflectance,1044.1578823529412,0.07275918656245839,difference of equal-sample representative means; not paired
A0,A0-M00,3,reflectance,1049.6186274509805,0.0733291336496934,difference of equal-sample representative means; not paired
A0,A0-M00,3,reflectance,1055.0793725490196,0.0738762493517936,difference of equal-sample representative means; not paired
A0,A0-M00,3,reflectance,1060.5401176470589,0.07436724737335709,difference of equal-sample representative means; not paired
A0,A0-M00,3,reflectance,1066.0008627450982,0.07486641097495961,difference of equal-sample representative means; not paired
A0,A0-M00,3,reflectance,1071.4616078431372,0.07541294870365878,difference of equal-sample representative means; not paired
A0,A0-M00,3,reflectance,1076.9223529411765,0.07596224485528436,difference of equal-sample representative means; not paired
A0,A0-M00,3,reflectance,1082.3830980392158,0.07623840782637215,difference of equal-sample representative means; not paired
A0,A0-M00,3,reflectance,1087.843843137255,0.07660838152605542,difference of equal-sample representative means; not paired
A0,A0-M00,3,reflectance,1093.3045882352942,0.07691271410983969,difference of equal-sample representative means; not paired
A0,A0-M00,3,reflectance,1098.7653333333333,0.0770746414806941,difference of equal-sample representative means; not paired
A0,A0-M00,3,reflectance,1104.2260784313726,0.07712495303551714,difference of equal-sample representative means; not paired
A0,A0-M00,3,reflectance,1109.6868235294119,0.07694766711395151,difference of equal-sample representative means; not paired
A0,A0-M00,3,reflectance,1115.1475686274512,0.07631305605890848,difference of equal-sample representative means; not paired
A0,A0-M00,3,reflectance,1120.6083137254902,0.0751002608238901,difference of equal-sample representative means; not paired
A0,A0-M00,3,reflectance,1126.0690588235295,0.07313648068819689,difference of equal-sample representative means; not paired
A0,A0-M00,3,reflectance,1131.5298039215686,0.0707701465928241,difference of equal-sample representative means; not paired
A0,A0-M00,3,reflectance,1136.990549019608,0.06831495362051732,difference of equal-sample representative means; not paired
A0,A0-M00,3,reflectance,1142.4512941176472,0.0658454172798606,difference of equal-sample representative means; not paired
A0,A0-M00,3,reflectance,1147.9120392156863,0.06319269783391257,difference of equal-sample representative means; not paired
A0,A0-M00,3,reflectance,1153.3727843137256,0.060232718956076514,difference of equal-sample representative means; not paired
A0,A0-M00,3,reflectance,1158.8335294117649,0.056949772668248966,difference of equal-sample representative means; not paired
A0,A0-M00,3,reflectance,1164.294274509804,0.05396422307842241,difference of equal-sample representative means; not paired
A0,A0-M00,3,reflectance,1169.7550196078432,0.05129032318019999,difference of equal-sample representative means; not paired
A0,A0-M00,3,reflectance,1175.2157647058825,0.04876633627624716,difference of equal-sample representative means; not paired
A0,A0-M00,3,reflectance,1180.6765098039216,0.046235208181227505,difference of equal-sample representative means; not paired
A0,A0-M00,3,reflectance,1186.137254901961,0.043652099318209014,difference of equal-sample representative means; not paired
A0,A0-M00,3,reflectance,1191.598,0.041101461418066365,difference of equal-sample representative means; not paired
A0,A0-M00,3,reflectance,1197.0587450980393,0.03905893024588658,difference of equal-sample representative means; not paired
A0,A0-M00,3,reflectance,1202.5194901960786,0.03769106755167062,difference of equal-sample representative means; not paired
A0,A0-M00,3,reflectance,1207.9802352941178,0.03684973761599075,difference of equal-sample representative means; not paired
A0,A0-M00,3,reflectance,1213.440980392157,0.03620448069022897,difference of equal-sample representative means; not paired
A0,A0-M00,3,reflectance,1218.9017254901962,0.035664975588781456,difference of equal-sample representative means; not paired
A0,A0-M00,3,reflectance,1224.3624705882353,0.035426098368297576,difference of equal-sample representative means; not paired
A0,A0-M00,3,reflectance,1229.8232156862746,0.03573617249446959,difference of equal-sample representative means; not paired
A0,A0-M00,3,reflectance,1235.2839607843139,0.03638061893933553,difference of equal-sample representative means; not paired
A0,A0-M00,3,reflectance,1240.7447058823532,0.03721858819126045,difference of equal-sample representative means; not paired
A0,A0-M00,3,reflectance,1246.2054509803922,0.037991351277733565,difference of equal-sample representative means; not paired
A0,A0-M00,3,reflectance,1251.6661960784315,0.03857635110926805,difference of equal-sample representative means; not paired
A0,A0-M00,3,reflectance,1257.1269411764706,0.03893850690245615,difference of equal-sample representative means; not paired
A0,A0-M00,3,reflectance,1262.58768627451,0.03920397126226982,difference of equal-sample representative means; not paired
A0,A0-M00,3,reflectance,1268.0484313725492,0.039551012167258426,difference of equal-sample representative means; not paired
A0,A0-M00,3,reflectance,1273.5091764705883,0.03954114407665765,difference of equal-sample representative means; not paired
A0,A0-M00,3,reflectance,1278.9699215686276,0.039958523356921294,difference of equal-sample representative means; not paired
A0,A0-M00,3,reflectance,1284.4306666666666,0.04039325600026045,difference of equal-sample representative means; not paired
A0,A0-M00,3,reflectance,1289.891411764706,0.04099953018790592,difference of equal-sample representative means; not paired
A0,A0-M00,3,reflectance,1295.3521568627452,0.04145579328714344,difference of equal-sample representative means; not paired
A0,A0-M00,3,reflectance,1300.8129019607845,0.04156049206225487,difference of equal-sample representative means; not paired
A0,A0-M00,3,reflectance,1306.2736470588236,0.041346988553184416,difference of equal-sample representative means; not paired
A0,A0-M00,3,reflectance,1311.734392156863,0.040606134938078076,difference of equal-sample representative means; not paired
A0,A0-M00,3,reflectance,1317.195137254902,0.0393538059537577,difference of equal-sample representative means; not paired
A0,A0-M00,3,reflectance,1322.6558823529413,0.03751982881978433,difference of equal-sample representative means; not paired
A0,A0-M00,3,reflectance,1328.1166274509806,0.035269993652060405,difference of equal-sample representative means; not paired
A0,A0-M00,3,reflectance,1333.5773725490199,0.03238287674622076,difference of equal-sample representative means; not paired
A0,A0-M00,3,reflectance,1339.038117647059,0.02881802705733094,difference of equal-sample representative means; not paired
A0,A0-M00,3,reflectance,1344.4988627450982,0.024744933307460526,difference of equal-sample representative means; not paired
A0,A0-M00,3,reflectance,1349.9596078431373,0.020400400093217197,difference of equal-sample representative means; not paired
A0,A0-M00,3,reflectance,1355.4203529411766,0.016458023352024065,difference of equal-sample representative means; not paired
A0,A0-M00,3,reflectance,1360.8810980392159,0.01277384710261753,difference of equal-sample representative means; not paired
A0,A0-M00,3,reflectance,1366.341843137255,0.009295393817588038,difference of equal-sample representative means; not paired
A0,A0-M00,3,reflectance,1371.8025882352943,0.006395866358697377,difference of equal-sample representative means; not paired
A0,A0-M00,3,reflectance,1377.2633333333333,0.0040666136204554615,difference of equal-sample representative means; not paired
A0,A0-M00,3,reflectance,1382.7240784313726,0.0018987551697604577,difference of equal-sample representative means; not paired
A0,A0-M00,3,reflectance,1388.184823529412,-0.0007322121375756829,difference of equal-sample representative means; not paired
A0,A0-M00,3,reflectance,1393.6455686274512,-0.004383956833512448,difference of equal-sample representative means; not paired
A0,A0-M00,3,reflectance,1399.1063137254903,-0.008755474541969566,difference of equal-sample representative means; not paired
A0,A0-M00,3,reflectance,1404.5670588235296,-0.013648216675686053,difference of equal-sample representative means; not paired
A0,A0-M00,3,reflectance,1410.0278039215686,-0.01848863261442052,difference of equal-sample representative means; not paired
A0,A0-M00,3,reflectance,1415.488549019608,-0.023008655329280314,difference of equal-sample representative means; not paired
A0,A0-M00,3,reflectance,1420.9492941176472,-0.026921536124163314,difference of equal-sample representative means; not paired
A0,A0-M00,3,reflectance,1426.4100392156865,-0.029956695636268627,difference of equal-sample representative means; not paired
A0,A0-M00,3,reflectance,1431.8707843137256,-0.032120070653893495,difference of equal-sample representative means; not paired
A0,A0-M00,3,reflectance,1437.3315294117647,-0.03369318934141208,difference of equal-sample representative means; not paired
A0,A0-M00,3,reflectance,1442.792274509804,-0.03483412135622599,difference of equal-sample representative means; not paired
A0,A0-M00,3,reflectance,1448.2530196078433,-0.03558886939445449,difference of equal-sample representative means; not paired
A0,A0-M00,3,reflectance,1453.7137647058826,-0.03610707085365811,difference of equal-sample representative means; not paired
A0,A0-M00,3,reflectance,1459.1745098039219,-0.036500782341825466,difference of equal-sample representative means; not paired
A0,A0-M00,3,reflectance,1464.635254901961,-0.0368759483188858,difference of equal-sample representative means; not paired
A0,A0-M00,3,reflectance,1470.096,-0.03731379025511267,difference of equal-sample representative means; not paired
A0,A0-M00,3,reflectance,1475.5567450980393,-0.03759913240213403,difference of equal-sample representative means; not paired
A0,A0-M00,3,reflectance,1481.0174901960786,-0.037551849500426004,difference of equal-sample representative means; not paired
A0,A0-M00,3,reflectance,1486.478235294118,-0.037775527027756384,difference of equal-sample representative means; not paired
A0,A0-M00,3,reflectance,1491.938980392157,-0.0378874473117774,difference of equal-sample representative means; not paired
A0,A0-M00,3,reflectance,1497.3997254901963,-0.03782338547592967,difference of equal-sample representative means; not paired
A0,A0-M00,3,reflectance,1502.8604705882353,-0.037713187207825793,difference of equal-sample representative means; not paired
A0,A0-M00,3,reflectance,1508.3212156862746,-0.03768189170337333,difference of equal-sample representative means; not paired
A0,A0-M00,3,reflectance,1513.781960784314,-0.03767142893097042,difference of equal-sample representative means; not paired
A0,A0-M00,3,reflectance,1519.2427058823532,-0.03739998103185671,difference of equal-sample representative means; not paired
A0,A0-M00,3,reflectance,1524.7034509803923,-0.037330081365451295,difference of equal-sample representative means; not paired
A0,A0-M00,3,reflectance,1530.1641960784316,-0.03721510830614355,difference of equal-sample representative means; not paired
A0,A0-M00,3,reflectance,1535.6249411764707,-0.03724310900058686,difference of equal-sample representative means; not paired
A0,A0-M00,3,reflectance,1541.08568627451,-0.03734509725664781,difference of equal-sample representative means; not paired
A0,A0-M00,3,reflectance,1546.5464313725493,-0.0372297756721327,difference of equal-sample representative means; not paired
A0,A0-M00,3,reflectance,1552.0071764705885,-0.0368109315438237,difference of equal-sample representative means; not paired
A0,A0-M00,3,reflectance,1557.4679215686276,-0.0371944823148781,difference of equal-sample representative means; not paired
A0,A0-M00,3,reflectance,1562.9286666666667,-0.03688435888315872,difference of equal-sample representative means; not paired
A0,A0-M00,3,reflectance,1568.389411764706,-0.036927833788252096,difference of equal-sample representative means; not paired
A0,A0-M00,3,reflectance,1573.8501568627453,-0.03686429327059221,difference of equal-sample representative means; not paired
A0,A0-M00,3,reflectance,1579.3109019607846,-0.03683488039005495,difference of equal-sample representative means; not paired
A0,A0-M00,3,reflectance,1584.7716470588239,-0.03676666552058944,difference of equal-sample representative means; not paired
A0,A0-M00,3,reflectance,1590.232392156863,-0.03645545041344417,difference of equal-sample representative means; not paired
A0,A0-M00,3,reflectance,1595.693137254902,-0.036537011118737306,difference of equal-sample representative means; not paired
A0,A0-M00,3,reflectance,1601.1538823529413,-0.03614237388893726,difference of equal-sample representative means; not paired
A0,A0-M00,3,reflectance,1606.6146274509806,-0.035550346940593947,difference of equal-sample representative means; not paired
A0,A0-M00,3,reflectance,1612.07537254902,-0.03477451827940092,difference of equal-sample representative means; not paired
A0,A0-M00,3,reflectance,1617.536117647059,-0.034009272389921574,difference of equal-sample representative means; not paired
A0,A0-M00,3,reflectance,1622.9968627450983,-0.03322500964512071,difference of equal-sample representative means; not paired
A0,A0-M00,3,reflectance,1628.4576078431373,-0.03241589619991969,difference of equal-sample representative means; not paired
A0,A0-M00,3,reflectance,1633.9183529411766,-0.03175992443166109,difference of equal-sample representative means; not paired
A0,A0-M00,3,reflectance,1639.379098039216,-0.030747338720604922,difference of equal-sample representative means; not paired
A0,A0-M00,3,reflectance,1644.8398431372552,-0.030740922567514373,difference of equal-sample representative means; not paired
A0,A0-M00,3,reflectance,1650.3005882352943,-0.030333568626853935,difference of equal-sample representative means; not paired
A0,A0-M00,3,reflectance,1655.7613333333334,-0.030109483729956033,difference of equal-sample representative means; not paired
A0,A0-M00,3,reflectance,1661.2220784313727,-0.03004088791551962,difference of equal-sample representative means; not paired
A0,A0-M00,3,reflectance,1666.682823529412,-0.030081333498882534,difference of equal-sample representative means; not paired
A0,A0-M00,3,reflectance,1672.1435686274513,-0.030256411076990175,difference of equal-sample representative means; not paired
A0,A0-M00,3,reflectance,1677.6043137254906,-0.030144380593724207,difference of equal-sample representative means; not paired
A0,A0-M00,3,reflectance,1683.0650588235296,-0.03011534458202303,difference of equal-sample representative means; not paired
A0,A0-M00,3,reflectance,1688.5258039215687,-0.030089402271420262,difference of equal-sample representative means; not paired
A0,A0-M00,3,reflectance,1693.986549019608,-0.03028530477010183,difference of equal-sample representative means; not paired
A0,A0-M00,3,reflectance,1699.4472941176473,-0.030498963450849015,difference of equal-sample representative means; not paired
A0,A0-M00,3,reflectance,1704.9080392156866,-0.03070682195585056,difference of equal-sample representative means; not paired
A0,A0-M00,3,reflectance,1710.3687843137257,-0.0309157166801301,difference of equal-sample representative means; not paired
A0,A0-M00,3,reflectance,1715.829529411765,-0.03100510907863052,difference of equal-sample representative means; not paired
A0,A0-M00,3,reflectance,1721.290274509804,-0.03122856570595539,difference of equal-sample representative means; not paired
A0,A0-M00,3,reflectance,1726.7510196078433,-0.0314726015675485,difference of equal-sample representative means; not paired
A0,A0-M00,3,reflectance,1732.2117647058826,-0.03151698550822052,difference of equal-sample representative means; not paired
A0,A0-M00,3,reflectance,1737.672509803922,-0.031567721569619234,difference of equal-sample representative means; not paired
A0,A0-M00,3,reflectance,1743.133254901961,-0.03168923444308008,difference of equal-sample representative means; not paired
A0,A0-M00,3,reflectance,1748.594,-0.03183995884654334,difference of equal-sample representative means; not paired
A0,A0-M00,3,reflectance,1754.0547450980393,-0.032059578755747664,difference of equal-sample representative means; not paired
A0,A0-M00,3,reflectance,1759.5154901960786,-0.032631244556288685,difference of equal-sample representative means; not paired
A0,A0-M00,3,reflectance,1764.976235294118,-0.03298915076340825,difference of equal-sample representative means; not paired
A0,A0-M00,3,reflectance,1770.4369803921572,-0.03331145356498222,difference of equal-sample representative means; not paired
A0,A0-M00,3,reflectance,1775.8977254901963,-0.033464573886284654,difference of equal-sample representative means; not paired
A0,A0-M00,3,reflectance,1781.3584705882354,-0.033562268946575935,difference of equal-sample representative means; not paired
A0,A0-M00,3,reflectance,1786.8192156862747,-0.0336307499526074,difference of equal-sample representative means; not paired
A0,A0-M00,3,reflectance,1792.279960784314,-0.033636831161364456,difference of equal-sample representative means; not paired
A0,A0-M00,3,reflectance,1797.7407058823533,-0.03355937035269152,difference of equal-sample representative means; not paired
A0,A0-M00,3,reflectance,1803.2014509803923,-0.03334175589584665,difference of equal-sample representative means; not paired
A0,A0-M00,3,reflectance,1808.6621960784316,-0.03353121554750382,difference of equal-sample representative means; not paired
A0,A0-M00,3,reflectance,1814.1229411764707,-0.033503388053266636,difference of equal-sample representative means; not paired
A0,A0-M00,3,reflectance,1819.58368627451,-0.03343611917724171,difference of equal-sample representative means; not paired
A0,A0-M00,3,reflectance,1825.0444313725493,-0.033372382142998536,difference of equal-sample representative means; not paired
A0,A0-M00,3,reflectance,1830.5051764705886,-0.03328010043857044,difference of equal-sample representative means; not paired
A0,A0-M00,3,reflectance,1835.9659215686277,-0.03311546965689294,difference of equal-sample representative means; not paired
A0,A0-M00,3,reflectance,1841.4266666666667,-0.032859145378344834,difference of equal-sample representative means; not paired
A0,A0-M00,3,reflectance,1846.887411764706,-0.03247072741381707,difference of equal-sample representative means; not paired
A0,A0-M00,3,reflectance,1852.3481568627453,-0.032518095454631746,difference of equal-sample representative means; not paired
A0,A0-M00,3,reflectance,1857.8089019607846,-0.032556895095650185,difference of equal-sample representative means; not paired
A0,A0-M00,3,reflectance,1863.269647058824,-0.03287933228436468,difference of equal-sample representative means; not paired
A0,A0-M00,3,reflectance,1868.730392156863,-0.03324054520673492,difference of equal-sample representative means; not paired
A0,A0-M00,3,reflectance,1874.191137254902,-0.033626993781074255,difference of equal-sample representative means; not paired
A0,A0-M00,3,reflectance,1879.6518823529414,-0.034502679217680354,difference of equal-sample representative means; not paired
A0,A0-M00,3,reflectance,1885.1126274509807,-0.03578040386417114,difference of equal-sample representative means; not paired
A0,A0-M00,3,reflectance,1890.57337254902,-0.036700441040458165,difference of equal-sample representative means; not paired
A0,A0-M00,3,reflectance,1896.034117647059,-0.03715062535186209,difference of equal-sample representative means; not paired
A0,A0-M00,3,reflectance,1901.4948627450983,-0.037020192694822096,difference of equal-sample representative means; not paired
A0,A0-M00,3,reflectance,1906.9556078431374,-0.03650882031242053,difference of equal-sample representative means; not paired
A0,A0-M00,3,reflectance,1912.4163529411767,-0.03585219644092352,difference of equal-sample representative means; not paired
A0,A0-M00,3,reflectance,1917.877098039216,-0.03515575393080489,difference of equal-sample representative means; not paired
A0,A0-M00,3,reflectance,1923.3378431372553,-0.03441836899853462,difference of equal-sample representative means; not paired
A0,A0-M00,3,reflectance,1928.7985882352943,-0.03406870827342223,difference of equal-sample representative means; not paired
A0,A0-M00,3,reflectance,1934.2593333333336,-0.033925902231145166,difference of equal-sample representative means; not paired
A0,A0-M00,3,reflectance,1939.7200784313727,-0.03397282506237326,difference of equal-sample representative means; not paired
A0,A0-M00,3,reflectance,1945.180823529412,-0.034067913534323646,difference of equal-sample representative means; not paired
A0,A0-M00,3,reflectance,1950.6415686274513,-0.034347613126153365,difference of equal-sample representative means; not paired
A0,A0-M00,3,reflectance,1956.1023137254906,-0.03472963758976483,difference of equal-sample representative means; not paired
A0,A0-M00,3,reflectance,1961.5630588235294,-0.034976362695353924,difference of equal-sample representative means; not paired
A0,A0-M00,3,reflectance,1967.0238039215687,-0.03526079655730374,difference of equal-sample representative means; not paired
A0,A0-M00,3,reflectance,1972.484549019608,-0.03556314800858529,difference of equal-sample representative means; not paired
A0,A0-M00,3,reflectance,1977.9452941176473,-0.03554868745839618,difference of equal-sample representative means; not paired
A0,A0-M00,3,reflectance,1983.4060392156866,-0.035535115158838226,difference of equal-sample representative means; not paired
A0,A0-M00,3,reflectance,1988.866784313726,-0.03553604742737004,difference of equal-sample representative means; not paired
A0,A0-M00,3,reflectance,1994.3275294117648,-0.03548132377619734,difference of equal-sample representative means; not paired
A0,A0-M00,3,reflectance,1999.788274509804,-0.035378276833410105,difference of equal-sample representative means; not paired
A0,A0-M00,3,reflectance,2005.2490196078434,-0.03527594913601967,difference of equal-sample representative means; not paired
A0,A0-M00,3,reflectance,2010.7097647058827,-0.03487651631705335,difference of equal-sample representative means; not paired
A0,A0-M00,3,reflectance,2016.170509803922,-0.03489600555499406,difference of equal-sample representative means; not paired
A0,A0-M00,3,reflectance,2021.6312549019613,-0.03482616898750557,difference of equal-sample representative means; not paired
A0,A0-M00,3,reflectance,2027.092,-0.03477458454665422,difference of equal-sample representative means; not paired
A0,A0-M00,3,reflectance,2032.5527450980394,-0.03462578811099826,difference of equal-sample representative means; not paired
A0,A0-M00,3,reflectance,2038.0134901960787,-0.03444401289020471,difference of equal-sample representative means; not paired
A0,A0-M00,3,reflectance,2043.474235294118,-0.034360839783384445,difference of equal-sample representative means; not paired
A0,A0-M00,3,reflectance,2048.9349803921573,-0.0342925442762162,difference of equal-sample representative means; not paired
A0,A0-M00,3,reflectance,2054.3957254901966,-0.03411887298552685,difference of equal-sample representative means; not paired
A0,A0-M00,3,reflectance,2059.8564705882354,-0.03403582459056831,difference of equal-sample representative means; not paired
A0,A0-M00,3,reflectance,2065.3172156862747,-0.03385642393379623,difference of equal-sample representative means; not paired
A0,A0-M00,3,reflectance,2070.777960784314,-0.0336331053727999,difference of equal-sample representative means; not paired
A0,A0-M00,3,reflectance,2076.2387058823533,-0.03336963290733386,difference of equal-sample representative means; not paired
A0,A0-M00,3,reflectance,2081.6994509803926,-0.033123512835407765,difference of equal-sample representative means; not paired
A0,A0-M00,3,reflectance,2087.1601960784315,-0.03296363343008507,difference of equal-sample representative means; not paired
A0,A0-M00,3,reflectance,2092.6209411764708,-0.03280183686638277,difference of equal-sample representative means; not paired
A0,A0-M00,3,reflectance,2098.08168627451,-0.03286935204255764,difference of equal-sample representative means; not paired
A0,A0-M00,3,reflectance,2103.5424313725493,-0.03309598667205271,difference of equal-sample representative means; not paired
A0,A0-M00,3,reflectance,2109.0031764705886,-0.033137160065451476,difference of equal-sample representative means; not paired
A0,A0-M00,3,reflectance,2114.463921568628,-0.033262248786842585,difference of equal-sample representative means; not paired
A0,A0-M00,3,reflectance,2119.924666666667,-0.033396471196153854,difference of equal-sample representative means; not paired
A0,A0-M00,3,reflectance,2125.385411764706,-0.03344329301646093,difference of equal-sample representative means; not paired
A0,A0-M00,3,reflectance,2130.8461568627454,-0.03354616004723393,difference of equal-sample representative means; not paired
A0,A0-M00,3,reflectance,2136.3069019607847,-0.03366241414499904,difference of equal-sample representative means; not paired
A0,A0-M00,3,reflectance,2141.767647058824,-0.03369336995519068,difference of equal-sample representative means; not paired
A0,A0-M00,3,reflectance,2147.2283921568633,-0.033906278694018355,difference of equal-sample representative means; not paired
A0,A0-M00,3,reflectance,2152.689137254902,-0.033988806902859714,difference of equal-sample representative means; not paired
A0,A0-M00,3,reflectance,2158.1498823529414,-0.03404593101322867,difference of equal-sample representative means; not paired
A0,A0-M00,3,reflectance,2163.6106274509807,-0.03414617425687477,difference of equal-sample representative means; not paired
A0,A0-M00,3,reflectance,2169.07137254902,-0.03424689733736619,difference of equal-sample representative means; not paired
A0,A0-M00,3,reflectance,2174.5321176470593,-0.03430198471968343,difference of equal-sample representative means; not paired
A0,A0-M00,3,reflectance,2179.992862745098,-0.0343116065095595,difference of equal-sample representative means; not paired
A0,A0-M00,3,reflectance,2185.4536078431374,-0.034346207662994344,difference of equal-sample representative means; not paired
A0,A0-M00,3,reflectance,2190.9143529411767,-0.03439764183643801,difference of equal-sample representative means; not paired
A0,A0-M00,3,reflectance,2196.375098039216,-0.034324372534564274,difference of equal-sample representative means; not paired
A0,A0-M00,3,reflectance,2201.8358431372553,-0.03424441788544608,difference of equal-sample representative means; not paired
A0,A0-M00,3,reflectance,2207.2965882352946,-0.03420169732763312,difference of equal-sample representative means; not paired
A0,A0-M00,3,reflectance,2212.7573333333335,-0.03416223513594746,difference of equal-sample representative means; not paired
A0,A0-M00,3,reflectance,2218.2180784313728,-0.03422861456591675,difference of equal-sample representative means; not paired
A0,A0-M00,3,reflectance,2223.678823529412,-0.03419460490481757,difference of equal-sample representative means; not paired
A0,A0-M00,3,reflectance,2229.1395686274514,-0.03441639202954283,difference of equal-sample representative means; not paired
A0,A0-M00,3,reflectance,2234.6003137254907,-0.03438528459389484,difference of equal-sample representative means; not paired
A0,A0-M00,3,reflectance,2240.06105882353,-0.03427582634253601,difference of equal-sample representative means; not paired
A0,A0-M00,3,reflectance,2245.521803921569,-0.03401993924449909,difference of equal-sample representative means; not paired
A0,A0-M00,3,reflectance,2250.982549019608,-0.03350087644169475,difference of equal-sample representative means; not paired
A0,A0-M00,3,reflectance,2256.4432941176474,-0.0326525388948502,difference of equal-sample representative means; not paired
A0,A0-M00,3,reflectance,2261.9040392156867,-0.031271475798889614,difference of equal-sample representative means; not paired
A0,A0-M00,3,reflectance,2267.364784313726,-0.030245844512949704,difference of equal-sample representative means; not paired
A0,A0-M00,3,reflectance,2272.825529411765,-0.029220155000471704,difference of equal-sample representative means; not paired
A0,A0-M00,3,reflectance,2278.286274509804,-0.028054218054692964,difference of equal-sample representative means; not paired
A0,A0-M00,3,reflectance,2283.7470196078434,-0.025866124238495825,difference of equal-sample representative means; not paired
A0,A0-M00,3,reflectance,2289.2077647058827,-0.02299471089724911,difference of equal-sample representative means; not paired
A0,A0-M00,3,reflectance,2294.668509803922,-0.02092115705396666,difference of equal-sample representative means; not paired
A0,A0-M00,3,reflectance,2300.1292549019613,-0.020630192362071642,difference of equal-sample representative means; not paired
A0,A0-M00,3,reflectance,2305.59,-0.019428211387890998,difference of equal-sample representative means; not paired
A0,A0-M00,3,snv,913.1,0.5068376377764442,difference of equal-sample representative means; not paired
A0,A0-M00,3,snv,918.5607450980392,0.4571648265268981,difference of equal-sample representative means; not paired
A0,A0-M00,3,snv,924.0214901960785,0.4452384501771975,difference of equal-sample representative means; not paired
A0,A0-M00,3,snv,929.4822352941177,0.4451746242189058,difference of equal-sample representative means; not paired
A0,A0-M00,3,snv,934.9429803921569,0.43509280113942356,difference of equal-sample representative means; not paired
A0,A0-M00,3,snv,940.4037254901962,0.4191619185904538,difference of equal-sample representative means; not paired
A0,A0-M00,3,snv,945.8644705882353,0.4118248843014267,difference of equal-sample representative means; not paired
A0,A0-M00,3,snv,951.3252156862745,0.400422808286678,difference of equal-sample representative means; not paired
A0,A0-M00,3,snv,956.7859607843137,0.38571059789303286,difference of equal-sample representative means; not paired
A0,A0-M00,3,snv,962.246705882353,0.3740711019032207,difference of equal-sample representative means; not paired
A0,A0-M00,3,snv,967.7074509803922,0.3650392824078874,difference of equal-sample representative means; not paired
A0,A0-M00,3,snv,973.1681960784314,0.354797679400369,difference of equal-sample representative means; not paired
A0,A0-M00,3,snv,978.6289411764706,0.343701354570467,difference of equal-sample representative means; not paired
A0,A0-M00,3,snv,984.0896862745099,0.3349611771838724,difference of equal-sample representative means; not paired
A0,A0-M00,3,snv,989.550431372549,0.330326822072752,difference of equal-sample representative means; not paired
A0,A0-M00,3,snv,995.0111764705882,0.3279137852872728,difference of equal-sample representative means; not paired
A0,A0-M00,3,snv,1000.4719215686275,0.32452046958737446,difference of equal-sample representative means; not paired
A0,A0-M00,3,snv,1005.9326666666667,0.3226121346375205,difference of equal-sample representative means; not paired
A0,A0-M00,3,snv,1011.3934117647059,0.3212574500914588,difference of equal-sample representative means; not paired
A0,A0-M00,3,snv,1016.8541568627452,0.32020211386034547,difference of equal-sample representative means; not paired
A0,A0-M00,3,snv,1022.3149019607844,0.3182633920813204,difference of equal-sample representative means; not paired
A0,A0-M00,3,snv,1027.7756470588236,0.31393041870600624,difference of equal-sample representative means; not paired
A0,A0-M00,3,snv,1033.2363921568628,0.3136378119486707,difference of equal-sample representative means; not paired
A0,A0-M00,3,snv,1038.697137254902,0.3140629459803438,difference of equal-sample representative means; not paired
A0,A0-M00,3,snv,1044.1578823529412,0.3125904141505951,difference of equal-sample representative means; not paired
A0,A0-M00,3,snv,1049.6186274509805,0.3114106748592844,difference of equal-sample representative means; not paired
A0,A0-M00,3,snv,1055.0793725490196,0.3095363817470882,difference of equal-sample representative means; not paired
A0,A0-M00,3,snv,1060.5401176470589,0.3069510913270419,difference of equal-sample representative means; not paired
A0,A0-M00,3,snv,1066.0008627450982,0.30518493995976437,difference of equal-sample representative means; not paired
A0,A0-M00,3,snv,1071.4616078431372,0.30321965171167853,difference of equal-sample representative means; not paired
A0,A0-M00,3,snv,1076.9223529411765,0.3015444671095513,difference of equal-sample representative means; not paired
A0,A0-M00,3,snv,1082.3830980392158,0.29632271305968416,difference of equal-sample representative means; not paired
A0,A0-M00,3,snv,1087.843843137255,0.2927126843437302,difference of equal-sample representative means; not paired
A0,A0-M00,3,snv,1093.3045882352942,0.28800514240242103,difference of equal-sample representative means; not paired
A0,A0-M00,3,snv,1098.7653333333333,0.2817178528638862,difference of equal-sample representative means; not paired
A0,A0-M00,3,snv,1104.2260784313726,0.2759602902807108,difference of equal-sample representative means; not paired
A0,A0-M00,3,snv,1109.6868235294119,0.2708987531397644,difference of equal-sample representative means; not paired
A0,A0-M00,3,snv,1115.1475686274512,0.263859727912769,difference of equal-sample representative means; not paired
A0,A0-M00,3,snv,1120.6083137254902,0.25390586082524913,difference of equal-sample representative means; not paired
A0,A0-M00,3,snv,1126.0690588235295,0.24045672749981484,difference of equal-sample representative means; not paired
A0,A0-M00,3,snv,1131.5298039215686,0.22557592265911364,difference of equal-sample representative means; not paired
A0,A0-M00,3,snv,1136.990549019608,0.21048510112595054,difference of equal-sample representative means; not paired
A0,A0-M00,3,snv,1142.4512941176472,0.19497878136389124,difference of equal-sample representative means; not paired
A0,A0-M00,3,snv,1147.9120392156863,0.17817315031893521,difference of equal-sample representative means; not paired
A0,A0-M00,3,snv,1153.3727843137256,0.16096508508917862,difference of equal-sample representative means; not paired
A0,A0-M00,3,snv,1158.8335294117649,0.142283348511838,difference of equal-sample representative means; not paired
A0,A0-M00,3,snv,1164.294274509804,0.12556154405554465,difference of equal-sample representative means; not paired
A0,A0-M00,3,snv,1169.7550196078432,0.11005206345762053,difference of equal-sample representative means; not paired
A0,A0-M00,3,snv,1175.2157647058825,0.09489523342477324,difference of equal-sample representative means; not paired
A0,A0-M00,3,snv,1180.6765098039216,0.08000550400326167,difference of equal-sample representative means; not paired
A0,A0-M00,3,snv,1186.137254901961,0.0659064571565453,difference of equal-sample representative means; not paired
A0,A0-M00,3,snv,1191.598,0.05254653389580222,difference of equal-sample representative means; not paired
A0,A0-M00,3,snv,1197.0587450980393,0.038265200697548574,difference of equal-sample representative means; not paired
A0,A0-M00,3,snv,1202.5194901960786,0.027448480985525325,difference of equal-sample representative means; not paired
A0,A0-M00,3,snv,1207.9802352941178,0.020132030473266838,difference of equal-sample representative means; not paired
A0,A0-M00,3,snv,1213.440980392157,0.01351896595199098,difference of equal-sample representative means; not paired
A0,A0-M00,3,snv,1218.9017254901962,0.005333353493922832,difference of equal-sample representative means; not paired
A0,A0-M00,3,snv,1224.3624705882353,-0.0034635026705176486,difference of equal-sample representative means; not paired
A0,A0-M00,3,snv,1229.8232156862746,-0.008148598594193812,difference of equal-sample representative means; not paired
A0,A0-M00,3,snv,1235.2839607843139,-0.011760855659829428,difference of equal-sample representative means; not paired
A0,A0-M00,3,snv,1240.7447058823532,-0.01372060982665424,difference of equal-sample representative means; not paired
A0,A0-M00,3,snv,1246.2054509803922,-0.01637222980765518,difference of equal-sample representative means; not paired
A0,A0-M00,3,snv,1251.6661960784315,-0.019596724579526326,difference of equal-sample representative means; not paired
A0,A0-M00,3,snv,1257.1269411764706,-0.023676026650475634,difference of equal-sample representative means; not paired
A0,A0-M00,3,snv,1262.58768627451,-0.02757986012825464,difference of equal-sample representative means; not paired
A0,A0-M00,3,snv,1268.0484313725492,-0.029340567142916774,difference of equal-sample representative means; not paired
A0,A0-M00,3,snv,1273.5091764705883,-0.03497751197956145,difference of equal-sample representative means; not paired
A0,A0-M00,3,snv,1278.9699215686276,-0.03763670532763097,difference of equal-sample representative means; not paired
A0,A0-M00,3,snv,1284.4306666666666,-0.04163681143896292,difference of equal-sample representative means; not paired
A0,A0-M00,3,snv,1289.891411764706,-0.043798425821583775,difference of equal-sample representative means; not paired
A0,A0-M00,3,snv,1295.3521568627452,-0.04732005283329377,difference of equal-sample representative means; not paired
A0,A0-M00,3,snv,1300.8129019607845,-0.052529641005614414,difference of equal-sample representative means; not paired
A0,A0-M00,3,snv,1306.2736470588236,-0.056535907592610624,difference of equal-sample representative means; not paired
A0,A0-M00,3,snv,1311.734392156863,-0.0631515247703085,difference of equal-sample representative means; not paired
A0,A0-M00,3,snv,1317.195137254902,-0.07195156965313365,difference of equal-sample representative means; not paired
A0,A0-M00,3,snv,1322.6558823529413,-0.08353934522437423,difference of equal-sample representative means; not paired
A0,A0-M00,3,snv,1328.1166274509806,-0.09454380335246948,difference of equal-sample representative means; not paired
A0,A0-M00,3,snv,1333.5773725490199,-0.10744468375240146,difference of equal-sample representative means; not paired
A0,A0-M00,3,snv,1339.038117647059,-0.12256045183180775,difference of equal-sample representative means; not paired
A0,A0-M00,3,snv,1344.4988627450982,-0.1385468631392075,difference of equal-sample representative means; not paired
A0,A0-M00,3,snv,1349.9596078431373,-0.1553578669226272,difference of equal-sample representative means; not paired
A0,A0-M00,3,snv,1355.4203529411766,-0.17007081082373698,difference of equal-sample representative means; not paired
A0,A0-M00,3,snv,1360.8810980392159,-0.1843350953763283,difference of equal-sample representative means; not paired
A0,A0-M00,3,snv,1366.341843137255,-0.19674359962363963,difference of equal-sample representative means; not paired
A0,A0-M00,3,snv,1371.8025882352943,-0.2051493828450085,difference of equal-sample representative means; not paired
A0,A0-M00,3,snv,1377.2633333333333,-0.21102831394882426,difference of equal-sample representative means; not paired
A0,A0-M00,3,snv,1382.7240784313726,-0.21722837128321903,difference of equal-sample representative means; not paired
A0,A0-M00,3,snv,1388.184823529412,-0.22498777795414038,difference of equal-sample representative means; not paired
A0,A0-M00,3,snv,1393.6455686274512,-0.23171434429365323,difference of equal-sample representative means; not paired
A0,A0-M00,3,snv,1399.1063137254903,-0.23487813863880957,difference of equal-sample representative means; not paired
A0,A0-M00,3,snv,1404.5670588235296,-0.23495609929170896,difference of equal-sample representative means; not paired
A0,A0-M00,3,snv,1410.0278039215686,-0.22964516598845253,difference of equal-sample representative means; not paired
A0,A0-M00,3,snv,1415.488549019608,-0.2203220682940591,difference of equal-sample representative means; not paired
A0,A0-M00,3,snv,1420.9492941176472,-0.20871966173290124,difference of equal-sample representative means; not paired
A0,A0-M00,3,snv,1426.4100392156865,-0.1960022525053668,difference of equal-sample representative means; not paired
A0,A0-M00,3,snv,1431.8707843137256,-0.18371815728414273,difference of equal-sample representative means; not paired
A0,A0-M00,3,snv,1437.3315294117647,-0.17611703628008898,difference of equal-sample representative means; not paired
A0,A0-M00,3,snv,1442.792274509804,-0.17138699196314205,difference of equal-sample representative means; not paired
A0,A0-M00,3,snv,1448.2530196078433,-0.16678794997376525,difference of equal-sample representative means; not paired
A0,A0-M00,3,snv,1453.7137647058826,-0.16274883478149105,difference of equal-sample representative means; not paired
A0,A0-M00,3,snv,1459.1745098039219,-0.15978970781752772,difference of equal-sample representative means; not paired
A0,A0-M00,3,snv,1464.635254901961,-0.1582131701927788,difference of equal-sample representative means; not paired
A0,A0-M00,3,snv,1470.096,-0.15810443099979282,difference of equal-sample representative means; not paired
A0,A0-M00,3,snv,1475.5567450980393,-0.15868635724543367,difference of equal-sample representative means; not paired
A0,A0-M00,3,snv,1481.0174901960786,-0.15705878143246982,difference of equal-sample representative means; not paired
A0,A0-M00,3,snv,1486.478235294118,-0.16154196324059272,difference of equal-sample representative means; not paired
A0,A0-M00,3,snv,1491.938980392157,-0.16607816383341212,difference of equal-sample representative means; not paired
A0,A0-M00,3,snv,1497.3997254901963,-0.16985109907484292,difference of equal-sample representative means; not paired
A0,A0-M00,3,snv,1502.8604705882353,-0.17423296885367795,difference of equal-sample representative means; not paired
A0,A0-M00,3,snv,1508.3212156862746,-0.18020962243164498,difference of equal-sample representative means; not paired
A0,A0-M00,3,snv,1513.781960784314,-0.18729741885668963,difference of equal-sample representative means; not paired
A0,A0-M00,3,snv,1519.2427058823532,-0.19046023278609725,difference of equal-sample representative means; not paired
A0,A0-M00,3,snv,1524.7034509803923,-0.19646655204790095,difference of equal-sample representative means; not paired
A0,A0-M00,3,snv,1530.1641960784316,-0.2003157807426102,difference of equal-sample representative means; not paired
A0,A0-M00,3,snv,1535.6249411764707,-0.20479329449237113,difference of equal-sample representative means; not paired
A0,A0-M00,3,snv,1541.08568627451,-0.20968388142345398,difference of equal-sample representative means; not paired
A0,A0-M00,3,snv,1546.5464313725493,-0.211593733115519,difference of equal-sample representative means; not paired
A0,A0-M00,3,snv,1552.0071764705885,-0.2096563494422403,difference of equal-sample representative means; not paired
A0,A0-M00,3,snv,1557.4679215686276,-0.21990715474600564,difference of equal-sample representative means; not paired
A0,A0-M00,3,snv,1562.9286666666667,-0.22113191620464373,difference of equal-sample representative means; not paired
A0,A0-M00,3,snv,1568.389411764706,-0.2253228291587511,difference of equal-sample representative means; not paired
A0,A0-M00,3,snv,1573.8501568627453,-0.22827849212872706,difference of equal-sample representative means; not paired
A0,A0-M00,3,snv,1579.3109019607846,-0.231515015584477,difference of equal-sample representative means; not paired
A0,A0-M00,3,snv,1584.7716470588239,-0.23427210506913684,difference of equal-sample representative means; not paired
A0,A0-M00,3,snv,1590.232392156863,-0.23507346503312415,difference of equal-sample representative means; not paired
A0,A0-M00,3,snv,1595.693137254902,-0.2423728415437672,difference of equal-sample representative means; not paired
A0,A0-M00,3,snv,1601.1538823529413,-0.24753054829137122,difference of equal-sample representative means; not paired
A0,A0-M00,3,snv,1606.6146274509806,-0.2516214348561071,difference of equal-sample representative means; not paired
A0,A0-M00,3,snv,1612.07537254902,-0.2547240267937331,difference of equal-sample representative means; not paired
A0,A0-M00,3,snv,1617.536117647059,-0.25785593804449203,difference of equal-sample representative means; not paired
A0,A0-M00,3,snv,1622.9968627450983,-0.2600247716677077,difference of equal-sample representative means; not paired
A0,A0-M00,3,snv,1628.4576078431373,-0.2606644731383446,difference of equal-sample representative means; not paired
A0,A0-M00,3,snv,1633.9183529411766,-0.261006846430998,difference of equal-sample representative means; not paired
A0,A0-M00,3,snv,1639.379098039216,-0.2557775539744499,difference of equal-sample representative means; not paired
A0,A0-M00,3,snv,1644.8398431372552,-0.26035489017859637,difference of equal-sample representative means; not paired
A0,A0-M00,3,snv,1650.3005882352943,-0.25474611260720115,difference of equal-sample representative means; not paired
A0,A0-M00,3,snv,1655.7613333333334,-0.24781426566524628,difference of equal-sample representative means; not paired
A0,A0-M00,3,snv,1661.2220784313727,-0.24158620811238904,difference of equal-sample representative means; not paired
A0,A0-M00,3,snv,1666.682823529412,-0.2363356109687516,difference of equal-sample representative means; not paired
A0,A0-M00,3,snv,1672.1435686274513,-0.232389474717278,difference of equal-sample representative means; not paired
A0,A0-M00,3,snv,1677.6043137254906,-0.22674114079072805,difference of equal-sample representative means; not paired
A0,A0-M00,3,snv,1683.0650588235296,-0.22535938167764774,difference of equal-sample representative means; not paired
A0,A0-M00,3,snv,1688.5258039215687,-0.22367648247518473,difference of equal-sample representative means; not paired
A0,A0-M00,3,snv,1693.986549019608,-0.22218495274387506,difference of equal-sample representative means; not paired
A0,A0-M00,3,snv,1699.4472941176473,-0.22122468822565003,difference of equal-sample representative means; not paired
A0,A0-M00,3,snv,1704.9080392156866,-0.2211102585494543,difference of equal-sample representative means; not paired
A0,A0-M00,3,snv,1710.3687843137257,-0.22153135197609364,difference of equal-sample representative means; not paired
A0,A0-M00,3,snv,1715.829529411765,-0.22138654212315256,difference of equal-sample representative means; not paired
A0,A0-M00,3,snv,1721.290274509804,-0.22032533315740105,difference of equal-sample representative means; not paired
A0,A0-M00,3,snv,1726.7510196078433,-0.21943014761870472,difference of equal-sample representative means; not paired
A0,A0-M00,3,snv,1732.2117647058826,-0.21787456476153763,difference of equal-sample representative means; not paired
A0,A0-M00,3,snv,1737.672509803922,-0.21764599343438867,difference of equal-sample representative means; not paired
A0,A0-M00,3,snv,1743.133254901961,-0.21739482337589722,difference of equal-sample representative means; not paired
A0,A0-M00,3,snv,1748.594,-0.21639301370287364,difference of equal-sample representative means; not paired
A0,A0-M00,3,snv,1754.0547450980393,-0.2163311201493546,difference of equal-sample representative means; not paired
A0,A0-M00,3,snv,1759.5154901960786,-0.2198460135404961,difference of equal-sample representative means; not paired
A0,A0-M00,3,snv,1764.976235294118,-0.2208286529569494,difference of equal-sample representative means; not paired
A0,A0-M00,3,snv,1770.4369803921572,-0.22044648378267903,difference of equal-sample representative means; not paired
A0,A0-M00,3,snv,1775.8977254901963,-0.21949569721269133,difference of equal-sample representative means; not paired
A0,A0-M00,3,snv,1781.3584705882354,-0.21835061203608797,difference of equal-sample representative means; not paired
A0,A0-M00,3,snv,1786.8192156862747,-0.2173628375322643,difference of equal-sample representative means; not paired
A0,A0-M00,3,snv,1792.279960784314,-0.21671933429761994,difference of equal-sample representative means; not paired
A0,A0-M00,3,snv,1797.7407058823533,-0.21654091398696645,difference of equal-sample representative means; not paired
A0,A0-M00,3,snv,1803.2014509803923,-0.21773122608778642,difference of equal-sample representative means; not paired
A0,A0-M00,3,snv,1808.6621960784316,-0.22277613085526532,difference of equal-sample representative means; not paired
A0,A0-M00,3,snv,1814.1229411764707,-0.2258339562558721,difference of equal-sample representative means; not paired
A0,A0-M00,3,snv,1819.58368627451,-0.22745955988336466,difference of equal-sample representative means; not paired
A0,A0-M00,3,snv,1825.0444313725493,-0.22968605697497524,difference of equal-sample representative means; not paired
A0,A0-M00,3,snv,1830.5051764705886,-0.23246454733901648,difference of equal-sample representative means; not paired
A0,A0-M00,3,snv,1835.9659215686277,-0.23491229530959185,difference of equal-sample representative means; not paired
A0,A0-M00,3,snv,1841.4266666666667,-0.23833459269723337,difference of equal-sample representative means; not paired
A0,A0-M00,3,snv,1846.887411764706,-0.23965493347000766,difference of equal-sample representative means; not paired
A0,A0-M00,3,snv,1852.3481568627453,-0.24433545054693723,difference of equal-sample representative means; not paired
A0,A0-M00,3,snv,1857.8089019607846,-0.2448941826279884,difference of equal-sample representative means; not paired
A0,A0-M00,3,snv,1863.269647058824,-0.24537739790800842,difference of equal-sample representative means; not paired
A0,A0-M00,3,snv,1868.730392156863,-0.24271736593611704,difference of equal-sample representative means; not paired
A0,A0-M00,3,snv,1874.191137254902,-0.23567623206012395,difference of equal-sample representative means; not paired
A0,A0-M00,3,snv,1879.6518823529414,-0.22660106496420113,difference of equal-sample representative means; not paired
A0,A0-M00,3,snv,1885.1126274509807,-0.20626157817479998,difference of equal-sample representative means; not paired
A0,A0-M00,3,snv,1890.57337254902,-0.17204974112943228,difference of equal-sample representative means; not paired
A0,A0-M00,3,snv,1896.034117647059,-0.12341059959070799,difference of equal-sample representative means; not paired
A0,A0-M00,3,snv,1901.4948627450983,-0.06378972378409409,difference of equal-sample representative means; not paired
A0,A0-M00,3,snv,1906.9556078431374,-0.0019066933852929235,difference of equal-sample representative means; not paired
A0,A0-M00,3,snv,1912.4163529411767,0.05418552667107557,difference of equal-sample representative means; not paired
A0,A0-M00,3,snv,1917.877098039216,0.09953791285854785,difference of equal-sample representative means; not paired
A0,A0-M00,3,snv,1923.3378431372553,0.13246395820151569,difference of equal-sample representative means; not paired
A0,A0-M00,3,snv,1928.7985882352943,0.15186617888463982,difference of equal-sample representative means; not paired
A0,A0-M00,3,snv,1934.2593333333336,0.15984457675304387,difference of equal-sample representative means; not paired
A0,A0-M00,3,snv,1939.7200784313727,0.1593328632775468,difference of equal-sample representative means; not paired
A0,A0-M00,3,snv,1945.180823529412,0.1538396823243593,difference of equal-sample representative means; not paired
A0,A0-M00,3,snv,1950.6415686274513,0.14295835347735086,difference of equal-sample representative means; not paired
A0,A0-M00,3,snv,1956.1023137254906,0.1283303165018519,difference of equal-sample representative means; not paired
A0,A0-M00,3,snv,1961.5630588235294,0.11341018829540284,difference of equal-sample representative means; not paired
A0,A0-M00,3,snv,1967.0238039215687,0.09731888561949087,difference of equal-sample representative means; not paired
A0,A0-M00,3,snv,1972.484549019608,0.08114002483827387,difference of equal-sample representative means; not paired
A0,A0-M00,3,snv,1977.9452941176473,0.0693833169739273,difference of equal-sample representative means; not paired
A0,A0-M00,3,snv,1983.4060392156866,0.055650733806191566,difference of equal-sample representative means; not paired
A0,A0-M00,3,snv,1988.866784313726,0.04220376716073715,difference of equal-sample representative means; not paired
A0,A0-M00,3,snv,1994.3275294117648,0.030611996671934483,difference of equal-sample representative means; not paired
A0,A0-M00,3,snv,1999.788274509804,0.02077622317348471,difference of equal-sample representative means; not paired
A0,A0-M00,3,snv,2005.2490196078434,0.01269273699251805,difference of equal-sample representative means; not paired
A0,A0-M00,3,snv,2010.7097647058827,0.009438167130550124,difference of equal-sample representative means; not paired
A0,A0-M00,3,snv,2016.170509803922,0.004430105567584164,difference of equal-sample representative means; not paired
A0,A0-M00,3,snv,2021.6312549019613,0.003033465371559685,difference of equal-sample representative means; not paired
A0,A0-M00,3,snv,2027.092,0.005288916875763938,difference of equal-sample representative means; not paired
A0,A0-M00,3,snv,2032.5527450980394,0.011108522726266723,difference of equal-sample representative means; not paired
A0,A0-M00,3,snv,2038.0134901960787,0.019968020238235407,difference of equal-sample representative means; not paired
A0,A0-M00,3,snv,2043.474235294118,0.030262147941540585,difference of equal-sample representative means; not paired
A0,A0-M00,3,snv,2048.9349803921573,0.03986212043366577,difference of equal-sample representative means; not paired
A0,A0-M00,3,snv,2054.3957254901966,0.05252157273652158,difference of equal-sample representative means; not paired
A0,A0-M00,3,snv,2059.8564705882354,0.06337518731960112,difference of equal-sample representative means; not paired
A0,A0-M00,3,snv,2065.3172156862747,0.07535626357698488,difference of equal-sample representative means; not paired
A0,A0-M00,3,snv,2070.777960784314,0.08649985672909155,difference of equal-sample representative means; not paired
A0,A0-M00,3,snv,2076.2387058823533,0.09680731769772422,difference of equal-sample representative means; not paired
A0,A0-M00,3,snv,2081.6994509803926,0.10554718725685941,difference of equal-sample representative means; not paired
A0,A0-M00,3,snv,2087.1601960784315,0.11202824192106942,difference of equal-sample representative means; not paired
A0,A0-M00,3,snv,2092.6209411764708,0.11921258601869633,difference of equal-sample representative means; not paired
A0,A0-M00,3,snv,2098.08168627451,0.11843536244848174,difference of equal-sample representative means; not paired
A0,A0-M00,3,snv,2103.5424313725493,0.11915703159869051,difference of equal-sample representative means; not paired
A0,A0-M00,3,snv,2109.0031764705886,0.12018028985711182,difference of equal-sample representative means; not paired
A0,A0-M00,3,snv,2114.463921568628,0.11912353947135412,difference of equal-sample representative means; not paired
A0,A0-M00,3,snv,2119.924666666667,0.11664380307752054,difference of equal-sample representative means; not paired
A0,A0-M00,3,snv,2125.385411764706,0.11392160912476501,difference of equal-sample representative means; not paired
A0,A0-M00,3,snv,2130.8461568627454,0.11050241065746258,difference of equal-sample representative means; not paired
A0,A0-M00,3,snv,2136.3069019607847,0.10609207608869986,difference of equal-sample representative means; not paired
A0,A0-M00,3,snv,2141.767647058824,0.10356329846214307,difference of equal-sample representative means; not paired
A0,A0-M00,3,snv,2147.2283921568633,0.09631064568731817,difference of equal-sample representative means; not paired
A0,A0-M00,3,snv,2152.689137254902,0.09142194990956165,difference of equal-sample representative means; not paired
A0,A0-M00,3,snv,2158.1498823529414,0.08645523115883824,difference of equal-sample representative means; not paired
A0,A0-M00,3,snv,2163.6106274509807,0.08053509174412099,difference of equal-sample representative means; not paired
A0,A0-M00,3,snv,2169.07137254902,0.07464564883438585,difference of equal-sample representative means; not paired
A0,A0-M00,3,snv,2174.5321176470593,0.06848041848414921,difference of equal-sample representative means; not paired
A0,A0-M00,3,snv,2179.992862745098,0.06453322033173237,difference of equal-sample representative means; not paired
A0,A0-M00,3,snv,2185.4536078431374,0.059105051680913734,difference of equal-sample representative means; not paired
A0,A0-M00,3,snv,2190.9143529411767,0.05508154268735055,difference of equal-sample representative means; not paired
A0,A0-M00,3,snv,2196.375098039216,0.05192271785331748,difference of equal-sample representative means; not paired
A0,A0-M00,3,snv,2201.8358431372553,0.049870315019556744,difference of equal-sample representative means; not paired
A0,A0-M00,3,snv,2207.2965882352946,0.048467920264253506,difference of equal-sample representative means; not paired
A0,A0-M00,3,snv,2212.7573333333335,0.046238552388011556,difference of equal-sample representative means; not paired
A0,A0-M00,3,snv,2218.2180784313728,0.04203938909328864,difference of equal-sample representative means; not paired
A0,A0-M00,3,snv,2223.678823529412,0.03989411006907506,difference of equal-sample representative means; not paired
A0,A0-M00,3,snv,2229.1395686274514,0.040610120700885766,difference of equal-sample representative means; not paired
A0,A0-M00,3,snv,2234.6003137254907,0.04637057556696744,difference of equal-sample representative means; not paired
A0,A0-M00,3,snv,2240.06105882353,0.057334314260424124,difference of equal-sample representative means; not paired
A0,A0-M00,3,snv,2245.521803921569,0.07392123624902269,difference of equal-sample representative means; not paired
A0,A0-M00,3,snv,2250.982549019608,0.098104174048816,difference of equal-sample representative means; not paired
A0,A0-M00,3,snv,2256.4432941176474,0.13213966863603677,difference of equal-sample representative means; not paired
A0,A0-M00,3,snv,2261.9040392156867,0.17436194098174096,difference of equal-sample representative means; not paired
A0,A0-M00,3,snv,2267.364784313726,0.21119082668208988,difference of equal-sample representative means; not paired
A0,A0-M00,3,snv,2272.825529411765,0.24408266533931533,difference of equal-sample representative means; not paired
A0,A0-M00,3,snv,2278.286274509804,0.2717574915034542,difference of equal-sample representative means; not paired
A0,A0-M00,3,snv,2283.7470196078434,0.3012798056507129,difference of equal-sample representative means; not paired
A0,A0-M00,3,snv,2289.2077647058827,0.3333075929120486,difference of equal-sample representative means; not paired
A0,A0-M00,3,snv,2294.668509803922,0.3598662140669451,difference of equal-sample representative means; not paired
A0,A0-M00,3,snv,2300.1292549019613,0.3739184303055405,difference of equal-sample representative means; not paired
A0,A0-M00,3,snv,2305.59,0.39265952216776645,difference of equal-sample representative means; not paired
A0,A0-M00,3,second_derivative,913.1,-3.8425370504381866e-07,difference of equal-sample representative means; not paired
A0,A0-M00,3,second_derivative,918.5607450980392,-3.8425370504381866e-07,difference of equal-sample representative means; not paired
A0,A0-M00,3,second_derivative,924.0214901960785,-3.8425370504381866e-07,difference of equal-sample representative means; not paired
A0,A0-M00,3,second_derivative,929.4822352941177,-3.842537050442659e-07,difference of equal-sample representative means; not paired
A0,A0-M00,3,second_derivative,934.9429803921569,5.407828752974237e-06,difference of equal-sample representative means; not paired
A0,A0-M00,3,second_derivative,940.4037254901962,7.615525572215862e-06,difference of equal-sample representative means; not paired
A0,A0-M00,3,second_derivative,945.8644705882353,6.3680624127218725e-06,difference of equal-sample representative means; not paired
A0,A0-M00,3,second_derivative,951.3252156862745,6.417043852926529e-06,difference of equal-sample representative means; not paired
A0,A0-M00,3,second_derivative,956.7859607843137,5.803529229414163e-06,difference of equal-sample representative means; not paired
A0,A0-M00,3,second_derivative,962.246705882353,1.722188311422538e-06,difference of equal-sample representative means; not paired
A0,A0-M00,3,second_derivative,967.7074509803922,-2.3843960701681817e-07,difference of equal-sample representative means; not paired
A0,A0-M00,3,second_derivative,973.1681960784314,-2.3104129200268097e-06,difference of equal-sample representative means; not paired
A0,A0-M00,3,second_derivative,978.6289411764706,-5.105362353760772e-06,difference of equal-sample representative means; not paired
A0,A0-M00,3,second_derivative,984.0896862745099,-6.943696536880173e-06,difference of equal-sample representative means; not paired
A0,A0-M00,3,second_derivative,989.550431372549,-6.769718719051566e-06,difference of equal-sample representative means; not paired
A0,A0-M00,3,second_derivative,995.0111764705882,-4.903675286717261e-06,difference of equal-sample representative means; not paired
A0,A0-M00,3,second_derivative,1000.4719215686275,-2.9541941354553565e-06,difference of equal-sample representative means; not paired
A0,A0-M00,3,second_derivative,1005.9326666666667,-1.5175229712770868e-06,difference of equal-sample representative means; not paired
A0,A0-M00,3,second_derivative,1011.3934117647059,-2.9279830322673575e-08,difference of equal-sample representative means; not paired
A0,A0-M00,3,second_derivative,1016.8541568627452,1.9918067221379907e-07,difference of equal-sample representative means; not paired
A0,A0-M00,3,second_derivative,1022.3149019607844,-5.878116035832918e-07,difference of equal-sample representative means; not paired
A0,A0-M00,3,second_derivative,1027.7756470588236,-7.048194611652292e-07,difference of equal-sample representative means; not paired
A0,A0-M00,3,second_derivative,1033.2363921568628,-4.3319438137392416e-07,difference of equal-sample representative means; not paired
A0,A0-M00,3,second_derivative,1038.697137254902,3.597411543812543e-07,difference of equal-sample representative means; not paired
A0,A0-M00,3,second_derivative,1044.1578823529412,1.4637064271832625e-06,difference of equal-sample representative means; not paired
A0,A0-M00,3,second_derivative,1049.6186274509805,9.146783427261411e-07,difference of equal-sample representative means; not paired
A0,A0-M00,3,second_derivative,1055.0793725490196,2.6318086953138245e-07,difference of equal-sample representative means; not paired
A0,A0-M00,3,second_derivative,1060.5401176470589,6.902213405573109e-09,difference of equal-sample representative means; not paired
A0,A0-M00,3,second_derivative,1066.0008627450982,6.563406080826591e-07,difference of equal-sample representative means; not paired
A0,A0-M00,3,second_derivative,1071.4616078431372,1.1635059048557368e-06,difference of equal-sample representative means; not paired
A0,A0-M00,3,second_derivative,1076.9223529411765,1.6416732388307208e-06,difference of equal-sample representative means; not paired
A0,A0-M00,3,second_derivative,1082.3830980392158,1.9746586871177923e-06,difference of equal-sample representative means; not paired
A0,A0-M00,3,second_derivative,1087.843843137255,1.8957594367197418e-06,difference of equal-sample representative means; not paired
A0,A0-M00,3,second_derivative,1093.3045882352942,1.7684031721071649e-06,difference of equal-sample representative means; not paired
A0,A0-M00,3,second_derivative,1098.7653333333333,2.9965564071404798e-06,difference of equal-sample representative means; not paired
A0,A0-M00,3,second_derivative,1104.2260784313726,4.623944594432932e-06,difference of equal-sample representative means; not paired
A0,A0-M00,3,second_derivative,1109.6868235294119,7.399252907149858e-06,difference of equal-sample representative means; not paired
A0,A0-M00,3,second_derivative,1115.1475686274512,9.785177390716457e-06,difference of equal-sample representative means; not paired
A0,A0-M00,3,second_derivative,1120.6083137254902,9.795533148159244e-06,difference of equal-sample representative means; not paired
A0,A0-M00,3,second_derivative,1126.0690588235295,7.481449598590264e-06,difference of equal-sample representative means; not paired
A0,A0-M00,3,second_derivative,1131.5298039215686,4.833969678325052e-06,difference of equal-sample representative means; not paired
A0,A0-M00,3,second_derivative,1136.990549019608,3.4139174571100903e-06,difference of equal-sample representative means; not paired
A0,A0-M00,3,second_derivative,1142.4512941176472,4.034740060759296e-06,difference of equal-sample representative means; not paired
A0,A0-M00,3,second_derivative,1147.9120392156863,3.934240012774385e-06,difference of equal-sample representative means; not paired
A0,A0-M00,3,second_derivative,1153.3727843137256,1.967395690664884e-06,difference of equal-sample representative means; not paired
A0,A0-M00,3,second_derivative,1158.8335294117649,-8.416323322940421e-07,difference of equal-sample representative means; not paired
A0,A0-M00,3,second_derivative,1164.294274509804,-2.588652794089206e-06,difference of equal-sample representative means; not paired
A0,A0-M00,3,second_derivative,1169.7550196078432,-2.4359897300425662e-06,difference of equal-sample representative means; not paired
A0,A0-M00,3,second_derivative,1175.2157647058825,-9.022174476029049e-07,difference of equal-sample representative means; not paired
A0,A0-M00,3,second_derivative,1180.6765098039216,-9.96492803514964e-07,difference of equal-sample representative means; not paired
A0,A0-M00,3,second_derivative,1186.137254901961,-3.694931780672309e-06,difference of equal-sample representative means; not paired
A0,A0-M00,3,second_derivative,1191.598,-7.6219048217247225e-06,difference of equal-sample representative means; not paired
A0,A0-M00,3,second_derivative,1197.0587450980393,-1.0065065330493686e-05,difference of equal-sample representative means; not paired
A0,A0-M00,3,second_derivative,1202.5194901960786,-9.503400782095974e-06,difference of equal-sample representative means; not paired
A0,A0-M00,3,second_derivative,1207.9802352941178,-7.010010122936634e-06,difference of equal-sample representative means; not paired
A0,A0-M00,3,second_derivative,1213.440980392157,-5.773426537516028e-06,difference of equal-sample representative means; not paired
A0,A0-M00,3,second_derivative,1218.9017254901962,-6.440297326272809e-06,difference of equal-sample representative means; not paired
A0,A0-M00,3,second_derivative,1224.3624705882353,-7.631495016091469e-06,difference of equal-sample representative means; not paired
A0,A0-M00,3,second_derivative,1229.8232156862746,-6.901247686019933e-06,difference of equal-sample representative means; not paired
A0,A0-M00,3,second_derivative,1235.2839607843139,-3.7691006475232728e-06,difference of equal-sample representative means; not paired
A0,A0-M00,3,second_derivative,1240.7447058823532,9.989126965919839e-08,difference of equal-sample representative means; not paired
A0,A0-M00,3,second_derivative,1246.2054509803922,2.390878956682671e-06,difference of equal-sample representative means; not paired
A0,A0-M00,3,second_derivative,1251.6661960784315,2.630224110095804e-06,difference of equal-sample representative means; not paired
A0,A0-M00,3,second_derivative,1257.1269411764706,2.5186936582104417e-06,difference of equal-sample representative means; not paired
A0,A0-M00,3,second_derivative,1262.58768627451,1.1288899775096435e-06,difference of equal-sample representative means; not paired
A0,A0-M00,3,second_derivative,1268.0484313725492,-1.6756687819809815e-07,difference of equal-sample representative means; not paired
A0,A0-M00,3,second_derivative,1273.5091764705883,-1.3735416458445078e-06,difference of equal-sample representative means; not paired
A0,A0-M00,3,second_derivative,1278.9699215686276,-1.6677150625853183e-06,difference of equal-sample representative means; not paired
A0,A0-M00,3,second_derivative,1284.4306666666666,-4.371116875610908e-07,difference of equal-sample representative means; not paired
A0,A0-M00,3,second_derivative,1289.891411764706,2.5318378405448278e-06,difference of equal-sample representative means; not paired
A0,A0-M00,3,second_derivative,1295.3521568627452,5.037569283618792e-06,difference of equal-sample representative means; not paired
A0,A0-M00,3,second_derivative,1300.8129019607845,7.6274493843962314e-06,difference of equal-sample representative means; not paired
A0,A0-M00,3,second_derivative,1306.2736470588236,9.370614215971771e-06,difference of equal-sample representative means; not paired
A0,A0-M00,3,second_derivative,1311.734392156863,1.0302911066477957e-05,difference of equal-sample representative means; not paired
A0,A0-M00,3,second_derivative,1317.195137254902,1.1085901152822929e-05,difference of equal-sample representative means; not paired
A0,A0-M00,3,second_derivative,1322.6558823529413,1.1780754242827095e-05,difference of equal-sample representative means; not paired
A0,A0-M00,3,second_derivative,1328.1166274509806,1.2685818286367496e-05,difference of equal-sample representative means; not paired
A0,A0-M00,3,second_derivative,1333.5773725490199,1.2928345891385726e-05,difference of equal-sample representative means; not paired
A0,A0-M00,3,second_derivative,1339.038117647059,1.0451030313764728e-05,difference of equal-sample representative means; not paired
A0,A0-M00,3,second_derivative,1344.4988627450982,5.4947650012160695e-06,difference of equal-sample representative means; not paired
A0,A0-M00,3,second_derivative,1349.9596078431373,5.768662011520086e-07,difference of equal-sample representative means; not paired
A0,A0-M00,3,second_derivative,1355.4203529411766,-3.7469860998155038e-06,difference of equal-sample representative means; not paired
A0,A0-M00,3,second_derivative,1360.8810980392159,-7.112051261640632e-06,difference of equal-sample representative means; not paired
A0,A0-M00,3,second_derivative,1366.341843137255,-8.332481130096088e-06,difference of equal-sample representative means; not paired
A0,A0-M00,3,second_derivative,1371.8025882352943,-6.300009311006554e-06,difference of equal-sample representative means; not paired
A0,A0-M00,3,second_derivative,1377.2633333333333,1.5169322545999417e-06,difference of equal-sample representative means; not paired
A0,A0-M00,3,second_derivative,1382.7240784313726,1.238580898017761e-05,difference of equal-sample representative means; not paired
A0,A0-M00,3,second_derivative,1388.184823529412,2.149860533341751e-05,difference of equal-sample representative means; not paired
A0,A0-M00,3,second_derivative,1393.6455686274512,2.462340727522518e-05,difference of equal-sample representative means; not paired
A0,A0-M00,3,second_derivative,1399.1063137254903,2.1303928983601575e-05,difference of equal-sample representative means; not paired
A0,A0-M00,3,second_derivative,1404.5670588235296,1.344469939207495e-05,difference of equal-sample representative means; not paired
A0,A0-M00,3,second_derivative,1410.0278039215686,3.1896397692042676e-06,difference of equal-sample representative means; not paired
A0,A0-M00,3,second_derivative,1415.488549019608,-8.443135510138748e-06,difference of equal-sample representative means; not paired
A0,A0-M00,3,second_derivative,1420.9492941176472,-1.837754592537645e-05,difference of equal-sample representative means; not paired
A0,A0-M00,3,second_derivative,1426.4100392156865,-2.4289455802736074e-05,difference of equal-sample representative means; not paired
A0,A0-M00,3,second_derivative,1431.8707843137256,-2.5456294882410585e-05,difference of equal-sample representative means; not paired
A0,A0-M00,3,second_derivative,1437.3315294117647,-2.2458487667363435e-05,difference of equal-sample representative means; not paired
A0,A0-M00,3,second_derivative,1442.792274509804,-1.7497337754688623e-05,difference of equal-sample representative means; not paired
A0,A0-M00,3,second_derivative,1448.2530196078433,-1.2415608186369555e-05,difference of equal-sample representative means; not paired
A0,A0-M00,3,second_derivative,1453.7137647058826,-7.796288899546902e-06,difference of equal-sample representative means; not paired
A0,A0-M00,3,second_derivative,1459.1745098039219,-4.6887869083080255e-06,difference of equal-sample representative means; not paired
A0,A0-M00,3,second_derivative,1464.635254901961,-5.279910315555491e-06,difference of equal-sample representative means; not paired
A0,A0-M00,3,second_derivative,1470.096,-5.634009815125801e-06,difference of equal-sample representative means; not paired
A0,A0-M00,3,second_derivative,1475.5567450980393,-5.648660359164382e-06,difference of equal-sample representative means; not paired
A0,A0-M00,3,second_derivative,1481.0174901960786,-5.4873504366543045e-06,difference of equal-sample representative means; not paired
A0,A0-M00,3,second_derivative,1486.478235294118,-4.72256166517612e-06,difference of equal-sample representative means; not paired
A0,A0-M00,3,second_derivative,1491.938980392157,-3.7911415215615576e-06,difference of equal-sample representative means; not paired
A0,A0-M00,3,second_derivative,1497.3997254901963,-3.3650560048452477e-06,difference of equal-sample representative means; not paired
A0,A0-M00,3,second_derivative,1502.8604705882353,-2.4317876888926977e-06,difference of equal-sample representative means; not paired
A0,A0-M00,3,second_derivative,1508.3212156862746,-1.1492658980934725e-06,difference of equal-sample representative means; not paired
A0,A0-M00,3,second_derivative,1513.781960784314,-3.196359656950653e-07,difference of equal-sample representative means; not paired
A0,A0-M00,3,second_derivative,1519.2427058823532,1.092358708646728e-06,difference of equal-sample representative means; not paired
A0,A0-M00,3,second_derivative,1524.7034509803923,2.9093294976348605e-06,difference of equal-sample representative means; not paired
A0,A0-M00,3,second_derivative,1530.1641960784316,2.7297922382924234e-06,difference of equal-sample representative means; not paired
A0,A0-M00,3,second_derivative,1535.6249411764707,-9.633574837732276e-07,difference of equal-sample representative means; not paired
A0,A0-M00,3,second_derivative,1541.08568627451,-1.9862132412309247e-08,difference of equal-sample representative means; not paired
A0,A0-M00,3,second_derivative,1546.5464313725493,-7.299409948081169e-07,difference of equal-sample representative means; not paired
A0,A0-M00,3,second_derivative,1552.0071764705885,4.4260297786744295e-07,difference of equal-sample representative means; not paired
A0,A0-M00,3,second_derivative,1557.4679215686276,1.329002746290113e-06,difference of equal-sample representative means; not paired
A0,A0-M00,3,second_derivative,1562.9286666666667,7.01578716425607e-07,difference of equal-sample representative means; not paired
A0,A0-M00,3,second_derivative,1568.389411764706,-8.584044260174758e-07,difference of equal-sample representative means; not paired
A0,A0-M00,3,second_derivative,1573.8501568627453,-5.120216453832284e-07,difference of equal-sample representative means; not paired
A0,A0-M00,3,second_derivative,1579.3109019607846,-1.4427569732808377e-06,difference of equal-sample representative means; not paired
A0,A0-M00,3,second_derivative,1584.7716470588239,-2.531030502153837e-06,difference of equal-sample representative means; not paired
A0,A0-M00,3,second_derivative,1590.232392156863,-4.860580989978408e-06,difference of equal-sample representative means; not paired
A0,A0-M00,3,second_derivative,1595.693137254902,-6.814045869602034e-06,difference of equal-sample representative means; not paired
A0,A0-M00,3,second_derivative,1601.1538823529413,-7.192377061542884e-06,difference of equal-sample representative means; not paired
A0,A0-M00,3,second_derivative,1606.6146274509806,-5.918802154938093e-06,difference of equal-sample representative means; not paired
A0,A0-M00,3,second_derivative,1612.07537254902,-1.845087871948141e-06,difference of equal-sample representative means; not paired
A0,A0-M00,3,second_derivative,1617.536117647059,7.929035126081922e-07,difference of equal-sample representative means; not paired
A0,A0-M00,3,second_derivative,1622.9968627450983,9.872947455674076e-07,difference of equal-sample representative means; not paired
A0,A0-M00,3,second_derivative,1628.4576078431373,4.388627443904792e-06,difference of equal-sample representative means; not paired
A0,A0-M00,3,second_derivative,1633.9183529411766,6.7552190717993725e-06,difference of equal-sample representative means; not paired
A0,A0-M00,3,second_derivative,1639.379098039216,7.986525070350081e-06,difference of equal-sample representative means; not paired
A0,A0-M00,3,second_derivative,1644.8398431372552,7.855095906799692e-06,difference of equal-sample representative means; not paired
A0,A0-M00,3,second_derivative,1650.3005882352943,6.604495357635929e-06,difference of equal-sample representative means; not paired
A0,A0-M00,3,second_derivative,1655.7613333333334,4.1816710928664206e-06,difference of equal-sample representative means; not paired
A0,A0-M00,3,second_derivative,1661.2220784313727,3.6020905519507868e-06,difference of equal-sample representative means; not paired
A0,A0-M00,3,second_derivative,1666.682823529412,5.808618925632922e-07,difference of equal-sample representative means; not paired
A0,A0-M00,3,second_derivative,1672.1435686274513,-1.4109911860096457e-06,difference of equal-sample representative means; not paired
A0,A0-M00,3,second_derivative,1677.6043137254906,-7.247605458504411e-07,difference of equal-sample representative means; not paired
A0,A0-M00,3,second_derivative,1683.0650588235296,1.2932606447456803e-06,difference of equal-sample representative means; not paired
A0,A0-M00,3,second_derivative,1688.5258039215687,2.99322570777461e-06,difference of equal-sample representative means; not paired
A0,A0-M00,3,second_derivative,1693.986549019608,2.2238024403933093e-06,difference of equal-sample representative means; not paired
A0,A0-M00,3,second_derivative,1699.4472941176473,1.0413295891347665e-07,difference of equal-sample representative means; not paired
A0,A0-M00,3,second_derivative,1704.9080392156866,-1.005524385546408e-06,difference of equal-sample representative means; not paired
A0,A0-M00,3,second_derivative,1710.3687843137257,-1.5271502019346113e-07,difference of equal-sample representative means; not paired
A0,A0-M00,3,second_derivative,1715.829529411765,-1.44845918755197e-07,difference of equal-sample representative means; not paired
A0,A0-M00,3,second_derivative,1721.290274509804,-7.915112681141673e-07,difference of equal-sample representative means; not paired
A0,A0-M00,3,second_derivative,1726.7510196078433,-1.1879959784295168e-06,difference of equal-sample representative means; not paired
A0,A0-M00,3,second_derivative,1732.2117647058826,-1.1824132935729303e-06,difference of equal-sample representative means; not paired
A0,A0-M00,3,second_derivative,1737.672509803922,3.7029255558140465e-07,difference of equal-sample representative means; not paired
A0,A0-M00,3,second_derivative,1743.133254901961,3.1543506605024815e-06,difference of equal-sample representative means; not paired
A0,A0-M00,3,second_derivative,1748.594,3.6241728988118935e-06,difference of equal-sample representative means; not paired
A0,A0-M00,3,second_derivative,1754.0547450980393,2.6131163373017427e-06,difference of equal-sample representative means; not paired
A0,A0-M00,3,second_derivative,1759.5154901960786,3.0011632170414856e-07,difference of equal-sample representative means; not paired
A0,A0-M00,3,second_derivative,1764.976235294118,-2.2065960543549924e-06,difference of equal-sample representative means; not paired
A0,A0-M00,3,second_derivative,1770.4369803921572,-3.6154988798146803e-06,difference of equal-sample representative means; not paired
A0,A0-M00,3,second_derivative,1775.8977254901963,-3.1429450673615866e-06,difference of equal-sample representative means; not paired
A0,A0-M00,3,second_derivative,1781.3584705882354,-3.1774061685575465e-06,difference of equal-sample representative means; not paired
A0,A0-M00,3,second_derivative,1786.8192156862747,-3.712229984600113e-06,difference of equal-sample representative means; not paired
A0,A0-M00,3,second_derivative,1792.279960784314,-2.4511014885697394e-06,difference of equal-sample representative means; not paired
A0,A0-M00,3,second_derivative,1797.7407058823533,-1.2268001217018834e-06,difference of equal-sample representative means; not paired
A0,A0-M00,3,second_derivative,1803.2014509803923,-1.924904173605376e-07,difference of equal-sample representative means; not paired
A0,A0-M00,3,second_derivative,1808.6621960784316,1.545553659875815e-07,difference of equal-sample representative means; not paired
A0,A0-M00,3,second_derivative,1814.1229411764707,-5.2614831316569e-07,difference of equal-sample representative means; not paired
A0,A0-M00,3,second_derivative,1819.58368627451,-1.934170986407741e-06,difference of equal-sample representative means; not paired
A0,A0-M00,3,second_derivative,1825.0444313725493,-1.9914199512521517e-06,difference of equal-sample representative means; not paired
A0,A0-M00,3,second_derivative,1830.5051764705886,-3.0976140667955153e-06,difference of equal-sample representative means; not paired
A0,A0-M00,3,second_derivative,1835.9659215686277,-1.3865351587746743e-06,difference of equal-sample representative means; not paired
A0,A0-M00,3,second_derivative,1841.4266666666667,1.7020394547049848e-06,difference of equal-sample representative means; not paired
A0,A0-M00,3,second_derivative,1846.887411764706,5.628012375921818e-06,difference of equal-sample representative means; not paired
A0,A0-M00,3,second_derivative,1852.3481568627453,8.154337696806872e-06,difference of equal-sample representative means; not paired
A0,A0-M00,3,second_derivative,1857.8089019607846,8.353004944664686e-06,difference of equal-sample representative means; not paired
A0,A0-M00,3,second_derivative,1863.269647058824,9.514414454364753e-06,difference of equal-sample representative means; not paired
A0,A0-M00,3,second_derivative,1868.730392156863,1.5211609863081274e-05,difference of equal-sample representative means; not paired
A0,A0-M00,3,second_derivative,1874.191137254902,1.9324560879484926e-05,difference of equal-sample representative means; not paired
A0,A0-M00,3,second_derivative,1879.6518823529414,2.0299791218673062e-05,difference of equal-sample representative means; not paired
A0,A0-M00,3,second_derivative,1885.1126274509807,1.574016493033982e-05,difference of equal-sample representative means; not paired
A0,A0-M00,3,second_derivative,1890.57337254902,7.002656796532863e-06,difference of equal-sample representative means; not paired
A0,A0-M00,3,second_derivative,1896.034117647059,-1.3650001097070954e-06,difference of equal-sample representative means; not paired
A0,A0-M00,3,second_derivative,1901.4948627450983,-7.827723750150138e-06,difference of equal-sample representative means; not paired
A0,A0-M00,3,second_derivative,1906.9556078431374,-1.5257705784981883e-05,difference of equal-sample representative means; not paired
A0,A0-M00,3,second_derivative,1912.4163529411767,-1.850608620462062e-05,difference of equal-sample representative means; not paired
A0,A0-M00,3,second_derivative,1917.877098039216,-1.8175025315689264e-05,difference of equal-sample representative means; not paired
A0,A0-M00,3,second_derivative,1923.3378431372553,-1.496640351492066e-05,difference of equal-sample representative means; not paired
A0,A0-M00,3,second_derivative,1928.7985882352943,-1.122801813370757e-05,difference of equal-sample representative means; not paired
A0,A0-M00,3,second_derivative,1934.2593333333336,-8.083006724731486e-06,difference of equal-sample representative means; not paired
A0,A0-M00,3,second_derivative,1939.7200784313727,-6.4572041654723525e-06,difference of equal-sample representative means; not paired
A0,A0-M00,3,second_derivative,1945.180823529412,-4.998782731336122e-06,difference of equal-sample representative means; not paired
A0,A0-M00,3,second_derivative,1950.6415686274513,-4.145042766960439e-06,difference of equal-sample representative means; not paired
A0,A0-M00,3,second_derivative,1956.1023137254906,-2.9815025110519016e-06,difference of equal-sample representative means; not paired
A0,A0-M00,3,second_derivative,1961.5630588235294,-3.6323554166267936e-06,difference of equal-sample representative means; not paired
A0,A0-M00,3,second_derivative,1967.0238039215687,-3.943939898616383e-06,difference of equal-sample representative means; not paired
A0,A0-M00,3,second_derivative,1972.484549019608,-3.441982726462089e-06,difference of equal-sample representative means; not paired
A0,A0-M00,3,second_derivative,1977.9452941176473,-2.8766446120780576e-06,difference of equal-sample representative means; not paired
A0,A0-M00,3,second_derivative,1983.4060392156866,-9.433787456253683e-07,difference of equal-sample representative means; not paired
A0,A0-M00,3,second_derivative,1988.866784313726,1.601256904513942e-06,difference of equal-sample representative means; not paired
A0,A0-M00,3,second_derivative,1994.3275294117648,9.649496530854405e-07,difference of equal-sample representative means; not paired
A0,A0-M00,3,second_derivative,1999.788274509804,2.7341530274777113e-06,difference of equal-sample representative means; not paired
A0,A0-M00,3,second_derivative,2005.2490196078434,5.197949703904932e-06,difference of equal-sample representative means; not paired
A0,A0-M00,3,second_derivative,2010.7097647058827,7.344655571382854e-06,difference of equal-sample representative means; not paired
A0,A0-M00,3,second_derivative,2016.170509803922,7.833554703271791e-06,difference of equal-sample representative means; not paired
A0,A0-M00,3,second_derivative,2021.6312549019613,6.745611467390831e-06,difference of equal-sample representative means; not paired
A0,A0-M00,3,second_derivative,2027.092,4.647473073733417e-06,difference of equal-sample representative means; not paired
A0,A0-M00,3,second_derivative,2032.5527450980394,4.880634580686102e-06,difference of equal-sample representative means; not paired
A0,A0-M00,3,second_derivative,2038.0134901960787,3.93137816520219e-06,difference of equal-sample representative means; not paired
A0,A0-M00,3,second_derivative,2043.474235294118,3.104751527923124e-06,difference of equal-sample representative means; not paired
A0,A0-M00,3,second_derivative,2048.9349803921573,1.137530610089259e-06,difference of equal-sample representative means; not paired
A0,A0-M00,3,second_derivative,2054.3957254901966,-1.0597955790015117e-06,difference of equal-sample representative means; not paired
A0,A0-M00,3,second_derivative,2059.8564705882354,-2.6337782518061544e-06,difference of equal-sample representative means; not paired
A0,A0-M00,3,second_derivative,2065.3172156862747,-3.783975467199231e-06,difference of equal-sample representative means; not paired
A0,A0-M00,3,second_derivative,2070.777960784314,-3.692936692044588e-06,difference of equal-sample representative means; not paired
A0,A0-M00,3,second_derivative,2076.2387058823533,-2.113173195534664e-06,difference of equal-sample representative means; not paired
A0,A0-M00,3,second_derivative,2081.6994509803926,-6.686202026048841e-07,difference of equal-sample representative means; not paired
A0,A0-M00,3,second_derivative,2087.1601960784315,1.947764259058173e-06,difference of equal-sample representative means; not paired
A0,A0-M00,3,second_derivative,2092.6209411764708,2.2277170409381142e-06,difference of equal-sample representative means; not paired
A0,A0-M00,3,second_derivative,2098.08168627451,1.3793499527759199e-06,difference of equal-sample representative means; not paired
A0,A0-M00,3,second_derivative,2103.5424313725493,-1.0417503754702888e-07,difference of equal-sample representative means; not paired
A0,A0-M00,3,second_derivative,2109.0031764705886,-2.5997297741924193e-06,difference of equal-sample representative means; not paired
A0,A0-M00,3,second_derivative,2114.463921568628,-3.873894121705689e-06,difference of equal-sample representative means; not paired
A0,A0-M00,3,second_derivative,2119.924666666667,-2.735837812757464e-06,difference of equal-sample representative means; not paired
A0,A0-M00,3,second_derivative,2125.385411764706,-2.6000993191897545e-06,difference of equal-sample representative means; not paired
A0,A0-M00,3,second_derivative,2130.8461568627454,-1.3204803472323279e-06,difference of equal-sample representative means; not paired
A0,A0-M00,3,second_derivative,2136.3069019607847,-6.765721738339964e-07,difference of equal-sample representative means; not paired
A0,A0-M00,3,second_derivative,2141.767647058824,-1.3302466164438962e-06,difference of equal-sample representative means; not paired
A0,A0-M00,3,second_derivative,2147.2283921568633,-1.452828540674951e-06,difference of equal-sample representative means; not paired
A0,A0-M00,3,second_derivative,2152.689137254902,-1.1405496163360297e-06,difference of equal-sample representative means; not paired
A0,A0-M00,3,second_derivative,2158.1498823529414,-1.384421040291724e-06,difference of equal-sample representative means; not paired
A0,A0-M00,3,second_derivative,2163.6106274509807,-8.834279381427956e-07,difference of equal-sample representative means; not paired
A0,A0-M00,3,second_derivative,2169.07137254902,-7.434806295587044e-07,difference of equal-sample representative means; not paired
A0,A0-M00,3,second_derivative,2174.5321176470593,-2.0801613345178824e-07,difference of equal-sample representative means; not paired
A0,A0-M00,3,second_derivative,2179.992862745098,-1.284423562649496e-07,difference of equal-sample representative means; not paired
A0,A0-M00,3,second_derivative,2185.4536078431374,-5.835376872343406e-08,difference of equal-sample representative means; not paired
A0,A0-M00,3,second_derivative,2190.9143529411767,-1.31497012088399e-08,difference of equal-sample representative means; not paired
A0,A0-M00,3,second_derivative,2196.375098039216,4.4653855410666577e-07,difference of equal-sample representative means; not paired
A0,A0-M00,3,second_derivative,2201.8358431372553,1.2871081564358148e-06,difference of equal-sample representative means; not paired
A0,A0-M00,3,second_derivative,2207.2965882352946,1.8035743768205422e-06,difference of equal-sample representative means; not paired
A0,A0-M00,3,second_derivative,2212.7573333333335,3.583521383321892e-06,difference of equal-sample representative means; not paired
A0,A0-M00,3,second_derivative,2218.2180784313728,4.869248755616373e-06,difference of equal-sample representative means; not paired
A0,A0-M00,3,second_derivative,2223.678823529412,5.81368976497978e-06,difference of equal-sample representative means; not paired
A0,A0-M00,3,second_derivative,2229.1395686274514,5.355638176402964e-06,difference of equal-sample representative means; not paired
A0,A0-M00,3,second_derivative,2234.6003137254907,3.647680609039533e-06,difference of equal-sample representative means; not paired
A0,A0-M00,3,second_derivative,2240.06105882353,1.096458946834005e-06,difference of equal-sample representative means; not paired
A0,A0-M00,3,second_derivative,2245.521803921569,-1.92266739171653e-06,difference of equal-sample representative means; not paired
A0,A0-M00,3,second_derivative,2250.982549019608,-3.773446912898906e-06,difference of equal-sample representative means; not paired
A0,A0-M00,3,second_derivative,2256.4432941176474,-4.4786683347311314e-06,difference of equal-sample representative means; not paired
A0,A0-M00,3,second_derivative,2261.9040392156867,-6.487756521148683e-06,difference of equal-sample representative means; not paired
A0,A0-M00,3,second_derivative,2267.364784313726,-1.7900171235831356e-05,difference of equal-sample representative means; not paired
A0,A0-M00,3,second_derivative,2272.825529411765,-3.4361488965381495e-05,difference of equal-sample representative means; not paired
A0,A0-M00,3,second_derivative,2278.286274509804,-3.798569239476873e-05,difference of equal-sample representative means; not paired
A0,A0-M00,3,second_derivative,2283.7470196078434,-1.1957238031296199e-05,difference of equal-sample representative means; not paired
A0,A0-M00,3,second_derivative,2289.2077647058827,1.2782036745762395e-05,difference of equal-sample representative means; not paired
A0,A0-M00,3,second_derivative,2294.668509803922,1.2782036745762158e-05,difference of equal-sample representative means; not paired
A0,A0-M00,3,second_derivative,2300.1292549019613,1.2782036745762158e-05,difference of equal-sample representative means; not paired
A0,A0-M00,3,second_derivative,2305.59,1.2782036745762158e-05,difference of equal-sample representative means; not paired
A0,A0-M00,4,reflectance,913.1,0.013424283188070152,difference of equal-sample representative means; not paired
A0,A0-M00,4,reflectance,918.5607450980392,0.03445044766494748,difference of equal-sample representative means; not paired
A0,A0-M00,4,reflectance,924.0214901960785,0.04665451697030665,difference of equal-sample representative means; not paired
A0,A0-M00,4,reflectance,929.4822352941177,0.05622346781288995,difference of equal-sample representative means; not paired
A0,A0-M00,4,reflectance,934.9429803921569,0.06297200503954214,difference of equal-sample representative means; not paired
A0,A0-M00,4,reflectance,940.4037254901962,0.06649106278884148,difference of equal-sample representative means; not paired
A0,A0-M00,4,reflectance,945.8644705882353,0.06808790253407171,difference of equal-sample representative means; not paired
A0,A0-M00,4,reflectance,951.3252156862745,0.0693836172903406,difference of equal-sample representative means; not paired
A0,A0-M00,4,reflectance,956.7859607843137,0.0697473848058986,difference of equal-sample representative means; not paired
A0,A0-M00,4,reflectance,962.246705882353,0.06985640539911325,difference of equal-sample representative means; not paired
A0,A0-M00,4,reflectance,967.7074509803922,0.06963739220128473,difference of equal-sample representative means; not paired
A0,A0-M00,4,reflectance,973.1681960784314,0.06885914183471592,difference of equal-sample representative means; not paired
A0,A0-M00,4,reflectance,978.6289411764706,0.06775599675883315,difference of equal-sample representative means; not paired
A0,A0-M00,4,reflectance,984.0896862745099,0.06672363610510623,difference of equal-sample representative means; not paired
A0,A0-M00,4,reflectance,989.550431372549,0.06581822154562733,difference of equal-sample representative means; not paired
A0,A0-M00,4,reflectance,995.0111764705882,0.06502896435023725,difference of equal-sample representative means; not paired
A0,A0-M00,4,reflectance,1000.4719215686275,0.06374098430707181,difference of equal-sample representative means; not paired
A0,A0-M00,4,reflectance,1005.9326666666667,0.06251563253202458,difference of equal-sample representative means; not paired
A0,A0-M00,4,reflectance,1011.3934117647059,0.0611429729810945,difference of equal-sample representative means; not paired
A0,A0-M00,4,reflectance,1016.8541568627452,0.059848979109892286,difference of equal-sample representative means; not paired
A0,A0-M00,4,reflectance,1022.3149019607844,0.058779065446433354,difference of equal-sample representative means; not paired
A0,A0-M00,4,reflectance,1027.7756470588236,0.05767225590326536,difference of equal-sample representative means; not paired
A0,A0-M00,4,reflectance,1033.2363921568628,0.0566439700949139,difference of equal-sample representative means; not paired
A0,A0-M00,4,reflectance,1038.697137254902,0.05547255553249958,difference of equal-sample representative means; not paired
A0,A0-M00,4,reflectance,1044.1578823529412,0.054613913604622144,difference of equal-sample representative means; not paired
A0,A0-M00,4,reflectance,1049.6186274509805,0.05403000772293465,difference of equal-sample representative means; not paired
A0,A0-M00,4,reflectance,1055.0793725490196,0.05310790826678474,difference of equal-sample representative means; not paired
A0,A0-M00,4,reflectance,1060.5401176470589,0.05186231768485894,difference of equal-sample representative means; not paired
A0,A0-M00,4,reflectance,1066.0008627450982,0.05088534764791863,difference of equal-sample representative means; not paired
A0,A0-M00,4,reflectance,1071.4616078431372,0.04985248578395424,difference of equal-sample representative means; not paired
A0,A0-M00,4,reflectance,1076.9223529411765,0.04900452409491013,difference of equal-sample representative means; not paired
A0,A0-M00,4,reflectance,1082.3830980392158,0.048438905431925805,difference of equal-sample representative means; not paired
A0,A0-M00,4,reflectance,1087.843843137255,0.04780620106096628,difference of equal-sample representative means; not paired
A0,A0-M00,4,reflectance,1093.3045882352942,0.047372969069053805,difference of equal-sample representative means; not paired
A0,A0-M00,4,reflectance,1098.7653333333333,0.04691631896687154,difference of equal-sample representative means; not paired
A0,A0-M00,4,reflectance,1104.2260784313726,0.04609682430000123,difference of equal-sample representative means; not paired
A0,A0-M00,4,reflectance,1109.6868235294119,0.0453958157862267,difference of equal-sample representative means; not paired
A0,A0-M00,4,reflectance,1115.1475686274512,0.045243713709508415,difference of equal-sample representative means; not paired
A0,A0-M00,4,reflectance,1120.6083137254902,0.04485407445583456,difference of equal-sample representative means; not paired
A0,A0-M00,4,reflectance,1126.0690588235295,0.044956793020608954,difference of equal-sample representative means; not paired
A0,A0-M00,4,reflectance,1131.5298039215686,0.04522112276849022,difference of equal-sample representative means; not paired
A0,A0-M00,4,reflectance,1136.990549019608,0.045504540133945226,difference of equal-sample representative means; not paired
A0,A0-M00,4,reflectance,1142.4512941176472,0.045862967837122626,difference of equal-sample representative means; not paired
A0,A0-M00,4,reflectance,1147.9120392156863,0.04633826951225528,difference of equal-sample representative means; not paired
A0,A0-M00,4,reflectance,1153.3727843137256,0.04694846878119929,difference of equal-sample representative means; not paired
A0,A0-M00,4,reflectance,1158.8335294117649,0.04798378012329002,difference of equal-sample representative means; not paired
A0,A0-M00,4,reflectance,1164.294274509804,0.048780294126188284,difference of equal-sample representative means; not paired
A0,A0-M00,4,reflectance,1169.7550196078432,0.04934219996415806,difference of equal-sample representative means; not paired
A0,A0-M00,4,reflectance,1175.2157647058825,0.049904166486223034,difference of equal-sample representative means; not paired
A0,A0-M00,4,reflectance,1180.6765098039216,0.05051264568114061,difference of equal-sample representative means; not paired
A0,A0-M00,4,reflectance,1186.137254901961,0.05099135526370585,difference of equal-sample representative means; not paired
A0,A0-M00,4,reflectance,1191.598,0.051398989356278235,difference of equal-sample representative means; not paired
A0,A0-M00,4,reflectance,1197.0587450980393,0.05216418569157599,difference of equal-sample representative means; not paired
A0,A0-M00,4,reflectance,1202.5194901960786,0.05249717444149066,difference of equal-sample representative means; not paired
A0,A0-M00,4,reflectance,1207.9802352941178,0.05259281052213127,difference of equal-sample representative means; not paired
A0,A0-M00,4,reflectance,1213.440980392157,0.05275710454234639,difference of equal-sample representative means; not paired
A0,A0-M00,4,reflectance,1218.9017254901962,0.05297843267811381,difference of equal-sample representative means; not paired
A0,A0-M00,4,reflectance,1224.3624705882353,0.0530273439852984,difference of equal-sample representative means; not paired
A0,A0-M00,4,reflectance,1229.8232156862746,0.05284167092240405,difference of equal-sample representative means; not paired
A0,A0-M00,4,reflectance,1235.2839607843139,0.05270981660147123,difference of equal-sample representative means; not paired
A0,A0-M00,4,reflectance,1240.7447058823532,0.05232693463753724,difference of equal-sample representative means; not paired
A0,A0-M00,4,reflectance,1246.2054509803922,0.05206863103223702,difference of equal-sample representative means; not paired
A0,A0-M00,4,reflectance,1251.6661960784315,0.05186350862086575,difference of equal-sample representative means; not paired
A0,A0-M00,4,reflectance,1257.1269411764706,0.05176389982582552,difference of equal-sample representative means; not paired
A0,A0-M00,4,reflectance,1262.58768627451,0.0515674838809268,difference of equal-sample representative means; not paired
A0,A0-M00,4,reflectance,1268.0484313725492,0.050920737797484406,difference of equal-sample representative means; not paired
A0,A0-M00,4,reflectance,1273.5091764705883,0.05136547377321343,difference of equal-sample representative means; not paired
A0,A0-M00,4,reflectance,1278.9699215686276,0.05145347413781365,difference of equal-sample representative means; not paired
A0,A0-M00,4,reflectance,1284.4306666666666,0.0513153569804079,difference of equal-sample representative means; not paired
A0,A0-M00,4,reflectance,1289.891411764706,0.05108381343094903,difference of equal-sample representative means; not paired
A0,A0-M00,4,reflectance,1295.3521568627452,0.050937033348529503,difference of equal-sample representative means; not paired
A0,A0-M00,4,reflectance,1300.8129019607845,0.050922498374224356,difference of equal-sample representative means; not paired
A0,A0-M00,4,reflectance,1306.2736470588236,0.05101952480777261,difference of equal-sample representative means; not paired
A0,A0-M00,4,reflectance,1311.734392156863,0.05142848207727624,difference of equal-sample representative means; not paired
A0,A0-M00,4,reflectance,1317.195137254902,0.05197009489178661,difference of equal-sample representative means; not paired
A0,A0-M00,4,reflectance,1322.6558823529413,0.05298708746639669,difference of equal-sample representative means; not paired
A0,A0-M00,4,reflectance,1328.1166274509806,0.054062334151944946,difference of equal-sample representative means; not paired
A0,A0-M00,4,reflectance,1333.5773725490199,0.05548908122290275,difference of equal-sample representative means; not paired
A0,A0-M00,4,reflectance,1339.038117647059,0.057070729725702485,difference of equal-sample representative means; not paired
A0,A0-M00,4,reflectance,1344.4988627450982,0.05876911689619435,difference of equal-sample representative means; not paired
A0,A0-M00,4,reflectance,1349.9596078431373,0.061341147962467035,difference of equal-sample representative means; not paired
A0,A0-M00,4,reflectance,1355.4203529411766,0.06264404749930008,difference of equal-sample representative means; not paired
A0,A0-M00,4,reflectance,1360.8810980392159,0.06451117779391197,difference of equal-sample representative means; not paired
A0,A0-M00,4,reflectance,1366.341843137255,0.06615759428407053,difference of equal-sample representative means; not paired
A0,A0-M00,4,reflectance,1371.8025882352943,0.06742975906463866,difference of equal-sample representative means; not paired
A0,A0-M00,4,reflectance,1377.2633333333333,0.06849813727799575,difference of equal-sample representative means; not paired
A0,A0-M00,4,reflectance,1382.7240784313726,0.06966113231394883,difference of equal-sample representative means; not paired
A0,A0-M00,4,reflectance,1388.184823529412,0.07118413239070526,difference of equal-sample representative means; not paired
A0,A0-M00,4,reflectance,1393.6455686274512,0.07322538354361957,difference of equal-sample representative means; not paired
A0,A0-M00,4,reflectance,1399.1063137254903,0.07542216432963783,difference of equal-sample representative means; not paired
A0,A0-M00,4,reflectance,1404.5670588235296,0.07715118638423762,difference of equal-sample representative means; not paired
A0,A0-M00,4,reflectance,1410.0278039215686,0.07870847237191786,difference of equal-sample representative means; not paired
A0,A0-M00,4,reflectance,1415.488549019608,0.07996722589242167,difference of equal-sample representative means; not paired
A0,A0-M00,4,reflectance,1420.9492941176472,0.08061955147214489,difference of equal-sample representative means; not paired
A0,A0-M00,4,reflectance,1426.4100392156865,0.08057951404081087,difference of equal-sample representative means; not paired
A0,A0-M00,4,reflectance,1431.8707843137256,0.08031856656948144,difference of equal-sample representative means; not paired
A0,A0-M00,4,reflectance,1437.3315294117647,0.08014602822927752,difference of equal-sample representative means; not paired
A0,A0-M00,4,reflectance,1442.792274509804,0.08011937925476881,difference of equal-sample representative means; not paired
A0,A0-M00,4,reflectance,1448.2530196078433,0.07986430420010726,difference of equal-sample representative means; not paired
A0,A0-M00,4,reflectance,1453.7137647058826,0.07975377769913533,difference of equal-sample representative means; not paired
A0,A0-M00,4,reflectance,1459.1745098039219,0.07966879468724852,difference of equal-sample representative means; not paired
A0,A0-M00,4,reflectance,1464.635254901961,0.07933345802437142,difference of equal-sample representative means; not paired
A0,A0-M00,4,reflectance,1470.096,0.07891991413326971,difference of equal-sample representative means; not paired
A0,A0-M00,4,reflectance,1475.5567450980393,0.07945009591497976,difference of equal-sample representative means; not paired
A0,A0-M00,4,reflectance,1481.0174901960786,0.07917898863374861,difference of equal-sample representative means; not paired
A0,A0-M00,4,reflectance,1486.478235294118,0.07928160112597427,difference of equal-sample representative means; not paired
A0,A0-M00,4,reflectance,1491.938980392157,0.07934346635645445,difference of equal-sample representative means; not paired
A0,A0-M00,4,reflectance,1497.3997254901963,0.07930225530999735,difference of equal-sample representative means; not paired
A0,A0-M00,4,reflectance,1502.8604705882353,0.07931809554521024,difference of equal-sample representative means; not paired
A0,A0-M00,4,reflectance,1508.3212156862746,0.0795001737789745,difference of equal-sample representative means; not paired
A0,A0-M00,4,reflectance,1513.781960784314,0.07964590243058461,difference of equal-sample representative means; not paired
A0,A0-M00,4,reflectance,1519.2427058823532,0.07939957013321985,difference of equal-sample representative means; not paired
A0,A0-M00,4,reflectance,1524.7034509803923,0.08002703235993952,difference of equal-sample representative means; not paired
A0,A0-M00,4,reflectance,1530.1641960784316,0.07999190794768785,difference of equal-sample representative means; not paired
A0,A0-M00,4,reflectance,1535.6249411764707,0.0799113325435638,difference of equal-sample representative means; not paired
A0,A0-M00,4,reflectance,1541.08568627451,0.080258782249574,difference of equal-sample representative means; not paired
A0,A0-M00,4,reflectance,1546.5464313725493,0.0805287892588642,difference of equal-sample representative means; not paired
A0,A0-M00,4,reflectance,1552.0071764705885,0.07981522158061144,difference of equal-sample representative means; not paired
A0,A0-M00,4,reflectance,1557.4679215686276,0.08037715284562957,difference of equal-sample representative means; not paired
A0,A0-M00,4,reflectance,1562.9286666666667,0.08032330101147556,difference of equal-sample representative means; not paired
A0,A0-M00,4,reflectance,1568.389411764706,0.08053346107968323,difference of equal-sample representative means; not paired
A0,A0-M00,4,reflectance,1573.8501568627453,0.08054144097646454,difference of equal-sample representative means; not paired
A0,A0-M00,4,reflectance,1579.3109019607846,0.08062439656075548,difference of equal-sample representative means; not paired
A0,A0-M00,4,reflectance,1584.7716470588239,0.08071091945066966,difference of equal-sample representative means; not paired
A0,A0-M00,4,reflectance,1590.232392156863,0.0804900937786372,difference of equal-sample representative means; not paired
A0,A0-M00,4,reflectance,1595.693137254902,0.0807050495802929,difference of equal-sample representative means; not paired
A0,A0-M00,4,reflectance,1601.1538823529413,0.08074484895257528,difference of equal-sample representative means; not paired
A0,A0-M00,4,reflectance,1606.6146274509806,0.08088300257535869,difference of equal-sample representative means; not paired
A0,A0-M00,4,reflectance,1612.07537254902,0.08081976117568007,difference of equal-sample representative means; not paired
A0,A0-M00,4,reflectance,1617.536117647059,0.08065702584232487,difference of equal-sample representative means; not paired
A0,A0-M00,4,reflectance,1622.9968627450983,0.08049093623160186,difference of equal-sample representative means; not paired
A0,A0-M00,4,reflectance,1628.4576078431373,0.08029330679475072,difference of equal-sample representative means; not paired
A0,A0-M00,4,reflectance,1633.9183529411766,0.07995356576451834,difference of equal-sample representative means; not paired
A0,A0-M00,4,reflectance,1639.379098039216,0.07950592752161068,difference of equal-sample representative means; not paired
A0,A0-M00,4,reflectance,1644.8398431372552,0.07970374022944776,difference of equal-sample representative means; not paired
A0,A0-M00,4,reflectance,1650.3005882352943,0.07928170693964326,difference of equal-sample representative means; not paired
A0,A0-M00,4,reflectance,1655.7613333333334,0.07854558141190437,difference of equal-sample representative means; not paired
A0,A0-M00,4,reflectance,1661.2220784313727,0.07779435860798445,difference of equal-sample representative means; not paired
A0,A0-M00,4,reflectance,1666.682823529412,0.07729065848984112,difference of equal-sample representative means; not paired
A0,A0-M00,4,reflectance,1672.1435686274513,0.07701501505811703,difference of equal-sample representative means; not paired
A0,A0-M00,4,reflectance,1677.6043137254906,0.07630625426733217,difference of equal-sample representative means; not paired
A0,A0-M00,4,reflectance,1683.0650588235296,0.07606399597263808,difference of equal-sample representative means; not paired
A0,A0-M00,4,reflectance,1688.5258039215687,0.0757963924750154,difference of equal-sample representative means; not paired
A0,A0-M00,4,reflectance,1693.986549019608,0.07542164054400974,difference of equal-sample representative means; not paired
A0,A0-M00,4,reflectance,1699.4472941176473,0.07510009573696247,difference of equal-sample representative means; not paired
A0,A0-M00,4,reflectance,1704.9080392156866,0.07492575172715615,difference of equal-sample representative means; not paired
A0,A0-M00,4,reflectance,1710.3687843137257,0.07485664392262198,difference of equal-sample representative means; not paired
A0,A0-M00,4,reflectance,1715.829529411765,0.07480435331660429,difference of equal-sample representative means; not paired
A0,A0-M00,4,reflectance,1721.290274509804,0.07495644655578304,difference of equal-sample representative means; not paired
A0,A0-M00,4,reflectance,1726.7510196078433,0.07476581362473411,difference of equal-sample representative means; not paired
A0,A0-M00,4,reflectance,1732.2117647058826,0.07447577570009722,difference of equal-sample representative means; not paired
A0,A0-M00,4,reflectance,1737.672509803922,0.07434690338595562,difference of equal-sample representative means; not paired
A0,A0-M00,4,reflectance,1743.133254901961,0.07405158589063615,difference of equal-sample representative means; not paired
A0,A0-M00,4,reflectance,1748.594,0.07365583216380556,difference of equal-sample representative means; not paired
A0,A0-M00,4,reflectance,1754.0547450980393,0.07355089089938316,difference of equal-sample representative means; not paired
A0,A0-M00,4,reflectance,1759.5154901960786,0.07356869010419059,difference of equal-sample representative means; not paired
A0,A0-M00,4,reflectance,1764.976235294118,0.07404807387646761,difference of equal-sample representative means; not paired
A0,A0-M00,4,reflectance,1770.4369803921572,0.07397537726889913,difference of equal-sample representative means; not paired
A0,A0-M00,4,reflectance,1775.8977254901963,0.07391051235624241,difference of equal-sample representative means; not paired
A0,A0-M00,4,reflectance,1781.3584705882354,0.07385735076306194,difference of equal-sample representative means; not paired
A0,A0-M00,4,reflectance,1786.8192156862747,0.073788109627892,difference of equal-sample representative means; not paired
A0,A0-M00,4,reflectance,1792.279960784314,0.07366456690559631,difference of equal-sample representative means; not paired
A0,A0-M00,4,reflectance,1797.7407058823533,0.07339916897481047,difference of equal-sample representative means; not paired
A0,A0-M00,4,reflectance,1803.2014509803923,0.07291691135678141,difference of equal-sample representative means; not paired
A0,A0-M00,4,reflectance,1808.6621960784316,0.07363517867900393,difference of equal-sample representative means; not paired
A0,A0-M00,4,reflectance,1814.1229411764707,0.07351978433598055,difference of equal-sample representative means; not paired
A0,A0-M00,4,reflectance,1819.58368627451,0.07346717888470228,difference of equal-sample representative means; not paired
A0,A0-M00,4,reflectance,1825.0444313725493,0.07341174858015526,difference of equal-sample representative means; not paired
A0,A0-M00,4,reflectance,1830.5051764705886,0.07326936230203307,difference of equal-sample representative means; not paired
A0,A0-M00,4,reflectance,1835.9659215686277,0.07317066200390004,difference of equal-sample representative means; not paired
A0,A0-M00,4,reflectance,1841.4266666666667,0.07332539053260556,difference of equal-sample representative means; not paired
A0,A0-M00,4,reflectance,1846.887411764706,0.0755922899563769,difference of equal-sample representative means; not paired
A0,A0-M00,4,reflectance,1852.3481568627453,0.07392590859110593,difference of equal-sample representative means; not paired
A0,A0-M00,4,reflectance,1857.8089019607846,0.07367309926878185,difference of equal-sample representative means; not paired
A0,A0-M00,4,reflectance,1863.269647058824,0.0738281754149237,difference of equal-sample representative means; not paired
A0,A0-M00,4,reflectance,1868.730392156863,0.07369194707681004,difference of equal-sample representative means; not paired
A0,A0-M00,4,reflectance,1874.191137254902,0.07347368405906068,difference of equal-sample representative means; not paired
A0,A0-M00,4,reflectance,1879.6518823529414,0.07360352256089797,difference of equal-sample representative means; not paired
A0,A0-M00,4,reflectance,1885.1126274509807,0.07359773685147819,difference of equal-sample representative means; not paired
A0,A0-M00,4,reflectance,1890.57337254902,0.07244603909028002,difference of equal-sample representative means; not paired
A0,A0-M00,4,reflectance,1896.034117647059,0.07013385643589498,difference of equal-sample representative means; not paired
A0,A0-M00,4,reflectance,1901.4948627450983,0.06753684570157353,difference of equal-sample representative means; not paired
A0,A0-M00,4,reflectance,1906.9556078431374,0.06458452535872305,difference of equal-sample representative means; not paired
A0,A0-M00,4,reflectance,1912.4163529411767,0.06181513351630369,difference of equal-sample representative means; not paired
A0,A0-M00,4,reflectance,1917.877098039216,0.05972283395602668,difference of equal-sample representative means; not paired
A0,A0-M00,4,reflectance,1923.3378431372553,0.057857662999584114,difference of equal-sample representative means; not paired
A0,A0-M00,4,reflectance,1928.7985882352943,0.056680609968532,difference of equal-sample representative means; not paired
A0,A0-M00,4,reflectance,1934.2593333333336,0.055770762404594415,difference of equal-sample representative means; not paired
A0,A0-M00,4,reflectance,1939.7200784313727,0.055572471123761874,difference of equal-sample representative means; not paired
A0,A0-M00,4,reflectance,1945.180823529412,0.055737110458699585,difference of equal-sample representative means; not paired
A0,A0-M00,4,reflectance,1950.6415686274513,0.05605330866450531,difference of equal-sample representative means; not paired
A0,A0-M00,4,reflectance,1956.1023137254906,0.05654848807808255,difference of equal-sample representative means; not paired
A0,A0-M00,4,reflectance,1961.5630588235294,0.057196695259937536,difference of equal-sample representative means; not paired
A0,A0-M00,4,reflectance,1967.0238039215687,0.057517981421778164,difference of equal-sample representative means; not paired
A0,A0-M00,4,reflectance,1972.484549019608,0.058055738084431485,difference of equal-sample representative means; not paired
A0,A0-M00,4,reflectance,1977.9452941176473,0.0585444115615158,difference of equal-sample representative means; not paired
A0,A0-M00,4,reflectance,1983.4060392156866,0.05891504375091089,difference of equal-sample representative means; not paired
A0,A0-M00,4,reflectance,1988.866784313726,0.05897501084896012,difference of equal-sample representative means; not paired
A0,A0-M00,4,reflectance,1994.3275294117648,0.05894379695106039,difference of equal-sample representative means; not paired
A0,A0-M00,4,reflectance,1999.788274509804,0.05887303137060379,difference of equal-sample representative means; not paired
A0,A0-M00,4,reflectance,2005.2490196078434,0.0584625345128062,difference of equal-sample representative means; not paired
A0,A0-M00,4,reflectance,2010.7097647058827,0.058171142941340404,difference of equal-sample representative means; not paired
A0,A0-M00,4,reflectance,2016.170509803922,0.05806877051801396,difference of equal-sample representative means; not paired
A0,A0-M00,4,reflectance,2021.6312549019613,0.057292891059252504,difference of equal-sample representative means; not paired
A0,A0-M00,4,reflectance,2027.092,0.0566720567699317,difference of equal-sample representative means; not paired
A0,A0-M00,4,reflectance,2032.5527450980394,0.05588523479894186,difference of equal-sample representative means; not paired
A0,A0-M00,4,reflectance,2038.0134901960787,0.05497555754494776,difference of equal-sample representative means; not paired
A0,A0-M00,4,reflectance,2043.474235294118,0.054190536904314246,difference of equal-sample representative means; not paired
A0,A0-M00,4,reflectance,2048.9349803921573,0.05322114323872318,difference of equal-sample representative means; not paired
A0,A0-M00,4,reflectance,2054.3957254901966,0.051819293315055914,difference of equal-sample representative means; not paired
A0,A0-M00,4,reflectance,2059.8564705882354,0.05135799645790512,difference of equal-sample representative means; not paired
A0,A0-M00,4,reflectance,2065.3172156862747,0.05028319948193544,difference of equal-sample representative means; not paired
A0,A0-M00,4,reflectance,2070.777960784314,0.049337168246998464,difference of equal-sample representative means; not paired
A0,A0-M00,4,reflectance,2076.2387058823533,0.04856552942485032,difference of equal-sample representative means; not paired
A0,A0-M00,4,reflectance,2081.6994509803926,0.047923258397488455,difference of equal-sample representative means; not paired
A0,A0-M00,4,reflectance,2087.1601960784315,0.047382386090359885,difference of equal-sample representative means; not paired
A0,A0-M00,4,reflectance,2092.6209411764708,0.04643065870951435,difference of equal-sample representative means; not paired
A0,A0-M00,4,reflectance,2098.08168627451,0.04658063525300671,difference of equal-sample representative means; not paired
A0,A0-M00,4,reflectance,2103.5424313725493,0.04694672743713968,difference of equal-sample representative means; not paired
A0,A0-M00,4,reflectance,2109.0031764705886,0.046738725794967906,difference of equal-sample representative means; not paired
A0,A0-M00,4,reflectance,2114.463921568628,0.04660027267142253,difference of equal-sample representative means; not paired
A0,A0-M00,4,reflectance,2119.924666666667,0.04664796429439716,difference of equal-sample representative means; not paired
A0,A0-M00,4,reflectance,2125.385411764706,0.04676584680663198,difference of equal-sample representative means; not paired
A0,A0-M00,4,reflectance,2130.8461568627454,0.04706727430223895,difference of equal-sample representative means; not paired
A0,A0-M00,4,reflectance,2136.3069019607847,0.04763056943462313,difference of equal-sample representative means; not paired
A0,A0-M00,4,reflectance,2141.767647058824,0.048683888927193664,difference of equal-sample representative means; not paired
A0,A0-M00,4,reflectance,2147.2283921568633,0.0484343737678638,difference of equal-sample representative means; not paired
A0,A0-M00,4,reflectance,2152.689137254902,0.04810541353765124,difference of equal-sample representative means; not paired
A0,A0-M00,4,reflectance,2158.1498823529414,0.048577469202571,difference of equal-sample representative means; not paired
A0,A0-M00,4,reflectance,2163.6106274509807,0.048968703000307146,difference of equal-sample representative means; not paired
A0,A0-M00,4,reflectance,2169.07137254902,0.04880920208203737,difference of equal-sample representative means; not paired
A0,A0-M00,4,reflectance,2174.5321176470593,0.04969177796550944,difference of equal-sample representative means; not paired
A0,A0-M00,4,reflectance,2179.992862745098,0.04930070380740148,difference of equal-sample representative means; not paired
A0,A0-M00,4,reflectance,2185.4536078431374,0.04976285349739212,difference of equal-sample representative means; not paired
A0,A0-M00,4,reflectance,2190.9143529411767,0.05031131379920123,difference of equal-sample representative means; not paired
A0,A0-M00,4,reflectance,2196.375098039216,0.05019899162405428,difference of equal-sample representative means; not paired
A0,A0-M00,4,reflectance,2201.8358431372553,0.0502188561705349,difference of equal-sample representative means; not paired
A0,A0-M00,4,reflectance,2207.2965882352946,0.0504353121387775,difference of equal-sample representative means; not paired
A0,A0-M00,4,reflectance,2212.7573333333335,0.05022252527897614,difference of equal-sample representative means; not paired
A0,A0-M00,4,reflectance,2218.2180784313728,0.04999102313017101,difference of equal-sample representative means; not paired
A0,A0-M00,4,reflectance,2223.678823529412,0.050124867038135734,difference of equal-sample representative means; not paired
A0,A0-M00,4,reflectance,2229.1395686274514,0.04950274532902588,difference of equal-sample representative means; not paired
A0,A0-M00,4,reflectance,2234.6003137254907,0.04885506951157287,difference of equal-sample representative means; not paired
A0,A0-M00,4,reflectance,2240.06105882353,0.04847426024693574,difference of equal-sample representative means; not paired
A0,A0-M00,4,reflectance,2245.521803921569,0.04761317065282866,difference of equal-sample representative means; not paired
A0,A0-M00,4,reflectance,2250.982549019608,0.045966819295694517,difference of equal-sample representative means; not paired
A0,A0-M00,4,reflectance,2256.4432941176474,0.04386088468895766,difference of equal-sample representative means; not paired
A0,A0-M00,4,reflectance,2261.9040392156867,0.0405839422028747,difference of equal-sample representative means; not paired
A0,A0-M00,4,reflectance,2267.364784313726,0.03815318754996705,difference of equal-sample representative means; not paired
A0,A0-M00,4,reflectance,2272.825529411765,0.03603861490941096,difference of equal-sample representative means; not paired
A0,A0-M00,4,reflectance,2278.286274509804,0.03352970121224466,difference of equal-sample representative means; not paired
A0,A0-M00,4,reflectance,2283.7470196078434,0.03136468198094011,difference of equal-sample representative means; not paired
A0,A0-M00,4,reflectance,2289.2077647058827,0.02912604886615347,difference of equal-sample representative means; not paired
A0,A0-M00,4,reflectance,2294.668509803922,0.026714490616082637,difference of equal-sample representative means; not paired
A0,A0-M00,4,reflectance,2300.1292549019613,0.0250663268324893,difference of equal-sample representative means; not paired
A0,A0-M00,4,reflectance,2305.59,0.02294793150218885,difference of equal-sample representative means; not paired
A0,A0-M00,4,snv,913.1,-0.6426233220851875,difference of equal-sample representative means; not paired
A0,A0-M00,4,snv,918.5607450980392,-0.36469557050505297,difference of equal-sample representative means; not paired
A0,A0-M00,4,snv,924.0214901960785,-0.18068523184295035,difference of equal-sample representative means; not paired
A0,A0-M00,4,snv,929.4822352941177,-0.024467629548328658,difference of equal-sample representative means; not paired
A0,A0-M00,4,snv,934.9429803921569,0.09326620776384609,difference of equal-sample representative means; not paired
A0,A0-M00,4,snv,940.4037254901962,0.15756264267822107,difference of equal-sample representative means; not paired
A0,A0-M00,4,snv,945.8644705882353,0.1810543034144377,difference of equal-sample representative means; not paired
A0,A0-M00,4,snv,951.3252156862745,0.19866947305787935,difference of equal-sample representative means; not paired
A0,A0-M00,4,snv,956.7859607843137,0.20285012933153077,difference of equal-sample representative means; not paired
A0,A0-M00,4,snv,962.246705882353,0.20734797591623383,difference of equal-sample representative means; not paired
A0,A0-M00,4,snv,967.7074509803922,0.20927071525781527,difference of equal-sample representative means; not paired
A0,A0-M00,4,snv,973.1681960784314,0.20206712458370238,difference of equal-sample representative means; not paired
A0,A0-M00,4,snv,978.6289411764706,0.1877944613289257,difference of equal-sample representative means; not paired
A0,A0-M00,4,snv,984.0896862745099,0.17261430590341315,difference of equal-sample representative means; not paired
A0,A0-M00,4,snv,989.550431372549,0.1589094220032265,difference of equal-sample representative means; not paired
A0,A0-M00,4,snv,995.0111764705882,0.15485771113833263,difference of equal-sample representative means; not paired
A0,A0-M00,4,snv,1000.4719215686275,0.13688807773256573,difference of equal-sample representative means; not paired
A0,A0-M00,4,snv,1005.9326666666667,0.1216231732498117,difference of equal-sample representative means; not paired
A0,A0-M00,4,snv,1011.3934117647059,0.10587012824187014,difference of equal-sample representative means; not paired
A0,A0-M00,4,snv,1016.8541568627452,0.0906973456464254,difference of equal-sample representative means; not paired
A0,A0-M00,4,snv,1022.3149019607844,0.07627066028484786,difference of equal-sample representative means; not paired
A0,A0-M00,4,snv,1027.7756470588236,0.059303248566070166,difference of equal-sample representative means; not paired
A0,A0-M00,4,snv,1033.2363921568628,0.04777316199402826,difference of equal-sample representative means; not paired
A0,A0-M00,4,snv,1038.697137254902,0.03321480197968496,difference of equal-sample representative means; not paired
A0,A0-M00,4,snv,1044.1578823529412,0.02074298335689473,difference of equal-sample representative means; not paired
A0,A0-M00,4,snv,1049.6186274509805,0.01318496728944929,difference of equal-sample representative means; not paired
A0,A0-M00,4,snv,1055.0793725490196,0.0014875837468490971,difference of equal-sample representative means; not paired
A0,A0-M00,4,snv,1060.5401176470589,-0.016008706741421075,difference of equal-sample representative means; not paired
A0,A0-M00,4,snv,1066.0008627450982,-0.031202624300671555,difference of equal-sample representative means; not paired
A0,A0-M00,4,snv,1071.4616078431372,-0.0445820868804494,difference of equal-sample representative means; not paired
A0,A0-M00,4,snv,1076.9223529411765,-0.05422571675585941,difference of equal-sample representative means; not paired
A0,A0-M00,4,snv,1082.3830980392158,-0.061955902434232324,difference of equal-sample representative means; not paired
A0,A0-M00,4,snv,1087.843843137255,-0.07162857362365505,difference of equal-sample representative means; not paired
A0,A0-M00,4,snv,1093.3045882352942,-0.07826507361406287,difference of equal-sample representative means; not paired
A0,A0-M00,4,snv,1098.7653333333333,-0.0848257871279281,difference of equal-sample representative means; not paired
A0,A0-M00,4,snv,1104.2260784313726,-0.09661792326815699,difference of equal-sample representative means; not paired
A0,A0-M00,4,snv,1109.6868235294119,-0.10677254265872049,difference of equal-sample representative means; not paired
A0,A0-M00,4,snv,1115.1475686274512,-0.10591248746005766,difference of equal-sample representative means; not paired
A0,A0-M00,4,snv,1120.6083137254902,-0.11218102306201327,difference of equal-sample representative means; not paired
A0,A0-M00,4,snv,1126.0690588235295,-0.11211355156422798,difference of equal-sample representative means; not paired
A0,A0-M00,4,snv,1131.5298039215686,-0.10991921203983979,difference of equal-sample representative means; not paired
A0,A0-M00,4,snv,1136.990549019608,-0.10777406881863416,difference of equal-sample representative means; not paired
A0,A0-M00,4,snv,1142.4512941176472,-0.10500581522377184,difference of equal-sample representative means; not paired
A0,A0-M00,4,snv,1147.9120392156863,-0.1009752146517453,difference of equal-sample representative means; not paired
A0,A0-M00,4,snv,1153.3727843137256,-0.09617489424123282,difference of equal-sample representative means; not paired
A0,A0-M00,4,snv,1158.8335294117649,-0.08702030850992148,difference of equal-sample representative means; not paired
A0,A0-M00,4,snv,1164.294274509804,-0.08055248834777906,difference of equal-sample representative means; not paired
A0,A0-M00,4,snv,1169.7550196078432,-0.07760444801524358,difference of equal-sample representative means; not paired
A0,A0-M00,4,snv,1175.2157647058825,-0.07396236889172969,difference of equal-sample representative means; not paired
A0,A0-M00,4,snv,1180.6765098039216,-0.06869152874011131,difference of equal-sample representative means; not paired
A0,A0-M00,4,snv,1186.137254901961,-0.06532936463491623,difference of equal-sample representative means; not paired
A0,A0-M00,4,snv,1191.598,-0.06323258339556315,difference of equal-sample representative means; not paired
A0,A0-M00,4,snv,1197.0587450980393,-0.05668838642022611,difference of equal-sample representative means; not paired
A0,A0-M00,4,snv,1202.5194901960786,-0.0549918511261529,difference of equal-sample representative means; not paired
A0,A0-M00,4,snv,1207.9802352941178,-0.05617491041696909,difference of equal-sample representative means; not paired
A0,A0-M00,4,snv,1213.440980392157,-0.0557419639203971,difference of equal-sample representative means; not paired
A0,A0-M00,4,snv,1218.9017254901962,-0.05445909121670223,difference of equal-sample representative means; not paired
A0,A0-M00,4,snv,1224.3624705882353,-0.05621127743021925,difference of equal-sample representative means; not paired
A0,A0-M00,4,snv,1229.8232156862746,-0.06096307851870941,difference of equal-sample representative means; not paired
A0,A0-M00,4,snv,1235.2839607843139,-0.0645896190524291,difference of equal-sample representative means; not paired
A0,A0-M00,4,snv,1240.7447058823532,-0.07039484376167082,difference of equal-sample representative means; not paired
A0,A0-M00,4,snv,1246.2054509803922,-0.0750932221010141,difference of equal-sample representative means; not paired
A0,A0-M00,4,snv,1251.6661960784315,-0.07825143151072322,difference of equal-sample representative means; not paired
A0,A0-M00,4,snv,1257.1269411764706,-0.07961911554683354,difference of equal-sample representative means; not paired
A0,A0-M00,4,snv,1262.58768627451,-0.08240518268578922,difference of equal-sample representative means; not paired
A0,A0-M00,4,snv,1268.0484313725492,-0.09081639826476584,difference of equal-sample representative means; not paired
A0,A0-M00,4,snv,1273.5091764705883,-0.08789616675817302,difference of equal-sample representative means; not paired
A0,A0-M00,4,snv,1278.9699215686276,-0.0886088971102279,difference of equal-sample representative means; not paired
A0,A0-M00,4,snv,1284.4306666666666,-0.09146812260011083,difference of equal-sample representative means; not paired
A0,A0-M00,4,snv,1289.891411764706,-0.09579969690972767,difference of equal-sample representative means; not paired
A0,A0-M00,4,snv,1295.3521568627452,-0.09895541738455171,difference of equal-sample representative means; not paired
A0,A0-M00,4,snv,1300.8129019607845,-0.10013550769917812,difference of equal-sample representative means; not paired
A0,A0-M00,4,snv,1306.2736470588236,-0.10027825033135773,difference of equal-sample representative means; not paired
A0,A0-M00,4,snv,1311.734392156863,-0.09769747453349287,difference of equal-sample representative means; not paired
A0,A0-M00,4,snv,1317.195137254902,-0.09270988864510565,difference of equal-sample representative means; not paired
A0,A0-M00,4,snv,1322.6558823529413,-0.08255216759595929,difference of equal-sample representative means; not paired
A0,A0-M00,4,snv,1328.1166274509806,-0.07210266737947557,difference of equal-sample representative means; not paired
A0,A0-M00,4,snv,1333.5773725490199,-0.057961584772680874,difference of equal-sample representative means; not paired
A0,A0-M00,4,snv,1339.038117647059,-0.042030751098468544,difference of equal-sample representative means; not paired
A0,A0-M00,4,snv,1344.4988627450982,-0.024833876355307538,difference of equal-sample representative means; not paired
A0,A0-M00,4,snv,1349.9596078431373,0.0012968126684900216,difference of equal-sample representative means; not paired
A0,A0-M00,4,snv,1355.4203529411766,0.012708591104847011,difference of equal-sample representative means; not paired
A0,A0-M00,4,snv,1360.8810980392159,0.03054371193426797,difference of equal-sample representative means; not paired
A0,A0-M00,4,snv,1366.341843137255,0.045541084275710686,difference of equal-sample representative means; not paired
A0,A0-M00,4,snv,1371.8025882352943,0.05968238200034648,difference of equal-sample representative means; not paired
A0,A0-M00,4,snv,1377.2633333333333,0.07367272148327864,difference of equal-sample representative means; not paired
A0,A0-M00,4,snv,1382.7240784313726,0.08803357008943968,difference of equal-sample representative means; not paired
A0,A0-M00,4,snv,1388.184823529412,0.10562862678502227,difference of equal-sample representative means; not paired
A0,A0-M00,4,snv,1393.6455686274512,0.13342001305102336,difference of equal-sample representative means; not paired
A0,A0-M00,4,snv,1399.1063137254903,0.1612217408089962,difference of equal-sample representative means; not paired
A0,A0-M00,4,snv,1404.5670588235296,0.18252673963114596,difference of equal-sample representative means; not paired
A0,A0-M00,4,snv,1410.0278039215686,0.20458506013690914,difference of equal-sample representative means; not paired
A0,A0-M00,4,snv,1415.488549019608,0.22489800800934814,difference of equal-sample representative means; not paired
A0,A0-M00,4,snv,1420.9492941176472,0.2354605933798908,difference of equal-sample representative means; not paired
A0,A0-M00,4,snv,1426.4100392156865,0.2334057766458013,difference of equal-sample representative means; not paired
A0,A0-M00,4,snv,1431.8707843137256,0.230761900566691,difference of equal-sample representative means; not paired
A0,A0-M00,4,snv,1437.3315294117647,0.22984375281752473,difference of equal-sample representative means; not paired
A0,A0-M00,4,snv,1442.792274509804,0.22950055134413036,difference of equal-sample representative means; not paired
A0,A0-M00,4,snv,1448.2530196078433,0.22619695503909112,difference of equal-sample representative means; not paired
A0,A0-M00,4,snv,1453.7137647058826,0.22520869441106056,difference of equal-sample representative means; not paired
A0,A0-M00,4,snv,1459.1745098039219,0.22350816524996783,difference of equal-sample representative means; not paired
A0,A0-M00,4,snv,1464.635254901961,0.2160150261690335,difference of equal-sample representative means; not paired
A0,A0-M00,4,snv,1470.096,0.20675615980438466,difference of equal-sample representative means; not paired
A0,A0-M00,4,snv,1475.5567450980393,0.21959396275268617,difference of equal-sample representative means; not paired
A0,A0-M00,4,snv,1481.0174901960786,0.21886410527736816,difference of equal-sample representative means; not paired
A0,A0-M00,4,snv,1486.478235294118,0.21918863777292802,difference of equal-sample representative means; not paired
A0,A0-M00,4,snv,1491.938980392157,0.21844946625437545,difference of equal-sample representative means; not paired
A0,A0-M00,4,snv,1497.3997254901963,0.21603192110700728,difference of equal-sample representative means; not paired
A0,A0-M00,4,snv,1502.8604705882353,0.2145928032131829,difference of equal-sample representative means; not paired
A0,A0-M00,4,snv,1508.3212156862746,0.2159780103370874,difference of equal-sample representative means; not paired
A0,A0-M00,4,snv,1513.781960784314,0.2144738354632054,difference of equal-sample representative means; not paired
A0,A0-M00,4,snv,1519.2427058823532,0.2112671847759198,difference of equal-sample representative means; not paired
A0,A0-M00,4,snv,1524.7034509803923,0.21656895193595072,difference of equal-sample representative means; not paired
A0,A0-M00,4,snv,1530.1641960784316,0.21393056036315086,difference of equal-sample representative means; not paired
A0,A0-M00,4,snv,1535.6249411764707,0.21124360304989948,difference of equal-sample representative means; not paired
A0,A0-M00,4,snv,1541.08568627451,0.2151049618983239,difference of equal-sample representative means; not paired
A0,A0-M00,4,snv,1546.5464313725493,0.21634940013085763,difference of equal-sample representative means; not paired
A0,A0-M00,4,snv,1552.0071764705885,0.19901027886715436,difference of equal-sample representative means; not paired
A0,A0-M00,4,snv,1557.4679215686276,0.21119138404349244,difference of equal-sample representative means; not paired
A0,A0-M00,4,snv,1562.9286666666667,0.20871811723875527,difference of equal-sample representative means; not paired
A0,A0-M00,4,snv,1568.389411764706,0.21016641843648115,difference of equal-sample representative means; not paired
A0,A0-M00,4,snv,1573.8501568627453,0.20812087244174865,difference of equal-sample representative means; not paired
A0,A0-M00,4,snv,1579.3109019607846,0.2075568586381456,difference of equal-sample representative means; not paired
A0,A0-M00,4,snv,1584.7716470588239,0.20790503173191538,difference of equal-sample representative means; not paired
A0,A0-M00,4,snv,1590.232392156863,0.20408169975185386,difference of equal-sample representative means; not paired
A0,A0-M00,4,snv,1595.693137254902,0.20673030080234817,difference of equal-sample representative means; not paired
A0,A0-M00,4,snv,1601.1538823529413,0.2050361849879887,difference of equal-sample representative means; not paired
A0,A0-M00,4,snv,1606.6146274509806,0.20524903650789347,difference of equal-sample representative means; not paired
A0,A0-M00,4,snv,1612.07537254902,0.20232506056129176,difference of equal-sample representative means; not paired
A0,A0-M00,4,snv,1617.536117647059,0.19845719740796852,difference of equal-sample representative means; not paired
A0,A0-M00,4,snv,1622.9968627450983,0.19443273373030673,difference of equal-sample representative means; not paired
A0,A0-M00,4,snv,1628.4576078431373,0.18983284229107678,difference of equal-sample representative means; not paired
A0,A0-M00,4,snv,1633.9183529411766,0.18481316171024414,difference of equal-sample representative means; not paired
A0,A0-M00,4,snv,1639.379098039216,0.17716997351875316,difference of equal-sample representative means; not paired
A0,A0-M00,4,snv,1644.8398431372552,0.17811198997716382,difference of equal-sample representative means; not paired
A0,A0-M00,4,snv,1650.3005882352943,0.17274433967746014,difference of equal-sample representative means; not paired
A0,A0-M00,4,snv,1655.7613333333334,0.1629240112219792,difference of equal-sample representative means; not paired
A0,A0-M00,4,snv,1661.2220784313727,0.1497795040071934,difference of equal-sample representative means; not paired
A0,A0-M00,4,snv,1666.682823529412,0.14026070378525324,difference of equal-sample representative means; not paired
A0,A0-M00,4,snv,1672.1435686274513,0.13910980933692163,difference of equal-sample representative means; not paired
A0,A0-M00,4,snv,1677.6043137254906,0.1304223557261514,difference of equal-sample representative means; not paired
A0,A0-M00,4,snv,1683.0650588235296,0.12850598011536546,difference of equal-sample representative means; not paired
A0,A0-M00,4,snv,1688.5258039215687,0.12504844967390877,difference of equal-sample representative means; not paired
A0,A0-M00,4,snv,1693.986549019608,0.121277337174804,difference of equal-sample representative means; not paired
A0,A0-M00,4,snv,1699.4472941176473,0.11723175546659052,difference of equal-sample representative means; not paired
A0,A0-M00,4,snv,1704.9080392156866,0.11469991302564145,difference of equal-sample representative means; not paired
A0,A0-M00,4,snv,1710.3687843137257,0.11429203251514526,difference of equal-sample representative means; not paired
A0,A0-M00,4,snv,1715.829529411765,0.11376058728275111,difference of equal-sample representative means; not paired
A0,A0-M00,4,snv,1721.290274509804,0.11502203544046313,difference of equal-sample representative means; not paired
A0,A0-M00,4,snv,1726.7510196078433,0.11456811002173806,difference of equal-sample representative means; not paired
A0,A0-M00,4,snv,1732.2117647058826,0.1095755244311108,difference of equal-sample representative means; not paired
A0,A0-M00,4,snv,1737.672509803922,0.10728723944917662,difference of equal-sample representative means; not paired
A0,A0-M00,4,snv,1743.133254901961,0.10383601839361087,difference of equal-sample representative means; not paired
A0,A0-M00,4,snv,1748.594,0.09955940273226448,difference of equal-sample representative means; not paired
A0,A0-M00,4,snv,1754.0547450980393,0.09858200908137502,difference of equal-sample representative means; not paired
A0,A0-M00,4,snv,1759.5154901960786,0.0961795717591282,difference of equal-sample representative means; not paired
A0,A0-M00,4,snv,1764.976235294118,0.10234476737078091,difference of equal-sample representative means; not paired
A0,A0-M00,4,snv,1770.4369803921572,0.10277785230114582,difference of equal-sample representative means; not paired
A0,A0-M00,4,snv,1775.8977254901963,0.10100981522974106,difference of equal-sample representative means; not paired
A0,A0-M00,4,snv,1781.3584705882354,0.09869980686447336,difference of equal-sample representative means; not paired
A0,A0-M00,4,snv,1786.8192156862747,0.09682514937849751,difference of equal-sample representative means; not paired
A0,A0-M00,4,snv,1792.279960784314,0.09482377976774835,difference of equal-sample representative means; not paired
A0,A0-M00,4,snv,1797.7407058823533,0.09018910109905207,difference of equal-sample representative means; not paired
A0,A0-M00,4,snv,1803.2014509803923,0.07946530273083954,difference of equal-sample representative means; not paired
A0,A0-M00,4,snv,1808.6621960784316,0.0880757830335907,difference of equal-sample representative means; not paired
A0,A0-M00,4,snv,1814.1229411764707,0.08386995647568678,difference of equal-sample representative means; not paired
A0,A0-M00,4,snv,1819.58368627451,0.0827265236264229,difference of equal-sample representative means; not paired
A0,A0-M00,4,snv,1825.0444313725493,0.07943245825344701,difference of equal-sample representative means; not paired
A0,A0-M00,4,snv,1830.5051764705886,0.07301061555366302,difference of equal-sample representative means; not paired
A0,A0-M00,4,snv,1835.9659215686277,0.06832522196614685,difference of equal-sample representative means; not paired
A0,A0-M00,4,snv,1841.4266666666667,0.06516955900407825,difference of equal-sample representative means; not paired
A0,A0-M00,4,snv,1846.887411764706,0.08590089593468428,difference of equal-sample representative means; not paired
A0,A0-M00,4,snv,1852.3481568627453,0.06824041703306657,difference of equal-sample representative means; not paired
A0,A0-M00,4,snv,1857.8089019607846,0.0652446011778717,difference of equal-sample representative means; not paired
A0,A0-M00,4,snv,1863.269647058824,0.06685171699587805,difference of equal-sample representative means; not paired
A0,A0-M00,4,snv,1868.730392156863,0.06563202692754261,difference of equal-sample representative means; not paired
A0,A0-M00,4,snv,1874.191137254902,0.062191100114860245,difference of equal-sample representative means; not paired
A0,A0-M00,4,snv,1879.6518823529414,0.06243449533044527,difference of equal-sample representative means; not paired
A0,A0-M00,4,snv,1885.1126274509807,0.07563715064416063,difference of equal-sample representative means; not paired
A0,A0-M00,4,snv,1890.57337254902,0.07334552372054914,difference of equal-sample representative means; not paired
A0,A0-M00,4,snv,1896.034117647059,0.061017498385313174,difference of equal-sample representative means; not paired
A0,A0-M00,4,snv,1901.4948627450983,0.05121518527974522,difference of equal-sample representative means; not paired
A0,A0-M00,4,snv,1906.9556078431374,0.04053021202104856,difference of equal-sample representative means; not paired
A0,A0-M00,4,snv,1912.4163529411767,0.030406564449095397,difference of equal-sample representative means; not paired
A0,A0-M00,4,snv,1917.877098039216,0.022626938881093572,difference of equal-sample representative means; not paired
A0,A0-M00,4,snv,1923.3378431372553,0.011135537776510107,difference of equal-sample representative means; not paired
A0,A0-M00,4,snv,1928.7985882352943,0.002390581101916478,difference of equal-sample representative means; not paired
A0,A0-M00,4,snv,1934.2593333333336,-0.002540079245522575,difference of equal-sample representative means; not paired
A0,A0-M00,4,snv,1939.7200784313727,-0.007129297251773359,difference of equal-sample representative means; not paired
A0,A0-M00,4,snv,1945.180823529412,-0.009489962479630965,difference of equal-sample representative means; not paired
A0,A0-M00,4,snv,1950.6415686274513,-0.00945967882899379,difference of equal-sample representative means; not paired
A0,A0-M00,4,snv,1956.1023137254906,-0.008316750541798257,difference of equal-sample representative means; not paired
A0,A0-M00,4,snv,1961.5630588235294,-0.008912312190221927,difference of equal-sample representative means; not paired
A0,A0-M00,4,snv,1967.0238039215687,-0.015313097387891439,difference of equal-sample representative means; not paired
A0,A0-M00,4,snv,1972.484549019608,-0.016740165828435627,difference of equal-sample representative means; not paired
A0,A0-M00,4,snv,1977.9452941176473,-0.01804024683457639,difference of equal-sample representative means; not paired
A0,A0-M00,4,snv,1983.4060392156866,-0.021784831604499955,difference of equal-sample representative means; not paired
A0,A0-M00,4,snv,1988.866784313726,-0.029630411059229145,difference of equal-sample representative means; not paired
A0,A0-M00,4,snv,1994.3275294117648,-0.03892197960929966,difference of equal-sample representative means; not paired
A0,A0-M00,4,snv,1999.788274509804,-0.0490168324777307,difference of equal-sample representative means; not paired
A0,A0-M00,4,snv,2005.2490196078434,-0.06292275960334281,difference of equal-sample representative means; not paired
A0,A0-M00,4,snv,2010.7097647058827,-0.07523957400697379,difference of equal-sample representative means; not paired
A0,A0-M00,4,snv,2016.170509803922,-0.0812721454578883,difference of equal-sample representative means; not paired
A0,A0-M00,4,snv,2021.6312549019613,-0.09583704786016334,difference of equal-sample representative means; not paired
A0,A0-M00,4,snv,2027.092,-0.1072023738843163,difference of equal-sample representative means; not paired
A0,A0-M00,4,snv,2032.5527450980394,-0.1191482229217351,difference of equal-sample representative means; not paired
A0,A0-M00,4,snv,2038.0134901960787,-0.13215485375955804,difference of equal-sample representative means; not paired
A0,A0-M00,4,snv,2043.474235294118,-0.1434064070544886,difference of equal-sample representative means; not paired
A0,A0-M00,4,snv,2048.9349803921573,-0.15517281086688273,difference of equal-sample representative means; not paired
A0,A0-M00,4,snv,2054.3957254901966,-0.17401954233991423,difference of equal-sample representative means; not paired
A0,A0-M00,4,snv,2059.8564705882354,-0.17576958247418906,difference of equal-sample representative means; not paired
A0,A0-M00,4,snv,2065.3172156862747,-0.18909179373850193,difference of equal-sample representative means; not paired
A0,A0-M00,4,snv,2070.777960784314,-0.2028712490731348,difference of equal-sample representative means; not paired
A0,A0-M00,4,snv,2076.2387058823533,-0.2121595965584897,difference of equal-sample representative means; not paired
A0,A0-M00,4,snv,2081.6994509803926,-0.21942188672338747,difference of equal-sample representative means; not paired
A0,A0-M00,4,snv,2087.1601960784315,-0.2295159226083643,difference of equal-sample representative means; not paired
A0,A0-M00,4,snv,2092.6209411764708,-0.2426436630451183,difference of equal-sample representative means; not paired
A0,A0-M00,4,snv,2098.08168627451,-0.242921260280071,difference of equal-sample representative means; not paired
A0,A0-M00,4,snv,2103.5424313725493,-0.2360928291750053,difference of equal-sample representative means; not paired
A0,A0-M00,4,snv,2109.0031764705886,-0.24230755820204708,difference of equal-sample representative means; not paired
A0,A0-M00,4,snv,2114.463921568628,-0.24786830639863489,difference of equal-sample representative means; not paired
A0,A0-M00,4,snv,2119.924666666667,-0.24874225046946252,difference of equal-sample representative means; not paired
A0,A0-M00,4,snv,2125.385411764706,-0.24887350255692642,difference of equal-sample representative means; not paired
A0,A0-M00,4,snv,2130.8461568627454,-0.24991855204437852,difference of equal-sample representative means; not paired
A0,A0-M00,4,snv,2136.3069019607847,-0.24660032942921406,difference of equal-sample representative means; not paired
A0,A0-M00,4,snv,2141.767647058824,-0.23849736295480883,difference of equal-sample representative means; not paired
A0,A0-M00,4,snv,2147.2283921568633,-0.23893450367640012,difference of equal-sample representative means; not paired
A0,A0-M00,4,snv,2152.689137254902,-0.24193176327877564,difference of equal-sample representative means; not paired
A0,A0-M00,4,snv,2158.1498823529414,-0.23336744037908574,difference of equal-sample representative means; not paired
A0,A0-M00,4,snv,2163.6106274509807,-0.22796572817560912,difference of equal-sample representative means; not paired
A0,A0-M00,4,snv,2169.07137254902,-0.23257634542154826,difference of equal-sample representative means; not paired
A0,A0-M00,4,snv,2174.5321176470593,-0.21623406053635075,difference of equal-sample representative means; not paired
A0,A0-M00,4,snv,2179.992862745098,-0.2241733465839918,difference of equal-sample representative means; not paired
A0,A0-M00,4,snv,2185.4536078431374,-0.2145678560390093,difference of equal-sample representative means; not paired
A0,A0-M00,4,snv,2190.9143529411767,-0.20397894193919375,difference of equal-sample representative means; not paired
A0,A0-M00,4,snv,2196.375098039216,-0.20090709194160283,difference of equal-sample representative means; not paired
A0,A0-M00,4,snv,2201.8358431372553,-0.19807157616336435,difference of equal-sample representative means; not paired
A0,A0-M00,4,snv,2207.2965882352946,-0.19342932674223823,difference of equal-sample representative means; not paired
A0,A0-M00,4,snv,2212.7573333333335,-0.19241835974878785,difference of equal-sample representative means; not paired
A0,A0-M00,4,snv,2218.2180784313728,-0.19559260072433016,difference of equal-sample representative means; not paired
A0,A0-M00,4,snv,2223.678823529412,-0.20658652809917233,difference of equal-sample representative means; not paired
A0,A0-M00,4,snv,2229.1395686274514,-0.21938153280611083,difference of equal-sample representative means; not paired
A0,A0-M00,4,snv,2234.6003137254907,-0.22693340948749596,difference of equal-sample representative means; not paired
A0,A0-M00,4,snv,2240.06105882353,-0.22563577563369386,difference of equal-sample representative means; not paired
A0,A0-M00,4,snv,2245.521803921569,-0.22962574657261237,difference of equal-sample representative means; not paired
A0,A0-M00,4,snv,2250.982549019608,-0.2423266747493631,difference of equal-sample representative means; not paired
A0,A0-M00,4,snv,2256.4432941176474,-0.25173177482912035,difference of equal-sample representative means; not paired
A0,A0-M00,4,snv,2261.9040392156867,-0.2624336579530462,difference of equal-sample representative means; not paired
A0,A0-M00,4,snv,2267.364784313726,-0.26639976723760217,difference of equal-sample representative means; not paired
A0,A0-M00,4,snv,2272.825529411765,-0.2793794109237151,difference of equal-sample representative means; not paired
A0,A0-M00,4,snv,2278.286274509804,-0.3005427775632512,difference of equal-sample representative means; not paired
A0,A0-M00,4,snv,2283.7470196078434,-0.3150698955261264,difference of equal-sample representative means; not paired
A0,A0-M00,4,snv,2289.2077647058827,-0.32688785157761147,difference of equal-sample representative means; not paired
A0,A0-M00,4,snv,2294.668509803922,-0.3372179649903757,difference of equal-sample representative means; not paired
A0,A0-M00,4,snv,2300.1292549019613,-0.3382247826083995,difference of equal-sample representative means; not paired
A0,A0-M00,4,snv,2305.59,-0.36856619298098714,difference of equal-sample representative means; not paired
A0,A0-M00,4,second_derivative,913.1,0.00013182384070073775,difference of equal-sample representative means; not paired
A0,A0-M00,4,second_derivative,918.5607450980392,0.00013182384070073775,difference of equal-sample representative means; not paired
A0,A0-M00,4,second_derivative,924.0214901960785,0.00013182384070073775,difference of equal-sample representative means; not paired
A0,A0-M00,4,second_derivative,929.4822352941177,0.00013182384070073718,difference of equal-sample representative means; not paired
A0,A0-M00,4,second_derivative,934.9429803921569,9.502770840489884e-05,difference of equal-sample representative means; not paired
A0,A0-M00,4,second_derivative,940.4037254901962,7.40949468648553e-05,difference of equal-sample representative means; not paired
A0,A0-M00,4,second_derivative,945.8644705882353,4.592687399338188e-05,difference of equal-sample representative means; not paired
A0,A0-M00,4,second_derivative,951.3252156862745,2.294622072713742e-05,difference of equal-sample representative means; not paired
A0,A0-M00,4,second_derivative,956.7859607843137,1.4025762272300701e-05,difference of equal-sample representative means; not paired
A0,A0-M00,4,second_derivative,962.246705882353,1.3000071279094902e-05,difference of equal-sample representative means; not paired
A0,A0-M00,4,second_derivative,967.7074509803922,1.0288563695136301e-05,difference of equal-sample representative means; not paired
A0,A0-M00,4,second_derivative,973.1681960784314,7.838164742174977e-06,difference of equal-sample representative means; not paired
A0,A0-M00,4,second_derivative,978.6289411764706,2.012504450265255e-06,difference of equal-sample representative means; not paired
A0,A0-M00,4,second_derivative,984.0896862745099,2.0967907387495166e-07,difference of equal-sample representative means; not paired
A0,A0-M00,4,second_derivative,989.550431372549,1.646856445758931e-06,difference of equal-sample representative means; not paired
A0,A0-M00,4,second_derivative,995.0111764705882,4.123521405885942e-06,difference of equal-sample representative means; not paired
A0,A0-M00,4,second_derivative,1000.4719215686275,4.2247038682153e-06,difference of equal-sample representative means; not paired
A0,A0-M00,4,second_derivative,1005.9326666666667,1.0313494449545765e-06,difference of equal-sample representative means; not paired
A0,A0-M00,4,second_derivative,1011.3934117647059,-2.230814914380189e-06,difference of equal-sample representative means; not paired
A0,A0-M00,4,second_derivative,1016.8541568627452,-2.3799604892734246e-06,difference of equal-sample representative means; not paired
A0,A0-M00,4,second_derivative,1022.3149019607844,-1.9023784416023055e-06,difference of equal-sample representative means; not paired
A0,A0-M00,4,second_derivative,1027.7756470588236,-2.0015149117822966e-06,difference of equal-sample representative means; not paired
A0,A0-M00,4,second_derivative,1033.2363921568628,-3.6224854966054832e-06,difference of equal-sample representative means; not paired
A0,A0-M00,4,second_derivative,1038.697137254902,-3.786888780686841e-06,difference of equal-sample representative means; not paired
A0,A0-M00,4,second_derivative,1044.1578823529412,-8.174683504654141e-07,difference of equal-sample representative means; not paired
A0,A0-M00,4,second_derivative,1049.6186274509805,1.2485436079326988e-06,difference of equal-sample representative means; not paired
A0,A0-M00,4,second_derivative,1055.0793725490196,2.410150265768429e-06,difference of equal-sample representative means; not paired
A0,A0-M00,4,second_derivative,1060.5401176470589,5.579653214711681e-07,difference of equal-sample representative means; not paired
A0,A0-M00,4,second_derivative,1066.0008627450982,-3.0134499798232016e-06,difference of equal-sample representative means; not paired
A0,A0-M00,4,second_derivative,1071.4616078431372,-4.113423985994279e-06,difference of equal-sample representative means; not paired
A0,A0-M00,4,second_derivative,1076.9223529411765,-3.688102408096602e-06,difference of equal-sample representative means; not paired
A0,A0-M00,4,second_derivative,1082.3830980392158,-3.3437506715828615e-06,difference of equal-sample representative means; not paired
A0,A0-M00,4,second_derivative,1087.843843137255,-1.1534238944548759e-06,difference of equal-sample representative means; not paired
A0,A0-M00,4,second_derivative,1093.3045882352942,4.369047091631123e-07,difference of equal-sample representative means; not paired
A0,A0-M00,4,second_derivative,1098.7653333333333,-1.3123555578662021e-06,difference of equal-sample representative means; not paired
A0,A0-M00,4,second_derivative,1104.2260784313726,-2.47604892377547e-06,difference of equal-sample representative means; not paired
A0,A0-M00,4,second_derivative,1109.6868235294119,-5.22024163725164e-06,difference of equal-sample representative means; not paired
A0,A0-M00,4,second_derivative,1115.1475686274512,-7.034300470818124e-06,difference of equal-sample representative means; not paired
A0,A0-M00,4,second_derivative,1120.6083137254902,-6.069646838929635e-06,difference of equal-sample representative means; not paired
A0,A0-M00,4,second_derivative,1126.0690588235295,-4.591820911921289e-06,difference of equal-sample representative means; not paired
A0,A0-M00,4,second_derivative,1131.5298039215686,-4.153533795233563e-06,difference of equal-sample representative means; not paired
A0,A0-M00,4,second_derivative,1136.990549019608,-2.678267293203233e-06,difference of equal-sample representative means; not paired
A0,A0-M00,4,second_derivative,1142.4512941176472,-4.176373541622851e-06,difference of equal-sample representative means; not paired
A0,A0-M00,4,second_derivative,1147.9120392156863,-4.6420732071927e-06,difference of equal-sample representative means; not paired
A0,A0-M00,4,second_derivative,1153.3727843137256,-2.659593387576754e-06,difference of equal-sample representative means; not paired
A0,A0-M00,4,second_derivative,1158.8335294117649,1.0979291914027356e-07,difference of equal-sample representative means; not paired
A0,A0-M00,4,second_derivative,1164.294274509804,1.8967713405857813e-06,difference of equal-sample representative means; not paired
A0,A0-M00,4,second_derivative,1169.7550196078432,2.271388925707448e-06,difference of equal-sample representative means; not paired
A0,A0-M00,4,second_derivative,1175.2157647058825,1.0729643727803616e-06,difference of equal-sample representative means; not paired
A0,A0-M00,4,second_derivative,1180.6765098039216,-2.3125789397274833e-07,difference of equal-sample representative means; not paired
A0,A0-M00,4,second_derivative,1186.137254901961,7.70845559601474e-07,difference of equal-sample representative means; not paired
A0,A0-M00,4,second_derivative,1191.598,2.8987102377816476e-06,difference of equal-sample representative means; not paired
A0,A0-M00,4,second_derivative,1197.0587450980393,4.187142254832072e-06,difference of equal-sample representative means; not paired
A0,A0-M00,4,second_derivative,1202.5194901960786,4.425444988444307e-06,difference of equal-sample representative means; not paired
A0,A0-M00,4,second_derivative,1207.9802352941178,4.0837612048281366e-06,difference of equal-sample representative means; not paired
A0,A0-M00,4,second_derivative,1213.440980392157,3.3613479903700815e-06,difference of equal-sample representative means; not paired
A0,A0-M00,4,second_derivative,1218.9017254901962,3.741246121822733e-06,difference of equal-sample representative means; not paired
A0,A0-M00,4,second_derivative,1224.3624705882353,4.615030500975181e-06,difference of equal-sample representative means; not paired
A0,A0-M00,4,second_derivative,1229.8232156862746,3.6645541775077994e-06,difference of equal-sample representative means; not paired
A0,A0-M00,4,second_derivative,1235.2839607843139,1.4361657390218575e-06,difference of equal-sample representative means; not paired
A0,A0-M00,4,second_derivative,1240.7447058823532,-7.00290039540907e-07,difference of equal-sample representative means; not paired
A0,A0-M00,4,second_derivative,1246.2054509803922,-1.6591904421405558e-06,difference of equal-sample representative means; not paired
A0,A0-M00,4,second_derivative,1251.6661960784315,-5.792626932404877e-07,difference of equal-sample representative means; not paired
A0,A0-M00,4,second_derivative,1257.1269411764706,-1.3583844046255907e-06,difference of equal-sample representative means; not paired
A0,A0-M00,4,second_derivative,1262.58768627451,-2.2055759973226892e-06,difference of equal-sample representative means; not paired
A0,A0-M00,4,second_derivative,1268.0484313725492,-1.9028479750877718e-06,difference of equal-sample representative means; not paired
A0,A0-M00,4,second_derivative,1273.5091764705883,-7.154896247120928e-07,difference of equal-sample representative means; not paired
A0,A0-M00,4,second_derivative,1278.9699215686276,9.408696714367958e-07,difference of equal-sample representative means; not paired
A0,A0-M00,4,second_derivative,1284.4306666666666,2.0621094498180458e-06,difference of equal-sample representative means; not paired
A0,A0-M00,4,second_derivative,1289.891411764706,-1.0384093813511597e-06,difference of equal-sample representative means; not paired
A0,A0-M00,4,second_derivative,1295.3521568627452,-3.814575983038638e-06,difference of equal-sample representative means; not paired
A0,A0-M00,4,second_derivative,1300.8129019607845,-5.61269997821655e-06,difference of equal-sample representative means; not paired
A0,A0-M00,4,second_derivative,1306.2736470588236,-7.332944017255219e-06,difference of equal-sample representative means; not paired
A0,A0-M00,4,second_derivative,1311.734392156863,-8.235343447921956e-06,difference of equal-sample representative means; not paired
A0,A0-M00,4,second_derivative,1317.195137254902,-8.929189433304853e-06,difference of equal-sample representative means; not paired
A0,A0-M00,4,second_derivative,1322.6558823529413,-9.018554076599462e-06,difference of equal-sample representative means; not paired
A0,A0-M00,4,second_derivative,1328.1166274509806,-8.770908533079389e-06,difference of equal-sample representative means; not paired
A0,A0-M00,4,second_derivative,1333.5773725490199,-1.0363858339978028e-05,difference of equal-sample representative means; not paired
A0,A0-M00,4,second_derivative,1339.038117647059,-7.710152836377183e-06,difference of equal-sample representative means; not paired
A0,A0-M00,4,second_derivative,1344.4988627450982,-4.148989059515146e-06,difference of equal-sample representative means; not paired
A0,A0-M00,4,second_derivative,1349.9596078431373,-8.243900363912254e-07,difference of equal-sample representative means; not paired
A0,A0-M00,4,second_derivative,1355.4203529411766,2.5572567124842053e-06,difference of equal-sample representative means; not paired
A0,A0-M00,4,second_derivative,1360.8810980392159,4.49676215841527e-06,difference of equal-sample representative means; not paired
A0,A0-M00,4,second_derivative,1366.341843137255,2.9518615385104776e-06,difference of equal-sample representative means; not paired
A0,A0-M00,4,second_derivative,1371.8025882352943,2.00899137924382e-06,difference of equal-sample representative means; not paired
A0,A0-M00,4,second_derivative,1377.2633333333333,-5.86880604738314e-06,difference of equal-sample representative means; not paired
A0,A0-M00,4,second_derivative,1382.7240784313726,-1.5016377341910661e-05,difference of equal-sample representative means; not paired
A0,A0-M00,4,second_derivative,1388.184823529412,-1.984443601671066e-05,difference of equal-sample representative means; not paired
A0,A0-M00,4,second_derivative,1393.6455686274512,-2.0019644258085478e-05,difference of equal-sample representative means; not paired
A0,A0-M00,4,second_derivative,1399.1063137254903,-1.5951113634109524e-05,difference of equal-sample representative means; not paired
A0,A0-M00,4,second_derivative,1404.5670588235296,-7.932302404995303e-06,difference of equal-sample representative means; not paired
A0,A0-M00,4,second_derivative,1410.0278039215686,2.3483570481500335e-06,difference of equal-sample representative means; not paired
A0,A0-M00,4,second_derivative,1415.488549019608,1.3037323393083438e-05,difference of equal-sample representative means; not paired
A0,A0-M00,4,second_derivative,1420.9492941176472,2.128659587900531e-05,difference of equal-sample representative means; not paired
A0,A0-M00,4,second_derivative,1426.4100392156865,2.277559399141172e-05,difference of equal-sample representative means; not paired
A0,A0-M00,4,second_derivative,1431.8707843137256,2.0329254213869737e-05,difference of equal-sample representative means; not paired
A0,A0-M00,4,second_derivative,1437.3315294117647,1.5778493837736868e-05,difference of equal-sample representative means; not paired
A0,A0-M00,4,second_derivative,1442.792274509804,1.1650527781981474e-05,difference of equal-sample representative means; not paired
A0,A0-M00,4,second_derivative,1448.2530196078433,9.087788230791974e-06,difference of equal-sample representative means; not paired
A0,A0-M00,4,second_derivative,1453.7137647058826,7.806359746730292e-06,difference of equal-sample representative means; not paired
A0,A0-M00,4,second_derivative,1459.1745098039219,3.379046801925009e-06,difference of equal-sample representative means; not paired
A0,A0-M00,4,second_derivative,1464.635254901961,3.412905416511094e-06,difference of equal-sample representative means; not paired
A0,A0-M00,4,second_derivative,1470.096,3.0859359788793475e-06,difference of equal-sample representative means; not paired
A0,A0-M00,4,second_derivative,1475.5567450980393,3.4839581108630816e-06,difference of equal-sample representative means; not paired
A0,A0-M00,4,second_derivative,1481.0174901960786,5.726798562524364e-06,difference of equal-sample representative means; not paired
A0,A0-M00,4,second_derivative,1486.478235294118,6.549630435241603e-06,difference of equal-sample representative means; not paired
A0,A0-M00,4,second_derivative,1491.938980392157,2.7345232838352843e-06,difference of equal-sample representative means; not paired
A0,A0-M00,4,second_derivative,1497.3997254901963,2.157553884520536e-06,difference of equal-sample representative means; not paired
A0,A0-M00,4,second_derivative,1502.8604705882353,2.0724514073145894e-06,difference of equal-sample representative means; not paired
A0,A0-M00,4,second_derivative,1508.3212156862746,-1.0126010261893398e-06,difference of equal-sample representative means; not paired
A0,A0-M00,4,second_derivative,1513.781960784314,-1.5013282638281067e-06,difference of equal-sample representative means; not paired
A0,A0-M00,4,second_derivative,1519.2427058823532,-1.238798674126827e-06,difference of equal-sample representative means; not paired
A0,A0-M00,4,second_derivative,1524.7034509803923,-2.935532993427593e-06,difference of equal-sample representative means; not paired
A0,A0-M00,4,second_derivative,1530.1641960784316,-3.1857789353097375e-06,difference of equal-sample representative means; not paired
A0,A0-M00,4,second_derivative,1535.6249411764707,2.744354381784272e-06,difference of equal-sample representative means; not paired
A0,A0-M00,4,second_derivative,1541.08568627451,1.720637373181123e-07,difference of equal-sample representative means; not paired
A0,A0-M00,4,second_derivative,1546.5464313725493,9.957269880051374e-07,difference of equal-sample representative means; not paired
A0,A0-M00,4,second_derivative,1552.0071764705885,-1.383546019293029e-07,difference of equal-sample representative means; not paired
A0,A0-M00,4,second_derivative,1557.4679215686276,-2.065140152403751e-06,difference of equal-sample representative means; not paired
A0,A0-M00,4,second_derivative,1562.9286666666667,-2.0571976962798267e-06,difference of equal-sample representative means; not paired
A0,A0-M00,4,second_derivative,1568.389411764706,1.415375784624245e-06,difference of equal-sample representative means; not paired
A0,A0-M00,4,second_derivative,1573.8501568627453,9.519948509111533e-07,difference of equal-sample representative means; not paired
A0,A0-M00,4,second_derivative,1579.3109019607846,1.7217347365545848e-06,difference of equal-sample representative means; not paired
A0,A0-M00,4,second_derivative,1584.7716470588239,2.2156855487984153e-06,difference of equal-sample representative means; not paired
A0,A0-M00,4,second_derivative,1590.232392156863,3.0625033844182745e-06,difference of equal-sample representative means; not paired
A0,A0-M00,4,second_derivative,1595.693137254902,3.560262652503584e-06,difference of equal-sample representative means; not paired
A0,A0-M00,4,second_derivative,1601.1538823529413,3.980078091662661e-06,difference of equal-sample representative means; not paired
A0,A0-M00,4,second_derivative,1606.6146274509806,4.447835675530223e-06,difference of equal-sample representative means; not paired
A0,A0-M00,4,second_derivative,1612.07537254902,1.962395230107506e-06,difference of equal-sample representative means; not paired
A0,A0-M00,4,second_derivative,1617.536117647059,6.0576602031408e-07,difference of equal-sample representative means; not paired
A0,A0-M00,4,second_derivative,1622.9968627450983,-7.48554382873677e-07,difference of equal-sample representative means; not paired
A0,A0-M00,4,second_derivative,1628.4576078431373,-3.990440015883197e-06,difference of equal-sample representative means; not paired
A0,A0-M00,4,second_derivative,1633.9183529411766,-5.4586212462228145e-06,difference of equal-sample representative means; not paired
A0,A0-M00,4,second_derivative,1639.379098039216,-4.743924459550105e-06,difference of equal-sample representative means; not paired
A0,A0-M00,4,second_derivative,1644.8398431372552,-2.5620295038651105e-06,difference of equal-sample representative means; not paired
A0,A0-M00,4,second_derivative,1650.3005882352943,-8.714175903003878e-07,difference of equal-sample representative means; not paired
A0,A0-M00,4,second_derivative,1655.7613333333334,-1.6031925825851106e-06,difference of equal-sample representative means; not paired
A0,A0-M00,4,second_derivative,1661.2220784313727,-2.775213573372175e-06,difference of equal-sample representative means; not paired
A0,A0-M00,4,second_derivative,1666.682823529412,-1.70398964666543e-06,difference of equal-sample representative means; not paired
A0,A0-M00,4,second_derivative,1672.1435686274513,-7.466807331675646e-08,difference of equal-sample representative means; not paired
A0,A0-M00,4,second_derivative,1677.6043137254906,6.440398200425839e-07,difference of equal-sample representative means; not paired
A0,A0-M00,4,second_derivative,1683.0650588235296,-1.8678217789968927e-07,difference of equal-sample representative means; not paired
A0,A0-M00,4,second_derivative,1688.5258039215687,-1.833539504865628e-06,difference of equal-sample representative means; not paired
A0,A0-M00,4,second_derivative,1693.986549019608,-1.6468083610329705e-06,difference of equal-sample representative means; not paired
A0,A0-M00,4,second_derivative,1699.4472941176473,-1.929267834382966e-06,difference of equal-sample representative means; not paired
A0,A0-M00,4,second_derivative,1704.9080392156866,-2.953139731150151e-06,difference of equal-sample representative means; not paired
A0,A0-M00,4,second_derivative,1710.3687843137257,-2.3560601928680074e-06,difference of equal-sample representative means; not paired
A0,A0-M00,4,second_derivative,1715.829529411765,2.0224769408292574e-07,difference of equal-sample representative means; not paired
A0,A0-M00,4,second_derivative,1721.290274509804,1.9330697474520435e-06,difference of equal-sample representative means; not paired
A0,A0-M00,4,second_derivative,1726.7510196078433,2.839071607094534e-06,difference of equal-sample representative means; not paired
A0,A0-M00,4,second_derivative,1732.2117647058826,3.1387333454586644e-06,difference of equal-sample representative means; not paired
A0,A0-M00,4,second_derivative,1737.672509803922,5.904626090680329e-07,difference of equal-sample representative means; not paired
A0,A0-M00,4,second_derivative,1743.133254901961,-1.3905866381531797e-06,difference of equal-sample representative means; not paired
A0,A0-M00,4,second_derivative,1748.594,-4.904144245008846e-06,difference of equal-sample representative means; not paired
A0,A0-M00,4,second_derivative,1754.0547450980393,-5.637264966118656e-06,difference of equal-sample representative means; not paired
A0,A0-M00,4,second_derivative,1759.5154901960786,-3.1554936190906147e-06,difference of equal-sample representative means; not paired
A0,A0-M00,4,second_derivative,1764.976235294118,5.558495404943002e-07,difference of equal-sample representative means; not paired
A0,A0-M00,4,second_derivative,1770.4369803921572,2.9128378818453583e-06,difference of equal-sample representative means; not paired
A0,A0-M00,4,second_derivative,1775.8977254901963,3.908248212413774e-06,difference of equal-sample representative means; not paired
A0,A0-M00,4,second_derivative,1781.3584705882354,3.0370653737575623e-06,difference of equal-sample representative means; not paired
A0,A0-M00,4,second_derivative,1786.8192156862747,5.581479345945083e-06,difference of equal-sample representative means; not paired
A0,A0-M00,4,second_derivative,1792.279960784314,1.6938334450054175e-06,difference of equal-sample representative means; not paired
A0,A0-M00,4,second_derivative,1797.7407058823533,4.977564686404973e-08,difference of equal-sample representative means; not paired
A0,A0-M00,4,second_derivative,1803.2014509803923,-9.929261263402527e-07,difference of equal-sample representative means; not paired
A0,A0-M00,4,second_derivative,1808.6621960784316,-6.006928346167426e-07,difference of equal-sample representative means; not paired
A0,A0-M00,4,second_derivative,1814.1229411764707,1.9112070872679767e-06,difference of equal-sample representative means; not paired
A0,A0-M00,4,second_derivative,1819.58368627451,4.0351534551321034e-06,difference of equal-sample representative means; not paired
A0,A0-M00,4,second_derivative,1825.0444313725493,3.8415670029912684e-07,difference of equal-sample representative means; not paired
A0,A0-M00,4,second_derivative,1830.5051764705886,-1.0421122392937848e-05,difference of equal-sample representative means; not paired
A0,A0-M00,4,second_derivative,1835.9659215686277,-3.3279088557761714e-06,difference of equal-sample representative means; not paired
A0,A0-M00,4,second_derivative,1841.4266666666667,2.8738206576906243e-06,difference of equal-sample representative means; not paired
A0,A0-M00,4,second_derivative,1846.887411764706,4.583451406511712e-06,difference of equal-sample representative means; not paired
A0,A0-M00,4,second_derivative,1852.3481568627453,2.6503170183286077e-06,difference of equal-sample representative means; not paired
A0,A0-M00,4,second_derivative,1857.8089019607846,-3.6003139325173374e-06,difference of equal-sample representative means; not paired
A0,A0-M00,4,second_derivative,1863.269647058824,-1.7487600684019822e-05,difference of equal-sample representative means; not paired
A0,A0-M00,4,second_derivative,1868.730392156863,-1.5565363611241666e-05,difference of equal-sample representative means; not paired
A0,A0-M00,4,second_derivative,1874.191137254902,-1.753463893320498e-05,difference of equal-sample representative means; not paired
A0,A0-M00,4,second_derivative,1879.6518823529414,-1.557675411342042e-05,difference of equal-sample representative means; not paired
A0,A0-M00,4,second_derivative,1885.1126274509807,-9.866618044837344e-06,difference of equal-sample representative means; not paired
A0,A0-M00,4,second_derivative,1890.57337254902,-1.3630283565571133e-06,difference of equal-sample representative means; not paired
A0,A0-M00,4,second_derivative,1896.034117647059,4.659721704207515e-06,difference of equal-sample representative means; not paired
A0,A0-M00,4,second_derivative,1901.4948627450983,5.894567227308297e-06,difference of equal-sample representative means; not paired
A0,A0-M00,4,second_derivative,1906.9556078431374,1.226100144580334e-05,difference of equal-sample representative means; not paired
A0,A0-M00,4,second_derivative,1912.4163529411767,1.6265519524667123e-05,difference of equal-sample representative means; not paired
A0,A0-M00,4,second_derivative,1917.877098039216,1.6885166511823303e-05,difference of equal-sample representative means; not paired
A0,A0-M00,4,second_derivative,1923.3378431372553,1.4134064738452646e-05,difference of equal-sample representative means; not paired
A0,A0-M00,4,second_derivative,1928.7985882352943,8.592788856301816e-06,difference of equal-sample representative means; not paired
A0,A0-M00,4,second_derivative,1934.2593333333336,3.2295439775036864e-06,difference of equal-sample representative means; not paired
A0,A0-M00,4,second_derivative,1939.7200784313727,2.8986073261918176e-06,difference of equal-sample representative means; not paired
A0,A0-M00,4,second_derivative,1945.180823529412,2.396683355595982e-06,difference of equal-sample representative means; not paired
A0,A0-M00,4,second_derivative,1950.6415686274513,4.975562794710194e-06,difference of equal-sample representative means; not paired
A0,A0-M00,4,second_derivative,1956.1023137254906,4.289400318238532e-06,difference of equal-sample representative means; not paired
A0,A0-M00,4,second_derivative,1961.5630588235294,2.4587420327108443e-06,difference of equal-sample representative means; not paired
A0,A0-M00,4,second_derivative,1967.0238039215687,2.0802956457389045e-06,difference of equal-sample representative means; not paired
A0,A0-M00,4,second_derivative,1972.484549019608,3.3209957907190554e-06,difference of equal-sample representative means; not paired
A0,A0-M00,4,second_derivative,1977.9452941176473,4.50984012467716e-06,difference of equal-sample representative means; not paired
A0,A0-M00,4,second_derivative,1983.4060392156866,5.288321003784116e-06,difference of equal-sample representative means; not paired
A0,A0-M00,4,second_derivative,1988.866784313726,3.663450178556991e-06,difference of equal-sample representative means; not paired
A0,A0-M00,4,second_derivative,1994.3275294117648,4.433745209104416e-07,difference of equal-sample representative means; not paired
A0,A0-M00,4,second_derivative,1999.788274509804,-3.943604046872457e-06,difference of equal-sample representative means; not paired
A0,A0-M00,4,second_derivative,2005.2490196078434,-4.213436041541255e-06,difference of equal-sample representative means; not paired
A0,A0-M00,4,second_derivative,2010.7097647058827,-4.745844394556232e-06,difference of equal-sample representative means; not paired
A0,A0-M00,4,second_derivative,2016.170509803922,-4.8589985009834066e-06,difference of equal-sample representative means; not paired
A0,A0-M00,4,second_derivative,2021.6312549019613,-3.890469142737108e-06,difference of equal-sample representative means; not paired
A0,A0-M00,4,second_derivative,2027.092,-4.604088474539264e-06,difference of equal-sample representative means; not paired
A0,A0-M00,4,second_derivative,2032.5527450980394,-5.234769677316494e-06,difference of equal-sample representative means; not paired
A0,A0-M00,4,second_derivative,2038.0134901960787,-5.827720252164256e-07,difference of equal-sample representative means; not paired
A0,A0-M00,4,second_derivative,2043.474235294118,-2.3291686783229887e-06,difference of equal-sample representative means; not paired
A0,A0-M00,4,second_derivative,2048.9349803921573,-1.3378018931600597e-06,difference of equal-sample representative means; not paired
A0,A0-M00,4,second_derivative,2054.3957254901966,-6.243090956118582e-07,difference of equal-sample representative means; not paired
A0,A0-M00,4,second_derivative,2059.8564705882354,-9.466576125438017e-07,difference of equal-sample representative means; not paired
A0,A0-M00,4,second_derivative,2065.3172156862747,3.581324900408032e-07,difference of equal-sample representative means; not paired
A0,A0-M00,4,second_derivative,2070.777960784314,1.661163636429361e-06,difference of equal-sample representative means; not paired
A0,A0-M00,4,second_derivative,2076.2387058823533,1.1421111207292464e-07,difference of equal-sample representative means; not paired
A0,A0-M00,4,second_derivative,2081.6994509803926,7.144485935679321e-08,difference of equal-sample representative means; not paired
A0,A0-M00,4,second_derivative,2087.1601960784315,-6.103517608739553e-06,difference of equal-sample representative means; not paired
A0,A0-M00,4,second_derivative,2092.6209411764708,-7.099022145542918e-06,difference of equal-sample representative means; not paired
A0,A0-M00,4,second_derivative,2098.08168627451,-3.610009188618207e-06,difference of equal-sample representative means; not paired
A0,A0-M00,4,second_derivative,2103.5424313725493,2.513058171935816e-07,difference of equal-sample representative means; not paired
A0,A0-M00,4,second_derivative,2109.0031764705886,3.93657752706982e-06,difference of equal-sample representative means; not paired
A0,A0-M00,4,second_derivative,2114.463921568628,2.3916399676339245e-06,difference of equal-sample representative means; not paired
A0,A0-M00,4,second_derivative,2119.924666666667,-5.54167329918822e-06,difference of equal-sample representative means; not paired
A0,A0-M00,4,second_derivative,2125.385411764706,-1.1346884913850775e-05,difference of equal-sample representative means; not paired
A0,A0-M00,4,second_derivative,2130.8461568627454,-2.6083279037848745e-06,difference of equal-sample representative means; not paired
A0,A0-M00,4,second_derivative,2136.3069019607847,8.363791228918413e-06,difference of equal-sample representative means; not paired
A0,A0-M00,4,second_derivative,2141.767647058824,1.1521574722981618e-05,difference of equal-sample representative means; not paired
A0,A0-M00,4,second_derivative,2147.2283921568633,8.485755023872783e-06,difference of equal-sample representative means; not paired
A0,A0-M00,4,second_derivative,2152.689137254902,2.6381415347602657e-06,difference of equal-sample representative means; not paired
A0,A0-M00,4,second_derivative,2158.1498823529414,-8.415027928140765e-06,difference of equal-sample representative means; not paired
A0,A0-M00,4,second_derivative,2163.6106274509807,-7.488974853639299e-08,difference of equal-sample representative means; not paired
A0,A0-M00,4,second_derivative,2169.07137254902,2.0138578042598944e-06,difference of equal-sample representative means; not paired
A0,A0-M00,4,second_derivative,2174.5321176470593,-3.3724165260906123e-06,difference of equal-sample representative means; not paired
A0,A0-M00,4,second_derivative,2179.992862745098,-2.1558681681405826e-06,difference of equal-sample representative means; not paired
A0,A0-M00,4,second_derivative,2185.4536078431374,1.5525462873862003e-06,difference of equal-sample representative means; not paired
A0,A0-M00,4,second_derivative,2190.9143529411767,-1.3005704068960561e-06,difference of equal-sample representative means; not paired
A0,A0-M00,4,second_derivative,2196.375098039216,3.7456881767683307e-06,difference of equal-sample representative means; not paired
A0,A0-M00,4,second_derivative,2201.8358431372553,3.781572467522026e-06,difference of equal-sample representative means; not paired
A0,A0-M00,4,second_derivative,2207.2965882352946,8.678968971797394e-07,difference of equal-sample representative means; not paired
A0,A0-M00,4,second_derivative,2212.7573333333335,3.102920789735129e-06,difference of equal-sample representative means; not paired
A0,A0-M00,4,second_derivative,2218.2180784313728,2.8107830769720663e-06,difference of equal-sample representative means; not paired
A0,A0-M00,4,second_derivative,2223.678823529412,-2.7247975369802332e-06,difference of equal-sample representative means; not paired
A0,A0-M00,4,second_derivative,2229.1395686274514,-4.271892312806008e-06,difference of equal-sample representative means; not paired
A0,A0-M00,4,second_derivative,2234.6003137254907,-6.107838396255132e-07,difference of equal-sample representative means; not paired
A0,A0-M00,4,second_derivative,2240.06105882353,4.325477252601286e-06,difference of equal-sample representative means; not paired
A0,A0-M00,4,second_derivative,2245.521803921569,1.6722552775770856e-05,difference of equal-sample representative means; not paired
A0,A0-M00,4,second_derivative,2250.982549019608,2.11508850545237e-05,difference of equal-sample representative means; not paired
A0,A0-M00,4,second_derivative,2256.4432941176474,1.5319680151618424e-05,difference of equal-sample representative means; not paired
A0,A0-M00,4,second_derivative,2261.9040392156867,1.003929357974028e-05,difference of equal-sample representative means; not paired
A0,A0-M00,4,second_derivative,2267.364784313726,9.266494767469422e-06,difference of equal-sample representative means; not paired
A0,A0-M00,4,second_derivative,2272.825529411765,1.3640863061876128e-05,difference of equal-sample representative means; not paired
A0,A0-M00,4,second_derivative,2278.286274509804,2.0960753061341424e-05,difference of equal-sample representative means; not paired
A0,A0-M00,4,second_derivative,2283.7470196078434,1.2322399305452637e-05,difference of equal-sample representative means; not paired
A0,A0-M00,4,second_derivative,2289.2077647058827,4.6370662603274926e-07,difference of equal-sample representative means; not paired
A0,A0-M00,4,second_derivative,2294.668509803922,4.637066260329424e-07,difference of equal-sample representative means; not paired
A0,A0-M00,4,second_derivative,2300.1292549019613,4.637066260329424e-07,difference of equal-sample representative means; not paired
A0,A0-M00,4,second_derivative,2305.59,4.637066260329424e-07,difference of equal-sample representative means; not paired
A0,A0-M00,5,reflectance,913.1,0.050011418630866555,difference of equal-sample representative means; not paired
A0,A0-M00,5,reflectance,918.5607450980392,0.0408566334158772,difference of equal-sample representative means; not paired
A0,A0-M00,5,reflectance,924.0214901960785,0.0377638090500001,difference of equal-sample representative means; not paired
A0,A0-M00,5,reflectance,929.4822352941177,0.03508886332844252,difference of equal-sample representative means; not paired
A0,A0-M00,5,reflectance,934.9429803921569,0.033869746290716596,difference of equal-sample representative means; not paired
A0,A0-M00,5,reflectance,940.4037254901962,0.033939481500992796,difference of equal-sample representative means; not paired
A0,A0-M00,5,reflectance,945.8644705882353,0.033285592767936745,difference of equal-sample representative means; not paired
A0,A0-M00,5,reflectance,951.3252156862745,0.03234043109685614,difference of equal-sample representative means; not paired
A0,A0-M00,5,reflectance,956.7859607843137,0.03141426487909993,difference of equal-sample representative means; not paired
A0,A0-M00,5,reflectance,962.246705882353,0.02993310962579443,difference of equal-sample representative means; not paired
A0,A0-M00,5,reflectance,967.7074509803922,0.028530754203436204,difference of equal-sample representative means; not paired
A0,A0-M00,5,reflectance,973.1681960784314,0.02712088444779881,difference of equal-sample representative means; not paired
A0,A0-M00,5,reflectance,978.6289411764706,0.025851640629823813,difference of equal-sample representative means; not paired
A0,A0-M00,5,reflectance,984.0896862745099,0.024953732415104235,difference of equal-sample representative means; not paired
A0,A0-M00,5,reflectance,989.550431372549,0.024374869073441108,difference of equal-sample representative means; not paired
A0,A0-M00,5,reflectance,995.0111764705882,0.024378406138908404,difference of equal-sample representative means; not paired
A0,A0-M00,5,reflectance,1000.4719215686275,0.024563353950321387,difference of equal-sample representative means; not paired
A0,A0-M00,5,reflectance,1005.9326666666667,0.025059448936458506,difference of equal-sample representative means; not paired
A0,A0-M00,5,reflectance,1011.3934117647059,0.025666162169794338,difference of equal-sample representative means; not paired
A0,A0-M00,5,reflectance,1016.8541568627452,0.02637330061069354,difference of equal-sample representative means; not paired
A0,A0-M00,5,reflectance,1022.3149019607844,0.027165527972409342,difference of equal-sample representative means; not paired
A0,A0-M00,5,reflectance,1027.7756470588236,0.027920573797848736,difference of equal-sample representative means; not paired
A0,A0-M00,5,reflectance,1033.2363921568628,0.028833030112983438,difference of equal-sample representative means; not paired
A0,A0-M00,5,reflectance,1038.697137254902,0.029732128368970767,difference of equal-sample representative means; not paired
A0,A0-M00,5,reflectance,1044.1578823529412,0.030548153022599722,difference of equal-sample representative means; not paired
A0,A0-M00,5,reflectance,1049.6186274509805,0.031247958821785438,difference of equal-sample representative means; not paired
A0,A0-M00,5,reflectance,1055.0793725490196,0.031886870055491956,difference of equal-sample representative means; not paired
A0,A0-M00,5,reflectance,1060.5401176470589,0.03251308845760881,difference of equal-sample representative means; not paired
A0,A0-M00,5,reflectance,1066.0008627450982,0.03312027994237454,difference of equal-sample representative means; not paired
A0,A0-M00,5,reflectance,1071.4616078431372,0.03367208994319271,difference of equal-sample representative means; not paired
A0,A0-M00,5,reflectance,1076.9223529411765,0.03426788255113333,difference of equal-sample representative means; not paired
A0,A0-M00,5,reflectance,1082.3830980392158,0.03494850035304198,difference of equal-sample representative means; not paired
A0,A0-M00,5,reflectance,1087.843843137255,0.03572430763308976,difference of equal-sample representative means; not paired
A0,A0-M00,5,reflectance,1093.3045882352942,0.03649625092608366,difference of equal-sample representative means; not paired
A0,A0-M00,5,reflectance,1098.7653333333333,0.03705874281326038,difference of equal-sample representative means; not paired
A0,A0-M00,5,reflectance,1104.2260784313726,0.03726844145553221,difference of equal-sample representative means; not paired
A0,A0-M00,5,reflectance,1109.6868235294119,0.03719436640849516,difference of equal-sample representative means; not paired
A0,A0-M00,5,reflectance,1115.1475686274512,0.036349480323143224,difference of equal-sample representative means; not paired
A0,A0-M00,5,reflectance,1120.6083137254902,0.03461510423493852,difference of equal-sample representative means; not paired
A0,A0-M00,5,reflectance,1126.0690588235295,0.03186976958374421,difference of equal-sample representative means; not paired
A0,A0-M00,5,reflectance,1131.5298039215686,0.02855801018049897,difference of equal-sample representative means; not paired
A0,A0-M00,5,reflectance,1136.990549019608,0.025235113835090695,difference of equal-sample representative means; not paired
A0,A0-M00,5,reflectance,1142.4512941176472,0.022195775043288735,difference of equal-sample representative means; not paired
A0,A0-M00,5,reflectance,1147.9120392156863,0.01928763436564207,difference of equal-sample representative means; not paired
A0,A0-M00,5,reflectance,1153.3727843137256,0.016127933143999185,difference of equal-sample representative means; not paired
A0,A0-M00,5,reflectance,1158.8335294117649,0.012931926358371815,difference of equal-sample representative means; not paired
A0,A0-M00,5,reflectance,1164.294274509804,0.01009831703831876,difference of equal-sample representative means; not paired
A0,A0-M00,5,reflectance,1169.7550196078432,0.007616182773894087,difference of equal-sample representative means; not paired
A0,A0-M00,5,reflectance,1175.2157647058825,0.00544784913120655,difference of equal-sample representative means; not paired
A0,A0-M00,5,reflectance,1180.6765098039216,0.003399894564413919,difference of equal-sample representative means; not paired
A0,A0-M00,5,reflectance,1186.137254901961,0.0012201138549758905,difference of equal-sample representative means; not paired
A0,A0-M00,5,reflectance,1191.598,-0.0009925850437216832,difference of equal-sample representative means; not paired
A0,A0-M00,5,reflectance,1197.0587450980393,-0.0025428069685012877,difference of equal-sample representative means; not paired
A0,A0-M00,5,reflectance,1202.5194901960786,-0.003486805750693156,difference of equal-sample representative means; not paired
A0,A0-M00,5,reflectance,1207.9802352941178,-0.004051579507766245,difference of equal-sample representative means; not paired
A0,A0-M00,5,reflectance,1213.440980392157,-0.0044017262462970885,difference of equal-sample representative means; not paired
A0,A0-M00,5,reflectance,1218.9017254901962,-0.004527060113118986,difference of equal-sample representative means; not paired
A0,A0-M00,5,reflectance,1224.3624705882353,-0.004310386689226009,difference of equal-sample representative means; not paired
A0,A0-M00,5,reflectance,1229.8232156862746,-0.00369551105464605,difference of equal-sample representative means; not paired
A0,A0-M00,5,reflectance,1235.2839607843139,-0.002750004035985243,difference of equal-sample representative means; not paired
A0,A0-M00,5,reflectance,1240.7447058823532,-0.001627463981024646,difference of equal-sample representative means; not paired
A0,A0-M00,5,reflectance,1246.2054509803922,-0.0005168639041871481,difference of equal-sample representative means; not paired
A0,A0-M00,5,reflectance,1251.6661960784315,0.000520163951615249,difference of equal-sample representative means; not paired
A0,A0-M00,5,reflectance,1257.1269411764706,0.0014403879069099235,difference of equal-sample representative means; not paired
A0,A0-M00,5,reflectance,1262.58768627451,0.0022318192453149033,difference of equal-sample representative means; not paired
A0,A0-M00,5,reflectance,1268.0484313725492,0.002912456749681658,difference of equal-sample representative means; not paired
A0,A0-M00,5,reflectance,1273.5091764705883,0.0034280491047451456,difference of equal-sample representative means; not paired
A0,A0-M00,5,reflectance,1278.9699215686276,0.0043100917379512715,difference of equal-sample representative means; not paired
A0,A0-M00,5,reflectance,1284.4306666666666,0.005187918003447423,difference of equal-sample representative means; not paired
A0,A0-M00,5,reflectance,1289.891411764706,0.005994723937173041,difference of equal-sample representative means; not paired
A0,A0-M00,5,reflectance,1295.3521568627452,0.006675771021596,difference of equal-sample representative means; not paired
A0,A0-M00,5,reflectance,1300.8129019607845,0.0071001686260356855,difference of equal-sample representative means; not paired
A0,A0-M00,5,reflectance,1306.2736470588236,0.0071194105121812346,difference of equal-sample representative means; not paired
A0,A0-M00,5,reflectance,1311.734392156863,0.006752265940836777,difference of equal-sample representative means; not paired
A0,A0-M00,5,reflectance,1317.195137254902,0.005743000693636424,difference of equal-sample representative means; not paired
A0,A0-M00,5,reflectance,1322.6558823529413,0.0042976925909884445,difference of equal-sample representative means; not paired
A0,A0-M00,5,reflectance,1328.1166274509806,0.0024101634167660313,difference of equal-sample representative means; not paired
A0,A0-M00,5,reflectance,1333.5773725490199,-2.5630447437752224e-06,difference of equal-sample representative means; not paired
A0,A0-M00,5,reflectance,1339.038117647059,-0.002909082137732333,difference of equal-sample representative means; not paired
A0,A0-M00,5,reflectance,1344.4988627450982,-0.00614306968263445,difference of equal-sample representative means; not paired
A0,A0-M00,5,reflectance,1349.9596078431373,-0.009461426743919032,difference of equal-sample representative means; not paired
A0,A0-M00,5,reflectance,1355.4203529411766,-0.01249912410393006,difference of equal-sample representative means; not paired
A0,A0-M00,5,reflectance,1360.8810980392159,-0.015290322893698804,difference of equal-sample representative means; not paired
A0,A0-M00,5,reflectance,1366.341843137255,-0.01786583462345326,difference of equal-sample representative means; not paired
A0,A0-M00,5,reflectance,1371.8025882352943,-0.019877970191616967,difference of equal-sample representative means; not paired
A0,A0-M00,5,reflectance,1377.2633333333333,-0.021383243221306136,difference of equal-sample representative means; not paired
A0,A0-M00,5,reflectance,1382.7240784313726,-0.02273772142679975,difference of equal-sample representative means; not paired
A0,A0-M00,5,reflectance,1388.184823529412,-0.024378141322558666,difference of equal-sample representative means; not paired
A0,A0-M00,5,reflectance,1393.6455686274512,-0.026675859740411645,difference of equal-sample representative means; not paired
A0,A0-M00,5,reflectance,1399.1063137254903,-0.029094266433949523,difference of equal-sample representative means; not paired
A0,A0-M00,5,reflectance,1404.5670588235296,-0.03142988276442149,difference of equal-sample representative means; not paired
A0,A0-M00,5,reflectance,1410.0278039215686,-0.03348638562587092,difference of equal-sample representative means; not paired
A0,A0-M00,5,reflectance,1415.488549019608,-0.035096548818220275,difference of equal-sample representative means; not paired
A0,A0-M00,5,reflectance,1420.9492941176472,-0.03618236086233195,difference of equal-sample representative means; not paired
A0,A0-M00,5,reflectance,1426.4100392156865,-0.03678565411834195,difference of equal-sample representative means; not paired
A0,A0-M00,5,reflectance,1431.8707843137256,-0.03706353725390393,difference of equal-sample representative means; not paired
A0,A0-M00,5,reflectance,1437.3315294117647,-0.03721539994914874,difference of equal-sample representative means; not paired
A0,A0-M00,5,reflectance,1442.792274509804,-0.03728285824187216,difference of equal-sample representative means; not paired
A0,A0-M00,5,reflectance,1448.2530196078433,-0.03722914358567497,difference of equal-sample representative means; not paired
A0,A0-M00,5,reflectance,1453.7137647058826,-0.037082887881806026,difference of equal-sample representative means; not paired
A0,A0-M00,5,reflectance,1459.1745098039219,-0.03698391154938446,difference of equal-sample representative means; not paired
A0,A0-M00,5,reflectance,1464.635254901961,-0.03698827196479909,difference of equal-sample representative means; not paired
A0,A0-M00,5,reflectance,1470.096,-0.03698104335890717,difference of equal-sample representative means; not paired
A0,A0-M00,5,reflectance,1475.5567450980393,-0.03698726242462136,difference of equal-sample representative means; not paired
A0,A0-M00,5,reflectance,1481.0174901960786,-0.03698290969656448,difference of equal-sample representative means; not paired
A0,A0-M00,5,reflectance,1486.478235294118,-0.037033485417339085,difference of equal-sample representative means; not paired
A0,A0-M00,5,reflectance,1491.938980392157,-0.03705307856689927,difference of equal-sample representative means; not paired
A0,A0-M00,5,reflectance,1497.3997254901963,-0.037069989340860754,difference of equal-sample representative means; not paired
A0,A0-M00,5,reflectance,1502.8604705882353,-0.037100735105295934,difference of equal-sample representative means; not paired
A0,A0-M00,5,reflectance,1508.3212156862746,-0.037133524512561855,difference of equal-sample representative means; not paired
A0,A0-M00,5,reflectance,1513.781960784314,-0.03720393323155169,difference of equal-sample representative means; not paired
A0,A0-M00,5,reflectance,1519.2427058823532,-0.03710999415520527,difference of equal-sample representative means; not paired
A0,A0-M00,5,reflectance,1524.7034509803923,-0.03703638606723081,difference of equal-sample representative means; not paired
A0,A0-M00,5,reflectance,1530.1641960784316,-0.036984413007948136,difference of equal-sample representative means; not paired
A0,A0-M00,5,reflectance,1535.6249411764707,-0.03697511711724322,difference of equal-sample representative means; not paired
A0,A0-M00,5,reflectance,1541.08568627451,-0.036970512285052604,difference of equal-sample representative means; not paired
A0,A0-M00,5,reflectance,1546.5464313725493,-0.03691800057306183,difference of equal-sample representative means; not paired
A0,A0-M00,5,reflectance,1552.0071764705885,-0.036823397555600934,difference of equal-sample representative means; not paired
A0,A0-M00,5,reflectance,1557.4679215686276,-0.03679986228432164,difference of equal-sample representative means; not paired
A0,A0-M00,5,reflectance,1562.9286666666667,-0.036743217789892146,difference of equal-sample representative means; not paired
A0,A0-M00,5,reflectance,1568.389411764706,-0.03663691326345253,difference of equal-sample representative means; not paired
A0,A0-M00,5,reflectance,1573.8501568627453,-0.03653378960795195,difference of equal-sample representative means; not paired
A0,A0-M00,5,reflectance,1579.3109019607846,-0.036393162616520425,difference of equal-sample representative means; not paired
A0,A0-M00,5,reflectance,1584.7716470588239,-0.03623842351875162,difference of equal-sample representative means; not paired
A0,A0-M00,5,reflectance,1590.232392156863,-0.03611486765563249,difference of equal-sample representative means; not paired
A0,A0-M00,5,reflectance,1595.693137254902,-0.035867134228786846,difference of equal-sample representative means; not paired
A0,A0-M00,5,reflectance,1601.1538823529413,-0.03555563887926172,difference of equal-sample representative means; not paired
A0,A0-M00,5,reflectance,1606.6146274509806,-0.03521638502177732,difference of equal-sample representative means; not paired
A0,A0-M00,5,reflectance,1612.07537254902,-0.03474791630572177,difference of equal-sample representative means; not paired
A0,A0-M00,5,reflectance,1617.536117647059,-0.034236031857168114,difference of equal-sample representative means; not paired
A0,A0-M00,5,reflectance,1622.9968627450983,-0.033711779936532515,difference of equal-sample representative means; not paired
A0,A0-M00,5,reflectance,1628.4576078431373,-0.033175348561769236,difference of equal-sample representative means; not paired
A0,A0-M00,5,reflectance,1633.9183529411766,-0.032653153492194664,difference of equal-sample representative means; not paired
A0,A0-M00,5,reflectance,1639.379098039216,-0.03206124608404343,difference of equal-sample representative means; not paired
A0,A0-M00,5,reflectance,1644.8398431372552,-0.03159278806046678,difference of equal-sample representative means; not paired
A0,A0-M00,5,reflectance,1650.3005882352943,-0.03114246155653627,difference of equal-sample representative means; not paired
A0,A0-M00,5,reflectance,1655.7613333333334,-0.030735997297997586,difference of equal-sample representative means; not paired
A0,A0-M00,5,reflectance,1661.2220784313727,-0.030368511981081037,difference of equal-sample representative means; not paired
A0,A0-M00,5,reflectance,1666.682823529412,-0.030040365569550143,difference of equal-sample representative means; not paired
A0,A0-M00,5,reflectance,1672.1435686274513,-0.029778503485159813,difference of equal-sample representative means; not paired
A0,A0-M00,5,reflectance,1677.6043137254906,-0.02961172513635585,difference of equal-sample representative means; not paired
A0,A0-M00,5,reflectance,1683.0650588235296,-0.029253766322639096,difference of equal-sample representative means; not paired
A0,A0-M00,5,reflectance,1688.5258039215687,-0.028929675200357496,difference of equal-sample representative means; not paired
A0,A0-M00,5,reflectance,1693.986549019608,-0.02868862439615011,difference of equal-sample representative means; not paired
A0,A0-M00,5,reflectance,1699.4472941176473,-0.02859061717067024,difference of equal-sample representative means; not paired
A0,A0-M00,5,reflectance,1704.9080392156866,-0.028645165062133326,difference of equal-sample representative means; not paired
A0,A0-M00,5,reflectance,1710.3687843137257,-0.028754395421290657,difference of equal-sample representative means; not paired
A0,A0-M00,5,reflectance,1715.829529411765,-0.028768499169381234,difference of equal-sample representative means; not paired
A0,A0-M00,5,reflectance,1721.290274509804,-0.028841465456168225,difference of equal-sample representative means; not paired
A0,A0-M00,5,reflectance,1726.7510196078433,-0.028839041406994503,difference of equal-sample representative means; not paired
A0,A0-M00,5,reflectance,1732.2117647058826,-0.02883061900888645,difference of equal-sample representative means; not paired
A0,A0-M00,5,reflectance,1737.672509803922,-0.028762779350117507,difference of equal-sample representative means; not paired
A0,A0-M00,5,reflectance,1743.133254901961,-0.028774203766687045,difference of equal-sample representative means; not paired
A0,A0-M00,5,reflectance,1748.594,-0.028848645100874315,difference of equal-sample representative means; not paired
A0,A0-M00,5,reflectance,1754.0547450980393,-0.028882558040617512,difference of equal-sample representative means; not paired
A0,A0-M00,5,reflectance,1759.5154901960786,-0.029050416355585695,difference of equal-sample representative means; not paired
A0,A0-M00,5,reflectance,1764.976235294118,-0.029203519125852506,difference of equal-sample representative means; not paired
A0,A0-M00,5,reflectance,1770.4369803921572,-0.029290922748612058,difference of equal-sample representative means; not paired
A0,A0-M00,5,reflectance,1775.8977254901963,-0.029366825183117173,difference of equal-sample representative means; not paired
A0,A0-M00,5,reflectance,1781.3584705882354,-0.02944855440110017,difference of equal-sample representative means; not paired
A0,A0-M00,5,reflectance,1786.8192156862747,-0.02947899595573461,difference of equal-sample representative means; not paired
A0,A0-M00,5,reflectance,1792.279960784314,-0.02940881482264257,difference of equal-sample representative means; not paired
A0,A0-M00,5,reflectance,1797.7407058823533,-0.029271855802036784,difference of equal-sample representative means; not paired
A0,A0-M00,5,reflectance,1803.2014509803923,-0.029172982541463333,difference of equal-sample representative means; not paired
A0,A0-M00,5,reflectance,1808.6621960784316,-0.029183547110015806,difference of equal-sample representative means; not paired
A0,A0-M00,5,reflectance,1814.1229411764707,-0.029148210374167594,difference of equal-sample representative means; not paired
A0,A0-M00,5,reflectance,1819.58368627451,-0.029061709278389358,difference of equal-sample representative means; not paired
A0,A0-M00,5,reflectance,1825.0444313725493,-0.02890577450551296,difference of equal-sample representative means; not paired
A0,A0-M00,5,reflectance,1830.5051764705886,-0.02876899894976187,difference of equal-sample representative means; not paired
A0,A0-M00,5,reflectance,1835.9659215686277,-0.028727634054322826,difference of equal-sample representative means; not paired
A0,A0-M00,5,reflectance,1841.4266666666667,-0.02865111128972042,difference of equal-sample representative means; not paired
A0,A0-M00,5,reflectance,1846.887411764706,-0.028518195828039383,difference of equal-sample representative means; not paired
A0,A0-M00,5,reflectance,1852.3481568627453,-0.02849184096149593,difference of equal-sample representative means; not paired
A0,A0-M00,5,reflectance,1857.8089019607846,-0.02865229609276776,difference of equal-sample representative means; not paired
A0,A0-M00,5,reflectance,1863.269647058824,-0.02889186063974647,difference of equal-sample representative means; not paired
A0,A0-M00,5,reflectance,1868.730392156863,-0.029178811179071118,difference of equal-sample representative means; not paired
A0,A0-M00,5,reflectance,1874.191137254902,-0.029577886517483387,difference of equal-sample representative means; not paired
A0,A0-M00,5,reflectance,1879.6518823529414,-0.030151589974222848,difference of equal-sample representative means; not paired
A0,A0-M00,5,reflectance,1885.1126274509807,-0.03076939059324657,difference of equal-sample representative means; not paired
A0,A0-M00,5,reflectance,1890.57337254902,-0.030951094327508366,difference of equal-sample representative means; not paired
A0,A0-M00,5,reflectance,1896.034117647059,-0.030142378099285494,difference of equal-sample representative means; not paired
A0,A0-M00,5,reflectance,1901.4948627450983,-0.028642286359011837,difference of equal-sample representative means; not paired
A0,A0-M00,5,reflectance,1906.9556078431374,-0.02714669976770312,difference of equal-sample representative means; not paired
A0,A0-M00,5,reflectance,1912.4163529411767,-0.02589588971422352,difference of equal-sample representative means; not paired
A0,A0-M00,5,reflectance,1917.877098039216,-0.024819229234079587,difference of equal-sample representative means; not paired
A0,A0-M00,5,reflectance,1923.3378431372553,-0.023982686068069192,difference of equal-sample representative means; not paired
A0,A0-M00,5,reflectance,1928.7985882352943,-0.023458896659467432,difference of equal-sample representative means; not paired
A0,A0-M00,5,reflectance,1934.2593333333336,-0.023294739773634277,difference of equal-sample representative means; not paired
A0,A0-M00,5,reflectance,1939.7200784313727,-0.023414269325551018,difference of equal-sample representative means; not paired
A0,A0-M00,5,reflectance,1945.180823529412,-0.02367939870448288,difference of equal-sample representative means; not paired
A0,A0-M00,5,reflectance,1950.6415686274513,-0.024061149125135628,difference of equal-sample representative means; not paired
A0,A0-M00,5,reflectance,1956.1023137254906,-0.024464390857409646,difference of equal-sample representative means; not paired
A0,A0-M00,5,reflectance,1961.5630588235294,-0.024817384516998775,difference of equal-sample representative means; not paired
A0,A0-M00,5,reflectance,1967.0238039215687,-0.02533741549778179,difference of equal-sample representative means; not paired
A0,A0-M00,5,reflectance,1972.484549019608,-0.025627993715783837,difference of equal-sample representative means; not paired
A0,A0-M00,5,reflectance,1977.9452941176473,-0.02587657283667394,difference of equal-sample representative means; not paired
A0,A0-M00,5,reflectance,1983.4060392156866,-0.02612612590471164,difference of equal-sample representative means; not paired
A0,A0-M00,5,reflectance,1988.866784313726,-0.026315611498242464,difference of equal-sample representative means; not paired
A0,A0-M00,5,reflectance,1994.3275294117648,-0.02643740090098362,difference of equal-sample representative means; not paired
A0,A0-M00,5,reflectance,1999.788274509804,-0.026483154791186736,difference of equal-sample representative means; not paired
A0,A0-M00,5,reflectance,2005.2490196078434,-0.026392341833610944,difference of equal-sample representative means; not paired
A0,A0-M00,5,reflectance,2010.7097647058827,-0.02611055537198903,difference of equal-sample representative means; not paired
A0,A0-M00,5,reflectance,2016.170509803922,-0.025952818481752626,difference of equal-sample representative means; not paired
A0,A0-M00,5,reflectance,2021.6312549019613,-0.02546454629398609,difference of equal-sample representative means; not paired
A0,A0-M00,5,reflectance,2027.092,-0.025019500028367836,difference of equal-sample representative means; not paired
A0,A0-M00,5,reflectance,2032.5527450980394,-0.02454530034671587,difference of equal-sample representative means; not paired
A0,A0-M00,5,reflectance,2038.0134901960787,-0.023973962511948277,difference of equal-sample representative means; not paired
A0,A0-M00,5,reflectance,2043.474235294118,-0.023365544780960812,difference of equal-sample representative means; not paired
A0,A0-M00,5,reflectance,2048.9349803921573,-0.022841548734544248,difference of equal-sample representative means; not paired
A0,A0-M00,5,reflectance,2054.3957254901966,-0.02258693214509694,difference of equal-sample representative means; not paired
A0,A0-M00,5,reflectance,2059.8564705882354,-0.022123623689941085,difference of equal-sample representative means; not paired
A0,A0-M00,5,reflectance,2065.3172156862747,-0.02173842533457626,difference of equal-sample representative means; not paired
A0,A0-M00,5,reflectance,2070.777960784314,-0.021387770254257144,difference of equal-sample representative means; not paired
A0,A0-M00,5,reflectance,2076.2387058823533,-0.02099526051892686,difference of equal-sample representative means; not paired
A0,A0-M00,5,reflectance,2081.6994509803926,-0.02059804892731143,difference of equal-sample representative means; not paired
A0,A0-M00,5,reflectance,2087.1601960784315,-0.020326862273584156,difference of equal-sample representative means; not paired
A0,A0-M00,5,reflectance,2092.6209411764708,-0.020225673360511287,difference of equal-sample representative means; not paired
A0,A0-M00,5,reflectance,2098.08168627451,-0.02003995565642369,difference of equal-sample representative means; not paired
A0,A0-M00,5,reflectance,2103.5424313725493,-0.02006392775438559,difference of equal-sample representative means; not paired
A0,A0-M00,5,reflectance,2109.0031764705886,-0.019989525253613638,difference of equal-sample representative means; not paired
A0,A0-M00,5,reflectance,2114.463921568628,-0.019955549702758646,difference of equal-sample representative means; not paired
A0,A0-M00,5,reflectance,2119.924666666667,-0.01997941767921224,difference of equal-sample representative means; not paired
A0,A0-M00,5,reflectance,2125.385411764706,-0.020032382890132427,difference of equal-sample representative means; not paired
A0,A0-M00,5,reflectance,2130.8461568627454,-0.02011705114428336,difference of equal-sample representative means; not paired
A0,A0-M00,5,reflectance,2136.3069019607847,-0.020074123379204556,difference of equal-sample representative means; not paired
A0,A0-M00,5,reflectance,2141.767647058824,-0.020024111043263404,difference of equal-sample representative means; not paired
A0,A0-M00,5,reflectance,2147.2283921568633,-0.020231882614581143,difference of equal-sample representative means; not paired
A0,A0-M00,5,reflectance,2152.689137254902,-0.020294773816672274,difference of equal-sample representative means; not paired
A0,A0-M00,5,reflectance,2158.1498823529414,-0.02044284043445954,difference of equal-sample representative means; not paired
A0,A0-M00,5,reflectance,2163.6106274509807,-0.020711095366962695,difference of equal-sample representative means; not paired
A0,A0-M00,5,reflectance,2169.07137254902,-0.020865517537017486,difference of equal-sample representative means; not paired
A0,A0-M00,5,reflectance,2174.5321176470593,-0.020763817426878772,difference of equal-sample representative means; not paired
A0,A0-M00,5,reflectance,2179.992862745098,-0.020874176413470558,difference of equal-sample representative means; not paired
A0,A0-M00,5,reflectance,2185.4536078431374,-0.021159978078634567,difference of equal-sample representative means; not paired
A0,A0-M00,5,reflectance,2190.9143529411767,-0.021234961231796634,difference of equal-sample representative means; not paired
A0,A0-M00,5,reflectance,2196.375098039216,-0.021313333046699023,difference of equal-sample representative means; not paired
A0,A0-M00,5,reflectance,2201.8358431372553,-0.021378525350256417,difference of equal-sample representative means; not paired
A0,A0-M00,5,reflectance,2207.2965882352946,-0.021365051994381268,difference of equal-sample representative means; not paired
A0,A0-M00,5,reflectance,2212.7573333333335,-0.021343266037717523,difference of equal-sample representative means; not paired
A0,A0-M00,5,reflectance,2218.2180784313728,-0.02150626451950799,difference of equal-sample representative means; not paired
A0,A0-M00,5,reflectance,2223.678823529412,-0.021148804321988512,difference of equal-sample representative means; not paired
A0,A0-M00,5,reflectance,2229.1395686274514,-0.02148559726416205,difference of equal-sample representative means; not paired
A0,A0-M00,5,reflectance,2234.6003137254907,-0.020985840559982427,difference of equal-sample representative means; not paired
A0,A0-M00,5,reflectance,2240.06105882353,-0.020721583676219346,difference of equal-sample representative means; not paired
A0,A0-M00,5,reflectance,2245.521803921569,-0.020525616279229275,difference of equal-sample representative means; not paired
A0,A0-M00,5,reflectance,2250.982549019608,-0.02008512782510352,difference of equal-sample representative means; not paired
A0,A0-M00,5,reflectance,2256.4432941176474,-0.01943555654407686,difference of equal-sample representative means; not paired
A0,A0-M00,5,reflectance,2261.9040392156867,-0.017819096656055244,difference of equal-sample representative means; not paired
A0,A0-M00,5,reflectance,2267.364784313726,-0.016322126591277075,difference of equal-sample representative means; not paired
A0,A0-M00,5,reflectance,2272.825529411765,-0.015353628579355127,difference of equal-sample representative means; not paired
A0,A0-M00,5,reflectance,2278.286274509804,-0.013849262754194513,difference of equal-sample representative means; not paired
A0,A0-M00,5,reflectance,2283.7470196078434,-0.011916534583885557,difference of equal-sample representative means; not paired
A0,A0-M00,5,reflectance,2289.2077647058827,-0.00995463048956774,difference of equal-sample representative means; not paired
A0,A0-M00,5,reflectance,2294.668509803922,-0.008372618576245133,difference of equal-sample representative means; not paired
A0,A0-M00,5,reflectance,2300.1292549019613,-0.0072192307060316985,difference of equal-sample representative means; not paired
A0,A0-M00,5,reflectance,2305.59,-0.005379765064363634,difference of equal-sample representative means; not paired
A0,A0-M00,5,snv,913.1,0.30601535908840016,difference of equal-sample representative means; not paired
A0,A0-M00,5,snv,918.5607450980392,0.21569263278311712,difference of equal-sample representative means; not paired
A0,A0-M00,5,snv,924.0214901960785,0.18141331500331104,difference of equal-sample representative means; not paired
A0,A0-M00,5,snv,929.4822352941177,0.15545437286747732,difference of equal-sample representative means; not paired
A0,A0-M00,5,snv,934.9429803921569,0.13944767567315597,difference of equal-sample representative means; not paired
A0,A0-M00,5,snv,940.4037254901962,0.13212184434545882,difference of equal-sample representative means; not paired
A0,A0-M00,5,snv,945.8644705882353,0.12252680298950014,difference of equal-sample representative means; not paired
A0,A0-M00,5,snv,951.3252156862745,0.1143248661210381,difference of equal-sample representative means; not paired
A0,A0-M00,5,snv,956.7859607843137,0.10711783849856471,difference of equal-sample representative means; not paired
A0,A0-M00,5,snv,962.246705882353,0.09913118756646333,difference of equal-sample representative means; not paired
A0,A0-M00,5,snv,967.7074509803922,0.09207449365702924,difference of equal-sample representative means; not paired
A0,A0-M00,5,snv,973.1681960784314,0.08548744144724685,difference of equal-sample representative means; not paired
A0,A0-M00,5,snv,978.6289411764706,0.07939846772709647,difference of equal-sample representative means; not paired
A0,A0-M00,5,snv,984.0896862745099,0.07452440044948494,difference of equal-sample representative means; not paired
A0,A0-M00,5,snv,989.550431372549,0.07163342600164824,difference of equal-sample representative means; not paired
A0,A0-M00,5,snv,995.0111764705882,0.0714051901929027,difference of equal-sample representative means; not paired
A0,A0-M00,5,snv,1000.4719215686275,0.07199637860263763,difference of equal-sample representative means; not paired
A0,A0-M00,5,snv,1005.9326666666667,0.07348622652032022,difference of equal-sample representative means; not paired
A0,A0-M00,5,snv,1011.3934117647059,0.07585322794438598,difference of equal-sample representative means; not paired
A0,A0-M00,5,snv,1016.8541568627452,0.07907230490728945,difference of equal-sample representative means; not paired
A0,A0-M00,5,snv,1022.3149019607844,0.08232569877913853,difference of equal-sample representative means; not paired
A0,A0-M00,5,snv,1027.7756470588236,0.08455940593669165,difference of equal-sample representative means; not paired
A0,A0-M00,5,snv,1033.2363921568628,0.08869371408301041,difference of equal-sample representative means; not paired
A0,A0-M00,5,snv,1038.697137254902,0.09274500051586676,difference of equal-sample representative means; not paired
A0,A0-M00,5,snv,1044.1578823529412,0.09641933468665309,difference of equal-sample representative means; not paired
A0,A0-M00,5,snv,1049.6186274509805,0.09941938108959536,difference of equal-sample representative means; not paired
A0,A0-M00,5,snv,1055.0793725490196,0.10201259699610499,difference of equal-sample representative means; not paired
A0,A0-M00,5,snv,1060.5401176470589,0.10450568165583274,difference of equal-sample representative means; not paired
A0,A0-M00,5,snv,1066.0008627450982,0.10690973357103895,difference of equal-sample representative means; not paired
A0,A0-M00,5,snv,1071.4616078431372,0.10894699447464617,difference of equal-sample representative means; not paired
A0,A0-M00,5,snv,1076.9223529411765,0.11113579738981061,difference of equal-sample representative means; not paired
A0,A0-M00,5,snv,1082.3830980392158,0.11336687665916356,difference of equal-sample representative means; not paired
A0,A0-M00,5,snv,1087.843843137255,0.11651661478832676,difference of equal-sample representative means; not paired
A0,A0-M00,5,snv,1093.3045882352942,0.11956646633256152,difference of equal-sample representative means; not paired
A0,A0-M00,5,snv,1098.7653333333333,0.12131901118005928,difference of equal-sample representative means; not paired
A0,A0-M00,5,snv,1104.2260784313726,0.12156878129082993,difference of equal-sample representative means; not paired
A0,A0-M00,5,snv,1109.6868235294119,0.12129490302577417,difference of equal-sample representative means; not paired
A0,A0-M00,5,snv,1115.1475686274512,0.11741995333299782,difference of equal-sample representative means; not paired
A0,A0-M00,5,snv,1120.6083137254902,0.10938633417873178,difference of equal-sample representative means; not paired
A0,A0-M00,5,snv,1126.0690588235295,0.09669988967182275,difference of equal-sample representative means; not paired
A0,A0-M00,5,snv,1131.5298039215686,0.08151597580509828,difference of equal-sample representative means; not paired
A0,A0-M00,5,snv,1136.990549019608,0.06649512866002416,difference of equal-sample representative means; not paired
A0,A0-M00,5,snv,1142.4512941176472,0.05284323917154188,difference of equal-sample representative means; not paired
A0,A0-M00,5,snv,1147.9120392156863,0.03947420592121609,difference of equal-sample representative means; not paired
A0,A0-M00,5,snv,1153.3727843137256,0.024964712762414853,difference of equal-sample representative means; not paired
A0,A0-M00,5,snv,1158.8335294117649,0.010780273466288959,difference of equal-sample representative means; not paired
A0,A0-M00,5,snv,1164.294274509804,-0.000789258158209627,difference of equal-sample representative means; not paired
A0,A0-M00,5,snv,1169.7550196078432,-0.011689462504960835,difference of equal-sample representative means; not paired
A0,A0-M00,5,snv,1175.2157647058825,-0.021226583062965654,difference of equal-sample representative means; not paired
A0,A0-M00,5,snv,1180.6765098039216,-0.029396373286264543,difference of equal-sample representative means; not paired
A0,A0-M00,5,snv,1186.137254901961,-0.0378194058331518,difference of equal-sample representative means; not paired
A0,A0-M00,5,snv,1191.598,-0.046578124147379496,difference of equal-sample representative means; not paired
A0,A0-M00,5,snv,1197.0587450980393,-0.05362691030262279,difference of equal-sample representative means; not paired
A0,A0-M00,5,snv,1202.5194901960786,-0.057863794011012826,difference of equal-sample representative means; not paired
A0,A0-M00,5,snv,1207.9802352941178,-0.06064341354981062,difference of equal-sample representative means; not paired
A0,A0-M00,5,snv,1213.440980392157,-0.062407837230638696,difference of equal-sample representative means; not paired
A0,A0-M00,5,snv,1218.9017254901962,-0.06354553929004336,difference of equal-sample representative means; not paired
A0,A0-M00,5,snv,1224.3624705882353,-0.06395782607320266,difference of equal-sample representative means; not paired
A0,A0-M00,5,snv,1229.8232156862746,-0.06237485487509353,difference of equal-sample representative means; not paired
A0,A0-M00,5,snv,1235.2839607843139,-0.05889705459097305,difference of equal-sample representative means; not paired
A0,A0-M00,5,snv,1240.7447058823532,-0.05535070709559187,difference of equal-sample representative means; not paired
A0,A0-M00,5,snv,1246.2054509803922,-0.05154381406585484,difference of equal-sample representative means; not paired
A0,A0-M00,5,snv,1251.6661960784315,-0.04770585869979804,difference of equal-sample representative means; not paired
A0,A0-M00,5,snv,1257.1269411764706,-0.04417560670335785,difference of equal-sample representative means; not paired
A0,A0-M00,5,snv,1262.58768627451,-0.04099215587300531,difference of equal-sample representative means; not paired
A0,A0-M00,5,snv,1268.0484313725492,-0.038017235131791116,difference of equal-sample representative means; not paired
A0,A0-M00,5,snv,1273.5091764705883,-0.0366535764107736,difference of equal-sample representative means; not paired
A0,A0-M00,5,snv,1278.9699215686276,-0.03324129059516223,difference of equal-sample representative means; not paired
A0,A0-M00,5,snv,1284.4306666666666,-0.02974393966327815,difference of equal-sample representative means; not paired
A0,A0-M00,5,snv,1289.891411764706,-0.02703955319992013,difference of equal-sample representative means; not paired
A0,A0-M00,5,snv,1295.3521568627452,-0.02506862748299188,difference of equal-sample representative means; not paired
A0,A0-M00,5,snv,1300.8129019607845,-0.023969258423503392,difference of equal-sample representative means; not paired
A0,A0-M00,5,snv,1306.2736470588236,-0.024246659351041755,difference of equal-sample representative means; not paired
A0,A0-M00,5,snv,1311.734392156863,-0.025868280815469324,difference of equal-sample representative means; not paired
A0,A0-M00,5,snv,1317.195137254902,-0.030503636547128732,difference of equal-sample representative means; not paired
A0,A0-M00,5,snv,1322.6558823529413,-0.03670961704749831,difference of equal-sample representative means; not paired
A0,A0-M00,5,snv,1328.1166274509806,-0.04448389592703239,difference of equal-sample representative means; not paired
A0,A0-M00,5,snv,1333.5773725490199,-0.054150644029409056,difference of equal-sample representative means; not paired
A0,A0-M00,5,snv,1339.038117647059,-0.06541178619476651,difference of equal-sample representative means; not paired
A0,A0-M00,5,snv,1344.4988627450982,-0.07750332398022297,difference of equal-sample representative means; not paired
A0,A0-M00,5,snv,1349.9596078431373,-0.08968194840036059,difference of equal-sample representative means; not paired
A0,A0-M00,5,snv,1355.4203529411766,-0.10049973839830062,difference of equal-sample representative means; not paired
A0,A0-M00,5,snv,1360.8810980392159,-0.11047397951198079,difference of equal-sample representative means; not paired
A0,A0-M00,5,snv,1366.341843137255,-0.11940205309815288,difference of equal-sample representative means; not paired
A0,A0-M00,5,snv,1371.8025882352943,-0.1254138125374109,difference of equal-sample representative means; not paired
A0,A0-M00,5,snv,1377.2633333333333,-0.12919237770350223,difference of equal-sample representative means; not paired
A0,A0-M00,5,snv,1382.7240784313726,-0.1326473893293011,difference of equal-sample representative means; not paired
A0,A0-M00,5,snv,1388.184823529412,-0.13709755424859627,difference of equal-sample representative means; not paired
A0,A0-M00,5,snv,1393.6455686274512,-0.14225596461255446,difference of equal-sample representative means; not paired
A0,A0-M00,5,snv,1399.1063137254903,-0.14480379105168278,difference of equal-sample representative means; not paired
A0,A0-M00,5,snv,1404.5670588235296,-0.14539850853986075,difference of equal-sample representative means; not paired
A0,A0-M00,5,snv,1410.0278039215686,-0.14261814818922636,difference of equal-sample representative means; not paired
A0,A0-M00,5,snv,1415.488549019608,-0.13667712192695836,difference of equal-sample representative means; not paired
A0,A0-M00,5,snv,1420.9492941176472,-0.12859345749089668,difference of equal-sample representative means; not paired
A0,A0-M00,5,snv,1426.4100392156865,-0.1197322814483679,difference of equal-sample representative means; not paired
A0,A0-M00,5,snv,1431.8707843137256,-0.11163318432707203,difference of equal-sample representative means; not paired
A0,A0-M00,5,snv,1437.3315294117647,-0.10592666121298572,difference of equal-sample representative means; not paired
A0,A0-M00,5,snv,1442.792274509804,-0.10164726334590335,difference of equal-sample representative means; not paired
A0,A0-M00,5,snv,1448.2530196078433,-0.09781282840705235,difference of equal-sample representative means; not paired
A0,A0-M00,5,snv,1453.7137647058826,-0.0943235664746116,difference of equal-sample representative means; not paired
A0,A0-M00,5,snv,1459.1745098039219,-0.09174254893506845,difference of equal-sample representative means; not paired
A0,A0-M00,5,snv,1464.635254901961,-0.09019234957964428,difference of equal-sample representative means; not paired
A0,A0-M00,5,snv,1470.096,-0.08892050611766933,difference of equal-sample representative means; not paired
A0,A0-M00,5,snv,1475.5567450980393,-0.08810533477182525,difference of equal-sample representative means; not paired
A0,A0-M00,5,snv,1481.0174901960786,-0.08783258872239352,difference of equal-sample representative means; not paired
A0,A0-M00,5,snv,1486.478235294118,-0.08876199768794635,difference of equal-sample representative means; not paired
A0,A0-M00,5,snv,1491.938980392157,-0.08983227017365569,difference of equal-sample representative means; not paired
A0,A0-M00,5,snv,1497.3997254901963,-0.09113265044985702,difference of equal-sample representative means; not paired
A0,A0-M00,5,snv,1502.8604705882353,-0.09277634094370035,difference of equal-sample representative means; not paired
A0,A0-M00,5,snv,1508.3212156862746,-0.0946376199151131,difference of equal-sample representative means; not paired
A0,A0-M00,5,snv,1513.781960784314,-0.09689601635686018,difference of equal-sample representative means; not paired
A0,A0-M00,5,snv,1519.2427058823532,-0.09810349074281943,difference of equal-sample representative means; not paired
A0,A0-M00,5,snv,1524.7034509803923,-0.09932407018263023,difference of equal-sample representative means; not paired
A0,A0-M00,5,snv,1530.1641960784316,-0.10021807163335128,difference of equal-sample representative means; not paired
A0,A0-M00,5,snv,1535.6249411764707,-0.10117556984679527,difference of equal-sample representative means; not paired
A0,A0-M00,5,snv,1541.08568627451,-0.10208005147902138,difference of equal-sample representative means; not paired
A0,A0-M00,5,snv,1546.5464313725493,-0.10275110348854438,difference of equal-sample representative means; not paired
A0,A0-M00,5,snv,1552.0071764705885,-0.10346321885651583,difference of equal-sample representative means; not paired
A0,A0-M00,5,snv,1557.4679215686276,-0.10410336363944472,difference of equal-sample representative means; not paired
A0,A0-M00,5,snv,1562.9286666666667,-0.10489034079857584,difference of equal-sample representative means; not paired
A0,A0-M00,5,snv,1568.389411764706,-0.10506049178373728,difference of equal-sample representative means; not paired
A0,A0-M00,5,snv,1573.8501568627453,-0.10533746695196422,difference of equal-sample representative means; not paired
A0,A0-M00,5,snv,1579.3109019607846,-0.10536202121074245,difference of equal-sample representative means; not paired
A0,A0-M00,5,snv,1584.7716470588239,-0.10529378954934182,difference of equal-sample representative means; not paired
A0,A0-M00,5,snv,1590.232392156863,-0.10570607968310125,difference of equal-sample representative means; not paired
A0,A0-M00,5,snv,1595.693137254902,-0.10577775059161731,difference of equal-sample representative means; not paired
A0,A0-M00,5,snv,1601.1538823529413,-0.10640219339549803,difference of equal-sample representative means; not paired
A0,A0-M00,5,snv,1606.6146274509806,-0.1071861770536405,difference of equal-sample representative means; not paired
A0,A0-M00,5,snv,1612.07537254902,-0.1073936260417831,difference of equal-sample representative means; not paired
A0,A0-M00,5,snv,1617.536117647059,-0.10723198626692301,difference of equal-sample representative means; not paired
A0,A0-M00,5,snv,1622.9968627450983,-0.10686764372753296,difference of equal-sample representative means; not paired
A0,A0-M00,5,snv,1628.4576078431373,-0.10611576504053387,difference of equal-sample representative means; not paired
A0,A0-M00,5,snv,1633.9183529411766,-0.10462715550776876,difference of equal-sample representative means; not paired
A0,A0-M00,5,snv,1639.379098039216,-0.10290107738740123,difference of equal-sample representative means; not paired
A0,A0-M00,5,snv,1644.8398431372552,-0.10093982749382407,difference of equal-sample representative means; not paired
A0,A0-M00,5,snv,1650.3005882352943,-0.0977485174844774,difference of equal-sample representative means; not paired
A0,A0-M00,5,snv,1655.7613333333334,-0.09384175978084615,difference of equal-sample representative means; not paired
A0,A0-M00,5,snv,1661.2220784313727,-0.08976005792958786,difference of equal-sample representative means; not paired
A0,A0-M00,5,snv,1666.682823529412,-0.0856797103552086,difference of equal-sample representative means; not paired
A0,A0-M00,5,snv,1672.1435686274513,-0.08184810610190435,difference of equal-sample representative means; not paired
A0,A0-M00,5,snv,1677.6043137254906,-0.0794223237611843,difference of equal-sample representative means; not paired
A0,A0-M00,5,snv,1683.0650588235296,-0.07659003078420035,difference of equal-sample representative means; not paired
A0,A0-M00,5,snv,1688.5258039215687,-0.07420381352696018,difference of equal-sample representative means; not paired
A0,A0-M00,5,snv,1693.986549019608,-0.07129977314519467,difference of equal-sample representative means; not paired
A0,A0-M00,5,snv,1699.4472941176473,-0.06957313677961016,difference of equal-sample representative means; not paired
A0,A0-M00,5,snv,1704.9080392156866,-0.06915862952450699,difference of equal-sample representative means; not paired
A0,A0-M00,5,snv,1710.3687843137257,-0.06909592749313806,difference of equal-sample representative means; not paired
A0,A0-M00,5,snv,1715.829529411765,-0.06882778754384647,difference of equal-sample representative means; not paired
A0,A0-M00,5,snv,1721.290274509804,-0.0682783450551451,difference of equal-sample representative means; not paired
A0,A0-M00,5,snv,1726.7510196078433,-0.06728870699698564,difference of equal-sample representative means; not paired
A0,A0-M00,5,snv,1732.2117647058826,-0.06700389977953325,difference of equal-sample representative means; not paired
A0,A0-M00,5,snv,1737.672509803922,-0.06618665738134455,difference of equal-sample representative means; not paired
A0,A0-M00,5,snv,1743.133254901961,-0.06530505873683146,difference of equal-sample representative means; not paired
A0,A0-M00,5,snv,1748.594,-0.06478406857782776,difference of equal-sample representative means; not paired
A0,A0-M00,5,snv,1754.0547450980393,-0.06450349664426946,difference of equal-sample representative means; not paired
A0,A0-M00,5,snv,1759.5154901960786,-0.06459057178581029,difference of equal-sample representative means; not paired
A0,A0-M00,5,snv,1764.976235294118,-0.06488670564100113,difference of equal-sample representative means; not paired
A0,A0-M00,5,snv,1770.4369803921572,-0.06430551928693867,difference of equal-sample representative means; not paired
A0,A0-M00,5,snv,1775.8977254901963,-0.06412607712266521,difference of equal-sample representative means; not paired
A0,A0-M00,5,snv,1781.3584705882354,-0.0640159401355978,difference of equal-sample representative means; not paired
A0,A0-M00,5,snv,1786.8192156862747,-0.0637099934804301,difference of equal-sample representative means; not paired
A0,A0-M00,5,snv,1792.279960784314,-0.06310789157786989,difference of equal-sample representative means; not paired
A0,A0-M00,5,snv,1797.7407058823533,-0.06235136342853098,difference of equal-sample representative means; not paired
A0,A0-M00,5,snv,1803.2014509803923,-0.06269524645854718,difference of equal-sample representative means; not paired
A0,A0-M00,5,snv,1808.6621960784316,-0.06355172475809012,difference of equal-sample representative means; not paired
A0,A0-M00,5,snv,1814.1229411764707,-0.06431791646572282,difference of equal-sample representative means; not paired
A0,A0-M00,5,snv,1819.58368627451,-0.06435370379089311,difference of equal-sample representative means; not paired
A0,A0-M00,5,snv,1825.0444313725493,-0.06413218336618048,difference of equal-sample representative means; not paired
A0,A0-M00,5,snv,1830.5051764705886,-0.06423219229777721,difference of equal-sample representative means; not paired
A0,A0-M00,5,snv,1835.9659215686277,-0.06492680940496301,difference of equal-sample representative means; not paired
A0,A0-M00,5,snv,1841.4266666666667,-0.06616375496090363,difference of equal-sample representative means; not paired
A0,A0-M00,5,snv,1846.887411764706,-0.06673579245632483,difference of equal-sample representative means; not paired
A0,A0-M00,5,snv,1852.3481568627453,-0.06746469177986236,difference of equal-sample representative means; not paired
A0,A0-M00,5,snv,1857.8089019607846,-0.06840433600383591,difference of equal-sample representative means; not paired
A0,A0-M00,5,snv,1863.269647058824,-0.06920699692345697,difference of equal-sample representative means; not paired
A0,A0-M00,5,snv,1868.730392156863,-0.06933627301036754,difference of equal-sample representative means; not paired
A0,A0-M00,5,snv,1874.191137254902,-0.06871976254648726,difference of equal-sample representative means; not paired
A0,A0-M00,5,snv,1879.6518823529414,-0.06703660070356343,difference of equal-sample representative means; not paired
A0,A0-M00,5,snv,1885.1126274509807,-0.061146916163781984,difference of equal-sample representative means; not paired
A0,A0-M00,5,snv,1890.57337254902,-0.0503576500459314,difference of equal-sample representative means; not paired
A0,A0-M00,5,snv,1896.034117647059,-0.03031527865032657,difference of equal-sample representative means; not paired
A0,A0-M00,5,snv,1901.4948627450983,-0.00492675964418432,difference of equal-sample representative means; not paired
A0,A0-M00,5,snv,1906.9556078431374,0.019993445418806877,difference of equal-sample representative means; not paired
A0,A0-M00,5,snv,1912.4163529411767,0.041268838497211746,difference of equal-sample representative means; not paired
A0,A0-M00,5,snv,1917.877098039216,0.05813909186876831,difference of equal-sample representative means; not paired
A0,A0-M00,5,snv,1923.3378431372553,0.07029124676353349,difference of equal-sample representative means; not paired
A0,A0-M00,5,snv,1928.7985882352943,0.07750950484432573,difference of equal-sample representative means; not paired
A0,A0-M00,5,snv,1934.2593333333336,0.0806444088409699,difference of equal-sample representative means; not paired
A0,A0-M00,5,snv,1939.7200784313727,0.07962982816217012,difference of equal-sample representative means; not paired
A0,A0-M00,5,snv,1945.180823529412,0.07647529335803771,difference of equal-sample representative means; not paired
A0,A0-M00,5,snv,1950.6415686274513,0.07192486168960999,difference of equal-sample representative means; not paired
A0,A0-M00,5,snv,1956.1023137254906,0.0665926629991056,difference of equal-sample representative means; not paired
A0,A0-M00,5,snv,1961.5630588235294,0.06088581351042088,difference of equal-sample representative means; not paired
A0,A0-M00,5,snv,1967.0238039215687,0.053913299581688445,difference of equal-sample representative means; not paired
A0,A0-M00,5,snv,1972.484549019608,0.04913311904276507,difference of equal-sample representative means; not paired
A0,A0-M00,5,snv,1977.9452941176473,0.0441892559353676,difference of equal-sample representative means; not paired
A0,A0-M00,5,snv,1983.4060392156866,0.03872486170002398,difference of equal-sample representative means; not paired
A0,A0-M00,5,snv,1988.866784313726,0.03375749491057012,difference of equal-sample representative means; not paired
A0,A0-M00,5,snv,1994.3275294117648,0.02970535072971825,difference of equal-sample representative means; not paired
A0,A0-M00,5,snv,1999.788274509804,0.02663036264463281,difference of equal-sample representative means; not paired
A0,A0-M00,5,snv,2005.2490196078434,0.024830113352313887,difference of equal-sample representative means; not paired
A0,A0-M00,5,snv,2010.7097647058827,0.0249494838331058,difference of equal-sample representative means; not paired
A0,A0-M00,5,snv,2016.170509803922,0.02476907430226749,difference of equal-sample representative means; not paired
A0,A0-M00,5,snv,2021.6312549019613,0.0276318140555738,difference of equal-sample representative means; not paired
A0,A0-M00,5,snv,2027.092,0.031049551237096407,difference of equal-sample representative means; not paired
A0,A0-M00,5,snv,2032.5527450980394,0.0354356954310302,difference of equal-sample representative means; not paired
A0,A0-M00,5,snv,2038.0134901960787,0.041102847994404224,difference of equal-sample representative means; not paired
A0,A0-M00,5,snv,2043.474235294118,0.0473830028851423,difference of equal-sample representative means; not paired
A0,A0-M00,5,snv,2048.9349803921573,0.05319410126146695,difference of equal-sample representative means; not paired
A0,A0-M00,5,snv,2054.3957254901966,0.05808917789674806,difference of equal-sample representative means; not paired
A0,A0-M00,5,snv,2059.8564705882354,0.06340336420095705,difference of equal-sample representative means; not paired
A0,A0-M00,5,snv,2065.3172156862747,0.06847895887826727,difference of equal-sample representative means; not paired
A0,A0-M00,5,snv,2070.777960784314,0.07333579179007965,difference of equal-sample representative means; not paired
A0,A0-M00,5,snv,2076.2387058823533,0.07785965585701726,difference of equal-sample representative means; not paired
A0,A0-M00,5,snv,2081.6994509803926,0.08167475740486374,difference of equal-sample representative means; not paired
A0,A0-M00,5,snv,2087.1601960784315,0.08448383584261565,difference of equal-sample representative means; not paired
A0,A0-M00,5,snv,2092.6209411764708,0.08664954529315194,difference of equal-sample representative means; not paired
A0,A0-M00,5,snv,2098.08168627451,0.08801511258455763,difference of equal-sample representative means; not paired
A0,A0-M00,5,snv,2103.5424313725493,0.088766338976489,difference of equal-sample representative means; not paired
A0,A0-M00,5,snv,2109.0031764705886,0.08947771400827564,difference of equal-sample representative means; not paired
A0,A0-M00,5,snv,2114.463921568628,0.08957249274314516,difference of equal-sample representative means; not paired
A0,A0-M00,5,snv,2119.924666666667,0.08933255423378683,difference of equal-sample representative means; not paired
A0,A0-M00,5,snv,2125.385411764706,0.08871156822122628,difference of equal-sample representative means; not paired
A0,A0-M00,5,snv,2130.8461568627454,0.08721728310690025,difference of equal-sample representative means; not paired
A0,A0-M00,5,snv,2136.3069019607847,0.08697761609059729,difference of equal-sample representative means; not paired
A0,A0-M00,5,snv,2141.767647058824,0.08652097111179446,difference of equal-sample representative means; not paired
A0,A0-M00,5,snv,2147.2283921568633,0.08405606203802485,difference of equal-sample representative means; not paired
A0,A0-M00,5,snv,2152.689137254902,0.08298960562403512,difference of equal-sample representative means; not paired
A0,A0-M00,5,snv,2158.1498823529414,0.08119263353589146,difference of equal-sample representative means; not paired
A0,A0-M00,5,snv,2163.6106274509807,0.07835217316944898,difference of equal-sample representative means; not paired
A0,A0-M00,5,snv,2169.07137254902,0.07606131195187515,difference of equal-sample representative means; not paired
A0,A0-M00,5,snv,2174.5321176470593,0.07477622410635432,difference of equal-sample representative means; not paired
A0,A0-M00,5,snv,2179.992862745098,0.07276021697199764,difference of equal-sample representative means; not paired
A0,A0-M00,5,snv,2185.4536078431374,0.06965935375041865,difference of equal-sample representative means; not paired
A0,A0-M00,5,snv,2190.9143529411767,0.06837139230263256,difference of equal-sample representative means; not paired
A0,A0-M00,5,snv,2196.375098039216,0.0668468229594621,difference of equal-sample representative means; not paired
A0,A0-M00,5,snv,2201.8358431372553,0.06589647198226645,difference of equal-sample representative means; not paired
A0,A0-M00,5,snv,2207.2965882352946,0.06594701763888067,difference of equal-sample representative means; not paired
A0,A0-M00,5,snv,2212.7573333333335,0.0656376879167253,difference of equal-sample representative means; not paired
A0,A0-M00,5,snv,2218.2180784313728,0.06342400487842759,difference of equal-sample representative means; not paired
A0,A0-M00,5,snv,2223.678823529412,0.06556192260136762,difference of equal-sample representative means; not paired
A0,A0-M00,5,snv,2229.1395686274514,0.064646929487162,difference of equal-sample representative means; not paired
A0,A0-M00,5,snv,2234.6003137254907,0.06963050443676722,difference of equal-sample representative means; not paired
A0,A0-M00,5,snv,2240.06105882353,0.0738467113061615,difference of equal-sample representative means; not paired
A0,A0-M00,5,snv,2245.521803921569,0.07846776842489067,difference of equal-sample representative means; not paired
A0,A0-M00,5,snv,2250.982549019608,0.08622705316017387,difference of equal-sample representative means; not paired
A0,A0-M00,5,snv,2256.4432941176474,0.09741512575204547,difference of equal-sample representative means; not paired
A0,A0-M00,5,snv,2261.9040392156867,0.11459369906488748,difference of equal-sample representative means; not paired
A0,A0-M00,5,snv,2267.364784313726,0.13185939273351233,difference of equal-sample representative means; not paired
A0,A0-M00,5,snv,2272.825529411765,0.1444402708004835,difference of equal-sample representative means; not paired
A0,A0-M00,5,snv,2278.286274509804,0.1582807126726653,difference of equal-sample representative means; not paired
A0,A0-M00,5,snv,2283.7470196078434,0.17162135912534326,difference of equal-sample representative means; not paired
A0,A0-M00,5,snv,2289.2077647058827,0.18429472391498258,difference of equal-sample representative means; not paired
A0,A0-M00,5,snv,2294.668509803922,0.19637207162627113,difference of equal-sample representative means; not paired
A0,A0-M00,5,snv,2300.1292549019613,0.2070334098159219,difference of equal-sample representative means; not paired
A0,A0-M00,5,snv,2305.59,0.22004160206520673,difference of equal-sample representative means; not paired
A0,A0-M00,5,second_derivative,913.1,-4.65282516376092e-05,difference of equal-sample representative means; not paired
A0,A0-M00,5,second_derivative,918.5607450980392,-4.65282516376092e-05,difference of equal-sample representative means; not paired
A0,A0-M00,5,second_derivative,924.0214901960785,-4.65282516376092e-05,difference of equal-sample representative means; not paired
A0,A0-M00,5,second_derivative,929.4822352941177,-4.6528251637609566e-05,difference of equal-sample representative means; not paired
A0,A0-M00,5,second_derivative,934.9429803921569,-1.6558344090398345e-05,difference of equal-sample representative means; not paired
A0,A0-M00,5,second_derivative,940.4037254901962,-7.452086110526007e-06,difference of equal-sample representative means; not paired
A0,A0-M00,5,second_derivative,945.8644705882353,4.1678501109205715e-07,difference of equal-sample representative means; not paired
A0,A0-M00,5,second_derivative,951.3252156862745,2.927956748270399e-06,difference of equal-sample representative means; not paired
A0,A0-M00,5,second_derivative,956.7859607843137,1.443905124728795e-06,difference of equal-sample representative means; not paired
A0,A0-M00,5,second_derivative,962.246705882353,7.159615110266335e-07,difference of equal-sample representative means; not paired
A0,A0-M00,5,second_derivative,967.7074509803922,-9.54888831031694e-07,difference of equal-sample representative means; not paired
A0,A0-M00,5,second_derivative,973.1681960784314,-3.3255804950611846e-06,difference of equal-sample representative means; not paired
A0,A0-M00,5,second_derivative,978.6289411764706,-5.382522141760032e-06,difference of equal-sample representative means; not paired
A0,A0-M00,5,second_derivative,984.0896862745099,-6.83886202512527e-06,difference of equal-sample representative means; not paired
A0,A0-M00,5,second_derivative,989.550431372549,-7.045189476891579e-06,difference of equal-sample representative means; not paired
A0,A0-M00,5,second_derivative,995.0111764705882,-6.030873399253531e-06,difference of equal-sample representative means; not paired
A0,A0-M00,5,second_derivative,1000.4719215686275,-4.570953991476731e-06,difference of equal-sample representative means; not paired
A0,A0-M00,5,second_derivative,1005.9326666666667,-3.107370697519532e-06,difference of equal-sample representative means; not paired
A0,A0-M00,5,second_derivative,1011.3934117647059,-1.9365766587237863e-06,difference of equal-sample representative means; not paired
A0,A0-M00,5,second_derivative,1016.8541568627452,-1.1998815915185264e-06,difference of equal-sample representative means; not paired
A0,A0-M00,5,second_derivative,1022.3149019607844,-9.150184982099083e-07,difference of equal-sample representative means; not paired
A0,A0-M00,5,second_derivative,1027.7756470588236,-5.783290556473005e-07,difference of equal-sample representative means; not paired
A0,A0-M00,5,second_derivative,1033.2363921568628,-7.3388944050991944e-09,difference of equal-sample representative means; not paired
A0,A0-M00,5,second_derivative,1038.697137254902,7.790428192260639e-07,difference of equal-sample representative means; not paired
A0,A0-M00,5,second_derivative,1044.1578823529412,1.5159113970565326e-06,difference of equal-sample representative means; not paired
A0,A0-M00,5,second_derivative,1049.6186274509805,1.3178121705588075e-06,difference of equal-sample representative means; not paired
A0,A0-M00,5,second_derivative,1055.0793725490196,9.785799614062259e-07,difference of equal-sample representative means; not paired
A0,A0-M00,5,second_derivative,1060.5401176470589,5.499407074853312e-07,difference of equal-sample representative means; not paired
A0,A0-M00,5,second_derivative,1066.0008627450982,1.983912060894083e-07,difference of equal-sample representative means; not paired
A0,A0-M00,5,second_derivative,1071.4616078431372,-3.4114266711716783e-07,difference of equal-sample representative means; not paired
A0,A0-M00,5,second_derivative,1076.9223529411765,-7.665752056779768e-07,difference of equal-sample representative means; not paired
A0,A0-M00,5,second_derivative,1082.3830980392158,-3.4664249631850036e-07,difference of equal-sample representative means; not paired
A0,A0-M00,5,second_derivative,1087.843843137255,1.1900685030071625e-06,difference of equal-sample representative means; not paired
A0,A0-M00,5,second_derivative,1093.3045882352942,2.9366251120159247e-06,difference of equal-sample representative means; not paired
A0,A0-M00,5,second_derivative,1098.7653333333333,5.384962806588987e-06,difference of equal-sample representative means; not paired
A0,A0-M00,5,second_derivative,1104.2260784313726,8.293275324999341e-06,difference of equal-sample representative means; not paired
A0,A0-M00,5,second_derivative,1109.6868235294119,1.165835675686569e-05,difference of equal-sample representative means; not paired
A0,A0-M00,5,second_derivative,1115.1475686274512,1.4130284899213672e-05,difference of equal-sample representative means; not paired
A0,A0-M00,5,second_derivative,1120.6083137254902,1.3645853049903108e-05,difference of equal-sample representative means; not paired
A0,A0-M00,5,second_derivative,1126.0690588235295,9.408773992106208e-06,difference of equal-sample representative means; not paired
A0,A0-M00,5,second_derivative,1131.5298039215686,4.153830958291521e-06,difference of equal-sample representative means; not paired
A0,A0-M00,5,second_derivative,1136.990549019608,9.311970238062521e-07,difference of equal-sample representative means; not paired
A0,A0-M00,5,second_derivative,1142.4512941176472,5.336127715258238e-07,difference of equal-sample representative means; not paired
A0,A0-M00,5,second_derivative,1147.9120392156863,5.615960086418796e-07,difference of equal-sample representative means; not paired
A0,A0-M00,5,second_derivative,1153.3727843137256,-4.4763178849507834e-07,difference of equal-sample representative means; not paired
A0,A0-M00,5,second_derivative,1158.8335294117649,-2.7022288711665952e-06,difference of equal-sample representative means; not paired
A0,A0-M00,5,second_derivative,1164.294274509804,-4.524878020633767e-06,difference of equal-sample representative means; not paired
A0,A0-M00,5,second_derivative,1169.7550196078432,-3.7964006918763054e-06,difference of equal-sample representative means; not paired
A0,A0-M00,5,second_derivative,1175.2157647058825,-1.5983986680523132e-06,difference of equal-sample representative means; not paired
A0,A0-M00,5,second_derivative,1180.6765098039216,-1.5308779258410977e-06,difference of equal-sample representative means; not paired
A0,A0-M00,5,second_derivative,1186.137254901961,-3.9986209251046235e-06,difference of equal-sample representative means; not paired
A0,A0-M00,5,second_derivative,1191.598,-7.593088014000347e-06,difference of equal-sample representative means; not paired
A0,A0-M00,5,second_derivative,1197.0587450980393,-9.924195631848749e-06,difference of equal-sample representative means; not paired
A0,A0-M00,5,second_derivative,1202.5194901960786,-9.476614992722074e-06,difference of equal-sample representative means; not paired
A0,A0-M00,5,second_derivative,1207.9802352941178,-7.491418408478515e-06,difference of equal-sample representative means; not paired
A0,A0-M00,5,second_derivative,1213.440980392157,-6.772800882694563e-06,difference of equal-sample representative means; not paired
A0,A0-M00,5,second_derivative,1218.9017254901962,-7.275002951279165e-06,difference of equal-sample representative means; not paired
A0,A0-M00,5,second_derivative,1224.3624705882353,-7.382160591272114e-06,difference of equal-sample representative means; not paired
A0,A0-M00,5,second_derivative,1229.8232156862746,-6.0654751747986535e-06,difference of equal-sample representative means; not paired
A0,A0-M00,5,second_derivative,1235.2839607843139,-3.5157956380682767e-06,difference of equal-sample representative means; not paired
A0,A0-M00,5,second_derivative,1240.7447058823532,-7.286495178772708e-07,difference of equal-sample representative means; not paired
A0,A0-M00,5,second_derivative,1246.2054509803922,1.2956130415371393e-06,difference of equal-sample representative means; not paired
A0,A0-M00,5,second_derivative,1251.6661960784315,2.2494085524773968e-06,difference of equal-sample representative means; not paired
A0,A0-M00,5,second_derivative,1257.1269411764706,2.79222987746227e-06,difference of equal-sample representative means; not paired
A0,A0-M00,5,second_derivative,1262.58768627451,1.7642617376010959e-06,difference of equal-sample representative means; not paired
A0,A0-M00,5,second_derivative,1268.0484313725492,1.792160264423184e-07,difference of equal-sample representative means; not paired
A0,A0-M00,5,second_derivative,1273.5091764705883,-8.125821444208713e-07,difference of equal-sample representative means; not paired
A0,A0-M00,5,second_derivative,1278.9699215686276,-6.183379315816602e-07,difference of equal-sample representative means; not paired
A0,A0-M00,5,second_derivative,1284.4306666666666,9.43684143203346e-07,difference of equal-sample representative means; not paired
A0,A0-M00,5,second_derivative,1289.891411764706,3.6339120627120498e-06,difference of equal-sample representative means; not paired
A0,A0-M00,5,second_derivative,1295.3521568627452,5.5011020282640895e-06,difference of equal-sample representative means; not paired
A0,A0-M00,5,second_derivative,1300.8129019607845,7.642523235973916e-06,difference of equal-sample representative means; not paired
A0,A0-M00,5,second_derivative,1306.2736470588236,9.376781824299457e-06,difference of equal-sample representative means; not paired
A0,A0-M00,5,second_derivative,1311.734392156863,1.032936122659576e-05,difference of equal-sample representative means; not paired
A0,A0-M00,5,second_derivative,1317.195137254902,1.082116893109559e-05,difference of equal-sample representative means; not paired
A0,A0-M00,5,second_derivative,1322.6558823529413,1.1217880077985908e-05,difference of equal-sample representative means; not paired
A0,A0-M00,5,second_derivative,1328.1166274509806,1.1295560153245843e-05,difference of equal-sample representative means; not paired
A0,A0-M00,5,second_derivative,1333.5773725490199,1.0826756375022396e-05,difference of equal-sample representative means; not paired
A0,A0-M00,5,second_derivative,1339.038117647059,8.109161280174376e-06,difference of equal-sample representative means; not paired
A0,A0-M00,5,second_derivative,1344.4988627450982,3.868588593168853e-06,difference of equal-sample representative means; not paired
A0,A0-M00,5,second_derivative,1349.9596078431373,-1.3701636005317013e-07,difference of equal-sample representative means; not paired
A0,A0-M00,5,second_derivative,1355.4203529411766,-3.7840845964985767e-06,difference of equal-sample representative means; not paired
A0,A0-M00,5,second_derivative,1360.8810980392159,-6.790548546754206e-06,difference of equal-sample representative means; not paired
A0,A0-M00,5,second_derivative,1366.341843137255,-8.134356608495773e-06,difference of equal-sample representative means; not paired
A0,A0-M00,5,second_derivative,1371.8025882352943,-6.517602172862049e-06,difference of equal-sample representative means; not paired
A0,A0-M00,5,second_derivative,1377.2633333333333,5.246966207604766e-08,difference of equal-sample representative means; not paired
A0,A0-M00,5,second_derivative,1382.7240784313726,8.240634011459804e-06,difference of equal-sample representative means; not paired
A0,A0-M00,5,second_derivative,1388.184823529412,1.374117244248968e-05,difference of equal-sample representative means; not paired
A0,A0-M00,5,second_derivative,1393.6455686274512,1.4066077909759208e-05,difference of equal-sample representative means; not paired
A0,A0-M00,5,second_derivative,1399.1063137254903,9.608678596933237e-06,difference of equal-sample representative means; not paired
A0,A0-M00,5,second_derivative,1404.5670588235296,2.7095044007852766e-06,difference of equal-sample representative means; not paired
A0,A0-M00,5,second_derivative,1410.0278039215686,-4.089125397370179e-06,difference of equal-sample representative means; not paired
A0,A0-M00,5,second_derivative,1415.488549019608,-1.0589236476362819e-05,difference of equal-sample representative means; not paired
A0,A0-M00,5,second_derivative,1420.9492941176472,-1.4828220208827187e-05,difference of equal-sample representative means; not paired
A0,A0-M00,5,second_derivative,1426.4100392156865,-1.610792245330054e-05,difference of equal-sample representative means; not paired
A0,A0-M00,5,second_derivative,1431.8707843137256,-1.4957157049179812e-05,difference of equal-sample representative means; not paired
A0,A0-M00,5,second_derivative,1437.3315294117647,-1.2530223801636813e-05,difference of equal-sample representative means; not paired
A0,A0-M00,5,second_derivative,1442.792274509804,-9.48129020321427e-06,difference of equal-sample representative means; not paired
A0,A0-M00,5,second_derivative,1448.2530196078433,-6.092719402123398e-06,difference of equal-sample representative means; not paired
A0,A0-M00,5,second_derivative,1453.7137647058826,-3.339699607358309e-06,difference of equal-sample representative means; not paired
A0,A0-M00,5,second_derivative,1459.1745098039219,-1.5772055923394839e-06,difference of equal-sample representative means; not paired
A0,A0-M00,5,second_derivative,1464.635254901961,-1.4463451941673206e-06,difference of equal-sample representative means; not paired
A0,A0-M00,5,second_derivative,1470.096,-2.0119625935450357e-06,difference of equal-sample representative means; not paired
A0,A0-M00,5,second_derivative,1475.5567450980393,-2.441393818499505e-06,difference of equal-sample representative means; not paired
A0,A0-M00,5,second_derivative,1481.0174901960786,-2.3508148895705077e-06,difference of equal-sample representative means; not paired
A0,A0-M00,5,second_derivative,1486.478235294118,-2.0716577258009856e-06,difference of equal-sample representative means; not paired
A0,A0-M00,5,second_derivative,1491.938980392157,-1.5674962090559075e-06,difference of equal-sample representative means; not paired
A0,A0-M00,5,second_derivative,1497.3997254901963,-1.0335810013311032e-06,difference of equal-sample representative means; not paired
A0,A0-M00,5,second_derivative,1502.8604705882353,-1.0187320882478126e-06,difference of equal-sample representative means; not paired
A0,A0-M00,5,second_derivative,1508.3212156862746,-1.1438894943257214e-06,difference of equal-sample representative means; not paired
A0,A0-M00,5,second_derivative,1513.781960784314,-8.252119971690944e-07,difference of equal-sample representative means; not paired
A0,A0-M00,5,second_derivative,1519.2427058823532,1.5843455110440583e-07,difference of equal-sample representative means; not paired
A0,A0-M00,5,second_derivative,1524.7034509803923,1.2691943309662317e-06,difference of equal-sample representative means; not paired
A0,A0-M00,5,second_derivative,1530.1641960784316,1.6439242292259792e-06,difference of equal-sample representative means; not paired
A0,A0-M00,5,second_derivative,1535.6249411764707,5.410056187705326e-07,difference of equal-sample representative means; not paired
A0,A0-M00,5,second_derivative,1541.08568627451,-1.0812648056207877e-07,difference of equal-sample representative means; not paired
A0,A0-M00,5,second_derivative,1546.5464313725493,-4.5470545275936964e-07,difference of equal-sample representative means; not paired
A0,A0-M00,5,second_derivative,1552.0071764705885,-4.29206092926024e-07,difference of equal-sample representative means; not paired
A0,A0-M00,5,second_derivative,1557.4679215686276,-2.636035218751163e-07,difference of equal-sample representative means; not paired
A0,A0-M00,5,second_derivative,1562.9286666666667,-4.4083510819639175e-07,difference of equal-sample representative means; not paired
A0,A0-M00,5,second_derivative,1568.389411764706,-7.198209510796357e-07,difference of equal-sample representative means; not paired
A0,A0-M00,5,second_derivative,1573.8501568627453,-4.6613566894363147e-07,difference of equal-sample representative means; not paired
A0,A0-M00,5,second_derivative,1579.3109019607846,-1.1310241970656894e-06,difference of equal-sample representative means; not paired
A0,A0-M00,5,second_derivative,1584.7716470588239,-2.4036444921539035e-06,difference of equal-sample representative means; not paired
A0,A0-M00,5,second_derivative,1590.232392156863,-3.3747562247828692e-06,difference of equal-sample representative means; not paired
A0,A0-M00,5,second_derivative,1595.693137254902,-4.071682272850374e-06,difference of equal-sample representative means; not paired
A0,A0-M00,5,second_derivative,1601.1538823529413,-3.859514267122727e-06,difference of equal-sample representative means; not paired
A0,A0-M00,5,second_derivative,1606.6146274509806,-2.5998031628391194e-06,difference of equal-sample representative means; not paired
A0,A0-M00,5,second_derivative,1612.07537254902,-1.2489615755909453e-06,difference of equal-sample representative means; not paired
A0,A0-M00,5,second_derivative,1617.536117647059,1.263296220416639e-07,difference of equal-sample representative means; not paired
A0,A0-M00,5,second_derivative,1622.9968627450983,1.1417530407702737e-06,difference of equal-sample representative means; not paired
A0,A0-M00,5,second_derivative,1628.4576078431373,1.928606549850791e-06,difference of equal-sample representative means; not paired
A0,A0-M00,5,second_derivative,1633.9183529411766,2.853892609352207e-06,difference of equal-sample representative means; not paired
A0,A0-M00,5,second_derivative,1639.379098039216,3.789344337838198e-06,difference of equal-sample representative means; not paired
A0,A0-M00,5,second_derivative,1644.8398431372552,4.327338226461569e-06,difference of equal-sample representative means; not paired
A0,A0-M00,5,second_derivative,1650.3005882352943,4.199774084217351e-06,difference of equal-sample representative means; not paired
A0,A0-M00,5,second_derivative,1655.7613333333334,3.326910053689337e-06,difference of equal-sample representative means; not paired
A0,A0-M00,5,second_derivative,1661.2220784313727,2.5322865553535227e-06,difference of equal-sample representative means; not paired
A0,A0-M00,5,second_derivative,1666.682823529412,5.549654711331523e-07,difference of equal-sample representative means; not paired
A0,A0-M00,5,second_derivative,1672.1435686274513,-1.2653862757342743e-06,difference of equal-sample representative means; not paired
A0,A0-M00,5,second_derivative,1677.6043137254906,-1.6440241120265537e-06,difference of equal-sample representative means; not paired
A0,A0-M00,5,second_derivative,1683.0650588235296,-3.2778692491397487e-07,difference of equal-sample representative means; not paired
A0,A0-M00,5,second_derivative,1688.5258039215687,1.9751644846912743e-06,difference of equal-sample representative means; not paired
A0,A0-M00,5,second_derivative,1693.986549019608,3.5832994018600213e-06,difference of equal-sample representative means; not paired
A0,A0-M00,5,second_derivative,1699.4472941176473,2.5219868128116276e-06,difference of equal-sample representative means; not paired
A0,A0-M00,5,second_derivative,1704.9080392156866,1.2603683474228815e-06,difference of equal-sample representative means; not paired
A0,A0-M00,5,second_derivative,1710.3687843137257,2.60387569896119e-07,difference of equal-sample representative means; not paired
A0,A0-M00,5,second_derivative,1715.829529411765,-3.2190149839402276e-07,difference of equal-sample representative means; not paired
A0,A0-M00,5,second_derivative,1721.290274509804,-8.517906394758363e-07,difference of equal-sample representative means; not paired
A0,A0-M00,5,second_derivative,1726.7510196078433,-8.72998556837283e-07,difference of equal-sample representative means; not paired
A0,A0-M00,5,second_derivative,1732.2117647058826,-3.1323558174435903e-07,difference of equal-sample representative means; not paired
A0,A0-M00,5,second_derivative,1737.672509803922,7.290161078047173e-07,difference of equal-sample representative means; not paired
A0,A0-M00,5,second_derivative,1743.133254901961,1.5972417210403719e-06,difference of equal-sample representative means; not paired
A0,A0-M00,5,second_derivative,1748.594,1.9489244941885226e-06,difference of equal-sample representative means; not paired
A0,A0-M00,5,second_derivative,1754.0547450980393,1.2024583435744426e-06,difference of equal-sample representative means; not paired
A0,A0-M00,5,second_derivative,1759.5154901960786,4.006944616823231e-07,difference of equal-sample representative means; not paired
A0,A0-M00,5,second_derivative,1764.976235294118,-2.3739891883923346e-07,difference of equal-sample representative means; not paired
A0,A0-M00,5,second_derivative,1770.4369803921572,-1.1147489808359515e-06,difference of equal-sample representative means; not paired
A0,A0-M00,5,second_derivative,1775.8977254901963,-1.7937281497589557e-06,difference of equal-sample representative means; not paired
A0,A0-M00,5,second_derivative,1781.3584705882354,-2.490316493997173e-06,difference of equal-sample representative means; not paired
A0,A0-M00,5,second_derivative,1786.8192156862747,-3.1346784668997026e-06,difference of equal-sample representative means; not paired
A0,A0-M00,5,second_derivative,1792.279960784314,-2.244211219751644e-06,difference of equal-sample representative means; not paired
A0,A0-M00,5,second_derivative,1797.7407058823533,-8.575319459349685e-07,difference of equal-sample representative means; not paired
A0,A0-M00,5,second_derivative,1803.2014509803923,1.6550683089229748e-08,difference of equal-sample representative means; not paired
A0,A0-M00,5,second_derivative,1808.6621960784316,-1.958959163150087e-07,difference of equal-sample representative means; not paired
A0,A0-M00,5,second_derivative,1814.1229411764707,-8.811959572819836e-07,difference of equal-sample representative means; not paired
A0,A0-M00,5,second_derivative,1819.58368627451,-9.90889130711582e-07,difference of equal-sample representative means; not paired
A0,A0-M00,5,second_derivative,1825.0444313725493,-3.65280799564611e-07,difference of equal-sample representative means; not paired
A0,A0-M00,5,second_derivative,1830.5051764705886,-3.0213681995812373e-07,difference of equal-sample representative means; not paired
A0,A0-M00,5,second_derivative,1835.9659215686277,1.757012637848547e-07,difference of equal-sample representative means; not paired
A0,A0-M00,5,second_derivative,1841.4266666666667,1.72509370148929e-06,difference of equal-sample representative means; not paired
A0,A0-M00,5,second_derivative,1846.887411764706,3.927643164606918e-06,difference of equal-sample representative means; not paired
A0,A0-M00,5,second_derivative,1852.3481568627453,5.781559949679022e-06,difference of equal-sample representative means; not paired
A0,A0-M00,5,second_derivative,1857.8089019607846,6.484700528584205e-06,difference of equal-sample representative means; not paired
A0,A0-M00,5,second_derivative,1863.269647058824,7.237794487189611e-06,difference of equal-sample representative means; not paired
A0,A0-M00,5,second_derivative,1868.730392156863,9.751526691056581e-06,difference of equal-sample representative means; not paired
A0,A0-M00,5,second_derivative,1874.191137254902,1.1145980204949884e-05,difference of equal-sample representative means; not paired
A0,A0-M00,5,second_derivative,1879.6518823529414,7.267975785901309e-06,difference of equal-sample representative means; not paired
A0,A0-M00,5,second_derivative,1885.1126274509807,-1.3107383005375403e-06,difference of equal-sample representative means; not paired
A0,A0-M00,5,second_derivative,1890.57337254902,-8.946279543561576e-06,difference of equal-sample representative means; not paired
A0,A0-M00,5,second_derivative,1896.034117647059,-1.1210601527222031e-05,difference of equal-sample representative means; not paired
A0,A0-M00,5,second_derivative,1901.4948627450983,-8.621365871806165e-06,difference of equal-sample representative means; not paired
A0,A0-M00,5,second_derivative,1906.9556078431374,-5.770503331064498e-06,difference of equal-sample representative means; not paired
A0,A0-M00,5,second_derivative,1912.4163529411767,-4.572696293718453e-06,difference of equal-sample representative means; not paired
A0,A0-M00,5,second_derivative,1917.877098039216,-3.772470940939461e-06,difference of equal-sample representative means; not paired
A0,A0-M00,5,second_derivative,1923.3378431372553,-1.2753008157450252e-06,difference of equal-sample representative means; not paired
A0,A0-M00,5,second_derivative,1928.7985882352943,1.5014864417482623e-06,difference of equal-sample representative means; not paired
A0,A0-M00,5,second_derivative,1934.2593333333336,2.428225636575299e-06,difference of equal-sample representative means; not paired
A0,A0-M00,5,second_derivative,1939.7200784313727,1.0769726859533084e-06,difference of equal-sample representative means; not paired
A0,A0-M00,5,second_derivative,1945.180823529412,-1.1221252633106905e-06,difference of equal-sample representative means; not paired
A0,A0-M00,5,second_derivative,1950.6415686274513,-1.5178325347125145e-06,difference of equal-sample representative means; not paired
A0,A0-M00,5,second_derivative,1956.1023137254906,-1.9859968251514198e-06,difference of equal-sample representative means; not paired
A0,A0-M00,5,second_derivative,1961.5630588235294,-2.4414199526438784e-06,difference of equal-sample representative means; not paired
A0,A0-M00,5,second_derivative,1967.0238039215687,-2.422708685315784e-06,difference of equal-sample representative means; not paired
A0,A0-M00,5,second_derivative,1972.484549019608,-2.522029126979745e-06,difference of equal-sample representative means; not paired
A0,A0-M00,5,second_derivative,1977.9452941176473,-2.5179006946207314e-06,difference of equal-sample representative means; not paired
A0,A0-M00,5,second_derivative,1983.4060392156866,-1.304068373560858e-06,difference of equal-sample representative means; not paired
A0,A0-M00,5,second_derivative,1988.866784313726,-1.6003425294319268e-06,difference of equal-sample representative means; not paired
A0,A0-M00,5,second_derivative,1994.3275294117648,-2.404423621128806e-06,difference of equal-sample representative means; not paired
A0,A0-M00,5,second_derivative,1999.788274509804,-1.6193118672736093e-06,difference of equal-sample representative means; not paired
A0,A0-M00,5,second_derivative,2005.2490196078434,-1.399967745031881e-06,difference of equal-sample representative means; not paired
A0,A0-M00,5,second_derivative,2010.7097647058827,-4.979335984405656e-07,difference of equal-sample representative means; not paired
A0,A0-M00,5,second_derivative,2016.170509803922,6.566701095008496e-07,difference of equal-sample representative means; not paired
A0,A0-M00,5,second_derivative,2021.6312549019613,9.389562740887269e-07,difference of equal-sample representative means; not paired
A0,A0-M00,5,second_derivative,2027.092,5.231270468402196e-07,difference of equal-sample representative means; not paired
A0,A0-M00,5,second_derivative,2032.5527450980394,1.1738463002885531e-06,difference of equal-sample representative means; not paired
A0,A0-M00,5,second_derivative,2038.0134901960787,2.4830716884446802e-06,difference of equal-sample representative means; not paired
A0,A0-M00,5,second_derivative,2043.474235294118,2.9229606176405614e-06,difference of equal-sample representative means; not paired
A0,A0-M00,5,second_derivative,2048.9349803921573,2.4849568307645906e-06,difference of equal-sample representative means; not paired
A0,A0-M00,5,second_derivative,2054.3957254901966,1.0979013628832349e-06,difference of equal-sample representative means; not paired
A0,A0-M00,5,second_derivative,2059.8564705882354,-7.35975672215952e-07,difference of equal-sample representative means; not paired
A0,A0-M00,5,second_derivative,2065.3172156862747,-1.8308238877039007e-06,difference of equal-sample representative means; not paired
A0,A0-M00,5,second_derivative,2070.777960784314,-7.629349676260262e-07,difference of equal-sample representative means; not paired
A0,A0-M00,5,second_derivative,2076.2387058823533,4.041638131634276e-07,difference of equal-sample representative means; not paired
A0,A0-M00,5,second_derivative,2081.6994509803926,9.351480257423462e-07,difference of equal-sample representative means; not paired
A0,A0-M00,5,second_derivative,2087.1601960784315,2.539134349359373e-06,difference of equal-sample representative means; not paired
A0,A0-M00,5,second_derivative,2092.6209411764708,2.411243633641437e-06,difference of equal-sample representative means; not paired
A0,A0-M00,5,second_derivative,2098.08168627451,1.2775075581412967e-06,difference of equal-sample representative means; not paired
A0,A0-M00,5,second_derivative,2103.5424313725493,5.218591875946844e-07,difference of equal-sample representative means; not paired
A0,A0-M00,5,second_derivative,2109.0031764705886,4.832850949103855e-07,difference of equal-sample representative means; not paired
A0,A0-M00,5,second_derivative,2114.463921568628,-1.072777971027354e-07,difference of equal-sample representative means; not paired
A0,A0-M00,5,second_derivative,2119.924666666667,9.398990618116583e-09,difference of equal-sample representative means; not paired
A0,A0-M00,5,second_derivative,2125.385411764706,-1.0655429464440409e-06,difference of equal-sample representative means; not paired
A0,A0-M00,5,second_derivative,2130.8461568627454,-4.028810313518087e-07,difference of equal-sample representative means; not paired
A0,A0-M00,5,second_derivative,2136.3069019607847,1.812707308522877e-07,difference of equal-sample representative means; not paired
A0,A0-M00,5,second_derivative,2141.767647058824,9.357886415415016e-07,difference of equal-sample representative means; not paired
A0,A0-M00,5,second_derivative,2147.2283921568633,2.037040819725888e-06,difference of equal-sample representative means; not paired
A0,A0-M00,5,second_derivative,2152.689137254902,1.2409979028244602e-06,difference of equal-sample representative means; not paired
A0,A0-M00,5,second_derivative,2158.1498823529414,-1.4106004693414868e-06,difference of equal-sample representative means; not paired
A0,A0-M00,5,second_derivative,2163.6106274509807,-1.5617812732957358e-06,difference of equal-sample representative means; not paired
A0,A0-M00,5,second_derivative,2169.07137254902,-7.594322951175165e-07,difference of equal-sample representative means; not paired
A0,A0-M00,5,second_derivative,2174.5321176470593,3.012053910578798e-07,difference of equal-sample representative means; not paired
A0,A0-M00,5,second_derivative,2179.992862745098,1.2039483020297568e-06,difference of equal-sample representative means; not paired
A0,A0-M00,5,second_derivative,2185.4536078431374,6.375661519922925e-07,difference of equal-sample representative means; not paired
A0,A0-M00,5,second_derivative,2190.9143529411767,-1.438849344236334e-06,difference of equal-sample representative means; not paired
A0,A0-M00,5,second_derivative,2196.375098039216,-1.578510077985169e-06,difference of equal-sample representative means; not paired
A0,A0-M00,5,second_derivative,2201.8358431372553,8.928215948201036e-08,difference of equal-sample representative means; not paired
A0,A0-M00,5,second_derivative,2207.2965882352946,-1.6708906139552013e-06,difference of equal-sample representative means; not paired
A0,A0-M00,5,second_derivative,2212.7573333333335,9.622003399842687e-07,difference of equal-sample representative means; not paired
A0,A0-M00,5,second_derivative,2218.2180784313728,2.3188235303504948e-07,difference of equal-sample representative means; not paired
A0,A0-M00,5,second_derivative,2223.678823529412,-5.3906632700962906e-08,difference of equal-sample representative means; not paired
A0,A0-M00,5,second_derivative,2229.1395686274514,8.669541064524559e-07,difference of equal-sample representative means; not paired
A0,A0-M00,5,second_derivative,2234.6003137254907,1.4002099986274759e-06,difference of equal-sample representative means; not paired
A0,A0-M00,5,second_derivative,2240.06105882353,-8.483424011527895e-07,difference of equal-sample representative means; not paired
A0,A0-M00,5,second_derivative,2245.521803921569,-5.015531832308409e-06,difference of equal-sample representative means; not paired
A0,A0-M00,5,second_derivative,2250.982549019608,-1.3116527726620935e-05,difference of equal-sample representative means; not paired
A0,A0-M00,5,second_derivative,2256.4432941176474,-1.3256154526809219e-05,difference of equal-sample representative means; not paired
A0,A0-M00,5,second_derivative,2261.9040392156867,-1.2070639602245299e-05,difference of equal-sample representative means; not paired
A0,A0-M00,5,second_derivative,2267.364784313726,-1.390481696545108e-05,difference of equal-sample representative means; not paired
A0,A0-M00,5,second_derivative,2272.825529411765,-1.642744260397727e-05,difference of equal-sample representative means; not paired
A0,A0-M00,5,second_derivative,2278.286274509804,-1.7030241427504404e-05,difference of equal-sample representative means; not paired
A0,A0-M00,5,second_derivative,2283.7470196078434,-7.775858294674448e-06,difference of equal-sample representative means; not paired
A0,A0-M00,5,second_derivative,2289.2077647058827,-8.791506734576647e-07,difference of equal-sample representative means; not paired
A0,A0-M00,5,second_derivative,2294.668509803922,-8.791506734579476e-07,difference of equal-sample representative means; not paired
A0,A0-M00,5,second_derivative,2300.1292549019613,-8.791506734579476e-07,difference of equal-sample representative means; not paired
A0,A0-M00,5,second_derivative,2305.59,-8.791506734579476e-07,difference of equal-sample representative means; not paired
A0,A0-M00,6,reflectance,913.1,0.012888609999921474,difference of equal-sample representative means; not paired
A0,A0-M00,6,reflectance,918.5607450980392,0.006039912114930934,difference of equal-sample representative means; not paired
A0,A0-M00,6,reflectance,924.0214901960785,0.0005489526640258813,difference of equal-sample representative means; not paired
A0,A0-M00,6,reflectance,929.4822352941177,-0.002271004826133627,difference of equal-sample representative means; not paired
A0,A0-M00,6,reflectance,934.9429803921569,-0.0037612058629145073,difference of equal-sample representative means; not paired
A0,A0-M00,6,reflectance,940.4037254901962,-0.00476764975220445,difference of equal-sample representative means; not paired
A0,A0-M00,6,reflectance,945.8644705882353,-0.005162827452180552,difference of equal-sample representative means; not paired
A0,A0-M00,6,reflectance,951.3252156862745,-0.005276008218908057,difference of equal-sample representative means; not paired
A0,A0-M00,6,reflectance,956.7859607843137,-0.00534089502161228,difference of equal-sample representative means; not paired
A0,A0-M00,6,reflectance,962.246705882353,-0.005542216300771008,difference of equal-sample representative means; not paired
A0,A0-M00,6,reflectance,967.7074509803922,-0.005647704861066027,difference of equal-sample representative means; not paired
A0,A0-M00,6,reflectance,973.1681960784314,-0.005698852527848075,difference of equal-sample representative means; not paired
A0,A0-M00,6,reflectance,978.6289411764706,-0.005761964883783333,difference of equal-sample representative means; not paired
A0,A0-M00,6,reflectance,984.0896862745099,-0.005864428356719187,difference of equal-sample representative means; not paired
A0,A0-M00,6,reflectance,989.550431372549,-0.005984129639246327,difference of equal-sample representative means; not paired
A0,A0-M00,6,reflectance,995.0111764705882,-0.005948648168040971,difference of equal-sample representative means; not paired
A0,A0-M00,6,reflectance,1000.4719215686275,-0.00589530197701571,difference of equal-sample representative means; not paired
A0,A0-M00,6,reflectance,1005.9326666666667,-0.005726996556326802,difference of equal-sample representative means; not paired
A0,A0-M00,6,reflectance,1011.3934117647059,-0.005545615683185234,difference of equal-sample representative means; not paired
A0,A0-M00,6,reflectance,1016.8541568627452,-0.005409661801546672,difference of equal-sample representative means; not paired
A0,A0-M00,6,reflectance,1022.3149019607844,-0.005308307876629392,difference of equal-sample representative means; not paired
A0,A0-M00,6,reflectance,1027.7756470588236,-0.00520472771752567,difference of equal-sample representative means; not paired
A0,A0-M00,6,reflectance,1033.2363921568628,-0.00515505585038456,difference of equal-sample representative means; not paired
A0,A0-M00,6,reflectance,1038.697137254902,-0.004996647019671063,difference of equal-sample representative means; not paired
A0,A0-M00,6,reflectance,1044.1578823529412,-0.0049153914454284076,difference of equal-sample representative means; not paired
A0,A0-M00,6,reflectance,1049.6186274509805,-0.0048046723362145105,difference of equal-sample representative means; not paired
A0,A0-M00,6,reflectance,1055.0793725490196,-0.00466459643087469,difference of equal-sample representative means; not paired
A0,A0-M00,6,reflectance,1060.5401176470589,-0.004519940329138161,difference of equal-sample representative means; not paired
A0,A0-M00,6,reflectance,1066.0008627450982,-0.004375952257993143,difference of equal-sample representative means; not paired
A0,A0-M00,6,reflectance,1071.4616078431372,-0.004246871106141414,difference of equal-sample representative means; not paired
A0,A0-M00,6,reflectance,1076.9223529411765,-0.004106670640596666,difference of equal-sample representative means; not paired
A0,A0-M00,6,reflectance,1082.3830980392158,-0.003954500319335086,difference of equal-sample representative means; not paired
A0,A0-M00,6,reflectance,1087.843843137255,-0.0038064481112848325,difference of equal-sample representative means; not paired
A0,A0-M00,6,reflectance,1093.3045882352942,-0.0036756066092273887,difference of equal-sample representative means; not paired
A0,A0-M00,6,reflectance,1098.7653333333333,-0.003594562558480896,difference of equal-sample representative means; not paired
A0,A0-M00,6,reflectance,1104.2260784313726,-0.0035632172354729263,difference of equal-sample representative means; not paired
A0,A0-M00,6,reflectance,1109.6868235294119,-0.0035013237000381947,difference of equal-sample representative means; not paired
A0,A0-M00,6,reflectance,1115.1475686274512,-0.0035751673365095327,difference of equal-sample representative means; not paired
A0,A0-M00,6,reflectance,1120.6083137254902,-0.003668814782114116,difference of equal-sample representative means; not paired
A0,A0-M00,6,reflectance,1126.0690588235295,-0.00390691926296638,difference of equal-sample representative means; not paired
A0,A0-M00,6,reflectance,1131.5298039215686,-0.004228441852892617,difference of equal-sample representative means; not paired
A0,A0-M00,6,reflectance,1136.990549019608,-0.004569765123861869,difference of equal-sample representative means; not paired
A0,A0-M00,6,reflectance,1142.4512941176472,-0.0048863477126513954,difference of equal-sample representative means; not paired
A0,A0-M00,6,reflectance,1147.9120392156863,-0.005160808392447924,difference of equal-sample representative means; not paired
A0,A0-M00,6,reflectance,1153.3727843137256,-0.005489684284732621,difference of equal-sample representative means; not paired
A0,A0-M00,6,reflectance,1158.8335294117649,-0.005792723642922937,difference of equal-sample representative means; not paired
A0,A0-M00,6,reflectance,1164.294274509804,-0.00612264459310341,difference of equal-sample representative means; not paired
A0,A0-M00,6,reflectance,1169.7550196078432,-0.006402903582514052,difference of equal-sample representative means; not paired
A0,A0-M00,6,reflectance,1175.2157647058825,-0.0066149502658423565,difference of equal-sample representative means; not paired
A0,A0-M00,6,reflectance,1180.6765098039216,-0.00681796200555973,difference of equal-sample representative means; not paired
A0,A0-M00,6,reflectance,1186.137254901961,-0.0070754843859504035,difference of equal-sample representative means; not paired
A0,A0-M00,6,reflectance,1191.598,-0.007294777489060156,difference of equal-sample representative means; not paired
A0,A0-M00,6,reflectance,1197.0587450980393,-0.007375808467720235,difference of equal-sample representative means; not paired
A0,A0-M00,6,reflectance,1202.5194901960786,-0.007456946595243541,difference of equal-sample representative means; not paired
A0,A0-M00,6,reflectance,1207.9802352941178,-0.007488504195653722,difference of equal-sample representative means; not paired
A0,A0-M00,6,reflectance,1213.440980392157,-0.007579522481054646,difference of equal-sample representative means; not paired
A0,A0-M00,6,reflectance,1218.9017254901962,-0.007611961071632756,difference of equal-sample representative means; not paired
A0,A0-M00,6,reflectance,1224.3624705882353,-0.007463337616901322,difference of equal-sample representative means; not paired
A0,A0-M00,6,reflectance,1229.8232156862746,-0.007425590120326064,difference of equal-sample representative means; not paired
A0,A0-M00,6,reflectance,1235.2839607843139,-0.007492193902815525,difference of equal-sample representative means; not paired
A0,A0-M00,6,reflectance,1240.7447058823532,-0.007232508056010389,difference of equal-sample representative means; not paired
A0,A0-M00,6,reflectance,1246.2054509803922,-0.0070980549123366155,difference of equal-sample representative means; not paired
A0,A0-M00,6,reflectance,1251.6661960784315,-0.0070111132709888,difference of equal-sample representative means; not paired
A0,A0-M00,6,reflectance,1257.1269411764706,-0.006921844916341402,difference of equal-sample representative means; not paired
A0,A0-M00,6,reflectance,1262.58768627451,-0.0068300345649574545,difference of equal-sample representative means; not paired
A0,A0-M00,6,reflectance,1268.0484313725492,-0.0067300653765417495,difference of equal-sample representative means; not paired
A0,A0-M00,6,reflectance,1273.5091764705883,-0.006651914417591387,difference of equal-sample representative means; not paired
A0,A0-M00,6,reflectance,1278.9699215686276,-0.006457763369518421,difference of equal-sample representative means; not paired
A0,A0-M00,6,reflectance,1284.4306666666666,-0.006368616591410303,difference of equal-sample representative means; not paired
A0,A0-M00,6,reflectance,1289.891411764706,-0.006254635715829404,difference of equal-sample representative means; not paired
A0,A0-M00,6,reflectance,1295.3521568627452,-0.0061367762029223005,difference of equal-sample representative means; not paired
A0,A0-M00,6,reflectance,1300.8129019607845,-0.0060073981883880245,difference of equal-sample representative means; not paired
A0,A0-M00,6,reflectance,1306.2736470588236,-0.005856390172579662,difference of equal-sample representative means; not paired
A0,A0-M00,6,reflectance,1311.734392156863,-0.005924885858659801,difference of equal-sample representative means; not paired
A0,A0-M00,6,reflectance,1317.195137254902,-0.006037849552507302,difference of equal-sample representative means; not paired
A0,A0-M00,6,reflectance,1322.6558823529413,-0.006167940451243914,difference of equal-sample representative means; not paired
A0,A0-M00,6,reflectance,1328.1166274509806,-0.006351115111703609,difference of equal-sample representative means; not paired
A0,A0-M00,6,reflectance,1333.5773725490199,-0.006586271178310121,difference of equal-sample representative means; not paired
A0,A0-M00,6,reflectance,1339.038117647059,-0.006897004050960831,difference of equal-sample representative means; not paired
A0,A0-M00,6,reflectance,1344.4988627450982,-0.007286600169785551,difference of equal-sample representative means; not paired
A0,A0-M00,6,reflectance,1349.9596078431373,-0.0076786744280658015,difference of equal-sample representative means; not paired
A0,A0-M00,6,reflectance,1355.4203529411766,-0.007991152678384794,difference of equal-sample representative means; not paired
A0,A0-M00,6,reflectance,1360.8810980392159,-0.00821626244132434,difference of equal-sample representative means; not paired
A0,A0-M00,6,reflectance,1366.341843137255,-0.0084662121816107,difference of equal-sample representative means; not paired
A0,A0-M00,6,reflectance,1371.8025882352943,-0.008678611582328744,difference of equal-sample representative means; not paired
A0,A0-M00,6,reflectance,1377.2633333333333,-0.008787895023148584,difference of equal-sample representative means; not paired
A0,A0-M00,6,reflectance,1382.7240784313726,-0.008809242051613153,difference of equal-sample representative means; not paired
A0,A0-M00,6,reflectance,1388.184823529412,-0.00885637231295,difference of equal-sample representative means; not paired
A0,A0-M00,6,reflectance,1393.6455686274512,-0.009071811953806685,difference of equal-sample representative means; not paired
A0,A0-M00,6,reflectance,1399.1063137254903,-0.009258215663831726,difference of equal-sample representative means; not paired
A0,A0-M00,6,reflectance,1404.5670588235296,-0.009457856444640589,difference of equal-sample representative means; not paired
A0,A0-M00,6,reflectance,1410.0278039215686,-0.009688877019691788,difference of equal-sample representative means; not paired
A0,A0-M00,6,reflectance,1415.488549019608,-0.00985152543887935,difference of equal-sample representative means; not paired
A0,A0-M00,6,reflectance,1420.9492941176472,-0.009948072454205426,difference of equal-sample representative means; not paired
A0,A0-M00,6,reflectance,1426.4100392156865,-0.010036277823658901,difference of equal-sample representative means; not paired
A0,A0-M00,6,reflectance,1431.8707843137256,-0.010047639733806513,difference of equal-sample representative means; not paired
A0,A0-M00,6,reflectance,1437.3315294117647,-0.010024993188127496,difference of equal-sample representative means; not paired
A0,A0-M00,6,reflectance,1442.792274509804,-0.010051002328507419,difference of equal-sample representative means; not paired
A0,A0-M00,6,reflectance,1448.2530196078433,-0.010117391032384904,difference of equal-sample representative means; not paired
A0,A0-M00,6,reflectance,1453.7137647058826,-0.010143855256513956,difference of equal-sample representative means; not paired
A0,A0-M00,6,reflectance,1459.1745098039219,-0.010181071435160616,difference of equal-sample representative means; not paired
A0,A0-M00,6,reflectance,1464.635254901961,-0.010284768263854882,difference of equal-sample representative means; not paired
A0,A0-M00,6,reflectance,1470.096,-0.010385543667547403,difference of equal-sample representative means; not paired
A0,A0-M00,6,reflectance,1475.5567450980393,-0.010337015078025535,difference of equal-sample representative means; not paired
A0,A0-M00,6,reflectance,1481.0174901960786,-0.01036734916944404,difference of equal-sample representative means; not paired
A0,A0-M00,6,reflectance,1486.478235294118,-0.01042692407442658,difference of equal-sample representative means; not paired
A0,A0-M00,6,reflectance,1491.938980392157,-0.010469367111161643,difference of equal-sample representative means; not paired
A0,A0-M00,6,reflectance,1497.3997254901963,-0.010499493750281308,difference of equal-sample representative means; not paired
A0,A0-M00,6,reflectance,1502.8604705882353,-0.010535227279403314,difference of equal-sample representative means; not paired
A0,A0-M00,6,reflectance,1508.3212156862746,-0.010582505307606516,difference of equal-sample representative means; not paired
A0,A0-M00,6,reflectance,1513.781960784314,-0.010630649536644055,difference of equal-sample representative means; not paired
A0,A0-M00,6,reflectance,1519.2427058823532,-0.01066967191937701,difference of equal-sample representative means; not paired
A0,A0-M00,6,reflectance,1524.7034509803923,-0.01077781707729586,difference of equal-sample representative means; not paired
A0,A0-M00,6,reflectance,1530.1641960784316,-0.010742845476076845,difference of equal-sample representative means; not paired
A0,A0-M00,6,reflectance,1535.6249411764707,-0.010724349981139858,difference of equal-sample representative means; not paired
A0,A0-M00,6,reflectance,1541.08568627451,-0.010737054794468126,difference of equal-sample representative means; not paired
A0,A0-M00,6,reflectance,1546.5464313725493,-0.01074137282840526,difference of equal-sample representative means; not paired
A0,A0-M00,6,reflectance,1552.0071764705885,-0.010801956451776284,difference of equal-sample representative means; not paired
A0,A0-M00,6,reflectance,1557.4679215686276,-0.010882802178002582,difference of equal-sample representative means; not paired
A0,A0-M00,6,reflectance,1562.9286666666667,-0.010892811330194485,difference of equal-sample representative means; not paired
A0,A0-M00,6,reflectance,1568.389411764706,-0.010829902506016398,difference of equal-sample representative means; not paired
A0,A0-M00,6,reflectance,1573.8501568627453,-0.010818398152816822,difference of equal-sample representative means; not paired
A0,A0-M00,6,reflectance,1579.3109019607846,-0.01082773062304171,difference of equal-sample representative means; not paired
A0,A0-M00,6,reflectance,1584.7716470588239,-0.010820036385617626,difference of equal-sample representative means; not paired
A0,A0-M00,6,reflectance,1590.232392156863,-0.01079725263711423,difference of equal-sample representative means; not paired
A0,A0-M00,6,reflectance,1595.693137254902,-0.010726119877431883,difference of equal-sample representative means; not paired
A0,A0-M00,6,reflectance,1601.1538823529413,-0.010706317954331468,difference of equal-sample representative means; not paired
A0,A0-M00,6,reflectance,1606.6146274509806,-0.010642702441530538,difference of equal-sample representative means; not paired
A0,A0-M00,6,reflectance,1612.07537254902,-0.010562575263450835,difference of equal-sample representative means; not paired
A0,A0-M00,6,reflectance,1617.536117647059,-0.01046203553569608,difference of equal-sample representative means; not paired
A0,A0-M00,6,reflectance,1622.9968627450983,-0.01034567316193069,difference of equal-sample representative means; not paired
A0,A0-M00,6,reflectance,1628.4576078431373,-0.010235348058442728,difference of equal-sample representative means; not paired
A0,A0-M00,6,reflectance,1633.9183529411766,-0.010147127023805824,difference of equal-sample representative means; not paired
A0,A0-M00,6,reflectance,1639.379098039216,-0.009993594889945945,difference of equal-sample representative means; not paired
A0,A0-M00,6,reflectance,1644.8398431372552,-0.009877878612103819,difference of equal-sample representative means; not paired
A0,A0-M00,6,reflectance,1650.3005882352943,-0.009627625727025302,difference of equal-sample representative means; not paired
A0,A0-M00,6,reflectance,1655.7613333333334,-0.009340845082769111,difference of equal-sample representative means; not paired
A0,A0-M00,6,reflectance,1661.2220784313727,-0.00906715127367036,difference of equal-sample representative means; not paired
A0,A0-M00,6,reflectance,1666.682823529412,-0.008847199983225418,difference of equal-sample representative means; not paired
A0,A0-M00,6,reflectance,1672.1435686274513,-0.008701178150793354,difference of equal-sample representative means; not paired
A0,A0-M00,6,reflectance,1677.6043137254906,-0.008562418355994583,difference of equal-sample representative means; not paired
A0,A0-M00,6,reflectance,1683.0650588235296,-0.008497969902332758,difference of equal-sample representative means; not paired
A0,A0-M00,6,reflectance,1688.5258039215687,-0.008518113295969632,difference of equal-sample representative means; not paired
A0,A0-M00,6,reflectance,1693.986549019608,-0.008529702315422272,difference of equal-sample representative means; not paired
A0,A0-M00,6,reflectance,1699.4472941176473,-0.00852582227090537,difference of equal-sample representative means; not paired
A0,A0-M00,6,reflectance,1704.9080392156866,-0.008524789620743711,difference of equal-sample representative means; not paired
A0,A0-M00,6,reflectance,1710.3687843137257,-0.008554642459133122,difference of equal-sample representative means; not paired
A0,A0-M00,6,reflectance,1715.829529411765,-0.008631713318490164,difference of equal-sample representative means; not paired
A0,A0-M00,6,reflectance,1721.290274509804,-0.008689352687194507,difference of equal-sample representative means; not paired
A0,A0-M00,6,reflectance,1726.7510196078433,-0.00870543978755245,difference of equal-sample representative means; not paired
A0,A0-M00,6,reflectance,1732.2117647058826,-0.008595661711528368,difference of equal-sample representative means; not paired
A0,A0-M00,6,reflectance,1737.672509803922,-0.008616510842900826,difference of equal-sample representative means; not paired
A0,A0-M00,6,reflectance,1743.133254901961,-0.008693098147538991,difference of equal-sample representative means; not paired
A0,A0-M00,6,reflectance,1748.594,-0.00871684181358906,difference of equal-sample representative means; not paired
A0,A0-M00,6,reflectance,1754.0547450980393,-0.008720962453824532,difference of equal-sample representative means; not paired
A0,A0-M00,6,reflectance,1759.5154901960786,-0.008848400038392767,difference of equal-sample representative means; not paired
A0,A0-M00,6,reflectance,1764.976235294118,-0.008930361059972858,difference of equal-sample representative means; not paired
A0,A0-M00,6,reflectance,1770.4369803921572,-0.009026364479247928,difference of equal-sample representative means; not paired
A0,A0-M00,6,reflectance,1775.8977254901963,-0.00907606628838864,difference of equal-sample representative means; not paired
A0,A0-M00,6,reflectance,1781.3584705882354,-0.009068697721010599,difference of equal-sample representative means; not paired
A0,A0-M00,6,reflectance,1786.8192156862747,-0.00907221355951382,difference of equal-sample representative means; not paired
A0,A0-M00,6,reflectance,1792.279960784314,-0.00910508130277965,difference of equal-sample representative means; not paired
A0,A0-M00,6,reflectance,1797.7407058823533,-0.009094148311831252,difference of equal-sample representative means; not paired
A0,A0-M00,6,reflectance,1803.2014509803923,-0.009103191177285641,difference of equal-sample representative means; not paired
A0,A0-M00,6,reflectance,1808.6621960784316,-0.009122377260602776,difference of equal-sample representative means; not paired
A0,A0-M00,6,reflectance,1814.1229411764707,-0.009042983135044758,difference of equal-sample representative means; not paired
A0,A0-M00,6,reflectance,1819.58368627451,-0.008951620137291783,difference of equal-sample representative means; not paired
A0,A0-M00,6,reflectance,1825.0444313725493,-0.008879099213156494,difference of equal-sample representative means; not paired
A0,A0-M00,6,reflectance,1830.5051764705886,-0.008849792850455895,difference of equal-sample representative means; not paired
A0,A0-M00,6,reflectance,1835.9659215686277,-0.008848619118071666,difference of equal-sample representative means; not paired
A0,A0-M00,6,reflectance,1841.4266666666667,-0.008780135648344567,difference of equal-sample representative means; not paired
A0,A0-M00,6,reflectance,1846.887411764706,-0.00875449332253514,difference of equal-sample representative means; not paired
A0,A0-M00,6,reflectance,1852.3481568627453,-0.008862186884123324,difference of equal-sample representative means; not paired
A0,A0-M00,6,reflectance,1857.8089019607846,-0.009068853705269164,difference of equal-sample representative means; not paired
A0,A0-M00,6,reflectance,1863.269647058824,-0.009093819398269753,difference of equal-sample representative means; not paired
A0,A0-M00,6,reflectance,1868.730392156863,-0.009051468111569483,difference of equal-sample representative means; not paired
A0,A0-M00,6,reflectance,1874.191137254902,-0.009065713970072442,difference of equal-sample representative means; not paired
A0,A0-M00,6,reflectance,1879.6518823529414,-0.009079605563959259,difference of equal-sample representative means; not paired
A0,A0-M00,6,reflectance,1885.1126274509807,-0.00922607013124599,difference of equal-sample representative means; not paired
A0,A0-M00,6,reflectance,1890.57337254902,-0.009151949350468702,difference of equal-sample representative means; not paired
A0,A0-M00,6,reflectance,1896.034117647059,-0.009183683258211672,difference of equal-sample representative means; not paired
A0,A0-M00,6,reflectance,1901.4948627450983,-0.00902910868339235,difference of equal-sample representative means; not paired
A0,A0-M00,6,reflectance,1906.9556078431374,-0.008796481392524091,difference of equal-sample representative means; not paired
A0,A0-M00,6,reflectance,1912.4163529411767,-0.008580151644805023,difference of equal-sample representative means; not paired
A0,A0-M00,6,reflectance,1917.877098039216,-0.008373461443219599,difference of equal-sample representative means; not paired
A0,A0-M00,6,reflectance,1923.3378431372553,-0.008154486552028467,difference of equal-sample representative means; not paired
A0,A0-M00,6,reflectance,1928.7985882352943,-0.008050109985098364,difference of equal-sample representative means; not paired
A0,A0-M00,6,reflectance,1934.2593333333336,-0.00807692107485844,difference of equal-sample representative means; not paired
A0,A0-M00,6,reflectance,1939.7200784313727,-0.008029154611183587,difference of equal-sample representative means; not paired
A0,A0-M00,6,reflectance,1945.180823529412,-0.00803230304247568,difference of equal-sample representative means; not paired
A0,A0-M00,6,reflectance,1950.6415686274513,-0.00804069538004104,difference of equal-sample representative means; not paired
A0,A0-M00,6,reflectance,1956.1023137254906,-0.008035090589861876,difference of equal-sample representative means; not paired
A0,A0-M00,6,reflectance,1961.5630588235294,-0.008061001917152838,difference of equal-sample representative means; not paired
A0,A0-M00,6,reflectance,1967.0238039215687,-0.008090323044958325,difference of equal-sample representative means; not paired
A0,A0-M00,6,reflectance,1972.484549019608,-0.008285125444394137,difference of equal-sample representative means; not paired
A0,A0-M00,6,reflectance,1977.9452941176473,-0.008184416522718507,difference of equal-sample representative means; not paired
A0,A0-M00,6,reflectance,1983.4060392156866,-0.008077067049947373,difference of equal-sample representative means; not paired
A0,A0-M00,6,reflectance,1988.866784313726,-0.00795138347131441,difference of equal-sample representative means; not paired
A0,A0-M00,6,reflectance,1994.3275294117648,-0.007882388883016844,difference of equal-sample representative means; not paired
A0,A0-M00,6,reflectance,1999.788274509804,-0.007892673587144405,difference of equal-sample representative means; not paired
A0,A0-M00,6,reflectance,2005.2490196078434,-0.007866942541712552,difference of equal-sample representative means; not paired
A0,A0-M00,6,reflectance,2010.7097647058827,-0.007808374733618395,difference of equal-sample representative means; not paired
A0,A0-M00,6,reflectance,2016.170509803922,-0.007822895200483404,difference of equal-sample representative means; not paired
A0,A0-M00,6,reflectance,2021.6312549019613,-0.007860156718657252,difference of equal-sample representative means; not paired
A0,A0-M00,6,reflectance,2027.092,-0.007933464182949268,difference of equal-sample representative means; not paired
A0,A0-M00,6,reflectance,2032.5527450980394,-0.007964737802801047,difference of equal-sample representative means; not paired
A0,A0-M00,6,reflectance,2038.0134901960787,-0.007990481444098252,difference of equal-sample representative means; not paired
A0,A0-M00,6,reflectance,2043.474235294118,-0.008001814236232974,difference of equal-sample representative means; not paired
A0,A0-M00,6,reflectance,2048.9349803921573,-0.007806004436209046,difference of equal-sample representative means; not paired
A0,A0-M00,6,reflectance,2054.3957254901966,-0.007817448404849658,difference of equal-sample representative means; not paired
A0,A0-M00,6,reflectance,2059.8564705882354,-0.0079166614301025,difference of equal-sample representative means; not paired
A0,A0-M00,6,reflectance,2065.3172156862747,-0.008065807819296944,difference of equal-sample representative means; not paired
A0,A0-M00,6,reflectance,2070.777960784314,-0.008116852658971496,difference of equal-sample representative means; not paired
A0,A0-M00,6,reflectance,2076.2387058823533,-0.008119512664884199,difference of equal-sample representative means; not paired
A0,A0-M00,6,reflectance,2081.6994509803926,-0.008107897960206445,difference of equal-sample representative means; not paired
A0,A0-M00,6,reflectance,2087.1601960784315,-0.008075359015470351,difference of equal-sample representative means; not paired
A0,A0-M00,6,reflectance,2092.6209411764708,-0.008151319442402216,difference of equal-sample representative means; not paired
A0,A0-M00,6,reflectance,2098.08168627451,-0.008239418087792938,difference of equal-sample representative means; not paired
A0,A0-M00,6,reflectance,2103.5424313725493,-0.008363691039931453,difference of equal-sample representative means; not paired
A0,A0-M00,6,reflectance,2109.0031764705886,-0.00839358580609667,difference of equal-sample representative means; not paired
A0,A0-M00,6,reflectance,2114.463921568628,-0.008387133788809398,difference of equal-sample representative means; not paired
A0,A0-M00,6,reflectance,2119.924666666667,-0.008308972480732368,difference of equal-sample representative means; not paired
A0,A0-M00,6,reflectance,2125.385411764706,-0.008258856175773543,difference of equal-sample representative means; not paired
A0,A0-M00,6,reflectance,2130.8461568627454,-0.008425078270962116,difference of equal-sample representative means; not paired
A0,A0-M00,6,reflectance,2136.3069019607847,-0.008362727293438732,difference of equal-sample representative means; not paired
A0,A0-M00,6,reflectance,2141.767647058824,-0.008492401378046965,difference of equal-sample representative means; not paired
A0,A0-M00,6,reflectance,2147.2283921568633,-0.008551605252948569,difference of equal-sample representative means; not paired
A0,A0-M00,6,reflectance,2152.689137254902,-0.00859486611454241,difference of equal-sample representative means; not paired
A0,A0-M00,6,reflectance,2158.1498823529414,-0.008645958900939665,difference of equal-sample representative means; not paired
A0,A0-M00,6,reflectance,2163.6106274509807,-0.008670090738512881,difference of equal-sample representative means; not paired
A0,A0-M00,6,reflectance,2169.07137254902,-0.008684106238723677,difference of equal-sample representative means; not paired
A0,A0-M00,6,reflectance,2174.5321176470593,-0.008811002429818582,difference of equal-sample representative means; not paired
A0,A0-M00,6,reflectance,2179.992862745098,-0.008934639485462303,difference of equal-sample representative means; not paired
A0,A0-M00,6,reflectance,2185.4536078431374,-0.00890744167644536,difference of equal-sample representative means; not paired
A0,A0-M00,6,reflectance,2190.9143529411767,-0.008880142856828643,difference of equal-sample representative means; not paired
A0,A0-M00,6,reflectance,2196.375098039216,-0.008884799427859247,difference of equal-sample representative means; not paired
A0,A0-M00,6,reflectance,2201.8358431372553,-0.008925358719988008,difference of equal-sample representative means; not paired
A0,A0-M00,6,reflectance,2207.2965882352946,-0.00899608358457138,difference of equal-sample representative means; not paired
A0,A0-M00,6,reflectance,2212.7573333333335,-0.009035956300896708,difference of equal-sample representative means; not paired
A0,A0-M00,6,reflectance,2218.2180784313728,-0.008896371201071007,difference of equal-sample representative means; not paired
A0,A0-M00,6,reflectance,2223.678823529412,-0.008730446329374142,difference of equal-sample representative means; not paired
A0,A0-M00,6,reflectance,2229.1395686274514,-0.00903028786909732,difference of equal-sample representative means; not paired
A0,A0-M00,6,reflectance,2234.6003137254907,-0.008984870690121771,difference of equal-sample representative means; not paired
A0,A0-M00,6,reflectance,2240.06105882353,-0.00868113647483626,difference of equal-sample representative means; not paired
A0,A0-M00,6,reflectance,2245.521803921569,-0.008532698211984602,difference of equal-sample representative means; not paired
A0,A0-M00,6,reflectance,2250.982549019608,-0.00850455238232306,difference of equal-sample representative means; not paired
A0,A0-M00,6,reflectance,2256.4432941176474,-0.00820196433117587,difference of equal-sample representative means; not paired
A0,A0-M00,6,reflectance,2261.9040392156867,-0.00799769257970867,difference of equal-sample representative means; not paired
A0,A0-M00,6,reflectance,2267.364784313726,-0.008205066268229644,difference of equal-sample representative means; not paired
A0,A0-M00,6,reflectance,2272.825529411765,-0.008530253193460569,difference of equal-sample representative means; not paired
A0,A0-M00,6,reflectance,2278.286274509804,-0.007439635526860111,difference of equal-sample representative means; not paired
A0,A0-M00,6,reflectance,2283.7470196078434,-0.004580286380654053,difference of equal-sample representative means; not paired
A0,A0-M00,6,reflectance,2289.2077647058827,-0.0008364211587820469,difference of equal-sample representative means; not paired
A0,A0-M00,6,reflectance,2294.668509803922,0.0011209055822749003,difference of equal-sample representative means; not paired
A0,A0-M00,6,reflectance,2300.1292549019613,-0.0006779052936963514,difference of equal-sample representative means; not paired
A0,A0-M00,6,reflectance,2305.59,0.000694830053986184,difference of equal-sample representative means; not paired
A0,A0-M00,6,snv,913.1,0.10905462948138545,difference of equal-sample representative means; not paired
A0,A0-M00,6,snv,918.5607450980392,0.06874806589505877,difference of equal-sample representative means; not paired
A0,A0-M00,6,snv,924.0214901960785,0.03684997789774136,difference of equal-sample representative means; not paired
A0,A0-M00,6,snv,929.4822352941177,0.02075344457479722,difference of equal-sample representative means; not paired
A0,A0-M00,6,snv,934.9429803921569,0.011829474036800569,difference of equal-sample representative means; not paired
A0,A0-M00,6,snv,940.4037254901962,0.005234314512977178,difference of equal-sample representative means; not paired
A0,A0-M00,6,snv,945.8644705882353,0.0024729030911081473,difference of equal-sample representative means; not paired
A0,A0-M00,6,snv,951.3252156862745,0.0017121610328691972,difference of equal-sample representative means; not paired
A0,A0-M00,6,snv,956.7859607843137,0.0011240753209793564,difference of equal-sample representative means; not paired
A0,A0-M00,6,snv,962.246705882353,-0.00011378056637134648,difference of equal-sample representative means; not paired
A0,A0-M00,6,snv,967.7074509803922,-0.0008300295608740793,difference of equal-sample representative means; not paired
A0,A0-M00,6,snv,973.1681960784314,-0.001205043593248467,difference of equal-sample representative means; not paired
A0,A0-M00,6,snv,978.6289411764706,-0.0015602398339809032,difference of equal-sample representative means; not paired
A0,A0-M00,6,snv,984.0896862745099,-0.0021207242246914504,difference of equal-sample representative means; not paired
A0,A0-M00,6,snv,989.550431372549,-0.0029355385171425663,difference of equal-sample representative means; not paired
A0,A0-M00,6,snv,995.0111764705882,-0.002636874973447112,difference of equal-sample representative means; not paired
A0,A0-M00,6,snv,1000.4719215686275,-0.0025514590457689224,difference of equal-sample representative means; not paired
A0,A0-M00,6,snv,1005.9326666666667,-0.0017079858301336515,difference of equal-sample representative means; not paired
A0,A0-M00,6,snv,1011.3934117647059,-0.0008032512068703035,difference of equal-sample representative means; not paired
A0,A0-M00,6,snv,1016.8541568627452,-0.00017652256884170825,difference of equal-sample representative means; not paired
A0,A0-M00,6,snv,1022.3149019607844,0.00028312233266447606,difference of equal-sample representative means; not paired
A0,A0-M00,6,snv,1027.7756470588236,0.0007621096683172457,difference of equal-sample representative means; not paired
A0,A0-M00,6,snv,1033.2363921568628,0.0007962059916357678,difference of equal-sample representative means; not paired
A0,A0-M00,6,snv,1038.697137254902,0.0016461956630888785,difference of equal-sample representative means; not paired
A0,A0-M00,6,snv,1044.1578823529412,0.0020187595088378973,difference of equal-sample representative means; not paired
A0,A0-M00,6,snv,1049.6186274509805,0.002624718857920705,difference of equal-sample representative means; not paired
A0,A0-M00,6,snv,1055.0793725490196,0.0033705865843871585,difference of equal-sample representative means; not paired
A0,A0-M00,6,snv,1060.5401176470589,0.004110821274978527,difference of equal-sample representative means; not paired
A0,A0-M00,6,snv,1066.0008627450982,0.004907432393042477,difference of equal-sample representative means; not paired
A0,A0-M00,6,snv,1071.4616078431372,0.005530432235937965,difference of equal-sample representative means; not paired
A0,A0-M00,6,snv,1076.9223529411765,0.0062534988245510625,difference of equal-sample representative means; not paired
A0,A0-M00,6,snv,1082.3830980392158,0.006931203258415675,difference of equal-sample representative means; not paired
A0,A0-M00,6,snv,1087.843843137255,0.007691268614106406,difference of equal-sample representative means; not paired
A0,A0-M00,6,snv,1093.3045882352942,0.008303564083600223,difference of equal-sample representative means; not paired
A0,A0-M00,6,snv,1098.7653333333333,0.008605778111409501,difference of equal-sample representative means; not paired
A0,A0-M00,6,snv,1104.2260784313726,0.008747206842377064,difference of equal-sample representative means; not paired
A0,A0-M00,6,snv,1109.6868235294119,0.009129925960697616,difference of equal-sample representative means; not paired
A0,A0-M00,6,snv,1115.1475686274512,0.008680051723487958,difference of equal-sample representative means; not paired
A0,A0-M00,6,snv,1120.6083137254902,0.008456297409033198,difference of equal-sample representative means; not paired
A0,A0-M00,6,snv,1126.0690588235295,0.0073622005770137555,difference of equal-sample representative means; not paired
A0,A0-M00,6,snv,1131.5298039215686,0.005865977363246566,difference of equal-sample representative means; not paired
A0,A0-M00,6,snv,1136.990549019608,0.004300398802606242,difference of equal-sample representative means; not paired
A0,A0-M00,6,snv,1142.4512941176472,0.002860035563433394,difference of equal-sample representative means; not paired
A0,A0-M00,6,snv,1147.9120392156863,0.001725942489761989,difference of equal-sample representative means; not paired
A0,A0-M00,6,snv,1153.3727843137256,0.0003634679406347985,difference of equal-sample representative means; not paired
A0,A0-M00,6,snv,1158.8335294117649,-0.000763951394043616,difference of equal-sample representative means; not paired
A0,A0-M00,6,snv,1164.294274509804,-0.002419115536535177,difference of equal-sample representative means; not paired
A0,A0-M00,6,snv,1169.7550196078432,-0.003538685637123118,difference of equal-sample representative means; not paired
A0,A0-M00,6,snv,1175.2157647058825,-0.004264727256032774,difference of equal-sample representative means; not paired
A0,A0-M00,6,snv,1180.6765098039216,-0.005106861177210709,difference of equal-sample representative means; not paired
A0,A0-M00,6,snv,1186.137254901961,-0.006203491404362715,difference of equal-sample representative means; not paired
A0,A0-M00,6,snv,1191.598,-0.007189309594474835,difference of equal-sample representative means; not paired
A0,A0-M00,6,snv,1197.0587450980393,-0.007201763918910364,difference of equal-sample representative means; not paired
A0,A0-M00,6,snv,1202.5194901960786,-0.007381312003535645,difference of equal-sample representative means; not paired
A0,A0-M00,6,snv,1207.9802352941178,-0.0073099858896270575,difference of equal-sample representative means; not paired
A0,A0-M00,6,snv,1213.440980392157,-0.008485354308424231,difference of equal-sample representative means; not paired
A0,A0-M00,6,snv,1218.9017254901962,-0.008972268653103521,difference of equal-sample representative means; not paired
A0,A0-M00,6,snv,1224.3624705882353,-0.006911914318910917,difference of equal-sample representative means; not paired
A0,A0-M00,6,snv,1229.8232156862746,-0.006808594983216398,difference of equal-sample representative means; not paired
A0,A0-M00,6,snv,1235.2839607843139,-0.008991157009374362,difference of equal-sample representative means; not paired
A0,A0-M00,6,snv,1240.7447058823532,-0.006241926582101653,difference of equal-sample representative means; not paired
A0,A0-M00,6,snv,1246.2054509803922,-0.005168024819398376,difference of equal-sample representative means; not paired
A0,A0-M00,6,snv,1251.6661960784315,-0.004769147164344512,difference of equal-sample representative means; not paired
A0,A0-M00,6,snv,1257.1269411764706,-0.004380792155890045,difference of equal-sample representative means; not paired
A0,A0-M00,6,snv,1262.58768627451,-0.0039632341338609045,difference of equal-sample representative means; not paired
A0,A0-M00,6,snv,1268.0484313725492,-0.0033438793817472945,difference of equal-sample representative means; not paired
A0,A0-M00,6,snv,1273.5091764705883,-0.00293331626090354,difference of equal-sample representative means; not paired
A0,A0-M00,6,snv,1278.9699215686276,-0.001834662379109897,difference of equal-sample representative means; not paired
A0,A0-M00,6,snv,1284.4306666666666,-0.0014603442541529787,difference of equal-sample representative means; not paired
A0,A0-M00,6,snv,1289.891411764706,-0.0009964587657267376,difference of equal-sample representative means; not paired
A0,A0-M00,6,snv,1295.3521568627452,-0.0005167225099680373,difference of equal-sample representative means; not paired
A0,A0-M00,6,snv,1300.8129019607845,0.0001391630405007671,difference of equal-sample representative means; not paired
A0,A0-M00,6,snv,1306.2736470588236,0.0010939441518278414,difference of equal-sample representative means; not paired
A0,A0-M00,6,snv,1311.734392156863,0.000662274315185174,difference of equal-sample representative means; not paired
A0,A0-M00,6,snv,1317.195137254902,9.251618208883094e-05,difference of equal-sample representative means; not paired
A0,A0-M00,6,snv,1322.6558823529413,-0.00037624707222128073,difference of equal-sample representative means; not paired
A0,A0-M00,6,snv,1328.1166274509806,-0.0011119330919828752,difference of equal-sample representative means; not paired
A0,A0-M00,6,snv,1333.5773725490199,-0.0020311531094014956,difference of equal-sample representative means; not paired
A0,A0-M00,6,snv,1339.038117647059,-0.003289868975386412,difference of equal-sample representative means; not paired
A0,A0-M00,6,snv,1344.4988627450982,-0.004981121653583109,difference of equal-sample representative means; not paired
A0,A0-M00,6,snv,1349.9596078431373,-0.006642326802995369,difference of equal-sample representative means; not paired
A0,A0-M00,6,snv,1355.4203529411766,-0.007828381846216814,difference of equal-sample representative means; not paired
A0,A0-M00,6,snv,1360.8810980392159,-0.008579725967391538,difference of equal-sample representative means; not paired
A0,A0-M00,6,snv,1366.341843137255,-0.009522550650798434,difference of equal-sample representative means; not paired
A0,A0-M00,6,snv,1371.8025882352943,-0.01028561369702441,difference of equal-sample representative means; not paired
A0,A0-M00,6,snv,1377.2633333333333,-0.01057223532468643,difference of equal-sample representative means; not paired
A0,A0-M00,6,snv,1382.7240784313726,-0.010404252650706769,difference of equal-sample representative means; not paired
A0,A0-M00,6,snv,1388.184823529412,-0.010219892411120257,difference of equal-sample representative means; not paired
A0,A0-M00,6,snv,1393.6455686274512,-0.010945190528819149,difference of equal-sample representative means; not paired
A0,A0-M00,6,snv,1399.1063137254903,-0.011517688846948149,difference of equal-sample representative means; not paired
A0,A0-M00,6,snv,1404.5670588235296,-0.011507191190792382,difference of equal-sample representative means; not paired
A0,A0-M00,6,snv,1410.0278039215686,-0.011664659135047712,difference of equal-sample representative means; not paired
A0,A0-M00,6,snv,1415.488549019608,-0.011476377451126049,difference of equal-sample representative means; not paired
A0,A0-M00,6,snv,1420.9492941176472,-0.011003674216423176,difference of equal-sample representative means; not paired
A0,A0-M00,6,snv,1426.4100392156865,-0.01070066933056607,difference of equal-sample representative means; not paired
A0,A0-M00,6,snv,1431.8707843137256,-0.010133151321895628,difference of equal-sample representative means; not paired
A0,A0-M00,6,snv,1437.3315294117647,-0.009485258335246605,difference of equal-sample representative means; not paired
A0,A0-M00,6,snv,1442.792274509804,-0.009144244349588715,difference of equal-sample representative means; not paired
A0,A0-M00,6,snv,1448.2530196078433,-0.009296809201204681,difference of equal-sample representative means; not paired
A0,A0-M00,6,snv,1453.7137647058826,-0.009215519014024842,difference of equal-sample representative means; not paired
A0,A0-M00,6,snv,1459.1745098039219,-0.009231030863733891,difference of equal-sample representative means; not paired
A0,A0-M00,6,snv,1464.635254901961,-0.009725519840954489,difference of equal-sample representative means; not paired
A0,A0-M00,6,snv,1470.096,-0.010138064498723454,difference of equal-sample representative means; not paired
A0,A0-M00,6,snv,1475.5567450980393,-0.009722190778919004,difference of equal-sample representative means; not paired
A0,A0-M00,6,snv,1481.0174901960786,-0.009829467031028938,difference of equal-sample representative means; not paired
A0,A0-M00,6,snv,1486.478235294118,-0.010096920366230333,difference of equal-sample representative means; not paired
A0,A0-M00,6,snv,1491.938980392157,-0.010348132210417527,difference of equal-sample representative means; not paired
A0,A0-M00,6,snv,1497.3997254901963,-0.010573325159043412,difference of equal-sample representative means; not paired
A0,A0-M00,6,snv,1502.8604705882353,-0.010868595872557396,difference of equal-sample representative means; not paired
A0,A0-M00,6,snv,1508.3212156862746,-0.011278524000573498,difference of equal-sample representative means; not paired
A0,A0-M00,6,snv,1513.781960784314,-0.011622334657880984,difference of equal-sample representative means; not paired
A0,A0-M00,6,snv,1519.2427058823532,-0.011928078289296762,difference of equal-sample representative means; not paired
A0,A0-M00,6,snv,1524.7034509803923,-0.012650912028266514,difference of equal-sample representative means; not paired
A0,A0-M00,6,snv,1530.1641960784316,-0.01253003824119614,difference of equal-sample representative means; not paired
A0,A0-M00,6,snv,1535.6249411764707,-0.012530401234737698,difference of equal-sample representative means; not paired
A0,A0-M00,6,snv,1541.08568627451,-0.012647720095017079,difference of equal-sample representative means; not paired
A0,A0-M00,6,snv,1546.5464313725493,-0.012621052572574287,difference of equal-sample representative means; not paired
A0,A0-M00,6,snv,1552.0071764705885,-0.012990606808442218,difference of equal-sample representative means; not paired
A0,A0-M00,6,snv,1557.4679215686276,-0.013547266912274092,difference of equal-sample representative means; not paired
A0,A0-M00,6,snv,1562.9286666666667,-0.01374624436204519,difference of equal-sample representative means; not paired
A0,A0-M00,6,snv,1568.389411764706,-0.013396781484400488,difference of equal-sample representative means; not paired
A0,A0-M00,6,snv,1573.8501568627453,-0.01334818789324721,difference of equal-sample representative means; not paired
A0,A0-M00,6,snv,1579.3109019607846,-0.013445183315787979,difference of equal-sample representative means; not paired
A0,A0-M00,6,snv,1584.7716470588239,-0.013436708723641111,difference of equal-sample representative means; not paired
A0,A0-M00,6,snv,1590.232392156863,-0.013333101891336241,difference of equal-sample representative means; not paired
A0,A0-M00,6,snv,1595.693137254902,-0.01303042623746159,difference of equal-sample representative means; not paired
A0,A0-M00,6,snv,1601.1538823529413,-0.013058322872136097,difference of equal-sample representative means; not paired
A0,A0-M00,6,snv,1606.6146274509806,-0.012917573937885174,difference of equal-sample representative means; not paired
A0,A0-M00,6,snv,1612.07537254902,-0.012735347146514864,difference of equal-sample representative means; not paired
A0,A0-M00,6,snv,1617.536117647059,-0.012399351855578389,difference of equal-sample representative means; not paired
A0,A0-M00,6,snv,1622.9968627450983,-0.011892828615303552,difference of equal-sample representative means; not paired
A0,A0-M00,6,snv,1628.4576078431373,-0.01137474812659206,difference of equal-sample representative means; not paired
A0,A0-M00,6,snv,1633.9183529411766,-0.011008365877170384,difference of equal-sample representative means; not paired
A0,A0-M00,6,snv,1639.379098039216,-0.010245451342534906,difference of equal-sample representative means; not paired
A0,A0-M00,6,snv,1644.8398431372552,-0.009770154910409556,difference of equal-sample representative means; not paired
A0,A0-M00,6,snv,1650.3005882352943,-0.008412659722810856,difference of equal-sample representative means; not paired
A0,A0-M00,6,snv,1655.7613333333334,-0.006737488877326975,difference of equal-sample representative means; not paired
A0,A0-M00,6,snv,1661.2220784313727,-0.005260797340570361,difference of equal-sample representative means; not paired
A0,A0-M00,6,snv,1666.682823529412,-0.004159887393728134,difference of equal-sample representative means; not paired
A0,A0-M00,6,snv,1672.1435686274513,-0.0032741783539769753,difference of equal-sample representative means; not paired
A0,A0-M00,6,snv,1677.6043137254906,-0.0023477233162793043,difference of equal-sample representative means; not paired
A0,A0-M00,6,snv,1683.0650588235296,-0.0021484160814610465,difference of equal-sample representative means; not paired
A0,A0-M00,6,snv,1688.5258039215687,-0.002286327665339649,difference of equal-sample representative means; not paired
A0,A0-M00,6,snv,1693.986549019608,-0.0023467888156984973,difference of equal-sample representative means; not paired
A0,A0-M00,6,snv,1699.4472941176473,-0.002291097325944902,difference of equal-sample representative means; not paired
A0,A0-M00,6,snv,1704.9080392156866,-0.0022570316022548775,difference of equal-sample representative means; not paired
A0,A0-M00,6,snv,1710.3687843137257,-0.0024149412478496335,difference of equal-sample representative means; not paired
A0,A0-M00,6,snv,1715.829529411765,-0.0027970375248139168,difference of equal-sample representative means; not paired
A0,A0-M00,6,snv,1721.290274509804,-0.0030312136213078156,difference of equal-sample representative means; not paired
A0,A0-M00,6,snv,1726.7510196078433,-0.002990785251643757,difference of equal-sample representative means; not paired
A0,A0-M00,6,snv,1732.2117647058826,-0.0023176868423941954,difference of equal-sample representative means; not paired
A0,A0-M00,6,snv,1737.672509803922,-0.002492955027092847,difference of equal-sample representative means; not paired
A0,A0-M00,6,snv,1743.133254901961,-0.0028971368281743848,difference of equal-sample representative means; not paired
A0,A0-M00,6,snv,1748.594,-0.0029413070787741025,difference of equal-sample representative means; not paired
A0,A0-M00,6,snv,1754.0547450980393,-0.0029471627386644106,difference of equal-sample representative means; not paired
A0,A0-M00,6,snv,1759.5154901960786,-0.00348130208161318,difference of equal-sample representative means; not paired
A0,A0-M00,6,snv,1764.976235294118,-0.003989607489020552,difference of equal-sample representative means; not paired
A0,A0-M00,6,snv,1770.4369803921572,-0.004483649046632787,difference of equal-sample representative means; not paired
A0,A0-M00,6,snv,1775.8977254901963,-0.0046890263777547014,difference of equal-sample representative means; not paired
A0,A0-M00,6,snv,1781.3584705882354,-0.004570335350568722,difference of equal-sample representative means; not paired
A0,A0-M00,6,snv,1786.8192156862747,-0.004560260524177073,difference of equal-sample representative means; not paired
A0,A0-M00,6,snv,1792.279960784314,-0.004777813542820142,difference of equal-sample representative means; not paired
A0,A0-M00,6,snv,1797.7407058823533,-0.004761927998506443,difference of equal-sample representative means; not paired
A0,A0-M00,6,snv,1803.2014509803923,-0.004855053395361741,difference of equal-sample representative means; not paired
A0,A0-M00,6,snv,1808.6621960784316,-0.004968585832248518,difference of equal-sample representative means; not paired
A0,A0-M00,6,snv,1814.1229411764707,-0.004495297570220158,difference of equal-sample representative means; not paired
A0,A0-M00,6,snv,1819.58368627451,-0.00400574185985858,difference of equal-sample representative means; not paired
A0,A0-M00,6,snv,1825.0444313725493,-0.0036500992561147028,difference of equal-sample representative means; not paired
A0,A0-M00,6,snv,1830.5051764705886,-0.0035620544614710092,difference of equal-sample representative means; not paired
A0,A0-M00,6,snv,1835.9659215686277,-0.00367184995295311,difference of equal-sample representative means; not paired
A0,A0-M00,6,snv,1841.4266666666667,-0.0033962727247869307,difference of equal-sample representative means; not paired
A0,A0-M00,6,snv,1846.887411764706,-0.003236468362634859,difference of equal-sample representative means; not paired
A0,A0-M00,6,snv,1852.3481568627453,-0.0040116540114567,difference of equal-sample representative means; not paired
A0,A0-M00,6,snv,1857.8089019607846,-0.0064239634436641935,difference of equal-sample representative means; not paired
A0,A0-M00,6,snv,1863.269647058824,-0.006142404324266604,difference of equal-sample representative means; not paired
A0,A0-M00,6,snv,1868.730392156863,-0.004999708110895895,difference of equal-sample representative means; not paired
A0,A0-M00,6,snv,1874.191137254902,-0.004951432079937479,difference of equal-sample representative means; not paired
A0,A0-M00,6,snv,1879.6518823529414,-0.0046839222848104045,difference of equal-sample representative means; not paired
A0,A0-M00,6,snv,1885.1126274509807,-0.004832950754043497,difference of equal-sample representative means; not paired
A0,A0-M00,6,snv,1890.57337254902,-0.003692841018891335,difference of equal-sample representative means; not paired
A0,A0-M00,6,snv,1896.034117647059,-0.003113854448393516,difference of equal-sample representative means; not paired
A0,A0-M00,6,snv,1901.4948627450983,-0.0012589047825595223,difference of equal-sample representative means; not paired
A0,A0-M00,6,snv,1906.9556078431374,0.0011848926547144423,difference of equal-sample representative means; not paired
A0,A0-M00,6,snv,1912.4163529411767,0.0034887067902724667,difference of equal-sample representative means; not paired
A0,A0-M00,6,snv,1917.877098039216,0.005594608281753288,difference of equal-sample representative means; not paired
A0,A0-M00,6,snv,1923.3378431372553,0.0076779104324762315,difference of equal-sample representative means; not paired
A0,A0-M00,6,snv,1928.7985882352943,0.008473114861230924,difference of equal-sample representative means; not paired
A0,A0-M00,6,snv,1934.2593333333336,0.008435247090227804,difference of equal-sample representative means; not paired
A0,A0-M00,6,snv,1939.7200784313727,0.008864324427620973,difference of equal-sample representative means; not paired
A0,A0-M00,6,snv,1945.180823529412,0.0086730827424788,difference of equal-sample representative means; not paired
A0,A0-M00,6,snv,1950.6415686274513,0.008403700712067419,difference of equal-sample representative means; not paired
A0,A0-M00,6,snv,1956.1023137254906,0.008269573810235853,difference of equal-sample representative means; not paired
A0,A0-M00,6,snv,1961.5630588235294,0.007847368470380145,difference of equal-sample representative means; not paired
A0,A0-M00,6,snv,1967.0238039215687,0.007517907337233787,difference of equal-sample representative means; not paired
A0,A0-M00,6,snv,1972.484549019608,0.006040316421002556,difference of equal-sample representative means; not paired
A0,A0-M00,6,snv,1977.9452941176473,0.006130394416503204,difference of equal-sample representative means; not paired
A0,A0-M00,6,snv,1983.4060392156866,0.00640876717290495,difference of equal-sample representative means; not paired
A0,A0-M00,6,snv,1988.866784313726,0.006959195062140822,difference of equal-sample representative means; not paired
A0,A0-M00,6,snv,1994.3275294117648,0.007166267583823771,difference of equal-sample representative means; not paired
A0,A0-M00,6,snv,1999.788274509804,0.006829542131953081,difference of equal-sample representative means; not paired
A0,A0-M00,6,snv,2005.2490196078434,0.006719453004505049,difference of equal-sample representative means; not paired
A0,A0-M00,6,snv,2010.7097647058827,0.00656037002679466,difference of equal-sample representative means; not paired
A0,A0-M00,6,snv,2016.170509803922,0.00640095586158651,difference of equal-sample representative means; not paired
A0,A0-M00,6,snv,2021.6312549019613,0.006262788575565614,difference of equal-sample representative means; not paired
A0,A0-M00,6,snv,2027.092,0.005561599918814997,difference of equal-sample representative means; not paired
A0,A0-M00,6,snv,2032.5527450980394,0.00519675200452141,difference of equal-sample representative means; not paired
A0,A0-M00,6,snv,2038.0134901960787,0.005185672228425142,difference of equal-sample representative means; not paired
A0,A0-M00,6,snv,2043.474235294118,0.005377004953798337,difference of equal-sample representative means; not paired
A0,A0-M00,6,snv,2048.9349803921573,0.006601376838434314,difference of equal-sample representative means; not paired
A0,A0-M00,6,snv,2054.3957254901966,0.0063750148577182975,difference of equal-sample representative means; not paired
A0,A0-M00,6,snv,2059.8564705882354,0.00611318462530408,difference of equal-sample representative means; not paired
A0,A0-M00,6,snv,2065.3172156862747,0.005464917421040161,difference of equal-sample representative means; not paired
A0,A0-M00,6,snv,2070.777960784314,0.005246739046866011,difference of equal-sample representative means; not paired
A0,A0-M00,6,snv,2076.2387058823533,0.005490866063953437,difference of equal-sample representative means; not paired
A0,A0-M00,6,snv,2081.6994509803926,0.0057494451828594695,difference of equal-sample representative means; not paired
A0,A0-M00,6,snv,2087.1601960784315,0.0057251070520798475,difference of equal-sample representative means; not paired
A0,A0-M00,6,snv,2092.6209411764708,0.005747261791124281,difference of equal-sample representative means; not paired
A0,A0-M00,6,snv,2098.08168627451,0.004961198616627804,difference of equal-sample representative means; not paired
A0,A0-M00,6,snv,2103.5424313725493,0.0044786544216597335,difference of equal-sample representative means; not paired
A0,A0-M00,6,snv,2109.0031764705886,0.004119334630702909,difference of equal-sample representative means; not paired
A0,A0-M00,6,snv,2114.463921568628,0.004172771724409552,difference of equal-sample representative means; not paired
A0,A0-M00,6,snv,2119.924666666667,0.004716756335232164,difference of equal-sample representative means; not paired
A0,A0-M00,6,snv,2125.385411764706,0.004885513416047038,difference of equal-sample representative means; not paired
A0,A0-M00,6,snv,2130.8461568627454,0.003756680035649218,difference of equal-sample representative means; not paired
A0,A0-M00,6,snv,2136.3069019607847,0.003872323858887361,difference of equal-sample representative means; not paired
A0,A0-M00,6,snv,2141.767647058824,0.0029704962468168894,difference of equal-sample representative means; not paired
A0,A0-M00,6,snv,2147.2283921568633,0.0028340421796329007,difference of equal-sample representative means; not paired
A0,A0-M00,6,snv,2152.689137254902,0.002435177813549183,difference of equal-sample representative means; not paired
A0,A0-M00,6,snv,2158.1498823529414,0.0019509153528018963,difference of equal-sample representative means; not paired
A0,A0-M00,6,snv,2163.6106274509807,0.0016832444051266826,difference of equal-sample representative means; not paired
A0,A0-M00,6,snv,2169.07137254902,0.0014718348305042817,difference of equal-sample representative means; not paired
A0,A0-M00,6,snv,2174.5321176470593,0.0007550965525859876,difference of equal-sample representative means; not paired
A0,A0-M00,6,snv,2179.992862745098,-0.00018443172329418722,difference of equal-sample representative means; not paired
A0,A0-M00,6,snv,2185.4536078431374,-0.00021730011937859395,difference of equal-sample representative means; not paired
A0,A0-M00,6,snv,2190.9143529411767,0.00021505218214290522,difference of equal-sample representative means; not paired
A0,A0-M00,6,snv,2196.375098039216,3.516460546992839e-05,difference of equal-sample representative means; not paired
A0,A0-M00,6,snv,2201.8358431372553,-0.00032631029444163406,difference of equal-sample representative means; not paired
A0,A0-M00,6,snv,2207.2965882352946,-0.0007861406262312798,difference of equal-sample representative means; not paired
A0,A0-M00,6,snv,2212.7573333333335,-0.0012770847099459193,difference of equal-sample representative means; not paired
A0,A0-M00,6,snv,2218.2180784313728,-0.0002643372799222554,difference of equal-sample representative means; not paired
A0,A0-M00,6,snv,2223.678823529412,0.000881685841200186,difference of equal-sample representative means; not paired
A0,A0-M00,6,snv,2229.1395686274514,-0.0008401921725734729,difference of equal-sample representative means; not paired
A0,A0-M00,6,snv,2234.6003137254907,-0.0006856750041794868,difference of equal-sample representative means; not paired
A0,A0-M00,6,snv,2240.06105882353,0.0012584430893249898,difference of equal-sample representative means; not paired
A0,A0-M00,6,snv,2245.521803921569,0.002326950111000814,difference of equal-sample representative means; not paired
A0,A0-M00,6,snv,2250.982549019608,0.003031744890975574,difference of equal-sample representative means; not paired
A0,A0-M00,6,snv,2256.4432941176474,0.006157998148424326,difference of equal-sample representative means; not paired
A0,A0-M00,6,snv,2261.9040392156867,0.0077250350408215596,difference of equal-sample representative means; not paired
A0,A0-M00,6,snv,2267.364784313726,0.0069405818295029675,difference of equal-sample representative means; not paired
A0,A0-M00,6,snv,2272.825529411765,0.006070119889698633,difference of equal-sample representative means; not paired
A0,A0-M00,6,snv,2278.286274509804,0.01328909112753629,difference of equal-sample representative means; not paired
A0,A0-M00,6,snv,2283.7470196078434,0.0295725929788051,difference of equal-sample representative means; not paired
A0,A0-M00,6,snv,2289.2077647058827,0.05069110057858128,difference of equal-sample representative means; not paired
A0,A0-M00,6,snv,2294.668509803922,0.06228497197282268,difference of equal-sample representative means; not paired
A0,A0-M00,6,snv,2300.1292549019613,0.0523607729030362,difference of equal-sample representative means; not paired
A0,A0-M00,6,snv,2305.59,0.05921129838505257,difference of equal-sample representative means; not paired
A0,A0-M00,6,second_derivative,913.1,-3.357338930961559e-05,difference of equal-sample representative means; not paired
A0,A0-M00,6,second_derivative,918.5607450980392,-3.357338930961559e-05,difference of equal-sample representative means; not paired
A0,A0-M00,6,second_derivative,924.0214901960785,-3.357338930961559e-05,difference of equal-sample representative means; not paired
A0,A0-M00,6,second_derivative,929.4822352941177,-3.357338930961551e-05,difference of equal-sample representative means; not paired
A0,A0-M00,6,second_derivative,934.9429803921569,-2.1700719260302622e-05,difference of equal-sample representative means; not paired
A0,A0-M00,6,second_derivative,940.4037254901962,-1.1265010523912167e-05,difference of equal-sample representative means; not paired
A0,A0-M00,6,second_derivative,945.8644705882353,-5.733384400634642e-06,difference of equal-sample representative means; not paired
A0,A0-M00,6,second_derivative,951.3252156862745,-2.38769828232371e-06,difference of equal-sample representative means; not paired
A0,A0-M00,6,second_derivative,956.7859607843137,-2.3168486491133544e-07,difference of equal-sample representative means; not paired
A0,A0-M00,6,second_derivative,962.246705882353,9.8618424974077e-08,difference of equal-sample representative means; not paired
A0,A0-M00,6,second_derivative,967.7074509803922,-1.653662021496751e-07,difference of equal-sample representative means; not paired
A0,A0-M00,6,second_derivative,973.1681960784314,-2.2245744946088514e-07,difference of equal-sample representative means; not paired
A0,A0-M00,6,second_derivative,978.6289411764706,-3.0309088282347894e-07,difference of equal-sample representative means; not paired
A0,A0-M00,6,second_derivative,984.0896862745099,-7.034781533030235e-07,difference of equal-sample representative means; not paired
A0,A0-M00,6,second_derivative,989.550431372549,-1.3599631922297933e-06,difference of equal-sample representative means; not paired
A0,A0-M00,6,second_derivative,995.0111764705882,-1.6715507567961787e-06,difference of equal-sample representative means; not paired
A0,A0-M00,6,second_derivative,1000.4719215686275,-1.277657829768268e-06,difference of equal-sample representative means; not paired
A0,A0-M00,6,second_derivative,1005.9326666666667,-4.5792468113164623e-07,difference of equal-sample representative means; not paired
A0,A0-M00,6,second_derivative,1011.3934117647059,1.910715145053487e-08,difference of equal-sample representative means; not paired
A0,A0-M00,6,second_derivative,1016.8541568627452,4.926887725558195e-07,difference of equal-sample representative means; not paired
A0,A0-M00,6,second_derivative,1022.3149019607844,2.704526946037201e-07,difference of equal-sample representative means; not paired
A0,A0-M00,6,second_derivative,1027.7756470588236,7.769554880624488e-08,difference of equal-sample representative means; not paired
A0,A0-M00,6,second_derivative,1033.2363921568628,-3.415091421129666e-08,difference of equal-sample representative means; not paired
A0,A0-M00,6,second_derivative,1038.697137254902,-1.3484093257990226e-07,difference of equal-sample representative means; not paired
A0,A0-M00,6,second_derivative,1044.1578823529412,-2.0648376385852816e-07,difference of equal-sample representative means; not paired
A0,A0-M00,6,second_derivative,1049.6186274509805,-1.3585698402591399e-07,difference of equal-sample representative means; not paired
A0,A0-M00,6,second_derivative,1055.0793725490196,-1.7402132686482086e-07,difference of equal-sample representative means; not paired
A0,A0-M00,6,second_derivative,1060.5401176470589,-1.2974361853185722e-08,difference of equal-sample representative means; not paired
A0,A0-M00,6,second_derivative,1066.0008627450982,3.6223532696243285e-08,difference of equal-sample representative means; not paired
A0,A0-M00,6,second_derivative,1071.4616078431372,-5.012748614867178e-11,difference of equal-sample representative means; not paired
A0,A0-M00,6,second_derivative,1076.9223529411765,1.1038274790065863e-08,difference of equal-sample representative means; not paired
A0,A0-M00,6,second_derivative,1082.3830980392158,1.7576777280985123e-07,difference of equal-sample representative means; not paired
A0,A0-M00,6,second_derivative,1087.843843137255,4.865477295094291e-07,difference of equal-sample representative means; not paired
A0,A0-M00,6,second_derivative,1093.3045882352942,6.064899842354558e-07,difference of equal-sample representative means; not paired
A0,A0-M00,6,second_derivative,1098.7653333333333,8.804904385972706e-07,difference of equal-sample representative means; not paired
A0,A0-M00,6,second_derivative,1104.2260784313726,1.0671010909057288e-06,difference of equal-sample representative means; not paired
A0,A0-M00,6,second_derivative,1109.6868235294119,1.4753712990758582e-06,difference of equal-sample representative means; not paired
A0,A0-M00,6,second_derivative,1115.1475686274512,1.9711005224422296e-06,difference of equal-sample representative means; not paired
A0,A0-M00,6,second_derivative,1120.6083137254902,2.1514984337826917e-06,difference of equal-sample representative means; not paired
A0,A0-M00,6,second_derivative,1126.0690588235295,1.716075714602565e-06,difference of equal-sample representative means; not paired
A0,A0-M00,6,second_derivative,1131.5298039215686,1.0281069804051162e-06,difference of equal-sample representative means; not paired
A0,A0-M00,6,second_derivative,1136.990549019608,3.6128998833510395e-07,difference of equal-sample representative means; not paired
A0,A0-M00,6,second_derivative,1142.4512941176472,1.3393918759976419e-07,difference of equal-sample representative means; not paired
A0,A0-M00,6,second_derivative,1147.9120392156863,3.0345178177032483e-07,difference of equal-sample representative means; not paired
A0,A0-M00,6,second_derivative,1153.3727843137256,3.183672866033021e-07,difference of equal-sample representative means; not paired
A0,A0-M00,6,second_derivative,1158.8335294117649,-5.7749209002254365e-08,difference of equal-sample representative means; not paired
A0,A0-M00,6,second_derivative,1164.294274509804,-4.929003968403381e-07,difference of equal-sample representative means; not paired
A0,A0-M00,6,second_derivative,1169.7550196078432,-3.9552689411743117e-07,difference of equal-sample representative means; not paired
A0,A0-M00,6,second_derivative,1175.2157647058825,-1.6607425472277277e-07,difference of equal-sample representative means; not paired
A0,A0-M00,6,second_derivative,1180.6765098039216,-3.8039102284278723e-07,difference of equal-sample representative means; not paired
A0,A0-M00,6,second_derivative,1186.137254901961,-1.0108796401116345e-06,difference of equal-sample representative means; not paired
A0,A0-M00,6,second_derivative,1191.598,-1.7616700556558702e-06,difference of equal-sample representative means; not paired
A0,A0-M00,6,second_derivative,1197.0587450980393,-1.6867956634464623e-06,difference of equal-sample representative means; not paired
A0,A0-M00,6,second_derivative,1202.5194901960786,-1.1373247935053565e-06,difference of equal-sample representative means; not paired
A0,A0-M00,6,second_derivative,1207.9802352941178,-1.3466604176582404e-06,difference of equal-sample representative means; not paired
A0,A0-M00,6,second_derivative,1213.440980392157,-1.5995102081313683e-06,difference of equal-sample representative means; not paired
A0,A0-M00,6,second_derivative,1218.9017254901962,-9.701518183489648e-07,difference of equal-sample representative means; not paired
A0,A0-M00,6,second_derivative,1224.3624705882353,-1.2816233587212765e-06,difference of equal-sample representative means; not paired
A0,A0-M00,6,second_derivative,1229.8232156862746,-1.0016080471412147e-06,difference of equal-sample representative means; not paired
A0,A0-M00,6,second_derivative,1235.2839607843139,-5.959791927404023e-07,difference of equal-sample representative means; not paired
A0,A0-M00,6,second_derivative,1240.7447058823532,-4.690099032077032e-07,difference of equal-sample representative means; not paired
A0,A0-M00,6,second_derivative,1246.2054509803922,3.2680449795633206e-07,difference of equal-sample representative means; not paired
A0,A0-M00,6,second_derivative,1251.6661960784315,1.0690398561027587e-06,difference of equal-sample representative means; not paired
A0,A0-M00,6,second_derivative,1257.1269411764706,4.192034118127831e-07,difference of equal-sample representative means; not paired
A0,A0-M00,6,second_derivative,1262.58768627451,-1.379117465841131e-07,difference of equal-sample representative means; not paired
A0,A0-M00,6,second_derivative,1268.0484313725492,-2.5495374001496644e-07,difference of equal-sample representative means; not paired
A0,A0-M00,6,second_derivative,1273.5091764705883,-2.3280118240195945e-07,difference of equal-sample representative means; not paired
A0,A0-M00,6,second_derivative,1278.9699215686276,-8.251406404007635e-08,difference of equal-sample representative means; not paired
A0,A0-M00,6,second_derivative,1284.4306666666666,1.0640085662759051e-07,difference of equal-sample representative means; not paired
A0,A0-M00,6,second_derivative,1289.891411764706,2.3654490885190936e-07,difference of equal-sample representative means; not paired
A0,A0-M00,6,second_derivative,1295.3521568627452,6.841838250297684e-07,difference of equal-sample representative means; not paired
A0,A0-M00,6,second_derivative,1300.8129019607845,1.5337984328313932e-06,difference of equal-sample representative means; not paired
A0,A0-M00,6,second_derivative,1306.2736470588236,2.0419884264491852e-06,difference of equal-sample representative means; not paired
A0,A0-M00,6,second_derivative,1311.734392156863,2.19622434263963e-06,difference of equal-sample representative means; not paired
A0,A0-M00,6,second_derivative,1317.195137254902,2.019831491389971e-06,difference of equal-sample representative means; not paired
A0,A0-M00,6,second_derivative,1322.6558823529413,1.849309056259685e-06,difference of equal-sample representative means; not paired
A0,A0-M00,6,second_derivative,1328.1166274509806,2.303962012844414e-06,difference of equal-sample representative means; not paired
A0,A0-M00,6,second_derivative,1333.5773725490199,2.5143301726001266e-06,difference of equal-sample representative means; not paired
A0,A0-M00,6,second_derivative,1339.038117647059,1.993463216712044e-06,difference of equal-sample representative means; not paired
A0,A0-M00,6,second_derivative,1344.4988627450982,8.541907729785291e-07,difference of equal-sample representative means; not paired
A0,A0-M00,6,second_derivative,1349.9596078431373,-1.5840677018510193e-07,difference of equal-sample representative means; not paired
A0,A0-M00,6,second_derivative,1355.4203529411766,-7.686561533847254e-07,difference of equal-sample representative means; not paired
A0,A0-M00,6,second_derivative,1360.8810980392159,-1.1577154682765289e-06,difference of equal-sample representative means; not paired
A0,A0-M00,6,second_derivative,1366.341843137255,-1.5627877646871036e-06,difference of equal-sample representative means; not paired
A0,A0-M00,6,second_derivative,1371.8025882352943,-1.6238287717330967e-06,difference of equal-sample representative means; not paired
A0,A0-M00,6,second_derivative,1377.2633333333333,-3.108654605025348e-07,difference of equal-sample representative means; not paired
A0,A0-M00,6,second_derivative,1382.7240784313726,1.9572449953570654e-06,difference of equal-sample representative means; not paired
A0,A0-M00,6,second_derivative,1388.184823529412,3.9664011102037765e-06,difference of equal-sample representative means; not paired
A0,A0-M00,6,second_derivative,1393.6455686274512,4.931620944525992e-06,difference of equal-sample representative means; not paired
A0,A0-M00,6,second_derivative,1399.1063137254903,4.3848098208127344e-06,difference of equal-sample representative means; not paired
A0,A0-M00,6,second_derivative,1404.5670588235296,2.8631006473350736e-06,difference of equal-sample representative means; not paired
A0,A0-M00,6,second_derivative,1410.0278039215686,1.3148029494160136e-06,difference of equal-sample representative means; not paired
A0,A0-M00,6,second_derivative,1415.488549019608,-8.868674106168018e-07,difference of equal-sample representative means; not paired
A0,A0-M00,6,second_derivative,1420.9492941176472,-3.1758139688104403e-06,difference of equal-sample representative means; not paired
A0,A0-M00,6,second_derivative,1426.4100392156865,-4.311535989410739e-06,difference of equal-sample representative means; not paired
A0,A0-M00,6,second_derivative,1431.8707843137256,-4.20966933852593e-06,difference of equal-sample representative means; not paired
A0,A0-M00,6,second_derivative,1437.3315294117647,-3.454482097960251e-06,difference of equal-sample representative means; not paired
A0,A0-M00,6,second_derivative,1442.792274509804,-2.34424063167461e-06,difference of equal-sample representative means; not paired
A0,A0-M00,6,second_derivative,1448.2530196078433,-1.3804157583667434e-06,difference of equal-sample representative means; not paired
A0,A0-M00,6,second_derivative,1453.7137647058826,-8.334171135808614e-07,difference of equal-sample representative means; not paired
A0,A0-M00,6,second_derivative,1459.1745098039219,-1.1053515246308968e-06,difference of equal-sample representative means; not paired
A0,A0-M00,6,second_derivative,1464.635254901961,-1.3137676607185847e-06,difference of equal-sample representative means; not paired
A0,A0-M00,6,second_derivative,1470.096,-1.5685600206911966e-06,difference of equal-sample representative means; not paired
A0,A0-M00,6,second_derivative,1475.5567450980393,-1.5544897168159058e-06,difference of equal-sample representative means; not paired
A0,A0-M00,6,second_derivative,1481.0174901960786,-1.1357142909131286e-06,difference of equal-sample representative means; not paired
A0,A0-M00,6,second_derivative,1486.478235294118,-8.0494034351354e-07,difference of equal-sample representative means; not paired
A0,A0-M00,6,second_derivative,1491.938980392157,-9.78745136476084e-07,difference of equal-sample representative means; not paired
A0,A0-M00,6,second_derivative,1497.3997254901963,-7.070532743076442e-07,difference of equal-sample representative means; not paired
A0,A0-M00,6,second_derivative,1502.8604705882353,-4.163075806000675e-07,difference of equal-sample representative means; not paired
A0,A0-M00,6,second_derivative,1508.3212156862746,1.0719686513115751e-07,difference of equal-sample representative means; not paired
A0,A0-M00,6,second_derivative,1513.781960784314,-3.812929008708394e-08,difference of equal-sample representative means; not paired
A0,A0-M00,6,second_derivative,1519.2427058823532,-2.3231026830315803e-07,difference of equal-sample representative means; not paired
A0,A0-M00,6,second_derivative,1524.7034509803923,-1.6228516896204192e-07,difference of equal-sample representative means; not paired
A0,A0-M00,6,second_derivative,1530.1641960784316,-8.222982880525223e-08,difference of equal-sample representative means; not paired
A0,A0-M00,6,second_derivative,1535.6249411764707,2.758311320051896e-07,difference of equal-sample representative means; not paired
A0,A0-M00,6,second_derivative,1541.08568627451,8.997076683021876e-07,difference of equal-sample representative means; not paired
A0,A0-M00,6,second_derivative,1546.5464313725493,4.3721012967977e-07,difference of equal-sample representative means; not paired
A0,A0-M00,6,second_derivative,1552.0071764705885,-3.5797122252087445e-07,difference of equal-sample representative means; not paired
A0,A0-M00,6,second_derivative,1557.4679215686276,-7.397839947211607e-07,difference of equal-sample representative means; not paired
A0,A0-M00,6,second_derivative,1562.9286666666667,-6.982677590485612e-07,difference of equal-sample representative means; not paired
A0,A0-M00,6,second_derivative,1568.389411764706,-2.34672357839984e-07,difference of equal-sample representative means; not paired
A0,A0-M00,6,second_derivative,1573.8501568627453,1.269953054280916e-07,difference of equal-sample representative means; not paired
A0,A0-M00,6,second_derivative,1579.3109019607846,-3.6029839858302726e-07,difference of equal-sample representative means; not paired
A0,A0-M00,6,second_derivative,1584.7716470588239,-1.0550402138362648e-06,difference of equal-sample representative means; not paired
A0,A0-M00,6,second_derivative,1590.232392156863,-1.4401765991924363e-06,difference of equal-sample representative means; not paired
A0,A0-M00,6,second_derivative,1595.693137254902,-1.5098967683343026e-06,difference of equal-sample representative means; not paired
A0,A0-M00,6,second_derivative,1601.1538823529413,-1.3557963585693894e-06,difference of equal-sample representative means; not paired
A0,A0-M00,6,second_derivative,1606.6146274509806,-1.0160264753629855e-06,difference of equal-sample representative means; not paired
A0,A0-M00,6,second_derivative,1612.07537254902,-5.876690566195726e-07,difference of equal-sample representative means; not paired
A0,A0-M00,6,second_derivative,1617.536117647059,1.880347489776759e-07,difference of equal-sample representative means; not paired
A0,A0-M00,6,second_derivative,1622.9968627450983,4.209917230754118e-07,difference of equal-sample representative means; not paired
A0,A0-M00,6,second_derivative,1628.4576078431373,6.03653257850975e-07,difference of equal-sample representative means; not paired
A0,A0-M00,6,second_derivative,1633.9183529411766,2.8740617199681255e-07,difference of equal-sample representative means; not paired
A0,A0-M00,6,second_derivative,1639.379098039216,-1.2594355637909633e-07,difference of equal-sample representative means; not paired
A0,A0-M00,6,second_derivative,1644.8398431372552,-1.5531963586475393e-07,difference of equal-sample representative means; not paired
A0,A0-M00,6,second_derivative,1650.3005882352943,3.8992612669304106e-07,difference of equal-sample representative means; not paired
A0,A0-M00,6,second_derivative,1655.7613333333334,1.1357635250317586e-06,difference of equal-sample representative means; not paired
A0,A0-M00,6,second_derivative,1661.2220784313727,1.8162269017079676e-06,difference of equal-sample representative means; not paired
A0,A0-M00,6,second_derivative,1666.682823529412,1.7321445711363197e-06,difference of equal-sample representative means; not paired
A0,A0-M00,6,second_derivative,1672.1435686274513,1.6333458809046901e-06,difference of equal-sample representative means; not paired
A0,A0-M00,6,second_derivative,1677.6043137254906,1.5177630221928152e-06,difference of equal-sample representative means; not paired
A0,A0-M00,6,second_derivative,1683.0650588235296,1.312164502578112e-06,difference of equal-sample representative means; not paired
A0,A0-M00,6,second_derivative,1688.5258039215687,9.85670464900617e-07,difference of equal-sample representative means; not paired
A0,A0-M00,6,second_derivative,1693.986549019608,4.459171287908532e-07,difference of equal-sample representative means; not paired
A0,A0-M00,6,second_derivative,1699.4472941176473,1.9412940706575689e-07,difference of equal-sample representative means; not paired
A0,A0-M00,6,second_derivative,1704.9080392156866,3.6092808502385195e-07,difference of equal-sample representative means; not paired
A0,A0-M00,6,second_derivative,1710.3687843137257,2.7821170474426576e-07,difference of equal-sample representative means; not paired
A0,A0-M00,6,second_derivative,1715.829529411765,-6.763994044065076e-07,difference of equal-sample representative means; not paired
A0,A0-M00,6,second_derivative,1721.290274509804,-1.0610026136924384e-06,difference of equal-sample representative means; not paired
A0,A0-M00,6,second_derivative,1726.7510196078433,-5.129491153701256e-07,difference of equal-sample representative means; not paired
A0,A0-M00,6,second_derivative,1732.2117647058826,2.8542483983971866e-07,difference of equal-sample representative means; not paired
A0,A0-M00,6,second_derivative,1737.672509803922,7.544628221236297e-07,difference of equal-sample representative means; not paired
A0,A0-M00,6,second_derivative,1743.133254901961,1.1079644240722747e-06,difference of equal-sample representative means; not paired
A0,A0-M00,6,second_derivative,1748.594,6.594472941405505e-07,difference of equal-sample representative means; not paired
A0,A0-M00,6,second_derivative,1754.0547450980393,6.847549596858176e-07,difference of equal-sample representative means; not paired
A0,A0-M00,6,second_derivative,1759.5154901960786,4.4488604678118615e-07,difference of equal-sample representative means; not paired
A0,A0-M00,6,second_derivative,1764.976235294118,-4.99370278279994e-07,difference of equal-sample representative means; not paired
A0,A0-M00,6,second_derivative,1770.4369803921572,-1.2623919194801478e-06,difference of equal-sample representative means; not paired
A0,A0-M00,6,second_derivative,1775.8977254901963,-1.020831189424399e-06,difference of equal-sample representative means; not paired
A0,A0-M00,6,second_derivative,1781.3584705882354,-8.650722385030697e-07,difference of equal-sample representative means; not paired
A0,A0-M00,6,second_derivative,1786.8192156862747,-6.172587658773316e-07,difference of equal-sample representative means; not paired
A0,A0-M00,6,second_derivative,1792.279960784314,-4.737334335480327e-07,difference of equal-sample representative means; not paired
A0,A0-M00,6,second_derivative,1797.7407058823533,-9.362097959036881e-07,difference of equal-sample representative means; not paired
A0,A0-M00,6,second_derivative,1803.2014509803923,-1.1884368983651993e-06,difference of equal-sample representative means; not paired
A0,A0-M00,6,second_derivative,1808.6621960784316,-1.0102825469031162e-06,difference of equal-sample representative means; not paired
A0,A0-M00,6,second_derivative,1814.1229411764707,-6.294537474176515e-07,difference of equal-sample representative means; not paired
A0,A0-M00,6,second_derivative,1819.58368627451,4.361077146738653e-08,difference of equal-sample representative means; not paired
A0,A0-M00,6,second_derivative,1825.0444313725493,2.4156643493945816e-07,difference of equal-sample representative means; not paired
A0,A0-M00,6,second_derivative,1830.5051764705886,-6.057852904223586e-08,difference of equal-sample representative means; not paired
A0,A0-M00,6,second_derivative,1835.9659215686277,4.815373304837711e-07,difference of equal-sample representative means; not paired
A0,A0-M00,6,second_derivative,1841.4266666666667,1.9210411998914598e-06,difference of equal-sample representative means; not paired
A0,A0-M00,6,second_derivative,1846.887411764706,2.4069546074446705e-06,difference of equal-sample representative means; not paired
A0,A0-M00,6,second_derivative,1852.3481568627453,1.6888143046883981e-06,difference of equal-sample representative means; not paired
A0,A0-M00,6,second_derivative,1857.8089019607846,5.643222597795204e-07,difference of equal-sample representative means; not paired
A0,A0-M00,6,second_derivative,1863.269647058824,4.290212597712114e-07,difference of equal-sample representative means; not paired
A0,A0-M00,6,second_derivative,1868.730392156863,2.85285950016919e-06,difference of equal-sample representative means; not paired
A0,A0-M00,6,second_derivative,1874.191137254902,5.042660956619646e-06,difference of equal-sample representative means; not paired
A0,A0-M00,6,second_derivative,1879.6518823529414,6.081300986426197e-06,difference of equal-sample representative means; not paired
A0,A0-M00,6,second_derivative,1885.1126274509807,4.977458183009684e-06,difference of equal-sample representative means; not paired
A0,A0-M00,6,second_derivative,1890.57337254902,2.486415664846106e-06,difference of equal-sample representative means; not paired
A0,A0-M00,6,second_derivative,1896.034117647059,-3.145492509918263e-07,difference of equal-sample representative means; not paired
A0,A0-M00,6,second_derivative,1901.4948627450983,-2.2201672036524594e-06,difference of equal-sample representative means; not paired
A0,A0-M00,6,second_derivative,1906.9556078431374,-4.590491647598997e-06,difference of equal-sample representative means; not paired
A0,A0-M00,6,second_derivative,1912.4163529411767,-4.689710065445754e-06,difference of equal-sample representative means; not paired
A0,A0-M00,6,second_derivative,1917.877098039216,-3.7559522639579073e-06,difference of equal-sample representative means; not paired
A0,A0-M00,6,second_derivative,1923.3378431372553,-3.294453655490546e-06,difference of equal-sample representative means; not paired
A0,A0-M00,6,second_derivative,1928.7985882352943,-2.8198087083707653e-06,difference of equal-sample representative means; not paired
A0,A0-M00,6,second_derivative,1934.2593333333336,-2.7996272194242915e-06,difference of equal-sample representative means; not paired
A0,A0-M00,6,second_derivative,1939.7200784313727,-3.3032589769811687e-06,difference of equal-sample representative means; not paired
A0,A0-M00,6,second_derivative,1945.180823529412,-2.751806172755615e-06,difference of equal-sample representative means; not paired
A0,A0-M00,6,second_derivative,1950.6415686274513,-1.4583581650299952e-06,difference of equal-sample representative means; not paired
A0,A0-M00,6,second_derivative,1956.1023137254906,2.5706595373115217e-07,difference of equal-sample representative means; not paired
A0,A0-M00,6,second_derivative,1961.5630588235294,3.570018667443047e-09,difference of equal-sample representative means; not paired
A0,A0-M00,6,second_derivative,1967.0238039215687,-1.3145090812853816e-06,difference of equal-sample representative means; not paired
A0,A0-M00,6,second_derivative,1972.484549019608,-2.729485350294133e-06,difference of equal-sample representative means; not paired
A0,A0-M00,6,second_derivative,1977.9452941176473,-2.660293609075778e-06,difference of equal-sample representative means; not paired
A0,A0-M00,6,second_derivative,1983.4060392156866,-6.001365039688773e-07,difference of equal-sample representative means; not paired
A0,A0-M00,6,second_derivative,1988.866784313726,2.332488751708519e-06,difference of equal-sample representative means; not paired
A0,A0-M00,6,second_derivative,1994.3275294117648,2.3053478952853937e-06,difference of equal-sample representative means; not paired
A0,A0-M00,6,second_derivative,1999.788274509804,2.167048650344158e-06,difference of equal-sample representative means; not paired
A0,A0-M00,6,second_derivative,2005.2490196078434,2.0102966892568443e-06,difference of equal-sample representative means; not paired
A0,A0-M00,6,second_derivative,2010.7097647058827,2.5293034940098195e-06,difference of equal-sample representative means; not paired
A0,A0-M00,6,second_derivative,2016.170509803922,2.8885803460084765e-06,difference of equal-sample representative means; not paired
A0,A0-M00,6,second_derivative,2021.6312549019613,2.4134296118132317e-06,difference of equal-sample representative means; not paired
A0,A0-M00,6,second_derivative,2027.092,1.5717449195701088e-06,difference of equal-sample representative means; not paired
A0,A0-M00,6,second_derivative,2032.5527450980394,-2.2363712118767724e-07,difference of equal-sample representative means; not paired
A0,A0-M00,6,second_derivative,2038.0134901960787,-4.979374120651187e-07,difference of equal-sample representative means; not paired
A0,A0-M00,6,second_derivative,2043.474235294118,7.039556645663081e-07,difference of equal-sample representative means; not paired
A0,A0-M00,6,second_derivative,2048.9349803921573,2.398221913538011e-06,difference of equal-sample representative means; not paired
A0,A0-M00,6,second_derivative,2054.3957254901966,2.8622010484779924e-06,difference of equal-sample representative means; not paired
A0,A0-M00,6,second_derivative,2059.8564705882354,1.5393100849572586e-06,difference of equal-sample representative means; not paired
A0,A0-M00,6,second_derivative,2065.3172156862747,-1.5928148459720971e-06,difference of equal-sample representative means; not paired
A0,A0-M00,6,second_derivative,2070.777960784314,-3.000455501203235e-06,difference of equal-sample representative means; not paired
A0,A0-M00,6,second_derivative,2076.2387058823533,-1.993877896345066e-06,difference of equal-sample representative means; not paired
A0,A0-M00,6,second_derivative,2081.6994509803926,-5.0116490510083295e-08,difference of equal-sample representative means; not paired
A0,A0-M00,6,second_derivative,2087.1601960784315,1.460118223660194e-06,difference of equal-sample representative means; not paired
A0,A0-M00,6,second_derivative,2092.6209411764708,1.1557763353311156e-06,difference of equal-sample representative means; not paired
A0,A0-M00,6,second_derivative,2098.08168627451,-3.772056793100449e-07,difference of equal-sample representative means; not paired
A0,A0-M00,6,second_derivative,2103.5424313725493,-2.6256081119611022e-06,difference of equal-sample representative means; not paired
A0,A0-M00,6,second_derivative,2109.0031764705886,-3.3094925904330293e-06,difference of equal-sample representative means; not paired
A0,A0-M00,6,second_derivative,2114.463921568628,-1.5193408413500442e-06,difference of equal-sample representative means; not paired
A0,A0-M00,6,second_derivative,2119.924666666667,-1.916531459945903e-07,difference of equal-sample representative means; not paired
A0,A0-M00,6,second_derivative,2125.385411764706,9.117170209416326e-07,difference of equal-sample representative means; not paired
A0,A0-M00,6,second_derivative,2130.8461568627454,9.416073048941532e-07,difference of equal-sample representative means; not paired
A0,A0-M00,6,second_derivative,2136.3069019607847,3.95012301856923e-08,difference of equal-sample representative means; not paired
A0,A0-M00,6,second_derivative,2141.767647058824,-6.607132461834168e-07,difference of equal-sample representative means; not paired
A0,A0-M00,6,second_derivative,2147.2283921568633,-3.24214273602485e-07,difference of equal-sample representative means; not paired
A0,A0-M00,6,second_derivative,2152.689137254902,-1.1794829129063466e-06,difference of equal-sample representative means; not paired
A0,A0-M00,6,second_derivative,2158.1498823529414,-9.815037270909208e-08,difference of equal-sample representative means; not paired
A0,A0-M00,6,second_derivative,2163.6106274509807,6.868891421596165e-07,difference of equal-sample representative means; not paired
A0,A0-M00,6,second_derivative,2169.07137254902,2.1424991415558598e-07,difference of equal-sample representative means; not paired
A0,A0-M00,6,second_derivative,2174.5321176470593,-6.342776113129874e-07,difference of equal-sample representative means; not paired
A0,A0-M00,6,second_derivative,2179.992862745098,-1.2830894551002184e-06,difference of equal-sample representative means; not paired
A0,A0-M00,6,second_derivative,2185.4536078431374,-9.298675319443852e-07,difference of equal-sample representative means; not paired
A0,A0-M00,6,second_derivative,2190.9143529411767,5.605310043769705e-07,difference of equal-sample representative means; not paired
A0,A0-M00,6,second_derivative,2196.375098039216,1.5634822878632817e-06,difference of equal-sample representative means; not paired
A0,A0-M00,6,second_derivative,2201.8358431372553,-8.146286396738833e-08,difference of equal-sample representative means; not paired
A0,A0-M00,6,second_derivative,2207.2965882352946,-1.9888621250962156e-06,difference of equal-sample representative means; not paired
A0,A0-M00,6,second_derivative,2212.7573333333335,3.962949360517378e-07,difference of equal-sample representative means; not paired
A0,A0-M00,6,second_derivative,2218.2180784313728,2.0855043178226283e-06,difference of equal-sample representative means; not paired
A0,A0-M00,6,second_derivative,2223.678823529412,1.5968688007046673e-06,difference of equal-sample representative means; not paired
A0,A0-M00,6,second_derivative,2229.1395686274514,8.064183086535363e-07,difference of equal-sample representative means; not paired
A0,A0-M00,6,second_derivative,2234.6003137254907,2.769919389878668e-07,difference of equal-sample representative means; not paired
A0,A0-M00,6,second_derivative,2240.06105882353,-3.577847392063525e-07,difference of equal-sample representative means; not paired
A0,A0-M00,6,second_derivative,2245.521803921569,2.3818731676399205e-06,difference of equal-sample representative means; not paired
A0,A0-M00,6,second_derivative,2250.982549019608,5.281100456718552e-06,difference of equal-sample representative means; not paired
A0,A0-M00,6,second_derivative,2256.4432941176474,7.949183977160656e-06,difference of equal-sample representative means; not paired
A0,A0-M00,6,second_derivative,2261.9040392156867,-2.3921087162293835e-06,difference of equal-sample representative means; not paired
A0,A0-M00,6,second_derivative,2267.364784313726,-3.1105097562968386e-05,difference of equal-sample representative means; not paired
A0,A0-M00,6,second_derivative,2272.825529411765,-6.382741845443244e-05,difference of equal-sample representative means; not paired
A0,A0-M00,6,second_derivative,2278.286274509804,-6.177034623896217e-05,difference of equal-sample representative means; not paired
A0,A0-M00,6,second_derivative,2283.7470196078434,-1.245970657791129e-06,difference of equal-sample representative means; not paired
A0,A0-M00,6,second_derivative,2289.2077647058827,3.972144782940456e-05,difference of equal-sample representative means; not paired
A0,A0-M00,6,second_derivative,2294.668509803922,3.972144782940448e-05,difference of equal-sample representative means; not paired
A0,A0-M00,6,second_derivative,2300.1292549019613,3.972144782940448e-05,difference of equal-sample representative means; not paired
A0,A0-M00,6,second_derivative,2305.59,3.972144782940448e-05,difference of equal-sample representative means; not paired
A0,A0-M00,7,reflectance,913.1,-0.003568105037948688,difference of equal-sample representative means; not paired
A0,A0-M00,7,reflectance,918.5607450980392,-0.007308513111047521,difference of equal-sample representative means; not paired
A0,A0-M00,7,reflectance,924.0214901960785,-0.010202977585893058,difference of equal-sample representative means; not paired
A0,A0-M00,7,reflectance,929.4822352941177,-0.011679251330360962,difference of equal-sample representative means; not paired
A0,A0-M00,7,reflectance,934.9429803921569,-0.012487894643035014,difference of equal-sample representative means; not paired
A0,A0-M00,7,reflectance,940.4037254901962,-0.013089732129216047,difference of equal-sample representative means; not paired
A0,A0-M00,7,reflectance,945.8644705882353,-0.013380409444017638,difference of equal-sample representative means; not paired
A0,A0-M00,7,reflectance,951.3252156862745,-0.013395187157209554,difference of equal-sample representative means; not paired
A0,A0-M00,7,reflectance,956.7859607843137,-0.013295797312635416,difference of equal-sample representative means; not paired
A0,A0-M00,7,reflectance,962.246705882353,-0.013289201134025097,difference of equal-sample representative means; not paired
A0,A0-M00,7,reflectance,967.7074509803922,-0.013208590315568314,difference of equal-sample representative means; not paired
A0,A0-M00,7,reflectance,973.1681960784314,-0.01307888695975401,difference of equal-sample representative means; not paired
A0,A0-M00,7,reflectance,978.6289411764706,-0.012993001392317183,difference of equal-sample representative means; not paired
A0,A0-M00,7,reflectance,984.0896862745099,-0.013013104217255322,difference of equal-sample representative means; not paired
A0,A0-M00,7,reflectance,989.550431372549,-0.01309582757317318,difference of equal-sample representative means; not paired
A0,A0-M00,7,reflectance,995.0111764705882,-0.013073013952285661,difference of equal-sample representative means; not paired
A0,A0-M00,7,reflectance,1000.4719215686275,-0.013042283189235171,difference of equal-sample representative means; not paired
A0,A0-M00,7,reflectance,1005.9326666666667,-0.013047309351954306,difference of equal-sample representative means; not paired
A0,A0-M00,7,reflectance,1011.3934117647059,-0.013002725047251085,difference of equal-sample representative means; not paired
A0,A0-M00,7,reflectance,1016.8541568627452,-0.01294764895927003,difference of equal-sample representative means; not paired
A0,A0-M00,7,reflectance,1022.3149019607844,-0.012917427739964293,difference of equal-sample representative means; not paired
A0,A0-M00,7,reflectance,1027.7756470588236,-0.01286190745600424,difference of equal-sample representative means; not paired
A0,A0-M00,7,reflectance,1033.2363921568628,-0.012829388822724996,difference of equal-sample representative means; not paired
A0,A0-M00,7,reflectance,1038.697137254902,-0.01285556787358022,difference of equal-sample representative means; not paired
A0,A0-M00,7,reflectance,1044.1578823529412,-0.012868839996598602,difference of equal-sample representative means; not paired
A0,A0-M00,7,reflectance,1049.6186274509805,-0.012842445332592045,difference of equal-sample representative means; not paired
A0,A0-M00,7,reflectance,1055.0793725490196,-0.01282335477665697,difference of equal-sample representative means; not paired
A0,A0-M00,7,reflectance,1060.5401176470589,-0.012821118860351643,difference of equal-sample representative means; not paired
A0,A0-M00,7,reflectance,1066.0008627450982,-0.012791545840048046,difference of equal-sample representative means; not paired
A0,A0-M00,7,reflectance,1071.4616078431372,-0.012737627189917555,difference of equal-sample representative means; not paired
A0,A0-M00,7,reflectance,1076.9223529411765,-0.012716943619927368,difference of equal-sample representative means; not paired
A0,A0-M00,7,reflectance,1082.3830980392158,-0.01264202049384322,difference of equal-sample representative means; not paired
A0,A0-M00,7,reflectance,1087.843843137255,-0.012581696707217205,difference of equal-sample representative means; not paired
A0,A0-M00,7,reflectance,1093.3045882352942,-0.012550917979033405,difference of equal-sample representative means; not paired
A0,A0-M00,7,reflectance,1098.7653333333333,-0.012570587846695624,difference of equal-sample representative means; not paired
A0,A0-M00,7,reflectance,1104.2260784313726,-0.01261813395990774,difference of equal-sample representative means; not paired
A0,A0-M00,7,reflectance,1109.6868235294119,-0.01257216989833676,difference of equal-sample representative means; not paired
A0,A0-M00,7,reflectance,1115.1475686274512,-0.01258573636452509,difference of equal-sample representative means; not paired
A0,A0-M00,7,reflectance,1120.6083137254902,-0.012547979582032465,difference of equal-sample representative means; not paired
A0,A0-M00,7,reflectance,1126.0690588235295,-0.012402009988655482,difference of equal-sample representative means; not paired
A0,A0-M00,7,reflectance,1131.5298039215686,-0.012504997604072088,difference of equal-sample representative means; not paired
A0,A0-M00,7,reflectance,1136.990549019608,-0.012736200324160563,difference of equal-sample representative means; not paired
A0,A0-M00,7,reflectance,1142.4512941176472,-0.012867002942314798,difference of equal-sample representative means; not paired
A0,A0-M00,7,reflectance,1147.9120392156863,-0.012965540853516977,difference of equal-sample representative means; not paired
A0,A0-M00,7,reflectance,1153.3727843137256,-0.0129539197528461,difference of equal-sample representative means; not paired
A0,A0-M00,7,reflectance,1158.8335294117649,-0.012942294733613968,difference of equal-sample representative means; not paired
A0,A0-M00,7,reflectance,1164.294274509804,-0.012982121315578299,difference of equal-sample representative means; not paired
A0,A0-M00,7,reflectance,1169.7550196078432,-0.013113286191816509,difference of equal-sample representative means; not paired
A0,A0-M00,7,reflectance,1175.2157647058825,-0.013225858212901787,difference of equal-sample representative means; not paired
A0,A0-M00,7,reflectance,1180.6765098039216,-0.013300636650380171,difference of equal-sample representative means; not paired
A0,A0-M00,7,reflectance,1186.137254901961,-0.013411282565919502,difference of equal-sample representative means; not paired
A0,A0-M00,7,reflectance,1191.598,-0.013396242495721133,difference of equal-sample representative means; not paired
A0,A0-M00,7,reflectance,1197.0587450980393,-0.013311668198175641,difference of equal-sample representative means; not paired
A0,A0-M00,7,reflectance,1202.5194901960786,-0.013189267950814876,difference of equal-sample representative means; not paired
A0,A0-M00,7,reflectance,1207.9802352941178,-0.01309887345401195,difference of equal-sample representative means; not paired
A0,A0-M00,7,reflectance,1213.440980392157,-0.013001454765432574,difference of equal-sample representative means; not paired
A0,A0-M00,7,reflectance,1218.9017254901962,-0.01286845350324095,difference of equal-sample representative means; not paired
A0,A0-M00,7,reflectance,1224.3624705882353,-0.012727765758698828,difference of equal-sample representative means; not paired
A0,A0-M00,7,reflectance,1229.8232156862746,-0.012643799765953423,difference of equal-sample representative means; not paired
A0,A0-M00,7,reflectance,1235.2839607843139,-0.012540096743899665,difference of equal-sample representative means; not paired
A0,A0-M00,7,reflectance,1240.7447058823532,-0.012437719886727816,difference of equal-sample representative means; not paired
A0,A0-M00,7,reflectance,1246.2054509803922,-0.012328762290976791,difference of equal-sample representative means; not paired
A0,A0-M00,7,reflectance,1251.6661960784315,-0.012252104346584858,difference of equal-sample representative means; not paired
A0,A0-M00,7,reflectance,1257.1269411764706,-0.012189367401634454,difference of equal-sample representative means; not paired
A0,A0-M00,7,reflectance,1262.58768627451,-0.012126541856514295,difference of equal-sample representative means; not paired
A0,A0-M00,7,reflectance,1268.0484313725492,-0.0121000791451914,difference of equal-sample representative means; not paired
A0,A0-M00,7,reflectance,1273.5091764705883,-0.012099053884227495,difference of equal-sample representative means; not paired
A0,A0-M00,7,reflectance,1278.9699215686276,-0.011994110493686816,difference of equal-sample representative means; not paired
A0,A0-M00,7,reflectance,1284.4306666666666,-0.011988644943039084,difference of equal-sample representative means; not paired
A0,A0-M00,7,reflectance,1289.891411764706,-0.011952764784518899,difference of equal-sample representative means; not paired
A0,A0-M00,7,reflectance,1295.3521568627452,-0.011835457953347173,difference of equal-sample representative means; not paired
A0,A0-M00,7,reflectance,1300.8129019607845,-0.011756154853171275,difference of equal-sample representative means; not paired
A0,A0-M00,7,reflectance,1306.2736470588236,-0.011850115542682671,difference of equal-sample representative means; not paired
A0,A0-M00,7,reflectance,1311.734392156863,-0.011918103392264512,difference of equal-sample representative means; not paired
A0,A0-M00,7,reflectance,1317.195137254902,-0.011908476492408893,difference of equal-sample representative means; not paired
A0,A0-M00,7,reflectance,1322.6558823529413,-0.01193636694146194,difference of equal-sample representative means; not paired
A0,A0-M00,7,reflectance,1328.1166274509806,-0.011938561472656373,difference of equal-sample representative means; not paired
A0,A0-M00,7,reflectance,1333.5773725490199,-0.011963429597462993,difference of equal-sample representative means; not paired
A0,A0-M00,7,reflectance,1339.038117647059,-0.012017710632352352,difference of equal-sample representative means; not paired
A0,A0-M00,7,reflectance,1344.4988627450982,-0.012075968281194616,difference of equal-sample representative means; not paired
A0,A0-M00,7,reflectance,1349.9596078431373,-0.012139891756791421,difference of equal-sample representative means; not paired
A0,A0-M00,7,reflectance,1355.4203529411766,-0.01217935740821896,difference of equal-sample representative means; not paired
A0,A0-M00,7,reflectance,1360.8810980392159,-0.012254632939393661,difference of equal-sample representative means; not paired
A0,A0-M00,7,reflectance,1366.341843137255,-0.012347740581702515,difference of equal-sample representative means; not paired
A0,A0-M00,7,reflectance,1371.8025882352943,-0.012384320493521117,difference of equal-sample representative means; not paired
A0,A0-M00,7,reflectance,1377.2633333333333,-0.01237963051712282,difference of equal-sample representative means; not paired
A0,A0-M00,7,reflectance,1382.7240784313726,-0.012366706672451266,difference of equal-sample representative means; not paired
A0,A0-M00,7,reflectance,1388.184823529412,-0.01233056835931734,difference of equal-sample representative means; not paired
A0,A0-M00,7,reflectance,1393.6455686274512,-0.012215707148632016,difference of equal-sample representative means; not paired
A0,A0-M00,7,reflectance,1399.1063137254903,-0.011998097483277459,difference of equal-sample representative means; not paired
A0,A0-M00,7,reflectance,1404.5670588235296,-0.011689280764475729,difference of equal-sample representative means; not paired
A0,A0-M00,7,reflectance,1410.0278039215686,-0.011393282213855216,difference of equal-sample representative means; not paired
A0,A0-M00,7,reflectance,1415.488549019608,-0.01103011114171304,difference of equal-sample representative means; not paired
A0,A0-M00,7,reflectance,1420.9492941176472,-0.010652457018469508,difference of equal-sample representative means; not paired
A0,A0-M00,7,reflectance,1426.4100392156865,-0.010365450173858037,difference of equal-sample representative means; not paired
A0,A0-M00,7,reflectance,1431.8707843137256,-0.010054020401000008,difference of equal-sample representative means; not paired
A0,A0-M00,7,reflectance,1437.3315294117647,-0.009820810032389382,difference of equal-sample representative means; not paired
A0,A0-M00,7,reflectance,1442.792274509804,-0.009658790060768196,difference of equal-sample representative means; not paired
A0,A0-M00,7,reflectance,1448.2530196078433,-0.00958317253427829,difference of equal-sample representative means; not paired
A0,A0-M00,7,reflectance,1453.7137647058826,-0.009502237088563986,difference of equal-sample representative means; not paired
A0,A0-M00,7,reflectance,1459.1745098039219,-0.009425021081882035,difference of equal-sample representative means; not paired
A0,A0-M00,7,reflectance,1464.635254901961,-0.009382370327551487,difference of equal-sample representative means; not paired
A0,A0-M00,7,reflectance,1470.096,-0.00934776677219884,difference of equal-sample representative means; not paired
A0,A0-M00,7,reflectance,1475.5567450980393,-0.009332434881129142,difference of equal-sample representative means; not paired
A0,A0-M00,7,reflectance,1481.0174901960786,-0.00935534336709884,difference of equal-sample representative means; not paired
A0,A0-M00,7,reflectance,1486.478235294118,-0.009373976493963126,difference of equal-sample representative means; not paired
A0,A0-M00,7,reflectance,1491.938980392157,-0.009379145418487889,difference of equal-sample representative means; not paired
A0,A0-M00,7,reflectance,1497.3997254901963,-0.009447541483610294,difference of equal-sample representative means; not paired
A0,A0-M00,7,reflectance,1502.8604705882353,-0.009524014143419995,difference of equal-sample representative means; not paired
A0,A0-M00,7,reflectance,1508.3212156862746,-0.009510931414222351,difference of equal-sample representative means; not paired
A0,A0-M00,7,reflectance,1513.781960784314,-0.009573888173947248,difference of equal-sample representative means; not paired
A0,A0-M00,7,reflectance,1519.2427058823532,-0.009606333504314724,difference of equal-sample representative means; not paired
A0,A0-M00,7,reflectance,1524.7034509803923,-0.009695441354407947,difference of equal-sample representative means; not paired
A0,A0-M00,7,reflectance,1530.1641960784316,-0.009686966899383392,difference of equal-sample representative means; not paired
A0,A0-M00,7,reflectance,1535.6249411764707,-0.009718382017483568,difference of equal-sample representative means; not paired
A0,A0-M00,7,reflectance,1541.08568627451,-0.009749276003594376,difference of equal-sample representative means; not paired
A0,A0-M00,7,reflectance,1546.5464313725493,-0.009738470524878029,difference of equal-sample representative means; not paired
A0,A0-M00,7,reflectance,1552.0071764705885,-0.009812543220511977,difference of equal-sample representative means; not paired
A0,A0-M00,7,reflectance,1557.4679215686276,-0.009797430004216734,difference of equal-sample representative means; not paired
A0,A0-M00,7,reflectance,1562.9286666666667,-0.009842829485708138,difference of equal-sample representative means; not paired
A0,A0-M00,7,reflectance,1568.389411764706,-0.00989340331303934,difference of equal-sample representative means; not paired
A0,A0-M00,7,reflectance,1573.8501568627453,-0.009885468380492368,difference of equal-sample representative means; not paired
A0,A0-M00,7,reflectance,1579.3109019607846,-0.009844850224650925,difference of equal-sample representative means; not paired
A0,A0-M00,7,reflectance,1584.7716470588239,-0.00985495180876178,difference of equal-sample representative means; not paired
A0,A0-M00,7,reflectance,1590.232392156863,-0.009939055099710659,difference of equal-sample representative means; not paired
A0,A0-M00,7,reflectance,1595.693137254902,-0.009918665292821094,difference of equal-sample representative means; not paired
A0,A0-M00,7,reflectance,1601.1538823529413,-0.009943673323140556,difference of equal-sample representative means; not paired
A0,A0-M00,7,reflectance,1606.6146274509806,-0.009972152612310436,difference of equal-sample representative means; not paired
A0,A0-M00,7,reflectance,1612.07537254902,-0.010017258363195558,difference of equal-sample representative means; not paired
A0,A0-M00,7,reflectance,1617.536117647059,-0.009848737693607446,difference of equal-sample representative means; not paired
A0,A0-M00,7,reflectance,1622.9968627450983,-0.009824435392341735,difference of equal-sample representative means; not paired
A0,A0-M00,7,reflectance,1628.4576078431373,-0.010116178650026009,difference of equal-sample representative means; not paired
A0,A0-M00,7,reflectance,1633.9183529411766,-0.010118369604422528,difference of equal-sample representative means; not paired
A0,A0-M00,7,reflectance,1639.379098039216,-0.010152175740007041,difference of equal-sample representative means; not paired
A0,A0-M00,7,reflectance,1644.8398431372552,-0.010141645261062093,difference of equal-sample representative means; not paired
A0,A0-M00,7,reflectance,1650.3005882352943,-0.010027417027727026,difference of equal-sample representative means; not paired
A0,A0-M00,7,reflectance,1655.7613333333334,-0.00993685109918796,difference of equal-sample representative means; not paired
A0,A0-M00,7,reflectance,1661.2220784313727,-0.009913517022018148,difference of equal-sample representative means; not paired
A0,A0-M00,7,reflectance,1666.682823529412,-0.009924005586436802,difference of equal-sample representative means; not paired
A0,A0-M00,7,reflectance,1672.1435686274513,-0.009936095738117379,difference of equal-sample representative means; not paired
A0,A0-M00,7,reflectance,1677.6043137254906,-0.010010964810427903,difference of equal-sample representative means; not paired
A0,A0-M00,7,reflectance,1683.0650588235296,-0.00998127881981492,difference of equal-sample representative means; not paired
A0,A0-M00,7,reflectance,1688.5258039215687,-0.01003343089055414,difference of equal-sample representative means; not paired
A0,A0-M00,7,reflectance,1693.986549019608,-0.010056765961809211,difference of equal-sample representative means; not paired
A0,A0-M00,7,reflectance,1699.4472941176473,-0.010034036447549521,difference of equal-sample representative means; not paired
A0,A0-M00,7,reflectance,1704.9080392156866,-0.009997991904273085,difference of equal-sample representative means; not paired
A0,A0-M00,7,reflectance,1710.3687843137257,-0.009980853352396957,difference of equal-sample representative means; not paired
A0,A0-M00,7,reflectance,1715.829529411765,-0.009984920706105349,difference of equal-sample representative means; not paired
A0,A0-M00,7,reflectance,1721.290274509804,-0.01003040136751937,difference of equal-sample representative means; not paired
A0,A0-M00,7,reflectance,1726.7510196078433,-0.009894842840320772,difference of equal-sample representative means; not paired
A0,A0-M00,7,reflectance,1732.2117647058826,-0.009796477725213859,difference of equal-sample representative means; not paired
A0,A0-M00,7,reflectance,1737.672509803922,-0.009743158617173564,difference of equal-sample representative means; not paired
A0,A0-M00,7,reflectance,1743.133254901961,-0.009746033965099876,difference of equal-sample representative means; not paired
A0,A0-M00,7,reflectance,1748.594,-0.00976048389450862,difference of equal-sample representative means; not paired
A0,A0-M00,7,reflectance,1754.0547450980393,-0.009721820332694753,difference of equal-sample representative means; not paired
A0,A0-M00,7,reflectance,1759.5154901960786,-0.00965741471588999,difference of equal-sample representative means; not paired
A0,A0-M00,7,reflectance,1764.976235294118,-0.009677489559860086,difference of equal-sample representative means; not paired
A0,A0-M00,7,reflectance,1770.4369803921572,-0.009568410529106897,difference of equal-sample representative means; not paired
A0,A0-M00,7,reflectance,1775.8977254901963,-0.009519361515856917,difference of equal-sample representative means; not paired
A0,A0-M00,7,reflectance,1781.3584705882354,-0.00947664802753495,difference of equal-sample representative means; not paired
A0,A0-M00,7,reflectance,1786.8192156862747,-0.009432894495475297,difference of equal-sample representative means; not paired
A0,A0-M00,7,reflectance,1792.279960784314,-0.009402283631021191,difference of equal-sample representative means; not paired
A0,A0-M00,7,reflectance,1797.7407058823533,-0.009379868402127456,difference of equal-sample representative means; not paired
A0,A0-M00,7,reflectance,1803.2014509803923,-0.009434909543421355,difference of equal-sample representative means; not paired
A0,A0-M00,7,reflectance,1808.6621960784316,-0.009359391926682725,difference of equal-sample representative means; not paired
A0,A0-M00,7,reflectance,1814.1229411764707,-0.0093919851665627,difference of equal-sample representative means; not paired
A0,A0-M00,7,reflectance,1819.58368627451,-0.00937460123988415,difference of equal-sample representative means; not paired
A0,A0-M00,7,reflectance,1825.0444313725493,-0.009323899553772663,difference of equal-sample representative means; not paired
A0,A0-M00,7,reflectance,1830.5051764705886,-0.009312511642681764,difference of equal-sample representative means; not paired
A0,A0-M00,7,reflectance,1835.9659215686277,-0.009345238496817287,difference of equal-sample representative means; not paired
A0,A0-M00,7,reflectance,1841.4266666666667,-0.009314848943024534,difference of equal-sample representative means; not paired
A0,A0-M00,7,reflectance,1846.887411764706,-0.009357833462975196,difference of equal-sample representative means; not paired
A0,A0-M00,7,reflectance,1852.3481568627453,-0.009470017791019414,difference of equal-sample representative means; not paired
A0,A0-M00,7,reflectance,1857.8089019607846,-0.00953375620281477,difference of equal-sample representative means; not paired
A0,A0-M00,7,reflectance,1863.269647058824,-0.00949229799470902,difference of equal-sample representative means; not paired
A0,A0-M00,7,reflectance,1868.730392156863,-0.009424260861939149,difference of equal-sample representative means; not paired
A0,A0-M00,7,reflectance,1874.191137254902,-0.009392289892909578,difference of equal-sample representative means; not paired
A0,A0-M00,7,reflectance,1879.6518823529414,-0.00935536612105925,difference of equal-sample representative means; not paired
A0,A0-M00,7,reflectance,1885.1126274509807,-0.009248424408830558,difference of equal-sample representative means; not paired
A0,A0-M00,7,reflectance,1890.57337254902,-0.008885666119929969,difference of equal-sample representative means; not paired
A0,A0-M00,7,reflectance,1896.034117647059,-0.008094058180812408,difference of equal-sample representative means; not paired
A0,A0-M00,7,reflectance,1901.4948627450983,-0.008070383579451057,difference of equal-sample representative means; not paired
A0,A0-M00,7,reflectance,1906.9556078431374,-0.007094687734801153,difference of equal-sample representative means; not paired
A0,A0-M00,7,reflectance,1912.4163529411767,-0.0057745781630497706,difference of equal-sample representative means; not paired
A0,A0-M00,7,reflectance,1917.877098039216,-0.005562340812868383,difference of equal-sample representative means; not paired
A0,A0-M00,7,reflectance,1923.3378431372553,-0.005695766278025899,difference of equal-sample representative means; not paired
A0,A0-M00,7,reflectance,1928.7985882352943,-0.005552098388965365,difference of equal-sample representative means; not paired
A0,A0-M00,7,reflectance,1934.2593333333336,-0.005570141197920597,difference of equal-sample representative means; not paired
A0,A0-M00,7,reflectance,1939.7200784313727,-0.005671413362429684,difference of equal-sample representative means; not paired
A0,A0-M00,7,reflectance,1945.180823529412,-0.005759552113078131,difference of equal-sample representative means; not paired
A0,A0-M00,7,reflectance,1950.6415686274513,-0.005859610522174291,difference of equal-sample representative means; not paired
A0,A0-M00,7,reflectance,1956.1023137254906,-0.005998910580120809,difference of equal-sample representative means; not paired
A0,A0-M00,7,reflectance,1961.5630588235294,-0.006116444486224809,difference of equal-sample representative means; not paired
A0,A0-M00,7,reflectance,1967.0238039215687,-0.006084302839504424,difference of equal-sample representative means; not paired
A0,A0-M00,7,reflectance,1972.484549019608,-0.006337114494904067,difference of equal-sample representative means; not paired
A0,A0-M00,7,reflectance,1977.9452941176473,-0.00639966211259288,difference of equal-sample representative means; not paired
A0,A0-M00,7,reflectance,1983.4060392156866,-0.006531708383147317,difference of equal-sample representative means; not paired
A0,A0-M00,7,reflectance,1988.866784313726,-0.00663525420633751,difference of equal-sample representative means; not paired
A0,A0-M00,7,reflectance,1994.3275294117648,-0.006750786538935877,difference of equal-sample representative means; not paired
A0,A0-M00,7,reflectance,1999.788274509804,-0.006918978531101655,difference of equal-sample representative means; not paired
A0,A0-M00,7,reflectance,2005.2490196078434,-0.007048966361200115,difference of equal-sample representative means; not paired
A0,A0-M00,7,reflectance,2010.7097647058827,-0.007103067251603451,difference of equal-sample representative means; not paired
A0,A0-M00,7,reflectance,2016.170509803922,-0.007070284008497407,difference of equal-sample representative means; not paired
A0,A0-M00,7,reflectance,2021.6312549019613,-0.007145144987699331,difference of equal-sample representative means; not paired
A0,A0-M00,7,reflectance,2027.092,-0.007013172703622644,difference of equal-sample representative means; not paired
A0,A0-M00,7,reflectance,2032.5527450980394,-0.0069415838206782765,difference of equal-sample representative means; not paired
A0,A0-M00,7,reflectance,2038.0134901960787,-0.006902210188369173,difference of equal-sample representative means; not paired
A0,A0-M00,7,reflectance,2043.474235294118,-0.006721990480982848,difference of equal-sample representative means; not paired
A0,A0-M00,7,reflectance,2048.9349803921573,-0.006576370026694284,difference of equal-sample representative means; not paired
A0,A0-M00,7,reflectance,2054.3957254901966,-0.00653332997254949,difference of equal-sample representative means; not paired
A0,A0-M00,7,reflectance,2059.8564705882354,-0.006378300415603888,difference of equal-sample representative means; not paired
A0,A0-M00,7,reflectance,2065.3172156862747,-0.006257248314714636,difference of equal-sample representative means; not paired
A0,A0-M00,7,reflectance,2070.777960784314,-0.0061217722162678345,difference of equal-sample representative means; not paired
A0,A0-M00,7,reflectance,2076.2387058823533,-0.00600732354535069,difference of equal-sample representative means; not paired
A0,A0-M00,7,reflectance,2081.6994509803926,-0.0057970936261018124,difference of equal-sample representative means; not paired
A0,A0-M00,7,reflectance,2087.1601960784315,-0.005522426736727759,difference of equal-sample representative means; not paired
A0,A0-M00,7,reflectance,2092.6209411764708,-0.005946714490111665,difference of equal-sample representative means; not paired
A0,A0-M00,7,reflectance,2098.08168627451,-0.005923558907646148,difference of equal-sample representative means; not paired
A0,A0-M00,7,reflectance,2103.5424313725493,-0.00585948917531523,difference of equal-sample representative means; not paired
A0,A0-M00,7,reflectance,2109.0031764705886,-0.005810196250313093,difference of equal-sample representative means; not paired
A0,A0-M00,7,reflectance,2114.463921568628,-0.0057145010281375586,difference of equal-sample representative means; not paired
A0,A0-M00,7,reflectance,2119.924666666667,-0.005691923356425238,difference of equal-sample representative means; not paired
A0,A0-M00,7,reflectance,2125.385411764706,-0.005734199733273049,difference of equal-sample representative means; not paired
A0,A0-M00,7,reflectance,2130.8461568627454,-0.005648156733157328,difference of equal-sample representative means; not paired
A0,A0-M00,7,reflectance,2136.3069019607847,-0.005699104612915562,difference of equal-sample representative means; not paired
A0,A0-M00,7,reflectance,2141.767647058824,-0.005804389905241125,difference of equal-sample representative means; not paired
A0,A0-M00,7,reflectance,2147.2283921568633,-0.0059181916328341355,difference of equal-sample representative means; not paired
A0,A0-M00,7,reflectance,2152.689137254902,-0.006167197671295255,difference of equal-sample representative means; not paired
A0,A0-M00,7,reflectance,2158.1498823529414,-0.006189883385297523,difference of equal-sample representative means; not paired
A0,A0-M00,7,reflectance,2163.6106274509807,-0.006084668706716867,difference of equal-sample representative means; not paired
A0,A0-M00,7,reflectance,2169.07137254902,-0.0061199707765781375,difference of equal-sample representative means; not paired
A0,A0-M00,7,reflectance,2174.5321176470593,-0.006165053728221431,difference of equal-sample representative means; not paired
A0,A0-M00,7,reflectance,2179.992862745098,-0.006272608575474292,difference of equal-sample representative means; not paired
A0,A0-M00,7,reflectance,2185.4536078431374,-0.006266283506643211,difference of equal-sample representative means; not paired
A0,A0-M00,7,reflectance,2190.9143529411767,-0.006270862567030855,difference of equal-sample representative means; not paired
A0,A0-M00,7,reflectance,2196.375098039216,-0.006342472411636574,difference of equal-sample representative means; not paired
A0,A0-M00,7,reflectance,2201.8358431372553,-0.006587795989464823,difference of equal-sample representative means; not paired
A0,A0-M00,7,reflectance,2207.2965882352946,-0.0067973501841320505,difference of equal-sample representative means; not paired
A0,A0-M00,7,reflectance,2212.7573333333335,-0.006674027227383805,difference of equal-sample representative means; not paired
A0,A0-M00,7,reflectance,2218.2180784313728,-0.006413979833060163,difference of equal-sample representative means; not paired
A0,A0-M00,7,reflectance,2223.678823529412,-0.006399502308280985,difference of equal-sample representative means; not paired
A0,A0-M00,7,reflectance,2229.1395686274514,-0.006519213333081558,difference of equal-sample representative means; not paired
A0,A0-M00,7,reflectance,2234.6003137254907,-0.006711859750232196,difference of equal-sample representative means; not paired
A0,A0-M00,7,reflectance,2240.06105882353,-0.006545546181959405,difference of equal-sample representative means; not paired
A0,A0-M00,7,reflectance,2245.521803921569,-0.00628970638716711,difference of equal-sample representative means; not paired
A0,A0-M00,7,reflectance,2250.982549019608,-0.006161457251683655,difference of equal-sample representative means; not paired
A0,A0-M00,7,reflectance,2256.4432941176474,-0.00600146598422005,difference of equal-sample representative means; not paired
A0,A0-M00,7,reflectance,2261.9040392156867,-0.005883318392379239,difference of equal-sample representative means; not paired
A0,A0-M00,7,reflectance,2267.364784313726,-0.005855828774817579,difference of equal-sample representative means; not paired
A0,A0-M00,7,reflectance,2272.825529411765,-0.006572853808755885,difference of equal-sample representative means; not paired
A0,A0-M00,7,reflectance,2278.286274509804,-0.005413461732935609,difference of equal-sample representative means; not paired
A0,A0-M00,7,reflectance,2283.7470196078434,-0.003378252430959683,difference of equal-sample representative means; not paired
A0,A0-M00,7,reflectance,2289.2077647058827,-0.0010924251788853867,difference of equal-sample representative means; not paired
A0,A0-M00,7,reflectance,2294.668509803922,-0.00016383394155639053,difference of equal-sample representative means; not paired
A0,A0-M00,7,reflectance,2300.1292549019613,-0.0021885056609614872,difference of equal-sample representative means; not paired
A0,A0-M00,7,reflectance,2305.59,-0.000324403733025308,difference of equal-sample representative means; not paired
A0,A0-M00,7,snv,913.1,0.04971546213868683,difference of equal-sample representative means; not paired
A0,A0-M00,7,snv,918.5607450980392,0.029681969270620057,difference of equal-sample representative means; not paired
A0,A0-M00,7,snv,924.0214901960785,0.013112209587922807,difference of equal-sample representative means; not paired
A0,A0-M00,7,snv,929.4822352941177,0.004071479061680705,difference of equal-sample representative means; not paired
A0,A0-M00,7,snv,934.9429803921569,-0.0006688193879513804,difference of equal-sample representative means; not paired
A0,A0-M00,7,snv,940.4037254901962,-0.0036681465692738335,difference of equal-sample representative means; not paired
A0,A0-M00,7,snv,945.8644705882353,-0.005031321927553956,difference of equal-sample representative means; not paired
A0,A0-M00,7,snv,951.3252156862745,-0.0051963852234857555,difference of equal-sample representative means; not paired
A0,A0-M00,7,snv,956.7859607843137,-0.004370657361943753,difference of equal-sample representative means; not paired
A0,A0-M00,7,snv,962.246705882353,-0.004541178606652707,difference of equal-sample representative means; not paired
A0,A0-M00,7,snv,967.7074509803922,-0.004382937718800051,difference of equal-sample representative means; not paired
A0,A0-M00,7,snv,973.1681960784314,-0.0038677992215601087,difference of equal-sample representative means; not paired
A0,A0-M00,7,snv,978.6289411764706,-0.0035205816598706807,difference of equal-sample representative means; not paired
A0,A0-M00,7,snv,984.0896862745099,-0.0037541735492439,difference of equal-sample representative means; not paired
A0,A0-M00,7,snv,989.550431372549,-0.004300113815055351,difference of equal-sample representative means; not paired
A0,A0-M00,7,snv,995.0111764705882,-0.0038979233533413815,difference of equal-sample representative means; not paired
A0,A0-M00,7,snv,1000.4719215686275,-0.003348649871751652,difference of equal-sample representative means; not paired
A0,A0-M00,7,snv,1005.9326666666667,-0.0031742373155054793,difference of equal-sample representative means; not paired
A0,A0-M00,7,snv,1011.3934117647059,-0.00258963457898731,difference of equal-sample representative means; not paired
A0,A0-M00,7,snv,1016.8541568627452,-0.0019204207582135258,difference of equal-sample representative means; not paired
A0,A0-M00,7,snv,1022.3149019607844,-0.0014519336359628543,difference of equal-sample representative means; not paired
A0,A0-M00,7,snv,1027.7756470588236,-0.0006860910288120081,difference of equal-sample representative means; not paired
A0,A0-M00,7,snv,1033.2363921568628,-8.104176085765857e-07,difference of equal-sample representative means; not paired
A0,A0-M00,7,snv,1038.697137254902,6.035497218781494e-05,difference of equal-sample representative means; not paired
A0,A0-M00,7,snv,1044.1578823529412,0.00028904248757477546,difference of equal-sample representative means; not paired
A0,A0-M00,7,snv,1049.6186274509805,0.0008247472512989962,difference of equal-sample representative means; not paired
A0,A0-M00,7,snv,1055.0793725490196,0.0012925082100032625,difference of equal-sample representative means; not paired
A0,A0-M00,7,snv,1060.5401176470589,0.0015840251870182787,difference of equal-sample representative means; not paired
A0,A0-M00,7,snv,1066.0008627450982,0.00200264832799002,difference of equal-sample representative means; not paired
A0,A0-M00,7,snv,1071.4616078431372,0.0026265033187204967,difference of equal-sample representative means; not paired
A0,A0-M00,7,snv,1076.9223529411765,0.0030177772915320755,difference of equal-sample representative means; not paired
A0,A0-M00,7,snv,1082.3830980392158,0.003719078915418006,difference of equal-sample representative means; not paired
A0,A0-M00,7,snv,1087.843843137255,0.004309918110025901,difference of equal-sample representative means; not paired
A0,A0-M00,7,snv,1093.3045882352942,0.004831420396004704,difference of equal-sample representative means; not paired
A0,A0-M00,7,snv,1098.7653333333333,0.005025595338676192,difference of equal-sample representative means; not paired
A0,A0-M00,7,snv,1104.2260784313726,0.004849511604512857,difference of equal-sample representative means; not paired
A0,A0-M00,7,snv,1109.6868235294119,0.005210131855823974,difference of equal-sample representative means; not paired
A0,A0-M00,7,snv,1115.1475686274512,0.004857539936445887,difference of equal-sample representative means; not paired
A0,A0-M00,7,snv,1120.6083137254902,0.0046960162785480986,difference of equal-sample representative means; not paired
A0,A0-M00,7,snv,1126.0690588235295,0.005463051077307268,difference of equal-sample representative means; not paired
A0,A0-M00,7,snv,1131.5298039215686,0.0040421868156146346,difference of equal-sample representative means; not paired
A0,A0-M00,7,snv,1136.990549019608,0.001526819682148961,difference of equal-sample representative means; not paired
A0,A0-M00,7,snv,1142.4512941176472,-3.3278741145004176e-05,difference of equal-sample representative means; not paired
A0,A0-M00,7,snv,1147.9120392156863,-0.0012881377559925689,difference of equal-sample representative means; not paired
A0,A0-M00,7,snv,1153.3727843137256,-0.0020042883544164614,difference of equal-sample representative means; not paired
A0,A0-M00,7,snv,1158.8335294117649,-0.0026100420934680457,difference of equal-sample representative means; not paired
A0,A0-M00,7,snv,1164.294274509804,-0.0034980389712635507,difference of equal-sample representative means; not paired
A0,A0-M00,7,snv,1169.7550196078432,-0.00493853889123641,difference of equal-sample representative means; not paired
A0,A0-M00,7,snv,1175.2157647058825,-0.00617250792649604,difference of equal-sample representative means; not paired
A0,A0-M00,7,snv,1180.6765098039216,-0.007099094304362952,difference of equal-sample representative means; not paired
A0,A0-M00,7,snv,1186.137254901961,-0.008275991258066107,difference of equal-sample representative means; not paired
A0,A0-M00,7,snv,1191.598,-0.00859209181710896,difference of equal-sample representative means; not paired
A0,A0-M00,7,snv,1197.0587450980393,-0.008462778361748802,difference of equal-sample representative means; not paired
A0,A0-M00,7,snv,1202.5194901960786,-0.007873846089445857,difference of equal-sample representative means; not paired
A0,A0-M00,7,snv,1207.9802352941178,-0.007369873873287358,difference of equal-sample representative means; not paired
A0,A0-M00,7,snv,1213.440980392157,-0.006709034374937084,difference of equal-sample representative means; not paired
A0,A0-M00,7,snv,1218.9017254901962,-0.0057356313668468495,difference of equal-sample representative means; not paired
A0,A0-M00,7,snv,1224.3624705882353,-0.0046780443262587346,difference of equal-sample representative means; not paired
A0,A0-M00,7,snv,1229.8232156862746,-0.003955337702029271,difference of equal-sample representative means; not paired
A0,A0-M00,7,snv,1235.2839607843139,-0.0028638347566314337,difference of equal-sample representative means; not paired
A0,A0-M00,7,snv,1240.7447058823532,-0.001855706692075465,difference of equal-sample representative means; not paired
A0,A0-M00,7,snv,1246.2054509803922,-0.0008445521562370217,difference of equal-sample representative means; not paired
A0,A0-M00,7,snv,1251.6661960784315,-3.691926855786676e-05,difference of equal-sample representative means; not paired
A0,A0-M00,7,snv,1257.1269411764706,0.0006236073038159429,difference of equal-sample representative means; not paired
A0,A0-M00,7,snv,1262.58768627451,0.0012298014302318805,difference of equal-sample representative means; not paired
A0,A0-M00,7,snv,1268.0484313725492,0.0016779555518076084,difference of equal-sample representative means; not paired
A0,A0-M00,7,snv,1273.5091764705883,0.001890980348314475,difference of equal-sample representative means; not paired
A0,A0-M00,7,snv,1278.9699215686276,0.002733358993871171,difference of equal-sample representative means; not paired
A0,A0-M00,7,snv,1284.4306666666666,0.003109057515601865,difference of equal-sample representative means; not paired
A0,A0-M00,7,snv,1289.891411764706,0.0036686700974006836,difference of equal-sample representative means; not paired
A0,A0-M00,7,snv,1295.3521568627452,0.0051408743445169325,difference of equal-sample representative means; not paired
A0,A0-M00,7,snv,1300.8129019607845,0.006106543996514002,difference of equal-sample representative means; not paired
A0,A0-M00,7,snv,1306.2736470588236,0.004760083295435535,difference of equal-sample representative means; not paired
A0,A0-M00,7,snv,1311.734392156863,0.004273712313130673,difference of equal-sample representative means; not paired
A0,A0-M00,7,snv,1317.195137254902,0.004053684252531831,difference of equal-sample representative means; not paired
A0,A0-M00,7,snv,1322.6558823529413,0.00349095755526152,difference of equal-sample representative means; not paired
A0,A0-M00,7,snv,1328.1166274509806,0.00288826570064038,difference of equal-sample representative means; not paired
A0,A0-M00,7,snv,1333.5773725490199,0.0019437710095302485,difference of equal-sample representative means; not paired
A0,A0-M00,7,snv,1339.038117647059,0.0006120244717311429,difference of equal-sample representative means; not paired
A0,A0-M00,7,snv,1344.4988627450982,-0.0009423464236539836,difference of equal-sample representative means; not paired
A0,A0-M00,7,snv,1349.9596078431373,-0.002655630422281896,difference of equal-sample representative means; not paired
A0,A0-M00,7,snv,1355.4203529411766,-0.00408301505598152,difference of equal-sample representative means; not paired
A0,A0-M00,7,snv,1360.8810980392159,-0.005507698200490019,difference of equal-sample representative means; not paired
A0,A0-M00,7,snv,1366.341843137255,-0.0070191610327730025,difference of equal-sample representative means; not paired
A0,A0-M00,7,snv,1371.8025882352943,-0.008106708429254594,difference of equal-sample representative means; not paired
A0,A0-M00,7,snv,1377.2633333333333,-0.0087928019673284,difference of equal-sample representative means; not paired
A0,A0-M00,7,snv,1382.7240784313726,-0.009356309519935324,difference of equal-sample representative means; not paired
A0,A0-M00,7,snv,1388.184823529412,-0.00996228200073429,difference of equal-sample representative means; not paired
A0,A0-M00,7,snv,1393.6455686274512,-0.010539675481610361,difference of equal-sample representative means; not paired
A0,A0-M00,7,snv,1399.1063137254903,-0.010798804653643579,difference of equal-sample representative means; not paired
A0,A0-M00,7,snv,1404.5670588235296,-0.01079283647093532,difference of equal-sample representative means; not paired
A0,A0-M00,7,snv,1410.0278039215686,-0.011064686869892981,difference of equal-sample representative means; not paired
A0,A0-M00,7,snv,1415.488549019608,-0.01083801140612406,difference of equal-sample representative means; not paired
A0,A0-M00,7,snv,1420.9492941176472,-0.01026744671675578,difference of equal-sample representative means; not paired
A0,A0-M00,7,snv,1426.4100392156865,-0.009970378390738555,difference of equal-sample representative means; not paired
A0,A0-M00,7,snv,1431.8707843137256,-0.009199534581229796,difference of equal-sample representative means; not paired
A0,A0-M00,7,snv,1437.3315294117647,-0.008559718714436948,difference of equal-sample representative means; not paired
A0,A0-M00,7,snv,1442.792274509804,-0.008112982454175133,difference of equal-sample representative means; not paired
A0,A0-M00,7,snv,1448.2530196078433,-0.008055674795516499,difference of equal-sample representative means; not paired
A0,A0-M00,7,snv,1453.7137647058826,-0.007938786349160787,difference of equal-sample representative means; not paired
A0,A0-M00,7,snv,1459.1745098039219,-0.00773775197442883,difference of equal-sample representative means; not paired
A0,A0-M00,7,snv,1464.635254901961,-0.007626470114235895,difference of equal-sample representative means; not paired
A0,A0-M00,7,snv,1470.096,-0.007616240558392051,difference of equal-sample representative means; not paired
A0,A0-M00,7,snv,1475.5567450980393,-0.007648959394720434,difference of equal-sample representative means; not paired
A0,A0-M00,7,snv,1481.0174901960786,-0.007853097606733028,difference of equal-sample representative means; not paired
A0,A0-M00,7,snv,1486.478235294118,-0.00789354544406673,difference of equal-sample representative means; not paired
A0,A0-M00,7,snv,1491.938980392157,-0.00781905545031536,difference of equal-sample representative means; not paired
A0,A0-M00,7,snv,1497.3997254901963,-0.008094518532316464,difference of equal-sample representative means; not paired
A0,A0-M00,7,snv,1502.8604705882353,-0.008378548519399898,difference of equal-sample representative means; not paired
A0,A0-M00,7,snv,1508.3212156862746,-0.008091631522453624,difference of equal-sample representative means; not paired
A0,A0-M00,7,snv,1513.781960784314,-0.008223867500341875,difference of equal-sample representative means; not paired
A0,A0-M00,7,snv,1519.2427058823532,-0.008197195873678398,difference of equal-sample representative means; not paired
A0,A0-M00,7,snv,1524.7034509803923,-0.00844541197342119,difference of equal-sample representative means; not paired
A0,A0-M00,7,snv,1530.1641960784316,-0.008240748384899299,difference of equal-sample representative means; not paired
A0,A0-M00,7,snv,1535.6249411764707,-0.00834825094593028,difference of equal-sample representative means; not paired
A0,A0-M00,7,snv,1541.08568627451,-0.00841368128436848,difference of equal-sample representative means; not paired
A0,A0-M00,7,snv,1546.5464313725493,-0.008194635327818278,difference of equal-sample representative means; not paired
A0,A0-M00,7,snv,1552.0071764705885,-0.008590834444311302,difference of equal-sample representative means; not paired
A0,A0-M00,7,snv,1557.4679215686276,-0.008438526541895253,difference of equal-sample representative means; not paired
A0,A0-M00,7,snv,1562.9286666666667,-0.00837751163143885,difference of equal-sample representative means; not paired
A0,A0-M00,7,snv,1568.389411764706,-0.008619255195842057,difference of equal-sample representative means; not paired
A0,A0-M00,7,snv,1573.8501568627453,-0.008493534205499809,difference of equal-sample representative means; not paired
A0,A0-M00,7,snv,1579.3109019607846,-0.008199064501997366,difference of equal-sample representative means; not paired
A0,A0-M00,7,snv,1584.7716470588239,-0.008162776087606405,difference of equal-sample representative means; not paired
A0,A0-M00,7,snv,1590.232392156863,-0.008389950628924003,difference of equal-sample representative means; not paired
A0,A0-M00,7,snv,1595.693137254902,-0.00816975590044089,difference of equal-sample representative means; not paired
A0,A0-M00,7,snv,1601.1538823529413,-0.007975966109712962,difference of equal-sample representative means; not paired
A0,A0-M00,7,snv,1606.6146274509806,-0.007806116543997377,difference of equal-sample representative means; not paired
A0,A0-M00,7,snv,1612.07537254902,-0.007702204825873582,difference of equal-sample representative means; not paired
A0,A0-M00,7,snv,1617.536117647059,-0.005120333490515383,difference of equal-sample representative means; not paired
A0,A0-M00,7,snv,1622.9968627450983,-0.0042687656680955866,difference of equal-sample representative means; not paired
A0,A0-M00,7,snv,1628.4576078431373,-0.007212207077310684,difference of equal-sample representative means; not paired
A0,A0-M00,7,snv,1633.9183529411766,-0.007034348359526377,difference of equal-sample representative means; not paired
A0,A0-M00,7,snv,1639.379098039216,-0.0069850272945750636,difference of equal-sample representative means; not paired
A0,A0-M00,7,snv,1644.8398431372552,-0.006806643913977728,difference of equal-sample representative means; not paired
A0,A0-M00,7,snv,1650.3005882352943,-0.006192616927536032,difference of equal-sample representative means; not paired
A0,A0-M00,7,snv,1655.7613333333334,-0.005737508016138759,difference of equal-sample representative means; not paired
A0,A0-M00,7,snv,1661.2220784313727,-0.005662000341128681,difference of equal-sample representative means; not paired
A0,A0-M00,7,snv,1666.682823529412,-0.00585959098717076,difference of equal-sample representative means; not paired
A0,A0-M00,7,snv,1672.1435686274513,-0.006173790030068849,difference of equal-sample representative means; not paired
A0,A0-M00,7,snv,1677.6043137254906,-0.00668102028818629,difference of equal-sample representative means; not paired
A0,A0-M00,7,snv,1683.0650588235296,-0.006502069835195912,difference of equal-sample representative means; not paired
A0,A0-M00,7,snv,1688.5258039215687,-0.006871826757990862,difference of equal-sample representative means; not paired
A0,A0-M00,7,snv,1693.986549019608,-0.007239523229152445,difference of equal-sample representative means; not paired
A0,A0-M00,7,snv,1699.4472941176473,-0.0072807673879091706,difference of equal-sample representative means; not paired
A0,A0-M00,7,snv,1704.9080392156866,-0.007123175213017197,difference of equal-sample representative means; not paired
A0,A0-M00,7,snv,1710.3687843137257,-0.007037918600443227,difference of equal-sample representative means; not paired
A0,A0-M00,7,snv,1715.829529411765,-0.0071567045722355505,difference of equal-sample representative means; not paired
A0,A0-M00,7,snv,1721.290274509804,-0.007844587647411805,difference of equal-sample representative means; not paired
A0,A0-M00,7,snv,1726.7510196078433,-0.006910419940005463,difference of equal-sample representative means; not paired
A0,A0-M00,7,snv,1732.2117647058826,-0.006402471692534051,difference of equal-sample representative means; not paired
A0,A0-M00,7,snv,1737.672509803922,-0.006163925967390627,difference of equal-sample representative means; not paired
A0,A0-M00,7,snv,1743.133254901961,-0.0061898991225431965,difference of equal-sample representative means; not paired
A0,A0-M00,7,snv,1748.594,-0.0062905746644065785,difference of equal-sample representative means; not paired
A0,A0-M00,7,snv,1754.0547450980393,-0.006182184110127109,difference of equal-sample representative means; not paired
A0,A0-M00,7,snv,1759.5154901960786,-0.005985065707787063,difference of equal-sample representative means; not paired
A0,A0-M00,7,snv,1764.976235294118,-0.006125108030874515,difference of equal-sample representative means; not paired
A0,A0-M00,7,snv,1770.4369803921572,-0.005558669737185329,difference of equal-sample representative means; not paired
A0,A0-M00,7,snv,1775.8977254901963,-0.005356569349132978,difference of equal-sample representative means; not paired
A0,A0-M00,7,snv,1781.3584705882354,-0.005199851197731975,difference of equal-sample representative means; not paired
A0,A0-M00,7,snv,1786.8192156862747,-0.004927640760877483,difference of equal-sample representative means; not paired
A0,A0-M00,7,snv,1792.279960784314,-0.0046181247656197355,difference of equal-sample representative means; not paired
A0,A0-M00,7,snv,1797.7407058823533,-0.004426577157310707,difference of equal-sample representative means; not paired
A0,A0-M00,7,snv,1803.2014509803923,-0.004696140946651994,difference of equal-sample representative means; not paired
A0,A0-M00,7,snv,1808.6621960784316,-0.004112584100694372,difference of equal-sample representative means; not paired
A0,A0-M00,7,snv,1814.1229411764707,-0.0041988549578222956,difference of equal-sample representative means; not paired
A0,A0-M00,7,snv,1819.58368627451,-0.00409915342615802,difference of equal-sample representative means; not paired
A0,A0-M00,7,snv,1825.0444313725493,-0.0037639961187428406,difference of equal-sample representative means; not paired
A0,A0-M00,7,snv,1830.5051764705886,-0.0035461907819840377,difference of equal-sample representative means; not paired
A0,A0-M00,7,snv,1835.9659215686277,-0.0035193218257437153,difference of equal-sample representative means; not paired
A0,A0-M00,7,snv,1841.4266666666667,-0.003109058110857932,difference of equal-sample representative means; not paired
A0,A0-M00,7,snv,1846.887411764706,-0.003298738145908253,difference of equal-sample representative means; not paired
A0,A0-M00,7,snv,1852.3481568627453,-0.003943392892777564,difference of equal-sample representative means; not paired
A0,A0-M00,7,snv,1857.8089019607846,-0.004068803521122988,difference of equal-sample representative means; not paired
A0,A0-M00,7,snv,1863.269647058824,-0.00394984952205274,difference of equal-sample representative means; not paired
A0,A0-M00,7,snv,1868.730392156863,-0.003877924652839204,difference of equal-sample representative means; not paired
A0,A0-M00,7,snv,1874.191137254902,-0.003969853816264413,difference of equal-sample representative means; not paired
A0,A0-M00,7,snv,1879.6518823529414,-0.004199647165672449,difference of equal-sample representative means; not paired
A0,A0-M00,7,snv,1885.1126274509807,-0.004513263674709944,difference of equal-sample representative means; not paired
A0,A0-M00,7,snv,1890.57337254902,-0.0037551873443705253,difference of equal-sample representative means; not paired
A0,A0-M00,7,snv,1896.034117647059,-9.26968438086373e-05,difference of equal-sample representative means; not paired
A0,A0-M00,7,snv,1901.4948627450983,-0.0041931120654072895,difference of equal-sample representative means; not paired
A0,A0-M00,7,snv,1906.9556078431374,0.0004963737375957011,difference of equal-sample representative means; not paired
A0,A0-M00,7,snv,1912.4163529411767,0.009452081757349573,difference of equal-sample representative means; not paired
A0,A0-M00,7,snv,1917.877098039216,0.00972661968536026,difference of equal-sample representative means; not paired
A0,A0-M00,7,snv,1923.3378431372553,0.007416560733087163,difference of equal-sample representative means; not paired
A0,A0-M00,7,snv,1928.7985882352943,0.007854946110846805,difference of equal-sample representative means; not paired
A0,A0-M00,7,snv,1934.2593333333336,0.00765997836139376,difference of equal-sample representative means; not paired
A0,A0-M00,7,snv,1939.7200784313727,0.007052673374883245,difference of equal-sample representative means; not paired
A0,A0-M00,7,snv,1945.180823529412,0.006649647006787829,difference of equal-sample representative means; not paired
A0,A0-M00,7,snv,1950.6415686274513,0.006318160011307361,difference of equal-sample representative means; not paired
A0,A0-M00,7,snv,1956.1023137254906,0.00582025888363602,difference of equal-sample representative means; not paired
A0,A0-M00,7,snv,1961.5630588235294,0.005458732063492899,difference of equal-sample representative means; not paired
A0,A0-M00,7,snv,1967.0238039215687,0.0061362209999267225,difference of equal-sample representative means; not paired
A0,A0-M00,7,snv,1972.484549019608,0.005119844001872931,difference of equal-sample representative means; not paired
A0,A0-M00,7,snv,1977.9452941176473,0.005116871594294303,difference of equal-sample representative means; not paired
A0,A0-M00,7,snv,1983.4060392156866,0.004854910991924588,difference of equal-sample representative means; not paired
A0,A0-M00,7,snv,1988.866784313726,0.004593090199418004,difference of equal-sample representative means; not paired
A0,A0-M00,7,snv,1994.3275294117648,0.0043478586807390585,difference of equal-sample representative means; not paired
A0,A0-M00,7,snv,1999.788274509804,0.003955876600123198,difference of equal-sample representative means; not paired
A0,A0-M00,7,snv,2005.2490196078434,0.003502725158327724,difference of equal-sample representative means; not paired
A0,A0-M00,7,snv,2010.7097647058827,0.0035739018501129705,difference of equal-sample representative means; not paired
A0,A0-M00,7,snv,2016.170509803922,0.003999367505953866,difference of equal-sample representative means; not paired
A0,A0-M00,7,snv,2021.6312549019613,0.003525339309525366,difference of equal-sample representative means; not paired
A0,A0-M00,7,snv,2027.092,0.00426623727751263,difference of equal-sample representative means; not paired
A0,A0-M00,7,snv,2032.5527450980394,0.004595249995360429,difference of equal-sample representative means; not paired
A0,A0-M00,7,snv,2038.0134901960787,0.004656470522603762,difference of equal-sample representative means; not paired
A0,A0-M00,7,snv,2043.474235294118,0.005531865839595418,difference of equal-sample representative means; not paired
A0,A0-M00,7,snv,2048.9349803921573,0.006201620370220207,difference of equal-sample representative means; not paired
A0,A0-M00,7,snv,2054.3957254901966,0.006007922248399633,difference of equal-sample representative means; not paired
A0,A0-M00,7,snv,2059.8564705882354,0.006888300160435401,difference of equal-sample representative means; not paired
A0,A0-M00,7,snv,2065.3172156862747,0.007234896040850036,difference of equal-sample representative means; not paired
A0,A0-M00,7,snv,2070.777960784314,0.007735382020649495,difference of equal-sample representative means; not paired
A0,A0-M00,7,snv,2076.2387058823533,0.008237569180288062,difference of equal-sample representative means; not paired
A0,A0-M00,7,snv,2081.6994509803926,0.009668282494910363,difference of equal-sample representative means; not paired
A0,A0-M00,7,snv,2087.1601960784315,0.011726813078191789,difference of equal-sample representative means; not paired
A0,A0-M00,7,snv,2092.6209411764708,0.008261998004600368,difference of equal-sample representative means; not paired
A0,A0-M00,7,snv,2098.08168627451,0.00821910734259479,difference of equal-sample representative means; not paired
A0,A0-M00,7,snv,2103.5424313725493,0.008575927927764182,difference of equal-sample representative means; not paired
A0,A0-M00,7,snv,2109.0031764705886,0.008826124401985824,difference of equal-sample representative means; not paired
A0,A0-M00,7,snv,2114.463921568628,0.009502797130314766,difference of equal-sample representative means; not paired
A0,A0-M00,7,snv,2119.924666666667,0.009709582769715008,difference of equal-sample representative means; not paired
A0,A0-M00,7,snv,2125.385411764706,0.009452012130736653,difference of equal-sample representative means; not paired
A0,A0-M00,7,snv,2130.8461568627454,0.010158412268972405,difference of equal-sample representative means; not paired
A0,A0-M00,7,snv,2136.3069019607847,0.009952447403992815,difference of equal-sample representative means; not paired
A0,A0-M00,7,snv,2141.767647058824,0.008998480666632336,difference of equal-sample representative means; not paired
A0,A0-M00,7,snv,2147.2283921568633,0.008613047861389167,difference of equal-sample representative means; not paired
A0,A0-M00,7,snv,2152.689137254902,0.007238550256344123,difference of equal-sample representative means; not paired
A0,A0-M00,7,snv,2158.1498823529414,0.0072242149379223575,difference of equal-sample representative means; not paired
A0,A0-M00,7,snv,2163.6106274509807,0.008117751393360018,difference of equal-sample representative means; not paired
A0,A0-M00,7,snv,2169.07137254902,0.008271902799325548,difference of equal-sample representative means; not paired
A0,A0-M00,7,snv,2174.5321176470593,0.008402580538514948,difference of equal-sample representative means; not paired
A0,A0-M00,7,snv,2179.992862745098,0.007563240493773549,difference of equal-sample representative means; not paired
A0,A0-M00,7,snv,2185.4536078431374,0.007730122829191721,difference of equal-sample representative means; not paired
A0,A0-M00,7,snv,2190.9143529411767,0.00801910158611474,difference of equal-sample representative means; not paired
A0,A0-M00,7,snv,2196.375098039216,0.007787222422170781,difference of equal-sample representative means; not paired
A0,A0-M00,7,snv,2201.8358431372553,0.0063103776718438365,difference of equal-sample representative means; not paired
A0,A0-M00,7,snv,2207.2965882352946,0.005031466363646153,difference of equal-sample representative means; not paired
A0,A0-M00,7,snv,2212.7573333333335,0.006042814213937264,difference of equal-sample representative means; not paired
A0,A0-M00,7,snv,2218.2180784313728,0.008270809178852034,difference of equal-sample representative means; not paired
A0,A0-M00,7,snv,2223.678823529412,0.00842095945871546,difference of equal-sample representative means; not paired
A0,A0-M00,7,snv,2229.1395686274514,0.007224554111543546,difference of equal-sample representative means; not paired
A0,A0-M00,7,snv,2234.6003137254907,0.005313040769761468,difference of equal-sample representative means; not paired
A0,A0-M00,7,snv,2240.06105882353,0.0060481294528752505,difference of equal-sample representative means; not paired
A0,A0-M00,7,snv,2245.521803921569,0.0076513783541393154,difference of equal-sample representative means; not paired
A0,A0-M00,7,snv,2250.982549019608,0.008115429412169028,difference of equal-sample representative means; not paired
A0,A0-M00,7,snv,2256.4432941176474,0.008114564781715683,difference of equal-sample representative means; not paired
A0,A0-M00,7,snv,2261.9040392156867,0.008303708449475256,difference of equal-sample representative means; not paired
A0,A0-M00,7,snv,2267.364784313726,0.008208788032839642,difference of equal-sample representative means; not paired
A0,A0-M00,7,snv,2272.825529411765,0.0028585166259864625,difference of equal-sample representative means; not paired
A0,A0-M00,7,snv,2278.286274509804,0.010413266912860486,difference of equal-sample representative means; not paired
A0,A0-M00,7,snv,2283.7470196078434,0.021664297451604586,difference of equal-sample representative means; not paired
A0,A0-M00,7,snv,2289.2077647058827,0.03347666804982774,difference of equal-sample representative means; not paired
A0,A0-M00,7,snv,2294.668509803922,0.03857085056957188,difference of equal-sample representative means; not paired
A0,A0-M00,7,snv,2300.1292549019613,0.027296848315553124,difference of equal-sample representative means; not paired
A0,A0-M00,7,snv,2305.59,0.03726118333926065,difference of equal-sample representative means; not paired
A0,A0-M00,7,second_derivative,913.1,-1.753749850687479e-05,difference of equal-sample representative means; not paired
A0,A0-M00,7,second_derivative,918.5607450980392,-1.753749850687479e-05,difference of equal-sample representative means; not paired
A0,A0-M00,7,second_derivative,924.0214901960785,-1.753749850687479e-05,difference of equal-sample representative means; not paired
A0,A0-M00,7,second_derivative,929.4822352941177,-1.7537498506874694e-05,difference of equal-sample representative means; not paired
A0,A0-M00,7,second_derivative,934.9429803921569,-1.2298838784371998e-05,difference of equal-sample representative means; not paired
A0,A0-M00,7,second_derivative,940.4037254901962,-7.180649573743853e-06,difference of equal-sample representative means; not paired
A0,A0-M00,7,second_derivative,945.8644705882353,-4.033789886936478e-06,difference of equal-sample representative means; not paired
A0,A0-M00,7,second_derivative,951.3252156862745,-1.9431534679159587e-06,difference of equal-sample representative means; not paired
A0,A0-M00,7,second_derivative,956.7859607843137,-4.63453778802239e-07,difference of equal-sample representative means; not paired
A0,A0-M00,7,second_derivative,962.246705882353,1.7835476069525064e-07,difference of equal-sample representative means; not paired
A0,A0-M00,7,second_derivative,967.7074509803922,4.246415233877023e-07,difference of equal-sample representative means; not paired
A0,A0-M00,7,second_derivative,973.1681960784314,4.0510631759227983e-07,difference of equal-sample representative means; not paired
A0,A0-M00,7,second_derivative,978.6289411764706,3.8661363202248294e-07,difference of equal-sample representative means; not paired
A0,A0-M00,7,second_derivative,984.0896862745099,-1.4049866181747476e-07,difference of equal-sample representative means; not paired
A0,A0-M00,7,second_derivative,989.550431372549,-6.508445254712114e-07,difference of equal-sample representative means; not paired
A0,A0-M00,7,second_derivative,995.0111764705882,-9.297184730727679e-07,difference of equal-sample representative means; not paired
A0,A0-M00,7,second_derivative,1000.4719215686275,-7.363072135396056e-07,difference of equal-sample representative means; not paired
A0,A0-M00,7,second_derivative,1005.9326666666667,-2.66534276778581e-07,difference of equal-sample representative means; not paired
A0,A0-M00,7,second_derivative,1011.3934117647059,-2.868576605072049e-07,difference of equal-sample representative means; not paired
A0,A0-M00,7,second_derivative,1016.8541568627452,-2.632827098853336e-07,difference of equal-sample representative means; not paired
A0,A0-M00,7,second_derivative,1022.3149019607844,2.008481548412666e-07,difference of equal-sample representative means; not paired
A0,A0-M00,7,second_derivative,1027.7756470588236,4.285707749995203e-07,difference of equal-sample representative means; not paired
A0,A0-M00,7,second_derivative,1033.2363921568628,3.652321813007438e-07,difference of equal-sample representative means; not paired
A0,A0-M00,7,second_derivative,1038.697137254902,2.062775668939774e-07,difference of equal-sample representative means; not paired
A0,A0-M00,7,second_derivative,1044.1578823529412,-3.5261340649902814e-08,difference of equal-sample representative means; not paired
A0,A0-M00,7,second_derivative,1049.6186274509805,-1.6144913495907422e-07,difference of equal-sample representative means; not paired
A0,A0-M00,7,second_derivative,1055.0793725490196,-7.909278441297673e-08,difference of equal-sample representative means; not paired
A0,A0-M00,7,second_derivative,1060.5401176470589,-2.383217303205566e-08,difference of equal-sample representative means; not paired
A0,A0-M00,7,second_derivative,1066.0008627450982,-1.8706293563616525e-07,difference of equal-sample representative means; not paired
A0,A0-M00,7,second_derivative,1071.4616078431372,-2.152091518543974e-07,difference of equal-sample representative means; not paired
A0,A0-M00,7,second_derivative,1076.9223529411765,-5.583245248895754e-08,difference of equal-sample representative means; not paired
A0,A0-M00,7,second_derivative,1082.3830980392158,2.2186170329425526e-07,difference of equal-sample representative means; not paired
A0,A0-M00,7,second_derivative,1087.843843137255,5.748622766357729e-07,difference of equal-sample representative means; not paired
A0,A0-M00,7,second_derivative,1093.3045882352942,6.587098226329593e-07,difference of equal-sample representative means; not paired
A0,A0-M00,7,second_derivative,1098.7653333333333,6.743215874677427e-07,difference of equal-sample representative means; not paired
A0,A0-M00,7,second_derivative,1104.2260784313726,6.557302409976209e-07,difference of equal-sample representative means; not paired
A0,A0-M00,7,second_derivative,1109.6868235294119,3.1582075540151523e-07,difference of equal-sample representative means; not paired
A0,A0-M00,7,second_derivative,1115.1475686274512,9.299122600737607e-07,difference of equal-sample representative means; not paired
A0,A0-M00,7,second_derivative,1120.6083137254902,2.173802293223936e-06,difference of equal-sample representative means; not paired
A0,A0-M00,7,second_derivative,1126.0690588235295,2.5350943263847855e-06,difference of equal-sample representative means; not paired
A0,A0-M00,7,second_derivative,1131.5298039215686,2.201930054637537e-06,difference of equal-sample representative means; not paired
A0,A0-M00,7,second_derivative,1136.990549019608,8.36414832669365e-07,difference of equal-sample representative means; not paired
A0,A0-M00,7,second_derivative,1142.4512941176472,-7.418673535406714e-07,difference of equal-sample representative means; not paired
A0,A0-M00,7,second_derivative,1147.9120392156863,-8.159925589937981e-07,difference of equal-sample representative means; not paired
A0,A0-M00,7,second_derivative,1153.3727843137256,1.3115403642848033e-07,difference of equal-sample representative means; not paired
A0,A0-M00,7,second_derivative,1158.8335294117649,7.24944829721204e-07,difference of equal-sample representative means; not paired
A0,A0-M00,7,second_derivative,1164.294274509804,8.095476368681741e-07,difference of equal-sample representative means; not paired
A0,A0-M00,7,second_derivative,1169.7550196078432,5.384000905768293e-07,difference of equal-sample representative means; not paired
A0,A0-M00,7,second_derivative,1175.2157647058825,-2.0995629133717126e-07,difference of equal-sample representative means; not paired
A0,A0-M00,7,second_derivative,1180.6765098039216,-1.3834225593979212e-06,difference of equal-sample representative means; not paired
A0,A0-M00,7,second_derivative,1186.137254901961,-2.500396778255532e-06,difference of equal-sample representative means; not paired
A0,A0-M00,7,second_derivative,1191.598,-3.132817721301482e-06,difference of equal-sample representative means; not paired
A0,A0-M00,7,second_derivative,1197.0587450980393,-2.9598372844715493e-06,difference of equal-sample representative means; not paired
A0,A0-M00,7,second_derivative,1202.5194901960786,-2.079634944421034e-06,difference of equal-sample representative means; not paired
A0,A0-M00,7,second_derivative,1207.9802352941178,-1.4231185379839361e-06,difference of equal-sample representative means; not paired
A0,A0-M00,7,second_derivative,1213.440980392157,-1.0095554393620493e-06,difference of equal-sample representative means; not paired
A0,A0-M00,7,second_derivative,1218.9017254901962,-8.675266034507975e-07,difference of equal-sample representative means; not paired
A0,A0-M00,7,second_derivative,1224.3624705882353,-5.924801959247483e-07,difference of equal-sample representative means; not paired
A0,A0-M00,7,second_derivative,1229.8232156862746,-2.8606328315874965e-07,difference of equal-sample representative means; not paired
A0,A0-M00,7,second_derivative,1235.2839607843139,4.0958901836473836e-08,difference of equal-sample representative means; not paired
A0,A0-M00,7,second_derivative,1240.7447058823532,4.0565875314798637e-07,difference of equal-sample representative means; not paired
A0,A0-M00,7,second_derivative,1246.2054509803922,8.036045505983864e-07,difference of equal-sample representative means; not paired
A0,A0-M00,7,second_derivative,1251.6661960784315,9.430657587908052e-07,difference of equal-sample representative means; not paired
A0,A0-M00,7,second_derivative,1257.1269411764706,9.572582914688485e-07,difference of equal-sample representative means; not paired
A0,A0-M00,7,second_derivative,1262.58768627451,4.172795250963792e-07,difference of equal-sample representative means; not paired
A0,A0-M00,7,second_derivative,1268.0484313725492,8.986091420822703e-08,difference of equal-sample representative means; not paired
A0,A0-M00,7,second_derivative,1273.5091764705883,-1.3834615643321685e-07,difference of equal-sample representative means; not paired
A0,A0-M00,7,second_derivative,1278.9699215686276,-5.267377454711278e-07,difference of equal-sample representative means; not paired
A0,A0-M00,7,second_derivative,1284.4306666666666,-4.479459110650166e-07,difference of equal-sample representative means; not paired
A0,A0-M00,7,second_derivative,1289.891411764706,7.326382733596136e-07,difference of equal-sample representative means; not paired
A0,A0-M00,7,second_derivative,1295.3521568627452,1.562642876330149e-06,difference of equal-sample representative means; not paired
A0,A0-M00,7,second_derivative,1300.8129019607845,2.017619462345119e-06,difference of equal-sample representative means; not paired
A0,A0-M00,7,second_derivative,1306.2736470588236,1.8705303651046857e-06,difference of equal-sample representative means; not paired
A0,A0-M00,7,second_derivative,1311.734392156863,1.142066828305717e-06,difference of equal-sample representative means; not paired
A0,A0-M00,7,second_derivative,1317.195137254902,9.347734619822077e-07,difference of equal-sample representative means; not paired
A0,A0-M00,7,second_derivative,1322.6558823529413,1.735758188572861e-06,difference of equal-sample representative means; not paired
A0,A0-M00,7,second_derivative,1328.1166274509806,2.2780752581477574e-06,difference of equal-sample representative means; not paired
A0,A0-M00,7,second_derivative,1333.5773725490199,2.4856393696529527e-06,difference of equal-sample representative means; not paired
A0,A0-M00,7,second_derivative,1339.038117647059,2.280279008736767e-06,difference of equal-sample representative means; not paired
A0,A0-M00,7,second_derivative,1344.4988627450982,1.6151293611038031e-06,difference of equal-sample representative means; not paired
A0,A0-M00,7,second_derivative,1349.9596078431373,9.236218836509148e-07,difference of equal-sample representative means; not paired
A0,A0-M00,7,second_derivative,1355.4203529411766,1.0715330463254263e-07,difference of equal-sample representative means; not paired
A0,A0-M00,7,second_derivative,1360.8810980392159,-8.15566179829228e-07,difference of equal-sample representative means; not paired
A0,A0-M00,7,second_derivative,1366.341843137255,-1.494120578509474e-06,difference of equal-sample representative means; not paired
A0,A0-M00,7,second_derivative,1371.8025882352943,-1.6011994854964576e-06,difference of equal-sample representative means; not paired
A0,A0-M00,7,second_derivative,1377.2633333333333,-6.507245658523875e-07,difference of equal-sample representative means; not paired
A0,A0-M00,7,second_derivative,1382.7240784313726,9.648040630159976e-07,difference of equal-sample representative means; not paired
A0,A0-M00,7,second_derivative,1388.184823529412,2.2971395697452012e-06,difference of equal-sample representative means; not paired
A0,A0-M00,7,second_derivative,1393.6455686274512,3.291306659638485e-06,difference of equal-sample representative means; not paired
A0,A0-M00,7,second_derivative,1399.1063137254903,3.356532196675414e-06,difference of equal-sample representative means; not paired
A0,A0-M00,7,second_derivative,1404.5670588235296,2.4635191570590917e-06,difference of equal-sample representative means; not paired
A0,A0-M00,7,second_derivative,1410.0278039215686,1.2303860736223785e-06,difference of equal-sample representative means; not paired
A0,A0-M00,7,second_derivative,1415.488549019608,-9.523120708359971e-07,difference of equal-sample representative means; not paired
A0,A0-M00,7,second_derivative,1420.9492941176472,-3.196943766033708e-06,difference of equal-sample representative means; not paired
A0,A0-M00,7,second_derivative,1426.4100392156865,-4.246799182419474e-06,difference of equal-sample representative means; not paired
A0,A0-M00,7,second_derivative,1431.8707843137256,-4.111984415282392e-06,difference of equal-sample representative means; not paired
A0,A0-M00,7,second_derivative,1437.3315294117647,-3.2418000822760846e-06,difference of equal-sample representative means; not paired
A0,A0-M00,7,second_derivative,1442.792274509804,-2.043851928349989e-06,difference of equal-sample representative means; not paired
A0,A0-M00,7,second_derivative,1448.2530196078433,-1.495107924246632e-06,difference of equal-sample representative means; not paired
A0,A0-M00,7,second_derivative,1453.7137647058826,-1.183142409483781e-06,difference of equal-sample representative means; not paired
A0,A0-M00,7,second_derivative,1459.1745098039219,-8.88577054596668e-07,difference of equal-sample representative means; not paired
A0,A0-M00,7,second_derivative,1464.635254901961,-5.359137853033731e-07,difference of equal-sample representative means; not paired
A0,A0-M00,7,second_derivative,1470.096,-6.097311631100312e-07,difference of equal-sample representative means; not paired
A0,A0-M00,7,second_derivative,1475.5567450980393,-1.0198218317781794e-06,difference of equal-sample representative means; not paired
A0,A0-M00,7,second_derivative,1481.0174901960786,-9.608185083580874e-07,difference of equal-sample representative means; not paired
A0,A0-M00,7,second_derivative,1486.478235294118,-6.67446423497499e-07,difference of equal-sample representative means; not paired
A0,A0-M00,7,second_derivative,1491.938980392157,-8.916391183675995e-07,difference of equal-sample representative means; not paired
A0,A0-M00,7,second_derivative,1497.3997254901963,-7.861611075651741e-07,difference of equal-sample representative means; not paired
A0,A0-M00,7,second_derivative,1502.8604705882353,-8.08536999415285e-07,difference of equal-sample representative means; not paired
A0,A0-M00,7,second_derivative,1508.3212156862746,-3.2417161324037233e-07,difference of equal-sample representative means; not paired
A0,A0-M00,7,second_derivative,1513.781960784314,7.319246394844743e-08,difference of equal-sample representative means; not paired
A0,A0-M00,7,second_derivative,1519.2427058823532,3.683790453559773e-07,difference of equal-sample representative means; not paired
A0,A0-M00,7,second_derivative,1524.7034509803923,2.6716905422347306e-07,difference of equal-sample representative means; not paired
A0,A0-M00,7,second_derivative,1530.1641960784316,3.068307852494702e-07,difference of equal-sample representative means; not paired
A0,A0-M00,7,second_derivative,1535.6249411764707,4.6204900213146424e-07,difference of equal-sample representative means; not paired
A0,A0-M00,7,second_derivative,1541.08568627451,3.338533030420571e-07,difference of equal-sample representative means; not paired
A0,A0-M00,7,second_derivative,1546.5464313725493,-1.2333178022794655e-07,difference of equal-sample representative means; not paired
A0,A0-M00,7,second_derivative,1552.0071764705885,-7.54119514750059e-09,difference of equal-sample representative means; not paired
A0,A0-M00,7,second_derivative,1557.4679215686276,-6.749763979950926e-08,difference of equal-sample representative means; not paired
A0,A0-M00,7,second_derivative,1562.9286666666667,-5.01874687935788e-07,difference of equal-sample representative means; not paired
A0,A0-M00,7,second_derivative,1568.389411764706,-3.5277931562096606e-07,difference of equal-sample representative means; not paired
A0,A0-M00,7,second_derivative,1573.8501568627453,-1.605290350814261e-07,difference of equal-sample representative means; not paired
A0,A0-M00,7,second_derivative,1579.3109019607846,-1.604542836518815e-07,difference of equal-sample representative means; not paired
A0,A0-M00,7,second_derivative,1584.7716470588239,-4.319348675856068e-07,difference of equal-sample representative means; not paired
A0,A0-M00,7,second_derivative,1590.232392156863,-1.1608684464282847e-06,difference of equal-sample representative means; not paired
A0,A0-M00,7,second_derivative,1595.693137254902,-1.6564731402845392e-06,difference of equal-sample representative means; not paired
A0,A0-M00,7,second_derivative,1601.1538823529413,-2.7264625321784793e-06,difference of equal-sample representative means; not paired
A0,A0-M00,7,second_derivative,1606.6146274509806,-2.120938863191672e-06,difference of equal-sample representative means; not paired
A0,A0-M00,7,second_derivative,1612.07537254902,9.42950187462427e-07,difference of equal-sample representative means; not paired
A0,A0-M00,7,second_derivative,1617.536117647059,2.6719327483905173e-06,difference of equal-sample representative means; not paired
A0,A0-M00,7,second_derivative,1622.9968627450983,2.9972249280077534e-06,difference of equal-sample representative means; not paired
A0,A0-M00,7,second_derivative,1628.4576078431373,1.8038643526275913e-06,difference of equal-sample representative means; not paired
A0,A0-M00,7,second_derivative,1633.9183529411766,-1.1205534560295984e-06,difference of equal-sample representative means; not paired
A0,A0-M00,7,second_derivative,1639.379098039216,-1.459228463076515e-06,difference of equal-sample representative means; not paired
A0,A0-M00,7,second_derivative,1644.8398431372552,1.0478157471920639e-06,difference of equal-sample representative means; not paired
A0,A0-M00,7,second_derivative,1650.3005882352943,2.1584108667974144e-06,difference of equal-sample representative means; not paired
A0,A0-M00,7,second_derivative,1655.7613333333334,3.045024756111131e-06,difference of equal-sample representative means; not paired
A0,A0-M00,7,second_derivative,1661.2220784313727,3.134797651273307e-06,difference of equal-sample representative means; not paired
A0,A0-M00,7,second_derivative,1666.682823529412,1.4841321826418519e-06,difference of equal-sample representative means; not paired
A0,A0-M00,7,second_derivative,1672.1435686274513,2.270991932716179e-07,difference of equal-sample representative means; not paired
A0,A0-M00,7,second_derivative,1677.6043137254906,-2.7807110436432934e-07,difference of equal-sample representative means; not paired
A0,A0-M00,7,second_derivative,1683.0650588235296,-5.381713353541793e-07,difference of equal-sample representative means; not paired
A0,A0-M00,7,second_derivative,1688.5258039215687,-7.618181883019168e-07,difference of equal-sample representative means; not paired
A0,A0-M00,7,second_derivative,1693.986549019608,-8.563774777952109e-07,difference of equal-sample representative means; not paired
A0,A0-M00,7,second_derivative,1699.4472941176473,-1.1343447471573898e-06,difference of equal-sample representative means; not paired
A0,A0-M00,7,second_derivative,1704.9080392156866,-1.9966748800659477e-07,difference of equal-sample representative means; not paired
A0,A0-M00,7,second_derivative,1710.3687843137257,-4.257572489323503e-07,difference of equal-sample representative means; not paired
A0,A0-M00,7,second_derivative,1715.829529411765,-1.3232600106926539e-06,difference of equal-sample representative means; not paired
A0,A0-M00,7,second_derivative,1721.290274509804,-1.7723026532991358e-06,difference of equal-sample representative means; not paired
A0,A0-M00,7,second_derivative,1726.7510196078433,-1.0716946522404167e-06,difference of equal-sample representative means; not paired
A0,A0-M00,7,second_derivative,1732.2117647058826,4.12150700895498e-07,difference of equal-sample representative means; not paired
A0,A0-M00,7,second_derivative,1737.672509803922,1.6012245482745138e-06,difference of equal-sample representative means; not paired
A0,A0-M00,7,second_derivative,1743.133254901961,9.172029296718981e-07,difference of equal-sample representative means; not paired
A0,A0-M00,7,second_derivative,1748.594,4.1028445498325263e-07,difference of equal-sample representative means; not paired
A0,A0-M00,7,second_derivative,1754.0547450980393,-4.1456077791063383e-07,difference of equal-sample representative means; not paired
A0,A0-M00,7,second_derivative,1759.5154901960786,-7.12646134565403e-07,difference of equal-sample representative means; not paired
A0,A0-M00,7,second_derivative,1764.976235294118,-6.910603457950379e-07,difference of equal-sample representative means; not paired
A0,A0-M00,7,second_derivative,1770.4369803921572,-6.304590403108939e-07,difference of equal-sample representative means; not paired
A0,A0-M00,7,second_derivative,1775.8977254901963,-3.724714133854726e-07,difference of equal-sample representative means; not paired
A0,A0-M00,7,second_derivative,1781.3584705882354,1.5606292404850603e-07,difference of equal-sample representative means; not paired
A0,A0-M00,7,second_derivative,1786.8192156862747,1.8944241910367945e-07,difference of equal-sample representative means; not paired
A0,A0-M00,7,second_derivative,1792.279960784314,-2.703654257497752e-07,difference of equal-sample representative means; not paired
A0,A0-M00,7,second_derivative,1797.7407058823533,-2.904682950509396e-07,difference of equal-sample representative means; not paired
A0,A0-M00,7,second_derivative,1803.2014509803923,-3.0805326789843477e-07,difference of equal-sample representative means; not paired
A0,A0-M00,7,second_derivative,1808.6621960784316,-4.329666934009279e-07,difference of equal-sample representative means; not paired
A0,A0-M00,7,second_derivative,1814.1229411764707,-3.5043791195792825e-07,difference of equal-sample representative means; not paired
A0,A0-M00,7,second_derivative,1819.58368627451,2.356958713160772e-08,difference of equal-sample representative means; not paired
A0,A0-M00,7,second_derivative,1825.0444313725493,-5.995152858408693e-07,difference of equal-sample representative means; not paired
A0,A0-M00,7,second_derivative,1830.5051764705886,-2.1740838862930838e-07,difference of equal-sample representative means; not paired
A0,A0-M00,7,second_derivative,1835.9659215686277,8.120501787126729e-07,difference of equal-sample representative means; not paired
A0,A0-M00,7,second_derivative,1841.4266666666667,1.4969617301813956e-06,difference of equal-sample representative means; not paired
A0,A0-M00,7,second_derivative,1846.887411764706,1.6287086182240206e-06,difference of equal-sample representative means; not paired
A0,A0-M00,7,second_derivative,1852.3481568627453,1.2441926606703122e-06,difference of equal-sample representative means; not paired
A0,A0-M00,7,second_derivative,1857.8089019607846,5.911232138339873e-07,difference of equal-sample representative means; not paired
A0,A0-M00,7,second_derivative,1863.269647058824,1.2446047082114055e-06,difference of equal-sample representative means; not paired
A0,A0-M00,7,second_derivative,1868.730392156863,3.342211538491567e-06,difference of equal-sample representative means; not paired
A0,A0-M00,7,second_derivative,1874.191137254902,3.6828869034332865e-06,difference of equal-sample representative means; not paired
A0,A0-M00,7,second_derivative,1879.6518823529414,-5.319317347956664e-08,difference of equal-sample representative means; not paired
A0,A0-M00,7,second_derivative,1885.1126274509807,1.5219844944865178e-06,difference of equal-sample representative means; not paired
A0,A0-M00,7,second_derivative,1890.57337254902,-2.291744025012982e-06,difference of equal-sample representative means; not paired
A0,A0-M00,7,second_derivative,1896.034117647059,-1.0897675332636195e-05,difference of equal-sample representative means; not paired
A0,A0-M00,7,second_derivative,1901.4948627450983,-8.973584617760769e-06,difference of equal-sample representative means; not paired
A0,A0-M00,7,second_derivative,1906.9556078431374,-9.754412919423292e-07,difference of equal-sample representative means; not paired
A0,A0-M00,7,second_derivative,1912.4163529411767,4.626979887507784e-06,difference of equal-sample representative means; not paired
A0,A0-M00,7,second_derivative,1917.877098039216,1.171352743269889e-05,difference of equal-sample representative means; not paired
A0,A0-M00,7,second_derivative,1923.3378431372553,6.574636154233019e-06,difference of equal-sample representative means; not paired
A0,A0-M00,7,second_derivative,1928.7985882352943,-2.8306059971402162e-06,difference of equal-sample representative means; not paired
A0,A0-M00,7,second_derivative,1934.2593333333336,-2.7874521033633174e-06,difference of equal-sample representative means; not paired
A0,A0-M00,7,second_derivative,1939.7200784313727,-9.323998156697994e-07,difference of equal-sample representative means; not paired
A0,A0-M00,7,second_derivative,1945.180823529412,-2.0605690676392608e-06,difference of equal-sample representative means; not paired
A0,A0-M00,7,second_derivative,1950.6415686274513,-3.1830636541221343e-06,difference of equal-sample representative means; not paired
A0,A0-M00,7,second_derivative,1956.1023137254906,-1.520612769583507e-06,difference of equal-sample representative means; not paired
A0,A0-M00,7,second_derivative,1961.5630588235294,-1.0136718936646224e-06,difference of equal-sample representative means; not paired
A0,A0-M00,7,second_derivative,1967.0238039215687,-1.9408543958821503e-07,difference of equal-sample representative means; not paired
A0,A0-M00,7,second_derivative,1972.484549019608,2.7560524914800656e-07,difference of equal-sample representative means; not paired
A0,A0-M00,7,second_derivative,1977.9452941176473,-5.7122462198157226e-08,difference of equal-sample representative means; not paired
A0,A0-M00,7,second_derivative,1983.4060392156866,-1.4358089434564294e-07,difference of equal-sample representative means; not paired
A0,A0-M00,7,second_derivative,1988.866784313726,1.8246807961850224e-06,difference of equal-sample representative means; not paired
A0,A0-M00,7,second_derivative,1994.3275294117648,9.73660674668801e-07,difference of equal-sample representative means; not paired
A0,A0-M00,7,second_derivative,1999.788274509804,-1.4528247953082092e-07,difference of equal-sample representative means; not paired
A0,A0-M00,7,second_derivative,2005.2490196078434,-3.5533188073663685e-07,difference of equal-sample representative means; not paired
A0,A0-M00,7,second_derivative,2010.7097647058827,-8.341604544781403e-07,difference of equal-sample representative means; not paired
A0,A0-M00,7,second_derivative,2016.170509803922,-2.5405987283890646e-07,difference of equal-sample representative means; not paired
A0,A0-M00,7,second_derivative,2021.6312549019613,7.24647125672996e-07,difference of equal-sample representative means; not paired
A0,A0-M00,7,second_derivative,2027.092,3.0475088608172254e-07,difference of equal-sample representative means; not paired
A0,A0-M00,7,second_derivative,2032.5527450980394,-2.78910628455813e-07,difference of equal-sample representative means; not paired
A0,A0-M00,7,second_derivative,2038.0134901960787,8.912362350302241e-07,difference of equal-sample representative means; not paired
A0,A0-M00,7,second_derivative,2043.474235294118,3.6729346425043024e-07,difference of equal-sample representative means; not paired
A0,A0-M00,7,second_derivative,2048.9349803921573,3.251273242992492e-07,difference of equal-sample representative means; not paired
A0,A0-M00,7,second_derivative,2054.3957254901966,2.1289858759328153e-09,difference of equal-sample representative means; not paired
A0,A0-M00,7,second_derivative,2059.8564705882354,-9.58198447126741e-07,difference of equal-sample representative means; not paired
A0,A0-M00,7,second_derivative,2065.3172156862747,-2.3568589209590923e-06,difference of equal-sample representative means; not paired
A0,A0-M00,7,second_derivative,2070.777960784314,-3.307647432653815e-06,difference of equal-sample representative means; not paired
A0,A0-M00,7,second_derivative,2076.2387058823533,2.185839861608384e-06,difference of equal-sample representative means; not paired
A0,A0-M00,7,second_derivative,2081.6994509803926,4.760916164309285e-06,difference of equal-sample representative means; not paired
A0,A0-M00,7,second_derivative,2087.1601960784315,4.279761417638899e-06,difference of equal-sample representative means; not paired
A0,A0-M00,7,second_derivative,2092.6209411764708,1.8595331136556644e-06,difference of equal-sample representative means; not paired
A0,A0-M00,7,second_derivative,2098.08168627451,-2.740110836416287e-06,difference of equal-sample representative means; not paired
A0,A0-M00,7,second_derivative,2103.5424313725493,-5.074000456540207e-06,difference of equal-sample representative means; not paired
A0,A0-M00,7,second_derivative,2109.0031764705886,-1.2545586311882897e-07,difference of equal-sample representative means; not paired
A0,A0-M00,7,second_derivative,2114.463921568628,-2.7770694147367055e-07,difference of equal-sample representative means; not paired
A0,A0-M00,7,second_derivative,2119.924666666667,2.301823270074614e-07,difference of equal-sample representative means; not paired
A0,A0-M00,7,second_derivative,2125.385411764706,1.3647985511185096e-06,difference of equal-sample representative means; not paired
A0,A0-M00,7,second_derivative,2130.8461568627454,1.6860411574348927e-06,difference of equal-sample representative means; not paired
A0,A0-M00,7,second_derivative,2136.3069019607847,3.095864483276271e-06,difference of equal-sample representative means; not paired
A0,A0-M00,7,second_derivative,2141.767647058824,2.045442754748307e-06,difference of equal-sample representative means; not paired
A0,A0-M00,7,second_derivative,2147.2283921568633,-1.9723269101357795e-06,difference of equal-sample representative means; not paired
A0,A0-M00,7,second_derivative,2152.689137254902,-3.3785999141286394e-06,difference of equal-sample representative means; not paired
A0,A0-M00,7,second_derivative,2158.1498823529414,-2.8931039972484495e-06,difference of equal-sample representative means; not paired
A0,A0-M00,7,second_derivative,2163.6106274509807,-8.2393911281293e-07,difference of equal-sample representative means; not paired
A0,A0-M00,7,second_derivative,2169.07137254902,8.000015227309049e-07,difference of equal-sample representative means; not paired
A0,A0-M00,7,second_derivative,2174.5321176470593,1.0898702913950029e-07,difference of equal-sample representative means; not paired
A0,A0-M00,7,second_derivative,2179.992862745098,-5.898830879822357e-07,difference of equal-sample representative means; not paired
A0,A0-M00,7,second_derivative,2185.4536078431374,2.003615967689151e-06,difference of equal-sample representative means; not paired
A0,A0-M00,7,second_derivative,2190.9143529411767,4.172607336170115e-06,difference of equal-sample representative means; not paired
A0,A0-M00,7,second_derivative,2196.375098039216,2.139993363799076e-06,difference of equal-sample representative means; not paired
A0,A0-M00,7,second_derivative,2201.8358431372553,-3.843975056367067e-06,difference of equal-sample representative means; not paired
A0,A0-M00,7,second_derivative,2207.2965882352946,-6.099944676563673e-06,difference of equal-sample representative means; not paired
A0,A0-M00,7,second_derivative,2212.7573333333335,-3.4009838223341444e-06,difference of equal-sample representative means; not paired
A0,A0-M00,7,second_derivative,2218.2180784313728,3.6328330061862886e-06,difference of equal-sample representative means; not paired
A0,A0-M00,7,second_derivative,2223.678823529412,6.5400056975383766e-06,difference of equal-sample representative means; not paired
A0,A0-M00,7,second_derivative,2229.1395686274514,2.617908874610642e-06,difference of equal-sample representative means; not paired
A0,A0-M00,7,second_derivative,2234.6003137254907,-1.8623009353621232e-06,difference of equal-sample representative means; not paired
A0,A0-M00,7,second_derivative,2240.06105882353,-2.181453860465498e-06,difference of equal-sample representative means; not paired
A0,A0-M00,7,second_derivative,2245.521803921569,3.503932593534485e-07,difference of equal-sample representative means; not paired
A0,A0-M00,7,second_derivative,2250.982549019608,4.5373706460767314e-06,difference of equal-sample representative means; not paired
A0,A0-M00,7,second_derivative,2256.4432941176474,1.3316093353781285e-05,difference of equal-sample representative means; not paired
A0,A0-M00,7,second_derivative,2261.9040392156867,-2.2632195991448124e-06,difference of equal-sample representative means; not paired
A0,A0-M00,7,second_derivative,2267.364784313726,-3.409195606454792e-05,difference of equal-sample representative means; not paired
A0,A0-M00,7,second_derivative,2272.825529411765,-6.189956123804538e-05,difference of equal-sample representative means; not paired
A0,A0-M00,7,second_derivative,2278.286274509804,-5.314804614335288e-05,difference of equal-sample representative means; not paired
A0,A0-M00,7,second_derivative,2283.7470196078434,1.3839471656524818e-05,difference of equal-sample representative means; not paired
A0,A0-M00,7,second_derivative,2289.2077647058827,4.349855599753493e-05,difference of equal-sample representative means; not paired
A0,A0-M00,7,second_derivative,2294.668509803922,4.349855599753508e-05,difference of equal-sample representative means; not paired
A0,A0-M00,7,second_derivative,2300.1292549019613,4.349855599753508e-05,difference of equal-sample representative means; not paired
A0,A0-M00,7,second_derivative,2305.59,4.349855599753508e-05,difference of equal-sample representative means; not paired
A0,A0-M00,8,reflectance,913.1,-0.0018470653311212781,difference of equal-sample representative means; not paired
A0,A0-M00,8,reflectance,918.5607450980392,0.006586893619689893,difference of equal-sample representative means; not paired
A0,A0-M00,8,reflectance,924.0214901960785,0.012915963098416472,difference of equal-sample representative means; not paired
A0,A0-M00,8,reflectance,929.4822352941177,0.015899180559143633,difference of equal-sample representative means; not paired
A0,A0-M00,8,reflectance,934.9429803921569,0.017621804635459926,difference of equal-sample representative means; not paired
A0,A0-M00,8,reflectance,940.4037254901962,0.019000799059625928,difference of equal-sample representative means; not paired
A0,A0-M00,8,reflectance,945.8644705882353,0.019419997407546408,difference of equal-sample representative means; not paired
A0,A0-M00,8,reflectance,951.3252156862745,0.01926223144841588,difference of equal-sample representative means; not paired
A0,A0-M00,8,reflectance,956.7859607843137,0.019143268904389332,difference of equal-sample representative means; not paired
A0,A0-M00,8,reflectance,962.246705882353,0.018943614441120027,difference of equal-sample representative means; not paired
A0,A0-M00,8,reflectance,967.7074509803922,0.018903523290036972,difference of equal-sample representative means; not paired
A0,A0-M00,8,reflectance,973.1681960784314,0.018813012058040535,difference of equal-sample representative means; not paired
A0,A0-M00,8,reflectance,978.6289411764706,0.018711234509117602,difference of equal-sample representative means; not paired
A0,A0-M00,8,reflectance,984.0896862745099,0.018732932208502473,difference of equal-sample representative means; not paired
A0,A0-M00,8,reflectance,989.550431372549,0.018776077658137602,difference of equal-sample representative means; not paired
A0,A0-M00,8,reflectance,995.0111764705882,0.018864165224792617,difference of equal-sample representative means; not paired
A0,A0-M00,8,reflectance,1000.4719215686275,0.01872186183604263,difference of equal-sample representative means; not paired
A0,A0-M00,8,reflectance,1005.9326666666667,0.018648733768210413,difference of equal-sample representative means; not paired
A0,A0-M00,8,reflectance,1011.3934117647059,0.018560102695896696,difference of equal-sample representative means; not paired
A0,A0-M00,8,reflectance,1016.8541568627452,0.018486987533232857,difference of equal-sample representative means; not paired
A0,A0-M00,8,reflectance,1022.3149019607844,0.018436034513441446,difference of equal-sample representative means; not paired
A0,A0-M00,8,reflectance,1027.7756470588236,0.01831881486942255,difference of equal-sample representative means; not paired
A0,A0-M00,8,reflectance,1033.2363921568628,0.018290882466476588,difference of equal-sample representative means; not paired
A0,A0-M00,8,reflectance,1038.697137254902,0.018207166874397496,difference of equal-sample representative means; not paired
A0,A0-M00,8,reflectance,1044.1578823529412,0.01807167471217186,difference of equal-sample representative means; not paired
A0,A0-M00,8,reflectance,1049.6186274509805,0.017915454869257608,difference of equal-sample representative means; not paired
A0,A0-M00,8,reflectance,1055.0793725490196,0.017765710202734097,difference of equal-sample representative means; not paired
A0,A0-M00,8,reflectance,1060.5401176470589,0.017633586549526847,difference of equal-sample representative means; not paired
A0,A0-M00,8,reflectance,1066.0008627450982,0.01750242269739133,difference of equal-sample representative means; not paired
A0,A0-M00,8,reflectance,1071.4616078431372,0.017318046534739007,difference of equal-sample representative means; not paired
A0,A0-M00,8,reflectance,1076.9223529411765,0.017046047753615845,difference of equal-sample representative means; not paired
A0,A0-M00,8,reflectance,1082.3830980392158,0.016810691585894766,difference of equal-sample representative means; not paired
A0,A0-M00,8,reflectance,1087.843843137255,0.016582593992781502,difference of equal-sample representative means; not paired
A0,A0-M00,8,reflectance,1093.3045882352942,0.016376652509094702,difference of equal-sample representative means; not paired
A0,A0-M00,8,reflectance,1098.7653333333333,0.016226499838268182,difference of equal-sample representative means; not paired
A0,A0-M00,8,reflectance,1104.2260784313726,0.01609532784444201,difference of equal-sample representative means; not paired
A0,A0-M00,8,reflectance,1109.6868235294119,0.015821767515006968,difference of equal-sample representative means; not paired
A0,A0-M00,8,reflectance,1115.1475686274512,0.015622885968462064,difference of equal-sample representative means; not paired
A0,A0-M00,8,reflectance,1120.6083137254902,0.015397639961881482,difference of equal-sample representative means; not paired
A0,A0-M00,8,reflectance,1126.0690588235295,0.015209969076545482,difference of equal-sample representative means; not paired
A0,A0-M00,8,reflectance,1131.5298039215686,0.015160147669064594,difference of equal-sample representative means; not paired
A0,A0-M00,8,reflectance,1136.990549019608,0.015077159626620373,difference of equal-sample representative means; not paired
A0,A0-M00,8,reflectance,1142.4512941176472,0.014919548370387004,difference of equal-sample representative means; not paired
A0,A0-M00,8,reflectance,1147.9120392156863,0.015005520501332192,difference of equal-sample representative means; not paired
A0,A0-M00,8,reflectance,1153.3727843137256,0.015220702124766006,difference of equal-sample representative means; not paired
A0,A0-M00,8,reflectance,1158.8335294117649,0.015384426451018673,difference of equal-sample representative means; not paired
A0,A0-M00,8,reflectance,1164.294274509804,0.01554088443095003,difference of equal-sample representative means; not paired
A0,A0-M00,8,reflectance,1169.7550196078432,0.015632037381438812,difference of equal-sample representative means; not paired
A0,A0-M00,8,reflectance,1175.2157647058825,0.015806747684910527,difference of equal-sample representative means; not paired
A0,A0-M00,8,reflectance,1180.6765098039216,0.01608781803796333,difference of equal-sample representative means; not paired
A0,A0-M00,8,reflectance,1186.137254901961,0.016331372296648716,difference of equal-sample representative means; not paired
A0,A0-M00,8,reflectance,1191.598,0.016612924061286782,difference of equal-sample representative means; not paired
A0,A0-M00,8,reflectance,1197.0587450980393,0.016813969179448884,difference of equal-sample representative means; not paired
A0,A0-M00,8,reflectance,1202.5194901960786,0.016957579459424443,difference of equal-sample representative means; not paired
A0,A0-M00,8,reflectance,1207.9802352941178,0.017021589811774818,difference of equal-sample representative means; not paired
A0,A0-M00,8,reflectance,1213.440980392157,0.017221497038614753,difference of equal-sample representative means; not paired
A0,A0-M00,8,reflectance,1218.9017254901962,0.017236668137779354,difference of equal-sample representative means; not paired
A0,A0-M00,8,reflectance,1224.3624705882353,0.01677684573017768,difference of equal-sample representative means; not paired
A0,A0-M00,8,reflectance,1229.8232156862746,0.016533299422730185,difference of equal-sample representative means; not paired
A0,A0-M00,8,reflectance,1235.2839607843139,0.016256590310074426,difference of equal-sample representative means; not paired
A0,A0-M00,8,reflectance,1240.7447058823532,0.01591846053638213,difference of equal-sample representative means; not paired
A0,A0-M00,8,reflectance,1246.2054509803922,0.01561085910957316,difference of equal-sample representative means; not paired
A0,A0-M00,8,reflectance,1251.6661960784315,0.015263550212624377,difference of equal-sample representative means; not paired
A0,A0-M00,8,reflectance,1257.1269411764706,0.014914936550749935,difference of equal-sample representative means; not paired
A0,A0-M00,8,reflectance,1262.58768627451,0.01466828182369928,difference of equal-sample representative means; not paired
A0,A0-M00,8,reflectance,1268.0484313725492,0.014535862687445777,difference of equal-sample representative means; not paired
A0,A0-M00,8,reflectance,1273.5091764705883,0.01415082451981775,difference of equal-sample representative means; not paired
A0,A0-M00,8,reflectance,1278.9699215686276,0.013774610232494378,difference of equal-sample representative means; not paired
A0,A0-M00,8,reflectance,1284.4306666666666,0.013511528562961672,difference of equal-sample representative means; not paired
A0,A0-M00,8,reflectance,1289.891411764706,0.013111166471235447,difference of equal-sample representative means; not paired
A0,A0-M00,8,reflectance,1295.3521568627452,0.012722260228117177,difference of equal-sample representative means; not paired
A0,A0-M00,8,reflectance,1300.8129019607845,0.012469167748210719,difference of equal-sample representative means; not paired
A0,A0-M00,8,reflectance,1306.2736470588236,0.012292202236673488,difference of equal-sample representative means; not paired
A0,A0-M00,8,reflectance,1311.734392156863,0.012164546274549104,difference of equal-sample representative means; not paired
A0,A0-M00,8,reflectance,1317.195137254902,0.012309780421670968,difference of equal-sample representative means; not paired
A0,A0-M00,8,reflectance,1322.6558823529413,0.012417014061730125,difference of equal-sample representative means; not paired
A0,A0-M00,8,reflectance,1328.1166274509806,0.01259437043157341,difference of equal-sample representative means; not paired
A0,A0-M00,8,reflectance,1333.5773725490199,0.012950724529644964,difference of equal-sample representative means; not paired
A0,A0-M00,8,reflectance,1339.038117647059,0.013475087720613788,difference of equal-sample representative means; not paired
A0,A0-M00,8,reflectance,1344.4988627450982,0.01407534031104063,difference of equal-sample representative means; not paired
A0,A0-M00,8,reflectance,1349.9596078431373,0.01468542475713197,difference of equal-sample representative means; not paired
A0,A0-M00,8,reflectance,1355.4203529411766,0.015324528544699456,difference of equal-sample representative means; not paired
A0,A0-M00,8,reflectance,1360.8810980392159,0.01601126039872769,difference of equal-sample representative means; not paired
A0,A0-M00,8,reflectance,1366.341843137255,0.016607050479534036,difference of equal-sample representative means; not paired
A0,A0-M00,8,reflectance,1371.8025882352943,0.0171211322620084,difference of equal-sample representative means; not paired
A0,A0-M00,8,reflectance,1377.2633333333333,0.017481812956547937,difference of equal-sample representative means; not paired
A0,A0-M00,8,reflectance,1382.7240784313726,0.017785197823638632,difference of equal-sample representative means; not paired
A0,A0-M00,8,reflectance,1388.184823529412,0.01826368406443446,difference of equal-sample representative means; not paired
A0,A0-M00,8,reflectance,1393.6455686274512,0.018668691240373292,difference of equal-sample representative means; not paired
A0,A0-M00,8,reflectance,1399.1063137254903,0.019338678671887655,difference of equal-sample representative means; not paired
A0,A0-M00,8,reflectance,1404.5670588235296,0.01997817662411505,difference of equal-sample representative means; not paired
A0,A0-M00,8,reflectance,1410.0278039215686,0.02045765790449927,difference of equal-sample representative means; not paired
A0,A0-M00,8,reflectance,1415.488549019608,0.020872761834953013,difference of equal-sample representative means; not paired
A0,A0-M00,8,reflectance,1420.9492941176472,0.021210853376882444,difference of equal-sample representative means; not paired
A0,A0-M00,8,reflectance,1426.4100392156865,0.021380063615308587,difference of equal-sample representative means; not paired
A0,A0-M00,8,reflectance,1431.8707843137256,0.021439667773277438,difference of equal-sample representative means; not paired
A0,A0-M00,8,reflectance,1437.3315294117647,0.021366371448855337,difference of equal-sample representative means; not paired
A0,A0-M00,8,reflectance,1442.792274509804,0.021331545585371314,difference of equal-sample representative means; not paired
A0,A0-M00,8,reflectance,1448.2530196078433,0.0212825096246827,difference of equal-sample representative means; not paired
A0,A0-M00,8,reflectance,1453.7137647058826,0.02132663709631505,difference of equal-sample representative means; not paired
A0,A0-M00,8,reflectance,1459.1745098039219,0.021376139449331255,difference of equal-sample representative means; not paired
A0,A0-M00,8,reflectance,1464.635254901961,0.021344602785845768,difference of equal-sample representative means; not paired
A0,A0-M00,8,reflectance,1470.096,0.02133204326562882,difference of equal-sample representative means; not paired
A0,A0-M00,8,reflectance,1475.5567450980393,0.02146759864402603,difference of equal-sample representative means; not paired
A0,A0-M00,8,reflectance,1481.0174901960786,0.021673243592166935,difference of equal-sample representative means; not paired
A0,A0-M00,8,reflectance,1486.478235294118,0.021723688043133682,difference of equal-sample representative means; not paired
A0,A0-M00,8,reflectance,1491.938980392157,0.02177587565398459,difference of equal-sample representative means; not paired
A0,A0-M00,8,reflectance,1497.3997254901963,0.021846845850602203,difference of equal-sample representative means; not paired
A0,A0-M00,8,reflectance,1502.8604705882353,0.021895136353882516,difference of equal-sample representative means; not paired
A0,A0-M00,8,reflectance,1508.3212156862746,0.021900568656240516,difference of equal-sample representative means; not paired
A0,A0-M00,8,reflectance,1513.781960784314,0.021902176829405706,difference of equal-sample representative means; not paired
A0,A0-M00,8,reflectance,1519.2427058823532,0.021924110783450634,difference of equal-sample representative means; not paired
A0,A0-M00,8,reflectance,1524.7034509803923,0.02195621281612886,difference of equal-sample representative means; not paired
A0,A0-M00,8,reflectance,1530.1641960784316,0.022014908487858975,difference of equal-sample representative means; not paired
A0,A0-M00,8,reflectance,1535.6249411764707,0.022035792714311886,difference of equal-sample representative means; not paired
A0,A0-M00,8,reflectance,1541.08568627451,0.022025564155860378,difference of equal-sample representative means; not paired
A0,A0-M00,8,reflectance,1546.5464313725493,0.02204039968008359,difference of equal-sample representative means; not paired
A0,A0-M00,8,reflectance,1552.0071764705885,0.022096431056771226,difference of equal-sample representative means; not paired
A0,A0-M00,8,reflectance,1557.4679215686276,0.02203544151632414,difference of equal-sample representative means; not paired
A0,A0-M00,8,reflectance,1562.9286666666667,0.021953299512127933,difference of equal-sample representative means; not paired
A0,A0-M00,8,reflectance,1568.389411764706,0.022057495323524634,difference of equal-sample representative means; not paired
A0,A0-M00,8,reflectance,1573.8501568627453,0.022087310934281124,difference of equal-sample representative means; not paired
A0,A0-M00,8,reflectance,1579.3109019607846,0.022007876291997852,difference of equal-sample representative means; not paired
A0,A0-M00,8,reflectance,1584.7716470588239,0.0219242077065967,difference of equal-sample representative means; not paired
A0,A0-M00,8,reflectance,1590.232392156863,0.02190028094197599,difference of equal-sample representative means; not paired
A0,A0-M00,8,reflectance,1595.693137254902,0.02178755178498737,difference of equal-sample representative means; not paired
A0,A0-M00,8,reflectance,1601.1538823529413,0.021652460991961386,difference of equal-sample representative means; not paired
A0,A0-M00,8,reflectance,1606.6146274509806,0.021487446070658833,difference of equal-sample representative means; not paired
A0,A0-M00,8,reflectance,1612.07537254902,0.021246565581381882,difference of equal-sample representative means; not paired
A0,A0-M00,8,reflectance,1617.536117647059,0.021032520472630767,difference of equal-sample representative means; not paired
A0,A0-M00,8,reflectance,1622.9968627450983,0.020837477322626696,difference of equal-sample representative means; not paired
A0,A0-M00,8,reflectance,1628.4576078431373,0.02061548498013116,difference of equal-sample representative means; not paired
A0,A0-M00,8,reflectance,1633.9183529411766,0.020387042769300756,difference of equal-sample representative means; not paired
A0,A0-M00,8,reflectance,1639.379098039216,0.02007119814912378,difference of equal-sample representative means; not paired
A0,A0-M00,8,reflectance,1644.8398431372552,0.019840367863808495,difference of equal-sample representative means; not paired
A0,A0-M00,8,reflectance,1650.3005882352943,0.019547628732768996,difference of equal-sample representative means; not paired
A0,A0-M00,8,reflectance,1655.7613333333334,0.019321841535837436,difference of equal-sample representative means; not paired
A0,A0-M00,8,reflectance,1661.2220784313727,0.019134173293690382,difference of equal-sample representative means; not paired
A0,A0-M00,8,reflectance,1666.682823529412,0.01893321585920099,difference of equal-sample representative means; not paired
A0,A0-M00,8,reflectance,1672.1435686274513,0.01876302293653692,difference of equal-sample representative means; not paired
A0,A0-M00,8,reflectance,1677.6043137254906,0.018772953777835055,difference of equal-sample representative means; not paired
A0,A0-M00,8,reflectance,1683.0650588235296,0.018634436673449106,difference of equal-sample representative means; not paired
A0,A0-M00,8,reflectance,1688.5258039215687,0.018674913921987724,difference of equal-sample representative means; not paired
A0,A0-M00,8,reflectance,1693.986549019608,0.01868615672931173,difference of equal-sample representative means; not paired
A0,A0-M00,8,reflectance,1699.4472941176473,0.018712292597316438,difference of equal-sample representative means; not paired
A0,A0-M00,8,reflectance,1704.9080392156866,0.018793058002058605,difference of equal-sample representative means; not paired
A0,A0-M00,8,reflectance,1710.3687843137257,0.018917415642679014,difference of equal-sample representative means; not paired
A0,A0-M00,8,reflectance,1715.829529411765,0.0190361647653573,difference of equal-sample representative means; not paired
A0,A0-M00,8,reflectance,1721.290274509804,0.019054205197634122,difference of equal-sample representative means; not paired
A0,A0-M00,8,reflectance,1726.7510196078433,0.0191036739696665,difference of equal-sample representative means; not paired
A0,A0-M00,8,reflectance,1732.2117647058826,0.0190796684232597,difference of equal-sample representative means; not paired
A0,A0-M00,8,reflectance,1737.672509803922,0.01910869038304336,difference of equal-sample representative means; not paired
A0,A0-M00,8,reflectance,1743.133254901961,0.019197467410311364,difference of equal-sample representative means; not paired
A0,A0-M00,8,reflectance,1748.594,0.01934341048463184,difference of equal-sample representative means; not paired
A0,A0-M00,8,reflectance,1754.0547450980393,0.01946929802738001,difference of equal-sample representative means; not paired
A0,A0-M00,8,reflectance,1759.5154901960786,0.019293330499607964,difference of equal-sample representative means; not paired
A0,A0-M00,8,reflectance,1764.976235294118,0.019350934963524136,difference of equal-sample representative means; not paired
A0,A0-M00,8,reflectance,1770.4369803921572,0.019424130511244142,difference of equal-sample representative means; not paired
A0,A0-M00,8,reflectance,1775.8977254901963,0.01941135665603777,difference of equal-sample representative means; not paired
A0,A0-M00,8,reflectance,1781.3584705882354,0.019421302248780026,difference of equal-sample representative means; not paired
A0,A0-M00,8,reflectance,1786.8192156862747,0.019470284950747707,difference of equal-sample representative means; not paired
A0,A0-M00,8,reflectance,1792.279960784314,0.019502844720588053,difference of equal-sample representative means; not paired
A0,A0-M00,8,reflectance,1797.7407058823533,0.019477269613321913,difference of equal-sample representative means; not paired
A0,A0-M00,8,reflectance,1803.2014509803923,0.0194013584250457,difference of equal-sample representative means; not paired
A0,A0-M00,8,reflectance,1808.6621960784316,0.019468400839876998,difference of equal-sample representative means; not paired
A0,A0-M00,8,reflectance,1814.1229411764707,0.01952571167432976,difference of equal-sample representative means; not paired
A0,A0-M00,8,reflectance,1819.58368627451,0.019549699712046065,difference of equal-sample representative means; not paired
A0,A0-M00,8,reflectance,1825.0444313725493,0.019490784946245288,difference of equal-sample representative means; not paired
A0,A0-M00,8,reflectance,1830.5051764705886,0.01945898617510955,difference of equal-sample representative means; not paired
A0,A0-M00,8,reflectance,1835.9659215686277,0.01953616861044455,difference of equal-sample representative means; not paired
A0,A0-M00,8,reflectance,1841.4266666666667,0.019493741903944095,difference of equal-sample representative means; not paired
A0,A0-M00,8,reflectance,1846.887411764706,0.01946873731643428,difference of equal-sample representative means; not paired
A0,A0-M00,8,reflectance,1852.3481568627453,0.01944609986563306,difference of equal-sample representative means; not paired
A0,A0-M00,8,reflectance,1857.8089019607846,0.019554977144178698,difference of equal-sample representative means; not paired
A0,A0-M00,8,reflectance,1863.269647058824,0.01963321661995765,difference of equal-sample representative means; not paired
A0,A0-M00,8,reflectance,1868.730392156863,0.019738817413237186,difference of equal-sample representative means; not paired
A0,A0-M00,8,reflectance,1874.191137254902,0.019937938055174742,difference of equal-sample representative means; not paired
A0,A0-M00,8,reflectance,1879.6518823529414,0.02015652662834727,difference of equal-sample representative means; not paired
A0,A0-M00,8,reflectance,1885.1126274509807,0.020327748650129873,difference of equal-sample representative means; not paired
A0,A0-M00,8,reflectance,1890.57337254902,0.020448524410440427,difference of equal-sample representative means; not paired
A0,A0-M00,8,reflectance,1896.034117647059,0.020126868807171405,difference of equal-sample representative means; not paired
A0,A0-M00,8,reflectance,1901.4948627450983,0.019343265981104252,difference of equal-sample representative means; not paired
A0,A0-M00,8,reflectance,1906.9556078431374,0.018427537952021122,difference of equal-sample representative means; not paired
A0,A0-M00,8,reflectance,1912.4163529411767,0.017640305170944004,difference of equal-sample representative means; not paired
A0,A0-M00,8,reflectance,1917.877098039216,0.017075377817867887,difference of equal-sample representative means; not paired
A0,A0-M00,8,reflectance,1923.3378431372553,0.016723538609257155,difference of equal-sample representative means; not paired
A0,A0-M00,8,reflectance,1928.7985882352943,0.01657017414023651,difference of equal-sample representative means; not paired
A0,A0-M00,8,reflectance,1934.2593333333336,0.01662528841647032,difference of equal-sample representative means; not paired
A0,A0-M00,8,reflectance,1939.7200784313727,0.0168931161099192,difference of equal-sample representative means; not paired
A0,A0-M00,8,reflectance,1945.180823529412,0.017149718079427945,difference of equal-sample representative means; not paired
A0,A0-M00,8,reflectance,1950.6415686274513,0.017376874615826765,difference of equal-sample representative means; not paired
A0,A0-M00,8,reflectance,1956.1023137254906,0.017615081556487416,difference of equal-sample representative means; not paired
A0,A0-M00,8,reflectance,1961.5630588235294,0.017904820710758163,difference of equal-sample representative means; not paired
A0,A0-M00,8,reflectance,1967.0238039215687,0.018336215259505684,difference of equal-sample representative means; not paired
A0,A0-M00,8,reflectance,1972.484549019608,0.018746698954641317,difference of equal-sample representative means; not paired
A0,A0-M00,8,reflectance,1977.9452941176473,0.019014191472826236,difference of equal-sample representative means; not paired
A0,A0-M00,8,reflectance,1983.4060392156866,0.01913765968036729,difference of equal-sample representative means; not paired
A0,A0-M00,8,reflectance,1988.866784313726,0.01917100428878571,difference of equal-sample representative means; not paired
A0,A0-M00,8,reflectance,1994.3275294117648,0.01927026171614904,difference of equal-sample representative means; not paired
A0,A0-M00,8,reflectance,1999.788274509804,0.01942482781469801,difference of equal-sample representative means; not paired
A0,A0-M00,8,reflectance,2005.2490196078434,0.019441557913310814,difference of equal-sample representative means; not paired
A0,A0-M00,8,reflectance,2010.7097647058827,0.01954610888106889,difference of equal-sample representative means; not paired
A0,A0-M00,8,reflectance,2016.170509803922,0.019464446870005037,difference of equal-sample representative means; not paired
A0,A0-M00,8,reflectance,2021.6312549019613,0.019207455187906397,difference of equal-sample representative means; not paired
A0,A0-M00,8,reflectance,2027.092,0.019021754398089397,difference of equal-sample representative means; not paired
A0,A0-M00,8,reflectance,2032.5527450980394,0.01884546668675685,difference of equal-sample representative means; not paired
A0,A0-M00,8,reflectance,2038.0134901960787,0.018575847010494695,difference of equal-sample representative means; not paired
A0,A0-M00,8,reflectance,2043.474235294118,0.018208569505973105,difference of equal-sample representative means; not paired
A0,A0-M00,8,reflectance,2048.9349803921573,0.017865058310082282,difference of equal-sample representative means; not paired
A0,A0-M00,8,reflectance,2054.3957254901966,0.017743775759842872,difference of equal-sample representative means; not paired
A0,A0-M00,8,reflectance,2059.8564705882354,0.01775124923801369,difference of equal-sample representative means; not paired
A0,A0-M00,8,reflectance,2065.3172156862747,0.017686878732421696,difference of equal-sample representative means; not paired
A0,A0-M00,8,reflectance,2070.777960784314,0.017552453464158346,difference of equal-sample representative means; not paired
A0,A0-M00,8,reflectance,2076.2387058823533,0.017427549533855002,difference of equal-sample representative means; not paired
A0,A0-M00,8,reflectance,2081.6994509803926,0.0173222824764086,difference of equal-sample representative means; not paired
A0,A0-M00,8,reflectance,2087.1601960784315,0.01720322796775625,difference of equal-sample representative means; not paired
A0,A0-M00,8,reflectance,2092.6209411764708,0.01715572387665787,difference of equal-sample representative means; not paired
A0,A0-M00,8,reflectance,2098.08168627451,0.017030894123986673,difference of equal-sample representative means; not paired
A0,A0-M00,8,reflectance,2103.5424313725493,0.01714013939593606,difference of equal-sample representative means; not paired
A0,A0-M00,8,reflectance,2109.0031764705886,0.017181568820089865,difference of equal-sample representative means; not paired
A0,A0-M00,8,reflectance,2114.463921568628,0.01723239255037562,difference of equal-sample representative means; not paired
A0,A0-M00,8,reflectance,2119.924666666667,0.017161773434836547,difference of equal-sample representative means; not paired
A0,A0-M00,8,reflectance,2125.385411764706,0.017049984764748782,difference of equal-sample representative means; not paired
A0,A0-M00,8,reflectance,2130.8461568627454,0.01720548609656658,difference of equal-sample representative means; not paired
A0,A0-M00,8,reflectance,2136.3069019607847,0.017072076716100615,difference of equal-sample representative means; not paired
A0,A0-M00,8,reflectance,2141.767647058824,0.017124018201895574,difference of equal-sample representative means; not paired
A0,A0-M00,8,reflectance,2147.2283921568633,0.017426442481238757,difference of equal-sample representative means; not paired
A0,A0-M00,8,reflectance,2152.689137254902,0.01747128351078625,difference of equal-sample representative means; not paired
A0,A0-M00,8,reflectance,2158.1498823529414,0.01750662019452981,difference of equal-sample representative means; not paired
A0,A0-M00,8,reflectance,2163.6106274509807,0.017668041249830013,difference of equal-sample representative means; not paired
A0,A0-M00,8,reflectance,2169.07137254902,0.017788959132013338,difference of equal-sample representative means; not paired
A0,A0-M00,8,reflectance,2174.5321176470593,0.017669323572932494,difference of equal-sample representative means; not paired
A0,A0-M00,8,reflectance,2179.992862745098,0.017682045109098044,difference of equal-sample representative means; not paired
A0,A0-M00,8,reflectance,2185.4536078431374,0.017702483530706137,difference of equal-sample representative means; not paired
A0,A0-M00,8,reflectance,2190.9143529411767,0.017800309470238362,difference of equal-sample representative means; not paired
A0,A0-M00,8,reflectance,2196.375098039216,0.018024023984693605,difference of equal-sample representative means; not paired
A0,A0-M00,8,reflectance,2201.8358431372553,0.018331304069385768,difference of equal-sample representative means; not paired
A0,A0-M00,8,reflectance,2207.2965882352946,0.018514484659975905,difference of equal-sample representative means; not paired
A0,A0-M00,8,reflectance,2212.7573333333335,0.018468687973020925,difference of equal-sample representative means; not paired
A0,A0-M00,8,reflectance,2218.2180784313728,0.0184892908438109,difference of equal-sample representative means; not paired
A0,A0-M00,8,reflectance,2223.678823529412,0.017911279133659475,difference of equal-sample representative means; not paired
A0,A0-M00,8,reflectance,2229.1395686274514,0.018526135816164746,difference of equal-sample representative means; not paired
A0,A0-M00,8,reflectance,2234.6003137254907,0.018529602900242692,difference of equal-sample representative means; not paired
A0,A0-M00,8,reflectance,2240.06105882353,0.018382108791419105,difference of equal-sample representative means; not paired
A0,A0-M00,8,reflectance,2245.521803921569,0.01847031324865145,difference of equal-sample representative means; not paired
A0,A0-M00,8,reflectance,2250.982549019608,0.01871736174481664,difference of equal-sample representative means; not paired
A0,A0-M00,8,reflectance,2256.4432941176474,0.018827575146001807,difference of equal-sample representative means; not paired
A0,A0-M00,8,reflectance,2261.9040392156867,0.018907995900805136,difference of equal-sample representative means; not paired
A0,A0-M00,8,reflectance,2267.364784313726,0.019573858207366013,difference of equal-sample representative means; not paired
A0,A0-M00,8,reflectance,2272.825529411765,0.020344025877033933,difference of equal-sample representative means; not paired
A0,A0-M00,8,reflectance,2278.286274509804,0.019297591277088827,difference of equal-sample representative means; not paired
A0,A0-M00,8,reflectance,2283.7470196078434,0.015013572444417617,difference of equal-sample representative means; not paired
A0,A0-M00,8,reflectance,2289.2077647058827,0.009189170450621093,difference of equal-sample representative means; not paired
A0,A0-M00,8,reflectance,2294.668509803922,0.007019269571675979,difference of equal-sample representative means; not paired
A0,A0-M00,8,reflectance,2300.1292549019613,0.011616242492982348,difference of equal-sample representative means; not paired
A0,A0-M00,8,reflectance,2305.59,0.009196333444877663,difference of equal-sample representative means; not paired
A0,A0-M00,8,snv,913.1,-0.16815315975461315,difference of equal-sample representative means; not paired
A0,A0-M00,8,snv,918.5607450980392,-0.10073036971551164,difference of equal-sample representative means; not paired
A0,A0-M00,8,snv,924.0214901960785,-0.05348083003879611,difference of equal-sample representative means; not paired
A0,A0-M00,8,snv,929.4822352941177,-0.03113457633135941,difference of equal-sample representative means; not paired
A0,A0-M00,8,snv,934.9429803921569,-0.018122897758792278,difference of equal-sample representative means; not paired
A0,A0-M00,8,snv,940.4037254901962,-0.007686373747379127,difference of equal-sample representative means; not paired
A0,A0-M00,8,snv,945.8644705882353,-0.0038188687260469756,difference of equal-sample representative means; not paired
A0,A0-M00,8,snv,951.3252156862745,-0.004122603223003951,difference of equal-sample representative means; not paired
A0,A0-M00,8,snv,956.7859607843137,-0.004073766236062815,difference of equal-sample representative means; not paired
A0,A0-M00,8,snv,962.246705882353,-0.0046875620615483005,difference of equal-sample representative means; not paired
A0,A0-M00,8,snv,967.7074509803922,-0.004282337652891766,difference of equal-sample representative means; not paired
A0,A0-M00,8,snv,973.1681960784314,-0.00422811628956965,difference of equal-sample representative means; not paired
A0,A0-M00,8,snv,978.6289411764706,-0.004248902823838163,difference of equal-sample representative means; not paired
A0,A0-M00,8,snv,984.0896862745099,-0.0035373563194081026,difference of equal-sample representative means; not paired
A0,A0-M00,8,snv,989.550431372549,-0.0029670735258076064,difference of equal-sample representative means; not paired
A0,A0-M00,8,snv,995.0111764705882,-0.0019166827540271214,difference of equal-sample representative means; not paired
A0,A0-M00,8,snv,1000.4719215686275,-0.0026821832410466317,difference of equal-sample representative means; not paired
A0,A0-M00,8,snv,1005.9326666666667,-0.0028379315117563753,difference of equal-sample representative means; not paired
A0,A0-M00,8,snv,1011.3934117647059,-0.0033038387846431316,difference of equal-sample representative means; not paired
A0,A0-M00,8,snv,1016.8541568627452,-0.003703264832248143,difference of equal-sample representative means; not paired
A0,A0-M00,8,snv,1022.3149019607844,-0.0038426459287530523,difference of equal-sample representative means; not paired
A0,A0-M00,8,snv,1027.7756470588236,-0.0045440849683122675,difference of equal-sample representative means; not paired
A0,A0-M00,8,snv,1033.2363921568628,-0.004574667606523919,difference of equal-sample representative means; not paired
A0,A0-M00,8,snv,1038.697137254902,-0.005154033920001577,difference of equal-sample representative means; not paired
A0,A0-M00,8,snv,1044.1578823529412,-0.006063932817115036,difference of equal-sample representative means; not paired
A0,A0-M00,8,snv,1049.6186274509805,-0.0070369826916902856,difference of equal-sample representative means; not paired
A0,A0-M00,8,snv,1055.0793725490196,-0.00789589507441879,difference of equal-sample representative means; not paired
A0,A0-M00,8,snv,1060.5401176470589,-0.008619507115811054,difference of equal-sample representative means; not paired
A0,A0-M00,8,snv,1066.0008627450982,-0.009370795877903904,difference of equal-sample representative means; not paired
A0,A0-M00,8,snv,1071.4616078431372,-0.01048133042618593,difference of equal-sample representative means; not paired
A0,A0-M00,8,snv,1076.9223529411765,-0.012270015168154291,difference of equal-sample representative means; not paired
A0,A0-M00,8,snv,1082.3830980392158,-0.013757322790820758,difference of equal-sample representative means; not paired
A0,A0-M00,8,snv,1087.843843137255,-0.015356777861841975,difference of equal-sample representative means; not paired
A0,A0-M00,8,snv,1093.3045882352942,-0.01668999812500971,difference of equal-sample representative means; not paired
A0,A0-M00,8,snv,1098.7653333333333,-0.0174422319375509,difference of equal-sample representative means; not paired
A0,A0-M00,8,snv,1104.2260784313726,-0.018040330994812726,difference of equal-sample representative means; not paired
A0,A0-M00,8,snv,1109.6868235294119,-0.019732517073871803,difference of equal-sample representative means; not paired
A0,A0-M00,8,snv,1115.1475686274512,-0.020726794634422507,difference of equal-sample representative means; not paired
A0,A0-M00,8,snv,1120.6083137254902,-0.021641591515244363,difference of equal-sample representative means; not paired
A0,A0-M00,8,snv,1126.0690588235295,-0.022189977507348413,difference of equal-sample representative means; not paired
A0,A0-M00,8,snv,1131.5298039215686,-0.021541328846513608,difference of equal-sample representative means; not paired
A0,A0-M00,8,snv,1136.990549019608,-0.02117515158137029,difference of equal-sample representative means; not paired
A0,A0-M00,8,snv,1142.4512941176472,-0.02156517018726345,difference of equal-sample representative means; not paired
A0,A0-M00,8,snv,1147.9120392156863,-0.020174053762522126,difference of equal-sample representative means; not paired
A0,A0-M00,8,snv,1153.3727843137256,-0.01779623877587433,difference of equal-sample representative means; not paired
A0,A0-M00,8,snv,1158.8335294117649,-0.015900665451598073,difference of equal-sample representative means; not paired
A0,A0-M00,8,snv,1164.294274509804,-0.014087571700130086,difference of equal-sample representative means; not paired
A0,A0-M00,8,snv,1169.7550196078432,-0.012924142711054243,difference of equal-sample representative means; not paired
A0,A0-M00,8,snv,1175.2157647058825,-0.011198237940718059,difference of equal-sample representative means; not paired
A0,A0-M00,8,snv,1180.6765098039216,-0.008656020922697572,difference of equal-sample representative means; not paired
A0,A0-M00,8,snv,1186.137254901961,-0.006419176740825483,difference of equal-sample representative means; not paired
A0,A0-M00,8,snv,1191.598,-0.0039622969654646845,difference of equal-sample representative means; not paired
A0,A0-M00,8,snv,1197.0587450980393,-0.0021058748784341663,difference of equal-sample representative means; not paired
A0,A0-M00,8,snv,1202.5194901960786,-0.0007756862719574542,difference of equal-sample representative means; not paired
A0,A0-M00,8,snv,1207.9802352941178,-4.522340830637184e-05,difference of equal-sample representative means; not paired
A0,A0-M00,8,snv,1213.440980392157,0.0016184428888432745,difference of equal-sample representative means; not paired
A0,A0-M00,8,snv,1218.9017254901962,0.0018634849705507772,difference of equal-sample representative means; not paired
A0,A0-M00,8,snv,1224.3624705882353,-0.00142065494482857,difference of equal-sample representative means; not paired
A0,A0-M00,8,snv,1229.8232156862746,-0.003226974351737466,difference of equal-sample representative means; not paired
A0,A0-M00,8,snv,1235.2839607843139,-0.0052040877086976245,difference of equal-sample representative means; not paired
A0,A0-M00,8,snv,1240.7447058823532,-0.007705306489780739,difference of equal-sample representative means; not paired
A0,A0-M00,8,snv,1246.2054509803922,-0.009953573967493412,difference of equal-sample representative means; not paired
A0,A0-M00,8,snv,1251.6661960784315,-0.01245273266620095,difference of equal-sample representative means; not paired
A0,A0-M00,8,snv,1257.1269411764706,-0.01496278840101839,difference of equal-sample representative means; not paired
A0,A0-M00,8,snv,1262.58768627451,-0.01674545139934369,difference of equal-sample representative means; not paired
A0,A0-M00,8,snv,1268.0484313725492,-0.017668523786585455,difference of equal-sample representative means; not paired
A0,A0-M00,8,snv,1273.5091764705883,-0.020407350456574935,difference of equal-sample representative means; not paired
A0,A0-M00,8,snv,1278.9699215686276,-0.02316959737536517,difference of equal-sample representative means; not paired
A0,A0-M00,8,snv,1284.4306666666666,-0.02507378495986834,difference of equal-sample representative means; not paired
A0,A0-M00,8,snv,1289.891411764706,-0.02809807822404098,difference of equal-sample representative means; not paired
A0,A0-M00,8,snv,1295.3521568627452,-0.030915108640005462,difference of equal-sample representative means; not paired
A0,A0-M00,8,snv,1300.8129019607845,-0.03270309719557285,difference of equal-sample representative means; not paired
A0,A0-M00,8,snv,1306.2736470588236,-0.03410858930006433,difference of equal-sample representative means; not paired
A0,A0-M00,8,snv,1311.734392156863,-0.03454146773272737,difference of equal-sample representative means; not paired
A0,A0-M00,8,snv,1317.195137254902,-0.0333971696928812,difference of equal-sample representative means; not paired
A0,A0-M00,8,snv,1322.6558823529413,-0.03235467702670092,difference of equal-sample representative means; not paired
A0,A0-M00,8,snv,1328.1166274509806,-0.030836545412335825,difference of equal-sample representative means; not paired
A0,A0-M00,8,snv,1333.5773725490199,-0.027888512444606217,difference of equal-sample representative means; not paired
A0,A0-M00,8,snv,1339.038117647059,-0.023624761421256135,difference of equal-sample representative means; not paired
A0,A0-M00,8,snv,1344.4988627450982,-0.018828775424049482,difference of equal-sample representative means; not paired
A0,A0-M00,8,snv,1349.9596078431373,-0.013903885991640275,difference of equal-sample representative means; not paired
A0,A0-M00,8,snv,1355.4203529411766,-0.008959961504087177,difference of equal-sample representative means; not paired
A0,A0-M00,8,snv,1360.8810980392159,-0.003618957130306466,difference of equal-sample representative means; not paired
A0,A0-M00,8,snv,1366.341843137255,0.0009520218199126074,difference of equal-sample representative means; not paired
A0,A0-M00,8,snv,1371.8025882352943,0.0047804166338719645,difference of equal-sample representative means; not paired
A0,A0-M00,8,snv,1377.2633333333333,0.007318219915862123,difference of equal-sample representative means; not paired
A0,A0-M00,8,snv,1382.7240784313726,0.009455266585185251,difference of equal-sample representative means; not paired
A0,A0-M00,8,snv,1388.184823529412,0.013143688384072538,difference of equal-sample representative means; not paired
A0,A0-M00,8,snv,1393.6455686274512,0.01610685014609703,difference of equal-sample representative means; not paired
A0,A0-M00,8,snv,1399.1063137254903,0.020953177531835454,difference of equal-sample representative means; not paired
A0,A0-M00,8,snv,1404.5670588235296,0.025297178112932195,difference of equal-sample representative means; not paired
A0,A0-M00,8,snv,1410.0278039215686,0.028236125950046764,difference of equal-sample representative means; not paired
A0,A0-M00,8,snv,1415.488549019608,0.030559737560359117,difference of equal-sample representative means; not paired
A0,A0-M00,8,snv,1420.9492941176472,0.032249219114238996,difference of equal-sample representative means; not paired
A0,A0-M00,8,snv,1426.4100392156865,0.032674751274245156,difference of equal-sample representative means; not paired
A0,A0-M00,8,snv,1431.8707843137256,0.032309011748194505,difference of equal-sample representative means; not paired
A0,A0-M00,8,snv,1437.3315294117647,0.03116452108819684,difference of equal-sample representative means; not paired
A0,A0-M00,8,snv,1442.792274509804,0.030452445143934248,difference of equal-sample representative means; not paired
A0,A0-M00,8,snv,1448.2530196078433,0.029677124879947392,difference of equal-sample representative means; not paired
A0,A0-M00,8,snv,1453.7137647058826,0.029646203616926436,difference of equal-sample representative means; not paired
A0,A0-M00,8,snv,1459.1745098039219,0.029747077938506172,difference of equal-sample representative means; not paired
A0,A0-M00,8,snv,1464.635254901961,0.0292984935518652,difference of equal-sample representative means; not paired
A0,A0-M00,8,snv,1470.096,0.02893575576252244,difference of equal-sample representative means; not paired
A0,A0-M00,8,snv,1475.5567450980393,0.029767280706579857,difference of equal-sample representative means; not paired
A0,A0-M00,8,snv,1481.0174901960786,0.03113624089814282,difference of equal-sample representative means; not paired
A0,A0-M00,8,snv,1486.478235294118,0.031475537086894434,difference of equal-sample representative means; not paired
A0,A0-M00,8,snv,1491.938980392157,0.03187859006119448,difference of equal-sample representative means; not paired
A0,A0-M00,8,snv,1497.3997254901963,0.03250155361831886,difference of equal-sample representative means; not paired
A0,A0-M00,8,snv,1502.8604705882353,0.033007407811549094,difference of equal-sample representative means; not paired
A0,A0-M00,8,snv,1508.3212156862746,0.03317985477554425,difference of equal-sample representative means; not paired
A0,A0-M00,8,snv,1513.781960784314,0.03337085504962911,difference of equal-sample representative means; not paired
A0,A0-M00,8,snv,1519.2427058823532,0.033624087771242206,difference of equal-sample representative means; not paired
A0,A0-M00,8,snv,1524.7034509803923,0.033934774284270275,difference of equal-sample representative means; not paired
A0,A0-M00,8,snv,1530.1641960784316,0.034580978916055716,difference of equal-sample representative means; not paired
A0,A0-M00,8,snv,1535.6249411764707,0.034903846013545625,difference of equal-sample representative means; not paired
A0,A0-M00,8,snv,1541.08568627451,0.03490822260033544,difference of equal-sample representative means; not paired
A0,A0-M00,8,snv,1546.5464313725493,0.035092989884872305,difference of equal-sample representative means; not paired
A0,A0-M00,8,snv,1552.0071764705885,0.03563232843740444,difference of equal-sample representative means; not paired
A0,A0-M00,8,snv,1557.4679215686276,0.03524540393896375,difference of equal-sample representative means; not paired
A0,A0-M00,8,snv,1562.9286666666667,0.03482927161588961,difference of equal-sample representative means; not paired
A0,A0-M00,8,snv,1568.389411764706,0.03565290249484043,difference of equal-sample representative means; not paired
A0,A0-M00,8,snv,1573.8501568627453,0.0358729438143191,difference of equal-sample representative means; not paired
A0,A0-M00,8,snv,1579.3109019607846,0.035294679636278026,difference of equal-sample representative means; not paired
A0,A0-M00,8,snv,1584.7716470588239,0.03466749233712918,difference of equal-sample representative means; not paired
A0,A0-M00,8,snv,1590.232392156863,0.034476989048081275,difference of equal-sample representative means; not paired
A0,A0-M00,8,snv,1595.693137254902,0.033910014219851625,difference of equal-sample representative means; not paired
A0,A0-M00,8,snv,1601.1538823529413,0.03314300803034592,difference of equal-sample representative means; not paired
A0,A0-M00,8,snv,1606.6146274509806,0.032126170213660155,difference of equal-sample representative means; not paired
A0,A0-M00,8,snv,1612.07537254902,0.030449577933769012,difference of equal-sample representative means; not paired
A0,A0-M00,8,snv,1617.536117647059,0.029030585441609247,difference of equal-sample representative means; not paired
A0,A0-M00,8,snv,1622.9968627450983,0.027784491322828092,difference of equal-sample representative means; not paired
A0,A0-M00,8,snv,1628.4576078431373,0.026277518810309528,difference of equal-sample representative means; not paired
A0,A0-M00,8,snv,1633.9183529411766,0.02469232647910463,difference of equal-sample representative means; not paired
A0,A0-M00,8,snv,1639.379098039216,0.02242742858175968,difference of equal-sample representative means; not paired
A0,A0-M00,8,snv,1644.8398431372552,0.020758455058621728,difference of equal-sample representative means; not paired
A0,A0-M00,8,snv,1650.3005882352943,0.018425810768929532,difference of equal-sample representative means; not paired
A0,A0-M00,8,snv,1655.7613333333334,0.016473712292028667,difference of equal-sample representative means; not paired
A0,A0-M00,8,snv,1661.2220784313727,0.014926235020453829,difference of equal-sample representative means; not paired
A0,A0-M00,8,snv,1666.682823529412,0.013422527392934147,difference of equal-sample representative means; not paired
A0,A0-M00,8,snv,1672.1435686274513,0.012080509627412805,difference of equal-sample representative means; not paired
A0,A0-M00,8,snv,1677.6043137254906,0.011919980205737646,difference of equal-sample representative means; not paired
A0,A0-M00,8,snv,1683.0650588235296,0.01075937209651509,difference of equal-sample representative means; not paired
A0,A0-M00,8,snv,1688.5258039215687,0.010994426796392565,difference of equal-sample representative means; not paired
A0,A0-M00,8,snv,1693.986549019608,0.010954329792421252,difference of equal-sample representative means; not paired
A0,A0-M00,8,snv,1699.4472941176473,0.011103762221518543,difference of equal-sample representative means; not paired
A0,A0-M00,8,snv,1704.9080392156866,0.011686598869054043,difference of equal-sample representative means; not paired
A0,A0-M00,8,snv,1710.3687843137257,0.012555682628401621,difference of equal-sample representative means; not paired
A0,A0-M00,8,snv,1715.829529411765,0.013425102303985748,difference of equal-sample representative means; not paired
A0,A0-M00,8,snv,1721.290274509804,0.01335766714933631,difference of equal-sample representative means; not paired
A0,A0-M00,8,snv,1726.7510196078433,0.013721179001463163,difference of equal-sample representative means; not paired
A0,A0-M00,8,snv,1732.2117647058826,0.013385844048782874,difference of equal-sample representative means; not paired
A0,A0-M00,8,snv,1737.672509803922,0.013533728063545608,difference of equal-sample representative means; not paired
A0,A0-M00,8,snv,1743.133254901961,0.014199733304596063,difference of equal-sample representative means; not paired
A0,A0-M00,8,snv,1748.594,0.015277314597373914,difference of equal-sample representative means; not paired
A0,A0-M00,8,snv,1754.0547450980393,0.016147281757807302,difference of equal-sample representative means; not paired
A0,A0-M00,8,snv,1759.5154901960786,0.014716992002237805,difference of equal-sample representative means; not paired
A0,A0-M00,8,snv,1764.976235294118,0.015164892609282499,difference of equal-sample representative means; not paired
A0,A0-M00,8,snv,1770.4369803921572,0.015563121616267439,difference of equal-sample representative means; not paired
A0,A0-M00,8,snv,1775.8977254901963,0.015441262985235904,difference of equal-sample representative means; not paired
A0,A0-M00,8,snv,1781.3584705882354,0.015505327490088539,difference of equal-sample representative means; not paired
A0,A0-M00,8,snv,1786.8192156862747,0.015833119147094454,difference of equal-sample representative means; not paired
A0,A0-M00,8,snv,1792.279960784314,0.01605084098835119,difference of equal-sample representative means; not paired
A0,A0-M00,8,snv,1797.7407058823533,0.015898705909304367,difference of equal-sample representative means; not paired
A0,A0-M00,8,snv,1803.2014509803923,0.015457821849410414,difference of equal-sample representative means; not paired
A0,A0-M00,8,snv,1808.6621960784316,0.01595930838487014,difference of equal-sample representative means; not paired
A0,A0-M00,8,snv,1814.1229411764707,0.016581067953585105,difference of equal-sample representative means; not paired
A0,A0-M00,8,snv,1819.58368627451,0.016741874887804375,difference of equal-sample representative means; not paired
A0,A0-M00,8,snv,1825.0444313725493,0.0163001767654124,difference of equal-sample representative means; not paired
A0,A0-M00,8,snv,1830.5051764705886,0.01613738240912088,difference of equal-sample representative means; not paired
A0,A0-M00,8,snv,1835.9659215686277,0.016775490306543017,difference of equal-sample representative means; not paired
A0,A0-M00,8,snv,1841.4266666666667,0.016696579393811,difference of equal-sample representative means; not paired
A0,A0-M00,8,snv,1846.887411764706,0.01654709279459171,difference of equal-sample representative means; not paired
A0,A0-M00,8,snv,1852.3481568627453,0.016488250628428874,difference of equal-sample representative means; not paired
A0,A0-M00,8,snv,1857.8089019607846,0.01716483367254562,difference of equal-sample representative means; not paired
A0,A0-M00,8,snv,1863.269647058824,0.017664166626749023,difference of equal-sample representative means; not paired
A0,A0-M00,8,snv,1868.730392156863,0.018318187123040175,difference of equal-sample representative means; not paired
A0,A0-M00,8,snv,1874.191137254902,0.019496458807960276,difference of equal-sample representative means; not paired
A0,A0-M00,8,snv,1879.6518823529414,0.020688279465718717,difference of equal-sample representative means; not paired
A0,A0-M00,8,snv,1885.1126274509807,0.021162158280731813,difference of equal-sample representative means; not paired
A0,A0-M00,8,snv,1890.57337254902,0.020707128282242304,difference of equal-sample representative means; not paired
A0,A0-M00,8,snv,1896.034117647059,0.016500299645384908,difference of equal-sample representative means; not paired
A0,A0-M00,8,snv,1901.4948627450983,0.008601376567977104,difference of equal-sample representative means; not paired
A0,A0-M00,8,snv,1906.9556078431374,-0.0003672014874287477,difference of equal-sample representative means; not paired
A0,A0-M00,8,snv,1912.4163529411767,-0.008326848981097479,difference of equal-sample representative means; not paired
A0,A0-M00,8,snv,1917.877098039216,-0.01438790510666399,difference of equal-sample representative means; not paired
A0,A0-M00,8,snv,1923.3378431372553,-0.01835966814765344,difference of equal-sample representative means; not paired
A0,A0-M00,8,snv,1928.7985882352943,-0.020314472137839212,difference of equal-sample representative means; not paired
A0,A0-M00,8,snv,1934.2593333333336,-0.020496058914471593,difference of equal-sample representative means; not paired
A0,A0-M00,8,snv,1939.7200784313727,-0.018511480022043614,difference of equal-sample representative means; not paired
A0,A0-M00,8,snv,1945.180823529412,-0.016489329849623813,difference of equal-sample representative means; not paired
A0,A0-M00,8,snv,1950.6415686274513,-0.014434860387591009,difference of equal-sample representative means; not paired
A0,A0-M00,8,snv,1956.1023137254906,-0.012096335315896933,difference of equal-sample representative means; not paired
A0,A0-M00,8,snv,1961.5630588235294,-0.009413517760782586,difference of equal-sample representative means; not paired
A0,A0-M00,8,snv,1967.0238039215687,-0.005428445478728783,difference of equal-sample representative means; not paired
A0,A0-M00,8,snv,1972.484549019608,-0.0018656607026710237,difference of equal-sample representative means; not paired
A0,A0-M00,8,snv,1977.9452941176473,0.000558741802698437,difference of equal-sample representative means; not paired
A0,A0-M00,8,snv,1983.4060392156866,0.002077210856149092,difference of equal-sample representative means; not paired
A0,A0-M00,8,snv,1988.866784313726,0.0029054810722952684,difference of equal-sample representative means; not paired
A0,A0-M00,8,snv,1994.3275294117648,0.004107069209686287,difference of equal-sample representative means; not paired
A0,A0-M00,8,snv,1999.788274509804,0.005644620526535582,difference of equal-sample representative means; not paired
A0,A0-M00,8,snv,2005.2490196078434,0.0061191358849206345,difference of equal-sample representative means; not paired
A0,A0-M00,8,snv,2010.7097647058827,0.0069712709583530375,difference of equal-sample representative means; not paired
A0,A0-M00,8,snv,2016.170509803922,0.006741954874634248,difference of equal-sample representative means; not paired
A0,A0-M00,8,snv,2021.6312549019613,0.005075246577159187,difference of equal-sample representative means; not paired
A0,A0-M00,8,snv,2027.092,0.0036903741298298653,difference of equal-sample representative means; not paired
A0,A0-M00,8,snv,2032.5527450980394,0.0021903075151104012,difference of equal-sample representative means; not paired
A0,A0-M00,8,snv,2038.0134901960787,-0.00017232273657963315,difference of equal-sample representative means; not paired
A0,A0-M00,8,snv,2043.474235294118,-0.003311880133570533,difference of equal-sample representative means; not paired
A0,A0-M00,8,snv,2048.9349803921573,-0.006044287926810554,difference of equal-sample representative means; not paired
A0,A0-M00,8,snv,2054.3957254901966,-0.007631554807840946,difference of equal-sample representative means; not paired
A0,A0-M00,8,snv,2059.8564705882354,-0.007920901454435025,difference of equal-sample representative means; not paired
A0,A0-M00,8,snv,2065.3172156862747,-0.008907417486018199,difference of equal-sample representative means; not paired
A0,A0-M00,8,snv,2070.777960784314,-0.010645937964733232,difference of equal-sample representative means; not paired
A0,A0-M00,8,snv,2076.2387058823533,-0.011964426126237937,difference of equal-sample representative means; not paired
A0,A0-M00,8,snv,2081.6994509803926,-0.012858690096897663,difference of equal-sample representative means; not paired
A0,A0-M00,8,snv,2087.1601960784315,-0.014160905939191393,difference of equal-sample representative means; not paired
A0,A0-M00,8,snv,2092.6209411764708,-0.014820008418540143,difference of equal-sample representative means; not paired
A0,A0-M00,8,snv,2098.08168627451,-0.015735971254380532,difference of equal-sample representative means; not paired
A0,A0-M00,8,snv,2103.5424313725493,-0.014863990999017362,difference of equal-sample representative means; not paired
A0,A0-M00,8,snv,2109.0031764705886,-0.014492231294053637,difference of equal-sample representative means; not paired
A0,A0-M00,8,snv,2114.463921568628,-0.014080830978556946,difference of equal-sample representative means; not paired
A0,A0-M00,8,snv,2119.924666666667,-0.014489413677444496,difference of equal-sample representative means; not paired
A0,A0-M00,8,snv,2125.385411764706,-0.01514582096735273,difference of equal-sample representative means; not paired
A0,A0-M00,8,snv,2130.8461568627454,-0.013957988269978738,difference of equal-sample representative means; not paired
A0,A0-M00,8,snv,2136.3069019607847,-0.014862426811407925,difference of equal-sample representative means; not paired
A0,A0-M00,8,snv,2141.767647058824,-0.01419832035287949,difference of equal-sample representative means; not paired
A0,A0-M00,8,snv,2147.2283921568633,-0.0116466105240014,difference of equal-sample representative means; not paired
A0,A0-M00,8,snv,2152.689137254902,-0.011419717453555966,difference of equal-sample representative means; not paired
A0,A0-M00,8,snv,2158.1498823529414,-0.011130041627810394,difference of equal-sample representative means; not paired
A0,A0-M00,8,snv,2163.6106274509807,-0.009643295203134672,difference of equal-sample representative means; not paired
A0,A0-M00,8,snv,2169.07137254902,-0.008402938694982431,difference of equal-sample representative means; not paired
A0,A0-M00,8,snv,2174.5321176470593,-0.008907088539758634,difference of equal-sample representative means; not paired
A0,A0-M00,8,snv,2179.992862745098,-0.008778429193672999,difference of equal-sample representative means; not paired
A0,A0-M00,8,snv,2185.4536078431374,-0.008494782704459691,difference of equal-sample representative means; not paired
A0,A0-M00,8,snv,2190.9143529411767,-0.007572184961293527,difference of equal-sample representative means; not paired
A0,A0-M00,8,snv,2196.375098039216,-0.005847362658808031,difference of equal-sample representative means; not paired
A0,A0-M00,8,snv,2201.8358431372553,-0.0036534454259857796,difference of equal-sample representative means; not paired
A0,A0-M00,8,snv,2207.2965882352946,-0.002314086102445767,difference of equal-sample representative means; not paired
A0,A0-M00,8,snv,2212.7573333333335,-0.0023949489463050977,difference of equal-sample representative means; not paired
A0,A0-M00,8,snv,2218.2180784313728,-0.0018648267959027187,difference of equal-sample representative means; not paired
A0,A0-M00,8,snv,2223.678823529412,-0.006089290792978153,difference of equal-sample representative means; not paired
A0,A0-M00,8,snv,2229.1395686274514,-0.001862739080618292,difference of equal-sample representative means; not paired
A0,A0-M00,8,snv,2234.6003137254907,-0.0020332815491255207,difference of equal-sample representative means; not paired
A0,A0-M00,8,snv,2240.06105882353,-0.0032131789547162892,difference of equal-sample representative means; not paired
A0,A0-M00,8,snv,2245.521803921569,-0.00298990699972701,difference of equal-sample representative means; not paired
A0,A0-M00,8,snv,2250.982549019608,-0.0022710000761452243,difference of equal-sample representative means; not paired
A0,A0-M00,8,snv,2256.4432941176474,-0.003107150065887465,difference of equal-sample representative means; not paired
A0,A0-M00,8,snv,2261.9040392156867,-0.004172412955623317,difference of equal-sample representative means; not paired
A0,A0-M00,8,snv,2267.364784313726,-0.001277478513604935,difference of equal-sample representative means; not paired
A0,A0-M00,8,snv,2272.825529411765,0.0031312318544696183,difference of equal-sample representative means; not paired
A0,A0-M00,8,snv,2278.286274509804,-0.005551112160819605,difference of equal-sample representative means; not paired
A0,A0-M00,8,snv,2283.7470196078434,-0.037837315285701445,difference of equal-sample representative means; not paired
A0,A0-M00,8,snv,2289.2077647058827,-0.08113759018101718,difference of equal-sample representative means; not paired
A0,A0-M00,8,snv,2294.668509803922,-0.09792479305601431,difference of equal-sample representative means; not paired
A0,A0-M00,8,snv,2300.1292549019613,-0.06614065347611464,difference of equal-sample representative means; not paired
A0,A0-M00,8,snv,2305.59,-0.08411650084033706,difference of equal-sample representative means; not paired
A0,A0-M00,8,second_derivative,913.1,4.4950511714473076e-05,difference of equal-sample representative means; not paired
A0,A0-M00,8,second_derivative,918.5607450980392,4.4950511714473076e-05,difference of equal-sample representative means; not paired
A0,A0-M00,8,second_derivative,924.0214901960785,4.4950511714473076e-05,difference of equal-sample representative means; not paired
A0,A0-M00,8,second_derivative,929.4822352941177,4.495051171447305e-05,difference of equal-sample representative means; not paired
A0,A0-M00,8,second_derivative,934.9429803921569,2.6993684483602228e-05,difference of equal-sample representative means; not paired
A0,A0-M00,8,second_derivative,940.4037254901962,1.4079471789809767e-05,difference of equal-sample representative means; not paired
A0,A0-M00,8,second_derivative,945.8644705882353,8.520735620252673e-06,difference of equal-sample representative means; not paired
A0,A0-M00,8,second_derivative,951.3252156862745,3.900891553633789e-06,difference of equal-sample representative means; not paired
A0,A0-M00,8,second_derivative,956.7859607843137,-2.599841753588429e-07,difference of equal-sample representative means; not paired
A0,A0-M00,8,second_derivative,962.246705882353,-1.343389913975138e-06,difference of equal-sample representative means; not paired
A0,A0-M00,8,second_derivative,967.7074509803922,-9.934859768520853e-07,difference of equal-sample representative means; not paired
A0,A0-M00,8,second_derivative,973.1681960784314,-7.009264590367512e-07,difference of equal-sample representative means; not paired
A0,A0-M00,8,second_derivative,978.6289411764706,-5.15936664005839e-07,difference of equal-sample representative means; not paired
A0,A0-M00,8,second_derivative,984.0896862745099,8.632035786660149e-08,difference of equal-sample representative means; not paired
A0,A0-M00,8,second_derivative,989.550431372549,8.315227241749507e-07,difference of equal-sample representative means; not paired
A0,A0-M00,8,second_derivative,995.0111764705882,1.3326403624350059e-06,difference of equal-sample representative means; not paired
A0,A0-M00,8,second_derivative,1000.4719215686275,1.0813993838591247e-06,difference of equal-sample representative means; not paired
A0,A0-M00,8,second_derivative,1005.9326666666667,4.247101258941819e-07,difference of equal-sample representative means; not paired
A0,A0-M00,8,second_derivative,1011.3934117647059,3.3741194960039345e-09,difference of equal-sample representative means; not paired
A0,A0-M00,8,second_derivative,1016.8541568627452,7.817958057707549e-08,difference of equal-sample representative means; not paired
A0,A0-M00,8,second_derivative,1022.3149019607844,-1.6740098862555793e-08,difference of equal-sample representative means; not paired
A0,A0-M00,8,second_derivative,1027.7756470588236,1.4467005288723087e-07,difference of equal-sample representative means; not paired
A0,A0-M00,8,second_derivative,1033.2363921568628,3.250447733677249e-07,difference of equal-sample representative means; not paired
A0,A0-M00,8,second_derivative,1038.697137254902,3.94440928084554e-07,difference of equal-sample representative means; not paired
A0,A0-M00,8,second_derivative,1044.1578823529412,4.2464693812468546e-07,difference of equal-sample representative means; not paired
A0,A0-M00,8,second_derivative,1049.6186274509805,6.222051910080117e-08,difference of equal-sample representative means; not paired
A0,A0-M00,8,second_derivative,1055.0793725490196,4.404150242326735e-09,difference of equal-sample representative means; not paired
A0,A0-M00,8,second_derivative,1060.5401176470589,4.288507199724418e-07,difference of equal-sample representative means; not paired
A0,A0-M00,8,second_derivative,1066.0008627450982,7.570311588128806e-07,difference of equal-sample representative means; not paired
A0,A0-M00,8,second_derivative,1071.4616078431372,7.702826959061858e-07,difference of equal-sample representative means; not paired
A0,A0-M00,8,second_derivative,1076.9223529411765,3.9626667394318923e-07,difference of equal-sample representative means; not paired
A0,A0-M00,8,second_derivative,1082.3830980392158,-2.572134377655347e-07,difference of equal-sample representative means; not paired
A0,A0-M00,8,second_derivative,1087.843843137255,-7.651554530269206e-07,difference of equal-sample representative means; not paired
A0,A0-M00,8,second_derivative,1093.3045882352942,-5.439847532059275e-07,difference of equal-sample representative means; not paired
A0,A0-M00,8,second_derivative,1098.7653333333333,-4.178028292729348e-07,difference of equal-sample representative means; not paired
A0,A0-M00,8,second_derivative,1104.2260784313726,-3.394650410158391e-07,difference of equal-sample representative means; not paired
A0,A0-M00,8,second_derivative,1109.6868235294119,-5.572386939981758e-07,difference of equal-sample representative means; not paired
A0,A0-M00,8,second_derivative,1115.1475686274512,-1.3466946659105017e-06,difference of equal-sample representative means; not paired
A0,A0-M00,8,second_derivative,1120.6083137254902,-1.7969094741225936e-06,difference of equal-sample representative means; not paired
A0,A0-M00,8,second_derivative,1126.0690588235295,-1.1810214563229323e-06,difference of equal-sample representative means; not paired
A0,A0-M00,8,second_derivative,1131.5298039215686,-1.0525340528187505e-06,difference of equal-sample representative means; not paired
A0,A0-M00,8,second_derivative,1136.990549019608,-1.3730828140469046e-06,difference of equal-sample representative means; not paired
A0,A0-M00,8,second_derivative,1142.4512941176472,-1.6673368900983523e-06,difference of equal-sample representative means; not paired
A0,A0-M00,8,second_derivative,1147.9120392156863,-1.8066705192840842e-06,difference of equal-sample representative means; not paired
A0,A0-M00,8,second_derivative,1153.3727843137256,-9.239693541212769e-07,difference of equal-sample representative means; not paired
A0,A0-M00,8,second_derivative,1158.8335294117649,1.8976677150400228e-07,difference of equal-sample representative means; not paired
A0,A0-M00,8,second_derivative,1164.294274509804,5.6720976475887344e-08,difference of equal-sample representative means; not paired
A0,A0-M00,8,second_derivative,1169.7550196078432,-5.466415397204871e-07,difference of equal-sample representative means; not paired
A0,A0-M00,8,second_derivative,1175.2157647058825,-9.323156847052072e-07,difference of equal-sample representative means; not paired
A0,A0-M00,8,second_derivative,1180.6765098039216,-5.189624134545727e-07,difference of equal-sample representative means; not paired
A0,A0-M00,8,second_derivative,1186.137254901961,6.785378269748072e-07,difference of equal-sample representative means; not paired
A0,A0-M00,8,second_derivative,1191.598,1.7656675733185283e-06,difference of equal-sample representative means; not paired
A0,A0-M00,8,second_derivative,1197.0587450980393,1.7127655467880812e-06,difference of equal-sample representative means; not paired
A0,A0-M00,8,second_derivative,1202.5194901960786,1.6641288043227134e-06,difference of equal-sample representative means; not paired
A0,A0-M00,8,second_derivative,1207.9802352941178,2.7890526948299244e-06,difference of equal-sample representative means; not paired
A0,A0-M00,8,second_derivative,1213.440980392157,3.506240981723854e-06,difference of equal-sample representative means; not paired
A0,A0-M00,8,second_derivative,1218.9017254901962,3.4703520992029964e-06,difference of equal-sample representative means; not paired
A0,A0-M00,8,second_derivative,1224.3624705882353,2.68320066623501e-06,difference of equal-sample representative means; not paired
A0,A0-M00,8,second_derivative,1229.8232156862746,9.199077597999855e-07,difference of equal-sample representative means; not paired
A0,A0-M00,8,second_derivative,1235.2839607843139,-5.140969237276062e-08,difference of equal-sample representative means; not paired
A0,A0-M00,8,second_derivative,1240.7447058823532,2.7264273511557876e-07,difference of equal-sample representative means; not paired
A0,A0-M00,8,second_derivative,1246.2054509803922,-3.5515267831221897e-07,difference of equal-sample representative means; not paired
A0,A0-M00,8,second_derivative,1251.6661960784315,-1.2173394705916064e-06,difference of equal-sample representative means; not paired
A0,A0-M00,8,second_derivative,1257.1269411764706,-8.343439171128322e-07,difference of equal-sample representative means; not paired
A0,A0-M00,8,second_derivative,1262.58768627451,-7.252806150833812e-08,difference of equal-sample representative means; not paired
A0,A0-M00,8,second_derivative,1268.0484313725492,4.4467768309542736e-07,difference of equal-sample representative means; not paired
A0,A0-M00,8,second_derivative,1273.5091764705883,9.344268525075069e-07,difference of equal-sample representative means; not paired
A0,A0-M00,8,second_derivative,1278.9699215686276,7.189817896904624e-07,difference of equal-sample representative means; not paired
A0,A0-M00,8,second_derivative,1284.4306666666666,-3.332860143813492e-07,difference of equal-sample representative means; not paired
A0,A0-M00,8,second_derivative,1289.891411764706,-8.705508384921257e-07,difference of equal-sample representative means; not paired
A0,A0-M00,8,second_derivative,1295.3521568627452,-1.6143707220961777e-06,difference of equal-sample representative means; not paired
A0,A0-M00,8,second_derivative,1300.8129019607845,-2.8615205020016666e-06,difference of equal-sample representative means; not paired
A0,A0-M00,8,second_derivative,1306.2736470588236,-3.061650395906745e-06,difference of equal-sample representative means; not paired
A0,A0-M00,8,second_derivative,1311.734392156863,-2.8381890993079004e-06,difference of equal-sample representative means; not paired
A0,A0-M00,8,second_derivative,1317.195137254902,-2.942847457316697e-06,difference of equal-sample representative means; not paired
A0,A0-M00,8,second_derivative,1322.6558823529413,-3.3006014963304103e-06,difference of equal-sample representative means; not paired
A0,A0-M00,8,second_derivative,1328.1166274509806,-3.679161883031499e-06,difference of equal-sample representative means; not paired
A0,A0-M00,8,second_derivative,1333.5773725490199,-3.9182212494614385e-06,difference of equal-sample representative means; not paired
A0,A0-M00,8,second_derivative,1339.038117647059,-3.1465419731384467e-06,difference of equal-sample representative means; not paired
A0,A0-M00,8,second_derivative,1344.4988627450982,-2.031017657378609e-06,difference of equal-sample representative means; not paired
A0,A0-M00,8,second_derivative,1349.9596078431373,-9.394508469640631e-07,difference of equal-sample representative means; not paired
A0,A0-M00,8,second_derivative,1355.4203529411766,3.4596935880113876e-09,difference of equal-sample representative means; not paired
A0,A0-M00,8,second_derivative,1360.8810980392159,1.1450588530387365e-06,difference of equal-sample representative means; not paired
A0,A0-M00,8,second_derivative,1366.341843137255,2.122885659833142e-06,difference of equal-sample representative means; not paired
A0,A0-M00,8,second_derivative,1371.8025882352943,1.6223450231276208e-06,difference of equal-sample representative means; not paired
A0,A0-M00,8,second_derivative,1377.2633333333333,6.024108461697735e-08,difference of equal-sample representative means; not paired
A0,A0-M00,8,second_derivative,1382.7240784313726,-2.8922834125445844e-06,difference of equal-sample representative means; not paired
A0,A0-M00,8,second_derivative,1388.184823529412,-5.563308877934e-06,difference of equal-sample representative means; not paired
A0,A0-M00,8,second_derivative,1393.6455686274512,-6.222850999036914e-06,difference of equal-sample representative means; not paired
A0,A0-M00,8,second_derivative,1399.1063137254903,-5.166061387060702e-06,difference of equal-sample representative means; not paired
A0,A0-M00,8,second_derivative,1404.5670588235296,-3.3151277073515073e-06,difference of equal-sample representative means; not paired
A0,A0-M00,8,second_derivative,1410.0278039215686,-3.6133075436231305e-07,difference of equal-sample representative means; not paired
A0,A0-M00,8,second_derivative,1415.488549019608,2.1985821357939135e-06,difference of equal-sample representative means; not paired
A0,A0-M00,8,second_derivative,1420.9492941176472,5.132525280531505e-06,difference of equal-sample representative means; not paired
A0,A0-M00,8,second_derivative,1426.4100392156865,7.118844287323521e-06,difference of equal-sample representative means; not paired
A0,A0-M00,8,second_derivative,1431.8707843137256,7.348332045005178e-06,difference of equal-sample representative means; not paired
A0,A0-M00,8,second_derivative,1437.3315294117647,5.554448211648861e-06,difference of equal-sample representative means; not paired
A0,A0-M00,8,second_derivative,1442.792274509804,3.208046376261623e-06,difference of equal-sample representative means; not paired
A0,A0-M00,8,second_derivative,1448.2530196078433,1.8178109964552195e-06,difference of equal-sample representative means; not paired
A0,A0-M00,8,second_derivative,1453.7137647058826,1.5796079309455334e-06,difference of equal-sample representative means; not paired
A0,A0-M00,8,second_derivative,1459.1745098039219,8.823023977167975e-07,difference of equal-sample representative means; not paired
A0,A0-M00,8,second_derivative,1464.635254901961,1.2468450754430895e-07,difference of equal-sample representative means; not paired
A0,A0-M00,8,second_derivative,1470.096,1.2502401315703254e-07,difference of equal-sample representative means; not paired
A0,A0-M00,8,second_derivative,1475.5567450980393,8.063526666746436e-07,difference of equal-sample representative means; not paired
A0,A0-M00,8,second_derivative,1481.0174901960786,1.8798475594660515e-06,difference of equal-sample representative means; not paired
A0,A0-M00,8,second_derivative,1486.478235294118,2.4301721778816887e-06,difference of equal-sample representative means; not paired
A0,A0-M00,8,second_derivative,1491.938980392157,1.9627920248707125e-06,difference of equal-sample representative means; not paired
A0,A0-M00,8,second_derivative,1497.3997254901963,1.2487904823370435e-06,difference of equal-sample representative means; not paired
A0,A0-M00,8,second_derivative,1502.8604705882353,1.0799832646424255e-06,difference of equal-sample representative means; not paired
A0,A0-M00,8,second_derivative,1508.3212156862746,4.889294786703225e-07,difference of equal-sample representative means; not paired
A0,A0-M00,8,second_derivative,1513.781960784314,-4.5628351672772804e-07,difference of equal-sample representative means; not paired
A0,A0-M00,8,second_derivative,1519.2427058823532,-9.077356251378815e-07,difference of equal-sample representative means; not paired
A0,A0-M00,8,second_derivative,1524.7034509803923,-6.976245881277916e-07,difference of equal-sample representative means; not paired
A0,A0-M00,8,second_derivative,1530.1641960784316,-3.785873523760563e-07,difference of equal-sample representative means; not paired
A0,A0-M00,8,second_derivative,1535.6249411764707,-3.180464921653e-07,difference of equal-sample representative means; not paired
A0,A0-M00,8,second_derivative,1541.08568627451,2.59225349652651e-07,difference of equal-sample representative means; not paired
A0,A0-M00,8,second_derivative,1546.5464313725493,7.24881784607195e-07,difference of equal-sample representative means; not paired
A0,A0-M00,8,second_derivative,1552.0071764705885,3.0142768028479463e-07,difference of equal-sample representative means; not paired
A0,A0-M00,8,second_derivative,1557.4679215686276,-1.893669534759094e-07,difference of equal-sample representative means; not paired
A0,A0-M00,8,second_derivative,1562.9286666666667,-3.167034365548964e-07,difference of equal-sample representative means; not paired
A0,A0-M00,8,second_derivative,1568.389411764706,-9.702294369095949e-08,difference of equal-sample representative means; not paired
A0,A0-M00,8,second_derivative,1573.8501568627453,6.728599076361684e-07,difference of equal-sample representative means; not paired
A0,A0-M00,8,second_derivative,1579.3109019607846,1.4089116399181555e-06,difference of equal-sample representative means; not paired
A0,A0-M00,8,second_derivative,1584.7716470588239,1.4672485792983295e-06,difference of equal-sample representative means; not paired
A0,A0-M00,8,second_derivative,1590.232392156863,1.80672233672584e-06,difference of equal-sample representative means; not paired
A0,A0-M00,8,second_derivative,1595.693137254902,2.413966095276466e-06,difference of equal-sample representative means; not paired
A0,A0-M00,8,second_derivative,1601.1538823529413,2.202845271343117e-06,difference of equal-sample representative means; not paired
A0,A0-M00,8,second_derivative,1606.6146274509806,1.090902610050329e-06,difference of equal-sample representative means; not paired
A0,A0-M00,8,second_derivative,1612.07537254902,1.9055958488454598e-07,difference of equal-sample representative means; not paired
A0,A0-M00,8,second_derivative,1617.536117647059,-5.189381134791622e-07,difference of equal-sample representative means; not paired
A0,A0-M00,8,second_derivative,1622.9968627450983,-4.742565528574521e-07,difference of equal-sample representative means; not paired
A0,A0-M00,8,second_derivative,1628.4576078431373,-4.919425885414389e-07,difference of equal-sample representative means; not paired
A0,A0-M00,8,second_derivative,1633.9183529411766,-7.904252261569975e-07,difference of equal-sample representative means; not paired
A0,A0-M00,8,second_derivative,1639.379098039216,-1.5431308256685987e-06,difference of equal-sample representative means; not paired
A0,A0-M00,8,second_derivative,1644.8398431372552,-2.2524767941120637e-06,difference of equal-sample representative means; not paired
A0,A0-M00,8,second_derivative,1650.3005882352943,-2.4243294112946513e-06,difference of equal-sample representative means; not paired
A0,A0-M00,8,second_derivative,1655.7613333333334,-1.8756563798773016e-06,difference of equal-sample representative means; not paired
A0,A0-M00,8,second_derivative,1661.2220784313727,-2.0951725198270157e-06,difference of equal-sample representative means; not paired
A0,A0-M00,8,second_derivative,1666.682823529412,-1.1898010381749036e-06,difference of equal-sample representative means; not paired
A0,A0-M00,8,second_derivative,1672.1435686274513,-9.661846653134368e-07,difference of equal-sample representative means; not paired
A0,A0-M00,8,second_derivative,1677.6043137254906,-8.770131346064483e-07,difference of equal-sample representative means; not paired
A0,A0-M00,8,second_derivative,1683.0650588235296,-7.510004940668872e-07,difference of equal-sample representative means; not paired
A0,A0-M00,8,second_derivative,1688.5258039215687,-8.90513044366798e-07,difference of equal-sample representative means; not paired
A0,A0-M00,8,second_derivative,1693.986549019608,-1.2588249558734673e-06,difference of equal-sample representative means; not paired
A0,A0-M00,8,second_derivative,1699.4472941176473,-5.480765029656366e-07,difference of equal-sample representative means; not paired
A0,A0-M00,8,second_derivative,1704.9080392156866,-5.2428784903284336e-08,difference of equal-sample representative means; not paired
A0,A0-M00,8,second_derivative,1710.3687843137257,3.8455719687604334e-07,difference of equal-sample representative means; not paired
A0,A0-M00,8,second_derivative,1715.829529411765,8.958539155304099e-07,difference of equal-sample representative means; not paired
A0,A0-M00,8,second_derivative,1721.290274509804,1.0062724721646373e-06,difference of equal-sample representative means; not paired
A0,A0-M00,8,second_derivative,1726.7510196078433,4.3273604791690565e-07,difference of equal-sample representative means; not paired
A0,A0-M00,8,second_derivative,1732.2117647058826,-6.299785000091025e-07,difference of equal-sample representative means; not paired
A0,A0-M00,8,second_derivative,1737.672509803922,-1.2131596348894439e-06,difference of equal-sample representative means; not paired
A0,A0-M00,8,second_derivative,1743.133254901961,-2.1473977996573722e-08,difference of equal-sample representative means; not paired
A0,A0-M00,8,second_derivative,1748.594,8.74843934101062e-07,difference of equal-sample representative means; not paired
A0,A0-M00,8,second_derivative,1754.0547450980393,9.690704517943825e-07,difference of equal-sample representative means; not paired
A0,A0-M00,8,second_derivative,1759.5154901960786,5.924962853727011e-07,difference of equal-sample representative means; not paired
A0,A0-M00,8,second_derivative,1764.976235294118,-2.1294446872948283e-07,difference of equal-sample representative means; not paired
A0,A0-M00,8,second_derivative,1770.4369803921572,-6.096767497479903e-07,difference of equal-sample representative means; not paired
A0,A0-M00,8,second_derivative,1775.8977254901963,3.4605983649920517e-07,difference of equal-sample representative means; not paired
A0,A0-M00,8,second_derivative,1781.3584705882354,5.193001694417534e-07,difference of equal-sample representative means; not paired
A0,A0-M00,8,second_derivative,1786.8192156862747,1.1277273358485127e-06,difference of equal-sample representative means; not paired
A0,A0-M00,8,second_derivative,1792.279960784314,1.2320750150260286e-06,difference of equal-sample representative means; not paired
A0,A0-M00,8,second_derivative,1797.7407058823533,6.8781030182812e-07,difference of equal-sample representative means; not paired
A0,A0-M00,8,second_derivative,1803.2014509803923,-7.563526780093222e-08,difference of equal-sample representative means; not paired
A0,A0-M00,8,second_derivative,1808.6621960784316,-1.0988982687874686e-07,difference of equal-sample representative means; not paired
A0,A0-M00,8,second_derivative,1814.1229411764707,4.241729358983184e-07,difference of equal-sample representative means; not paired
A0,A0-M00,8,second_derivative,1819.58368627451,5.921358923603532e-07,difference of equal-sample representative means; not paired
A0,A0-M00,8,second_derivative,1825.0444313725493,4.739622072824472e-07,difference of equal-sample representative means; not paired
A0,A0-M00,8,second_derivative,1830.5051764705886,3.673441010698155e-07,difference of equal-sample representative means; not paired
A0,A0-M00,8,second_derivative,1835.9659215686277,2.2349992257392495e-07,difference of equal-sample representative means; not paired
A0,A0-M00,8,second_derivative,1841.4266666666667,-5.601520014095701e-07,difference of equal-sample representative means; not paired
A0,A0-M00,8,second_derivative,1846.887411764706,-1.6572603695833337e-06,difference of equal-sample representative means; not paired
A0,A0-M00,8,second_derivative,1852.3481568627453,-2.7876003277306813e-06,difference of equal-sample representative means; not paired
A0,A0-M00,8,second_derivative,1857.8089019607846,-3.2383316771923625e-06,difference of equal-sample representative means; not paired
A0,A0-M00,8,second_derivative,1863.269647058824,-3.8552095772854334e-06,difference of equal-sample representative means; not paired
A0,A0-M00,8,second_derivative,1868.730392156863,-5.141432946450687e-06,difference of equal-sample representative means; not paired
A0,A0-M00,8,second_derivative,1874.191137254902,-7.062523704774216e-06,difference of equal-sample representative means; not paired
A0,A0-M00,8,second_derivative,1879.6518823529414,-6.65075927775498e-06,difference of equal-sample representative means; not paired
A0,A0-M00,8,second_derivative,1885.1126274509807,-3.180095620661027e-06,difference of equal-sample representative means; not paired
A0,A0-M00,8,second_derivative,1890.57337254902,1.4838436960166004e-06,difference of equal-sample representative means; not paired
A0,A0-M00,8,second_derivative,1896.034117647059,4.833783435755762e-06,difference of equal-sample representative means; not paired
A0,A0-M00,8,second_derivative,1901.4948627450983,5.070551692613865e-06,difference of equal-sample representative means; not paired
A0,A0-M00,8,second_derivative,1906.9556078431374,3.240183099028211e-06,difference of equal-sample representative means; not paired
A0,A0-M00,8,second_derivative,1912.4163529411767,1.5002679469245587e-06,difference of equal-sample representative means; not paired
A0,A0-M00,8,second_derivative,1917.877098039216,9.57299826385695e-07,difference of equal-sample representative means; not paired
A0,A0-M00,8,second_derivative,1923.3378431372553,4.2725200744041583e-07,difference of equal-sample representative means; not paired
A0,A0-M00,8,second_derivative,1928.7985882352943,5.280735700716578e-07,difference of equal-sample representative means; not paired
A0,A0-M00,8,second_derivative,1934.2593333333336,1.7039015954861832e-06,difference of equal-sample representative means; not paired
A0,A0-M00,8,second_derivative,1939.7200784313727,3.4254234546249773e-06,difference of equal-sample representative means; not paired
A0,A0-M00,8,second_derivative,1945.180823529412,4.046785373253527e-06,difference of equal-sample representative means; not paired
A0,A0-M00,8,second_derivative,1950.6415686274513,2.666620015627162e-06,difference of equal-sample representative means; not paired
A0,A0-M00,8,second_derivative,1956.1023137254906,-7.741544287175381e-08,difference of equal-sample representative means; not paired
A0,A0-M00,8,second_derivative,1961.5630588235294,-8.223901621638243e-07,difference of equal-sample representative means; not paired
A0,A0-M00,8,second_derivative,1967.0238039215687,1.0794377053392605e-06,difference of equal-sample representative means; not paired
A0,A0-M00,8,second_derivative,1972.484549019608,3.7639298101654107e-06,difference of equal-sample representative means; not paired
A0,A0-M00,8,second_derivative,1977.9452941176473,4.4344249359795044e-06,difference of equal-sample representative means; not paired
A0,A0-M00,8,second_derivative,1983.4060392156866,2.2411330794240076e-06,difference of equal-sample representative means; not paired
A0,A0-M00,8,second_derivative,1988.866784313726,-2.6660272014176773e-07,difference of equal-sample representative means; not paired
A0,A0-M00,8,second_derivative,1994.3275294117648,-2.1435592815552243e-06,difference of equal-sample representative means; not paired
A0,A0-M00,8,second_derivative,1999.788274509804,-1.7539307629587056e-06,difference of equal-sample representative means; not paired
A0,A0-M00,8,second_derivative,2005.2490196078434,1.3784423755224434e-07,difference of equal-sample representative means; not paired
A0,A0-M00,8,second_derivative,2010.7097647058827,7.152899766973468e-07,difference of equal-sample representative means; not paired
A0,A0-M00,8,second_derivative,2016.170509803922,-1.908495874869401e-07,difference of equal-sample representative means; not paired
A0,A0-M00,8,second_derivative,2021.6312549019613,-1.009526419899469e-06,difference of equal-sample representative means; not paired
A0,A0-M00,8,second_derivative,2027.092,-1.6600299557719e-06,difference of equal-sample representative means; not paired
A0,A0-M00,8,second_derivative,2032.5527450980394,-8.393163963835021e-07,difference of equal-sample representative means; not paired
A0,A0-M00,8,second_derivative,2038.0134901960787,-1.1019065949439144e-06,difference of equal-sample representative means; not paired
A0,A0-M00,8,second_derivative,2043.474235294118,-3.2930979807566195e-06,difference of equal-sample representative means; not paired
A0,A0-M00,8,second_derivative,2048.9349803921573,-4.700735635943478e-06,difference of equal-sample representative means; not paired
A0,A0-M00,8,second_derivative,2054.3957254901966,-3.4571758498904507e-06,difference of equal-sample representative means; not paired
A0,A0-M00,8,second_derivative,2059.8564705882354,-2.7891080423910025e-07,difference of equal-sample representative means; not paired
A0,A0-M00,8,second_derivative,2065.3172156862747,2.427634657120517e-06,difference of equal-sample representative means; not paired
A0,A0-M00,8,second_derivative,2070.777960784314,2.624878102709195e-06,difference of equal-sample representative means; not paired
A0,A0-M00,8,second_derivative,2076.2387058823533,1.4397707270021417e-06,difference of equal-sample representative means; not paired
A0,A0-M00,8,second_derivative,2081.6994509803926,1.2835504409496811e-06,difference of equal-sample representative means; not paired
A0,A0-M00,8,second_derivative,2087.1601960784315,1.9211683535772786e-08,difference of equal-sample representative means; not paired
A0,A0-M00,8,second_derivative,2092.6209411764708,-7.808962560888279e-07,difference of equal-sample representative means; not paired
A0,A0-M00,8,second_derivative,2098.08168627451,-1.0734578135969432e-06,difference of equal-sample representative means; not paired
A0,A0-M00,8,second_derivative,2103.5424313725493,2.062108251793639e-07,difference of equal-sample representative means; not paired
A0,A0-M00,8,second_derivative,2109.0031764705886,2.3004594450164676e-06,difference of equal-sample representative means; not paired
A0,A0-M00,8,second_derivative,2114.463921568628,2.4433918404236234e-06,difference of equal-sample representative means; not paired
A0,A0-M00,8,second_derivative,2119.924666666667,1.8633722929661619e-06,difference of equal-sample representative means; not paired
A0,A0-M00,8,second_derivative,2125.385411764706,7.684645755310552e-07,difference of equal-sample representative means; not paired
A0,A0-M00,8,second_derivative,2130.8461568627454,-1.8429719965854959e-06,difference of equal-sample representative means; not paired
A0,A0-M00,8,second_derivative,2136.3069019607847,-1.8956809445132933e-06,difference of equal-sample representative means; not paired
A0,A0-M00,8,second_derivative,2141.767647058824,-4.092493760692676e-07,difference of equal-sample representative means; not paired
A0,A0-M00,8,second_derivative,2147.2283921568633,-2.44277313837019e-07,difference of equal-sample representative means; not paired
A0,A0-M00,8,second_derivative,2152.689137254902,1.2741712307240264e-06,difference of equal-sample representative means; not paired
A0,A0-M00,8,second_derivative,2158.1498823529414,2.2870900485110827e-06,difference of equal-sample representative means; not paired
A0,A0-M00,8,second_derivative,2163.6106274509807,1.1023691911928516e-06,difference of equal-sample representative means; not paired
A0,A0-M00,8,second_derivative,2169.07137254902,1.5007705931703972e-06,difference of equal-sample representative means; not paired
A0,A0-M00,8,second_derivative,2174.5321176470593,4.7007417592530216e-07,difference of equal-sample representative means; not paired
A0,A0-M00,8,second_derivative,2179.992862745098,-2.312381973657769e-06,difference of equal-sample representative means; not paired
A0,A0-M00,8,second_derivative,2185.4536078431374,-4.63982267128681e-06,difference of equal-sample representative means; not paired
A0,A0-M00,8,second_derivative,2190.9143529411767,-3.7195503648091967e-06,difference of equal-sample representative means; not paired
A0,A0-M00,8,second_derivative,2196.375098039216,-1.0144664305956096e-06,difference of equal-sample representative means; not paired
A0,A0-M00,8,second_derivative,2201.8358431372553,2.3347900991933563e-06,difference of equal-sample representative means; not paired
A0,A0-M00,8,second_derivative,2207.2965882352946,6.831114610739184e-06,difference of equal-sample representative means; not paired
A0,A0-M00,8,second_derivative,2212.7573333333335,1.6604991832126702e-06,difference of equal-sample representative means; not paired
A0,A0-M00,8,second_derivative,2218.2180784313728,-3.2541734424865757e-06,difference of equal-sample representative means; not paired
A0,A0-M00,8,second_derivative,2223.678823529412,-5.363402455114735e-06,difference of equal-sample representative means; not paired
A0,A0-M00,8,second_derivative,2229.1395686274514,-6.117307375206989e-06,difference of equal-sample representative means; not paired
A0,A0-M00,8,second_derivative,2234.6003137254907,-7.129157937313732e-06,difference of equal-sample representative means; not paired
A0,A0-M00,8,second_derivative,2240.06105882353,-5.930128030969499e-06,difference of equal-sample representative means; not paired
A0,A0-M00,8,second_derivative,2245.521803921569,-1.0851159878915454e-05,difference of equal-sample representative means; not paired
A0,A0-M00,8,second_derivative,2250.982549019608,-1.3078828110843637e-05,difference of equal-sample representative means; not paired
A0,A0-M00,8,second_derivative,2256.4432941176474,-1.3460734743307249e-05,difference of equal-sample representative means; not paired
A0,A0-M00,8,second_derivative,2261.9040392156867,1.95497568042071e-06,difference of equal-sample representative means; not paired
A0,A0-M00,8,second_derivative,2267.364784313726,4.78871089806418e-05,difference of equal-sample representative means; not paired
A0,A0-M00,8,second_derivative,2272.825529411765,0.0001018943393687887,difference of equal-sample representative means; not paired
A0,A0-M00,8,second_derivative,2278.286274509804,9.568674293268509e-05,difference of equal-sample representative means; not paired
A0,A0-M00,8,second_derivative,2283.7470196078434,-1.1923680794362901e-05,difference of equal-sample representative means; not paired
A0,A0-M00,8,second_derivative,2289.2077647058827,-6.705002958062213e-05,difference of equal-sample representative means; not paired
A0,A0-M00,8,second_derivative,2294.668509803922,-6.705002958062201e-05,difference of equal-sample representative means; not paired
A0,A0-M00,8,second_derivative,2300.1292549019613,-6.705002958062201e-05,difference of equal-sample representative means; not paired
A0,A0-M00,8,second_derivative,2305.59,-6.705002958062201e-05,difference of equal-sample representative means; not paired
