condition,contrast,cluster,kind,wavelength_nm,difference,aggregation
B1,B1-M00,1,reflectance,913.1,-0.004945832188932853,difference of equal-sample representative means; not paired
B1,B1-M00,1,reflectance,918.5607450980392,-0.005243000387438523,difference of equal-sample representative means; not paired
B1,B1-M00,1,reflectance,924.0214901960785,-0.005243143112860671,difference of equal-sample representative means; not paired
B1,B1-M00,1,reflectance,929.4822352941177,-0.005479963628897466,difference of equal-sample representative means; not paired
B1,B1-M00,1,reflectance,934.9429803921569,-0.005638687250480667,difference of equal-sample representative means; not paired
B1,B1-M00,1,reflectance,940.4037254901962,-0.005797956425886985,difference of equal-sample representative means; not paired
B1,B1-M00,1,reflectance,945.8644705882353,-0.006256633910078024,difference of equal-sample representative means; not paired
B1,B1-M00,1,reflectance,951.3252156862745,-0.006499113768377085,difference of equal-sample representative means; not paired
B1,B1-M00,1,reflectance,956.7859607843137,-0.006634436702791957,difference of equal-sample representative means; not paired
B1,B1-M00,1,reflectance,962.246705882353,-0.006593318963809103,difference of equal-sample representative means; not paired
B1,B1-M00,1,reflectance,967.7074509803922,-0.006735474758284399,difference of equal-sample representative means; not paired
B1,B1-M00,1,reflectance,973.1681960784314,-0.006855061687731867,difference of equal-sample representative means; not paired
B1,B1-M00,1,reflectance,978.6289411764706,-0.0069112778417622645,difference of equal-sample representative means; not paired
B1,B1-M00,1,reflectance,984.0896862745099,-0.00700023142582884,difference of equal-sample representative means; not paired
B1,B1-M00,1,reflectance,989.550431372549,-0.007107677710538551,difference of equal-sample representative means; not paired
B1,B1-M00,1,reflectance,995.0111764705882,-0.007146076103587196,difference of equal-sample representative means; not paired
B1,B1-M00,1,reflectance,1000.4719215686275,-0.0072150336884970745,difference of equal-sample representative means; not paired
B1,B1-M00,1,reflectance,1005.9326666666667,-0.007423766099621143,difference of equal-sample representative means; not paired
B1,B1-M00,1,reflectance,1011.3934117647059,-0.007512916558756411,difference of equal-sample representative means; not paired
B1,B1-M00,1,reflectance,1016.8541568627452,-0.007584003984472787,difference of equal-sample representative means; not paired
B1,B1-M00,1,reflectance,1022.3149019607844,-0.007726808821043041,difference of equal-sample representative means; not paired
B1,B1-M00,1,reflectance,1027.7756470588236,-0.0077938965676803695,difference of equal-sample representative means; not paired
B1,B1-M00,1,reflectance,1033.2363921568628,-0.007978930099966752,difference of equal-sample representative means; not paired
B1,B1-M00,1,reflectance,1038.697137254902,-0.008013571909229356,difference of equal-sample representative means; not paired
B1,B1-M00,1,reflectance,1044.1578823529412,-0.008245174565090885,difference of equal-sample representative means; not paired
B1,B1-M00,1,reflectance,1049.6186274509805,-0.008391955673909601,difference of equal-sample representative means; not paired
B1,B1-M00,1,reflectance,1055.0793725490196,-0.008464043346415373,difference of equal-sample representative means; not paired
B1,B1-M00,1,reflectance,1060.5401176470589,-0.008598835622817491,difference of equal-sample representative means; not paired
B1,B1-M00,1,reflectance,1066.0008627450982,-0.008833392597063838,difference of equal-sample representative means; not paired
B1,B1-M00,1,reflectance,1071.4616078431372,-0.008908631540410994,difference of equal-sample representative means; not paired
B1,B1-M00,1,reflectance,1076.9223529411765,-0.008997110247737083,difference of equal-sample representative means; not paired
B1,B1-M00,1,reflectance,1082.3830980392158,-0.009193211913861243,difference of equal-sample representative means; not paired
B1,B1-M00,1,reflectance,1087.843843137255,-0.00926079870088492,difference of equal-sample representative means; not paired
B1,B1-M00,1,reflectance,1093.3045882352942,-0.009342299918287833,difference of equal-sample representative means; not paired
B1,B1-M00,1,reflectance,1098.7653333333333,-0.009488688114307031,difference of equal-sample representative means; not paired
B1,B1-M00,1,reflectance,1104.2260784313726,-0.009633968560813333,difference of equal-sample representative means; not paired
B1,B1-M00,1,reflectance,1109.6868235294119,-0.009773954506411608,difference of equal-sample representative means; not paired
B1,B1-M00,1,reflectance,1115.1475686274512,-0.009758364160537769,difference of equal-sample representative means; not paired
B1,B1-M00,1,reflectance,1120.6083137254902,-0.009768699799807212,difference of equal-sample representative means; not paired
B1,B1-M00,1,reflectance,1126.0690588235295,-0.00971407221392051,difference of equal-sample representative means; not paired
B1,B1-M00,1,reflectance,1131.5298039215686,-0.009697907543385398,difference of equal-sample representative means; not paired
B1,B1-M00,1,reflectance,1136.990549019608,-0.009667166973337249,difference of equal-sample representative means; not paired
B1,B1-M00,1,reflectance,1142.4512941176472,-0.00958227839222836,difference of equal-sample representative means; not paired
B1,B1-M00,1,reflectance,1147.9120392156863,-0.009540165307551085,difference of equal-sample representative means; not paired
B1,B1-M00,1,reflectance,1153.3727843137256,-0.009368740442728618,difference of equal-sample representative means; not paired
B1,B1-M00,1,reflectance,1158.8335294117649,-0.00919794064429491,difference of equal-sample representative means; not paired
B1,B1-M00,1,reflectance,1164.294274509804,-0.00903759484610056,difference of equal-sample representative means; not paired
B1,B1-M00,1,reflectance,1169.7550196078432,-0.008951126844711443,difference of equal-sample representative means; not paired
B1,B1-M00,1,reflectance,1175.2157647058825,-0.008920319704829871,difference of equal-sample representative means; not paired
B1,B1-M00,1,reflectance,1180.6765098039216,-0.008900582691991898,difference of equal-sample representative means; not paired
B1,B1-M00,1,reflectance,1186.137254901961,-0.00886439637212999,difference of equal-sample representative means; not paired
B1,B1-M00,1,reflectance,1191.598,-0.008805235331068473,difference of equal-sample representative means; not paired
B1,B1-M00,1,reflectance,1197.0587450980393,-0.00883323755370502,difference of equal-sample representative means; not paired
B1,B1-M00,1,reflectance,1202.5194901960786,-0.008737886058372002,difference of equal-sample representative means; not paired
B1,B1-M00,1,reflectance,1207.9802352941178,-0.008702721196770735,difference of equal-sample representative means; not paired
B1,B1-M00,1,reflectance,1213.440980392157,-0.008715821861137951,difference of equal-sample representative means; not paired
B1,B1-M00,1,reflectance,1218.9017254901962,-0.00874642341151588,difference of equal-sample representative means; not paired
B1,B1-M00,1,reflectance,1224.3624705882353,-0.008779734249313997,difference of equal-sample representative means; not paired
B1,B1-M00,1,reflectance,1229.8232156862746,-0.008783363451771109,difference of equal-sample representative means; not paired
B1,B1-M00,1,reflectance,1235.2839607843139,-0.008794281250057545,difference of equal-sample representative means; not paired
B1,B1-M00,1,reflectance,1240.7447058823532,-0.008872680916595321,difference of equal-sample representative means; not paired
B1,B1-M00,1,reflectance,1246.2054509803922,-0.00885724170694191,difference of equal-sample representative means; not paired
B1,B1-M00,1,reflectance,1251.6661960784315,-0.008848397865625857,difference of equal-sample representative means; not paired
B1,B1-M00,1,reflectance,1257.1269411764706,-0.008881732393877795,difference of equal-sample representative means; not paired
B1,B1-M00,1,reflectance,1262.58768627451,-0.008930650778400162,difference of equal-sample representative means; not paired
B1,B1-M00,1,reflectance,1268.0484313725492,-0.008964121096458721,difference of equal-sample representative means; not paired
B1,B1-M00,1,reflectance,1273.5091764705883,-0.0089475943189119,difference of equal-sample representative means; not paired
B1,B1-M00,1,reflectance,1278.9699215686276,-0.009073523737925138,difference of equal-sample representative means; not paired
B1,B1-M00,1,reflectance,1284.4306666666666,-0.009116948813423398,difference of equal-sample representative means; not paired
B1,B1-M00,1,reflectance,1289.891411764706,-0.009261330262910983,difference of equal-sample representative means; not paired
B1,B1-M00,1,reflectance,1295.3521568627452,-0.00936940854392021,difference of equal-sample representative means; not paired
B1,B1-M00,1,reflectance,1300.8129019607845,-0.009526775142716049,difference of equal-sample representative means; not paired
B1,B1-M00,1,reflectance,1306.2736470588236,-0.009806603450202567,difference of equal-sample representative means; not paired
B1,B1-M00,1,reflectance,1311.734392156863,-0.009288190823253939,difference of equal-sample representative means; not paired
B1,B1-M00,1,reflectance,1317.195137254902,-0.009298991508849275,difference of equal-sample representative means; not paired
B1,B1-M00,1,reflectance,1322.6558823529413,-0.00910376215941755,difference of equal-sample representative means; not paired
B1,B1-M00,1,reflectance,1328.1166274509806,-0.008929532900243342,difference of equal-sample representative means; not paired
B1,B1-M00,1,reflectance,1333.5773725490199,-0.008713717697952483,difference of equal-sample representative means; not paired
B1,B1-M00,1,reflectance,1339.038117647059,-0.008411270510439772,difference of equal-sample representative means; not paired
B1,B1-M00,1,reflectance,1344.4988627450982,-0.008051312207621897,difference of equal-sample representative means; not paired
B1,B1-M00,1,reflectance,1349.9596078431373,-0.007691503594838833,difference of equal-sample representative means; not paired
B1,B1-M00,1,reflectance,1355.4203529411766,-0.007436844623838312,difference of equal-sample representative means; not paired
B1,B1-M00,1,reflectance,1360.8810980392159,-0.007241208028820667,difference of equal-sample representative means; not paired
B1,B1-M00,1,reflectance,1366.341843137255,-0.007050203845658798,difference of equal-sample representative means; not paired
B1,B1-M00,1,reflectance,1371.8025882352943,-0.006888473477112522,difference of equal-sample representative means; not paired
B1,B1-M00,1,reflectance,1377.2633333333333,-0.006780749879246706,difference of equal-sample representative means; not paired
B1,B1-M00,1,reflectance,1382.7240784313726,-0.006656863985022077,difference of equal-sample representative means; not paired
B1,B1-M00,1,reflectance,1388.184823529412,-0.006396044986177851,difference of equal-sample representative means; not paired
B1,B1-M00,1,reflectance,1393.6455686274512,-0.006108379025180577,difference of equal-sample representative means; not paired
B1,B1-M00,1,reflectance,1399.1063137254903,-0.005566169151563605,difference of equal-sample representative means; not paired
B1,B1-M00,1,reflectance,1404.5670588235296,-0.004946146226189274,difference of equal-sample representative means; not paired
B1,B1-M00,1,reflectance,1410.0278039215686,-0.004433057735525381,difference of equal-sample representative means; not paired
B1,B1-M00,1,reflectance,1415.488549019608,-0.003999500938877243,difference of equal-sample representative means; not paired
B1,B1-M00,1,reflectance,1420.9492941176472,-0.003614423684349999,difference of equal-sample representative means; not paired
B1,B1-M00,1,reflectance,1426.4100392156865,-0.0033179318101068667,difference of equal-sample representative means; not paired
B1,B1-M00,1,reflectance,1431.8707843137256,-0.0031722941101205993,difference of equal-sample representative means; not paired
B1,B1-M00,1,reflectance,1437.3315294117647,-0.003032987392301678,difference of equal-sample representative means; not paired
B1,B1-M00,1,reflectance,1442.792274509804,-0.0029054804351989483,difference of equal-sample representative means; not paired
B1,B1-M00,1,reflectance,1448.2530196078433,-0.002754979405058866,difference of equal-sample representative means; not paired
B1,B1-M00,1,reflectance,1453.7137647058826,-0.002661168808743508,difference of equal-sample representative means; not paired
B1,B1-M00,1,reflectance,1459.1745098039219,-0.002632593930689764,difference of equal-sample representative means; not paired
B1,B1-M00,1,reflectance,1464.635254901961,-0.0026279842096695316,difference of equal-sample representative means; not paired
B1,B1-M00,1,reflectance,1470.096,-0.002609573540118315,difference of equal-sample representative means; not paired
B1,B1-M00,1,reflectance,1475.5567450980393,-0.0025465015999004414,difference of equal-sample representative means; not paired
B1,B1-M00,1,reflectance,1481.0174901960786,-0.0025480068970871184,difference of equal-sample representative means; not paired
B1,B1-M00,1,reflectance,1486.478235294118,-0.002555736740343928,difference of equal-sample representative means; not paired
B1,B1-M00,1,reflectance,1491.938980392157,-0.0025729053063854312,difference of equal-sample representative means; not paired
B1,B1-M00,1,reflectance,1497.3997254901963,-0.00259760630816791,difference of equal-sample representative means; not paired
B1,B1-M00,1,reflectance,1502.8604705882353,-0.0026380664895807593,difference of equal-sample representative means; not paired
B1,B1-M00,1,reflectance,1508.3212156862746,-0.0027028196916613068,difference of equal-sample representative means; not paired
B1,B1-M00,1,reflectance,1513.781960784314,-0.0027738175180559432,difference of equal-sample representative means; not paired
B1,B1-M00,1,reflectance,1519.2427058823532,-0.0028761964879303603,difference of equal-sample representative means; not paired
B1,B1-M00,1,reflectance,1524.7034509803923,-0.002895181392066959,difference of equal-sample representative means; not paired
B1,B1-M00,1,reflectance,1530.1641960784316,-0.0028997080866088876,difference of equal-sample representative means; not paired
B1,B1-M00,1,reflectance,1535.6249411764707,-0.002912369949002014,difference of equal-sample representative means; not paired
B1,B1-M00,1,reflectance,1541.08568627451,-0.002926027578968149,difference of equal-sample representative means; not paired
B1,B1-M00,1,reflectance,1546.5464313725493,-0.002936767229283488,difference of equal-sample representative means; not paired
B1,B1-M00,1,reflectance,1552.0071764705885,-0.002971699235580161,difference of equal-sample representative means; not paired
B1,B1-M00,1,reflectance,1557.4679215686276,-0.0030838481457279854,difference of equal-sample representative means; not paired
B1,B1-M00,1,reflectance,1562.9286666666667,-0.003045366173409947,difference of equal-sample representative means; not paired
B1,B1-M00,1,reflectance,1568.389411764706,-0.002998674697827275,difference of equal-sample representative means; not paired
B1,B1-M00,1,reflectance,1573.8501568627453,-0.0029952633412931307,difference of equal-sample representative means; not paired
B1,B1-M00,1,reflectance,1579.3109019607846,-0.0030475377485250643,difference of equal-sample representative means; not paired
B1,B1-M00,1,reflectance,1584.7716470588239,-0.003082839427456574,difference of equal-sample representative means; not paired
B1,B1-M00,1,reflectance,1590.232392156863,-0.0030413873813470715,difference of equal-sample representative means; not paired
B1,B1-M00,1,reflectance,1595.693137254902,-0.0030767701195264507,difference of equal-sample representative means; not paired
B1,B1-M00,1,reflectance,1601.1538823529413,-0.0031505370067811955,difference of equal-sample representative means; not paired
B1,B1-M00,1,reflectance,1606.6146274509806,-0.0031777282148268693,difference of equal-sample representative means; not paired
B1,B1-M00,1,reflectance,1612.07537254902,-0.0032079109946104856,difference of equal-sample representative means; not paired
B1,B1-M00,1,reflectance,1617.536117647059,-0.0032365669078043835,difference of equal-sample representative means; not paired
B1,B1-M00,1,reflectance,1622.9968627450983,-0.003258912500735567,difference of equal-sample representative means; not paired
B1,B1-M00,1,reflectance,1628.4576078431373,-0.0032779001598369217,difference of equal-sample representative means; not paired
B1,B1-M00,1,reflectance,1633.9183529411766,-0.0032973797710677544,difference of equal-sample representative means; not paired
B1,B1-M00,1,reflectance,1639.379098039216,-0.0033144477720065124,difference of equal-sample representative means; not paired
B1,B1-M00,1,reflectance,1644.8398431372552,-0.0033199341653660785,difference of equal-sample representative means; not paired
B1,B1-M00,1,reflectance,1650.3005882352943,-0.003333915754889727,difference of equal-sample representative means; not paired
B1,B1-M00,1,reflectance,1655.7613333333334,-0.0034075421938025152,difference of equal-sample representative means; not paired
B1,B1-M00,1,reflectance,1661.2220784313727,-0.0034791523830507987,difference of equal-sample representative means; not paired
B1,B1-M00,1,reflectance,1666.682823529412,-0.0035396971318925607,difference of equal-sample representative means; not paired
B1,B1-M00,1,reflectance,1672.1435686274513,-0.003603331802225773,difference of equal-sample representative means; not paired
B1,B1-M00,1,reflectance,1677.6043137254906,-0.003515151507303249,difference of equal-sample representative means; not paired
B1,B1-M00,1,reflectance,1683.0650588235296,-0.0035567384109245204,difference of equal-sample representative means; not paired
B1,B1-M00,1,reflectance,1688.5258039215687,-0.003462979045733394,difference of equal-sample representative means; not paired
B1,B1-M00,1,reflectance,1693.986549019608,-0.0034644404767861237,difference of equal-sample representative means; not paired
B1,B1-M00,1,reflectance,1699.4472941176473,-0.0034617150433094435,difference of equal-sample representative means; not paired
B1,B1-M00,1,reflectance,1704.9080392156866,-0.0034066836704599313,difference of equal-sample representative means; not paired
B1,B1-M00,1,reflectance,1710.3687843137257,-0.003351890508632993,difference of equal-sample representative means; not paired
B1,B1-M00,1,reflectance,1715.829529411765,-0.0033481999241610216,difference of equal-sample representative means; not paired
B1,B1-M00,1,reflectance,1721.290274509804,-0.0032030278984457317,difference of equal-sample representative means; not paired
B1,B1-M00,1,reflectance,1726.7510196078433,-0.0032253416734458473,difference of equal-sample representative means; not paired
B1,B1-M00,1,reflectance,1732.2117647058826,-0.003136559779340742,difference of equal-sample representative means; not paired
B1,B1-M00,1,reflectance,1737.672509803922,-0.0030761338911308167,difference of equal-sample representative means; not paired
B1,B1-M00,1,reflectance,1743.133254901961,-0.003064251414479746,difference of equal-sample representative means; not paired
B1,B1-M00,1,reflectance,1748.594,-0.003041399734796335,difference of equal-sample representative means; not paired
B1,B1-M00,1,reflectance,1754.0547450980393,-0.0029504436646996535,difference of equal-sample representative means; not paired
B1,B1-M00,1,reflectance,1759.5154901960786,-0.002817194620061636,difference of equal-sample representative means; not paired
B1,B1-M00,1,reflectance,1764.976235294118,-0.002806331419051067,difference of equal-sample representative means; not paired
B1,B1-M00,1,reflectance,1770.4369803921572,-0.002736148839725616,difference of equal-sample representative means; not paired
B1,B1-M00,1,reflectance,1775.8977254901963,-0.002636193572514711,difference of equal-sample representative means; not paired
B1,B1-M00,1,reflectance,1781.3584705882354,-0.0025760438293202514,difference of equal-sample representative means; not paired
B1,B1-M00,1,reflectance,1786.8192156862747,-0.002529542848316413,difference of equal-sample representative means; not paired
B1,B1-M00,1,reflectance,1792.279960784314,-0.0024776916657619497,difference of equal-sample representative means; not paired
B1,B1-M00,1,reflectance,1797.7407058823533,-0.0024585616645322883,difference of equal-sample representative means; not paired
B1,B1-M00,1,reflectance,1803.2014509803923,-0.002365081550129322,difference of equal-sample representative means; not paired
B1,B1-M00,1,reflectance,1808.6621960784316,-0.0023231540381929427,difference of equal-sample representative means; not paired
B1,B1-M00,1,reflectance,1814.1229411764707,-0.002363988179755694,difference of equal-sample representative means; not paired
B1,B1-M00,1,reflectance,1819.58368627451,-0.0022595442678360333,difference of equal-sample representative means; not paired
B1,B1-M00,1,reflectance,1825.0444313725493,-0.0022707997136394154,difference of equal-sample representative means; not paired
B1,B1-M00,1,reflectance,1830.5051764705886,-0.002365402218711954,difference of equal-sample representative means; not paired
B1,B1-M00,1,reflectance,1835.9659215686277,-0.002339707494183718,difference of equal-sample representative means; not paired
B1,B1-M00,1,reflectance,1841.4266666666667,-0.0023847217053501457,difference of equal-sample representative means; not paired
B1,B1-M00,1,reflectance,1846.887411764706,-0.0024058827328989896,difference of equal-sample representative means; not paired
B1,B1-M00,1,reflectance,1852.3481568627453,-0.002321520404839683,difference of equal-sample representative means; not paired
B1,B1-M00,1,reflectance,1857.8089019607846,-0.0022669905481799146,difference of equal-sample representative means; not paired
B1,B1-M00,1,reflectance,1863.269647058824,-0.002240004803388318,difference of equal-sample representative means; not paired
B1,B1-M00,1,reflectance,1868.730392156863,-0.0022064240915555255,difference of equal-sample representative means; not paired
B1,B1-M00,1,reflectance,1874.191137254902,-0.0021990301683111335,difference of equal-sample representative means; not paired
B1,B1-M00,1,reflectance,1879.6518823529414,-0.002252763466805363,difference of equal-sample representative means; not paired
B1,B1-M00,1,reflectance,1885.1126274509807,-0.002123908029749877,difference of equal-sample representative means; not paired
B1,B1-M00,1,reflectance,1890.57337254902,-0.0018688762980333395,difference of equal-sample representative means; not paired
B1,B1-M00,1,reflectance,1896.034117647059,-0.0013570857097023326,difference of equal-sample representative means; not paired
B1,B1-M00,1,reflectance,1901.4948627450983,-0.0009366442021254695,difference of equal-sample representative means; not paired
B1,B1-M00,1,reflectance,1906.9556078431374,-0.0005381004618021379,difference of equal-sample representative means; not paired
B1,B1-M00,1,reflectance,1912.4163529411767,-7.061884910619654e-05,difference of equal-sample representative means; not paired
B1,B1-M00,1,reflectance,1917.877098039216,0.0002338106945985463,difference of equal-sample representative means; not paired
B1,B1-M00,1,reflectance,1923.3378431372553,-8.195647537331818e-05,difference of equal-sample representative means; not paired
B1,B1-M00,1,reflectance,1928.7985882352943,-0.0001194279142282817,difference of equal-sample representative means; not paired
B1,B1-M00,1,reflectance,1934.2593333333336,-0.00018571546650883453,difference of equal-sample representative means; not paired
B1,B1-M00,1,reflectance,1939.7200784313727,-0.0001470135063398048,difference of equal-sample representative means; not paired
B1,B1-M00,1,reflectance,1945.180823529412,-0.00018876598576109127,difference of equal-sample representative means; not paired
B1,B1-M00,1,reflectance,1950.6415686274513,-0.00020832572696929952,difference of equal-sample representative means; not paired
B1,B1-M00,1,reflectance,1956.1023137254906,-0.00016057130374647066,difference of equal-sample representative means; not paired
B1,B1-M00,1,reflectance,1961.5630588235294,-0.00015567991700382589,difference of equal-sample representative means; not paired
B1,B1-M00,1,reflectance,1967.0238039215687,-0.0002480593720654567,difference of equal-sample representative means; not paired
B1,B1-M00,1,reflectance,1972.484549019608,-0.00042783543601976337,difference of equal-sample representative means; not paired
B1,B1-M00,1,reflectance,1977.9452941176473,-0.00031865241292095003,difference of equal-sample representative means; not paired
B1,B1-M00,1,reflectance,1983.4060392156866,-0.00028831294976749966,difference of equal-sample representative means; not paired
B1,B1-M00,1,reflectance,1988.866784313726,-0.0004888748701999956,difference of equal-sample representative means; not paired
B1,B1-M00,1,reflectance,1994.3275294117648,-0.000586520961748993,difference of equal-sample representative means; not paired
B1,B1-M00,1,reflectance,1999.788274509804,-0.0005435153705083406,difference of equal-sample representative means; not paired
B1,B1-M00,1,reflectance,2005.2490196078434,-0.0007792966208624574,difference of equal-sample representative means; not paired
B1,B1-M00,1,reflectance,2010.7097647058827,-0.000636641756703693,difference of equal-sample representative means; not paired
B1,B1-M00,1,reflectance,2016.170509803922,-0.0006579682230235528,difference of equal-sample representative means; not paired
B1,B1-M00,1,reflectance,2021.6312549019613,-0.0007249676735286981,difference of equal-sample representative means; not paired
B1,B1-M00,1,reflectance,2027.092,-0.0007085018033574642,difference of equal-sample representative means; not paired
B1,B1-M00,1,reflectance,2032.5527450980394,-0.0007001131642955793,difference of equal-sample representative means; not paired
B1,B1-M00,1,reflectance,2038.0134901960787,-0.0006861390222946406,difference of equal-sample representative means; not paired
B1,B1-M00,1,reflectance,2043.474235294118,-0.0006273961198438593,difference of equal-sample representative means; not paired
B1,B1-M00,1,reflectance,2048.9349803921573,-0.0006267399686032404,difference of equal-sample representative means; not paired
B1,B1-M00,1,reflectance,2054.3957254901966,-0.0005141840335796677,difference of equal-sample representative means; not paired
B1,B1-M00,1,reflectance,2059.8564705882354,-0.0006256317251078225,difference of equal-sample representative means; not paired
B1,B1-M00,1,reflectance,2065.3172156862747,-0.000668452810731246,difference of equal-sample representative means; not paired
B1,B1-M00,1,reflectance,2070.777960784314,-0.0005602210250902906,difference of equal-sample representative means; not paired
B1,B1-M00,1,reflectance,2076.2387058823533,-0.0006394357806976947,difference of equal-sample representative means; not paired
B1,B1-M00,1,reflectance,2081.6994509803926,-0.0006762383103997571,difference of equal-sample representative means; not paired
B1,B1-M00,1,reflectance,2087.1601960784315,-0.00034009149826808027,difference of equal-sample representative means; not paired
B1,B1-M00,1,reflectance,2092.6209411764708,-0.0007552997508910586,difference of equal-sample representative means; not paired
B1,B1-M00,1,reflectance,2098.08168627451,-0.0005725840600007692,difference of equal-sample representative means; not paired
B1,B1-M00,1,reflectance,2103.5424313725493,-0.0005029748224118502,difference of equal-sample representative means; not paired
B1,B1-M00,1,reflectance,2109.0031764705886,-0.0006234600422121983,difference of equal-sample representative means; not paired
B1,B1-M00,1,reflectance,2114.463921568628,-0.000632852693130348,difference of equal-sample representative means; not paired
B1,B1-M00,1,reflectance,2119.924666666667,-0.0006352987283358424,difference of equal-sample representative means; not paired
B1,B1-M00,1,reflectance,2125.385411764706,-0.0007234722449519504,difference of equal-sample representative means; not paired
B1,B1-M00,1,reflectance,2130.8461568627454,-0.0007247447562847009,difference of equal-sample representative means; not paired
B1,B1-M00,1,reflectance,2136.3069019607847,-0.0007871848984547514,difference of equal-sample representative means; not paired
B1,B1-M00,1,reflectance,2141.767647058824,-0.0007381399276847334,difference of equal-sample representative means; not paired
B1,B1-M00,1,reflectance,2147.2283921568633,-0.0008109188139295842,difference of equal-sample representative means; not paired
B1,B1-M00,1,reflectance,2152.689137254902,-0.0009457059438379156,difference of equal-sample representative means; not paired
B1,B1-M00,1,reflectance,2158.1498823529414,-0.001007917165415706,difference of equal-sample representative means; not paired
B1,B1-M00,1,reflectance,2163.6106274509807,-0.0009150459690954182,difference of equal-sample representative means; not paired
B1,B1-M00,1,reflectance,2169.07137254902,-0.0007522967789838075,difference of equal-sample representative means; not paired
B1,B1-M00,1,reflectance,2174.5321176470593,-0.0007322071720449186,difference of equal-sample representative means; not paired
B1,B1-M00,1,reflectance,2179.992862745098,-0.0006887239774191478,difference of equal-sample representative means; not paired
B1,B1-M00,1,reflectance,2185.4536078431374,-0.0007925107538089282,difference of equal-sample representative means; not paired
B1,B1-M00,1,reflectance,2190.9143529411767,-0.0009944714427411183,difference of equal-sample representative means; not paired
B1,B1-M00,1,reflectance,2196.375098039216,-0.0009753615221926304,difference of equal-sample representative means; not paired
B1,B1-M00,1,reflectance,2201.8358431372553,-0.0008078765259596499,difference of equal-sample representative means; not paired
B1,B1-M00,1,reflectance,2207.2965882352946,-0.0008688659940151999,difference of equal-sample representative means; not paired
B1,B1-M00,1,reflectance,2212.7573333333335,-0.0011702590186054018,difference of equal-sample representative means; not paired
B1,B1-M00,1,reflectance,2218.2180784313728,-0.0008141873609870953,difference of equal-sample representative means; not paired
B1,B1-M00,1,reflectance,2223.678823529412,-0.0009780807229609056,difference of equal-sample representative means; not paired
B1,B1-M00,1,reflectance,2229.1395686274514,-0.0010065989306184964,difference of equal-sample representative means; not paired
B1,B1-M00,1,reflectance,2234.6003137254907,-0.0014202015578445026,difference of equal-sample representative means; not paired
B1,B1-M00,1,reflectance,2240.06105882353,-0.0015197597368779014,difference of equal-sample representative means; not paired
B1,B1-M00,1,reflectance,2245.521803921569,-0.0013079226560046564,difference of equal-sample representative means; not paired
B1,B1-M00,1,reflectance,2250.982549019608,-0.00121728594142545,difference of equal-sample representative means; not paired
B1,B1-M00,1,reflectance,2256.4432941176474,-0.0015663924147392705,difference of equal-sample representative means; not paired
B1,B1-M00,1,reflectance,2261.9040392156867,-0.0022003376180116385,difference of equal-sample representative means; not paired
B1,B1-M00,1,reflectance,2267.364784313726,-0.0018332205584140893,difference of equal-sample representative means; not paired
B1,B1-M00,1,reflectance,2272.825529411765,-0.002459134310359684,difference of equal-sample representative means; not paired
B1,B1-M00,1,reflectance,2278.286274509804,-0.002546903148134605,difference of equal-sample representative means; not paired
B1,B1-M00,1,reflectance,2283.7470196078434,-0.0029031257139469913,difference of equal-sample representative means; not paired
B1,B1-M00,1,reflectance,2289.2077647058827,-0.0029231869365455576,difference of equal-sample representative means; not paired
B1,B1-M00,1,reflectance,2294.668509803922,-0.0026560381573841885,difference of equal-sample representative means; not paired
B1,B1-M00,1,reflectance,2300.1292549019613,-0.0036478506680294454,difference of equal-sample representative means; not paired
B1,B1-M00,1,reflectance,2305.59,-0.003974861065100671,difference of equal-sample representative means; not paired
B1,B1-M00,1,snv,913.1,0.021993486361322256,difference of equal-sample representative means; not paired
B1,B1-M00,1,snv,918.5607450980392,0.030016102861434524,difference of equal-sample representative means; not paired
B1,B1-M00,1,snv,924.0214901960785,0.03411945647984149,difference of equal-sample representative means; not paired
B1,B1-M00,1,snv,929.4822352941177,0.03321083459099272,difference of equal-sample representative means; not paired
B1,B1-M00,1,snv,934.9429803921569,0.0323006894982627,difference of equal-sample representative means; not paired
B1,B1-M00,1,snv,940.4037254901962,0.031509335609738676,difference of equal-sample representative means; not paired
B1,B1-M00,1,snv,945.8644705882353,0.027948248891630945,difference of equal-sample representative means; not paired
B1,B1-M00,1,snv,951.3252156862745,0.025624515564194095,difference of equal-sample representative means; not paired
B1,B1-M00,1,snv,956.7859607843137,0.02519751523574043,difference of equal-sample representative means; not paired
B1,B1-M00,1,snv,962.246705882353,0.025293468612678005,difference of equal-sample representative means; not paired
B1,B1-M00,1,snv,967.7074509803922,0.02337190373770115,difference of equal-sample representative means; not paired
B1,B1-M00,1,snv,973.1681960784314,0.02153717723696369,difference of equal-sample representative means; not paired
B1,B1-M00,1,snv,978.6289411764706,0.020519515840680347,difference of equal-sample representative means; not paired
B1,B1-M00,1,snv,984.0896862745099,0.01958389102811453,difference of equal-sample representative means; not paired
B1,B1-M00,1,snv,989.550431372549,0.018415029360259627,difference of equal-sample representative means; not paired
B1,B1-M00,1,snv,995.0111764705882,0.017961505192931826,difference of equal-sample representative means; not paired
B1,B1-M00,1,snv,1000.4719215686275,0.01789389389832352,difference of equal-sample representative means; not paired
B1,B1-M00,1,snv,1005.9326666666667,0.016075309892249923,difference of equal-sample representative means; not paired
B1,B1-M00,1,snv,1011.3934117647059,0.015363316789015036,difference of equal-sample representative means; not paired
B1,B1-M00,1,snv,1016.8541568627452,0.014649332532904458,difference of equal-sample representative means; not paired
B1,B1-M00,1,snv,1022.3149019607844,0.013353023016059451,difference of equal-sample representative means; not paired
B1,B1-M00,1,snv,1027.7756470588236,0.013652955541023193,difference of equal-sample representative means; not paired
B1,B1-M00,1,snv,1033.2363921568628,0.01183006870401826,difference of equal-sample representative means; not paired
B1,B1-M00,1,snv,1038.697137254902,0.011970405072738943,difference of equal-sample representative means; not paired
B1,B1-M00,1,snv,1044.1578823529412,0.010226597777390989,difference of equal-sample representative means; not paired
B1,B1-M00,1,snv,1049.6186274509805,0.00870641594669097,difference of equal-sample representative means; not paired
B1,B1-M00,1,snv,1055.0793725490196,0.00822553517306801,difference of equal-sample representative means; not paired
B1,B1-M00,1,snv,1060.5401176470589,0.00754635470271281,difference of equal-sample representative means; not paired
B1,B1-M00,1,snv,1066.0008627450982,0.005379589797229745,difference of equal-sample representative means; not paired
B1,B1-M00,1,snv,1071.4616078431372,0.004723514756755254,difference of equal-sample representative means; not paired
B1,B1-M00,1,snv,1076.9223529411765,0.004516677703469307,difference of equal-sample representative means; not paired
B1,B1-M00,1,snv,1082.3830980392158,0.0022537252092482696,difference of equal-sample representative means; not paired
B1,B1-M00,1,snv,1087.843843137255,0.002002410038480562,difference of equal-sample representative means; not paired
B1,B1-M00,1,snv,1093.3045882352942,0.0017039904395161898,difference of equal-sample representative means; not paired
B1,B1-M00,1,snv,1098.7653333333333,0.0005611921025612254,difference of equal-sample representative means; not paired
B1,B1-M00,1,snv,1104.2260784313726,-0.0005845124295760229,difference of equal-sample representative means; not paired
B1,B1-M00,1,snv,1109.6868235294119,-0.0021135695119427478,difference of equal-sample representative means; not paired
B1,B1-M00,1,snv,1115.1475686274512,-0.0028976832240612538,difference of equal-sample representative means; not paired
B1,B1-M00,1,snv,1120.6083137254902,-0.0035373408236398785,difference of equal-sample representative means; not paired
B1,B1-M00,1,snv,1126.0690588235295,-0.003759851721924834,difference of equal-sample representative means; not paired
B1,B1-M00,1,snv,1131.5298039215686,-0.0047505359069488495,difference of equal-sample representative means; not paired
B1,B1-M00,1,snv,1136.990549019608,-0.0057165552429101485,difference of equal-sample representative means; not paired
B1,B1-M00,1,snv,1142.4512941176472,-0.00588129144804217,difference of equal-sample representative means; not paired
B1,B1-M00,1,snv,1147.9120392156863,-0.006230195355212409,difference of equal-sample representative means; not paired
B1,B1-M00,1,snv,1153.3727843137256,-0.0065389770005908066,difference of equal-sample representative means; not paired
B1,B1-M00,1,snv,1158.8335294117649,-0.006284185274296972,difference of equal-sample representative means; not paired
B1,B1-M00,1,snv,1164.294274509804,-0.006290682688174343,difference of equal-sample representative means; not paired
B1,B1-M00,1,snv,1169.7550196078432,-0.006839764078096611,difference of equal-sample representative means; not paired
B1,B1-M00,1,snv,1175.2157647058825,-0.0078153969885435,difference of equal-sample representative means; not paired
B1,B1-M00,1,snv,1180.6765098039216,-0.008744822258772045,difference of equal-sample representative means; not paired
B1,B1-M00,1,snv,1186.137254901961,-0.009338168565526939,difference of equal-sample representative means; not paired
B1,B1-M00,1,snv,1191.598,-0.010534370315101516,difference of equal-sample representative means; not paired
B1,B1-M00,1,snv,1197.0587450980393,-0.011385518266956218,difference of equal-sample representative means; not paired
B1,B1-M00,1,snv,1202.5194901960786,-0.01099924514005135,difference of equal-sample representative means; not paired
B1,B1-M00,1,snv,1207.9802352941178,-0.01122498027289387,difference of equal-sample representative means; not paired
B1,B1-M00,1,snv,1213.440980392157,-0.011562733843402895,difference of equal-sample representative means; not paired
B1,B1-M00,1,snv,1218.9017254901962,-0.01199975139701337,difference of equal-sample representative means; not paired
B1,B1-M00,1,snv,1224.3624705882353,-0.012689924555009835,difference of equal-sample representative means; not paired
B1,B1-M00,1,snv,1229.8232156862746,-0.012463172783763965,difference of equal-sample representative means; not paired
B1,B1-M00,1,snv,1235.2839607843139,-0.012466634205711036,difference of equal-sample representative means; not paired
B1,B1-M00,1,snv,1240.7447058823532,-0.013647569031670193,difference of equal-sample representative means; not paired
B1,B1-M00,1,snv,1246.2054509803922,-0.013565389627071767,difference of equal-sample representative means; not paired
B1,B1-M00,1,snv,1251.6661960784315,-0.01355667766284574,difference of equal-sample representative means; not paired
B1,B1-M00,1,snv,1257.1269411764706,-0.01387233776301855,difference of equal-sample representative means; not paired
B1,B1-M00,1,snv,1262.58768627451,-0.014182329566210461,difference of equal-sample representative means; not paired
B1,B1-M00,1,snv,1268.0484313725492,-0.014578385651297321,difference of equal-sample representative means; not paired
B1,B1-M00,1,snv,1273.5091764705883,-0.014648826436855167,difference of equal-sample representative means; not paired
B1,B1-M00,1,snv,1278.9699215686276,-0.015485329595107178,difference of equal-sample representative means; not paired
B1,B1-M00,1,snv,1284.4306666666666,-0.015495340021647763,difference of equal-sample representative means; not paired
B1,B1-M00,1,snv,1289.891411764706,-0.016687101337556465,difference of equal-sample representative means; not paired
B1,B1-M00,1,snv,1295.3521568627452,-0.017592081722574315,difference of equal-sample representative means; not paired
B1,B1-M00,1,snv,1300.8129019607845,-0.018349847524059104,difference of equal-sample representative means; not paired
B1,B1-M00,1,snv,1306.2736470588236,-0.019958193667565682,difference of equal-sample representative means; not paired
B1,B1-M00,1,snv,1311.734392156863,-0.01743008929877754,difference of equal-sample representative means; not paired
B1,B1-M00,1,snv,1317.195137254902,-0.01828161269225248,difference of equal-sample representative means; not paired
B1,B1-M00,1,snv,1322.6558823529413,-0.017249368096491358,difference of equal-sample representative means; not paired
B1,B1-M00,1,snv,1328.1166274509806,-0.016833385297345016,difference of equal-sample representative means; not paired
B1,B1-M00,1,snv,1333.5773725490199,-0.01626165878628294,difference of equal-sample representative means; not paired
B1,B1-M00,1,snv,1339.038117647059,-0.015186663307932946,difference of equal-sample representative means; not paired
B1,B1-M00,1,snv,1344.4988627450982,-0.01398910946575338,difference of equal-sample representative means; not paired
B1,B1-M00,1,snv,1349.9596078431373,-0.012868715812947462,difference of equal-sample representative means; not paired
B1,B1-M00,1,snv,1355.4203529411766,-0.012453447073982993,difference of equal-sample representative means; not paired
B1,B1-M00,1,snv,1360.8810980392159,-0.011822099104030648,difference of equal-sample representative means; not paired
B1,B1-M00,1,snv,1366.341843137255,-0.011398275054845586,difference of equal-sample representative means; not paired
B1,B1-M00,1,snv,1371.8025882352943,-0.011243607388163435,difference of equal-sample representative means; not paired
B1,B1-M00,1,snv,1377.2633333333333,-0.01128852672314451,difference of equal-sample representative means; not paired
B1,B1-M00,1,snv,1382.7240784313726,-0.01099394694771999,difference of equal-sample representative means; not paired
B1,B1-M00,1,snv,1388.184823529412,-0.009845515117288206,difference of equal-sample representative means; not paired
B1,B1-M00,1,snv,1393.6455686274512,-0.00936074056383912,difference of equal-sample representative means; not paired
B1,B1-M00,1,snv,1399.1063137254903,-0.006908304150243544,difference of equal-sample representative means; not paired
B1,B1-M00,1,snv,1404.5670588235296,-0.004550542478518049,difference of equal-sample representative means; not paired
B1,B1-M00,1,snv,1410.0278039215686,-0.003392005222970222,difference of equal-sample representative means; not paired
B1,B1-M00,1,snv,1415.488549019608,-0.0028206567566934626,difference of equal-sample representative means; not paired
B1,B1-M00,1,snv,1420.9492941176472,-0.0024028642266776257,difference of equal-sample representative means; not paired
B1,B1-M00,1,snv,1426.4100392156865,-0.002468095016253169,difference of equal-sample representative means; not paired
B1,B1-M00,1,snv,1431.8707843137256,-0.0035180499108358743,difference of equal-sample representative means; not paired
B1,B1-M00,1,snv,1437.3315294117647,-0.003915597468788223,difference of equal-sample representative means; not paired
B1,B1-M00,1,snv,1442.792274509804,-0.004063407605850222,difference of equal-sample representative means; not paired
B1,B1-M00,1,snv,1448.2530196078433,-0.003714905255955303,difference of equal-sample representative means; not paired
B1,B1-M00,1,snv,1453.7137647058826,-0.0036094010867309123,difference of equal-sample representative means; not paired
B1,B1-M00,1,snv,1459.1745098039219,-0.0037829862013246673,difference of equal-sample representative means; not paired
B1,B1-M00,1,snv,1464.635254901961,-0.00402551289254649,difference of equal-sample representative means; not paired
B1,B1-M00,1,snv,1470.096,-0.004362185506470828,difference of equal-sample representative means; not paired
B1,B1-M00,1,snv,1475.5567450980393,-0.0042730655548219865,difference of equal-sample representative means; not paired
B1,B1-M00,1,snv,1481.0174901960786,-0.004323901745449832,difference of equal-sample representative means; not paired
B1,B1-M00,1,snv,1486.478235294118,-0.004334941664438929,difference of equal-sample representative means; not paired
B1,B1-M00,1,snv,1491.938980392157,-0.004415389897272526,difference of equal-sample representative means; not paired
B1,B1-M00,1,snv,1497.3997254901963,-0.00445044823505758,difference of equal-sample representative means; not paired
B1,B1-M00,1,snv,1502.8604705882353,-0.004655473195822379,difference of equal-sample representative means; not paired
B1,B1-M00,1,snv,1508.3212156862746,-0.005235761963186647,difference of equal-sample representative means; not paired
B1,B1-M00,1,snv,1513.781960784314,-0.00547439868598365,difference of equal-sample representative means; not paired
B1,B1-M00,1,snv,1519.2427058823532,-0.006024697248535271,difference of equal-sample representative means; not paired
B1,B1-M00,1,snv,1524.7034509803923,-0.006187742968697285,difference of equal-sample representative means; not paired
B1,B1-M00,1,snv,1530.1641960784316,-0.00600918228793057,difference of equal-sample representative means; not paired
B1,B1-M00,1,snv,1535.6249411764707,-0.005844615769504458,difference of equal-sample representative means; not paired
B1,B1-M00,1,snv,1541.08568627451,-0.005908367340382803,difference of equal-sample representative means; not paired
B1,B1-M00,1,snv,1546.5464313725493,-0.006129710692145407,difference of equal-sample representative means; not paired
B1,B1-M00,1,snv,1552.0071764705885,-0.006349984827123012,difference of equal-sample representative means; not paired
B1,B1-M00,1,snv,1557.4679215686276,-0.007249854628977481,difference of equal-sample representative means; not paired
B1,B1-M00,1,snv,1562.9286666666667,-0.006680057115349913,difference of equal-sample representative means; not paired
B1,B1-M00,1,snv,1568.389411764706,-0.00633058124180369,difference of equal-sample representative means; not paired
B1,B1-M00,1,snv,1573.8501568627453,-0.0064310449328833785,difference of equal-sample representative means; not paired
B1,B1-M00,1,snv,1579.3109019607846,-0.006799145558568531,difference of equal-sample representative means; not paired
B1,B1-M00,1,snv,1584.7716470588239,-0.0068552826144301915,difference of equal-sample representative means; not paired
B1,B1-M00,1,snv,1590.232392156863,-0.006436695740670684,difference of equal-sample representative means; not paired
B1,B1-M00,1,snv,1595.693137254902,-0.007015307875499921,difference of equal-sample representative means; not paired
B1,B1-M00,1,snv,1601.1538823529413,-0.006791181323805906,difference of equal-sample representative means; not paired
B1,B1-M00,1,snv,1606.6146274509806,-0.006844433439929076,difference of equal-sample representative means; not paired
B1,B1-M00,1,snv,1612.07537254902,-0.006591490302208847,difference of equal-sample representative means; not paired
B1,B1-M00,1,snv,1617.536117647059,-0.006263920460912897,difference of equal-sample representative means; not paired
B1,B1-M00,1,snv,1622.9968627450983,-0.006052656546316759,difference of equal-sample representative means; not paired
B1,B1-M00,1,snv,1628.4576078431373,-0.005891966610399146,difference of equal-sample representative means; not paired
B1,B1-M00,1,snv,1633.9183529411766,-0.0056026481849867915,difference of equal-sample representative means; not paired
B1,B1-M00,1,snv,1639.379098039216,-0.005490312830405519,difference of equal-sample representative means; not paired
B1,B1-M00,1,snv,1644.8398431372552,-0.005427107577945345,difference of equal-sample representative means; not paired
B1,B1-M00,1,snv,1650.3005882352943,-0.005429693297881927,difference of equal-sample representative means; not paired
B1,B1-M00,1,snv,1655.7613333333334,-0.006251865849387028,difference of equal-sample representative means; not paired
B1,B1-M00,1,snv,1661.2220784313727,-0.0070254001263025945,difference of equal-sample representative means; not paired
B1,B1-M00,1,snv,1666.682823529412,-0.00750934735997516,difference of equal-sample representative means; not paired
B1,B1-M00,1,snv,1672.1435686274513,-0.008079326076179172,difference of equal-sample representative means; not paired
B1,B1-M00,1,snv,1677.6043137254906,-0.00755080034568989,difference of equal-sample representative means; not paired
B1,B1-M00,1,snv,1683.0650588235296,-0.00748702003760221,difference of equal-sample representative means; not paired
B1,B1-M00,1,snv,1688.5258039215687,-0.006780375345508904,difference of equal-sample representative means; not paired
B1,B1-M00,1,snv,1693.986549019608,-0.006860821503039405,difference of equal-sample representative means; not paired
B1,B1-M00,1,snv,1699.4472941176473,-0.006802826935488671,difference of equal-sample representative means; not paired
B1,B1-M00,1,snv,1704.9080392156866,-0.006320209118168829,difference of equal-sample representative means; not paired
B1,B1-M00,1,snv,1710.3687843137257,-0.0059028068379731735,difference of equal-sample representative means; not paired
B1,B1-M00,1,snv,1715.829529411765,-0.0059048668229843004,difference of equal-sample representative means; not paired
B1,B1-M00,1,snv,1721.290274509804,-0.0052274868243349926,difference of equal-sample representative means; not paired
B1,B1-M00,1,snv,1726.7510196078433,-0.005377876588087749,difference of equal-sample representative means; not paired
B1,B1-M00,1,snv,1732.2117647058826,-0.00486969392775094,difference of equal-sample representative means; not paired
B1,B1-M00,1,snv,1737.672509803922,-0.004332503887793326,difference of equal-sample representative means; not paired
B1,B1-M00,1,snv,1743.133254901961,-0.0047957678092369616,difference of equal-sample representative means; not paired
B1,B1-M00,1,snv,1748.594,-0.00516079016908183,difference of equal-sample representative means; not paired
B1,B1-M00,1,snv,1754.0547450980393,-0.003801749253709019,difference of equal-sample representative means; not paired
B1,B1-M00,1,snv,1759.5154901960786,-0.0027921322728633458,difference of equal-sample representative means; not paired
B1,B1-M00,1,snv,1764.976235294118,-0.0032511029992081664,difference of equal-sample representative means; not paired
B1,B1-M00,1,snv,1770.4369803921572,-0.00322941012830108,difference of equal-sample representative means; not paired
B1,B1-M00,1,snv,1775.8977254901963,-0.0027004513967200383,difference of equal-sample representative means; not paired
B1,B1-M00,1,snv,1781.3584705882354,-0.0023237183216276436,difference of equal-sample representative means; not paired
B1,B1-M00,1,snv,1786.8192156862747,-0.001970838822730747,difference of equal-sample representative means; not paired
B1,B1-M00,1,snv,1792.279960784314,-0.0015806396819776913,difference of equal-sample representative means; not paired
B1,B1-M00,1,snv,1797.7407058823533,-0.0014753497393300008,difference of equal-sample representative means; not paired
B1,B1-M00,1,snv,1803.2014509803923,-0.00018119835823360297,difference of equal-sample representative means; not paired
B1,B1-M00,1,snv,1808.6621960784316,-6.58047899298464e-05,difference of equal-sample representative means; not paired
B1,B1-M00,1,snv,1814.1229411764707,-0.000266850274024788,difference of equal-sample representative means; not paired
B1,B1-M00,1,snv,1819.58368627451,0.000718169514338729,difference of equal-sample representative means; not paired
B1,B1-M00,1,snv,1825.0444313725493,0.0006229451551878484,difference of equal-sample representative means; not paired
B1,B1-M00,1,snv,1830.5051764705886,1.598222697352103e-06,difference of equal-sample representative means; not paired
B1,B1-M00,1,snv,1835.9659215686277,0.0006446366697566153,difference of equal-sample representative means; not paired
B1,B1-M00,1,snv,1841.4266666666667,0.00033080428594695066,difference of equal-sample representative means; not paired
B1,B1-M00,1,snv,1846.887411764706,0.0005511781296828056,difference of equal-sample representative means; not paired
B1,B1-M00,1,snv,1852.3481568627453,0.0010588709386176731,difference of equal-sample representative means; not paired
B1,B1-M00,1,snv,1857.8089019607846,0.00142594077916125,difference of equal-sample representative means; not paired
B1,B1-M00,1,snv,1863.269647058824,0.0018063201776899462,difference of equal-sample representative means; not paired
B1,B1-M00,1,snv,1868.730392156863,0.0022026757948138687,difference of equal-sample representative means; not paired
B1,B1-M00,1,snv,1874.191137254902,0.0022331952464476057,difference of equal-sample representative means; not paired
B1,B1-M00,1,snv,1879.6518823529414,0.0015867913992158589,difference of equal-sample representative means; not paired
B1,B1-M00,1,snv,1885.1126274509807,0.0012389522604579484,difference of equal-sample representative means; not paired
B1,B1-M00,1,snv,1890.57337254902,0.0019603058598541834,difference of equal-sample representative means; not paired
B1,B1-M00,1,snv,1896.034117647059,0.005069451657769286,difference of equal-sample representative means; not paired
B1,B1-M00,1,snv,1901.4948627450983,0.006948765179266125,difference of equal-sample representative means; not paired
B1,B1-M00,1,snv,1906.9556078431374,0.008565408976066946,difference of equal-sample representative means; not paired
B1,B1-M00,1,snv,1912.4163529411767,0.011956877858446902,difference of equal-sample representative means; not paired
B1,B1-M00,1,snv,1917.877098039216,0.014185086540104974,difference of equal-sample representative means; not paired
B1,B1-M00,1,snv,1923.3378431372553,0.007594433971488401,difference of equal-sample representative means; not paired
B1,B1-M00,1,snv,1928.7985882352943,0.006657405181142773,difference of equal-sample representative means; not paired
B1,B1-M00,1,snv,1934.2593333333336,0.0056312933757109995,difference of equal-sample representative means; not paired
B1,B1-M00,1,snv,1939.7200784313727,0.005623373954225741,difference of equal-sample representative means; not paired
B1,B1-M00,1,snv,1945.180823529412,0.005872996721211887,difference of equal-sample representative means; not paired
B1,B1-M00,1,snv,1950.6415686274513,0.006338059830094611,difference of equal-sample representative means; not paired
B1,B1-M00,1,snv,1956.1023137254906,0.007119733174934195,difference of equal-sample representative means; not paired
B1,B1-M00,1,snv,1961.5630588235294,0.007937116247985543,difference of equal-sample representative means; not paired
B1,B1-M00,1,snv,1967.0238039215687,0.008062053399780167,difference of equal-sample representative means; not paired
B1,B1-M00,1,snv,1972.484549019608,0.007170185802319429,difference of equal-sample representative means; not paired
B1,B1-M00,1,snv,1977.9452941176473,0.008349329638335456,difference of equal-sample representative means; not paired
B1,B1-M00,1,snv,1983.4060392156866,0.009493848434780183,difference of equal-sample representative means; not paired
B1,B1-M00,1,snv,1988.866784313726,0.008268156836466867,difference of equal-sample representative means; not paired
B1,B1-M00,1,snv,1994.3275294117648,0.007775116056475628,difference of equal-sample representative means; not paired
B1,B1-M00,1,snv,1999.788274509804,0.008887372164755547,difference of equal-sample representative means; not paired
B1,B1-M00,1,snv,2005.2490196078434,0.00768054264260154,difference of equal-sample representative means; not paired
B1,B1-M00,1,snv,2010.7097647058827,0.009157077154450244,difference of equal-sample representative means; not paired
B1,B1-M00,1,snv,2016.170509803922,0.008901547395364084,difference of equal-sample representative means; not paired
B1,B1-M00,1,snv,2021.6312549019613,0.008355606013161654,difference of equal-sample representative means; not paired
B1,B1-M00,1,snv,2027.092,0.008630408744734086,difference of equal-sample representative means; not paired
B1,B1-M00,1,snv,2032.5527450980394,0.008545201078814735,difference of equal-sample representative means; not paired
B1,B1-M00,1,snv,2038.0134901960787,0.00858129884855452,difference of equal-sample representative means; not paired
B1,B1-M00,1,snv,2043.474235294118,0.009006765019629936,difference of equal-sample representative means; not paired
B1,B1-M00,1,snv,2048.9349803921573,0.007602600738190413,difference of equal-sample representative means; not paired
B1,B1-M00,1,snv,2054.3957254901966,0.009276886943851093,difference of equal-sample representative means; not paired
B1,B1-M00,1,snv,2059.8564705882354,0.007488686265003319,difference of equal-sample representative means; not paired
B1,B1-M00,1,snv,2065.3172156862747,0.006156954139902138,difference of equal-sample representative means; not paired
B1,B1-M00,1,snv,2070.777960784314,0.006621769479795869,difference of equal-sample representative means; not paired
B1,B1-M00,1,snv,2076.2387058823533,0.005650483351328006,difference of equal-sample representative means; not paired
B1,B1-M00,1,snv,2081.6994509803926,0.0049644150608998405,difference of equal-sample representative means; not paired
B1,B1-M00,1,snv,2087.1601960784315,0.007436478172015759,difference of equal-sample representative means; not paired
B1,B1-M00,1,snv,2092.6209411764708,0.003153756255897866,difference of equal-sample representative means; not paired
B1,B1-M00,1,snv,2098.08168627451,0.0054260516320390195,difference of equal-sample representative means; not paired
B1,B1-M00,1,snv,2103.5424313725493,0.005957147476668867,difference of equal-sample representative means; not paired
B1,B1-M00,1,snv,2109.0031764705886,0.005196093682763969,difference of equal-sample representative means; not paired
B1,B1-M00,1,snv,2114.463921568628,0.004870757228176981,difference of equal-sample representative means; not paired
B1,B1-M00,1,snv,2119.924666666667,0.004250195416078961,difference of equal-sample representative means; not paired
B1,B1-M00,1,snv,2125.385411764706,0.0035465409816946014,difference of equal-sample representative means; not paired
B1,B1-M00,1,snv,2130.8461568627454,0.00470984361423854,difference of equal-sample representative means; not paired
B1,B1-M00,1,snv,2136.3069019607847,0.004513971951001006,difference of equal-sample representative means; not paired
B1,B1-M00,1,snv,2141.767647058824,0.005526734648787057,difference of equal-sample representative means; not paired
B1,B1-M00,1,snv,2147.2283921568633,0.005048015659392613,difference of equal-sample representative means; not paired
B1,B1-M00,1,snv,2152.689137254902,0.004505800128191462,difference of equal-sample representative means; not paired
B1,B1-M00,1,snv,2158.1498823529414,0.004185344971824545,difference of equal-sample representative means; not paired
B1,B1-M00,1,snv,2163.6106274509807,0.004479090934373708,difference of equal-sample representative means; not paired
B1,B1-M00,1,snv,2169.07137254902,0.005881319362075255,difference of equal-sample representative means; not paired
B1,B1-M00,1,snv,2174.5321176470593,0.008202099286476972,difference of equal-sample representative means; not paired
B1,B1-M00,1,snv,2179.992862745098,0.009128378573947438,difference of equal-sample representative means; not paired
B1,B1-M00,1,snv,2185.4536078431374,0.007554484127797356,difference of equal-sample representative means; not paired
B1,B1-M00,1,snv,2190.9143529411767,0.006630312697881946,difference of equal-sample representative means; not paired
B1,B1-M00,1,snv,2196.375098039216,0.008367489048314858,difference of equal-sample representative means; not paired
B1,B1-M00,1,snv,2201.8358431372553,0.010755513253883131,difference of equal-sample representative means; not paired
B1,B1-M00,1,snv,2207.2965882352946,0.01111442674053087,difference of equal-sample representative means; not paired
B1,B1-M00,1,snv,2212.7573333333335,0.01019716181442587,difference of equal-sample representative means; not paired
B1,B1-M00,1,snv,2218.2180784313728,0.013273895427299509,difference of equal-sample representative means; not paired
B1,B1-M00,1,snv,2223.678823529412,0.010190271809211615,difference of equal-sample representative means; not paired
B1,B1-M00,1,snv,2229.1395686274514,0.010346838198961317,difference of equal-sample representative means; not paired
B1,B1-M00,1,snv,2234.6003137254907,0.007569021064259052,difference of equal-sample representative means; not paired
B1,B1-M00,1,snv,2240.06105882353,0.005749385613021074,difference of equal-sample representative means; not paired
B1,B1-M00,1,snv,2245.521803921569,0.0071124086862713876,difference of equal-sample representative means; not paired
B1,B1-M00,1,snv,2250.982549019608,0.008539938176353123,difference of equal-sample representative means; not paired
B1,B1-M00,1,snv,2256.4432941176474,0.004714548699133347,difference of equal-sample representative means; not paired
B1,B1-M00,1,snv,2261.9040392156867,-0.002487791016469565,difference of equal-sample representative means; not paired
B1,B1-M00,1,snv,2267.364784313726,0.0009521448472644689,difference of equal-sample representative means; not paired
B1,B1-M00,1,snv,2272.825529411765,-0.006375738177832213,difference of equal-sample representative means; not paired
B1,B1-M00,1,snv,2278.286274509804,-0.008472986117356474,difference of equal-sample representative means; not paired
B1,B1-M00,1,snv,2283.7470196078434,-0.013995192567375137,difference of equal-sample representative means; not paired
B1,B1-M00,1,snv,2289.2077647058827,-0.015265756144110076,difference of equal-sample representative means; not paired
B1,B1-M00,1,snv,2294.668509803922,-0.01089887628187558,difference of equal-sample representative means; not paired
B1,B1-M00,1,snv,2300.1292549019613,-0.017243524424585432,difference of equal-sample representative means; not paired
B1,B1-M00,1,snv,2305.59,-0.020100626072679484,difference of equal-sample representative means; not paired
B1,B1-M00,1,second_derivative,913.1,4.563267220463005e-06,difference of equal-sample representative means; not paired
B1,B1-M00,1,second_derivative,918.5607450980392,4.563267220463005e-06,difference of equal-sample representative means; not paired
B1,B1-M00,1,second_derivative,924.0214901960785,4.563267220463005e-06,difference of equal-sample representative means; not paired
B1,B1-M00,1,second_derivative,929.4822352941177,4.563267220463168e-06,difference of equal-sample representative means; not paired
B1,B1-M00,1,second_derivative,934.9429803921569,2.659575627450744e-06,difference of equal-sample representative means; not paired
B1,B1-M00,1,second_derivative,940.4037254901962,6.915111956991377e-07,difference of equal-sample representative means; not paired
B1,B1-M00,1,second_derivative,945.8644705882353,-8.616500664040581e-07,difference of equal-sample representative means; not paired
B1,B1-M00,1,second_derivative,951.3252156862745,-1.6525029686057467e-06,difference of equal-sample representative means; not paired
B1,B1-M00,1,second_derivative,956.7859607843137,-1.3219444618982118e-06,difference of equal-sample representative means; not paired
B1,B1-M00,1,second_derivative,962.246705882353,5.006675327339825e-08,difference of equal-sample representative means; not paired
B1,B1-M00,1,second_derivative,967.7074509803922,4.848665423820264e-07,difference of equal-sample representative means; not paired
B1,B1-M00,1,second_derivative,973.1681960784314,2.0662234835607574e-07,difference of equal-sample representative means; not paired
B1,B1-M00,1,second_derivative,978.6289411764706,-5.166821346140932e-07,difference of equal-sample representative means; not paired
B1,B1-M00,1,second_derivative,984.0896862745099,-5.440595858542021e-07,difference of equal-sample representative means; not paired
B1,B1-M00,1,second_derivative,989.550431372549,1.6484533123716912e-07,difference of equal-sample representative means; not paired
B1,B1-M00,1,second_derivative,995.0111764705882,3.443480623885106e-07,difference of equal-sample representative means; not paired
B1,B1-M00,1,second_derivative,1000.4719215686275,3.0722095847469103e-07,difference of equal-sample representative means; not paired
B1,B1-M00,1,second_derivative,1005.9326666666667,4.132188757317506e-07,difference of equal-sample representative means; not paired
B1,B1-M00,1,second_derivative,1011.3934117647059,-2.931869280087541e-07,difference of equal-sample representative means; not paired
B1,B1-M00,1,second_derivative,1016.8541568627452,-2.5325877110190846e-07,difference of equal-sample representative means; not paired
B1,B1-M00,1,second_derivative,1022.3149019607844,-8.54255100108675e-08,difference of equal-sample representative means; not paired
B1,B1-M00,1,second_derivative,1027.7756470588236,2.004411482511802e-07,difference of equal-sample representative means; not paired
B1,B1-M00,1,second_derivative,1033.2363921568628,4.742813390580091e-07,difference of equal-sample representative means; not paired
B1,B1-M00,1,second_derivative,1038.697137254902,3.566589287618913e-07,difference of equal-sample representative means; not paired
B1,B1-M00,1,second_derivative,1044.1578823529412,-2.1912203534656918e-07,difference of equal-sample representative means; not paired
B1,B1-M00,1,second_derivative,1049.6186274509805,2.594891824410934e-07,difference of equal-sample representative means; not paired
B1,B1-M00,1,second_derivative,1055.0793725490196,-1.8349826370932479e-07,difference of equal-sample representative means; not paired
B1,B1-M00,1,second_derivative,1060.5401176470589,-1.740676141498202e-07,difference of equal-sample representative means; not paired
B1,B1-M00,1,second_derivative,1066.0008627450982,2.0238468968045037e-07,difference of equal-sample representative means; not paired
B1,B1-M00,1,second_derivative,1071.4616078431372,-2.4095451140057686e-07,difference of equal-sample representative means; not paired
B1,B1-M00,1,second_derivative,1076.9223529411765,-5.082344731281219e-07,difference of equal-sample representative means; not paired
B1,B1-M00,1,second_derivative,1082.3830980392158,-6.434122180043056e-08,difference of equal-sample representative means; not paired
B1,B1-M00,1,second_derivative,1087.843843137255,-7.319590958623984e-08,difference of equal-sample representative means; not paired
B1,B1-M00,1,second_derivative,1093.3045882352942,1.4170395012972054e-07,difference of equal-sample representative means; not paired
B1,B1-M00,1,second_derivative,1098.7653333333333,4.5615076665021583e-07,difference of equal-sample representative means; not paired
B1,B1-M00,1,second_derivative,1104.2260784313726,-2.229003033844953e-07,difference of equal-sample representative means; not paired
B1,B1-M00,1,second_derivative,1109.6868235294119,-9.092480098496237e-07,difference of equal-sample representative means; not paired
B1,B1-M00,1,second_derivative,1115.1475686274512,-8.221205844826524e-07,difference of equal-sample representative means; not paired
B1,B1-M00,1,second_derivative,1120.6083137254902,-4.307831069692459e-07,difference of equal-sample representative means; not paired
B1,B1-M00,1,second_derivative,1126.0690588235295,-1.566466441617703e-07,difference of equal-sample representative means; not paired
B1,B1-M00,1,second_derivative,1131.5298039215686,-1.5709119251687133e-07,difference of equal-sample representative means; not paired
B1,B1-M00,1,second_derivative,1136.990549019608,-3.81317961029033e-07,difference of equal-sample representative means; not paired
B1,B1-M00,1,second_derivative,1142.4512941176472,-7.457063386745942e-07,difference of equal-sample representative means; not paired
B1,B1-M00,1,second_derivative,1147.9120392156863,-6.250968278081107e-07,difference of equal-sample representative means; not paired
B1,B1-M00,1,second_derivative,1153.3727843137256,-1.896728220890718e-07,difference of equal-sample representative means; not paired
B1,B1-M00,1,second_derivative,1158.8335294117649,3.4321742883049173e-07,difference of equal-sample representative means; not paired
B1,B1-M00,1,second_derivative,1164.294274509804,9.194591394673948e-07,difference of equal-sample representative means; not paired
B1,B1-M00,1,second_derivative,1169.7550196078432,8.32874769887447e-07,difference of equal-sample representative means; not paired
B1,B1-M00,1,second_derivative,1175.2157647058825,4.534259209030559e-07,difference of equal-sample representative means; not paired
B1,B1-M00,1,second_derivative,1180.6765098039216,3.2692264483044357e-07,difference of equal-sample representative means; not paired
B1,B1-M00,1,second_derivative,1186.137254901961,-1.5559919575066218e-07,difference of equal-sample representative means; not paired
B1,B1-M00,1,second_derivative,1191.598,-3.4568807956114703e-07,difference of equal-sample representative means; not paired
B1,B1-M00,1,second_derivative,1197.0587450980393,-3.219825731491996e-07,difference of equal-sample representative means; not paired
B1,B1-M00,1,second_derivative,1202.5194901960786,-2.0316732404541163e-07,difference of equal-sample representative means; not paired
B1,B1-M00,1,second_derivative,1207.9802352941178,2.447608313346607e-07,difference of equal-sample representative means; not paired
B1,B1-M00,1,second_derivative,1213.440980392157,3.9071880976618986e-07,difference of equal-sample representative means; not paired
B1,B1-M00,1,second_derivative,1218.9017254901962,-9.820756578897687e-08,difference of equal-sample representative means; not paired
B1,B1-M00,1,second_derivative,1224.3624705882353,3.353050525094938e-08,difference of equal-sample representative means; not paired
B1,B1-M00,1,second_derivative,1229.8232156862746,-1.3959524860141968e-08,difference of equal-sample representative means; not paired
B1,B1-M00,1,second_derivative,1235.2839607843139,-8.296077550393167e-08,difference of equal-sample representative means; not paired
B1,B1-M00,1,second_derivative,1240.7447058823532,-3.353642906120076e-08,difference of equal-sample representative means; not paired
B1,B1-M00,1,second_derivative,1246.2054509803922,-1.5061377142459302e-07,difference of equal-sample representative means; not paired
B1,B1-M00,1,second_derivative,1251.6661960784315,-5.119781499232911e-08,difference of equal-sample representative means; not paired
B1,B1-M00,1,second_derivative,1257.1269411764706,1.9485578486047043e-07,difference of equal-sample representative means; not paired
B1,B1-M00,1,second_derivative,1262.58768627451,3.1651669769431816e-07,difference of equal-sample representative means; not paired
B1,B1-M00,1,second_derivative,1268.0484313725492,2.0149808469891424e-07,difference of equal-sample representative means; not paired
B1,B1-M00,1,second_derivative,1273.5091764705883,4.874548311186686e-07,difference of equal-sample representative means; not paired
B1,B1-M00,1,second_derivative,1278.9699215686276,5.772095545696524e-07,difference of equal-sample representative means; not paired
B1,B1-M00,1,second_derivative,1284.4306666666666,4.5075880453531227e-07,difference of equal-sample representative means; not paired
B1,B1-M00,1,second_derivative,1289.891411764706,5.706258686154731e-07,difference of equal-sample representative means; not paired
B1,B1-M00,1,second_derivative,1295.3521568627452,-1.1234571220314703e-06,difference of equal-sample representative means; not paired
B1,B1-M00,1,second_derivative,1300.8129019607845,-1.7543548087867251e-06,difference of equal-sample representative means; not paired
B1,B1-M00,1,second_derivative,1306.2736470588236,-1.8307587882450605e-06,difference of equal-sample representative means; not paired
B1,B1-M00,1,second_derivative,1311.734392156863,-1.3491049745629745e-06,difference of equal-sample representative means; not paired
B1,B1-M00,1,second_derivative,1317.195137254902,-5.350878936549947e-07,difference of equal-sample representative means; not paired
B1,B1-M00,1,second_derivative,1322.6558823529413,-6.149149933459065e-08,difference of equal-sample representative means; not paired
B1,B1-M00,1,second_derivative,1328.1166274509806,-1.3331388488905987e-06,difference of equal-sample representative means; not paired
B1,B1-M00,1,second_derivative,1333.5773725490199,-9.800078884925807e-07,difference of equal-sample representative means; not paired
B1,B1-M00,1,second_derivative,1339.038117647059,-6.965189060097627e-07,difference of equal-sample representative means; not paired
B1,B1-M00,1,second_derivative,1344.4988627450982,5.998519793677846e-08,difference of equal-sample representative means; not paired
B1,B1-M00,1,second_derivative,1349.9596078431373,6.447783392546383e-07,difference of equal-sample representative means; not paired
B1,B1-M00,1,second_derivative,1355.4203529411766,8.701733689170196e-07,difference of equal-sample representative means; not paired
B1,B1-M00,1,second_derivative,1360.8810980392159,9.192238152802223e-07,difference of equal-sample representative means; not paired
B1,B1-M00,1,second_derivative,1366.341843137255,6.829455222385766e-07,difference of equal-sample representative means; not paired
B1,B1-M00,1,second_derivative,1371.8025882352943,4.075149834013595e-08,difference of equal-sample representative means; not paired
B1,B1-M00,1,second_derivative,1377.2633333333333,-6.737207379952461e-07,difference of equal-sample representative means; not paired
B1,B1-M00,1,second_derivative,1382.7240784313726,-2.163952690061483e-06,difference of equal-sample representative means; not paired
B1,B1-M00,1,second_derivative,1388.184823529412,-3.325730741825475e-06,difference of equal-sample representative means; not paired
B1,B1-M00,1,second_derivative,1393.6455686274512,-2.984708297469325e-06,difference of equal-sample representative means; not paired
B1,B1-M00,1,second_derivative,1399.1063137254903,-1.5980924518216235e-06,difference of equal-sample representative means; not paired
B1,B1-M00,1,second_derivative,1404.5670588235296,-5.9276694023156144e-08,difference of equal-sample representative means; not paired
B1,B1-M00,1,second_derivative,1410.0278039215686,1.6008135311374972e-06,difference of equal-sample representative means; not paired
B1,B1-M00,1,second_derivative,1415.488549019608,2.3808559173378438e-06,difference of equal-sample representative means; not paired
B1,B1-M00,1,second_derivative,1420.9492941176472,2.415416811958886e-06,difference of equal-sample representative means; not paired
B1,B1-M00,1,second_derivative,1426.4100392156865,2.1730698002329706e-06,difference of equal-sample representative means; not paired
B1,B1-M00,1,second_derivative,1431.8707843137256,1.1582368202309515e-06,difference of equal-sample representative means; not paired
B1,B1-M00,1,second_derivative,1437.3315294117647,1.9602227016380432e-07,difference of equal-sample representative means; not paired
B1,B1-M00,1,second_derivative,1442.792274509804,1.4556060421886882e-07,difference of equal-sample representative means; not paired
B1,B1-M00,1,second_derivative,1448.2530196078433,8.642286815394205e-07,difference of equal-sample representative means; not paired
B1,B1-M00,1,second_derivative,1453.7137647058826,1.1591552692616139e-06,difference of equal-sample representative means; not paired
B1,B1-M00,1,second_derivative,1459.1745098039219,7.822181240481547e-07,difference of equal-sample representative means; not paired
B1,B1-M00,1,second_derivative,1464.635254901961,2.0689102253512696e-07,difference of equal-sample representative means; not paired
B1,B1-M00,1,second_derivative,1470.096,2.8982700495468097e-08,difference of equal-sample representative means; not paired
B1,B1-M00,1,second_derivative,1475.5567450980393,2.5535135680395906e-07,difference of equal-sample representative means; not paired
B1,B1-M00,1,second_derivative,1481.0174901960786,4.644401386000668e-07,difference of equal-sample representative means; not paired
B1,B1-M00,1,second_derivative,1486.478235294118,5.671342602628498e-07,difference of equal-sample representative means; not paired
B1,B1-M00,1,second_derivative,1491.938980392157,5.871928623501166e-07,difference of equal-sample representative means; not paired
B1,B1-M00,1,second_derivative,1497.3997254901963,6.808393313352488e-07,difference of equal-sample representative means; not paired
B1,B1-M00,1,second_derivative,1502.8604705882353,7.718819071278053e-07,difference of equal-sample representative means; not paired
B1,B1-M00,1,second_derivative,1508.3212156862746,3.2110434253060183e-07,difference of equal-sample representative means; not paired
B1,B1-M00,1,second_derivative,1513.781960784314,-4.5678035682016454e-07,difference of equal-sample representative means; not paired
B1,B1-M00,1,second_derivative,1519.2427058823532,-9.830657577937014e-07,difference of equal-sample representative means; not paired
B1,B1-M00,1,second_derivative,1524.7034509803923,-8.966014297466638e-07,difference of equal-sample representative means; not paired
B1,B1-M00,1,second_derivative,1530.1641960784316,-4.4051286605789823e-07,difference of equal-sample representative means; not paired
B1,B1-M00,1,second_derivative,1535.6249411764707,3.267735872805949e-07,difference of equal-sample representative means; not paired
B1,B1-M00,1,second_derivative,1541.08568627451,9.35160928672515e-07,difference of equal-sample representative means; not paired
B1,B1-M00,1,second_derivative,1546.5464313725493,2.2363976576584865e-07,difference of equal-sample representative means; not paired
B1,B1-M00,1,second_derivative,1552.0071764705885,-6.315053469849832e-07,difference of equal-sample representative means; not paired
B1,B1-M00,1,second_derivative,1557.4679215686276,-8.905303404503124e-07,difference of equal-sample representative means; not paired
B1,B1-M00,1,second_derivative,1562.9286666666667,-3.920601208070549e-07,difference of equal-sample representative means; not paired
B1,B1-M00,1,second_derivative,1568.389411764706,3.2791886161326073e-07,difference of equal-sample representative means; not paired
B1,B1-M00,1,second_derivative,1573.8501568627453,6.314978604408482e-07,difference of equal-sample representative means; not paired
B1,B1-M00,1,second_derivative,1579.3109019607846,1.8397362629520887e-07,difference of equal-sample representative means; not paired
B1,B1-M00,1,second_derivative,1584.7716470588239,-1.118069335194404e-08,difference of equal-sample representative means; not paired
B1,B1-M00,1,second_derivative,1590.232392156863,1.0298803665981232e-07,difference of equal-sample representative means; not paired
B1,B1-M00,1,second_derivative,1595.693137254902,2.600827478442526e-07,difference of equal-sample representative means; not paired
B1,B1-M00,1,second_derivative,1601.1538823529413,6.014726854524147e-08,difference of equal-sample representative means; not paired
B1,B1-M00,1,second_derivative,1606.6146274509806,-4.064990979035316e-07,difference of equal-sample representative means; not paired
B1,B1-M00,1,second_derivative,1612.07537254902,-3.405047152057075e-07,difference of equal-sample representative means; not paired
B1,B1-M00,1,second_derivative,1617.536117647059,-3.4511299275215763e-07,difference of equal-sample representative means; not paired
B1,B1-M00,1,second_derivative,1622.9968627450983,-9.300575146329823e-08,difference of equal-sample representative means; not paired
B1,B1-M00,1,second_derivative,1628.4576078431373,3.539487118198867e-08,difference of equal-sample representative means; not paired
B1,B1-M00,1,second_derivative,1633.9183529411766,6.736067972759174e-08,difference of equal-sample representative means; not paired
B1,B1-M00,1,second_derivative,1639.379098039216,4.480554109933933e-07,difference of equal-sample representative means; not paired
B1,B1-M00,1,second_derivative,1644.8398431372552,7.631383655351678e-07,difference of equal-sample representative means; not paired
B1,B1-M00,1,second_derivative,1650.3005882352943,7.87180389799321e-07,difference of equal-sample representative means; not paired
B1,B1-M00,1,second_derivative,1655.7613333333334,6.626650125627053e-07,difference of equal-sample representative means; not paired
B1,B1-M00,1,second_derivative,1661.2220784313727,-6.026033111797436e-07,difference of equal-sample representative means; not paired
B1,B1-M00,1,second_derivative,1666.682823529412,-1.2249115105142383e-06,difference of equal-sample representative means; not paired
B1,B1-M00,1,second_derivative,1672.1435686274513,-1.5274922645701278e-06,difference of equal-sample representative means; not paired
B1,B1-M00,1,second_derivative,1677.6043137254906,-9.786269810088555e-07,difference of equal-sample representative means; not paired
B1,B1-M00,1,second_derivative,1683.0650588235296,-2.1536523753647222e-07,difference of equal-sample representative means; not paired
B1,B1-M00,1,second_derivative,1688.5258039215687,1.452944355819048e-07,difference of equal-sample representative means; not paired
B1,B1-M00,1,second_derivative,1693.986549019608,-1.9970888291281586e-07,difference of equal-sample representative means; not paired
B1,B1-M00,1,second_derivative,1699.4472941176473,1.7627071261834672e-07,difference of equal-sample representative means; not paired
B1,B1-M00,1,second_derivative,1704.9080392156866,-5.709009762805518e-07,difference of equal-sample representative means; not paired
B1,B1-M00,1,second_derivative,1710.3687843137257,-7.481937149085768e-08,difference of equal-sample representative means; not paired
B1,B1-M00,1,second_derivative,1715.829529411765,4.059415570863809e-08,difference of equal-sample representative means; not paired
B1,B1-M00,1,second_derivative,1721.290274509804,-1.636196154076237e-07,difference of equal-sample representative means; not paired
B1,B1-M00,1,second_derivative,1726.7510196078433,2.4259480594033163e-07,difference of equal-sample representative means; not paired
B1,B1-M00,1,second_derivative,1732.2117647058826,7.880499049951567e-07,difference of equal-sample representative means; not paired
B1,B1-M00,1,second_derivative,1737.672509803922,-9.488072555214774e-08,difference of equal-sample representative means; not paired
B1,B1-M00,1,second_derivative,1743.133254901961,-5.808817140083333e-07,difference of equal-sample representative means; not paired
B1,B1-M00,1,second_derivative,1748.594,-6.140280658497638e-07,difference of equal-sample representative means; not paired
B1,B1-M00,1,second_derivative,1754.0547450980393,-4.0085939800204743e-07,difference of equal-sample representative means; not paired
B1,B1-M00,1,second_derivative,1759.5154901960786,1.5758268748845464e-07,difference of equal-sample representative means; not paired
B1,B1-M00,1,second_derivative,1764.976235294118,4.7558327041785165e-07,difference of equal-sample representative means; not paired
B1,B1-M00,1,second_derivative,1770.4369803921572,-2.247433929931474e-08,difference of equal-sample representative means; not paired
B1,B1-M00,1,second_derivative,1775.8977254901963,-2.6822683504081033e-07,difference of equal-sample representative means; not paired
B1,B1-M00,1,second_derivative,1781.3584705882354,4.3404300575378186e-07,difference of equal-sample representative means; not paired
B1,B1-M00,1,second_derivative,1786.8192156862747,8.993959906735262e-10,difference of equal-sample representative means; not paired
B1,B1-M00,1,second_derivative,1792.279960784314,-2.530874816559821e-07,difference of equal-sample representative means; not paired
B1,B1-M00,1,second_derivative,1797.7407058823533,3.4636931457161685e-07,difference of equal-sample representative means; not paired
B1,B1-M00,1,second_derivative,1803.2014509803923,1.3555472693928787e-08,difference of equal-sample representative means; not paired
B1,B1-M00,1,second_derivative,1808.6621960784316,2.474993189019241e-07,difference of equal-sample representative means; not paired
B1,B1-M00,1,second_derivative,1814.1229411764707,1.2703981117029346e-06,difference of equal-sample representative means; not paired
B1,B1-M00,1,second_derivative,1819.58368627451,7.132309139406028e-07,difference of equal-sample representative means; not paired
B1,B1-M00,1,second_derivative,1825.0444313725493,6.853075940789302e-07,difference of equal-sample representative means; not paired
B1,B1-M00,1,second_derivative,1830.5051764705886,6.174919704608781e-07,difference of equal-sample representative means; not paired
B1,B1-M00,1,second_derivative,1835.9659215686277,-8.708847672421615e-07,difference of equal-sample representative means; not paired
B1,B1-M00,1,second_derivative,1841.4266666666667,-1.1495106597337393e-06,difference of equal-sample representative means; not paired
B1,B1-M00,1,second_derivative,1846.887411764706,-7.249567037766572e-07,difference of equal-sample representative means; not paired
B1,B1-M00,1,second_derivative,1852.3481568627453,-8.602925815981316e-07,difference of equal-sample representative means; not paired
B1,B1-M00,1,second_derivative,1857.8089019607846,-1.1389775975948098e-07,difference of equal-sample representative means; not paired
B1,B1-M00,1,second_derivative,1863.269647058824,7.659911939479202e-07,difference of equal-sample representative means; not paired
B1,B1-M00,1,second_derivative,1868.730392156863,1.9404092831042867e-07,difference of equal-sample representative means; not paired
B1,B1-M00,1,second_derivative,1874.191137254902,-1.3218573343208692e-06,difference of equal-sample representative means; not paired
B1,B1-M00,1,second_derivative,1879.6518823529414,-4.695116137441442e-06,difference of equal-sample representative means; not paired
B1,B1-M00,1,second_derivative,1885.1126274509807,-6.696197496226043e-06,difference of equal-sample representative means; not paired
B1,B1-M00,1,second_derivative,1890.57337254902,-6.264823792398168e-06,difference of equal-sample representative means; not paired
B1,B1-M00,1,second_derivative,1896.034117647059,-4.945565720203851e-06,difference of equal-sample representative means; not paired
B1,B1-M00,1,second_derivative,1901.4948627450983,-2.3749441229435817e-06,difference of equal-sample representative means; not paired
B1,B1-M00,1,second_derivative,1906.9556078431374,6.379047388567328e-06,difference of equal-sample representative means; not paired
B1,B1-M00,1,second_derivative,1912.4163529411767,1.007142536943811e-05,difference of equal-sample representative means; not paired
B1,B1-M00,1,second_derivative,1917.877098039216,1.0683620212842041e-05,difference of equal-sample representative means; not paired
B1,B1-M00,1,second_derivative,1923.3378431372553,6.170960306622203e-06,difference of equal-sample representative means; not paired
B1,B1-M00,1,second_derivative,1928.7985882352943,-4.368691658255283e-07,difference of equal-sample representative means; not paired
B1,B1-M00,1,second_derivative,1934.2593333333336,-3.7330517054224546e-06,difference of equal-sample representative means; not paired
B1,B1-M00,1,second_derivative,1939.7200784313727,-9.802864192002815e-07,difference of equal-sample representative means; not paired
B1,B1-M00,1,second_derivative,1945.180823529412,-9.874327271253142e-07,difference of equal-sample representative means; not paired
B1,B1-M00,1,second_derivative,1950.6415686274513,4.1282940024078396e-07,difference of equal-sample representative means; not paired
B1,B1-M00,1,second_derivative,1956.1023137254906,1.8133512500562195e-06,difference of equal-sample representative means; not paired
B1,B1-M00,1,second_derivative,1961.5630588235294,1.256176474941776e-06,difference of equal-sample representative means; not paired
B1,B1-M00,1,second_derivative,1967.0238039215687,-2.2041466508029002e-07,difference of equal-sample representative means; not paired
B1,B1-M00,1,second_derivative,1972.484549019608,-1.0998350536916437e-07,difference of equal-sample representative means; not paired
B1,B1-M00,1,second_derivative,1977.9452941176473,5.15557275312443e-07,difference of equal-sample representative means; not paired
B1,B1-M00,1,second_derivative,1983.4060392156866,5.056899496746481e-07,difference of equal-sample representative means; not paired
B1,B1-M00,1,second_derivative,1988.866784313726,1.9578854092839985e-06,difference of equal-sample representative means; not paired
B1,B1-M00,1,second_derivative,1994.3275294117648,-1.3684792983023558e-06,difference of equal-sample representative means; not paired
B1,B1-M00,1,second_derivative,1999.788274509804,-2.339041016609677e-06,difference of equal-sample representative means; not paired
B1,B1-M00,1,second_derivative,2005.2490196078434,-5.035290149474334e-07,difference of equal-sample representative means; not paired
B1,B1-M00,1,second_derivative,2010.7097647058827,-7.684946459506406e-08,difference of equal-sample representative means; not paired
B1,B1-M00,1,second_derivative,2016.170509803922,-3.5709623556310786e-07,difference of equal-sample representative means; not paired
B1,B1-M00,1,second_derivative,2021.6312549019613,4.715164822602762e-07,difference of equal-sample representative means; not paired
B1,B1-M00,1,second_derivative,2027.092,-1.6902970124697665e-06,difference of equal-sample representative means; not paired
B1,B1-M00,1,second_derivative,2032.5527450980394,-9.020316892482908e-07,difference of equal-sample representative means; not paired
B1,B1-M00,1,second_derivative,2038.0134901960787,-1.4687413053328876e-06,difference of equal-sample representative means; not paired
B1,B1-M00,1,second_derivative,2043.474235294118,-1.2889859308972792e-07,difference of equal-sample representative means; not paired
B1,B1-M00,1,second_derivative,2048.9349803921573,1.405722801158816e-06,difference of equal-sample representative means; not paired
B1,B1-M00,1,second_derivative,2054.3957254901966,1.0595508288572688e-06,difference of equal-sample representative means; not paired
B1,B1-M00,1,second_derivative,2059.8564705882354,1.0521535387106637e-06,difference of equal-sample representative means; not paired
B1,B1-M00,1,second_derivative,2065.3172156862747,1.1625144006441237e-06,difference of equal-sample representative means; not paired
B1,B1-M00,1,second_derivative,2070.777960784314,-3.1284693882213976e-06,difference of equal-sample representative means; not paired
B1,B1-M00,1,second_derivative,2076.2387058823533,1.070402289584418e-06,difference of equal-sample representative means; not paired
B1,B1-M00,1,second_derivative,2081.6994509803926,2.590816045970341e-07,difference of equal-sample representative means; not paired
B1,B1-M00,1,second_derivative,2087.1601960784315,-8.959817037495358e-07,difference of equal-sample representative means; not paired
B1,B1-M00,1,second_derivative,2092.6209411764708,7.077108130393474e-07,difference of equal-sample representative means; not paired
B1,B1-M00,1,second_derivative,2098.08168627451,7.438794860939335e-07,difference of equal-sample representative means; not paired
B1,B1-M00,1,second_derivative,2103.5424313725493,-8.787469125382383e-07,difference of equal-sample representative means; not paired
B1,B1-M00,1,second_derivative,2109.0031764705886,2.652445353576255e-06,difference of equal-sample representative means; not paired
B1,B1-M00,1,second_derivative,2114.463921568628,-3.418989890638304e-07,difference of equal-sample representative means; not paired
B1,B1-M00,1,second_derivative,2119.924666666667,-6.305243245697972e-07,difference of equal-sample representative means; not paired
B1,B1-M00,1,second_derivative,2125.385411764706,-8.510114236386963e-07,difference of equal-sample representative means; not paired
B1,B1-M00,1,second_derivative,2130.8461568627454,-3.855927677978092e-07,difference of equal-sample representative means; not paired
B1,B1-M00,1,second_derivative,2136.3069019607847,9.229467251686977e-07,difference of equal-sample representative means; not paired
B1,B1-M00,1,second_derivative,2141.767647058824,1.849295440903225e-06,difference of equal-sample representative means; not paired
B1,B1-M00,1,second_derivative,2147.2283921568633,4.390966493390984e-07,difference of equal-sample representative means; not paired
B1,B1-M00,1,second_derivative,2152.689137254902,-1.6005297707277779e-06,difference of equal-sample representative means; not paired
B1,B1-M00,1,second_derivative,2158.1498823529414,-3.6134901137196157e-06,difference of equal-sample representative means; not paired
B1,B1-M00,1,second_derivative,2163.6106274509807,-3.0712327008307453e-06,difference of equal-sample representative means; not paired
B1,B1-M00,1,second_derivative,2169.07137254902,1.652897192118637e-08,difference of equal-sample representative means; not paired
B1,B1-M00,1,second_derivative,2174.5321176470593,3.837502751125977e-06,difference of equal-sample representative means; not paired
B1,B1-M00,1,second_derivative,2179.992862745098,3.1209487730232687e-06,difference of equal-sample representative means; not paired
B1,B1-M00,1,second_derivative,2185.4536078431374,-8.556550993500728e-07,difference of equal-sample representative means; not paired
B1,B1-M00,1,second_derivative,2190.9143529411767,-2.2532846972912666e-06,difference of equal-sample representative means; not paired
B1,B1-M00,1,second_derivative,2196.375098039216,-2.246752170456601e-07,difference of equal-sample representative means; not paired
B1,B1-M00,1,second_derivative,2201.8358431372553,-1.0314073492498403e-06,difference of equal-sample representative means; not paired
B1,B1-M00,1,second_derivative,2207.2965882352946,1.8833505787702932e-06,difference of equal-sample representative means; not paired
B1,B1-M00,1,second_derivative,2212.7573333333335,1.3533926234991104e-06,difference of equal-sample representative means; not paired
B1,B1-M00,1,second_derivative,2218.2180784313728,2.1496660297445422e-06,difference of equal-sample representative means; not paired
B1,B1-M00,1,second_derivative,2223.678823529412,4.169923828075339e-06,difference of equal-sample representative means; not paired
B1,B1-M00,1,second_derivative,2229.1395686274514,2.1371730889947397e-06,difference of equal-sample representative means; not paired
B1,B1-M00,1,second_derivative,2234.6003137254907,-5.4389672170281875e-06,difference of equal-sample representative means; not paired
B1,B1-M00,1,second_derivative,2240.06105882353,-2.2810882676358227e-06,difference of equal-sample representative means; not paired
B1,B1-M00,1,second_derivative,2245.521803921569,4.875617665561205e-06,difference of equal-sample representative means; not paired
B1,B1-M00,1,second_derivative,2250.982549019608,4.5690739959266445e-06,difference of equal-sample representative means; not paired
B1,B1-M00,1,second_derivative,2256.4432941176474,8.346537835801619e-06,difference of equal-sample representative means; not paired
B1,B1-M00,1,second_derivative,2261.9040392156867,4.329196399326398e-06,difference of equal-sample representative means; not paired
B1,B1-M00,1,second_derivative,2267.364784313726,1.814607693651483e-06,difference of equal-sample representative means; not paired
B1,B1-M00,1,second_derivative,2272.825529411765,6.086457982941592e-07,difference of equal-sample representative means; not paired
B1,B1-M00,1,second_derivative,2278.286274509804,-4.838377481267961e-06,difference of equal-sample representative means; not paired
B1,B1-M00,1,second_derivative,2283.7470196078434,-2.5737681714850438e-06,difference of equal-sample representative means; not paired
B1,B1-M00,1,second_derivative,2289.2077647058827,1.3295541663148878e-06,difference of equal-sample representative means; not paired
B1,B1-M00,1,second_derivative,2294.668509803922,1.3295541663148471e-06,difference of equal-sample representative means; not paired
B1,B1-M00,1,second_derivative,2300.1292549019613,1.3295541663148471e-06,difference of equal-sample representative means; not paired
B1,B1-M00,1,second_derivative,2305.59,1.3295541663148471e-06,difference of equal-sample representative means; not paired
B1,B1-M00,2,reflectance,913.1,0.11506184266942943,difference of equal-sample representative means; not paired
B1,B1-M00,2,reflectance,918.5607450980392,0.13602203241923172,difference of equal-sample representative means; not paired
B1,B1-M00,2,reflectance,924.0214901960785,0.1486920568427359,difference of equal-sample representative means; not paired
B1,B1-M00,2,reflectance,929.4822352941177,0.15919241441465248,difference of equal-sample representative means; not paired
B1,B1-M00,2,reflectance,934.9429803921569,0.16498584014248452,difference of equal-sample representative means; not paired
B1,B1-M00,2,reflectance,940.4037254901962,0.16878192118925384,difference of equal-sample representative means; not paired
B1,B1-M00,2,reflectance,945.8644705882353,0.17476213150968634,difference of equal-sample representative means; not paired
B1,B1-M00,2,reflectance,951.3252156862745,0.17484484585066173,difference of equal-sample representative means; not paired
B1,B1-M00,2,reflectance,956.7859607843137,0.17548613128181378,difference of equal-sample representative means; not paired
B1,B1-M00,2,reflectance,962.246705882353,0.1749152609074962,difference of equal-sample representative means; not paired
B1,B1-M00,2,reflectance,967.7074509803922,0.1745049427729609,difference of equal-sample representative means; not paired
B1,B1-M00,2,reflectance,973.1681960784314,0.17412312535079844,difference of equal-sample representative means; not paired
B1,B1-M00,2,reflectance,978.6289411764706,0.1737625514832497,difference of equal-sample representative means; not paired
B1,B1-M00,2,reflectance,984.0896862745099,0.17264580111868433,difference of equal-sample representative means; not paired
B1,B1-M00,2,reflectance,989.550431372549,0.16947496084275304,difference of equal-sample representative means; not paired
B1,B1-M00,2,reflectance,995.0111764705882,0.17488213133241243,difference of equal-sample representative means; not paired
B1,B1-M00,2,reflectance,1000.4719215686275,0.17589448417063663,difference of equal-sample representative means; not paired
B1,B1-M00,2,reflectance,1005.9326666666667,0.17673919075461259,difference of equal-sample representative means; not paired
B1,B1-M00,2,reflectance,1011.3934117647059,0.17757309499376372,difference of equal-sample representative means; not paired
B1,B1-M00,2,reflectance,1016.8541568627452,0.1781766697815491,difference of equal-sample representative means; not paired
B1,B1-M00,2,reflectance,1022.3149019607844,0.1787163156296412,difference of equal-sample representative means; not paired
B1,B1-M00,2,reflectance,1027.7756470588236,0.17967300430906996,difference of equal-sample representative means; not paired
B1,B1-M00,2,reflectance,1033.2363921568628,0.18068620942854985,difference of equal-sample representative means; not paired
B1,B1-M00,2,reflectance,1038.697137254902,0.17673973373356355,difference of equal-sample representative means; not paired
B1,B1-M00,2,reflectance,1044.1578823529412,0.18053890577767528,difference of equal-sample representative means; not paired
B1,B1-M00,2,reflectance,1049.6186274509805,0.18241719295381786,difference of equal-sample representative means; not paired
B1,B1-M00,2,reflectance,1055.0793725490196,0.18315679707243915,difference of equal-sample representative means; not paired
B1,B1-M00,2,reflectance,1060.5401176470589,0.18448300629061065,difference of equal-sample representative means; not paired
B1,B1-M00,2,reflectance,1066.0008627450982,0.1850635484476777,difference of equal-sample representative means; not paired
B1,B1-M00,2,reflectance,1071.4616078431372,0.1854579081440778,difference of equal-sample representative means; not paired
B1,B1-M00,2,reflectance,1076.9223529411765,0.18601592329576688,difference of equal-sample representative means; not paired
B1,B1-M00,2,reflectance,1082.3830980392158,0.18674289295572866,difference of equal-sample representative means; not paired
B1,B1-M00,2,reflectance,1087.843843137255,0.1877436925477658,difference of equal-sample representative means; not paired
B1,B1-M00,2,reflectance,1093.3045882352942,0.1888331836541337,difference of equal-sample representative means; not paired
B1,B1-M00,2,reflectance,1098.7653333333333,0.18990720489943336,difference of equal-sample representative means; not paired
B1,B1-M00,2,reflectance,1104.2260784313726,0.19095259591212022,difference of equal-sample representative means; not paired
B1,B1-M00,2,reflectance,1109.6868235294119,0.19159281349852253,difference of equal-sample representative means; not paired
B1,B1-M00,2,reflectance,1115.1475686274512,0.18775340046710598,difference of equal-sample representative means; not paired
B1,B1-M00,2,reflectance,1120.6083137254902,0.19140616332906457,difference of equal-sample representative means; not paired
B1,B1-M00,2,reflectance,1126.0690588235295,0.19255918069763833,difference of equal-sample representative means; not paired
B1,B1-M00,2,reflectance,1131.5298039215686,0.18956529329302663,difference of equal-sample representative means; not paired
B1,B1-M00,2,reflectance,1136.990549019608,0.18929094873311741,difference of equal-sample representative means; not paired
B1,B1-M00,2,reflectance,1142.4512941176472,0.19358860846698966,difference of equal-sample representative means; not paired
B1,B1-M00,2,reflectance,1147.9120392156863,0.1927592440044924,difference of equal-sample representative means; not paired
B1,B1-M00,2,reflectance,1153.3727843137256,0.1904901351834532,difference of equal-sample representative means; not paired
B1,B1-M00,2,reflectance,1158.8335294117649,0.1882121014686048,difference of equal-sample representative means; not paired
B1,B1-M00,2,reflectance,1164.294274509804,0.18641229562446981,difference of equal-sample representative means; not paired
B1,B1-M00,2,reflectance,1169.7550196078432,0.1855918599291176,difference of equal-sample representative means; not paired
B1,B1-M00,2,reflectance,1175.2157647058825,0.1854555159640811,difference of equal-sample representative means; not paired
B1,B1-M00,2,reflectance,1180.6765098039216,0.18511077285102445,difference of equal-sample representative means; not paired
B1,B1-M00,2,reflectance,1186.137254901961,0.18370665805675396,difference of equal-sample representative means; not paired
B1,B1-M00,2,reflectance,1191.598,0.18139980358231161,difference of equal-sample representative means; not paired
B1,B1-M00,2,reflectance,1197.0587450980393,0.178565875860408,difference of equal-sample representative means; not paired
B1,B1-M00,2,reflectance,1202.5194901960786,0.17579727667896144,difference of equal-sample representative means; not paired
B1,B1-M00,2,reflectance,1207.9802352941178,0.1732272032328453,difference of equal-sample representative means; not paired
B1,B1-M00,2,reflectance,1213.440980392157,0.1680260099006458,difference of equal-sample representative means; not paired
B1,B1-M00,2,reflectance,1218.9017254901962,0.16503247783020686,difference of equal-sample representative means; not paired
B1,B1-M00,2,reflectance,1224.3624705882353,0.16804954525393778,difference of equal-sample representative means; not paired
B1,B1-M00,2,reflectance,1229.8232156862746,0.16632602251119372,difference of equal-sample representative means; not paired
B1,B1-M00,2,reflectance,1235.2839607843139,0.16861436647832262,difference of equal-sample representative means; not paired
B1,B1-M00,2,reflectance,1240.7447058823532,0.1695010591541976,difference of equal-sample representative means; not paired
B1,B1-M00,2,reflectance,1246.2054509803922,0.17036865411878915,difference of equal-sample representative means; not paired
B1,B1-M00,2,reflectance,1251.6661960784315,0.16771786757507573,difference of equal-sample representative means; not paired
B1,B1-M00,2,reflectance,1257.1269411764706,0.16773318254335468,difference of equal-sample representative means; not paired
B1,B1-M00,2,reflectance,1262.58768627451,0.17261433981838753,difference of equal-sample representative means; not paired
B1,B1-M00,2,reflectance,1268.0484313725492,0.17294300680123814,difference of equal-sample representative means; not paired
B1,B1-M00,2,reflectance,1273.5091764705883,0.17356521229153837,difference of equal-sample representative means; not paired
B1,B1-M00,2,reflectance,1278.9699215686276,0.1735836356546399,difference of equal-sample representative means; not paired
B1,B1-M00,2,reflectance,1284.4306666666666,0.17538512674489842,difference of equal-sample representative means; not paired
B1,B1-M00,2,reflectance,1289.891411764706,0.1767795017953851,difference of equal-sample representative means; not paired
B1,B1-M00,2,reflectance,1295.3521568627452,0.17765495716800667,difference of equal-sample representative means; not paired
B1,B1-M00,2,reflectance,1300.8129019607845,0.1780430107826736,difference of equal-sample representative means; not paired
B1,B1-M00,2,reflectance,1306.2736470588236,0.17779610239934307,difference of equal-sample representative means; not paired
B1,B1-M00,2,reflectance,1311.734392156863,0.17834090870531044,difference of equal-sample representative means; not paired
B1,B1-M00,2,reflectance,1317.195137254902,0.17715497729910823,difference of equal-sample representative means; not paired
B1,B1-M00,2,reflectance,1322.6558823529413,0.17628520442219575,difference of equal-sample representative means; not paired
B1,B1-M00,2,reflectance,1328.1166274509806,0.17472467180282042,difference of equal-sample representative means; not paired
B1,B1-M00,2,reflectance,1333.5773725490199,0.17246824280824813,difference of equal-sample representative means; not paired
B1,B1-M00,2,reflectance,1339.038117647059,0.16956736360265112,difference of equal-sample representative means; not paired
B1,B1-M00,2,reflectance,1344.4988627450982,0.16616037977306874,difference of equal-sample representative means; not paired
B1,B1-M00,2,reflectance,1349.9596078431373,0.16272381436345873,difference of equal-sample representative means; not paired
B1,B1-M00,2,reflectance,1355.4203529411766,0.1594804157941978,difference of equal-sample representative means; not paired
B1,B1-M00,2,reflectance,1360.8810980392159,0.15640860954045827,difference of equal-sample representative means; not paired
B1,B1-M00,2,reflectance,1366.341843137255,0.15284571460572266,difference of equal-sample representative means; not paired
B1,B1-M00,2,reflectance,1371.8025882352943,0.1464016149472694,difference of equal-sample representative means; not paired
B1,B1-M00,2,reflectance,1377.2633333333333,0.14388013967376656,difference of equal-sample representative means; not paired
B1,B1-M00,2,reflectance,1382.7240784313726,0.14575112155383912,difference of equal-sample representative means; not paired
B1,B1-M00,2,reflectance,1388.184823529412,0.14236120106951128,difference of equal-sample representative means; not paired
B1,B1-M00,2,reflectance,1393.6455686274512,0.1368640495200063,difference of equal-sample representative means; not paired
B1,B1-M00,2,reflectance,1399.1063137254903,0.12910634673498228,difference of equal-sample representative means; not paired
B1,B1-M00,2,reflectance,1404.5670588235296,0.12021512553251551,difference of equal-sample representative means; not paired
B1,B1-M00,2,reflectance,1410.0278039215686,0.11093948960415018,difference of equal-sample representative means; not paired
B1,B1-M00,2,reflectance,1415.488549019608,0.10177423210385181,difference of equal-sample representative means; not paired
B1,B1-M00,2,reflectance,1420.9492941176472,0.09337679869762713,difference of equal-sample representative means; not paired
B1,B1-M00,2,reflectance,1426.4100392156865,0.08636048236814345,difference of equal-sample representative means; not paired
B1,B1-M00,2,reflectance,1431.8707843137256,0.08080298142130005,difference of equal-sample representative means; not paired
B1,B1-M00,2,reflectance,1437.3315294117647,0.07711562170867034,difference of equal-sample representative means; not paired
B1,B1-M00,2,reflectance,1442.792274509804,0.07463612632671313,difference of equal-sample representative means; not paired
B1,B1-M00,2,reflectance,1448.2530196078433,0.07292502717831659,difference of equal-sample representative means; not paired
B1,B1-M00,2,reflectance,1453.7137647058826,0.06921993168838128,difference of equal-sample representative means; not paired
B1,B1-M00,2,reflectance,1459.1745098039219,0.06737562291614604,difference of equal-sample representative means; not paired
B1,B1-M00,2,reflectance,1464.635254901961,0.06900930700051475,difference of equal-sample representative means; not paired
B1,B1-M00,2,reflectance,1470.096,0.06853949391647254,difference of equal-sample representative means; not paired
B1,B1-M00,2,reflectance,1475.5567450980393,0.06819856280422987,difference of equal-sample representative means; not paired
B1,B1-M00,2,reflectance,1481.0174901960786,0.06782657980369625,difference of equal-sample representative means; not paired
B1,B1-M00,2,reflectance,1486.478235294118,0.06810449393556103,difference of equal-sample representative means; not paired
B1,B1-M00,2,reflectance,1491.938980392157,0.06858100504746695,difference of equal-sample representative means; not paired
B1,B1-M00,2,reflectance,1497.3997254901963,0.06917994968473734,difference of equal-sample representative means; not paired
B1,B1-M00,2,reflectance,1502.8604705882353,0.06985747712007934,difference of equal-sample representative means; not paired
B1,B1-M00,2,reflectance,1508.3212156862746,0.07053389959413298,difference of equal-sample representative means; not paired
B1,B1-M00,2,reflectance,1513.781960784314,0.0713197906693177,difference of equal-sample representative means; not paired
B1,B1-M00,2,reflectance,1519.2427058823532,0.07239449288885022,difference of equal-sample representative means; not paired
B1,B1-M00,2,reflectance,1524.7034509803923,0.07315176676185009,difference of equal-sample representative means; not paired
B1,B1-M00,2,reflectance,1530.1641960784316,0.07388716531144543,difference of equal-sample representative means; not paired
B1,B1-M00,2,reflectance,1535.6249411764707,0.07467675969636364,difference of equal-sample representative means; not paired
B1,B1-M00,2,reflectance,1541.08568627451,0.07519823537838921,difference of equal-sample representative means; not paired
B1,B1-M00,2,reflectance,1546.5464313725493,0.07539336773920682,difference of equal-sample representative means; not paired
B1,B1-M00,2,reflectance,1552.0071764705885,0.07585136753387173,difference of equal-sample representative means; not paired
B1,B1-M00,2,reflectance,1557.4679215686276,0.07656698877350002,difference of equal-sample representative means; not paired
B1,B1-M00,2,reflectance,1562.9286666666667,0.07671601206365092,difference of equal-sample representative means; not paired
B1,B1-M00,2,reflectance,1568.389411764706,0.07763670868753153,difference of equal-sample representative means; not paired
B1,B1-M00,2,reflectance,1573.8501568627453,0.07834704311462834,difference of equal-sample representative means; not paired
B1,B1-M00,2,reflectance,1579.3109019607846,0.07882442224751723,difference of equal-sample representative means; not paired
B1,B1-M00,2,reflectance,1584.7716470588239,0.0793289982142692,difference of equal-sample representative means; not paired
B1,B1-M00,2,reflectance,1590.232392156863,0.0799976121410158,difference of equal-sample representative means; not paired
B1,B1-M00,2,reflectance,1595.693137254902,0.08098745208289093,difference of equal-sample representative means; not paired
B1,B1-M00,2,reflectance,1601.1538823529413,0.08243203747578232,difference of equal-sample representative means; not paired
B1,B1-M00,2,reflectance,1606.6146274509806,0.0842055803854729,difference of equal-sample representative means; not paired
B1,B1-M00,2,reflectance,1612.07537254902,0.0862006296174001,difference of equal-sample representative means; not paired
B1,B1-M00,2,reflectance,1617.536117647059,0.08820996609856768,difference of equal-sample representative means; not paired
B1,B1-M00,2,reflectance,1622.9968627450983,0.09017935641861458,difference of equal-sample representative means; not paired
B1,B1-M00,2,reflectance,1628.4576078431373,0.09204940445856724,difference of equal-sample representative means; not paired
B1,B1-M00,2,reflectance,1633.9183529411766,0.09362896923246525,difference of equal-sample representative means; not paired
B1,B1-M00,2,reflectance,1639.379098039216,0.09503471301110539,difference of equal-sample representative means; not paired
B1,B1-M00,2,reflectance,1644.8398431372552,0.09573965092076259,difference of equal-sample representative means; not paired
B1,B1-M00,2,reflectance,1650.3005882352943,0.09567488284014686,difference of equal-sample representative means; not paired
B1,B1-M00,2,reflectance,1655.7613333333334,0.09553533137651349,difference of equal-sample representative means; not paired
B1,B1-M00,2,reflectance,1661.2220784313727,0.09536415604345996,difference of equal-sample representative means; not paired
B1,B1-M00,2,reflectance,1666.682823529412,0.09514217319913482,difference of equal-sample representative means; not paired
B1,B1-M00,2,reflectance,1672.1435686274513,0.0943847473293222,difference of equal-sample representative means; not paired
B1,B1-M00,2,reflectance,1677.6043137254906,0.09143305766645402,difference of equal-sample representative means; not paired
B1,B1-M00,2,reflectance,1683.0650588235296,0.09653084838975406,difference of equal-sample representative means; not paired
B1,B1-M00,2,reflectance,1688.5258039215687,0.09823388415189263,difference of equal-sample representative means; not paired
B1,B1-M00,2,reflectance,1693.986549019608,0.09850692647262138,difference of equal-sample representative means; not paired
B1,B1-M00,2,reflectance,1699.4472941176473,0.09824192466332954,difference of equal-sample representative means; not paired
B1,B1-M00,2,reflectance,1704.9080392156866,0.09785734161389431,difference of equal-sample representative means; not paired
B1,B1-M00,2,reflectance,1710.3687843137257,0.09757416788771747,difference of equal-sample representative means; not paired
B1,B1-M00,2,reflectance,1715.829529411765,0.09739472201783037,difference of equal-sample representative means; not paired
B1,B1-M00,2,reflectance,1721.290274509804,0.09626473078247538,difference of equal-sample representative means; not paired
B1,B1-M00,2,reflectance,1726.7510196078433,0.0953347214640417,difference of equal-sample representative means; not paired
B1,B1-M00,2,reflectance,1732.2117647058826,0.09447755162481764,difference of equal-sample representative means; not paired
B1,B1-M00,2,reflectance,1737.672509803922,0.09386671496471186,difference of equal-sample representative means; not paired
B1,B1-M00,2,reflectance,1743.133254901961,0.09315377790566451,difference of equal-sample representative means; not paired
B1,B1-M00,2,reflectance,1748.594,0.09239559487275062,difference of equal-sample representative means; not paired
B1,B1-M00,2,reflectance,1754.0547450980393,0.09176599833923876,difference of equal-sample representative means; not paired
B1,B1-M00,2,reflectance,1759.5154901960786,0.09049166271133116,difference of equal-sample representative means; not paired
B1,B1-M00,2,reflectance,1764.976235294118,0.08948127397284905,difference of equal-sample representative means; not paired
B1,B1-M00,2,reflectance,1770.4369803921572,0.08792220709323703,difference of equal-sample representative means; not paired
B1,B1-M00,2,reflectance,1775.8977254901963,0.08672939635564494,difference of equal-sample representative means; not paired
B1,B1-M00,2,reflectance,1781.3584705882354,0.08564557906080433,difference of equal-sample representative means; not paired
B1,B1-M00,2,reflectance,1786.8192156862747,0.08483759542511979,difference of equal-sample representative means; not paired
B1,B1-M00,2,reflectance,1792.279960784314,0.08351880789463975,difference of equal-sample representative means; not paired
B1,B1-M00,2,reflectance,1797.7407058823533,0.08099215869197157,difference of equal-sample representative means; not paired
B1,B1-M00,2,reflectance,1803.2014509803923,0.08445487953421482,difference of equal-sample representative means; not paired
B1,B1-M00,2,reflectance,1808.6621960784316,0.0845777500928844,difference of equal-sample representative means; not paired
B1,B1-M00,2,reflectance,1814.1229411764707,0.08487289462455713,difference of equal-sample representative means; not paired
B1,B1-M00,2,reflectance,1819.58368627451,0.08497664587708847,difference of equal-sample representative means; not paired
B1,B1-M00,2,reflectance,1825.0444313725493,0.08513666892939978,difference of equal-sample representative means; not paired
B1,B1-M00,2,reflectance,1830.5051764705886,0.0854148686991772,difference of equal-sample representative means; not paired
B1,B1-M00,2,reflectance,1835.9659215686277,0.08574736342727043,difference of equal-sample representative means; not paired
B1,B1-M00,2,reflectance,1841.4266666666667,0.08642987746584782,difference of equal-sample representative means; not paired
B1,B1-M00,2,reflectance,1846.887411764706,0.08712267001557131,difference of equal-sample representative means; not paired
B1,B1-M00,2,reflectance,1852.3481568627453,0.08764414224957828,difference of equal-sample representative means; not paired
B1,B1-M00,2,reflectance,1857.8089019607846,0.08740116769661382,difference of equal-sample representative means; not paired
B1,B1-M00,2,reflectance,1863.269647058824,0.08666737230041904,difference of equal-sample representative means; not paired
B1,B1-M00,2,reflectance,1868.730392156863,0.08514155201082443,difference of equal-sample representative means; not paired
B1,B1-M00,2,reflectance,1874.191137254902,0.08254113426089144,difference of equal-sample representative means; not paired
B1,B1-M00,2,reflectance,1879.6518823529414,0.07879189223706043,difference of equal-sample representative means; not paired
B1,B1-M00,2,reflectance,1885.1126274509807,0.07312812642157099,difference of equal-sample representative means; not paired
B1,B1-M00,2,reflectance,1890.57337254902,0.06626962343773307,difference of equal-sample representative means; not paired
B1,B1-M00,2,reflectance,1896.034117647059,0.05777484754449666,difference of equal-sample representative means; not paired
B1,B1-M00,2,reflectance,1901.4948627450983,0.04913491460855601,difference of equal-sample representative means; not paired
B1,B1-M00,2,reflectance,1906.9556078431374,0.04147081264207203,difference of equal-sample representative means; not paired
B1,B1-M00,2,reflectance,1912.4163529411767,0.03526066118452839,difference of equal-sample representative means; not paired
B1,B1-M00,2,reflectance,1917.877098039216,0.030660340054994267,difference of equal-sample representative means; not paired
B1,B1-M00,2,reflectance,1923.3378431372553,0.027792577095891113,difference of equal-sample representative means; not paired
B1,B1-M00,2,reflectance,1928.7985882352943,0.02596454957980643,difference of equal-sample representative means; not paired
B1,B1-M00,2,reflectance,1934.2593333333336,0.02547813997076631,difference of equal-sample representative means; not paired
B1,B1-M00,2,reflectance,1939.7200784313727,0.025632403962643407,difference of equal-sample representative means; not paired
B1,B1-M00,2,reflectance,1945.180823529412,0.02593415008709138,difference of equal-sample representative means; not paired
B1,B1-M00,2,reflectance,1950.6415686274513,0.026795413759030884,difference of equal-sample representative means; not paired
B1,B1-M00,2,reflectance,1956.1023137254906,0.02812313191228194,difference of equal-sample representative means; not paired
B1,B1-M00,2,reflectance,1961.5630588235294,0.029293798803531723,difference of equal-sample representative means; not paired
B1,B1-M00,2,reflectance,1967.0238039215687,0.030467867298827916,difference of equal-sample representative means; not paired
B1,B1-M00,2,reflectance,1972.484549019608,0.03172938462146904,difference of equal-sample representative means; not paired
B1,B1-M00,2,reflectance,1977.9452941176473,0.0334487686041921,difference of equal-sample representative means; not paired
B1,B1-M00,2,reflectance,1983.4060392156866,0.03482458891088622,difference of equal-sample representative means; not paired
B1,B1-M00,2,reflectance,1988.866784313726,0.036364270363357626,difference of equal-sample representative means; not paired
B1,B1-M00,2,reflectance,1994.3275294117648,0.03759114858848436,difference of equal-sample representative means; not paired
B1,B1-M00,2,reflectance,1999.788274509804,0.0383099610029497,difference of equal-sample representative means; not paired
B1,B1-M00,2,reflectance,2005.2490196078434,0.039278219710904755,difference of equal-sample representative means; not paired
B1,B1-M00,2,reflectance,2010.7097647058827,0.04004108054348121,difference of equal-sample representative means; not paired
B1,B1-M00,2,reflectance,2016.170509803922,0.040455459427784835,difference of equal-sample representative means; not paired
B1,B1-M00,2,reflectance,2021.6312549019613,0.04020032226243653,difference of equal-sample representative means; not paired
B1,B1-M00,2,reflectance,2027.092,0.039632177962953485,difference of equal-sample representative means; not paired
B1,B1-M00,2,reflectance,2032.5527450980394,0.03873248964436363,difference of equal-sample representative means; not paired
B1,B1-M00,2,reflectance,2038.0134901960787,0.03753448724842215,difference of equal-sample representative means; not paired
B1,B1-M00,2,reflectance,2043.474235294118,0.03622978584895756,difference of equal-sample representative means; not paired
B1,B1-M00,2,reflectance,2048.9349803921573,0.03500821937074111,difference of equal-sample representative means; not paired
B1,B1-M00,2,reflectance,2054.3957254901966,0.03356949861412656,difference of equal-sample representative means; not paired
B1,B1-M00,2,reflectance,2059.8564705882354,0.03196851704337336,difference of equal-sample representative means; not paired
B1,B1-M00,2,reflectance,2065.3172156862747,0.03030958632227998,difference of equal-sample representative means; not paired
B1,B1-M00,2,reflectance,2070.777960784314,0.02885197199834985,difference of equal-sample representative means; not paired
B1,B1-M00,2,reflectance,2076.2387058823533,0.02806368525721986,difference of equal-sample representative means; not paired
B1,B1-M00,2,reflectance,2081.6994509803926,0.027581153070403736,difference of equal-sample representative means; not paired
B1,B1-M00,2,reflectance,2087.1601960784315,0.026798749871521255,difference of equal-sample representative means; not paired
B1,B1-M00,2,reflectance,2092.6209411764708,0.026678752295523273,difference of equal-sample representative means; not paired
B1,B1-M00,2,reflectance,2098.08168627451,0.025969509232787763,difference of equal-sample representative means; not paired
B1,B1-M00,2,reflectance,2103.5424313725493,0.024932936640637837,difference of equal-sample representative means; not paired
B1,B1-M00,2,reflectance,2109.0031764705886,0.024614010700735323,difference of equal-sample representative means; not paired
B1,B1-M00,2,reflectance,2114.463921568628,0.024613924990078195,difference of equal-sample representative means; not paired
B1,B1-M00,2,reflectance,2119.924666666667,0.024787198769086888,difference of equal-sample representative means; not paired
B1,B1-M00,2,reflectance,2125.385411764706,0.024988514384466226,difference of equal-sample representative means; not paired
B1,B1-M00,2,reflectance,2130.8461568627454,0.02492161467600082,difference of equal-sample representative means; not paired
B1,B1-M00,2,reflectance,2136.3069019607847,0.024985743923579856,difference of equal-sample representative means; not paired
B1,B1-M00,2,reflectance,2141.767647058824,0.025413763690977087,difference of equal-sample representative means; not paired
B1,B1-M00,2,reflectance,2147.2283921568633,0.025189207218885706,difference of equal-sample representative means; not paired
B1,B1-M00,2,reflectance,2152.689137254902,0.0259710397556982,difference of equal-sample representative means; not paired
B1,B1-M00,2,reflectance,2158.1498823529414,0.026684087991781125,difference of equal-sample representative means; not paired
B1,B1-M00,2,reflectance,2163.6106274509807,0.02732890330313198,difference of equal-sample representative means; not paired
B1,B1-M00,2,reflectance,2169.07137254902,0.028357896914209202,difference of equal-sample representative means; not paired
B1,B1-M00,2,reflectance,2174.5321176470593,0.028988375273188982,difference of equal-sample representative means; not paired
B1,B1-M00,2,reflectance,2179.992862745098,0.029407267732959985,difference of equal-sample representative means; not paired
B1,B1-M00,2,reflectance,2185.4536078431374,0.030067534949399233,difference of equal-sample representative means; not paired
B1,B1-M00,2,reflectance,2190.9143529411767,0.030486559406503938,difference of equal-sample representative means; not paired
B1,B1-M00,2,reflectance,2196.375098039216,0.03128044237865513,difference of equal-sample representative means; not paired
B1,B1-M00,2,reflectance,2201.8358431372553,0.03159677091355978,difference of equal-sample representative means; not paired
B1,B1-M00,2,reflectance,2207.2965882352946,0.031565547997739224,difference of equal-sample representative means; not paired
B1,B1-M00,2,reflectance,2212.7573333333335,0.03203994182367781,difference of equal-sample representative means; not paired
B1,B1-M00,2,reflectance,2218.2180784313728,0.03243711457809406,difference of equal-sample representative means; not paired
B1,B1-M00,2,reflectance,2223.678823529412,0.03233848088167732,difference of equal-sample representative means; not paired
B1,B1-M00,2,reflectance,2229.1395686274514,0.03138536129041769,difference of equal-sample representative means; not paired
B1,B1-M00,2,reflectance,2234.6003137254907,0.030549452711728403,difference of equal-sample representative means; not paired
B1,B1-M00,2,reflectance,2240.06105882353,0.029947803922286076,difference of equal-sample representative means; not paired
B1,B1-M00,2,reflectance,2245.521803921569,0.028561613746577813,difference of equal-sample representative means; not paired
B1,B1-M00,2,reflectance,2250.982549019608,0.02630185276774044,difference of equal-sample representative means; not paired
B1,B1-M00,2,reflectance,2256.4432941176474,0.02443664183565558,difference of equal-sample representative means; not paired
B1,B1-M00,2,reflectance,2261.9040392156867,0.023401639707628458,difference of equal-sample representative means; not paired
B1,B1-M00,2,reflectance,2267.364784313726,0.021166922037409247,difference of equal-sample representative means; not paired
B1,B1-M00,2,reflectance,2272.825529411765,0.020151815626244185,difference of equal-sample representative means; not paired
B1,B1-M00,2,reflectance,2278.286274509804,0.01893361407477928,difference of equal-sample representative means; not paired
B1,B1-M00,2,reflectance,2283.7470196078434,0.019256663525999945,difference of equal-sample representative means; not paired
B1,B1-M00,2,reflectance,2289.2077647058827,0.02009053413676251,difference of equal-sample representative means; not paired
B1,B1-M00,2,reflectance,2294.668509803922,0.020641716336470273,difference of equal-sample representative means; not paired
B1,B1-M00,2,reflectance,2300.1292549019613,0.022089725142067862,difference of equal-sample representative means; not paired
B1,B1-M00,2,reflectance,2305.59,0.021435692731412187,difference of equal-sample representative means; not paired
B1,B1-M00,2,snv,913.1,-0.7342974816938734,difference of equal-sample representative means; not paired
B1,B1-M00,2,snv,918.5607450980392,-0.5222647439726376,difference of equal-sample representative means; not paired
B1,B1-M00,2,snv,924.0214901960785,-0.40525929405741357,difference of equal-sample representative means; not paired
B1,B1-M00,2,snv,929.4822352941177,-0.22619263266549594,difference of equal-sample representative means; not paired
B1,B1-M00,2,snv,934.9429803921569,-0.1449575052858012,difference of equal-sample representative means; not paired
B1,B1-M00,2,snv,940.4037254901962,-0.13001340598311306,difference of equal-sample representative means; not paired
B1,B1-M00,2,snv,945.8644705882353,-0.03506515287532341,difference of equal-sample representative means; not paired
B1,B1-M00,2,snv,951.3252156862745,-0.03268223902254719,difference of equal-sample representative means; not paired
B1,B1-M00,2,snv,956.7859607843137,-0.015273714169759423,difference of equal-sample representative means; not paired
B1,B1-M00,2,snv,962.246705882353,-0.013756456655494631,difference of equal-sample representative means; not paired
B1,B1-M00,2,snv,967.7074509803922,-0.006302065681456748,difference of equal-sample representative means; not paired
B1,B1-M00,2,snv,973.1681960784314,-0.003985888566968354,difference of equal-sample representative means; not paired
B1,B1-M00,2,snv,978.6289411764706,-0.00368295134361718,difference of equal-sample representative means; not paired
B1,B1-M00,2,snv,984.0896862745099,-0.019987121956081655,difference of equal-sample representative means; not paired
B1,B1-M00,2,snv,989.550431372549,-0.09231547057999556,difference of equal-sample representative means; not paired
B1,B1-M00,2,snv,995.0111764705882,0.021544874773333778,difference of equal-sample representative means; not paired
B1,B1-M00,2,snv,1000.4719215686275,0.0364983052888348,difference of equal-sample representative means; not paired
B1,B1-M00,2,snv,1005.9326666666667,0.038078166964079285,difference of equal-sample representative means; not paired
B1,B1-M00,2,snv,1011.3934117647059,0.040213397823746,difference of equal-sample representative means; not paired
B1,B1-M00,2,snv,1016.8541568627452,0.03082628434009793,difference of equal-sample representative means; not paired
B1,B1-M00,2,snv,1022.3149019607844,0.016547872930051444,difference of equal-sample representative means; not paired
B1,B1-M00,2,snv,1027.7756470588236,0.029745897021589585,difference of equal-sample representative means; not paired
B1,B1-M00,2,snv,1033.2363921568628,0.040515913565966066,difference of equal-sample representative means; not paired
B1,B1-M00,2,snv,1038.697137254902,-0.0643405589536572,difference of equal-sample representative means; not paired
B1,B1-M00,2,snv,1044.1578823529412,0.00976106336619198,difference of equal-sample representative means; not paired
B1,B1-M00,2,snv,1049.6186274509805,0.04023135685081858,difference of equal-sample representative means; not paired
B1,B1-M00,2,snv,1055.0793725490196,0.04336160561348512,difference of equal-sample representative means; not paired
B1,B1-M00,2,snv,1060.5401176470589,0.06052814102983217,difference of equal-sample representative means; not paired
B1,B1-M00,2,snv,1066.0008627450982,0.06339241689050468,difference of equal-sample representative means; not paired
B1,B1-M00,2,snv,1071.4616078431372,0.05704047397126555,difference of equal-sample representative means; not paired
B1,B1-M00,2,snv,1076.9223529411765,0.057013783001376384,difference of equal-sample representative means; not paired
B1,B1-M00,2,snv,1082.3830980392158,0.05986996487797658,difference of equal-sample representative means; not paired
B1,B1-M00,2,snv,1087.843843137255,0.06724133982323122,difference of equal-sample representative means; not paired
B1,B1-M00,2,snv,1093.3045882352942,0.070076494070751,difference of equal-sample representative means; not paired
B1,B1-M00,2,snv,1098.7653333333333,0.07009528879984495,difference of equal-sample representative means; not paired
B1,B1-M00,2,snv,1104.2260784313726,0.07613323586888998,difference of equal-sample representative means; not paired
B1,B1-M00,2,snv,1109.6868235294119,0.08226824000618449,difference of equal-sample representative means; not paired
B1,B1-M00,2,snv,1115.1475686274512,-0.006075724587143894,difference of equal-sample representative means; not paired
B1,B1-M00,2,snv,1120.6083137254902,0.07266253247941412,difference of equal-sample representative means; not paired
B1,B1-M00,2,snv,1126.0690588235295,0.1201254605300679,difference of equal-sample representative means; not paired
B1,B1-M00,2,snv,1131.5298039215686,0.0663292132855533,difference of equal-sample representative means; not paired
B1,B1-M00,2,snv,1136.990549019608,0.06679851336462428,difference of equal-sample representative means; not paired
B1,B1-M00,2,snv,1142.4512941176472,0.17861342909868339,difference of equal-sample representative means; not paired
B1,B1-M00,2,snv,1147.9120392156863,0.1851880401969117,difference of equal-sample representative means; not paired
B1,B1-M00,2,snv,1153.3727843137256,0.18875684929458547,difference of equal-sample representative means; not paired
B1,B1-M00,2,snv,1158.8335294117649,0.1948838051196602,difference of equal-sample representative means; not paired
B1,B1-M00,2,snv,1164.294274509804,0.1988573277902692,difference of equal-sample representative means; not paired
B1,B1-M00,2,snv,1169.7550196078432,0.2059851780388824,difference of equal-sample representative means; not paired
B1,B1-M00,2,snv,1175.2157647058825,0.21946670141336988,difference of equal-sample representative means; not paired
B1,B1-M00,2,snv,1180.6765098039216,0.23206320595168262,difference of equal-sample representative means; not paired
B1,B1-M00,2,snv,1186.137254901961,0.23336144422456095,difference of equal-sample representative means; not paired
B1,B1-M00,2,snv,1191.598,0.2345576141288107,difference of equal-sample representative means; not paired
B1,B1-M00,2,snv,1197.0587450980393,0.22691040051527622,difference of equal-sample representative means; not paired
B1,B1-M00,2,snv,1202.5194901960786,0.2218583857419787,difference of equal-sample representative means; not paired
B1,B1-M00,2,snv,1207.9802352941178,0.21256183931628547,difference of equal-sample representative means; not paired
B1,B1-M00,2,snv,1213.440980392157,0.13321881708985284,difference of equal-sample representative means; not paired
B1,B1-M00,2,snv,1218.9017254901962,0.09237407551956234,difference of equal-sample representative means; not paired
B1,B1-M00,2,snv,1224.3624705882353,0.1799751954920299,difference of equal-sample representative means; not paired
B1,B1-M00,2,snv,1229.8232156862746,0.16284570565205025,difference of equal-sample representative means; not paired
B1,B1-M00,2,snv,1235.2839607843139,0.1769988352762164,difference of equal-sample representative means; not paired
B1,B1-M00,2,snv,1240.7447058823532,0.17659421874643422,difference of equal-sample representative means; not paired
B1,B1-M00,2,snv,1246.2054509803922,0.17533827965836923,difference of equal-sample representative means; not paired
B1,B1-M00,2,snv,1251.6661960784315,0.09612931790478818,difference of equal-sample representative means; not paired
B1,B1-M00,2,snv,1257.1269411764706,0.0799430756930335,difference of equal-sample representative means; not paired
B1,B1-M00,2,snv,1262.58768627451,0.17154969407690468,difference of equal-sample representative means; not paired
B1,B1-M00,2,snv,1268.0484313725492,0.15456557310996577,difference of equal-sample representative means; not paired
B1,B1-M00,2,snv,1273.5091764705883,0.1732810832620253,difference of equal-sample representative means; not paired
B1,B1-M00,2,snv,1278.9699215686276,0.17119064562196573,difference of equal-sample representative means; not paired
B1,B1-M00,2,snv,1284.4306666666666,0.1753525119338899,difference of equal-sample representative means; not paired
B1,B1-M00,2,snv,1289.891411764706,0.17625712275040395,difference of equal-sample representative means; not paired
B1,B1-M00,2,snv,1295.3521568627452,0.1748451335513186,difference of equal-sample representative means; not paired
B1,B1-M00,2,snv,1300.8129019607845,0.15445234786261608,difference of equal-sample representative means; not paired
B1,B1-M00,2,snv,1306.2736470588236,0.11821345447699239,difference of equal-sample representative means; not paired
B1,B1-M00,2,snv,1311.734392156863,0.18087654087709648,difference of equal-sample representative means; not paired
B1,B1-M00,2,snv,1317.195137254902,0.18042172308110915,difference of equal-sample representative means; not paired
B1,B1-M00,2,snv,1322.6558823529413,0.18551715338317354,difference of equal-sample representative means; not paired
B1,B1-M00,2,snv,1328.1166274509806,0.18770238418020702,difference of equal-sample representative means; not paired
B1,B1-M00,2,snv,1333.5773725490199,0.18942500272659923,difference of equal-sample representative means; not paired
B1,B1-M00,2,snv,1339.038117647059,0.19244430897593334,difference of equal-sample representative means; not paired
B1,B1-M00,2,snv,1344.4988627450982,0.19506259485570676,difference of equal-sample representative means; not paired
B1,B1-M00,2,snv,1349.9596078431373,0.19429717354566123,difference of equal-sample representative means; not paired
B1,B1-M00,2,snv,1355.4203529411766,0.1933103444947729,difference of equal-sample representative means; not paired
B1,B1-M00,2,snv,1360.8810980392159,0.19347071312820008,difference of equal-sample representative means; not paired
B1,B1-M00,2,snv,1366.341843137255,0.18496077505138692,difference of equal-sample representative means; not paired
B1,B1-M00,2,snv,1371.8025882352943,0.10558581750470153,difference of equal-sample representative means; not paired
B1,B1-M00,2,snv,1377.2633333333333,0.10439173799980395,difference of equal-sample representative means; not paired
B1,B1-M00,2,snv,1382.7240784313726,0.1989977394016263,difference of equal-sample representative means; not paired
B1,B1-M00,2,snv,1388.184823529412,0.1931188982542375,difference of equal-sample representative means; not paired
B1,B1-M00,2,snv,1393.6455686274512,0.19234002857814836,difference of equal-sample representative means; not paired
B1,B1-M00,2,snv,1399.1063137254903,0.18103375293650562,difference of equal-sample representative means; not paired
B1,B1-M00,2,snv,1404.5670588235296,0.1702853933541155,difference of equal-sample representative means; not paired
B1,B1-M00,2,snv,1410.0278039215686,0.1653189699895828,difference of equal-sample representative means; not paired
B1,B1-M00,2,snv,1415.488549019608,0.16082388977379147,difference of equal-sample representative means; not paired
B1,B1-M00,2,snv,1420.9492941176472,0.15579195782789196,difference of equal-sample representative means; not paired
B1,B1-M00,2,snv,1426.4100392156865,0.15303357916484334,difference of equal-sample representative means; not paired
B1,B1-M00,2,snv,1431.8707843137256,0.1496629764141686,difference of equal-sample representative means; not paired
B1,B1-M00,2,snv,1437.3315294117647,0.1421600274487752,difference of equal-sample representative means; not paired
B1,B1-M00,2,snv,1442.792274509804,0.14774786420682284,difference of equal-sample representative means; not paired
B1,B1-M00,2,snv,1448.2530196078433,0.15314832047872085,difference of equal-sample representative means; not paired
B1,B1-M00,2,snv,1453.7137647058826,0.10046880826815763,difference of equal-sample representative means; not paired
B1,B1-M00,2,snv,1459.1745098039219,0.08632744210306642,difference of equal-sample representative means; not paired
B1,B1-M00,2,snv,1464.635254901961,0.1460204591420038,difference of equal-sample representative means; not paired
B1,B1-M00,2,snv,1470.096,0.14201418083179507,difference of equal-sample representative means; not paired
B1,B1-M00,2,snv,1475.5567450980393,0.15102075363388523,difference of equal-sample representative means; not paired
B1,B1-M00,2,snv,1481.0174901960786,0.15484485027294126,difference of equal-sample representative means; not paired
B1,B1-M00,2,snv,1486.478235294118,0.15242441014372077,difference of equal-sample representative means; not paired
B1,B1-M00,2,snv,1491.938980392157,0.15192519420044082,difference of equal-sample representative means; not paired
B1,B1-M00,2,snv,1497.3997254901963,0.15197594096844735,difference of equal-sample representative means; not paired
B1,B1-M00,2,snv,1502.8604705882353,0.1510782018600172,difference of equal-sample representative means; not paired
B1,B1-M00,2,snv,1508.3212156862746,0.1488098711084197,difference of equal-sample representative means; not paired
B1,B1-M00,2,snv,1513.781960784314,0.14047962450368734,difference of equal-sample representative means; not paired
B1,B1-M00,2,snv,1519.2427058823532,0.1434470216734559,difference of equal-sample representative means; not paired
B1,B1-M00,2,snv,1524.7034509803923,0.14313679643878163,difference of equal-sample representative means; not paired
B1,B1-M00,2,snv,1530.1641960784316,0.14211464240210636,difference of equal-sample representative means; not paired
B1,B1-M00,2,snv,1535.6249411764707,0.13865546011512953,difference of equal-sample representative means; not paired
B1,B1-M00,2,snv,1541.08568627451,0.13478843735143342,difference of equal-sample representative means; not paired
B1,B1-M00,2,snv,1546.5464313725493,0.13231087865396218,difference of equal-sample representative means; not paired
B1,B1-M00,2,snv,1552.0071764705885,0.1293502547203529,difference of equal-sample representative means; not paired
B1,B1-M00,2,snv,1557.4679215686276,0.1298729748308073,difference of equal-sample representative means; not paired
B1,B1-M00,2,snv,1562.9286666666667,0.1110518486119606,difference of equal-sample representative means; not paired
B1,B1-M00,2,snv,1568.389411764706,0.11994855713215924,difference of equal-sample representative means; not paired
B1,B1-M00,2,snv,1573.8501568627453,0.1259427471147806,difference of equal-sample representative means; not paired
B1,B1-M00,2,snv,1579.3109019607846,0.12603684018747652,difference of equal-sample representative means; not paired
B1,B1-M00,2,snv,1584.7716470588239,0.12339302851067491,difference of equal-sample representative means; not paired
B1,B1-M00,2,snv,1590.232392156863,0.11828687803774662,difference of equal-sample representative means; not paired
B1,B1-M00,2,snv,1595.693137254902,0.11844937328095195,difference of equal-sample representative means; not paired
B1,B1-M00,2,snv,1601.1538823529413,0.11444616930892887,difference of equal-sample representative means; not paired
B1,B1-M00,2,snv,1606.6146274509806,0.11352960769130516,difference of equal-sample representative means; not paired
B1,B1-M00,2,snv,1612.07537254902,0.11062022341809513,difference of equal-sample representative means; not paired
B1,B1-M00,2,snv,1617.536117647059,0.10997165367731693,difference of equal-sample representative means; not paired
B1,B1-M00,2,snv,1622.9968627450983,0.10830654493735453,difference of equal-sample representative means; not paired
B1,B1-M00,2,snv,1628.4576078431373,0.1013217820530185,difference of equal-sample representative means; not paired
B1,B1-M00,2,snv,1633.9183529411766,0.09401452699701968,difference of equal-sample representative means; not paired
B1,B1-M00,2,snv,1639.379098039216,0.09913746557345748,difference of equal-sample representative means; not paired
B1,B1-M00,2,snv,1644.8398431372552,0.09351443415651989,difference of equal-sample representative means; not paired
B1,B1-M00,2,snv,1650.3005882352943,0.08776721623113959,difference of equal-sample representative means; not paired
B1,B1-M00,2,snv,1655.7613333333334,0.08839139536387175,difference of equal-sample representative means; not paired
B1,B1-M00,2,snv,1661.2220784313727,0.08858317113896286,difference of equal-sample representative means; not paired
B1,B1-M00,2,snv,1666.682823529412,0.08608568455081,difference of equal-sample representative means; not paired
B1,B1-M00,2,snv,1672.1435686274513,0.06953908644462958,difference of equal-sample representative means; not paired
B1,B1-M00,2,snv,1677.6043137254906,-0.007464705426701579,difference of equal-sample representative means; not paired
B1,B1-M00,2,snv,1683.0650588235296,0.08544100762469109,difference of equal-sample representative means; not paired
B1,B1-M00,2,snv,1688.5258039215687,0.10083029384041231,difference of equal-sample representative means; not paired
B1,B1-M00,2,snv,1693.986549019608,0.10596698460836967,difference of equal-sample representative means; not paired
B1,B1-M00,2,snv,1699.4472941176473,0.10029635478926602,difference of equal-sample representative means; not paired
B1,B1-M00,2,snv,1704.9080392156866,0.09332453618660796,difference of equal-sample representative means; not paired
B1,B1-M00,2,snv,1710.3687843137257,0.09602407893647591,difference of equal-sample representative means; not paired
B1,B1-M00,2,snv,1715.829529411765,0.09954908997703726,difference of equal-sample representative means; not paired
B1,B1-M00,2,snv,1721.290274509804,0.09032257276287198,difference of equal-sample representative means; not paired
B1,B1-M00,2,snv,1726.7510196078433,0.08442928022213797,difference of equal-sample representative means; not paired
B1,B1-M00,2,snv,1732.2117647058826,0.07867320874050127,difference of equal-sample representative means; not paired
B1,B1-M00,2,snv,1737.672509803922,0.07065475300687535,difference of equal-sample representative means; not paired
B1,B1-M00,2,snv,1743.133254901961,0.06093265200403053,difference of equal-sample representative means; not paired
B1,B1-M00,2,snv,1748.594,0.05494876756164263,difference of equal-sample representative means; not paired
B1,B1-M00,2,snv,1754.0547450980393,0.053357389011123746,difference of equal-sample representative means; not paired
B1,B1-M00,2,snv,1759.5154901960786,0.04014979882467945,difference of equal-sample representative means; not paired
B1,B1-M00,2,snv,1764.976235294118,0.04745550855735514,difference of equal-sample representative means; not paired
B1,B1-M00,2,snv,1770.4369803921572,0.039242552398346287,difference of equal-sample representative means; not paired
B1,B1-M00,2,snv,1775.8977254901963,0.035621005395114536,difference of equal-sample representative means; not paired
B1,B1-M00,2,snv,1781.3584705882354,0.030838008654053672,difference of equal-sample representative means; not paired
B1,B1-M00,2,snv,1786.8192156862747,0.025117643338482654,difference of equal-sample representative means; not paired
B1,B1-M00,2,snv,1792.279960784314,0.001537495899995911,difference of equal-sample representative means; not paired
B1,B1-M00,2,snv,1797.7407058823533,-0.052105683943194814,difference of equal-sample representative means; not paired
B1,B1-M00,2,snv,1803.2014509803923,0.003599910623030389,difference of equal-sample representative means; not paired
B1,B1-M00,2,snv,1808.6621960784316,0.000998810490506985,difference of equal-sample representative means; not paired
B1,B1-M00,2,snv,1814.1229411764707,-0.0022950623968022166,difference of equal-sample representative means; not paired
B1,B1-M00,2,snv,1819.58368627451,-0.00943249087139525,difference of equal-sample representative means; not paired
B1,B1-M00,2,snv,1825.0444313725493,-0.017630363016819695,difference of equal-sample representative means; not paired
B1,B1-M00,2,snv,1830.5051764705886,-0.024238579066020505,difference of equal-sample representative means; not paired
B1,B1-M00,2,snv,1835.9659215686277,-0.030454765121542826,difference of equal-sample representative means; not paired
B1,B1-M00,2,snv,1841.4266666666667,-0.03988202480906283,difference of equal-sample representative means; not paired
B1,B1-M00,2,snv,1846.887411764706,-0.04111435473745012,difference of equal-sample representative means; not paired
B1,B1-M00,2,snv,1852.3481568627453,-0.04893350755349174,difference of equal-sample representative means; not paired
B1,B1-M00,2,snv,1857.8089019607846,-0.05094986224108483,difference of equal-sample representative means; not paired
B1,B1-M00,2,snv,1863.269647058824,-0.053955237175763116,difference of equal-sample representative means; not paired
B1,B1-M00,2,snv,1868.730392156863,-0.062304481849293936,difference of equal-sample representative means; not paired
B1,B1-M00,2,snv,1874.191137254902,-0.07641330775797694,difference of equal-sample representative means; not paired
B1,B1-M00,2,snv,1879.6518823529414,-0.08986852647565757,difference of equal-sample representative means; not paired
B1,B1-M00,2,snv,1885.1126274509807,-0.08175136112466569,difference of equal-sample representative means; not paired
B1,B1-M00,2,snv,1890.57337254902,-0.07942458394936103,difference of equal-sample representative means; not paired
B1,B1-M00,2,snv,1896.034117647059,-0.0771310814431595,difference of equal-sample representative means; not paired
B1,B1-M00,2,snv,1901.4948627450983,-0.06831266580069761,difference of equal-sample representative means; not paired
B1,B1-M00,2,snv,1906.9556078431374,-0.039154577089295706,difference of equal-sample representative means; not paired
B1,B1-M00,2,snv,1912.4163529411767,-0.0027611885183866924,difference of equal-sample representative means; not paired
B1,B1-M00,2,snv,1917.877098039216,0.020586934849789795,difference of equal-sample representative means; not paired
B1,B1-M00,2,snv,1923.3378431372553,0.0331411909424435,difference of equal-sample representative means; not paired
B1,B1-M00,2,snv,1928.7985882352943,0.03547704627707726,difference of equal-sample representative means; not paired
B1,B1-M00,2,snv,1934.2593333333336,0.05157534142215381,difference of equal-sample representative means; not paired
B1,B1-M00,2,snv,1939.7200784313727,0.05534954967802652,difference of equal-sample representative means; not paired
B1,B1-M00,2,snv,1945.180823529412,0.04051524007396279,difference of equal-sample representative means; not paired
B1,B1-M00,2,snv,1950.6415686274513,0.027356647690150337,difference of equal-sample representative means; not paired
B1,B1-M00,2,snv,1956.1023137254906,0.019594330597593856,difference of equal-sample representative means; not paired
B1,B1-M00,2,snv,1961.5630588235294,0.0024722614743462046,difference of equal-sample representative means; not paired
B1,B1-M00,2,snv,1967.0238039215687,-0.019648555484552355,difference of equal-sample representative means; not paired
B1,B1-M00,2,snv,1972.484549019608,-0.038677040680659025,difference of equal-sample representative means; not paired
B1,B1-M00,2,snv,1977.9452941176473,-0.0459939115466631,difference of equal-sample representative means; not paired
B1,B1-M00,2,snv,1983.4060392156866,-0.06415284331144544,difference of equal-sample representative means; not paired
B1,B1-M00,2,snv,1988.866784313726,-0.07887426077021165,difference of equal-sample representative means; not paired
B1,B1-M00,2,snv,1994.3275294117648,-0.10282352414589235,difference of equal-sample representative means; not paired
B1,B1-M00,2,snv,1999.788274509804,-0.13384292849389112,difference of equal-sample representative means; not paired
B1,B1-M00,2,snv,2005.2490196078434,-0.1415156330021493,difference of equal-sample representative means; not paired
B1,B1-M00,2,snv,2010.7097647058827,-0.1567437255520412,difference of equal-sample representative means; not paired
B1,B1-M00,2,snv,2016.170509803922,-0.16029848031197091,difference of equal-sample representative means; not paired
B1,B1-M00,2,snv,2021.6312549019613,-0.18342469185854926,difference of equal-sample representative means; not paired
B1,B1-M00,2,snv,2027.092,-0.1986526866914905,difference of equal-sample representative means; not paired
B1,B1-M00,2,snv,2032.5527450980394,-0.20691897014126326,difference of equal-sample representative means; not paired
B1,B1-M00,2,snv,2038.0134901960787,-0.21289158930314545,difference of equal-sample representative means; not paired
B1,B1-M00,2,snv,2043.474235294118,-0.21662369661527459,difference of equal-sample representative means; not paired
B1,B1-M00,2,snv,2048.9349803921573,-0.21668076253487778,difference of equal-sample representative means; not paired
B1,B1-M00,2,snv,2054.3957254901966,-0.21921418576478213,difference of equal-sample representative means; not paired
B1,B1-M00,2,snv,2059.8564705882354,-0.21514315655173943,difference of equal-sample representative means; not paired
B1,B1-M00,2,snv,2065.3172156862747,-0.2283056303347215,difference of equal-sample representative means; not paired
B1,B1-M00,2,snv,2070.777960784314,-0.24125857890035662,difference of equal-sample representative means; not paired
B1,B1-M00,2,snv,2076.2387058823533,-0.22833875847248997,difference of equal-sample representative means; not paired
B1,B1-M00,2,snv,2081.6994509803926,-0.21067395709789716,difference of equal-sample representative means; not paired
B1,B1-M00,2,snv,2087.1601960784315,-0.2178476062524871,difference of equal-sample representative means; not paired
B1,B1-M00,2,snv,2092.6209411764708,-0.186523961793435,difference of equal-sample representative means; not paired
B1,B1-M00,2,snv,2098.08168627451,-0.21603897236732805,difference of equal-sample representative means; not paired
B1,B1-M00,2,snv,2103.5424313725493,-0.23916151634475347,difference of equal-sample representative means; not paired
B1,B1-M00,2,snv,2109.0031764705886,-0.25165972365312794,difference of equal-sample representative means; not paired
B1,B1-M00,2,snv,2114.463921568628,-0.24659146381770436,difference of equal-sample representative means; not paired
B1,B1-M00,2,snv,2119.924666666667,-0.24379696024443365,difference of equal-sample representative means; not paired
B1,B1-M00,2,snv,2125.385411764706,-0.25702812166783184,difference of equal-sample representative means; not paired
B1,B1-M00,2,snv,2130.8461568627454,-0.2726127496475498,difference of equal-sample representative means; not paired
B1,B1-M00,2,snv,2136.3069019607847,-0.2789171615970537,difference of equal-sample representative means; not paired
B1,B1-M00,2,snv,2141.767647058824,-0.27273011809856385,difference of equal-sample representative means; not paired
B1,B1-M00,2,snv,2147.2283921568633,-0.31060912205152624,difference of equal-sample representative means; not paired
B1,B1-M00,2,snv,2152.689137254902,-0.32300384894862844,difference of equal-sample representative means; not paired
B1,B1-M00,2,snv,2158.1498823529414,-0.31994982432820707,difference of equal-sample representative means; not paired
B1,B1-M00,2,snv,2163.6106274509807,-0.31424714382749397,difference of equal-sample representative means; not paired
B1,B1-M00,2,snv,2169.07137254902,-0.31477650018388126,difference of equal-sample representative means; not paired
B1,B1-M00,2,snv,2174.5321176470593,-0.3346752550287929,difference of equal-sample representative means; not paired
B1,B1-M00,2,snv,2179.992862745098,-0.3267701443068083,difference of equal-sample representative means; not paired
B1,B1-M00,2,snv,2185.4536078431374,-0.33982838325542064,difference of equal-sample representative means; not paired
B1,B1-M00,2,snv,2190.9143529411767,-0.3377025305003277,difference of equal-sample representative means; not paired
B1,B1-M00,2,snv,2196.375098039216,-0.33886362941112436,difference of equal-sample representative means; not paired
B1,B1-M00,2,snv,2201.8358431372553,-0.3504828561639135,difference of equal-sample representative means; not paired
B1,B1-M00,2,snv,2207.2965882352946,-0.36023591159434154,difference of equal-sample representative means; not paired
B1,B1-M00,2,snv,2212.7573333333335,-0.3583079016869438,difference of equal-sample representative means; not paired
B1,B1-M00,2,snv,2218.2180784313728,-0.36558437480764017,difference of equal-sample representative means; not paired
B1,B1-M00,2,snv,2223.678823529412,-0.3667616075989192,difference of equal-sample representative means; not paired
B1,B1-M00,2,snv,2229.1395686274514,-0.39347345382419124,difference of equal-sample representative means; not paired
B1,B1-M00,2,snv,2234.6003137254907,-0.4063925162525372,difference of equal-sample representative means; not paired
B1,B1-M00,2,snv,2240.06105882353,-0.37749813910500685,difference of equal-sample representative means; not paired
B1,B1-M00,2,snv,2245.521803921569,-0.35656573608370123,difference of equal-sample representative means; not paired
B1,B1-M00,2,snv,2250.982549019608,-0.35506844255323056,difference of equal-sample representative means; not paired
B1,B1-M00,2,snv,2256.4432941176474,-0.3175634157412983,difference of equal-sample representative means; not paired
B1,B1-M00,2,snv,2261.9040392156867,-0.24221706560832434,difference of equal-sample representative means; not paired
B1,B1-M00,2,snv,2267.364784313726,-0.2104009599497515,difference of equal-sample representative means; not paired
B1,B1-M00,2,snv,2272.825529411765,-0.16830112265179897,difference of equal-sample representative means; not paired
B1,B1-M00,2,snv,2278.286274509804,-0.1632173417007221,difference of equal-sample representative means; not paired
B1,B1-M00,2,snv,2283.7470196078434,-0.11791713679763827,difference of equal-sample representative means; not paired
B1,B1-M00,2,snv,2289.2077647058827,-0.07138981729331606,difference of equal-sample representative means; not paired
B1,B1-M00,2,snv,2294.668509803922,-0.047128216483061314,difference of equal-sample representative means; not paired
B1,B1-M00,2,snv,2300.1292549019613,0.013023508495759728,difference of equal-sample representative means; not paired
B1,B1-M00,2,snv,2305.59,-0.03725784462470827,difference of equal-sample representative means; not paired
B1,B1-M00,2,second_derivative,913.1,7.768566760873565e-05,difference of equal-sample representative means; not paired
B1,B1-M00,2,second_derivative,918.5607450980392,7.768566760873565e-05,difference of equal-sample representative means; not paired
B1,B1-M00,2,second_derivative,924.0214901960785,7.768566760873565e-05,difference of equal-sample representative means; not paired
B1,B1-M00,2,second_derivative,929.4822352941177,7.768566760873447e-05,difference of equal-sample representative means; not paired
B1,B1-M00,2,second_derivative,934.9429803921569,5.5909708832614616e-05,difference of equal-sample representative means; not paired
B1,B1-M00,2,second_derivative,940.4037254901962,4.784234924671287e-05,difference of equal-sample representative means; not paired
B1,B1-M00,2,second_derivative,945.8644705882353,3.126818145707021e-05,difference of equal-sample representative means; not paired
B1,B1-M00,2,second_derivative,951.3252156862745,2.6276075140916307e-05,difference of equal-sample representative means; not paired
B1,B1-M00,2,second_derivative,956.7859607843137,2.009779522627506e-05,difference of equal-sample representative means; not paired
B1,B1-M00,2,second_derivative,962.246705882353,3.53350139664524e-07,difference of equal-sample representative means; not paired
B1,B1-M00,2,second_derivative,967.7074509803922,5.932656220682069e-06,difference of equal-sample representative means; not paired
B1,B1-M00,2,second_derivative,973.1681960784314,1.854616654439105e-05,difference of equal-sample representative means; not paired
B1,B1-M00,2,second_derivative,978.6289411764706,-5.182222122861054e-06,difference of equal-sample representative means; not paired
B1,B1-M00,2,second_derivative,984.0896862745099,-2.000332024016219e-05,difference of equal-sample representative means; not paired
B1,B1-M00,2,second_derivative,989.550431372549,-2.1541241859472658e-05,difference of equal-sample representative means; not paired
B1,B1-M00,2,second_derivative,995.0111764705882,-1.144556117112765e-05,difference of equal-sample representative means; not paired
B1,B1-M00,2,second_derivative,1000.4719215686275,9.673218091254576e-06,difference of equal-sample representative means; not paired
B1,B1-M00,2,second_derivative,1005.9326666666667,2.736517394152826e-05,difference of equal-sample representative means; not paired
B1,B1-M00,2,second_derivative,1011.3934117647059,3.9869191539166855e-06,difference of equal-sample representative means; not paired
B1,B1-M00,2,second_derivative,1016.8541568627452,-6.572584209430585e-07,difference of equal-sample representative means; not paired
B1,B1-M00,2,second_derivative,1022.3149019607844,1.928166629373532e-05,difference of equal-sample representative means; not paired
B1,B1-M00,2,second_derivative,1027.7756470588236,5.869561145748728e-06,difference of equal-sample representative means; not paired
B1,B1-M00,2,second_derivative,1033.2363921568628,-1.1152564403970252e-05,difference of equal-sample representative means; not paired
B1,B1-M00,2,second_derivative,1038.697137254902,-1.8786075726234226e-05,difference of equal-sample representative means; not paired
B1,B1-M00,2,second_derivative,1044.1578823529412,-2.2042999152012635e-05,difference of equal-sample representative means; not paired
B1,B1-M00,2,second_derivative,1049.6186274509805,-9.334736695929919e-06,difference of equal-sample representative means; not paired
B1,B1-M00,2,second_derivative,1055.0793725490196,1.9841305796858964e-05,difference of equal-sample representative means; not paired
B1,B1-M00,2,second_derivative,1060.5401176470589,9.743463803845093e-06,difference of equal-sample representative means; not paired
B1,B1-M00,2,second_derivative,1066.0008627450982,4.4816073424905915e-06,difference of equal-sample representative means; not paired
B1,B1-M00,2,second_derivative,1071.4616078431372,1.5671818103839523e-06,difference of equal-sample representative means; not paired
B1,B1-M00,2,second_derivative,1076.9223529411765,-3.817433652363854e-06,difference of equal-sample representative means; not paired
B1,B1-M00,2,second_derivative,1082.3830980392158,-3.722462622147866e-06,difference of equal-sample representative means; not paired
B1,B1-M00,2,second_derivative,1087.843843137255,-2.6167960281278254e-06,difference of equal-sample representative means; not paired
B1,B1-M00,2,second_derivative,1093.3045882352942,-1.698691516861007e-06,difference of equal-sample representative means; not paired
B1,B1-M00,2,second_derivative,1098.7653333333333,1.824751824828472e-05,difference of equal-sample representative means; not paired
B1,B1-M00,2,second_derivative,1104.2260784313726,8.845303088540337e-07,difference of equal-sample representative means; not paired
B1,B1-M00,2,second_derivative,1109.6868235294119,-1.9983393651893988e-05,difference of equal-sample representative means; not paired
B1,B1-M00,2,second_derivative,1115.1475686274512,-1.3752194471716223e-05,difference of equal-sample representative means; not paired
B1,B1-M00,2,second_derivative,1120.6083137254902,-9.89600031114037e-06,difference of equal-sample representative means; not paired
B1,B1-M00,2,second_derivative,1126.0690588235295,-2.4658607717783045e-05,difference of equal-sample representative means; not paired
B1,B1-M00,2,second_derivative,1131.5298039215686,-8.504523243062656e-06,difference of equal-sample representative means; not paired
B1,B1-M00,2,second_derivative,1136.990549019608,-1.2531758286346023e-05,difference of equal-sample representative means; not paired
B1,B1-M00,2,second_derivative,1142.4512941176472,2.527967560639728e-06,difference of equal-sample representative means; not paired
B1,B1-M00,2,second_derivative,1147.9120392156863,3.01390259247635e-05,difference of equal-sample representative means; not paired
B1,B1-M00,2,second_derivative,1153.3727843137256,2.406272291305084e-05,difference of equal-sample representative means; not paired
B1,B1-M00,2,second_derivative,1158.8335294117649,-8.014704223289232e-06,difference of equal-sample representative means; not paired
B1,B1-M00,2,second_derivative,1164.294274509804,-1.2965761137846186e-05,difference of equal-sample representative means; not paired
B1,B1-M00,2,second_derivative,1169.7550196078432,-7.285557561076574e-06,difference of equal-sample representative means; not paired
B1,B1-M00,2,second_derivative,1175.2157647058825,3.481065625389286e-06,difference of equal-sample representative means; not paired
B1,B1-M00,2,second_derivative,1180.6765098039216,1.8517505365683036e-05,difference of equal-sample representative means; not paired
B1,B1-M00,2,second_derivative,1186.137254901961,2.89711224289441e-05,difference of equal-sample representative means; not paired
B1,B1-M00,2,second_derivative,1191.598,3.036450297629103e-05,difference of equal-sample representative means; not paired
B1,B1-M00,2,second_derivative,1197.0587450980393,3.96140069279897e-05,difference of equal-sample representative means; not paired
B1,B1-M00,2,second_derivative,1202.5194901960786,3.467205994388712e-05,difference of equal-sample representative means; not paired
B1,B1-M00,2,second_derivative,1207.9802352941178,-6.496364597647036e-06,difference of equal-sample representative means; not paired
B1,B1-M00,2,second_derivative,1213.440980392157,-2.36588131879505e-05,difference of equal-sample representative means; not paired
B1,B1-M00,2,second_derivative,1218.9017254901962,-3.737806074967108e-05,difference of equal-sample representative means; not paired
B1,B1-M00,2,second_derivative,1224.3624705882353,-3.011171211450973e-05,difference of equal-sample representative means; not paired
B1,B1-M00,2,second_derivative,1229.8232156862746,-1.752424401503225e-06,difference of equal-sample representative means; not paired
B1,B1-M00,2,second_derivative,1235.2839607843139,2.6831454935299225e-05,difference of equal-sample representative means; not paired
B1,B1-M00,2,second_derivative,1240.7447058823532,1.7052476066687603e-05,difference of equal-sample representative means; not paired
B1,B1-M00,2,second_derivative,1246.2054509803922,-6.925878000611723e-06,difference of equal-sample representative means; not paired
B1,B1-M00,2,second_derivative,1251.6661960784315,-2.824589212850687e-05,difference of equal-sample representative means; not paired
B1,B1-M00,2,second_derivative,1257.1269411764706,-2.947413428955397e-05,difference of equal-sample representative means; not paired
B1,B1-M00,2,second_derivative,1262.58768627451,-1.1966703608971413e-05,difference of equal-sample representative means; not paired
B1,B1-M00,2,second_derivative,1268.0484313725492,1.5998299351620127e-05,difference of equal-sample representative means; not paired
B1,B1-M00,2,second_derivative,1273.5091764705883,1.6417815535399854e-05,difference of equal-sample representative means; not paired
B1,B1-M00,2,second_derivative,1278.9699215686276,-4.378474872737895e-06,difference of equal-sample representative means; not paired
B1,B1-M00,2,second_derivative,1284.4306666666666,2.195540865876831e-07,difference of equal-sample representative means; not paired
B1,B1-M00,2,second_derivative,1289.891411764706,4.523726751683373e-06,difference of equal-sample representative means; not paired
B1,B1-M00,2,second_derivative,1295.3521568627452,1.2715944006585307e-06,difference of equal-sample representative means; not paired
B1,B1-M00,2,second_derivative,1300.8129019607845,-3.46301790131955e-06,difference of equal-sample representative means; not paired
B1,B1-M00,2,second_derivative,1306.2736470588236,-6.028144987972539e-06,difference of equal-sample representative means; not paired
B1,B1-M00,2,second_derivative,1311.734392156863,-4.800195285802735e-06,difference of equal-sample representative means; not paired
B1,B1-M00,2,second_derivative,1317.195137254902,-8.687127892670487e-07,difference of equal-sample representative means; not paired
B1,B1-M00,2,second_derivative,1322.6558823529413,1.7545334504004135e-06,difference of equal-sample representative means; not paired
B1,B1-M00,2,second_derivative,1328.1166274509806,-3.246666852299511e-06,difference of equal-sample representative means; not paired
B1,B1-M00,2,second_derivative,1333.5773725490199,-3.1010444639197385e-06,difference of equal-sample representative means; not paired
B1,B1-M00,2,second_derivative,1339.038117647059,-4.671746359894613e-06,difference of equal-sample representative means; not paired
B1,B1-M00,2,second_derivative,1344.4988627450982,-3.9424165893995095e-06,difference of equal-sample representative means; not paired
B1,B1-M00,2,second_derivative,1349.9596078431373,5.024730934946119e-07,difference of equal-sample representative means; not paired
B1,B1-M00,2,second_derivative,1355.4203529411766,2.2799601237143168e-05,difference of equal-sample representative means; not paired
B1,B1-M00,2,second_derivative,1360.8810980392159,2.4052420681436585e-05,difference of equal-sample representative means; not paired
B1,B1-M00,2,second_derivative,1366.341843137255,-1.0487604258912461e-05,difference of equal-sample representative means; not paired
B1,B1-M00,2,second_derivative,1371.8025882352943,-2.446094235904711e-05,difference of equal-sample representative means; not paired
B1,B1-M00,2,second_derivative,1377.2633333333333,-1.9513854889632725e-05,difference of equal-sample representative means; not paired
B1,B1-M00,2,second_derivative,1382.7240784313726,6.840498309485101e-06,difference of equal-sample representative means; not paired
B1,B1-M00,2,second_derivative,1388.184823529412,4.469679444743727e-05,difference of equal-sample representative means; not paired
B1,B1-M00,2,second_derivative,1393.6455686274512,4.515741956760305e-05,difference of equal-sample representative means; not paired
B1,B1-M00,2,second_derivative,1399.1063137254903,1.876637526772937e-05,difference of equal-sample representative means; not paired
B1,B1-M00,2,second_derivative,1404.5670588235296,1.3006400972780509e-05,difference of equal-sample representative means; not paired
B1,B1-M00,2,second_derivative,1410.0278039215686,6.353496191649175e-06,difference of equal-sample representative means; not paired
B1,B1-M00,2,second_derivative,1415.488549019608,2.904349814615769e-06,difference of equal-sample representative means; not paired
B1,B1-M00,2,second_derivative,1420.9492941176472,-4.018581629376661e-06,difference of equal-sample representative means; not paired
B1,B1-M00,2,second_derivative,1426.4100392156865,-1.2978359495701786e-05,difference of equal-sample representative means; not paired
B1,B1-M00,2,second_derivative,1431.8707843137256,-1.9316100990369594e-05,difference of equal-sample representative means; not paired
B1,B1-M00,2,second_derivative,1437.3315294117647,-3.4951381413219555e-06,difference of equal-sample representative means; not paired
B1,B1-M00,2,second_derivative,1442.792274509804,6.32824091023463e-06,difference of equal-sample representative means; not paired
B1,B1-M00,2,second_derivative,1448.2530196078433,-1.2722999385214258e-05,difference of equal-sample representative means; not paired
B1,B1-M00,2,second_derivative,1453.7137647058826,-2.599405654444626e-05,difference of equal-sample representative means; not paired
B1,B1-M00,2,second_derivative,1459.1745098039219,-2.8722351524793913e-05,difference of equal-sample representative means; not paired
B1,B1-M00,2,second_derivative,1464.635254901961,-1.3479297904962516e-05,difference of equal-sample representative means; not paired
B1,B1-M00,2,second_derivative,1470.096,1.0606356973162964e-05,difference of equal-sample representative means; not paired
B1,B1-M00,2,second_derivative,1475.5567450980393,1.0918809611097293e-05,difference of equal-sample representative means; not paired
B1,B1-M00,2,second_derivative,1481.0174901960786,-8.351303360335843e-06,difference of equal-sample representative means; not paired
B1,B1-M00,2,second_derivative,1486.478235294118,-9.048942335908207e-06,difference of equal-sample representative means; not paired
B1,B1-M00,2,second_derivative,1491.938980392157,-4.709207033595005e-06,difference of equal-sample representative means; not paired
B1,B1-M00,2,second_derivative,1497.3997254901963,2.621953278415333e-06,difference of equal-sample representative means; not paired
B1,B1-M00,2,second_derivative,1502.8604705882353,-7.307699997793524e-07,difference of equal-sample representative means; not paired
B1,B1-M00,2,second_derivative,1508.3212156862746,-2.224322073038307e-06,difference of equal-sample representative means; not paired
B1,B1-M00,2,second_derivative,1513.781960784314,-1.972263523566319e-06,difference of equal-sample representative means; not paired
B1,B1-M00,2,second_derivative,1519.2427058823532,-3.2756311734359847e-06,difference of equal-sample representative means; not paired
B1,B1-M00,2,second_derivative,1524.7034509803923,-1.921222239589574e-06,difference of equal-sample representative means; not paired
B1,B1-M00,2,second_derivative,1530.1641960784316,3.7987716120206395e-06,difference of equal-sample representative means; not paired
B1,B1-M00,2,second_derivative,1535.6249411764707,5.809225259801237e-06,difference of equal-sample representative means; not paired
B1,B1-M00,2,second_derivative,1541.08568627451,5.093300252174294e-06,difference of equal-sample representative means; not paired
B1,B1-M00,2,second_derivative,1546.5464313725493,5.17568188465577e-06,difference of equal-sample representative means; not paired
B1,B1-M00,2,second_derivative,1552.0071764705885,-2.9551925779087128e-06,difference of equal-sample representative means; not paired
B1,B1-M00,2,second_derivative,1557.4679215686276,-6.955324909218865e-06,difference of equal-sample representative means; not paired
B1,B1-M00,2,second_derivative,1562.9286666666667,-3.3911022879277547e-06,difference of equal-sample representative means; not paired
B1,B1-M00,2,second_derivative,1568.389411764706,-7.0610617095536e-07,difference of equal-sample representative means; not paired
B1,B1-M00,2,second_derivative,1573.8501568627453,5.952810342733236e-07,difference of equal-sample representative means; not paired
B1,B1-M00,2,second_derivative,1579.3109019607846,3.403374737485828e-06,difference of equal-sample representative means; not paired
B1,B1-M00,2,second_derivative,1584.7716470588239,-1.878757138027104e-06,difference of equal-sample representative means; not paired
B1,B1-M00,2,second_derivative,1590.232392156863,-5.447744660601845e-06,difference of equal-sample representative means; not paired
B1,B1-M00,2,second_derivative,1595.693137254902,-5.6276060868205415e-06,difference of equal-sample representative means; not paired
B1,B1-M00,2,second_derivative,1601.1538823529413,-4.313027606914314e-06,difference of equal-sample representative means; not paired
B1,B1-M00,2,second_derivative,1606.6146274509806,-3.389851740186133e-06,difference of equal-sample representative means; not paired
B1,B1-M00,2,second_derivative,1612.07537254902,-2.824136752505605e-06,difference of equal-sample representative means; not paired
B1,B1-M00,2,second_derivative,1617.536117647059,-1.2484817176434753e-06,difference of equal-sample representative means; not paired
B1,B1-M00,2,second_derivative,1622.9968627450983,2.0783595199276795e-07,difference of equal-sample representative means; not paired
B1,B1-M00,2,second_derivative,1628.4576078431373,4.718068933900398e-06,difference of equal-sample representative means; not paired
B1,B1-M00,2,second_derivative,1633.9183529411766,1.061866817514023e-05,difference of equal-sample representative means; not paired
B1,B1-M00,2,second_derivative,1639.379098039216,1.0811242881265381e-05,difference of equal-sample representative means; not paired
B1,B1-M00,2,second_derivative,1644.8398431372552,4.849786404289656e-06,difference of equal-sample representative means; not paired
B1,B1-M00,2,second_derivative,1650.3005882352943,-2.987958733992251e-06,difference of equal-sample representative means; not paired
B1,B1-M00,2,second_derivative,1655.7613333333334,-6.471099758741401e-06,difference of equal-sample representative means; not paired
B1,B1-M00,2,second_derivative,1661.2220784313727,6.311108274088132e-06,difference of equal-sample representative means; not paired
B1,B1-M00,2,second_derivative,1666.682823529412,-1.6636793964269518e-05,difference of equal-sample representative means; not paired
B1,B1-M00,2,second_derivative,1672.1435686274513,-3.276943680501524e-05,difference of equal-sample representative means; not paired
B1,B1-M00,2,second_derivative,1677.6043137254906,-2.936961550356927e-05,difference of equal-sample representative means; not paired
B1,B1-M00,2,second_derivative,1683.0650588235296,-8.151992738589588e-06,difference of equal-sample representative means; not paired
B1,B1-M00,2,second_derivative,1688.5258039215687,2.2466248339669485e-05,difference of equal-sample representative means; not paired
B1,B1-M00,2,second_derivative,1693.986549019608,4.457256446885946e-05,difference of equal-sample representative means; not paired
B1,B1-M00,2,second_derivative,1699.4472941176473,2.0021670255673273e-05,difference of equal-sample representative means; not paired
B1,B1-M00,2,second_derivative,1704.9080392156866,1.3504147861428449e-05,difference of equal-sample representative means; not paired
B1,B1-M00,2,second_derivative,1710.3687843137257,1.13957249187774e-05,difference of equal-sample representative means; not paired
B1,B1-M00,2,second_derivative,1715.829529411765,1.1445295081494398e-05,difference of equal-sample representative means; not paired
B1,B1-M00,2,second_derivative,1721.290274509804,8.649065938880852e-06,difference of equal-sample representative means; not paired
B1,B1-M00,2,second_derivative,1726.7510196078433,2.8455328867149265e-06,difference of equal-sample representative means; not paired
B1,B1-M00,2,second_derivative,1732.2117647058826,-2.8161106210124814e-06,difference of equal-sample representative means; not paired
B1,B1-M00,2,second_derivative,1737.672509803922,-3.90653965042689e-06,difference of equal-sample representative means; not paired
B1,B1-M00,2,second_derivative,1743.133254901961,-1.856946425973994e-06,difference of equal-sample representative means; not paired
B1,B1-M00,2,second_derivative,1748.594,1.7694775063604592e-06,difference of equal-sample representative means; not paired
B1,B1-M00,2,second_derivative,1754.0547450980393,7.520656935695e-06,difference of equal-sample representative means; not paired
B1,B1-M00,2,second_derivative,1759.5154901960786,9.564700273528784e-06,difference of equal-sample representative means; not paired
B1,B1-M00,2,second_derivative,1764.976235294118,6.799401787987942e-06,difference of equal-sample representative means; not paired
B1,B1-M00,2,second_derivative,1770.4369803921572,1.1355019657194399e-07,difference of equal-sample representative means; not paired
B1,B1-M00,2,second_derivative,1775.8977254901963,-1.0742928463007811e-07,difference of equal-sample representative means; not paired
B1,B1-M00,2,second_derivative,1781.3584705882354,6.295386302434861e-06,difference of equal-sample representative means; not paired
B1,B1-M00,2,second_derivative,1786.8192156862747,-1.3465253408029545e-05,difference of equal-sample representative means; not paired
B1,B1-M00,2,second_derivative,1792.279960784314,-2.3590742942435724e-05,difference of equal-sample representative means; not paired
B1,B1-M00,2,second_derivative,1797.7407058823533,-2.3450603404675453e-05,difference of equal-sample representative means; not paired
B1,B1-M00,2,second_derivative,1803.2014509803923,-1.2951598187795156e-05,difference of equal-sample representative means; not paired
B1,B1-M00,2,second_derivative,1808.6621960784316,5.27891167916703e-06,difference of equal-sample representative means; not paired
B1,B1-M00,2,second_derivative,1814.1229411764707,1.8143077704087236e-05,difference of equal-sample representative means; not paired
B1,B1-M00,2,second_derivative,1819.58368627451,7.613764737703567e-07,difference of equal-sample representative means; not paired
B1,B1-M00,2,second_derivative,1825.0444313725493,-1.0546863212773407e-06,difference of equal-sample representative means; not paired
B1,B1-M00,2,second_derivative,1830.5051764705886,-3.3583520725606237e-06,difference of equal-sample representative means; not paired
B1,B1-M00,2,second_derivative,1835.9659215686277,-4.984504391063427e-06,difference of equal-sample representative means; not paired
B1,B1-M00,2,second_derivative,1841.4266666666667,-2.536738360482004e-06,difference of equal-sample representative means; not paired
B1,B1-M00,2,second_derivative,1846.887411764706,1.886135040540411e-06,difference of equal-sample representative means; not paired
B1,B1-M00,2,second_derivative,1852.3481568627453,9.767588729846161e-06,difference of equal-sample representative means; not paired
B1,B1-M00,2,second_derivative,1857.8089019607846,1.913409054590512e-05,difference of equal-sample representative means; not paired
B1,B1-M00,2,second_derivative,1863.269647058824,2.449939471808394e-05,difference of equal-sample representative means; not paired
B1,B1-M00,2,second_derivative,1868.730392156863,2.4859697118017758e-05,difference of equal-sample representative means; not paired
B1,B1-M00,2,second_derivative,1874.191137254902,2.8194962306581176e-05,difference of equal-sample representative means; not paired
B1,B1-M00,2,second_derivative,1879.6518823529414,3.8828352460020806e-05,difference of equal-sample representative means; not paired
B1,B1-M00,2,second_derivative,1885.1126274509807,5.152320389481682e-05,difference of equal-sample representative means; not paired
B1,B1-M00,2,second_derivative,1890.57337254902,5.3648763671686325e-05,difference of equal-sample representative means; not paired
B1,B1-M00,2,second_derivative,1896.034117647059,3.531660466047483e-05,difference of equal-sample representative means; not paired
B1,B1-M00,2,second_derivative,1901.4948627450983,2.492330753987376e-06,difference of equal-sample representative means; not paired
B1,B1-M00,2,second_derivative,1906.9556078431374,-3.050467151226561e-05,difference of equal-sample representative means; not paired
B1,B1-M00,2,second_derivative,1912.4163529411767,-5.000070524383739e-05,difference of equal-sample representative means; not paired
B1,B1-M00,2,second_derivative,1917.877098039216,-6.013478231963376e-05,difference of equal-sample representative means; not paired
B1,B1-M00,2,second_derivative,1923.3378431372553,-6.16963085906794e-05,difference of equal-sample representative means; not paired
B1,B1-M00,2,second_derivative,1928.7985882352943,-5.1573671004779236e-05,difference of equal-sample representative means; not paired
B1,B1-M00,2,second_derivative,1934.2593333333336,-3.8617549141573115e-05,difference of equal-sample representative means; not paired
B1,B1-M00,2,second_derivative,1939.7200784313727,-2.8457643232437517e-05,difference of equal-sample representative means; not paired
B1,B1-M00,2,second_derivative,1945.180823529412,-1.707051126585517e-05,difference of equal-sample representative means; not paired
B1,B1-M00,2,second_derivative,1950.6415686274513,-8.71720314554719e-06,difference of equal-sample representative means; not paired
B1,B1-M00,2,second_derivative,1956.1023137254906,-1.584866195110427e-06,difference of equal-sample representative means; not paired
B1,B1-M00,2,second_derivative,1961.5630588235294,4.737699823799055e-07,difference of equal-sample representative means; not paired
B1,B1-M00,2,second_derivative,1967.0238039215687,-4.287391797841083e-07,difference of equal-sample representative means; not paired
B1,B1-M00,2,second_derivative,1972.484549019608,-3.43599474320946e-06,difference of equal-sample representative means; not paired
B1,B1-M00,2,second_derivative,1977.9452941176473,1.7169738037188762e-06,difference of equal-sample representative means; not paired
B1,B1-M00,2,second_derivative,1983.4060392156866,1.127064396224356e-05,difference of equal-sample representative means; not paired
B1,B1-M00,2,second_derivative,1988.866784313726,1.3477423920441913e-05,difference of equal-sample representative means; not paired
B1,B1-M00,2,second_derivative,1994.3275294117648,8.259223724703863e-06,difference of equal-sample representative means; not paired
B1,B1-M00,2,second_derivative,1999.788274509804,5.265475988478163e-06,difference of equal-sample representative means; not paired
B1,B1-M00,2,second_derivative,2005.2490196078434,6.2213362040217015e-06,difference of equal-sample representative means; not paired
B1,B1-M00,2,second_derivative,2010.7097647058827,1.0030900791183199e-05,difference of equal-sample representative means; not paired
B1,B1-M00,2,second_derivative,2016.170509803922,1.5393202048299546e-05,difference of equal-sample representative means; not paired
B1,B1-M00,2,second_derivative,2021.6312549019613,1.5418155244654744e-05,difference of equal-sample representative means; not paired
B1,B1-M00,2,second_derivative,2027.092,1.3318075041823365e-05,difference of equal-sample representative means; not paired
B1,B1-M00,2,second_derivative,2032.5527450980394,8.490846321332814e-06,difference of equal-sample representative means; not paired
B1,B1-M00,2,second_derivative,2038.0134901960787,5.4420098555586636e-06,difference of equal-sample representative means; not paired
B1,B1-M00,2,second_derivative,2043.474235294118,5.772813068642566e-06,difference of equal-sample representative means; not paired
B1,B1-M00,2,second_derivative,2048.9349803921573,8.561383082573018e-06,difference of equal-sample representative means; not paired
B1,B1-M00,2,second_derivative,2054.3957254901966,9.061605288789317e-06,difference of equal-sample representative means; not paired
B1,B1-M00,2,second_derivative,2059.8564705882354,1.5099641801735037e-06,difference of equal-sample representative means; not paired
B1,B1-M00,2,second_derivative,2065.3172156862747,-9.593600007909318e-06,difference of equal-sample representative means; not paired
B1,B1-M00,2,second_derivative,2070.777960784314,-1.5000882717641282e-05,difference of equal-sample representative means; not paired
B1,B1-M00,2,second_derivative,2076.2387058823533,-1.536665096964906e-05,difference of equal-sample representative means; not paired
B1,B1-M00,2,second_derivative,2081.6994509803926,-8.361378336414865e-06,difference of equal-sample representative means; not paired
B1,B1-M00,2,second_derivative,2087.1601960784315,-2.921176687138822e-07,difference of equal-sample representative means; not paired
B1,B1-M00,2,second_derivative,2092.6209411764708,-1.3327913791756369e-06,difference of equal-sample representative means; not paired
B1,B1-M00,2,second_derivative,2098.08168627451,-6.060298722567141e-06,difference of equal-sample representative means; not paired
B1,B1-M00,2,second_derivative,2103.5424313725493,-9.788945995710306e-06,difference of equal-sample representative means; not paired
B1,B1-M00,2,second_derivative,2109.0031764705886,-1.4757827893724978e-05,difference of equal-sample representative means; not paired
B1,B1-M00,2,second_derivative,2114.463921568628,-8.475547369710253e-06,difference of equal-sample representative means; not paired
B1,B1-M00,2,second_derivative,2119.924666666667,-1.43503749138734e-06,difference of equal-sample representative means; not paired
B1,B1-M00,2,second_derivative,2125.385411764706,-2.126615627636427e-06,difference of equal-sample representative means; not paired
B1,B1-M00,2,second_derivative,2130.8461568627454,1.1484274926360219e-06,difference of equal-sample representative means; not paired
B1,B1-M00,2,second_derivative,2136.3069019607847,-3.2265175302508973e-06,difference of equal-sample representative means; not paired
B1,B1-M00,2,second_derivative,2141.767647058824,-9.869175630950228e-06,difference of equal-sample representative means; not paired
B1,B1-M00,2,second_derivative,2147.2283921568633,-1.2543790340536623e-05,difference of equal-sample representative means; not paired
B1,B1-M00,2,second_derivative,2152.689137254902,-1.3501411827507543e-05,difference of equal-sample representative means; not paired
B1,B1-M00,2,second_derivative,2158.1498823529414,-7.63071194253381e-06,difference of equal-sample representative means; not paired
B1,B1-M00,2,second_derivative,2163.6106274509807,6.906638358880994e-06,difference of equal-sample representative means; not paired
B1,B1-M00,2,second_derivative,2169.07137254902,7.934146919581463e-06,difference of equal-sample representative means; not paired
B1,B1-M00,2,second_derivative,2174.5321176470593,7.746471960858588e-06,difference of equal-sample representative means; not paired
B1,B1-M00,2,second_derivative,2179.992862745098,4.31762876142527e-06,difference of equal-sample representative means; not paired
B1,B1-M00,2,second_derivative,2185.4536078431374,2.7993450032752488e-06,difference of equal-sample representative means; not paired
B1,B1-M00,2,second_derivative,2190.9143529411767,7.934763324392063e-06,difference of equal-sample representative means; not paired
B1,B1-M00,2,second_derivative,2196.375098039216,8.354111996083318e-06,difference of equal-sample representative means; not paired
B1,B1-M00,2,second_derivative,2201.8358431372553,2.212666298724438e-07,difference of equal-sample representative means; not paired
B1,B1-M00,2,second_derivative,2207.2965882352946,-1.505479035187504e-07,difference of equal-sample representative means; not paired
B1,B1-M00,2,second_derivative,2212.7573333333335,4.700375179072501e-06,difference of equal-sample representative means; not paired
B1,B1-M00,2,second_derivative,2218.2180784313728,1.0796845318083919e-05,difference of equal-sample representative means; not paired
B1,B1-M00,2,second_derivative,2223.678823529412,1.3009769641628298e-05,difference of equal-sample representative means; not paired
B1,B1-M00,2,second_derivative,2229.1395686274514,1.1576514175152365e-05,difference of equal-sample representative means; not paired
B1,B1-M00,2,second_derivative,2234.6003137254907,1.4785347196976012e-05,difference of equal-sample representative means; not paired
B1,B1-M00,2,second_derivative,2240.06105882353,1.9838885140311092e-05,difference of equal-sample representative means; not paired
B1,B1-M00,2,second_derivative,2245.521803921569,1.4720594691174405e-05,difference of equal-sample representative means; not paired
B1,B1-M00,2,second_derivative,2250.982549019608,1.647003474723258e-05,difference of equal-sample representative means; not paired
B1,B1-M00,2,second_derivative,2256.4432941176474,4.080892655875355e-06,difference of equal-sample representative means; not paired
B1,B1-M00,2,second_derivative,2261.9040392156867,-5.2416496167905895e-08,difference of equal-sample representative means; not paired
B1,B1-M00,2,second_derivative,2267.364784313726,-7.505825863237799e-06,difference of equal-sample representative means; not paired
B1,B1-M00,2,second_derivative,2272.825529411765,-2.4581713994059636e-05,difference of equal-sample representative means; not paired
B1,B1-M00,2,second_derivative,2278.286274509804,-3.6538843132421066e-05,difference of equal-sample representative means; not paired
B1,B1-M00,2,second_derivative,2283.7470196078434,-2.8847001057168557e-05,difference of equal-sample representative means; not paired
B1,B1-M00,2,second_derivative,2289.2077647058827,-1.9027179982650026e-05,difference of equal-sample representative means; not paired
B1,B1-M00,2,second_derivative,2294.668509803922,-1.9027179982649626e-05,difference of equal-sample representative means; not paired
B1,B1-M00,2,second_derivative,2300.1292549019613,-1.9027179982649626e-05,difference of equal-sample representative means; not paired
B1,B1-M00,2,second_derivative,2305.59,-1.9027179982649626e-05,difference of equal-sample representative means; not paired
B1,B1-M00,3,reflectance,913.1,0.13724216053028104,difference of equal-sample representative means; not paired
B1,B1-M00,3,reflectance,918.5607450980392,0.14811295135694824,difference of equal-sample representative means; not paired
B1,B1-M00,3,reflectance,924.0214901960785,0.16088625789112715,difference of equal-sample representative means; not paired
B1,B1-M00,3,reflectance,929.4822352941177,0.16590679778623513,difference of equal-sample representative means; not paired
B1,B1-M00,3,reflectance,934.9429803921569,0.16849806879823664,difference of equal-sample representative means; not paired
B1,B1-M00,3,reflectance,940.4037254901962,0.17138648726363692,difference of equal-sample representative means; not paired
B1,B1-M00,3,reflectance,945.8644705882353,0.1718689583872861,difference of equal-sample representative means; not paired
B1,B1-M00,3,reflectance,951.3252156862745,0.16967359289048733,difference of equal-sample representative means; not paired
B1,B1-M00,3,reflectance,956.7859607843137,0.16703084317522865,difference of equal-sample representative means; not paired
B1,B1-M00,3,reflectance,962.246705882353,0.16387922901773933,difference of equal-sample representative means; not paired
B1,B1-M00,3,reflectance,967.7074509803922,0.16087774634860585,difference of equal-sample representative means; not paired
B1,B1-M00,3,reflectance,973.1681960784314,0.1577037951452458,difference of equal-sample representative means; not paired
B1,B1-M00,3,reflectance,978.6289411764706,0.15467679080177277,difference of equal-sample representative means; not paired
B1,B1-M00,3,reflectance,984.0896862745099,0.15236824662367343,difference of equal-sample representative means; not paired
B1,B1-M00,3,reflectance,989.550431372549,0.1507758764180851,difference of equal-sample representative means; not paired
B1,B1-M00,3,reflectance,995.0111764705882,0.150070405507576,difference of equal-sample representative means; not paired
B1,B1-M00,3,reflectance,1000.4719215686275,0.14956619568423524,difference of equal-sample representative means; not paired
B1,B1-M00,3,reflectance,1005.9326666666667,0.1495436923703961,difference of equal-sample representative means; not paired
B1,B1-M00,3,reflectance,1011.3934117647059,0.14971632720772732,difference of equal-sample representative means; not paired
B1,B1-M00,3,reflectance,1016.8541568627452,0.1500567166556661,difference of equal-sample representative means; not paired
B1,B1-M00,3,reflectance,1022.3149019607844,0.15044955037626773,difference of equal-sample representative means; not paired
B1,B1-M00,3,reflectance,1027.7756470588236,0.15061419717114277,difference of equal-sample representative means; not paired
B1,B1-M00,3,reflectance,1033.2363921568628,0.15116392019672187,difference of equal-sample representative means; not paired
B1,B1-M00,3,reflectance,1038.697137254902,0.15157362272588337,difference of equal-sample representative means; not paired
B1,B1-M00,3,reflectance,1044.1578823529412,0.15177558904417887,difference of equal-sample representative means; not paired
B1,B1-M00,3,reflectance,1049.6186274509805,0.15183982640712368,difference of equal-sample representative means; not paired
B1,B1-M00,3,reflectance,1055.0793725490196,0.15178754062237965,difference of equal-sample representative means; not paired
B1,B1-M00,3,reflectance,1060.5401176470589,0.15166928265873847,difference of equal-sample representative means; not paired
B1,B1-M00,3,reflectance,1066.0008627450982,0.1515804590441061,difference of equal-sample representative means; not paired
B1,B1-M00,3,reflectance,1071.4616078431372,0.15158701664809193,difference of equal-sample representative means; not paired
B1,B1-M00,3,reflectance,1076.9223529411765,0.15168633781339025,difference of equal-sample representative means; not paired
B1,B1-M00,3,reflectance,1082.3830980392158,0.15164583721024583,difference of equal-sample representative means; not paired
B1,B1-M00,3,reflectance,1087.843843137255,0.15174846630825645,difference of equal-sample representative means; not paired
B1,B1-M00,3,reflectance,1093.3045882352942,0.15174605226358728,difference of equal-sample representative means; not paired
B1,B1-M00,3,reflectance,1098.7653333333333,0.15143644647682253,difference of equal-sample representative means; not paired
B1,B1-M00,3,reflectance,1104.2260784313726,0.1507084322382296,difference of equal-sample representative means; not paired
B1,B1-M00,3,reflectance,1109.6868235294119,0.14933401339924324,difference of equal-sample representative means; not paired
B1,B1-M00,3,reflectance,1115.1475686274512,0.14700748641887007,difference of equal-sample representative means; not paired
B1,B1-M00,3,reflectance,1120.6083137254902,0.1434078677608036,difference of equal-sample representative means; not paired
B1,B1-M00,3,reflectance,1126.0690588235295,0.1384532179834621,difference of equal-sample representative means; not paired
B1,B1-M00,3,reflectance,1131.5298039215686,0.13277762025559436,difference of equal-sample representative means; not paired
B1,B1-M00,3,reflectance,1136.990549019608,0.12704513825160835,difference of equal-sample representative means; not paired
B1,B1-M00,3,reflectance,1142.4512941176472,0.12164826060585421,difference of equal-sample representative means; not paired
B1,B1-M00,3,reflectance,1147.9120392156863,0.1165786633034448,difference of equal-sample representative means; not paired
B1,B1-M00,3,reflectance,1153.3727843137256,0.11143300297297765,difference of equal-sample representative means; not paired
B1,B1-M00,3,reflectance,1158.8335294117649,0.10597478844027364,difference of equal-sample representative means; not paired
B1,B1-M00,3,reflectance,1164.294274509804,0.10105650716173975,difference of equal-sample representative means; not paired
B1,B1-M00,3,reflectance,1169.7550196078432,0.09662179282273431,difference of equal-sample representative means; not paired
B1,B1-M00,3,reflectance,1175.2157647058825,0.09252636357481214,difference of equal-sample representative means; not paired
B1,B1-M00,3,reflectance,1180.6765098039216,0.0885662121785451,difference of equal-sample representative means; not paired
B1,B1-M00,3,reflectance,1186.137254901961,0.08457674013121297,difference of equal-sample representative means; not paired
B1,B1-M00,3,reflectance,1191.598,0.08067442912648726,difference of equal-sample representative means; not paired
B1,B1-M00,3,reflectance,1197.0587450980393,0.07767222198249679,difference of equal-sample representative means; not paired
B1,B1-M00,3,reflectance,1202.5194901960786,0.07574084909363987,difference of equal-sample representative means; not paired
B1,B1-M00,3,reflectance,1207.9802352941178,0.07459503115050248,difference of equal-sample representative means; not paired
B1,B1-M00,3,reflectance,1213.440980392157,0.07384992546700009,difference of equal-sample representative means; not paired
B1,B1-M00,3,reflectance,1218.9017254901962,0.07328408700084488,difference of equal-sample representative means; not paired
B1,B1-M00,3,reflectance,1224.3624705882353,0.07302074897538147,difference of equal-sample representative means; not paired
B1,B1-M00,3,reflectance,1229.8232156862746,0.07349218502927679,difference of equal-sample representative means; not paired
B1,B1-M00,3,reflectance,1235.2839607843139,0.0743312955086004,difference of equal-sample representative means; not paired
B1,B1-M00,3,reflectance,1240.7447058823532,0.07539578138146441,difference of equal-sample representative means; not paired
B1,B1-M00,3,reflectance,1246.2054509803922,0.07633609397518915,difference of equal-sample representative means; not paired
B1,B1-M00,3,reflectance,1251.6661960784315,0.07700855276087204,difference of equal-sample representative means; not paired
B1,B1-M00,3,reflectance,1257.1269411764706,0.07736356716191728,difference of equal-sample representative means; not paired
B1,B1-M00,3,reflectance,1262.58768627451,0.0775859453601232,difference of equal-sample representative means; not paired
B1,B1-M00,3,reflectance,1268.0484313725492,0.07795523398279613,difference of equal-sample representative means; not paired
B1,B1-M00,3,reflectance,1273.5091764705883,0.07780249274310624,difference of equal-sample representative means; not paired
B1,B1-M00,3,reflectance,1278.9699215686276,0.07830109071838609,difference of equal-sample representative means; not paired
B1,B1-M00,3,reflectance,1284.4306666666666,0.07856679176141046,difference of equal-sample representative means; not paired
B1,B1-M00,3,reflectance,1289.891411764706,0.0790067153018792,difference of equal-sample representative means; not paired
B1,B1-M00,3,reflectance,1295.3521568627452,0.07932116606324302,difference of equal-sample representative means; not paired
B1,B1-M00,3,reflectance,1300.8129019607845,0.0792358025980694,difference of equal-sample representative means; not paired
B1,B1-M00,3,reflectance,1306.2736470588236,0.07874154756160268,difference of equal-sample representative means; not paired
B1,B1-M00,3,reflectance,1311.734392156863,0.07763932725833567,difference of equal-sample representative means; not paired
B1,B1-M00,3,reflectance,1317.195137254902,0.07570863302391562,difference of equal-sample representative means; not paired
B1,B1-M00,3,reflectance,1322.6558823529413,0.0731141045096686,difference of equal-sample representative means; not paired
B1,B1-M00,3,reflectance,1328.1166274509806,0.06997190380330265,difference of equal-sample representative means; not paired
B1,B1-M00,3,reflectance,1333.5773725490199,0.06609650487532526,difference of equal-sample representative means; not paired
B1,B1-M00,3,reflectance,1339.038117647059,0.06143780436656676,difference of equal-sample representative means; not paired
B1,B1-M00,3,reflectance,1344.4988627450982,0.056193809504421655,difference of equal-sample representative means; not paired
B1,B1-M00,3,reflectance,1349.9596078431373,0.050782553875686975,difference of equal-sample representative means; not paired
B1,B1-M00,3,reflectance,1355.4203529411766,0.04606766174228272,difference of equal-sample representative means; not paired
B1,B1-M00,3,reflectance,1360.8810980392159,0.041935756561413795,difference of equal-sample representative means; not paired
B1,B1-M00,3,reflectance,1366.341843137255,0.037964666509639144,difference of equal-sample representative means; not paired
B1,B1-M00,3,reflectance,1371.8025882352943,0.034586818918461715,difference of equal-sample representative means; not paired
B1,B1-M00,3,reflectance,1377.2633333333333,0.03178927580952651,difference of equal-sample representative means; not paired
B1,B1-M00,3,reflectance,1382.7240784313726,0.029126725081742744,difference of equal-sample representative means; not paired
B1,B1-M00,3,reflectance,1388.184823529412,0.025928489457284987,difference of equal-sample representative means; not paired
B1,B1-M00,3,reflectance,1393.6455686274512,0.02146454473163628,difference of equal-sample representative means; not paired
B1,B1-M00,3,reflectance,1399.1063137254903,0.01633873366456795,difference of equal-sample representative means; not paired
B1,B1-M00,3,reflectance,1404.5670588235296,0.010889963852206752,difference of equal-sample representative means; not paired
B1,B1-M00,3,reflectance,1410.0278039215686,0.005532728521353225,difference of equal-sample representative means; not paired
B1,B1-M00,3,reflectance,1415.488549019608,0.0005353853297611066,difference of equal-sample representative means; not paired
B1,B1-M00,3,reflectance,1420.9492941176472,-0.003780349706973274,difference of equal-sample representative means; not paired
B1,B1-M00,3,reflectance,1426.4100392156865,-0.007130567446881675,difference of equal-sample representative means; not paired
B1,B1-M00,3,reflectance,1431.8707843137256,-0.009526398927173663,difference of equal-sample representative means; not paired
B1,B1-M00,3,reflectance,1437.3315294117647,-0.011237249580890063,difference of equal-sample representative means; not paired
B1,B1-M00,3,reflectance,1442.792274509804,-0.012391695323541063,difference of equal-sample representative means; not paired
B1,B1-M00,3,reflectance,1448.2530196078433,-0.013100396904112188,difference of equal-sample representative means; not paired
B1,B1-M00,3,reflectance,1453.7137647058826,-0.013448658980843686,difference of equal-sample representative means; not paired
B1,B1-M00,3,reflectance,1459.1745098039219,-0.013557619666751008,difference of equal-sample representative means; not paired
B1,B1-M00,3,reflectance,1464.635254901961,-0.013617236655854459,difference of equal-sample representative means; not paired
B1,B1-M00,3,reflectance,1470.096,-0.013784866137054985,difference of equal-sample representative means; not paired
B1,B1-M00,3,reflectance,1475.5567450980393,-0.013739170844978055,difference of equal-sample representative means; not paired
B1,B1-M00,3,reflectance,1481.0174901960786,-0.013138731370566203,difference of equal-sample representative means; not paired
B1,B1-M00,3,reflectance,1486.478235294118,-0.013124190330705499,difference of equal-sample representative means; not paired
B1,B1-M00,3,reflectance,1491.938980392157,-0.01297119812199471,difference of equal-sample representative means; not paired
B1,B1-M00,3,reflectance,1497.3997254901963,-0.012585962802869888,difference of equal-sample representative means; not paired
B1,B1-M00,3,reflectance,1502.8604705882353,-0.012182559419312622,difference of equal-sample representative means; not paired
B1,B1-M00,3,reflectance,1508.3212156862746,-0.01193749330365107,difference of equal-sample representative means; not paired
B1,B1-M00,3,reflectance,1513.781960784314,-0.011777953394416452,difference of equal-sample representative means; not paired
B1,B1-M00,3,reflectance,1519.2427058823532,-0.011262850649367051,difference of equal-sample representative means; not paired
B1,B1-M00,3,reflectance,1524.7034509803923,-0.011015583900811421,difference of equal-sample representative means; not paired
B1,B1-M00,3,reflectance,1530.1641960784316,-0.01078152178065278,difference of equal-sample representative means; not paired
B1,B1-M00,3,reflectance,1535.6249411764707,-0.010706058210365799,difference of equal-sample representative means; not paired
B1,B1-M00,3,reflectance,1541.08568627451,-0.010715574774794012,difference of equal-sample representative means; not paired
B1,B1-M00,3,reflectance,1546.5464313725493,-0.010511331886960129,difference of equal-sample representative means; not paired
B1,B1-M00,3,reflectance,1552.0071764705885,-0.009983418530357557,difference of equal-sample representative means; not paired
B1,B1-M00,3,reflectance,1557.4679215686276,-0.010389308929949603,difference of equal-sample representative means; not paired
B1,B1-M00,3,reflectance,1562.9286666666667,-0.010001815854884188,difference of equal-sample representative means; not paired
B1,B1-M00,3,reflectance,1568.389411764706,-0.009936800228352805,difference of equal-sample representative means; not paired
B1,B1-M00,3,reflectance,1573.8501568627453,-0.009793140095091246,difference of equal-sample representative means; not paired
B1,B1-M00,3,reflectance,1579.3109019607846,-0.009710199696327415,difference of equal-sample representative means; not paired
B1,B1-M00,3,reflectance,1584.7716470588239,-0.009563657446640117,difference of equal-sample representative means; not paired
B1,B1-M00,3,reflectance,1590.232392156863,-0.009121281075996857,difference of equal-sample representative means; not paired
B1,B1-M00,3,reflectance,1595.693137254902,-0.0091155935779203,difference of equal-sample representative means; not paired
B1,B1-M00,3,reflectance,1601.1538823529413,-0.00867945842170914,difference of equal-sample representative means; not paired
B1,B1-M00,3,reflectance,1606.6146274509806,-0.008081904691648989,difference of equal-sample representative means; not paired
B1,B1-M00,3,reflectance,1612.07537254902,-0.007318352667306571,difference of equal-sample representative means; not paired
B1,B1-M00,3,reflectance,1617.536117647059,-0.006566007137233043,difference of equal-sample representative means; not paired
B1,B1-M00,3,reflectance,1622.9968627450983,-0.005816249912376614,difference of equal-sample representative means; not paired
B1,B1-M00,3,reflectance,1628.4576078431373,-0.0050934194037361435,difference of equal-sample representative means; not paired
B1,B1-M00,3,reflectance,1633.9183529411766,-0.004564556910504225,difference of equal-sample representative means; not paired
B1,B1-M00,3,reflectance,1639.379098039216,-0.003618756182100391,difference of equal-sample representative means; not paired
B1,B1-M00,3,reflectance,1644.8398431372552,-0.003608366746096492,difference of equal-sample representative means; not paired
B1,B1-M00,3,reflectance,1650.3005882352943,-0.0032689528708318982,difference of equal-sample representative means; not paired
B1,B1-M00,3,reflectance,1655.7613333333334,-0.0033632641560326637,difference of equal-sample representative means; not paired
B1,B1-M00,3,reflectance,1661.2220784313727,-0.003859514689173449,difference of equal-sample representative means; not paired
B1,B1-M00,3,reflectance,1666.682823529412,-0.004648772644040344,difference of equal-sample representative means; not paired
B1,B1-M00,3,reflectance,1672.1435686274513,-0.005636326484133147,difference of equal-sample representative means; not paired
B1,B1-M00,3,reflectance,1677.6043137254906,-0.006107550164111852,difference of equal-sample representative means; not paired
B1,B1-M00,3,reflectance,1683.0650588235296,-0.00642615315361067,difference of equal-sample representative means; not paired
B1,B1-M00,3,reflectance,1688.5258039215687,-0.006476701420357889,difference of equal-sample representative means; not paired
B1,B1-M00,3,reflectance,1693.986549019608,-0.006741182046197447,difference of equal-sample representative means; not paired
B1,B1-M00,3,reflectance,1699.4472941176473,-0.006969793436808647,difference of equal-sample representative means; not paired
B1,B1-M00,3,reflectance,1704.9080392156866,-0.007071254741296273,difference of equal-sample representative means; not paired
B1,B1-M00,3,reflectance,1710.3687843137257,-0.007089171135867434,difference of equal-sample representative means; not paired
B1,B1-M00,3,reflectance,1715.829529411765,-0.007042885559219059,difference of equal-sample representative means; not paired
B1,B1-M00,3,reflectance,1721.290274509804,-0.0072086756879014,difference of equal-sample representative means; not paired
B1,B1-M00,3,reflectance,1726.7510196078433,-0.007365003385946034,difference of equal-sample representative means; not paired
B1,B1-M00,3,reflectance,1732.2117647058826,-0.007231203612186821,difference of equal-sample representative means; not paired
B1,B1-M00,3,reflectance,1737.672509803922,-0.0070708626710351274,difference of equal-sample representative means; not paired
B1,B1-M00,3,reflectance,1743.133254901961,-0.007048610958105883,difference of equal-sample representative means; not paired
B1,B1-M00,3,reflectance,1748.594,-0.007121292509609023,difference of equal-sample representative means; not paired
B1,B1-M00,3,reflectance,1754.0547450980393,-0.0072775049249722,difference of equal-sample representative means; not paired
B1,B1-M00,3,reflectance,1759.5154901960786,-0.007873440362364537,difference of equal-sample representative means; not paired
B1,B1-M00,3,reflectance,1764.976235294118,-0.008152812081819172,difference of equal-sample representative means; not paired
B1,B1-M00,3,reflectance,1770.4369803921572,-0.00837806391408713,difference of equal-sample representative means; not paired
B1,B1-M00,3,reflectance,1775.8977254901963,-0.00844428721558138,difference of equal-sample representative means; not paired
B1,B1-M00,3,reflectance,1781.3584705882354,-0.008427670422024192,difference of equal-sample representative means; not paired
B1,B1-M00,3,reflectance,1786.8192156862747,-0.008379144213380763,difference of equal-sample representative means; not paired
B1,B1-M00,3,reflectance,1792.279960784314,-0.008291570159358053,difference of equal-sample representative means; not paired
B1,B1-M00,3,reflectance,1797.7407058823533,-0.00810859971168515,difference of equal-sample representative means; not paired
B1,B1-M00,3,reflectance,1803.2014509803923,-0.007715312571194177,difference of equal-sample representative means; not paired
B1,B1-M00,3,reflectance,1808.6621960784316,-0.0077983657470117596,difference of equal-sample representative means; not paired
B1,B1-M00,3,reflectance,1814.1229411764707,-0.007621200075328738,difference of equal-sample representative means; not paired
B1,B1-M00,3,reflectance,1819.58368627451,-0.0073721493425109585,difference of equal-sample representative means; not paired
B1,B1-M00,3,reflectance,1825.0444313725493,-0.007152068632738817,difference of equal-sample representative means; not paired
B1,B1-M00,3,reflectance,1830.5051764705886,-0.00692124035830316,difference of equal-sample representative means; not paired
B1,B1-M00,3,reflectance,1835.9659215686277,-0.006585029826323252,difference of equal-sample representative means; not paired
B1,B1-M00,3,reflectance,1841.4266666666667,-0.006129495971486598,difference of equal-sample representative means; not paired
B1,B1-M00,3,reflectance,1846.887411764706,-0.0055853280263187255,difference of equal-sample representative means; not paired
B1,B1-M00,3,reflectance,1852.3481568627453,-0.005636138315356698,difference of equal-sample representative means; not paired
B1,B1-M00,3,reflectance,1857.8089019607846,-0.005677072715217557,difference of equal-sample representative means; not paired
B1,B1-M00,3,reflectance,1863.269647058824,-0.006000132525806889,difference of equal-sample representative means; not paired
B1,B1-M00,3,reflectance,1868.730392156863,-0.0062796573471148864,difference of equal-sample representative means; not paired
B1,B1-M00,3,reflectance,1874.191137254902,-0.006627904728919276,difference of equal-sample representative means; not paired
B1,B1-M00,3,reflectance,1879.6518823529414,-0.007808210590178277,difference of equal-sample representative means; not paired
B1,B1-M00,3,reflectance,1885.1126274509807,-0.009607688868115138,difference of equal-sample representative means; not paired
B1,B1-M00,3,reflectance,1890.57337254902,-0.011235216278523197,difference of equal-sample representative means; not paired
B1,B1-M00,3,reflectance,1896.034117647059,-0.012617143063197223,difference of equal-sample representative means; not paired
B1,B1-M00,3,reflectance,1901.4948627450983,-0.01327318054738108,difference of equal-sample representative means; not paired
B1,B1-M00,3,reflectance,1906.9556078431374,-0.013476210331229255,difference of equal-sample representative means; not paired
B1,B1-M00,3,reflectance,1912.4163529411767,-0.013541870346610252,difference of equal-sample representative means; not paired
B1,B1-M00,3,reflectance,1917.877098039216,-0.01353122762266934,difference of equal-sample representative means; not paired
B1,B1-M00,3,reflectance,1923.3378431372553,-0.01331481919787697,difference of equal-sample representative means; not paired
B1,B1-M00,3,reflectance,1928.7985882352943,-0.013218708499356857,difference of equal-sample representative means; not paired
B1,B1-M00,3,reflectance,1934.2593333333336,-0.013165715452860494,difference of equal-sample representative means; not paired
B1,B1-M00,3,reflectance,1939.7200784313727,-0.013094186272410824,difference of equal-sample representative means; not paired
B1,B1-M00,3,reflectance,1945.180823529412,-0.012976351245546858,difference of equal-sample representative means; not paired
B1,B1-M00,3,reflectance,1950.6415686274513,-0.01298876319627984,difference of equal-sample representative means; not paired
B1,B1-M00,3,reflectance,1956.1023137254906,-0.013045402660557315,difference of equal-sample representative means; not paired
B1,B1-M00,3,reflectance,1961.5630588235294,-0.012915043544277527,difference of equal-sample representative means; not paired
B1,B1-M00,3,reflectance,1967.0238039215687,-0.012826492326426797,difference of equal-sample representative means; not paired
B1,B1-M00,3,reflectance,1972.484549019608,-0.012834998526469132,difference of equal-sample representative means; not paired
B1,B1-M00,3,reflectance,1977.9452941176473,-0.01244900316661779,difference of equal-sample representative means; not paired
B1,B1-M00,3,reflectance,1983.4060392156866,-0.012206070926713775,difference of equal-sample representative means; not paired
B1,B1-M00,3,reflectance,1988.866784313726,-0.012013565016763372,difference of equal-sample representative means; not paired
B1,B1-M00,3,reflectance,1994.3275294117648,-0.011782888048801121,difference of equal-sample representative means; not paired
B1,B1-M00,3,reflectance,1999.788274509804,-0.011546468128931175,difference of equal-sample representative means; not paired
B1,B1-M00,3,reflectance,2005.2490196078434,-0.011364589445963802,difference of equal-sample representative means; not paired
B1,B1-M00,3,reflectance,2010.7097647058827,-0.011070370528798334,difference of equal-sample representative means; not paired
B1,B1-M00,3,reflectance,2016.170509803922,-0.011020313959530292,difference of equal-sample representative means; not paired
B1,B1-M00,3,reflectance,2021.6312549019613,-0.01109271295937092,difference of equal-sample representative means; not paired
B1,B1-M00,3,reflectance,2027.092,-0.011191546392702811,difference of equal-sample representative means; not paired
B1,B1-M00,3,reflectance,2032.5527450980394,-0.01119708340472153,difference of equal-sample representative means; not paired
B1,B1-M00,3,reflectance,2038.0134901960787,-0.011161774986512829,difference of equal-sample representative means; not paired
B1,B1-M00,3,reflectance,2043.474235294118,-0.011196592588206267,difference of equal-sample representative means; not paired
B1,B1-M00,3,reflectance,2048.9349803921573,-0.011254915533301546,difference of equal-sample representative means; not paired
B1,B1-M00,3,reflectance,2054.3957254901966,-0.011164864100164595,difference of equal-sample representative means; not paired
B1,B1-M00,3,reflectance,2059.8564705882354,-0.011056441736826794,difference of equal-sample representative means; not paired
B1,B1-M00,3,reflectance,2065.3172156862747,-0.010881675959345749,difference of equal-sample representative means; not paired
B1,B1-M00,3,reflectance,2070.777960784314,-0.01064781110424906,difference of equal-sample representative means; not paired
B1,B1-M00,3,reflectance,2076.2387058823533,-0.01035024707736959,difference of equal-sample representative means; not paired
B1,B1-M00,3,reflectance,2081.6994509803926,-0.01002569657846647,difference of equal-sample representative means; not paired
B1,B1-M00,3,reflectance,2087.1601960784315,-0.009743270818402927,difference of equal-sample representative means; not paired
B1,B1-M00,3,reflectance,2092.6209411764708,-0.009539558333765852,difference of equal-sample representative means; not paired
B1,B1-M00,3,reflectance,2098.08168627451,-0.009615121860205134,difference of equal-sample representative means; not paired
B1,B1-M00,3,reflectance,2103.5424313725493,-0.009820930556777019,difference of equal-sample representative means; not paired
B1,B1-M00,3,reflectance,2109.0031764705886,-0.00970293678784856,difference of equal-sample representative means; not paired
B1,B1-M00,3,reflectance,2114.463921568628,-0.009720746014095338,difference of equal-sample representative means; not paired
B1,B1-M00,3,reflectance,2119.924666666667,-0.009840353271248659,difference of equal-sample representative means; not paired
B1,B1-M00,3,reflectance,2125.385411764706,-0.009882932900788177,difference of equal-sample representative means; not paired
B1,B1-M00,3,reflectance,2130.8461568627454,-0.009950951164008792,difference of equal-sample representative means; not paired
B1,B1-M00,3,reflectance,2136.3069019607847,-0.010173091008377821,difference of equal-sample representative means; not paired
B1,B1-M00,3,reflectance,2141.767647058824,-0.010173768823230789,difference of equal-sample representative means; not paired
B1,B1-M00,3,reflectance,2147.2283921568633,-0.010363663957587588,difference of equal-sample representative means; not paired
B1,B1-M00,3,reflectance,2152.689137254902,-0.01038489385152258,difference of equal-sample representative means; not paired
B1,B1-M00,3,reflectance,2158.1498823529414,-0.010415413163912424,difference of equal-sample representative means; not paired
B1,B1-M00,3,reflectance,2163.6106274509807,-0.01045499311226511,difference of equal-sample representative means; not paired
B1,B1-M00,3,reflectance,2169.07137254902,-0.010398112783231439,difference of equal-sample representative means; not paired
B1,B1-M00,3,reflectance,2174.5321176470593,-0.01032276964264306,difference of equal-sample representative means; not paired
B1,B1-M00,3,reflectance,2179.992862745098,-0.010162083751827422,difference of equal-sample representative means; not paired
B1,B1-M00,3,reflectance,2185.4536078431374,-0.010171329148227881,difference of equal-sample representative means; not paired
B1,B1-M00,3,reflectance,2190.9143529411767,-0.010108291725795915,difference of equal-sample representative means; not paired
B1,B1-M00,3,reflectance,2196.375098039216,-0.009926374555679907,difference of equal-sample representative means; not paired
B1,B1-M00,3,reflectance,2201.8358431372553,-0.00980058806010975,difference of equal-sample representative means; not paired
B1,B1-M00,3,reflectance,2207.2965882352946,-0.009772722606922857,difference of equal-sample representative means; not paired
B1,B1-M00,3,reflectance,2212.7573333333335,-0.009743609814229115,difference of equal-sample representative means; not paired
B1,B1-M00,3,reflectance,2218.2180784313728,-0.009723219599824695,difference of equal-sample representative means; not paired
B1,B1-M00,3,reflectance,2223.678823529412,-0.009744354928637566,difference of equal-sample representative means; not paired
B1,B1-M00,3,reflectance,2229.1395686274514,-0.010210379391492053,difference of equal-sample representative means; not paired
B1,B1-M00,3,reflectance,2234.6003137254907,-0.010633600437481294,difference of equal-sample representative means; not paired
B1,B1-M00,3,reflectance,2240.06105882353,-0.010851532944729791,difference of equal-sample representative means; not paired
B1,B1-M00,3,reflectance,2245.521803921569,-0.010999179541417381,difference of equal-sample representative means; not paired
B1,B1-M00,3,reflectance,2250.982549019608,-0.011043256671809054,difference of equal-sample representative means; not paired
B1,B1-M00,3,reflectance,2256.4432941176474,-0.01071555659394402,difference of equal-sample representative means; not paired
B1,B1-M00,3,reflectance,2261.9040392156867,-0.010043764728455473,difference of equal-sample representative means; not paired
B1,B1-M00,3,reflectance,2267.364784313726,-0.009427179817767972,difference of equal-sample representative means; not paired
B1,B1-M00,3,reflectance,2272.825529411765,-0.008734300302856157,difference of equal-sample representative means; not paired
B1,B1-M00,3,reflectance,2278.286274509804,-0.00806083753329967,difference of equal-sample representative means; not paired
B1,B1-M00,3,reflectance,2283.7470196078434,-0.007117884103469085,difference of equal-sample representative means; not paired
B1,B1-M00,3,reflectance,2289.2077647058827,-0.005973719401014932,difference of equal-sample representative means; not paired
B1,B1-M00,3,reflectance,2294.668509803922,-0.004739054125188907,difference of equal-sample representative means; not paired
B1,B1-M00,3,reflectance,2300.1292549019613,-0.003476579722474532,difference of equal-sample representative means; not paired
B1,B1-M00,3,reflectance,2305.59,-0.0031690504861963953,difference of equal-sample representative means; not paired
B1,B1-M00,3,snv,913.1,0.7004800175821099,difference of equal-sample representative means; not paired
B1,B1-M00,3,snv,918.5607450980392,0.6818679159199259,difference of equal-sample representative means; not paired
B1,B1-M00,3,snv,924.0214901960785,0.7294402167359615,difference of equal-sample representative means; not paired
B1,B1-M00,3,snv,929.4822352941177,0.7405809384611042,difference of equal-sample representative means; not paired
B1,B1-M00,3,snv,934.9429803921569,0.732591979480675,difference of equal-sample representative means; not paired
B1,B1-M00,3,snv,940.4037254901962,0.7240123186516183,difference of equal-sample representative means; not paired
B1,B1-M00,3,snv,945.8644705882353,0.7055765223242858,difference of equal-sample representative means; not paired
B1,B1-M00,3,snv,951.3252156862745,0.6773721790665285,difference of equal-sample representative means; not paired
B1,B1-M00,3,snv,956.7859607843137,0.6461777343192934,difference of equal-sample representative means; not paired
B1,B1-M00,3,snv,962.246705882353,0.6188242224836414,difference of equal-sample representative means; not paired
B1,B1-M00,3,snv,967.7074509803922,0.5954532857817907,difference of equal-sample representative means; not paired
B1,B1-M00,3,snv,973.1681960784314,0.5708478863624459,difference of equal-sample representative means; not paired
B1,B1-M00,3,snv,978.6289411764706,0.546085763484778,difference of equal-sample representative means; not paired
B1,B1-M00,3,snv,984.0896862745099,0.5258929831938054,difference of equal-sample representative means; not paired
B1,B1-M00,3,snv,989.550431372549,0.5118438881296796,difference of equal-sample representative means; not paired
B1,B1-M00,3,snv,995.0111764705882,0.5024122876647009,difference of equal-sample representative means; not paired
B1,B1-M00,3,snv,1000.4719215686275,0.492350093107611,difference of equal-sample representative means; not paired
B1,B1-M00,3,snv,1005.9326666666667,0.48500492036121357,difference of equal-sample representative means; not paired
B1,B1-M00,3,snv,1011.3934117647059,0.47917628664613343,difference of equal-sample representative means; not paired
B1,B1-M00,3,snv,1016.8541568627452,0.4744214077196802,difference of equal-sample representative means; not paired
B1,B1-M00,3,snv,1022.3149019607844,0.46896435500127376,difference of equal-sample representative means; not paired
B1,B1-M00,3,snv,1027.7756470588236,0.4604595603660556,difference of equal-sample representative means; not paired
B1,B1-M00,3,snv,1033.2363921568628,0.4566575881714836,difference of equal-sample representative means; not paired
B1,B1-M00,3,snv,1038.697137254902,0.4534935108128072,difference of equal-sample representative means; not paired
B1,B1-M00,3,snv,1044.1578823529412,0.4480722918608999,difference of equal-sample representative means; not paired
B1,B1-M00,3,snv,1049.6186274509805,0.4419189714351659,difference of equal-sample representative means; not paired
B1,B1-M00,3,snv,1055.0793725490196,0.4343595759748633,difference of equal-sample representative means; not paired
B1,B1-M00,3,snv,1060.5401176470589,0.4260088924521215,difference of equal-sample representative means; not paired
B1,B1-M00,3,snv,1066.0008627450982,0.41876414626555225,difference of equal-sample representative means; not paired
B1,B1-M00,3,snv,1071.4616078431372,0.4114245223083557,difference of equal-sample representative means; not paired
B1,B1-M00,3,snv,1076.9223529411765,0.4049171964978373,difference of equal-sample representative means; not paired
B1,B1-M00,3,snv,1082.3830980392158,0.3953980452102899,difference of equal-sample representative means; not paired
B1,B1-M00,3,snv,1087.843843137255,0.3878470572926789,difference of equal-sample representative means; not paired
B1,B1-M00,3,snv,1093.3045882352942,0.3790798310841361,difference of equal-sample representative means; not paired
B1,B1-M00,3,snv,1098.7653333333333,0.3678819448866657,difference of equal-sample representative means; not paired
B1,B1-M00,3,snv,1104.2260784313726,0.3557037983210476,difference of equal-sample representative means; not paired
B1,B1-M00,3,snv,1109.6868235294119,0.34249125986658124,difference of equal-sample representative means; not paired
B1,B1-M00,3,snv,1115.1475686274512,0.3251471860850119,difference of equal-sample representative means; not paired
B1,B1-M00,3,snv,1120.6083137254902,0.30151800437129883,difference of equal-sample representative means; not paired
B1,B1-M00,3,snv,1126.0690588235295,0.2719204200713181,difference of equal-sample representative means; not paired
B1,B1-M00,3,snv,1131.5298039215686,0.23969657938789712,difference of equal-sample representative means; not paired
B1,B1-M00,3,snv,1136.990549019608,0.20755723913423552,difference of equal-sample representative means; not paired
B1,B1-M00,3,snv,1142.4512941176472,0.1769143422821029,difference of equal-sample representative means; not paired
B1,B1-M00,3,snv,1147.9120392156863,0.14813351304489553,difference of equal-sample representative means; not paired
B1,B1-M00,3,snv,1153.3727843137256,0.12099268073089142,difference of equal-sample representative means; not paired
B1,B1-M00,3,snv,1158.8335294117649,0.09291909350034233,difference of equal-sample representative means; not paired
B1,B1-M00,3,snv,1164.294274509804,0.06797993774734601,difference of equal-sample representative means; not paired
B1,B1-M00,3,snv,1169.7550196078432,0.04460481651893722,difference of equal-sample representative means; not paired
B1,B1-M00,3,snv,1175.2157647058825,0.022393318959406328,difference of equal-sample representative means; not paired
B1,B1-M00,3,snv,1180.6765098039216,0.0014595886394115354,difference of equal-sample representative means; not paired
B1,B1-M00,3,snv,1186.137254901961,-0.018237797893728702,difference of equal-sample representative means; not paired
B1,B1-M00,3,snv,1191.598,-0.03679513577698468,difference of equal-sample representative means; not paired
B1,B1-M00,3,snv,1197.0587450980393,-0.05514040855115088,difference of equal-sample representative means; not paired
B1,B1-M00,3,snv,1202.5194901960786,-0.06872444016831136,difference of equal-sample representative means; not paired
B1,B1-M00,3,snv,1207.9802352941178,-0.07778122971415224,difference of equal-sample representative means; not paired
B1,B1-M00,3,snv,1213.440980392157,-0.0850928564507496,difference of equal-sample representative means; not paired
B1,B1-M00,3,snv,1218.9017254901962,-0.09414761964949236,difference of equal-sample representative means; not paired
B1,B1-M00,3,snv,1224.3624705882353,-0.10493964789139265,difference of equal-sample representative means; not paired
B1,B1-M00,3,snv,1229.8232156862746,-0.11118648682353904,difference of equal-sample representative means; not paired
B1,B1-M00,3,snv,1235.2839607843139,-0.11645990448573573,difference of equal-sample representative means; not paired
B1,B1-M00,3,snv,1240.7447058823532,-0.12005759983412645,difference of equal-sample representative means; not paired
B1,B1-M00,3,snv,1246.2054509803922,-0.12451368236658111,difference of equal-sample representative means; not paired
B1,B1-M00,3,snv,1251.6661960784315,-0.12972911123853015,difference of equal-sample representative means; not paired
B1,B1-M00,3,snv,1257.1269411764706,-0.13608599558623657,difference of equal-sample representative means; not paired
B1,B1-M00,3,snv,1262.58768627451,-0.14212530142251256,difference of equal-sample representative means; not paired
B1,B1-M00,3,snv,1268.0484313725492,-0.1451570591958702,difference of equal-sample representative means; not paired
B1,B1-M00,3,snv,1273.5091764705883,-0.1533005746074818,difference of equal-sample representative means; not paired
B1,B1-M00,3,snv,1278.9699215686276,-0.15671189198820423,difference of equal-sample representative means; not paired
B1,B1-M00,3,snv,1284.4306666666666,-0.16466261860524,difference of equal-sample representative means; not paired
B1,B1-M00,3,snv,1289.891411764706,-0.17060392044106543,difference of equal-sample representative means; not paired
B1,B1-M00,3,snv,1295.3521568627452,-0.177223950681193,difference of equal-sample representative means; not paired
B1,B1-M00,3,snv,1300.8129019607845,-0.18507994188038968,difference of equal-sample representative means; not paired
B1,B1-M00,3,snv,1306.2736470588236,-0.19115148564981888,difference of equal-sample representative means; not paired
B1,B1-M00,3,snv,1311.734392156863,-0.19968165431035012,difference of equal-sample representative means; not paired
B1,B1-M00,3,snv,1317.195137254902,-0.21131992879824368,difference of equal-sample representative means; not paired
B1,B1-M00,3,snv,1322.6558823529413,-0.225476441358182,difference of equal-sample representative means; not paired
B1,B1-M00,3,snv,1328.1166274509806,-0.2385254074500902,difference of equal-sample representative means; not paired
B1,B1-M00,3,snv,1333.5773725490199,-0.2527086233148603,difference of equal-sample representative means; not paired
B1,B1-M00,3,snv,1339.038117647059,-0.2684359746212308,difference of equal-sample representative means; not paired
B1,B1-M00,3,snv,1344.4988627450982,-0.2843902055507199,difference of equal-sample representative means; not paired
B1,B1-M00,3,snv,1349.9596078431373,-0.30004900599650575,difference of equal-sample representative means; not paired
B1,B1-M00,3,snv,1355.4203529411766,-0.31235986992677967,difference of equal-sample representative means; not paired
B1,B1-M00,3,snv,1360.8810980392159,-0.3229047536661869,difference of equal-sample representative means; not paired
B1,B1-M00,3,snv,1366.341843137255,-0.3320736839760797,difference of equal-sample representative means; not paired
B1,B1-M00,3,snv,1371.8025882352943,-0.33763686959131933,difference of equal-sample representative means; not paired
B1,B1-M00,3,snv,1377.2633333333333,-0.3415085575676612,difference of equal-sample representative means; not paired
B1,B1-M00,3,snv,1382.7240784313726,-0.3463194128568723,difference of equal-sample representative means; not paired
B1,B1-M00,3,snv,1388.184823529412,-0.3519571337244932,difference of equal-sample representative means; not paired
B1,B1-M00,3,snv,1393.6455686274512,-0.35487240527350683,difference of equal-sample representative means; not paired
B1,B1-M00,3,snv,1399.1063137254903,-0.35092004556749096,difference of equal-sample representative means; not paired
B1,B1-M00,3,snv,1404.5670588235296,-0.3400818780648522,difference of equal-sample representative means; not paired
B1,B1-M00,3,snv,1410.0278039215686,-0.32266164767933037,difference of equal-sample representative means; not paired
B1,B1-M00,3,snv,1415.488549019608,-0.300907091652052,difference of equal-sample representative means; not paired
B1,B1-M00,3,snv,1420.9492941176472,-0.2774840624062745,difference of equal-sample representative means; not paired
B1,B1-M00,3,snv,1426.4100392156865,-0.25466587135039476,difference of equal-sample representative means; not paired
B1,B1-M00,3,snv,1431.8707843137256,-0.23434774853756038,difference of equal-sample representative means; not paired
B1,B1-M00,3,snv,1437.3315294117647,-0.22122103603662382,difference of equal-sample representative means; not paired
B1,B1-M00,3,snv,1442.792274509804,-0.21214400141090062,difference of equal-sample representative means; not paired
B1,B1-M00,3,snv,1448.2530196078433,-0.20411891009178554,difference of equal-sample representative means; not paired
B1,B1-M00,3,snv,1453.7137647058826,-0.19660699466566772,difference of equal-sample representative means; not paired
B1,B1-M00,3,snv,1459.1745098039219,-0.18998853041451613,difference of equal-sample representative means; not paired
B1,B1-M00,3,snv,1464.635254901961,-0.18512120096046852,difference of equal-sample representative means; not paired
B1,B1-M00,3,snv,1470.096,-0.182523236676838,difference of equal-sample representative means; not paired
B1,B1-M00,3,snv,1475.5567450980393,-0.18032137184992797,difference of equal-sample representative means; not paired
B1,B1-M00,3,snv,1481.0174901960786,-0.17429802899062313,difference of equal-sample representative means; not paired
B1,B1-M00,3,snv,1486.478235294118,-0.17854356106488783,difference of equal-sample representative means; not paired
B1,B1-M00,3,snv,1491.938980392157,-0.18275672704940316,difference of equal-sample representative means; not paired
B1,B1-M00,3,snv,1497.3997254901963,-0.1858025089722234,difference of equal-sample representative means; not paired
B1,B1-M00,3,snv,1502.8604705882353,-0.18987032460911163,difference of equal-sample representative means; not paired
B1,B1-M00,3,snv,1508.3212156862746,-0.1962814620166525,difference of equal-sample representative means; not paired
B1,B1-M00,3,snv,1513.781960784314,-0.20456448125762247,difference of equal-sample representative means; not paired
B1,B1-M00,3,snv,1519.2427058823532,-0.20810235504740876,difference of equal-sample representative means; not paired
B1,B1-M00,3,snv,1524.7034509803923,-0.21478413913261793,difference of equal-sample representative means; not paired
B1,B1-M00,3,snv,1530.1641960784316,-0.21927615244471294,difference of equal-sample representative means; not paired
B1,B1-M00,3,snv,1535.6249411764707,-0.22415817719899203,difference of equal-sample representative means; not paired
B1,B1-M00,3,snv,1541.08568627451,-0.22942190105824287,difference of equal-sample representative means; not paired
B1,B1-M00,3,snv,1546.5464313725493,-0.2319060901831418,difference of equal-sample representative means; not paired
B1,B1-M00,3,snv,1552.0071764705885,-0.23068568108923262,difference of equal-sample representative means; not paired
B1,B1-M00,3,snv,1557.4679215686276,-0.24203357163246791,difference of equal-sample representative means; not paired
B1,B1-M00,3,snv,1562.9286666666667,-0.24400324140011315,difference of equal-sample representative means; not paired
B1,B1-M00,3,snv,1568.389411764706,-0.24841386535378548,difference of equal-sample representative means; not paired
B1,B1-M00,3,snv,1573.8501568627453,-0.2518287341411303,difference of equal-sample representative means; not paired
B1,B1-M00,3,snv,1579.3109019607846,-0.25574710234313075,difference of equal-sample representative means; not paired
B1,B1-M00,3,snv,1584.7716470588239,-0.2590478333524394,difference of equal-sample representative means; not paired
B1,B1-M00,3,snv,1590.232392156863,-0.2602487661837307,difference of equal-sample representative means; not paired
B1,B1-M00,3,snv,1595.693137254902,-0.26874455558379706,difference of equal-sample representative means; not paired
B1,B1-M00,3,snv,1601.1538823529413,-0.27611226226933305,difference of equal-sample representative means; not paired
B1,B1-M00,3,snv,1606.6146274509806,-0.2830272870751654,difference of equal-sample representative means; not paired
B1,B1-M00,3,snv,1612.07537254902,-0.2892850593317952,difference of equal-sample representative means; not paired
B1,B1-M00,3,snv,1617.536117647059,-0.29552383265459564,difference of equal-sample representative means; not paired
B1,B1-M00,3,snv,1622.9968627450983,-0.3007290889702678,difference of equal-sample representative means; not paired
B1,B1-M00,3,snv,1628.4576078431373,-0.3044953412101944,difference of equal-sample representative means; not paired
B1,B1-M00,3,snv,1633.9183529411766,-0.3079780074681797,difference of equal-sample representative means; not paired
B1,B1-M00,3,snv,1639.379098039216,-0.305084399846848,difference of equal-sample representative means; not paired
B1,B1-M00,3,snv,1644.8398431372552,-0.31014873391111347,difference of equal-sample representative means; not paired
B1,B1-M00,3,snv,1650.3005882352943,-0.30416559427678624,difference of equal-sample representative means; not paired
B1,B1-M00,3,snv,1655.7613333333334,-0.2977303577220353,difference of equal-sample representative means; not paired
B1,B1-M00,3,snv,1661.2220784313727,-0.29311918841243634,difference of equal-sample representative means; not paired
B1,B1-M00,3,snv,1666.682823529412,-0.29037266486685986,difference of equal-sample representative means; not paired
B1,B1-M00,3,snv,1672.1435686274513,-0.2893526978226914,difference of equal-sample representative means; not paired
B1,B1-M00,3,snv,1677.6043137254906,-0.2857665434949099,difference of equal-sample representative means; not paired
B1,B1-M00,3,snv,1683.0650588235296,-0.2863093975571844,difference of equal-sample representative means; not paired
B1,B1-M00,3,snv,1688.5258039215687,-0.28490744009987606,difference of equal-sample representative means; not paired
B1,B1-M00,3,snv,1693.986549019608,-0.28290043042928936,difference of equal-sample representative means; not paired
B1,B1-M00,3,snv,1699.4472941176473,-0.2810924886110928,difference of equal-sample representative means; not paired
B1,B1-M00,3,snv,1704.9080392156866,-0.2797322880553673,difference of equal-sample representative means; not paired
B1,B1-M00,3,snv,1710.3687843137257,-0.2786207998811535,difference of equal-sample representative means; not paired
B1,B1-M00,3,snv,1715.829529411765,-0.2772851842500989,difference of equal-sample representative means; not paired
B1,B1-M00,3,snv,1721.290274509804,-0.27498628926601504,difference of equal-sample representative means; not paired
B1,B1-M00,3,snv,1726.7510196078433,-0.2726009098583799,difference of equal-sample representative means; not paired
B1,B1-M00,3,snv,1732.2117647058826,-0.26944661186489366,difference of equal-sample representative means; not paired
B1,B1-M00,3,snv,1737.672509803922,-0.26766299720953135,difference of equal-sample representative means; not paired
B1,B1-M00,3,snv,1743.133254901961,-0.2663473224345435,difference of equal-sample representative means; not paired
B1,B1-M00,3,snv,1748.594,-0.26436586938679196,difference of equal-sample representative means; not paired
B1,B1-M00,3,snv,1754.0547450980393,-0.2629468496192131,difference of equal-sample representative means; not paired
B1,B1-M00,3,snv,1759.5154901960786,-0.26606069031286106,difference of equal-sample representative means; not paired
B1,B1-M00,3,snv,1764.976235294118,-0.265674997549326,difference of equal-sample representative means; not paired
B1,B1-M00,3,snv,1770.4369803921572,-0.2637094397292993,difference of equal-sample representative means; not paired
B1,B1-M00,3,snv,1775.8977254901963,-0.2613827039924835,difference of equal-sample representative means; not paired
B1,B1-M00,3,snv,1781.3584705882354,-0.25881235595118474,difference of equal-sample representative means; not paired
B1,B1-M00,3,snv,1786.8192156862747,-0.25664841282232376,difference of equal-sample representative means; not paired
B1,B1-M00,3,snv,1792.279960784314,-0.25533900874760856,difference of equal-sample representative means; not paired
B1,B1-M00,3,snv,1797.7407058823533,-0.2547518650045653,difference of equal-sample representative means; not paired
B1,B1-M00,3,snv,1803.2014509803923,-0.255807067035979,difference of equal-sample representative means; not paired
B1,B1-M00,3,snv,1808.6621960784316,-0.2611281047971738,difference of equal-sample representative means; not paired
B1,B1-M00,3,snv,1814.1229411764707,-0.2642318112672999,difference of equal-sample representative means; not paired
B1,B1-M00,3,snv,1819.58368627451,-0.26552133068992945,difference of equal-sample representative means; not paired
B1,B1-M00,3,snv,1825.0444313725493,-0.2676840824830741,difference of equal-sample representative means; not paired
B1,B1-M00,3,snv,1830.5051764705886,-0.27067763811375195,difference of equal-sample representative means; not paired
B1,B1-M00,3,snv,1835.9659215686277,-0.27325462125282995,difference of equal-sample representative means; not paired
B1,B1-M00,3,snv,1841.4266666666667,-0.27707131241855365,difference of equal-sample representative means; not paired
B1,B1-M00,3,snv,1846.887411764706,-0.2786618455833131,difference of equal-sample representative means; not paired
B1,B1-M00,3,snv,1852.3481568627453,-0.2846867929315131,difference of equal-sample representative means; not paired
B1,B1-M00,3,snv,1857.8089019607846,-0.2853705579879826,difference of equal-sample representative means; not paired
B1,B1-M00,3,snv,1863.269647058824,-0.2851247940998119,difference of equal-sample representative means; not paired
B1,B1-M00,3,snv,1868.730392156863,-0.28016175702712487,difference of equal-sample representative means; not paired
B1,B1-M00,3,snv,1874.191137254902,-0.26967965965220486,difference of equal-sample representative means; not paired
B1,B1-M00,3,snv,1879.6518823529414,-0.2572662099127523,difference of equal-sample representative means; not paired
B1,B1-M00,3,snv,1885.1126274509807,-0.23046979912103913,difference of equal-sample representative means; not paired
B1,B1-M00,3,snv,1890.57337254902,-0.1880025850435219,difference of equal-sample representative means; not paired
B1,B1-M00,3,snv,1896.034117647059,-0.12998789395361687,difference of equal-sample representative means; not paired
B1,B1-M00,3,snv,1901.4948627450983,-0.05914429577423097,difference of equal-sample representative means; not paired
B1,B1-M00,3,snv,1906.9556078431374,0.013645500349445006,difference of equal-sample representative means; not paired
B1,B1-M00,3,snv,1912.4163529411767,0.07829983165263577,difference of equal-sample representative means; not paired
B1,B1-M00,3,snv,1917.877098039216,0.1291309277013757,difference of equal-sample representative means; not paired
B1,B1-M00,3,snv,1923.3378431372553,0.16513892230211202,difference of equal-sample representative means; not paired
B1,B1-M00,3,snv,1928.7985882352943,0.18712983038194508,difference of equal-sample representative means; not paired
B1,B1-M00,3,snv,1934.2593333333336,0.19605960515483112,difference of equal-sample representative means; not paired
B1,B1-M00,3,snv,1939.7200784313727,0.19627376989561585,difference of equal-sample representative means; not paired
B1,B1-M00,3,snv,1945.180823529412,0.19088696270505578,difference of equal-sample representative means; not paired
B1,B1-M00,3,snv,1950.6415686274513,0.1794847816476257,difference of equal-sample representative means; not paired
B1,B1-M00,3,snv,1956.1023137254906,0.1640588918866388,difference of equal-sample representative means; not paired
B1,B1-M00,3,snv,1961.5630588235294,0.1483313280156724,difference of equal-sample representative means; not paired
B1,B1-M00,3,snv,1967.0238039215687,0.13108615416738356,difference of equal-sample representative means; not paired
B1,B1-M00,3,snv,1972.484549019608,0.11328961019699912,difference of equal-sample representative means; not paired
B1,B1-M00,3,snv,1977.9452941176473,0.10053738455495065,difference of equal-sample representative means; not paired
B1,B1-M00,3,snv,1983.4060392156866,0.08463238696081055,difference of equal-sample representative means; not paired
B1,B1-M00,3,snv,1988.866784313726,0.06885830146520577,difference of equal-sample representative means; not paired
B1,B1-M00,3,snv,1994.3275294117648,0.05506686282685558,difference of equal-sample representative means; not paired
B1,B1-M00,3,snv,1999.788274509804,0.04310223846755645,difference of equal-sample representative means; not paired
B1,B1-M00,3,snv,2005.2490196078434,0.03306181327059676,difference of equal-sample representative means; not paired
B1,B1-M00,3,snv,2010.7097647058827,0.027089932342677092,difference of equal-sample representative means; not paired
B1,B1-M00,3,snv,2016.170509803922,0.021599321192809273,difference of equal-sample representative means; not paired
B1,B1-M00,3,snv,2021.6312549019613,0.01880158992780223,difference of equal-sample representative means; not paired
B1,B1-M00,3,snv,2027.092,0.020672429145873084,difference of equal-sample representative means; not paired
B1,B1-M00,3,snv,2032.5527450980394,0.026865794530620435,difference of equal-sample representative means; not paired
B1,B1-M00,3,snv,2038.0134901960787,0.036731460076003364,difference of equal-sample representative means; not paired
B1,B1-M00,3,snv,2043.474235294118,0.04862897965312707,difference of equal-sample representative means; not paired
B1,B1-M00,3,snv,2048.9349803921573,0.059782675632169324,difference of equal-sample representative means; not paired
B1,B1-M00,3,snv,2054.3957254901966,0.07495883974709017,difference of equal-sample representative means; not paired
B1,B1-M00,3,snv,2059.8564705882354,0.08833219998624986,difference of equal-sample representative means; not paired
B1,B1-M00,3,snv,2065.3172156862747,0.10280357093576975,difference of equal-sample representative means; not paired
B1,B1-M00,3,snv,2070.777960784314,0.11628892378514721,difference of equal-sample representative means; not paired
B1,B1-M00,3,snv,2076.2387058823533,0.12869841881844812,difference of equal-sample representative means; not paired
B1,B1-M00,3,snv,2081.6994509803926,0.1393628427061837,difference of equal-sample representative means; not paired
B1,B1-M00,3,snv,2087.1601960784315,0.14768808421956714,difference of equal-sample representative means; not paired
B1,B1-M00,3,snv,2092.6209411764708,0.15641611466597793,difference of equal-sample representative means; not paired
B1,B1-M00,3,snv,2098.08168627451,0.15572583941633744,difference of equal-sample representative means; not paired
B1,B1-M00,3,snv,2103.5424313725493,0.15727706781047668,difference of equal-sample representative means; not paired
B1,B1-M00,3,snv,2109.0031764705886,0.15970152128117054,difference of equal-sample representative means; not paired
B1,B1-M00,3,snv,2114.463921568628,0.15937798022914285,difference of equal-sample representative means; not paired
B1,B1-M00,3,snv,2119.924666666667,0.1567184698139501,difference of equal-sample representative means; not paired
B1,B1-M00,3,snv,2125.385411764706,0.1535618425673282,difference of equal-sample representative means; not paired
B1,B1-M00,3,snv,2130.8461568627454,0.14990244155164256,difference of equal-sample representative means; not paired
B1,B1-M00,3,snv,2136.3069019607847,0.14395998257804776,difference of equal-sample representative means; not paired
B1,B1-M00,3,snv,2141.767647058824,0.1411884686626852,difference of equal-sample representative means; not paired
B1,B1-M00,3,snv,2147.2283921568633,0.13260917642121983,difference of equal-sample representative means; not paired
B1,B1-M00,3,snv,2152.689137254902,0.1270364736456051,difference of equal-sample representative means; not paired
B1,B1-M00,3,snv,2158.1498823529414,0.12108298558018582,difference of equal-sample representative means; not paired
B1,B1-M00,3,snv,2163.6106274509807,0.1141730205464968,difference of equal-sample representative means; not paired
B1,B1-M00,3,snv,2169.07137254902,0.10778502895176079,difference of equal-sample representative means; not paired
B1,B1-M00,3,snv,2174.5321176470593,0.10054305130513241,difference of equal-sample representative means; not paired
B1,B1-M00,3,snv,2179.992862745098,0.0965646218834173,difference of equal-sample representative means; not paired
B1,B1-M00,3,snv,2185.4536078431374,0.0896608834236321,difference of equal-sample representative means; not paired
B1,B1-M00,3,snv,2190.9143529411767,0.08528066958251701,difference of equal-sample representative means; not paired
B1,B1-M00,3,snv,2196.375098039216,0.08183036937788635,difference of equal-sample representative means; not paired
B1,B1-M00,3,snv,2201.8358431372553,0.0793244389398835,difference of equal-sample representative means; not paired
B1,B1-M00,3,snv,2207.2965882352946,0.07714248852203687,difference of equal-sample representative means; not paired
B1,B1-M00,3,snv,2212.7573333333335,0.07395830068535458,difference of equal-sample representative means; not paired
B1,B1-M00,3,snv,2218.2180784313728,0.0697642231728921,difference of equal-sample representative means; not paired
B1,B1-M00,3,snv,2223.678823529412,0.06667194170174029,difference of equal-sample representative means; not paired
B1,B1-M00,3,snv,2229.1395686274514,0.06687623906675877,difference of equal-sample representative means; not paired
B1,B1-M00,3,snv,2234.6003137254907,0.0715652336899879,difference of equal-sample representative means; not paired
B1,B1-M00,3,snv,2240.06105882353,0.0835876249642995,difference of equal-sample representative means; not paired
B1,B1-M00,3,snv,2245.521803921569,0.10162951625420136,difference of equal-sample representative means; not paired
B1,B1-M00,3,snv,2250.982549019608,0.1271863487489031,difference of equal-sample representative means; not paired
B1,B1-M00,3,snv,2256.4432941176474,0.16423103667599492,difference of equal-sample representative means; not paired
B1,B1-M00,3,snv,2261.9040392156867,0.20790042424175237,difference of equal-sample representative means; not paired
B1,B1-M00,3,snv,2267.364784313726,0.24821531938843733,difference of equal-sample representative means; not paired
B1,B1-M00,3,snv,2272.825529411765,0.2832544876796852,difference of equal-sample representative means; not paired
B1,B1-M00,3,snv,2278.286274509804,0.3106083397850812,difference of equal-sample representative means; not paired
B1,B1-M00,3,snv,2283.7470196078434,0.3333846214898857,difference of equal-sample representative means; not paired
B1,B1-M00,3,snv,2289.2077647058827,0.35444493288131795,difference of equal-sample representative means; not paired
B1,B1-M00,3,snv,2294.668509803922,0.375887685740131,difference of equal-sample representative means; not paired
B1,B1-M00,3,snv,2300.1292549019613,0.3977138119393393,difference of equal-sample representative means; not paired
B1,B1-M00,3,snv,2305.59,0.41195373980659133,difference of equal-sample representative means; not paired
B1,B1-M00,3,second_derivative,913.1,3.5979784514140664e-05,difference of equal-sample representative means; not paired
B1,B1-M00,3,second_derivative,918.5607450980392,3.5979784514140664e-05,difference of equal-sample representative means; not paired
B1,B1-M00,3,second_derivative,924.0214901960785,3.5979784514140664e-05,difference of equal-sample representative means; not paired
B1,B1-M00,3,second_derivative,929.4822352941177,3.597978451413961e-05,difference of equal-sample representative means; not paired
B1,B1-M00,3,second_derivative,934.9429803921569,4.435360210360681e-05,difference of equal-sample representative means; not paired
B1,B1-M00,3,second_derivative,940.4037254901962,2.8025311585611774e-05,difference of equal-sample representative means; not paired
B1,B1-M00,3,second_derivative,945.8644705882353,2.198769580623049e-05,difference of equal-sample representative means; not paired
B1,B1-M00,3,second_derivative,951.3252156862745,1.475787833934005e-05,difference of equal-sample representative means; not paired
B1,B1-M00,3,second_derivative,956.7859607843137,4.300152518783589e-06,difference of equal-sample representative means; not paired
B1,B1-M00,3,second_derivative,962.246705882353,-1.6453757582948834e-06,difference of equal-sample representative means; not paired
B1,B1-M00,3,second_derivative,967.7074509803922,-3.7018558206180244e-06,difference of equal-sample representative means; not paired
B1,B1-M00,3,second_derivative,973.1681960784314,-6.3254027555050565e-06,difference of equal-sample representative means; not paired
B1,B1-M00,3,second_derivative,978.6289411764706,-1.0461622207650901e-05,difference of equal-sample representative means; not paired
B1,B1-M00,3,second_derivative,984.0896862745099,-1.2980163376772834e-05,difference of equal-sample representative means; not paired
B1,B1-M00,3,second_derivative,989.550431372549,-1.2218563601145041e-05,difference of equal-sample representative means; not paired
B1,B1-M00,3,second_derivative,995.0111764705882,-9.172968941636186e-06,difference of equal-sample representative means; not paired
B1,B1-M00,3,second_derivative,1000.4719215686275,-6.383470830636509e-06,difference of equal-sample representative means; not paired
B1,B1-M00,3,second_derivative,1005.9326666666667,-4.371606679855473e-06,difference of equal-sample representative means; not paired
B1,B1-M00,3,second_derivative,1011.3934117647059,-2.154758836214334e-06,difference of equal-sample representative means; not paired
B1,B1-M00,3,second_derivative,1016.8541568627452,-9.086841922744447e-07,difference of equal-sample representative means; not paired
B1,B1-M00,3,second_derivative,1022.3149019607844,-1.0888492229645536e-06,difference of equal-sample representative means; not paired
B1,B1-M00,3,second_derivative,1027.7756470588236,-8.76995879818079e-07,difference of equal-sample representative means; not paired
B1,B1-M00,3,second_derivative,1033.2363921568628,-1.6950775563647252e-07,difference of equal-sample representative means; not paired
B1,B1-M00,3,second_derivative,1038.697137254902,1.3344997833868707e-06,difference of equal-sample representative means; not paired
B1,B1-M00,3,second_derivative,1044.1578823529412,3.127418235321992e-06,difference of equal-sample representative means; not paired
B1,B1-M00,3,second_derivative,1049.6186274509805,2.3472469545285757e-06,difference of equal-sample representative means; not paired
B1,B1-M00,3,second_derivative,1055.0793725490196,9.161634020567604e-07,difference of equal-sample representative means; not paired
B1,B1-M00,3,second_derivative,1060.5401176470589,-2.8910971399572115e-07,difference of equal-sample representative means; not paired
B1,B1-M00,3,second_derivative,1066.0008627450982,-3.1034974011359964e-07,difference of equal-sample representative means; not paired
B1,B1-M00,3,second_derivative,1071.4616078431372,-1.6413969744156097e-07,difference of equal-sample representative means; not paired
B1,B1-M00,3,second_derivative,1076.9223529411765,3.4973685933089575e-07,difference of equal-sample representative means; not paired
B1,B1-M00,3,second_derivative,1082.3830980392158,1.3214830780078365e-06,difference of equal-sample representative means; not paired
B1,B1-M00,3,second_derivative,1087.843843137255,2.597764697456625e-06,difference of equal-sample representative means; not paired
B1,B1-M00,3,second_derivative,1093.3045882352942,4.106535599702198e-06,difference of equal-sample representative means; not paired
B1,B1-M00,3,second_derivative,1098.7653333333333,6.975493018215398e-06,difference of equal-sample representative means; not paired
B1,B1-M00,3,second_derivative,1104.2260784313726,1.037886619512044e-05,difference of equal-sample representative means; not paired
B1,B1-M00,3,second_derivative,1109.6868235294119,1.4690090107836855e-05,difference of equal-sample representative means; not paired
B1,B1-M00,3,second_derivative,1115.1475686274512,1.7690109963002376e-05,difference of equal-sample representative means; not paired
B1,B1-M00,3,second_derivative,1120.6083137254902,1.6713128073551646e-05,difference of equal-sample representative means; not paired
B1,B1-M00,3,second_derivative,1126.0690588235295,1.1462688784335965e-05,difference of equal-sample representative means; not paired
B1,B1-M00,3,second_derivative,1131.5298039215686,4.450026572111452e-06,difference of equal-sample representative means; not paired
B1,B1-M00,3,second_derivative,1136.990549019608,-6.76369616220627e-07,difference of equal-sample representative means; not paired
B1,B1-M00,3,second_derivative,1142.4512941176472,-1.6035438095041497e-06,difference of equal-sample representative means; not paired
B1,B1-M00,3,second_derivative,1147.9120392156863,-1.3577839916962136e-06,difference of equal-sample representative means; not paired
B1,B1-M00,3,second_derivative,1153.3727843137256,-1.844149597632325e-06,difference of equal-sample representative means; not paired
B1,B1-M00,3,second_derivative,1158.8335294117649,-3.4120052750912473e-06,difference of equal-sample representative means; not paired
B1,B1-M00,3,second_derivative,1164.294274509804,-4.951441509917215e-06,difference of equal-sample representative means; not paired
B1,B1-M00,3,second_derivative,1169.7550196078432,-4.8190371048418625e-06,difference of equal-sample representative means; not paired
B1,B1-M00,3,second_derivative,1175.2157647058825,-2.9319844467296098e-06,difference of equal-sample representative means; not paired
B1,B1-M00,3,second_derivative,1180.6765098039216,-3.1510380060513226e-06,difference of equal-sample representative means; not paired
B1,B1-M00,3,second_derivative,1186.137254901961,-6.5050116272316494e-06,difference of equal-sample representative means; not paired
B1,B1-M00,3,second_derivative,1191.598,-1.1397814468340669e-05,difference of equal-sample representative means; not paired
B1,B1-M00,3,second_derivative,1197.0587450980393,-1.4621230803466242e-05,difference of equal-sample representative means; not paired
B1,B1-M00,3,second_derivative,1202.5194901960786,-1.3726897498020825e-05,difference of equal-sample representative means; not paired
B1,B1-M00,3,second_derivative,1207.9802352941178,-9.602996436448104e-06,difference of equal-sample representative means; not paired
B1,B1-M00,3,second_derivative,1213.440980392157,-6.972930736787338e-06,difference of equal-sample representative means; not paired
B1,B1-M00,3,second_derivative,1218.9017254901962,-6.8330636061795805e-06,difference of equal-sample representative means; not paired
B1,B1-M00,3,second_derivative,1224.3624705882353,-7.81354111774364e-06,difference of equal-sample representative means; not paired
B1,B1-M00,3,second_derivative,1229.8232156862746,-7.1395464723337e-06,difference of equal-sample representative means; not paired
B1,B1-M00,3,second_derivative,1235.2839607843139,-3.7729149963956276e-06,difference of equal-sample representative means; not paired
B1,B1-M00,3,second_derivative,1240.7447058823532,7.136737797306867e-07,difference of equal-sample representative means; not paired
B1,B1-M00,3,second_derivative,1246.2054509803922,3.1572713906189973e-06,difference of equal-sample representative means; not paired
B1,B1-M00,3,second_derivative,1251.6661960784315,3.0343694417554913e-06,difference of equal-sample representative means; not paired
B1,B1-M00,3,second_derivative,1257.1269411764706,2.825068132890209e-06,difference of equal-sample representative means; not paired
B1,B1-M00,3,second_derivative,1262.58768627451,9.70927499902995e-07,difference of equal-sample representative means; not paired
B1,B1-M00,3,second_derivative,1268.0484313725492,1.4869692472265655e-07,difference of equal-sample representative means; not paired
B1,B1-M00,3,second_derivative,1273.5091764705883,-3.322277424535794e-07,difference of equal-sample representative means; not paired
B1,B1-M00,3,second_derivative,1278.9699215686276,-4.2456409346229725e-07,difference of equal-sample representative means; not paired
B1,B1-M00,3,second_derivative,1284.4306666666666,3.118923229964077e-07,difference of equal-sample representative means; not paired
B1,B1-M00,3,second_derivative,1289.891411764706,2.8269029289511e-06,difference of equal-sample representative means; not paired
B1,B1-M00,3,second_derivative,1295.3521568627452,4.467092813413389e-06,difference of equal-sample representative means; not paired
B1,B1-M00,3,second_derivative,1300.8129019607845,7.844698218189738e-06,difference of equal-sample representative means; not paired
B1,B1-M00,3,second_derivative,1306.2736470588236,1.0395723983190813e-05,difference of equal-sample representative means; not paired
B1,B1-M00,3,second_derivative,1311.734392156863,1.1698335821882518e-05,difference of equal-sample representative means; not paired
B1,B1-M00,3,second_derivative,1317.195137254902,1.2284393842610488e-05,difference of equal-sample representative means; not paired
B1,B1-M00,3,second_derivative,1322.6558823529413,1.2354031416512645e-05,difference of equal-sample representative means; not paired
B1,B1-M00,3,second_derivative,1328.1166274509806,1.258950308443635e-05,difference of equal-sample representative means; not paired
B1,B1-M00,3,second_derivative,1333.5773725490199,1.2404108297417602e-05,difference of equal-sample representative means; not paired
B1,B1-M00,3,second_derivative,1339.038117647059,8.881197648494327e-06,difference of equal-sample representative means; not paired
B1,B1-M00,3,second_derivative,1344.4988627450982,2.4591928120034e-06,difference of equal-sample representative means; not paired
B1,B1-M00,3,second_derivative,1349.9596078431373,-3.10160697704671e-06,difference of equal-sample representative means; not paired
B1,B1-M00,3,second_derivative,1355.4203529411766,-6.784856537584906e-06,difference of equal-sample representative means; not paired
B1,B1-M00,3,second_derivative,1360.8810980392159,-8.425748479368943e-06,difference of equal-sample representative means; not paired
B1,B1-M00,3,second_derivative,1366.341843137255,-7.834491469900756e-06,difference of equal-sample representative means; not paired
B1,B1-M00,3,second_derivative,1371.8025882352943,-5.04494257068133e-06,difference of equal-sample representative means; not paired
B1,B1-M00,3,second_derivative,1377.2633333333333,2.3462566563688153e-06,difference of equal-sample representative means; not paired
B1,B1-M00,3,second_derivative,1382.7240784313726,1.1639145671675678e-05,difference of equal-sample representative means; not paired
B1,B1-M00,3,second_derivative,1388.184823529412,1.7798741739907106e-05,difference of equal-sample representative means; not paired
B1,B1-M00,3,second_derivative,1393.6455686274512,1.8198995387904958e-05,difference of equal-sample representative means; not paired
B1,B1-M00,3,second_derivative,1399.1063137254903,1.3663100560083177e-05,difference of equal-sample representative means; not paired
B1,B1-M00,3,second_derivative,1404.5670588235296,6.5445544437924425e-06,difference of equal-sample representative means; not paired
B1,B1-M00,3,second_derivative,1410.0278039215686,-1.1333087171513919e-06,difference of equal-sample representative means; not paired
B1,B1-M00,3,second_derivative,1415.488549019608,-9.771529619835377e-06,difference of equal-sample representative means; not paired
B1,B1-M00,3,second_derivative,1420.9492941176472,-1.706201031073231e-05,difference of equal-sample representative means; not paired
B1,B1-M00,3,second_derivative,1426.4100392156865,-2.1161567652408812e-05,difference of equal-sample representative means; not paired
B1,B1-M00,3,second_derivative,1431.8707843137256,-2.1610223799321202e-05,difference of equal-sample representative means; not paired
B1,B1-M00,3,second_derivative,1437.3315294117647,-1.9364153283776378e-05,difference of equal-sample representative means; not paired
B1,B1-M00,3,second_derivative,1442.792274509804,-1.611641774604474e-05,difference of equal-sample representative means; not paired
B1,B1-M00,3,second_derivative,1448.2530196078433,-1.2435392522902879e-05,difference of equal-sample representative means; not paired
B1,B1-M00,3,second_derivative,1453.7137647058826,-7.96704002011606e-06,difference of equal-sample representative means; not paired
B1,B1-M00,3,second_derivative,1459.1745098039219,-4.586998790227872e-06,difference of equal-sample representative means; not paired
B1,B1-M00,3,second_derivative,1464.635254901961,-5.366552039252915e-06,difference of equal-sample representative means; not paired
B1,B1-M00,3,second_derivative,1470.096,-4.56220667656374e-06,difference of equal-sample representative means; not paired
B1,B1-M00,3,second_derivative,1475.5567450980393,-3.385055614255933e-06,difference of equal-sample representative means; not paired
B1,B1-M00,3,second_derivative,1481.0174901960786,-2.500106763016132e-06,difference of equal-sample representative means; not paired
B1,B1-M00,3,second_derivative,1486.478235294118,-1.4441041442695107e-06,difference of equal-sample representative means; not paired
B1,B1-M00,3,second_derivative,1491.938980392157,-1.0011360626706241e-06,difference of equal-sample representative means; not paired
B1,B1-M00,3,second_derivative,1497.3997254901963,-1.5099030740506598e-06,difference of equal-sample representative means; not paired
B1,B1-M00,3,second_derivative,1502.8604705882353,-5.452047198339659e-07,difference of equal-sample representative means; not paired
B1,B1-M00,3,second_derivative,1508.3212156862746,2.7435466494223114e-07,difference of equal-sample representative means; not paired
B1,B1-M00,3,second_derivative,1513.781960784314,3.5973226388498464e-07,difference of equal-sample representative means; not paired
B1,B1-M00,3,second_derivative,1519.2427058823532,1.2043694377369871e-06,difference of equal-sample representative means; not paired
B1,B1-M00,3,second_derivative,1524.7034509803923,2.8778165446237895e-06,difference of equal-sample representative means; not paired
B1,B1-M00,3,second_derivative,1530.1641960784316,2.8120957460483742e-06,difference of equal-sample representative means; not paired
B1,B1-M00,3,second_derivative,1535.6249411764707,-1.2207812741222657e-06,difference of equal-sample representative means; not paired
B1,B1-M00,3,second_derivative,1541.08568627451,3.793657781932896e-07,difference of equal-sample representative means; not paired
B1,B1-M00,3,second_derivative,1546.5464313725493,7.002885586100171e-08,difference of equal-sample representative means; not paired
B1,B1-M00,3,second_derivative,1552.0071764705885,9.134894442914762e-07,difference of equal-sample representative means; not paired
B1,B1-M00,3,second_derivative,1557.4679215686276,1.2615835731610616e-06,difference of equal-sample representative means; not paired
B1,B1-M00,3,second_derivative,1562.9286666666667,2.7023451615285623e-07,difference of equal-sample representative means; not paired
B1,B1-M00,3,second_derivative,1568.389411764706,-1.393961183967537e-06,difference of equal-sample representative means; not paired
B1,B1-M00,3,second_derivative,1573.8501568627453,-5.261658023295865e-07,difference of equal-sample representative means; not paired
B1,B1-M00,3,second_derivative,1579.3109019607846,-1.062247723266077e-06,difference of equal-sample representative means; not paired
B1,B1-M00,3,second_derivative,1584.7716470588239,-1.386977666816287e-06,difference of equal-sample representative means; not paired
B1,B1-M00,3,second_derivative,1590.232392156863,-2.639463988963224e-06,difference of equal-sample representative means; not paired
B1,B1-M00,3,second_derivative,1595.693137254902,-3.847055265791156e-06,difference of equal-sample representative means; not paired
B1,B1-M00,3,second_derivative,1601.1538823529413,-4.492295202745605e-06,difference of equal-sample representative means; not paired
B1,B1-M00,3,second_derivative,1606.6146274509806,-4.3437880048480925e-06,difference of equal-sample representative means; not paired
B1,B1-M00,3,second_derivative,1612.07537254902,-1.291416366148644e-06,difference of equal-sample representative means; not paired
B1,B1-M00,3,second_derivative,1617.536117647059,8.165653417173169e-07,difference of equal-sample representative means; not paired
B1,B1-M00,3,second_derivative,1622.9968627450983,4.3170367119385525e-07,difference of equal-sample representative means; not paired
B1,B1-M00,3,second_derivative,1628.4576078431373,2.836314485174987e-06,difference of equal-sample representative means; not paired
B1,B1-M00,3,second_derivative,1633.9183529411766,4.261092220786463e-06,difference of equal-sample representative means; not paired
B1,B1-M00,3,second_derivative,1639.379098039216,5.874487633032442e-06,difference of equal-sample representative means; not paired
B1,B1-M00,3,second_derivative,1644.8398431372552,7.774377623302857e-06,difference of equal-sample representative means; not paired
B1,B1-M00,3,second_derivative,1650.3005882352943,9.276155650630684e-06,difference of equal-sample representative means; not paired
B1,B1-M00,3,second_derivative,1655.7613333333334,8.593864540618888e-06,difference of equal-sample representative means; not paired
B1,B1-M00,3,second_derivative,1661.2220784313727,7.03822496284353e-06,difference of equal-sample representative means; not paired
B1,B1-M00,3,second_derivative,1666.682823529412,1.1532350486334675e-06,difference of equal-sample representative means; not paired
B1,B1-M00,3,second_derivative,1672.1435686274513,-4.307988764135783e-06,difference of equal-sample representative means; not paired
B1,B1-M00,3,second_derivative,1677.6043137254906,-5.877983735314574e-06,difference of equal-sample representative means; not paired
B1,B1-M00,3,second_derivative,1683.0650588235296,-4.133474883836122e-06,difference of equal-sample representative means; not paired
B1,B1-M00,3,second_derivative,1688.5258039215687,-1.3900804923271483e-06,difference of equal-sample representative means; not paired
B1,B1-M00,3,second_derivative,1693.986549019608,-1.0326589480028065e-06,difference of equal-sample representative means; not paired
B1,B1-M00,3,second_derivative,1699.4472941176473,-1.719103706389906e-06,difference of equal-sample representative means; not paired
B1,B1-M00,3,second_derivative,1704.9080392156866,-1.8244381501045878e-06,difference of equal-sample representative means; not paired
B1,B1-M00,3,second_derivative,1710.3687843137257,-2.5159296210483673e-07,difference of equal-sample representative means; not paired
B1,B1-M00,3,second_derivative,1715.829529411765,-3.7837845367875135e-08,difference of equal-sample representative means; not paired
B1,B1-M00,3,second_derivative,1721.290274509804,-1.0080359270788544e-06,difference of equal-sample representative means; not paired
B1,B1-M00,3,second_derivative,1726.7510196078433,-1.611167449345719e-06,difference of equal-sample representative means; not paired
B1,B1-M00,3,second_derivative,1732.2117647058826,-1.1774294263589859e-06,difference of equal-sample representative means; not paired
B1,B1-M00,3,second_derivative,1737.672509803922,8.533812523991515e-07,difference of equal-sample representative means; not paired
B1,B1-M00,3,second_derivative,1743.133254901961,4.166175795443685e-06,difference of equal-sample representative means; not paired
B1,B1-M00,3,second_derivative,1748.594,4.340623166765468e-06,difference of equal-sample representative means; not paired
B1,B1-M00,3,second_derivative,1754.0547450980393,2.5907572675033747e-06,difference of equal-sample representative means; not paired
B1,B1-M00,3,second_derivative,1759.5154901960786,-1.6117279569930927e-07,difference of equal-sample representative means; not paired
B1,B1-M00,3,second_derivative,1764.976235294118,-2.8356683189259072e-06,difference of equal-sample representative means; not paired
B1,B1-M00,3,second_derivative,1770.4369803921572,-4.0570340578860325e-06,difference of equal-sample representative means; not paired
B1,B1-M00,3,second_derivative,1775.8977254901963,-2.7427521454096715e-06,difference of equal-sample representative means; not paired
B1,B1-M00,3,second_derivative,1781.3584705882354,-2.365956851211478e-06,difference of equal-sample representative means; not paired
B1,B1-M00,3,second_derivative,1786.8192156862747,-2.7723795722886188e-06,difference of equal-sample representative means; not paired
B1,B1-M00,3,second_derivative,1792.279960784314,-1.3738194508965347e-06,difference of equal-sample representative means; not paired
B1,B1-M00,3,second_derivative,1797.7407058823533,-3.814913887717463e-07,difference of equal-sample representative means; not paired
B1,B1-M00,3,second_derivative,1803.2014509803923,5.4512252263252804e-08,difference of equal-sample representative means; not paired
B1,B1-M00,3,second_derivative,1808.6621960784316,5.123374116695499e-08,difference of equal-sample representative means; not paired
B1,B1-M00,3,second_derivative,1814.1229411764707,-5.77118594294733e-07,difference of equal-sample representative means; not paired
B1,B1-M00,3,second_derivative,1819.58368627451,-1.81416665228976e-06,difference of equal-sample representative means; not paired
B1,B1-M00,3,second_derivative,1825.0444313725493,-1.4776922339261945e-06,difference of equal-sample representative means; not paired
B1,B1-M00,3,second_derivative,1830.5051764705886,-2.369586216264641e-06,difference of equal-sample representative means; not paired
B1,B1-M00,3,second_derivative,1835.9659215686277,-3.72316711254934e-07,difference of equal-sample representative means; not paired
B1,B1-M00,3,second_derivative,1841.4266666666667,2.535550349594645e-06,difference of equal-sample representative means; not paired
B1,B1-M00,3,second_derivative,1846.887411764706,5.674094046139867e-06,difference of equal-sample representative means; not paired
B1,B1-M00,3,second_derivative,1852.3481568627453,6.568468154370466e-06,difference of equal-sample representative means; not paired
B1,B1-M00,3,second_derivative,1857.8089019607846,5.203710116548535e-06,difference of equal-sample representative means; not paired
B1,B1-M00,3,second_derivative,1863.269647058824,6.228273148558793e-06,difference of equal-sample representative means; not paired
B1,B1-M00,3,second_derivative,1868.730392156863,1.2040548923524541e-05,difference of equal-sample representative means; not paired
B1,B1-M00,3,second_derivative,1874.191137254902,1.5674443951388143e-05,difference of equal-sample representative means; not paired
B1,B1-M00,3,second_derivative,1879.6518823529414,1.5844076776488046e-05,difference of equal-sample representative means; not paired
B1,B1-M00,3,second_derivative,1885.1126274509807,9.128084126039534e-06,difference of equal-sample representative means; not paired
B1,B1-M00,3,second_derivative,1890.57337254902,-1.0011137404782305e-06,difference of equal-sample representative means; not paired
B1,B1-M00,3,second_derivative,1896.034117647059,-7.529749470773869e-06,difference of equal-sample representative means; not paired
B1,B1-M00,3,second_derivative,1901.4948627450983,-9.737968238380919e-06,difference of equal-sample representative means; not paired
B1,B1-M00,3,second_derivative,1906.9556078431374,-1.1123849879017336e-05,difference of equal-sample representative means; not paired
B1,B1-M00,3,second_derivative,1912.4163529411767,-1.0305023633494037e-05,difference of equal-sample representative means; not paired
B1,B1-M00,3,second_derivative,1917.877098039216,-9.484570926461251e-06,difference of equal-sample representative means; not paired
B1,B1-M00,3,second_derivative,1923.3378431372553,-8.34644385876046e-06,difference of equal-sample representative means; not paired
B1,B1-M00,3,second_derivative,1928.7985882352943,-6.830040169246443e-06,difference of equal-sample representative means; not paired
B1,B1-M00,3,second_derivative,1934.2593333333336,-4.751349771557416e-06,difference of equal-sample representative means; not paired
B1,B1-M00,3,second_derivative,1939.7200784313727,-3.297518520140757e-06,difference of equal-sample representative means; not paired
B1,B1-M00,3,second_derivative,1945.180823529412,-2.5212261456191565e-06,difference of equal-sample representative means; not paired
B1,B1-M00,3,second_derivative,1950.6415686274513,-1.9991523112165895e-06,difference of equal-sample representative means; not paired
B1,B1-M00,3,second_derivative,1956.1023137254906,-1.212649408286899e-06,difference of equal-sample representative means; not paired
B1,B1-M00,3,second_derivative,1961.5630588235294,-2.593487832921386e-06,difference of equal-sample representative means; not paired
B1,B1-M00,3,second_derivative,1967.0238039215687,-2.5394463958760274e-06,difference of equal-sample representative means; not paired
B1,B1-M00,3,second_derivative,1972.484549019608,-1.4708214584264736e-06,difference of equal-sample representative means; not paired
B1,B1-M00,3,second_derivative,1977.9452941176473,-9.211796180084468e-07,difference of equal-sample representative means; not paired
B1,B1-M00,3,second_derivative,1983.4060392156866,4.2153714625688135e-07,difference of equal-sample representative means; not paired
B1,B1-M00,3,second_derivative,1988.866784313726,2.0436268237775015e-06,difference of equal-sample representative means; not paired
B1,B1-M00,3,second_derivative,1994.3275294117648,8.445439064901567e-07,difference of equal-sample representative means; not paired
B1,B1-M00,3,second_derivative,1999.788274509804,1.7261560083855077e-06,difference of equal-sample representative means; not paired
B1,B1-M00,3,second_derivative,2005.2490196078434,3.756490871637909e-06,difference of equal-sample representative means; not paired
B1,B1-M00,3,second_derivative,2010.7097647058827,5.1597628312823225e-06,difference of equal-sample representative means; not paired
B1,B1-M00,3,second_derivative,2016.170509803922,4.886369797628615e-06,difference of equal-sample representative means; not paired
B1,B1-M00,3,second_derivative,2021.6312549019613,3.294330281469301e-06,difference of equal-sample representative means; not paired
B1,B1-M00,3,second_derivative,2027.092,1.1736683333149435e-06,difference of equal-sample representative means; not paired
B1,B1-M00,3,second_derivative,2032.5527450980394,8.629659777764664e-07,difference of equal-sample representative means; not paired
B1,B1-M00,3,second_derivative,2038.0134901960787,5.658191949636022e-07,difference of equal-sample representative means; not paired
B1,B1-M00,3,second_derivative,2043.474235294118,-1.1746017343578361e-07,difference of equal-sample representative means; not paired
B1,B1-M00,3,second_derivative,2048.9349803921573,-1.5819381048514521e-06,difference of equal-sample representative means; not paired
B1,B1-M00,3,second_derivative,2054.3957254901966,-2.8748293658484683e-06,difference of equal-sample representative means; not paired
B1,B1-M00,3,second_derivative,2059.8564705882354,-3.3280642281888526e-06,difference of equal-sample representative means; not paired
B1,B1-M00,3,second_derivative,2065.3172156862747,-3.2214564112594555e-06,difference of equal-sample representative means; not paired
B1,B1-M00,3,second_derivative,2070.777960784314,-2.820913298337897e-06,difference of equal-sample representative means; not paired
B1,B1-M00,3,second_derivative,2076.2387058823533,-1.2840892127031123e-06,difference of equal-sample representative means; not paired
B1,B1-M00,3,second_derivative,2081.6994509803926,1.5576851998283768e-06,difference of equal-sample representative means; not paired
B1,B1-M00,3,second_derivative,2087.1601960784315,4.653710424931337e-06,difference of equal-sample representative means; not paired
B1,B1-M00,3,second_derivative,2092.6209411764708,3.999039692439331e-06,difference of equal-sample representative means; not paired
B1,B1-M00,3,second_derivative,2098.08168627451,1.965558184166649e-06,difference of equal-sample representative means; not paired
B1,B1-M00,3,second_derivative,2103.5424313725493,3.6134567363549856e-07,difference of equal-sample representative means; not paired
B1,B1-M00,3,second_derivative,2109.0031764705886,-7.614304535074704e-07,difference of equal-sample representative means; not paired
B1,B1-M00,3,second_derivative,2114.463921568628,-2.7621271574781623e-07,difference of equal-sample representative means; not paired
B1,B1-M00,3,second_derivative,2119.924666666667,1.3599661859256047e-06,difference of equal-sample representative means; not paired
B1,B1-M00,3,second_derivative,2125.385411764706,6.898084170044538e-08,difference of equal-sample representative means; not paired
B1,B1-M00,3,second_derivative,2130.8461568627454,2.3087403183165264e-07,difference of equal-sample representative means; not paired
B1,B1-M00,3,second_derivative,2136.3069019607847,-1.2789613320959695e-07,difference of equal-sample representative means; not paired
B1,B1-M00,3,second_derivative,2141.767647058824,-1.2468594406392949e-06,difference of equal-sample representative means; not paired
B1,B1-M00,3,second_derivative,2147.2283921568633,-1.6732619976699385e-06,difference of equal-sample representative means; not paired
B1,B1-M00,3,second_derivative,2152.689137254902,-1.447479209899707e-06,difference of equal-sample representative means; not paired
B1,B1-M00,3,second_derivative,2158.1498823529414,-2.041722254443498e-06,difference of equal-sample representative means; not paired
B1,B1-M00,3,second_derivative,2163.6106274509807,-1.8921636335541548e-06,difference of equal-sample representative means; not paired
B1,B1-M00,3,second_derivative,2169.07137254902,-1.209776004300422e-06,difference of equal-sample representative means; not paired
B1,B1-M00,3,second_derivative,2174.5321176470593,-2.698904484304425e-07,difference of equal-sample representative means; not paired
B1,B1-M00,3,second_derivative,2179.992862745098,3.024720213213466e-08,difference of equal-sample representative means; not paired
B1,B1-M00,3,second_derivative,2185.4536078431374,-8.913075248332407e-08,difference of equal-sample representative means; not paired
B1,B1-M00,3,second_derivative,2190.9143529411767,2.0029574369077054e-07,difference of equal-sample representative means; not paired
B1,B1-M00,3,second_derivative,2196.375098039216,6.469775995610378e-07,difference of equal-sample representative means; not paired
B1,B1-M00,3,second_derivative,2201.8358431372553,1.539317515849491e-06,difference of equal-sample representative means; not paired
B1,B1-M00,3,second_derivative,2207.2965882352946,1.7725990500124153e-06,difference of equal-sample representative means; not paired
B1,B1-M00,3,second_derivative,2212.7573333333335,3.6266552328775047e-06,difference of equal-sample representative means; not paired
B1,B1-M00,3,second_derivative,2218.2180784313728,5.94685631720141e-06,difference of equal-sample representative means; not paired
B1,B1-M00,3,second_derivative,2223.678823529412,6.164821097022152e-06,difference of equal-sample representative means; not paired
B1,B1-M00,3,second_derivative,2229.1395686274514,4.02169872346439e-06,difference of equal-sample representative means; not paired
B1,B1-M00,3,second_derivative,2234.6003137254907,6.844185453887996e-07,difference of equal-sample representative means; not paired
B1,B1-M00,3,second_derivative,2240.06105882353,-3.244719212444833e-06,difference of equal-sample representative means; not paired
B1,B1-M00,3,second_derivative,2245.521803921569,-6.172313628927416e-06,difference of equal-sample representative means; not paired
B1,B1-M00,3,second_derivative,2250.982549019608,-7.510343560314584e-06,difference of equal-sample representative means; not paired
B1,B1-M00,3,second_derivative,2256.4432941176474,-8.438127529498534e-06,difference of equal-sample representative means; not paired
B1,B1-M00,3,second_derivative,2261.9040392156867,-7.358222428376695e-06,difference of equal-sample representative means; not paired
B1,B1-M00,3,second_derivative,2267.364784313726,-6.975012987393943e-06,difference of equal-sample representative means; not paired
B1,B1-M00,3,second_derivative,2272.825529411765,-9.136548066115808e-06,difference of equal-sample representative means; not paired
B1,B1-M00,3,second_derivative,2278.286274509804,-1.1568072622621589e-05,difference of equal-sample representative means; not paired
B1,B1-M00,3,second_derivative,2283.7470196078434,-1.0698202900654074e-05,difference of equal-sample representative means; not paired
B1,B1-M00,3,second_derivative,2289.2077647058827,-1.4590781088982021e-06,difference of equal-sample representative means; not paired
B1,B1-M00,3,second_derivative,2294.668509803922,-1.459078108898114e-06,difference of equal-sample representative means; not paired
B1,B1-M00,3,second_derivative,2300.1292549019613,-1.459078108898114e-06,difference of equal-sample representative means; not paired
B1,B1-M00,3,second_derivative,2305.59,-1.459078108898114e-06,difference of equal-sample representative means; not paired
B1,B1-M00,4,reflectance,913.1,0.1262834955558671,difference of equal-sample representative means; not paired
B1,B1-M00,4,reflectance,918.5607450980392,0.15580757388436994,difference of equal-sample representative means; not paired
B1,B1-M00,4,reflectance,924.0214901960785,0.17433520881729486,difference of equal-sample representative means; not paired
B1,B1-M00,4,reflectance,929.4822352941177,0.18934636594377974,difference of equal-sample representative means; not paired
B1,B1-M00,4,reflectance,934.9429803921569,0.1992778196705859,difference of equal-sample representative means; not paired
B1,B1-M00,4,reflectance,940.4037254901962,0.20477107840713993,difference of equal-sample representative means; not paired
B1,B1-M00,4,reflectance,945.8644705882353,0.20883425058750898,difference of equal-sample representative means; not paired
B1,B1-M00,4,reflectance,951.3252156862745,0.20982496051261168,difference of equal-sample representative means; not paired
B1,B1-M00,4,reflectance,956.7859607843137,0.20924859750687652,difference of equal-sample representative means; not paired
B1,B1-M00,4,reflectance,962.246705882353,0.2073955313382987,difference of equal-sample representative means; not paired
B1,B1-M00,4,reflectance,967.7074509803922,0.20515080107050193,difference of equal-sample representative means; not paired
B1,B1-M00,4,reflectance,973.1681960784314,0.20226185561277926,difference of equal-sample representative means; not paired
B1,B1-M00,4,reflectance,978.6289411764706,0.19918487407504154,difference of equal-sample representative means; not paired
B1,B1-M00,4,reflectance,984.0896862745099,0.19669312318827342,difference of equal-sample representative means; not paired
B1,B1-M00,4,reflectance,989.550431372549,0.19493882575264088,difference of equal-sample representative means; not paired
B1,B1-M00,4,reflectance,995.0111764705882,0.19383013400994642,difference of equal-sample representative means; not paired
B1,B1-M00,4,reflectance,1000.4719215686275,0.192390242701106,difference of equal-sample representative means; not paired
B1,B1-M00,4,reflectance,1005.9326666666667,0.19131623021742217,difference of equal-sample representative means; not paired
B1,B1-M00,4,reflectance,1011.3934117647059,0.1903471965609066,difference of equal-sample representative means; not paired
B1,B1-M00,4,reflectance,1016.8541568627452,0.1895875135655392,difference of equal-sample representative means; not paired
B1,B1-M00,4,reflectance,1022.3149019607844,0.18903728846599016,difference of equal-sample representative means; not paired
B1,B1-M00,4,reflectance,1027.7756470588236,0.18838849104152527,difference of equal-sample representative means; not paired
B1,B1-M00,4,reflectance,1033.2363921568628,0.18815938852122632,difference of equal-sample representative means; not paired
B1,B1-M00,4,reflectance,1038.697137254902,0.18743062263882287,difference of equal-sample representative means; not paired
B1,B1-M00,4,reflectance,1044.1578823529412,0.1870681831376248,difference of equal-sample representative means; not paired
B1,B1-M00,4,reflectance,1049.6186274509805,0.1869643838597148,difference of equal-sample representative means; not paired
B1,B1-M00,4,reflectance,1055.0793725490196,0.18643110946794422,difference of equal-sample representative means; not paired
B1,B1-M00,4,reflectance,1060.5401176470589,0.18552214503346287,difference of equal-sample representative means; not paired
B1,B1-M00,4,reflectance,1066.0008627450982,0.1849388749110773,difference of equal-sample representative means; not paired
B1,B1-M00,4,reflectance,1071.4616078431372,0.18433077978599693,difference of equal-sample representative means; not paired
B1,B1-M00,4,reflectance,1076.9223529411765,0.18383654745800254,difference of equal-sample representative means; not paired
B1,B1-M00,4,reflectance,1082.3830980392158,0.1834466527297675,difference of equal-sample representative means; not paired
B1,B1-M00,4,reflectance,1087.843843137255,0.183078895009332,difference of equal-sample representative means; not paired
B1,B1-M00,4,reflectance,1093.3045882352942,0.18283602480269928,difference of equal-sample representative means; not paired
B1,B1-M00,4,reflectance,1098.7653333333333,0.18237747931948678,difference of equal-sample representative means; not paired
B1,B1-M00,4,reflectance,1104.2260784313726,0.18130190320128986,difference of equal-sample representative means; not paired
B1,B1-M00,4,reflectance,1109.6868235294119,0.1798776588240943,difference of equal-sample representative means; not paired
B1,B1-M00,4,reflectance,1115.1475686274512,0.17819578506589728,difference of equal-sample representative means; not paired
B1,B1-M00,4,reflectance,1120.6083137254902,0.17537129771808957,difference of equal-sample representative means; not paired
B1,B1-M00,4,reflectance,1126.0690588235295,0.17181673221789395,difference of equal-sample representative means; not paired
B1,B1-M00,4,reflectance,1131.5298039215686,0.1677057922737648,difference of equal-sample representative means; not paired
B1,B1-M00,4,reflectance,1136.990549019608,0.16356844433005846,difference of equal-sample representative means; not paired
B1,B1-M00,4,reflectance,1142.4512941176472,0.15976277928888905,difference of equal-sample representative means; not paired
B1,B1-M00,4,reflectance,1147.9120392156863,0.1560237707049581,difference of equal-sample representative means; not paired
B1,B1-M00,4,reflectance,1153.3727843137256,0.15192927778383036,difference of equal-sample representative means; not paired
B1,B1-M00,4,reflectance,1158.8335294117649,0.1478391504233229,difference of equal-sample representative means; not paired
B1,B1-M00,4,reflectance,1164.294274509804,0.14392376547105984,difference of equal-sample representative means; not paired
B1,B1-M00,4,reflectance,1169.7550196078432,0.14029712865891947,difference of equal-sample representative means; not paired
B1,B1-M00,4,reflectance,1175.2157647058825,0.13698244189410275,difference of equal-sample representative means; not paired
B1,B1-M00,4,reflectance,1180.6765098039216,0.1337477184454547,difference of equal-sample representative means; not paired
B1,B1-M00,4,reflectance,1186.137254901961,0.1302889855133122,difference of equal-sample representative means; not paired
B1,B1-M00,4,reflectance,1191.598,0.12682971631054657,difference of equal-sample representative means; not paired
B1,B1-M00,4,reflectance,1197.0587450980393,0.12443509485278592,difference of equal-sample representative means; not paired
B1,B1-M00,4,reflectance,1202.5194901960786,0.12268082009537479,difference of equal-sample representative means; not paired
B1,B1-M00,4,reflectance,1207.9802352941178,0.1213651968317,difference of equal-sample representative means; not paired
B1,B1-M00,4,reflectance,1213.440980392157,0.12030744681443695,difference of equal-sample representative means; not paired
B1,B1-M00,4,reflectance,1218.9017254901962,0.11973607353126031,difference of equal-sample representative means; not paired
B1,B1-M00,4,reflectance,1224.3624705882353,0.11986205337647482,difference of equal-sample representative means; not paired
B1,B1-M00,4,reflectance,1229.8232156862746,0.12022212052355302,difference of equal-sample representative means; not paired
B1,B1-M00,4,reflectance,1235.2839607843139,0.12080754548150452,difference of equal-sample representative means; not paired
B1,B1-M00,4,reflectance,1240.7447058823532,0.12162138716269466,difference of equal-sample representative means; not paired
B1,B1-M00,4,reflectance,1246.2054509803922,0.12244259563819071,difference of equal-sample representative means; not paired
B1,B1-M00,4,reflectance,1251.6661960784315,0.12315547426195683,difference of equal-sample representative means; not paired
B1,B1-M00,4,reflectance,1257.1269411764706,0.12367801562390623,difference of equal-sample representative means; not paired
B1,B1-M00,4,reflectance,1262.58768627451,0.12396683449398815,difference of equal-sample representative means; not paired
B1,B1-M00,4,reflectance,1268.0484313725492,0.1240602671864115,difference of equal-sample representative means; not paired
B1,B1-M00,4,reflectance,1273.5091764705883,0.12421902347545821,difference of equal-sample representative means; not paired
B1,B1-M00,4,reflectance,1278.9699215686276,0.12468343716823005,difference of equal-sample representative means; not paired
B1,B1-M00,4,reflectance,1284.4306666666666,0.12518066739871758,difference of equal-sample representative means; not paired
B1,B1-M00,4,reflectance,1289.891411764706,0.12580011700414484,difference of equal-sample representative means; not paired
B1,B1-M00,4,reflectance,1295.3521568627452,0.1263087514131762,difference of equal-sample representative means; not paired
B1,B1-M00,4,reflectance,1300.8129019607845,0.12636230380245805,difference of equal-sample representative means; not paired
B1,B1-M00,4,reflectance,1306.2736470588236,0.1257850496883577,difference of equal-sample representative means; not paired
B1,B1-M00,4,reflectance,1311.734392156863,0.12481219460945414,difference of equal-sample representative means; not paired
B1,B1-M00,4,reflectance,1317.195137254902,0.12360568923632642,difference of equal-sample representative means; not paired
B1,B1-M00,4,reflectance,1322.6558823529413,0.1219104254587905,difference of equal-sample representative means; not paired
B1,B1-M00,4,reflectance,1328.1166274509806,0.11961756358473674,difference of equal-sample representative means; not paired
B1,B1-M00,4,reflectance,1333.5773725490199,0.11673541066899296,difference of equal-sample representative means; not paired
B1,B1-M00,4,reflectance,1339.038117647059,0.11307251310038113,difference of equal-sample representative means; not paired
B1,B1-M00,4,reflectance,1344.4988627450982,0.10887030932078523,difference of equal-sample representative means; not paired
B1,B1-M00,4,reflectance,1349.9596078431373,0.1051636015584414,difference of equal-sample representative means; not paired
B1,B1-M00,4,reflectance,1355.4203529411766,0.10071558136069425,difference of equal-sample representative means; not paired
B1,B1-M00,4,reflectance,1360.8810980392159,0.09732801974668154,difference of equal-sample representative means; not paired
B1,B1-M00,4,reflectance,1366.341843137255,0.09385970055494552,difference of equal-sample representative means; not paired
B1,B1-M00,4,reflectance,1371.8025882352943,0.09084360844096184,difference of equal-sample representative means; not paired
B1,B1-M00,4,reflectance,1377.2633333333333,0.0884390370837757,difference of equal-sample representative means; not paired
B1,B1-M00,4,reflectance,1382.7240784313726,0.08626386338706643,difference of equal-sample representative means; not paired
B1,B1-M00,4,reflectance,1388.184823529412,0.08365878758947815,difference of equal-sample representative means; not paired
B1,B1-M00,4,reflectance,1393.6455686274512,0.08019238132657985,difference of equal-sample representative means; not paired
B1,B1-M00,4,reflectance,1399.1063137254903,0.07563807552701801,difference of equal-sample representative means; not paired
B1,B1-M00,4,reflectance,1404.5670588235296,0.07003096519806407,difference of equal-sample representative means; not paired
B1,B1-M00,4,reflectance,1410.0278039215686,0.06419066658409195,difference of equal-sample representative means; not paired
B1,B1-M00,4,reflectance,1415.488549019608,0.058497081040414456,difference of equal-sample representative means; not paired
B1,B1-M00,4,reflectance,1420.9492941176472,0.05312421745093715,difference of equal-sample representative means; not paired
B1,B1-M00,4,reflectance,1426.4100392156865,0.04832352911594012,difference of equal-sample representative means; not paired
B1,B1-M00,4,reflectance,1431.8707843137256,0.04460071981741054,difference of equal-sample representative means; not paired
B1,B1-M00,4,reflectance,1437.3315294117647,0.04215501145094824,difference of equal-sample representative means; not paired
B1,B1-M00,4,reflectance,1442.792274509804,0.040457654194735015,difference of equal-sample representative means; not paired
B1,B1-M00,4,reflectance,1448.2530196078433,0.03903093628450771,difference of equal-sample representative means; not paired
B1,B1-M00,4,reflectance,1453.7137647058826,0.038038189894080976,difference of equal-sample representative means; not paired
B1,B1-M00,4,reflectance,1459.1745098039219,0.037365143024234715,difference of equal-sample representative means; not paired
B1,B1-M00,4,reflectance,1464.635254901961,0.036655845942980214,difference of equal-sample representative means; not paired
B1,B1-M00,4,reflectance,1470.096,0.0357804278205503,difference of equal-sample representative means; not paired
B1,B1-M00,4,reflectance,1475.5567450980393,0.035884267583586316,difference of equal-sample representative means; not paired
B1,B1-M00,4,reflectance,1481.0174901960786,0.035649868832592746,difference of equal-sample representative means; not paired
B1,B1-M00,4,reflectance,1486.478235294118,0.03568721541403558,difference of equal-sample representative means; not paired
B1,B1-M00,4,reflectance,1491.938980392157,0.03583551756689629,difference of equal-sample representative means; not paired
B1,B1-M00,4,reflectance,1497.3997254901963,0.03600991090761002,difference of equal-sample representative means; not paired
B1,B1-M00,4,reflectance,1502.8604705882353,0.036283596242354554,difference of equal-sample representative means; not paired
B1,B1-M00,4,reflectance,1508.3212156862746,0.0366993088894676,difference of equal-sample representative means; not paired
B1,B1-M00,4,reflectance,1513.781960784314,0.03697087274231453,difference of equal-sample representative means; not paired
B1,B1-M00,4,reflectance,1519.2427058823532,0.03736941909915725,difference of equal-sample representative means; not paired
B1,B1-M00,4,reflectance,1524.7034509803923,0.0381154827586066,difference of equal-sample representative means; not paired
B1,B1-M00,4,reflectance,1530.1641960784316,0.038188935184087,difference of equal-sample representative means; not paired
B1,B1-M00,4,reflectance,1535.6249411764707,0.0382320800547401,difference of equal-sample representative means; not paired
B1,B1-M00,4,reflectance,1541.08568627451,0.038617009393335344,difference of equal-sample representative means; not paired
B1,B1-M00,4,reflectance,1546.5464313725493,0.03903117448497068,difference of equal-sample representative means; not paired
B1,B1-M00,4,reflectance,1552.0071764705885,0.03892700098131424,difference of equal-sample representative means; not paired
B1,B1-M00,4,reflectance,1557.4679215686276,0.03915201616325037,difference of equal-sample representative means; not paired
B1,B1-M00,4,reflectance,1562.9286666666667,0.03930400970453635,difference of equal-sample representative means; not paired
B1,B1-M00,4,reflectance,1568.389411764706,0.03948915142089443,difference of equal-sample representative means; not paired
B1,B1-M00,4,reflectance,1573.8501568627453,0.03958098701824564,difference of equal-sample representative means; not paired
B1,B1-M00,4,reflectance,1579.3109019607846,0.03980272101542548,difference of equal-sample representative means; not paired
B1,B1-M00,4,reflectance,1584.7716470588239,0.04009148424747955,difference of equal-sample representative means; not paired
B1,B1-M00,4,reflectance,1590.232392156863,0.04024487660595616,difference of equal-sample representative means; not paired
B1,B1-M00,4,reflectance,1595.693137254902,0.04078563137246344,difference of equal-sample representative means; not paired
B1,B1-M00,4,reflectance,1601.1538823529413,0.04155471346313244,difference of equal-sample representative means; not paired
B1,B1-M00,4,reflectance,1606.6146274509806,0.042634048154514104,difference of equal-sample representative means; not paired
B1,B1-M00,4,reflectance,1612.07537254902,0.04378447745580655,difference of equal-sample representative means; not paired
B1,B1-M00,4,reflectance,1617.536117647059,0.04484801074847877,difference of equal-sample representative means; not paired
B1,B1-M00,4,reflectance,1622.9968627450983,0.04589682414975388,difference of equal-sample representative means; not paired
B1,B1-M00,4,reflectance,1628.4576078431373,0.046944521428134156,difference of equal-sample representative means; not paired
B1,B1-M00,4,reflectance,1633.9183529411766,0.047734410811061556,difference of equal-sample representative means; not paired
B1,B1-M00,4,reflectance,1639.379098039216,0.04824926691145126,difference of equal-sample representative means; not paired
B1,B1-M00,4,reflectance,1644.8398431372552,0.048796873075476754,difference of equal-sample representative means; not paired
B1,B1-M00,4,reflectance,1650.3005882352943,0.04879264958715246,difference of equal-sample representative means; not paired
B1,B1-M00,4,reflectance,1655.7613333333334,0.048090369632838026,difference of equal-sample representative means; not paired
B1,B1-M00,4,reflectance,1661.2220784313727,0.047031482002826475,difference of equal-sample representative means; not paired
B1,B1-M00,4,reflectance,1666.682823529412,0.04603304393859792,difference of equal-sample representative means; not paired
B1,B1-M00,4,reflectance,1672.1435686274513,0.045235628133882155,difference of equal-sample representative means; not paired
B1,B1-M00,4,reflectance,1677.6043137254906,0.04439236187932827,difference of equal-sample representative means; not paired
B1,B1-M00,4,reflectance,1683.0650588235296,0.04418797958277032,difference of equal-sample representative means; not paired
B1,B1-M00,4,reflectance,1688.5258039215687,0.04407352614786564,difference of equal-sample representative means; not paired
B1,B1-M00,4,reflectance,1693.986549019608,0.043383348529016375,difference of equal-sample representative means; not paired
B1,B1-M00,4,reflectance,1699.4472941176473,0.04268119957955341,difference of equal-sample representative means; not paired
B1,B1-M00,4,reflectance,1704.9080392156866,0.04219751051472492,difference of equal-sample representative means; not paired
B1,B1-M00,4,reflectance,1710.3687843137257,0.04188119078591396,difference of equal-sample representative means; not paired
B1,B1-M00,4,reflectance,1715.829529411765,0.04172834535203562,difference of equal-sample representative means; not paired
B1,B1-M00,4,reflectance,1721.290274509804,0.0414288881593316,difference of equal-sample representative means; not paired
B1,B1-M00,4,reflectance,1726.7510196078433,0.04086984969580626,difference of equal-sample representative means; not paired
B1,B1-M00,4,reflectance,1732.2117647058826,0.04048198418241272,difference of equal-sample representative means; not paired
B1,B1-M00,4,reflectance,1737.672509803922,0.040384932229128145,difference of equal-sample representative means; not paired
B1,B1-M00,4,reflectance,1743.133254901961,0.040012004645384625,difference of equal-sample representative means; not paired
B1,B1-M00,4,reflectance,1748.594,0.03940066087439209,difference of equal-sample representative means; not paired
B1,B1-M00,4,reflectance,1754.0547450980393,0.038990329901768594,difference of equal-sample representative means; not paired
B1,B1-M00,4,reflectance,1759.5154901960786,0.03833976606461181,difference of equal-sample representative means; not paired
B1,B1-M00,4,reflectance,1764.976235294118,0.03803673884796227,difference of equal-sample representative means; not paired
B1,B1-M00,4,reflectance,1770.4369803921572,0.03755432863431579,difference of equal-sample representative means; not paired
B1,B1-M00,4,reflectance,1775.8977254901963,0.037199749671316895,difference of equal-sample representative means; not paired
B1,B1-M00,4,reflectance,1781.3584705882354,0.036891923374118285,difference of equal-sample representative means; not paired
B1,B1-M00,4,reflectance,1786.8192156862747,0.0366073385671154,difference of equal-sample representative means; not paired
B1,B1-M00,4,reflectance,1792.279960784314,0.03639934175109344,difference of equal-sample representative means; not paired
B1,B1-M00,4,reflectance,1797.7407058823533,0.03632748295299032,difference of equal-sample representative means; not paired
B1,B1-M00,4,reflectance,1803.2014509803923,0.03642983090609281,difference of equal-sample representative means; not paired
B1,B1-M00,4,reflectance,1808.6621960784316,0.03670732182954334,difference of equal-sample representative means; not paired
B1,B1-M00,4,reflectance,1814.1229411764707,0.03668529294044215,difference of equal-sample representative means; not paired
B1,B1-M00,4,reflectance,1819.58368627451,0.03681446654363951,difference of equal-sample representative means; not paired
B1,B1-M00,4,reflectance,1825.0444313725493,0.036919189514833306,difference of equal-sample representative means; not paired
B1,B1-M00,4,reflectance,1830.5051764705886,0.037032644435611495,difference of equal-sample representative means; not paired
B1,B1-M00,4,reflectance,1835.9659215686277,0.03731661545271969,difference of equal-sample representative means; not paired
B1,B1-M00,4,reflectance,1841.4266666666667,0.03773054096555978,difference of equal-sample representative means; not paired
B1,B1-M00,4,reflectance,1846.887411764706,0.040748314930446394,difference of equal-sample representative means; not paired
B1,B1-M00,4,reflectance,1852.3481568627453,0.03902180740251171,difference of equal-sample representative means; not paired
B1,B1-M00,4,reflectance,1857.8089019607846,0.038568090015261625,difference of equal-sample representative means; not paired
B1,B1-M00,4,reflectance,1863.269647058824,0.038321292492360326,difference of equal-sample representative means; not paired
B1,B1-M00,4,reflectance,1868.730392156863,0.037695149254512506,difference of equal-sample representative means; not paired
B1,B1-M00,4,reflectance,1874.191137254902,0.03662238658102174,difference of equal-sample representative means; not paired
B1,B1-M00,4,reflectance,1879.6518823529414,0.034918005458330015,difference of equal-sample representative means; not paired
B1,B1-M00,4,reflectance,1885.1126274509807,0.03237670462658665,difference of equal-sample representative means; not paired
B1,B1-M00,4,reflectance,1890.57337254902,0.028873000523080894,difference of equal-sample representative means; not paired
B1,B1-M00,4,reflectance,1896.034117647059,0.024924701746347422,difference of equal-sample representative means; not paired
B1,B1-M00,4,reflectance,1901.4948627450983,0.021708881570369154,difference of equal-sample representative means; not paired
B1,B1-M00,4,reflectance,1906.9556078431374,0.018439401758721663,difference of equal-sample representative means; not paired
B1,B1-M00,4,reflectance,1912.4163529411767,0.015544072804208053,difference of equal-sample representative means; not paired
B1,B1-M00,4,reflectance,1917.877098039216,0.013799224649476416,difference of equal-sample representative means; not paired
B1,B1-M00,4,reflectance,1923.3378431372553,0.012600294049895433,difference of equal-sample representative means; not paired
B1,B1-M00,4,reflectance,1928.7985882352943,0.01181226545802308,difference of equal-sample representative means; not paired
B1,B1-M00,4,reflectance,1934.2593333333336,0.011057593436985286,difference of equal-sample representative means; not paired
B1,B1-M00,4,reflectance,1939.7200784313727,0.010925900447340459,difference of equal-sample representative means; not paired
B1,B1-M00,4,reflectance,1945.180823529412,0.011040250440661176,difference of equal-sample representative means; not paired
B1,B1-M00,4,reflectance,1950.6415686274513,0.011088521765134862,difference of equal-sample representative means; not paired
B1,B1-M00,4,reflectance,1956.1023137254906,0.011263170693704694,difference of equal-sample representative means; not paired
B1,B1-M00,4,reflectance,1961.5630588235294,0.011849472753986845,difference of equal-sample representative means; not paired
B1,B1-M00,4,reflectance,1967.0238039215687,0.01229178545994808,difference of equal-sample representative means; not paired
B1,B1-M00,4,reflectance,1972.484549019608,0.012469249725635123,difference of equal-sample representative means; not paired
B1,B1-M00,4,reflectance,1977.9452941176473,0.013260223420204442,difference of equal-sample representative means; not paired
B1,B1-M00,4,reflectance,1983.4060392156866,0.01387429899735454,difference of equal-sample representative means; not paired
B1,B1-M00,4,reflectance,1988.866784313726,0.01414824654879443,difference of equal-sample representative means; not paired
B1,B1-M00,4,reflectance,1994.3275294117648,0.014468725745436006,difference of equal-sample representative means; not paired
B1,B1-M00,4,reflectance,1999.788274509804,0.014854693220175796,difference of equal-sample representative means; not paired
B1,B1-M00,4,reflectance,2005.2490196078434,0.014788816907072178,difference of equal-sample representative means; not paired
B1,B1-M00,4,reflectance,2010.7097647058827,0.014906486697020715,difference of equal-sample representative means; not paired
B1,B1-M00,4,reflectance,2016.170509803922,0.014985837820401637,difference of equal-sample representative means; not paired
B1,B1-M00,4,reflectance,2021.6312549019613,0.014480102607924927,difference of equal-sample representative means; not paired
B1,B1-M00,4,reflectance,2027.092,0.014012819407382082,difference of equal-sample representative means; not paired
B1,B1-M00,4,reflectance,2032.5527450980394,0.013381885099805979,difference of equal-sample representative means; not paired
B1,B1-M00,4,reflectance,2038.0134901960787,0.012648656329914576,difference of equal-sample representative means; not paired
B1,B1-M00,4,reflectance,2043.474235294118,0.011937866645173212,difference of equal-sample representative means; not paired
B1,B1-M00,4,reflectance,2048.9349803921573,0.010902892454129065,difference of equal-sample representative means; not paired
B1,B1-M00,4,reflectance,2054.3957254901966,0.009793143077158173,difference of equal-sample representative means; not paired
B1,B1-M00,4,reflectance,2059.8564705882354,0.009495425226158094,difference of equal-sample representative means; not paired
B1,B1-M00,4,reflectance,2065.3172156862747,0.008527217224955863,difference of equal-sample representative means; not paired
B1,B1-M00,4,reflectance,2070.777960784314,0.007770948184396942,difference of equal-sample representative means; not paired
B1,B1-M00,4,reflectance,2076.2387058823533,0.007287656409183607,difference of equal-sample representative means; not paired
B1,B1-M00,4,reflectance,2081.6994509803926,0.006979561205344265,difference of equal-sample representative means; not paired
B1,B1-M00,4,reflectance,2087.1601960784315,0.006782187666465989,difference of equal-sample representative means; not paired
B1,B1-M00,4,reflectance,2092.6209411764708,0.006196454414849062,difference of equal-sample representative means; not paired
B1,B1-M00,4,reflectance,2098.08168627451,0.006271783930519026,difference of equal-sample representative means; not paired
B1,B1-M00,4,reflectance,2103.5424313725493,0.006322149764602825,difference of equal-sample representative means; not paired
B1,B1-M00,4,reflectance,2109.0031764705886,0.006207277081570928,difference of equal-sample representative means; not paired
B1,B1-M00,4,reflectance,2114.463921568628,0.005923606917142887,difference of equal-sample representative means; not paired
B1,B1-M00,4,reflectance,2119.924666666667,0.005752133674594928,difference of equal-sample representative means; not paired
B1,B1-M00,4,reflectance,2125.385411764706,0.005858461948326732,difference of equal-sample representative means; not paired
B1,B1-M00,4,reflectance,2130.8461568627454,0.006116637768853461,difference of equal-sample representative means; not paired
B1,B1-M00,4,reflectance,2136.3069019607847,0.006599317680706263,difference of equal-sample representative means; not paired
B1,B1-M00,4,reflectance,2141.767647058824,0.007875886381104757,difference of equal-sample representative means; not paired
B1,B1-M00,4,reflectance,2147.2283921568633,0.0074946267144532785,difference of equal-sample representative means; not paired
B1,B1-M00,4,reflectance,2152.689137254902,0.007051139177795096,difference of equal-sample representative means; not paired
B1,B1-M00,4,reflectance,2158.1498823529414,0.007443894457029365,difference of equal-sample representative means; not paired
B1,B1-M00,4,reflectance,2163.6106274509807,0.00780053449315965,difference of equal-sample representative means; not paired
B1,B1-M00,4,reflectance,2169.07137254902,0.00769057210900298,difference of equal-sample representative means; not paired
B1,B1-M00,4,reflectance,2174.5321176470593,0.008703021354790341,difference of equal-sample representative means; not paired
B1,B1-M00,4,reflectance,2179.992862745098,0.00856400806550578,difference of equal-sample representative means; not paired
B1,B1-M00,4,reflectance,2185.4536078431374,0.009172037620346074,difference of equal-sample representative means; not paired
B1,B1-M00,4,reflectance,2190.9143529411767,0.009731332043505125,difference of equal-sample representative means; not paired
B1,B1-M00,4,reflectance,2196.375098039216,0.009959888019340501,difference of equal-sample representative means; not paired
B1,B1-M00,4,reflectance,2201.8358431372553,0.010273757509467019,difference of equal-sample representative means; not paired
B1,B1-M00,4,reflectance,2207.2965882352946,0.01066550707288455,difference of equal-sample representative means; not paired
B1,B1-M00,4,reflectance,2212.7573333333335,0.010644050816741801,difference of equal-sample representative means; not paired
B1,B1-M00,4,reflectance,2218.2180784313728,0.010125036861436787,difference of equal-sample representative means; not paired
B1,B1-M00,4,reflectance,2223.678823529412,0.010462558332658078,difference of equal-sample representative means; not paired
B1,B1-M00,4,reflectance,2229.1395686274514,0.009311287743296814,difference of equal-sample representative means; not paired
B1,B1-M00,4,reflectance,2234.6003137254907,0.00843571807098431,difference of equal-sample representative means; not paired
B1,B1-M00,4,reflectance,2240.06105882353,0.007824868377211025,difference of equal-sample representative means; not paired
B1,B1-M00,4,reflectance,2245.521803921569,0.006986747027510287,difference of equal-sample representative means; not paired
B1,B1-M00,4,reflectance,2250.982549019608,0.005723845600224153,difference of equal-sample representative means; not paired
B1,B1-M00,4,reflectance,2256.4432941176474,0.004345532109622907,difference of equal-sample representative means; not paired
B1,B1-M00,4,reflectance,2261.9040392156867,0.003192794530721299,difference of equal-sample representative means; not paired
B1,B1-M00,4,reflectance,2267.364784313726,0.002350389886449311,difference of equal-sample representative means; not paired
B1,B1-M00,4,reflectance,2272.825529411765,0.00200164825915794,difference of equal-sample representative means; not paired
B1,B1-M00,4,reflectance,2278.286274509804,0.0010366745351976792,difference of equal-sample representative means; not paired
B1,B1-M00,4,reflectance,2283.7470196078434,0.00022826447138690753,difference of equal-sample representative means; not paired
B1,B1-M00,4,reflectance,2289.2077647058827,-0.0008377196036667145,difference of equal-sample representative means; not paired
B1,B1-M00,4,reflectance,2294.668509803922,-0.0014868737219450034,difference of equal-sample representative means; not paired
B1,B1-M00,4,reflectance,2300.1292549019613,3.8956588353455945e-05,difference of equal-sample representative means; not paired
B1,B1-M00,4,reflectance,2305.59,-0.0008852541527156199,difference of equal-sample representative means; not paired
B1,B1-M00,4,snv,913.1,0.21293458891321565,difference of equal-sample representative means; not paired
B1,B1-M00,4,snv,918.5607450980392,0.43076052736424486,difference of equal-sample representative means; not paired
B1,B1-M00,4,snv,924.0214901960785,0.6192943965389274,difference of equal-sample representative means; not paired
B1,B1-M00,4,snv,929.4822352941177,0.7972416780670758,difference of equal-sample representative means; not paired
B1,B1-M00,4,snv,934.9429803921569,0.9127912559496038,difference of equal-sample representative means; not paired
B1,B1-M00,4,snv,940.4037254901962,0.9575827047021568,difference of equal-sample representative means; not paired
B1,B1-M00,4,snv,945.8644705882353,0.9709024476807614,difference of equal-sample representative means; not paired
B1,B1-M00,4,snv,951.3252156862745,0.9670810272552088,difference of equal-sample representative means; not paired
B1,B1-M00,4,snv,956.7859607843137,0.9455503720618292,difference of equal-sample representative means; not paired
B1,B1-M00,4,snv,962.246705882353,0.9245798575481305,difference of equal-sample representative means; not paired
B1,B1-M00,4,snv,967.7074509803922,0.9044016550115126,difference of equal-sample representative means; not paired
B1,B1-M00,4,snv,973.1681960784314,0.8746891709628998,difference of equal-sample representative means; not paired
B1,B1-M00,4,snv,978.6289411764706,0.8378025062151367,difference of equal-sample representative means; not paired
B1,B1-M00,4,snv,984.0896862745099,0.8037827935977099,difference of equal-sample representative means; not paired
B1,B1-M00,4,snv,989.550431372549,0.7775346570969032,difference of equal-sample representative means; not paired
B1,B1-M00,4,snv,995.0111764705882,0.7623415997119791,difference of equal-sample representative means; not paired
B1,B1-M00,4,snv,1000.4719215686275,0.7338565460289739,difference of equal-sample representative means; not paired
B1,B1-M00,4,snv,1005.9326666666667,0.7090342465552744,difference of equal-sample representative means; not paired
B1,B1-M00,4,snv,1011.3934117647059,0.6864122987667446,difference of equal-sample representative means; not paired
B1,B1-M00,4,snv,1016.8541568627452,0.6657791898426471,difference of equal-sample representative means; not paired
B1,B1-M00,4,snv,1022.3149019607844,0.6444473860691525,difference of equal-sample representative means; not paired
B1,B1-M00,4,snv,1027.7756470588236,0.6182698271275603,difference of equal-sample representative means; not paired
B1,B1-M00,4,snv,1033.2363921568628,0.6028900946338516,difference of equal-sample representative means; not paired
B1,B1-M00,4,snv,1038.697137254902,0.5824682694169824,difference of equal-sample representative means; not paired
B1,B1-M00,4,snv,1044.1578823529412,0.564513212032615,difference of equal-sample representative means; not paired
B1,B1-M00,4,snv,1049.6186274509805,0.5518191805344554,difference of equal-sample representative means; not paired
B1,B1-M00,4,snv,1055.0793725490196,0.5332450173584992,difference of equal-sample representative means; not paired
B1,B1-M00,4,snv,1060.5401176470589,0.5079362426670481,difference of equal-sample representative means; not paired
B1,B1-M00,4,snv,1066.0008627450982,0.4867711715644285,difference of equal-sample representative means; not paired
B1,B1-M00,4,snv,1071.4616078431372,0.4665209347655547,difference of equal-sample representative means; not paired
B1,B1-M00,4,snv,1076.9223529411765,0.44974171673592744,difference of equal-sample representative means; not paired
B1,B1-M00,4,snv,1082.3830980392158,0.4311516003388549,difference of equal-sample representative means; not paired
B1,B1-M00,4,snv,1087.843843137255,0.4123294981715604,difference of equal-sample representative means; not paired
B1,B1-M00,4,snv,1093.3045882352942,0.39526080648624085,difference of equal-sample representative means; not paired
B1,B1-M00,4,snv,1098.7653333333333,0.376407310992686,difference of equal-sample representative means; not paired
B1,B1-M00,4,snv,1104.2260784313726,0.3526711546963712,difference of equal-sample representative means; not paired
B1,B1-M00,4,snv,1109.6868235294119,0.33094847509026426,difference of equal-sample representative means; not paired
B1,B1-M00,4,snv,1115.1475686274512,0.31662418825906236,difference of equal-sample representative means; not paired
B1,B1-M00,4,snv,1120.6083137254902,0.29097112526362445,difference of equal-sample representative means; not paired
B1,B1-M00,4,snv,1126.0690588235295,0.2658872763928115,difference of equal-sample representative means; not paired
B1,B1-M00,4,snv,1131.5298039215686,0.23988006198316936,difference of equal-sample representative means; not paired
B1,B1-M00,4,snv,1136.990549019608,0.2142060764885354,difference of equal-sample representative means; not paired
B1,B1-M00,4,snv,1142.4512941176472,0.19070166629129348,difference of equal-sample representative means; not paired
B1,B1-M00,4,snv,1147.9120392156863,0.16803608100803635,difference of equal-sample representative means; not paired
B1,B1-M00,4,snv,1153.3727843137256,0.1452906203074884,difference of equal-sample representative means; not paired
B1,B1-M00,4,snv,1158.8335294117649,0.12508227311780096,difference of equal-sample representative means; not paired
B1,B1-M00,4,snv,1164.294274509804,0.10472069148299701,difference of equal-sample representative means; not paired
B1,B1-M00,4,snv,1169.7550196078432,0.08290932973283871,difference of equal-sample representative means; not paired
B1,B1-M00,4,snv,1175.2157647058825,0.06296454501181281,difference of equal-sample representative means; not paired
B1,B1-M00,4,snv,1180.6765098039216,0.04543832580621787,difference of equal-sample representative means; not paired
B1,B1-M00,4,snv,1186.137254901961,0.02724044065335396,difference of equal-sample representative means; not paired
B1,B1-M00,4,snv,1191.598,0.009987502716900298,difference of equal-sample representative means; not paired
B1,B1-M00,4,snv,1197.0587450980393,-0.0074371173663028145,difference of equal-sample representative means; not paired
B1,B1-M00,4,snv,1202.5194901960786,-0.023220102831432277,difference of equal-sample representative means; not paired
B1,B1-M00,4,snv,1207.9802352941178,-0.03815420546807835,difference of equal-sample representative means; not paired
B1,B1-M00,4,snv,1213.440980392157,-0.05149293737530258,difference of equal-sample representative means; not paired
B1,B1-M00,4,snv,1218.9017254901962,-0.06355670024495153,difference of equal-sample representative means; not paired
B1,B1-M00,4,snv,1224.3624705882353,-0.07547344628079977,difference of equal-sample representative means; not paired
B1,B1-M00,4,snv,1229.8232156862746,-0.08760009390996171,difference of equal-sample representative means; not paired
B1,B1-M00,4,snv,1235.2839607843139,-0.10092476052754562,difference of equal-sample representative means; not paired
B1,B1-M00,4,snv,1240.7447058823532,-0.11128779733615324,difference of equal-sample representative means; not paired
B1,B1-M00,4,snv,1246.2054509803922,-0.1221681572752984,difference of equal-sample representative means; not paired
B1,B1-M00,4,snv,1251.6661960784315,-0.13115263326534277,difference of equal-sample representative means; not paired
B1,B1-M00,4,snv,1257.1269411764706,-0.1392786185971031,difference of equal-sample representative means; not paired
B1,B1-M00,4,snv,1262.58768627451,-0.14836895594548838,difference of equal-sample representative means; not paired
B1,B1-M00,4,snv,1268.0484313725492,-0.1578984263797909,difference of equal-sample representative means; not paired
B1,B1-M00,4,snv,1273.5091764705883,-0.16790753609261277,difference of equal-sample representative means; not paired
B1,B1-M00,4,snv,1278.9699215686276,-0.17608460224378342,difference of equal-sample representative means; not paired
B1,B1-M00,4,snv,1284.4306666666666,-0.1866352026608742,difference of equal-sample representative means; not paired
B1,B1-M00,4,snv,1289.891411764706,-0.19565134183840738,difference of equal-sample representative means; not paired
B1,B1-M00,4,snv,1295.3521568627452,-0.2051459395530033,difference of equal-sample representative means; not paired
B1,B1-M00,4,snv,1300.8129019607845,-0.21604056810360106,difference of equal-sample representative means; not paired
B1,B1-M00,4,snv,1306.2736470588236,-0.22646180763970736,difference of equal-sample representative means; not paired
B1,B1-M00,4,snv,1311.734392156863,-0.23687054474222413,difference of equal-sample representative means; not paired
B1,B1-M00,4,snv,1317.195137254902,-0.24384434847734138,difference of equal-sample representative means; not paired
B1,B1-M00,4,snv,1322.6558823529413,-0.2514301541339665,difference of equal-sample representative means; not paired
B1,B1-M00,4,snv,1328.1166274509806,-0.257362315346372,difference of equal-sample representative means; not paired
B1,B1-M00,4,snv,1333.5773725490199,-0.26212542596344446,difference of equal-sample representative means; not paired
B1,B1-M00,4,snv,1339.038117647059,-0.26765627027272787,difference of equal-sample representative means; not paired
B1,B1-M00,4,snv,1344.4988627450982,-0.27202624108327966,difference of equal-sample representative means; not paired
B1,B1-M00,4,snv,1349.9596078431373,-0.26852032494992817,difference of equal-sample representative means; not paired
B1,B1-M00,4,snv,1355.4203529411766,-0.27732921447178294,difference of equal-sample representative means; not paired
B1,B1-M00,4,snv,1360.8810980392159,-0.27812522265637085,difference of equal-sample representative means; not paired
B1,B1-M00,4,snv,1366.341843137255,-0.2805741318347006,difference of equal-sample representative means; not paired
B1,B1-M00,4,snv,1371.8025882352943,-0.2780612906012935,difference of equal-sample representative means; not paired
B1,B1-M00,4,snv,1377.2633333333333,-0.2721760350457082,difference of equal-sample representative means; not paired
B1,B1-M00,4,snv,1382.7240784313726,-0.2674676164814177,difference of equal-sample representative means; not paired
B1,B1-M00,4,snv,1388.184823529412,-0.2626394482295856,difference of equal-sample representative means; not paired
B1,B1-M00,4,snv,1393.6455686274512,-0.24351218712176892,difference of equal-sample representative means; not paired
B1,B1-M00,4,snv,1399.1063137254903,-0.21957979414432194,difference of equal-sample representative means; not paired
B1,B1-M00,4,snv,1404.5670588235296,-0.19478613183655036,difference of equal-sample representative means; not paired
B1,B1-M00,4,snv,1410.0278039215686,-0.16194414380471248,difference of equal-sample representative means; not paired
B1,B1-M00,4,snv,1415.488549019608,-0.12499853944237181,difference of equal-sample representative means; not paired
B1,B1-M00,4,snv,1420.9492941176472,-0.09418965543814863,difference of equal-sample representative means; not paired
B1,B1-M00,4,snv,1426.4100392156865,-0.07497841268896109,difference of equal-sample representative means; not paired
B1,B1-M00,4,snv,1431.8707843137256,-0.05800466325323558,difference of equal-sample representative means; not paired
B1,B1-M00,4,snv,1437.3315294117647,-0.04432984698914283,difference of equal-sample representative means; not paired
B1,B1-M00,4,snv,1442.792274509804,-0.03540744340846813,difference of equal-sample representative means; not paired
B1,B1-M00,4,snv,1448.2530196078433,-0.03165278873483579,difference of equal-sample representative means; not paired
B1,B1-M00,4,snv,1453.7137647058826,-0.02719135150718288,difference of equal-sample representative means; not paired
B1,B1-M00,4,snv,1459.1745098039219,-0.023537758802799513,difference of equal-sample representative means; not paired
B1,B1-M00,4,snv,1464.635254901961,-0.026236991523113817,difference of equal-sample representative means; not paired
B1,B1-M00,4,snv,1470.096,-0.034405871456043735,difference of equal-sample representative means; not paired
B1,B1-M00,4,snv,1475.5567450980393,-0.022181846213669143,difference of equal-sample representative means; not paired
B1,B1-M00,4,snv,1481.0174901960786,-0.02174628340677609,difference of equal-sample representative means; not paired
B1,B1-M00,4,snv,1486.478235294118,-0.026512740545468427,difference of equal-sample representative means; not paired
B1,B1-M00,4,snv,1491.938980392157,-0.03271176115739077,difference of equal-sample representative means; not paired
B1,B1-M00,4,snv,1497.3997254901963,-0.04098757798352104,difference of equal-sample representative means; not paired
B1,B1-M00,4,snv,1502.8604705882353,-0.049735929608907825,difference of equal-sample representative means; not paired
B1,B1-M00,4,snv,1508.3212156862746,-0.05736724708374513,difference of equal-sample representative means; not paired
B1,B1-M00,4,snv,1513.781960784314,-0.07034986137284627,difference of equal-sample representative means; not paired
B1,B1-M00,4,snv,1519.2427058823532,-0.0770570890724086,difference of equal-sample representative means; not paired
B1,B1-M00,4,snv,1524.7034509803923,-0.08257573599051171,difference of equal-sample representative means; not paired
B1,B1-M00,4,snv,1530.1641960784316,-0.09242861977722416,difference of equal-sample representative means; not paired
B1,B1-M00,4,snv,1535.6249411764707,-0.10106754151182457,difference of equal-sample representative means; not paired
B1,B1-M00,4,snv,1541.08568627451,-0.10381680631221363,difference of equal-sample representative means; not paired
B1,B1-M00,4,snv,1546.5464313725493,-0.10552422989130389,difference of equal-sample representative means; not paired
B1,B1-M00,4,snv,1552.0071764705885,-0.11773122938615302,difference of equal-sample representative means; not paired
B1,B1-M00,4,snv,1557.4679215686276,-0.12454615205549227,difference of equal-sample representative means; not paired
B1,B1-M00,4,snv,1562.9286666666667,-0.13270899960095128,difference of equal-sample representative means; not paired
B1,B1-M00,4,snv,1568.389411764706,-0.1380403903592572,difference of equal-sample representative means; not paired
B1,B1-M00,4,snv,1573.8501568627453,-0.14551037922280746,difference of equal-sample representative means; not paired
B1,B1-M00,4,snv,1579.3109019607846,-0.1509287844548551,difference of equal-sample representative means; not paired
B1,B1-M00,4,snv,1584.7716470588239,-0.15486521289914532,difference of equal-sample representative means; not paired
B1,B1-M00,4,snv,1590.232392156863,-0.16216299304718346,difference of equal-sample representative means; not paired
B1,B1-M00,4,snv,1595.693137254902,-0.1670395027443341,difference of equal-sample representative means; not paired
B1,B1-M00,4,snv,1601.1538823529413,-0.17687266428408976,difference of equal-sample representative means; not paired
B1,B1-M00,4,snv,1606.6146274509806,-0.18374291167854667,difference of equal-sample representative means; not paired
B1,B1-M00,4,snv,1612.07537254902,-0.19245857005837194,difference of equal-sample representative means; not paired
B1,B1-M00,4,snv,1617.536117647059,-0.20170212634497897,difference of equal-sample representative means; not paired
B1,B1-M00,4,snv,1622.9968627450983,-0.20965874052671657,difference of equal-sample representative means; not paired
B1,B1-M00,4,snv,1628.4576078431373,-0.2152799716205584,difference of equal-sample representative means; not paired
B1,B1-M00,4,snv,1633.9183529411766,-0.21902132449178197,difference of equal-sample representative means; not paired
B1,B1-M00,4,snv,1639.379098039216,-0.22689587923846172,difference of equal-sample representative means; not paired
B1,B1-M00,4,snv,1644.8398431372552,-0.2291977886054677,difference of equal-sample representative means; not paired
B1,B1-M00,4,snv,1650.3005882352943,-0.2270655451882414,difference of equal-sample representative means; not paired
B1,B1-M00,4,snv,1655.7613333333334,-0.2280514577880165,difference of equal-sample representative means; not paired
B1,B1-M00,4,snv,1661.2220784313727,-0.23456745268932921,difference of equal-sample representative means; not paired
B1,B1-M00,4,snv,1666.682823529412,-0.2390250945516606,difference of equal-sample representative means; not paired
B1,B1-M00,4,snv,1672.1435686274513,-0.23479957696462664,difference of equal-sample representative means; not paired
B1,B1-M00,4,snv,1677.6043137254906,-0.23661226728952234,difference of equal-sample representative means; not paired
B1,B1-M00,4,snv,1683.0650588235296,-0.2365990465047499,difference of equal-sample representative means; not paired
B1,B1-M00,4,snv,1688.5258039215687,-0.23648265193445211,difference of equal-sample representative means; not paired
B1,B1-M00,4,snv,1693.986549019608,-0.2380981171284705,difference of equal-sample representative means; not paired
B1,B1-M00,4,snv,1699.4472941176473,-0.24126343529268807,difference of equal-sample representative means; not paired
B1,B1-M00,4,snv,1704.9080392156866,-0.24401868202620142,difference of equal-sample representative means; not paired
B1,B1-M00,4,snv,1710.3687843137257,-0.2449715535041307,difference of equal-sample representative means; not paired
B1,B1-M00,4,snv,1715.829529411765,-0.24485545305176598,difference of equal-sample representative means; not paired
B1,B1-M00,4,snv,1721.290274509804,-0.24384025464178294,difference of equal-sample representative means; not paired
B1,B1-M00,4,snv,1726.7510196078433,-0.24250721530504474,difference of equal-sample representative means; not paired
B1,B1-M00,4,snv,1732.2117647058826,-0.24522053687679266,difference of equal-sample representative means; not paired
B1,B1-M00,4,snv,1737.672509803922,-0.24593993137436004,difference of equal-sample representative means; not paired
B1,B1-M00,4,snv,1743.133254901961,-0.24780379705300223,difference of equal-sample representative means; not paired
B1,B1-M00,4,snv,1748.594,-0.2505891917265444,difference of equal-sample representative means; not paired
B1,B1-M00,4,snv,1754.0547450980393,-0.2516459197176276,difference of equal-sample representative means; not paired
B1,B1-M00,4,snv,1759.5154901960786,-0.25682528821600137,difference of equal-sample representative means; not paired
B1,B1-M00,4,snv,1764.976235294118,-0.25576230267716926,difference of equal-sample representative means; not paired
B1,B1-M00,4,snv,1770.4369803921572,-0.2536041133016742,difference of equal-sample representative means; not paired
B1,B1-M00,4,snv,1775.8977254901963,-0.2545760214770251,difference of equal-sample representative means; not paired
B1,B1-M00,4,snv,1781.3584705882354,-0.25607965945263517,difference of equal-sample representative means; not paired
B1,B1-M00,4,snv,1786.8192156862747,-0.25761768661629747,difference of equal-sample representative means; not paired
B1,B1-M00,4,snv,1792.279960784314,-0.25982860302240346,difference of equal-sample representative means; not paired
B1,B1-M00,4,snv,1797.7407058823533,-0.2632067640491682,difference of equal-sample representative means; not paired
B1,B1-M00,4,snv,1803.2014509803923,-0.27175735640903764,difference of equal-sample representative means; not paired
B1,B1-M00,4,snv,1808.6621960784316,-0.2760900647281389,difference of equal-sample representative means; not paired
B1,B1-M00,4,snv,1814.1229411764707,-0.28568118525736724,difference of equal-sample representative means; not paired
B1,B1-M00,4,snv,1819.58368627451,-0.2892557715643407,difference of equal-sample representative means; not paired
B1,B1-M00,4,snv,1825.0444313725493,-0.2961926204876535,difference of equal-sample representative means; not paired
B1,B1-M00,4,snv,1830.5051764705886,-0.30640206979751305,difference of equal-sample representative means; not paired
B1,B1-M00,4,snv,1835.9659215686277,-0.3141106008111303,difference of equal-sample representative means; not paired
B1,B1-M00,4,snv,1841.4266666666667,-0.3255139826254352,difference of equal-sample representative means; not paired
B1,B1-M00,4,snv,1846.887411764706,-0.3049765206316983,difference of equal-sample representative means; not paired
B1,B1-M00,4,snv,1852.3481568627453,-0.33194244175729415,difference of equal-sample representative means; not paired
B1,B1-M00,4,snv,1857.8089019607846,-0.3383306308002084,difference of equal-sample representative means; not paired
B1,B1-M00,4,snv,1863.269647058824,-0.3367099876645352,difference of equal-sample representative means; not paired
B1,B1-M00,4,snv,1868.730392156863,-0.3323866661438929,difference of equal-sample representative means; not paired
B1,B1-M00,4,snv,1874.191137254902,-0.3261370729746824,difference of equal-sample representative means; not paired
B1,B1-M00,4,snv,1879.6518823529414,-0.314911304103468,difference of equal-sample representative means; not paired
B1,B1-M00,4,snv,1885.1126274509807,-0.2712484183470364,difference of equal-sample representative means; not paired
B1,B1-M00,4,snv,1890.57337254902,-0.2234588643936743,difference of equal-sample representative means; not paired
B1,B1-M00,4,snv,1896.034117647059,-0.16066480752216972,difference of equal-sample representative means; not paired
B1,B1-M00,4,snv,1901.4948627450983,-0.07517848434328323,difference of equal-sample representative means; not paired
B1,B1-M00,4,snv,1906.9556078431374,0.009688481601195398,difference of equal-sample representative means; not paired
B1,B1-M00,4,snv,1912.4163529411767,0.08462464616286502,difference of equal-sample representative means; not paired
B1,B1-M00,4,snv,1917.877098039216,0.14791770397462156,difference of equal-sample representative means; not paired
B1,B1-M00,4,snv,1923.3378431372553,0.18809754023254643,difference of equal-sample representative means; not paired
B1,B1-M00,4,snv,1928.7985882352943,0.2114260981080065,difference of equal-sample representative means; not paired
B1,B1-M00,4,snv,1934.2593333333336,0.21892224645189473,difference of equal-sample representative means; not paired
B1,B1-M00,4,snv,1939.7200784313727,0.21493770297140546,difference of equal-sample representative means; not paired
B1,B1-M00,4,snv,1945.180823529412,0.203515103616567,difference of equal-sample representative means; not paired
B1,B1-M00,4,snv,1950.6415686274513,0.18583822887950352,difference of equal-sample representative means; not paired
B1,B1-M00,4,snv,1956.1023137254906,0.1641619912907737,difference of equal-sample representative means; not paired
B1,B1-M00,4,snv,1961.5630588235294,0.14087005580822098,difference of equal-sample representative means; not paired
B1,B1-M00,4,snv,1967.0238039215687,0.11340553183998181,difference of equal-sample representative means; not paired
B1,B1-M00,4,snv,1972.484549019608,0.0830868229571371,difference of equal-sample representative means; not paired
B1,B1-M00,4,snv,1977.9452941176473,0.06383129928327613,difference of equal-sample representative means; not paired
B1,B1-M00,4,snv,1983.4060392156866,0.037564974880218704,difference of equal-sample representative means; not paired
B1,B1-M00,4,snv,1988.866784313726,0.008025519465721054,difference of equal-sample representative means; not paired
B1,B1-M00,4,snv,1994.3275294117648,-0.018427258289990478,difference of equal-sample representative means; not paired
B1,B1-M00,4,snv,1999.788274509804,-0.04226217818306088,difference of equal-sample representative means; not paired
B1,B1-M00,4,snv,2005.2490196078434,-0.06907528313175981,difference of equal-sample representative means; not paired
B1,B1-M00,4,snv,2010.7097647058827,-0.09110140342121609,difference of equal-sample representative means; not paired
B1,B1-M00,4,snv,2016.170509803922,-0.10393627802207939,difference of equal-sample representative means; not paired
B1,B1-M00,4,snv,2021.6312549019613,-0.11973997145864934,difference of equal-sample representative means; not paired
B1,B1-M00,4,snv,2027.092,-0.12660791728332121,difference of equal-sample representative means; not paired
B1,B1-M00,4,snv,2032.5527450980394,-0.12948351257896384,difference of equal-sample representative means; not paired
B1,B1-M00,4,snv,2038.0134901960787,-0.12845643157536324,difference of equal-sample representative means; not paired
B1,B1-M00,4,snv,2043.474235294118,-0.12254741037891326,difference of equal-sample representative means; not paired
B1,B1-M00,4,snv,2048.9349803921573,-0.1200713376283219,difference of equal-sample representative means; not paired
B1,B1-M00,4,snv,2054.3957254901966,-0.11709381598270041,difference of equal-sample representative means; not paired
B1,B1-M00,4,snv,2059.8564705882354,-0.10012973367234024,difference of equal-sample representative means; not paired
B1,B1-M00,4,snv,2065.3172156862747,-0.09441210486112217,difference of equal-sample representative means; not paired
B1,B1-M00,4,snv,2070.777960784314,-0.0907823602959068,difference of equal-sample representative means; not paired
B1,B1-M00,4,snv,2076.2387058823533,-0.08360060182985563,difference of equal-sample representative means; not paired
B1,B1-M00,4,snv,2081.6994509803926,-0.07632307554909779,difference of equal-sample representative means; not paired
B1,B1-M00,4,snv,2087.1601960784315,-0.07479969023386634,difference of equal-sample representative means; not paired
B1,B1-M00,4,snv,2092.6209411764708,-0.0741953604328911,difference of equal-sample representative means; not paired
B1,B1-M00,4,snv,2098.08168627451,-0.07598197853232613,difference of equal-sample representative means; not paired
B1,B1-M00,4,snv,2103.5424313725493,-0.06806296075262774,difference of equal-sample representative means; not paired
B1,B1-M00,4,snv,2109.0031764705886,-0.07049045664534415,difference of equal-sample representative means; not paired
B1,B1-M00,4,snv,2114.463921568628,-0.07784762058129124,difference of equal-sample representative means; not paired
B1,B1-M00,4,snv,2119.924666666667,-0.08374956067983996,difference of equal-sample representative means; not paired
B1,B1-M00,4,snv,2125.385411764706,-0.08799450695866096,difference of equal-sample representative means; not paired
B1,B1-M00,4,snv,2130.8461568627454,-0.09414900099395962,difference of equal-sample representative means; not paired
B1,B1-M00,4,snv,2136.3069019607847,-0.09762081669047618,difference of equal-sample representative means; not paired
B1,B1-M00,4,snv,2141.767647058824,-0.08916312005626104,difference of equal-sample representative means; not paired
B1,B1-M00,4,snv,2147.2283921568633,-0.10205589556975525,difference of equal-sample representative means; not paired
B1,B1-M00,4,snv,2152.689137254902,-0.11397308149481944,difference of equal-sample representative means; not paired
B1,B1-M00,4,snv,2158.1498823529414,-0.11388994290849785,difference of equal-sample representative means; not paired
B1,B1-M00,4,snv,2163.6106274509807,-0.11750816623536342,difference of equal-sample representative means; not paired
B1,B1-M00,4,snv,2169.07137254902,-0.1303223230590308,difference of equal-sample representative means; not paired
B1,B1-M00,4,snv,2174.5321176470593,-0.12319167332904823,difference of equal-sample representative means; not paired
B1,B1-M00,4,snv,2179.992862745098,-0.13402323072401,difference of equal-sample representative means; not paired
B1,B1-M00,4,snv,2185.4536078431374,-0.13270783408164266,difference of equal-sample representative means; not paired
B1,B1-M00,4,snv,2190.9143529411767,-0.12861684351971325,difference of equal-sample representative means; not paired
B1,B1-M00,4,snv,2196.375098039216,-0.12808996130095662,difference of equal-sample representative means; not paired
B1,B1-M00,4,snv,2201.8358431372553,-0.12713769672361408,difference of equal-sample representative means; not paired
B1,B1-M00,4,snv,2207.2965882352946,-0.12441697153060294,difference of equal-sample representative means; not paired
B1,B1-M00,4,snv,2212.7573333333335,-0.12574649212327427,difference of equal-sample representative means; not paired
B1,B1-M00,4,snv,2218.2180784313728,-0.13824811027056405,difference of equal-sample representative means; not paired
B1,B1-M00,4,snv,2223.678823529412,-0.1517857494878445,difference of equal-sample representative means; not paired
B1,B1-M00,4,snv,2229.1395686274514,-0.16603897016828872,difference of equal-sample representative means; not paired
B1,B1-M00,4,snv,2234.6003137254907,-0.1662676473451763,difference of equal-sample representative means; not paired
B1,B1-M00,4,snv,2240.06105882353,-0.1495650656980726,difference of equal-sample representative means; not paired
B1,B1-M00,4,snv,2245.521803921569,-0.12823176898482624,difference of equal-sample representative means; not paired
B1,B1-M00,4,snv,2250.982549019608,-0.1031026173644729,difference of equal-sample representative means; not paired
B1,B1-M00,4,snv,2256.4432941176474,-0.05906053257625077,difference of equal-sample representative means; not paired
B1,B1-M00,4,snv,2261.9040392156867,0.005141505502049393,difference of equal-sample representative means; not paired
B1,B1-M00,4,snv,2267.364784313726,0.06443440407864065,difference of equal-sample representative means; not paired
B1,B1-M00,4,snv,2272.825529411765,0.1108125568006395,difference of equal-sample representative means; not paired
B1,B1-M00,4,snv,2278.286274509804,0.13518338780827244,difference of equal-sample representative means; not paired
B1,B1-M00,4,snv,2283.7470196078434,0.15565078019822032,difference of equal-sample representative means; not paired
B1,B1-M00,4,snv,2289.2077647058827,0.17180039554626014,difference of equal-sample representative means; not paired
B1,B1-M00,4,snv,2294.668509803922,0.19332442247314008,difference of equal-sample representative means; not paired
B1,B1-M00,4,snv,2300.1292549019613,0.2391787761890114,difference of equal-sample representative means; not paired
B1,B1-M00,4,snv,2305.59,0.23669901869646082,difference of equal-sample representative means; not paired
B1,B1-M00,4,second_derivative,913.1,0.00014861922704372576,difference of equal-sample representative means; not paired
B1,B1-M00,4,second_derivative,918.5607450980392,0.00014861922704372576,difference of equal-sample representative means; not paired
B1,B1-M00,4,second_derivative,924.0214901960785,0.00014861922704372576,difference of equal-sample representative means; not paired
B1,B1-M00,4,second_derivative,929.4822352941177,0.00014861922704372424,difference of equal-sample representative means; not paired
B1,B1-M00,4,second_derivative,934.9429803921569,0.00012489897368722142,difference of equal-sample representative means; not paired
B1,B1-M00,4,second_derivative,940.4037254901962,0.00010278896742308949,difference of equal-sample representative means; not paired
B1,B1-M00,4,second_derivative,945.8644705882353,6.756548739661651e-05,difference of equal-sample representative means; not paired
B1,B1-M00,4,second_derivative,951.3252156862745,4.077570163003448e-05,difference of equal-sample representative means; not paired
B1,B1-M00,4,second_derivative,956.7859607843137,2.7558909515416793e-05,difference of equal-sample representative means; not paired
B1,B1-M00,4,second_derivative,962.246705882353,1.733079288727122e-05,difference of equal-sample representative means; not paired
B1,B1-M00,4,second_derivative,967.7074509803922,9.62280642085706e-06,difference of equal-sample representative means; not paired
B1,B1-M00,4,second_derivative,973.1681960784314,2.2951981394910324e-06,difference of equal-sample representative means; not paired
B1,B1-M00,4,second_derivative,978.6289411764706,-6.788881879558507e-06,difference of equal-sample representative means; not paired
B1,B1-M00,4,second_derivative,984.0896862745099,-1.0558853733232852e-05,difference of equal-sample representative means; not paired
B1,B1-M00,4,second_derivative,989.550431372549,-8.320643618958905e-06,difference of equal-sample representative means; not paired
B1,B1-M00,4,second_derivative,995.0111764705882,-3.6348999501122435e-06,difference of equal-sample representative means; not paired
B1,B1-M00,4,second_derivative,1000.4719215686275,-1.7241207224331055e-06,difference of equal-sample representative means; not paired
B1,B1-M00,4,second_derivative,1005.9326666666667,-3.4563604051922505e-06,difference of equal-sample representative means; not paired
B1,B1-M00,4,second_derivative,1011.3934117647059,-4.534411732282328e-06,difference of equal-sample representative means; not paired
B1,B1-M00,4,second_derivative,1016.8541568627452,-4.059939187685453e-06,difference of equal-sample representative means; not paired
B1,B1-M00,4,second_derivative,1022.3149019607844,-2.726381872954468e-06,difference of equal-sample representative means; not paired
B1,B1-M00,4,second_derivative,1027.7756470588236,-2.6290940409866277e-06,difference of equal-sample representative means; not paired
B1,B1-M00,4,second_derivative,1033.2363921568628,-4.188381691832017e-06,difference of equal-sample representative means; not paired
B1,B1-M00,4,second_derivative,1038.697137254902,-3.4281654176960975e-06,difference of equal-sample representative means; not paired
B1,B1-M00,4,second_derivative,1044.1578823529412,6.396495577130412e-07,difference of equal-sample representative means; not paired
B1,B1-M00,4,second_derivative,1049.6186274509805,1.9200584208738547e-06,difference of equal-sample representative means; not paired
B1,B1-M00,4,second_derivative,1055.0793725490196,2.93723344092395e-06,difference of equal-sample representative means; not paired
B1,B1-M00,4,second_derivative,1060.5401176470589,6.38405313909229e-07,difference of equal-sample representative means; not paired
B1,B1-M00,4,second_derivative,1066.0008627450982,-2.3977870520367767e-06,difference of equal-sample representative means; not paired
B1,B1-M00,4,second_derivative,1071.4616078431372,-2.9148177151266446e-06,difference of equal-sample representative means; not paired
B1,B1-M00,4,second_derivative,1076.9223529411765,-2.008925862304523e-06,difference of equal-sample representative means; not paired
B1,B1-M00,4,second_derivative,1082.3830980392158,-1.4124625572768058e-06,difference of equal-sample representative means; not paired
B1,B1-M00,4,second_derivative,1087.843843137255,1.0592108309507232e-06,difference of equal-sample representative means; not paired
B1,B1-M00,4,second_derivative,1093.3045882352942,3.286000025565768e-06,difference of equal-sample representative means; not paired
B1,B1-M00,4,second_derivative,1098.7653333333333,3.947222362487233e-06,difference of equal-sample representative means; not paired
B1,B1-M00,4,second_derivative,1104.2260784313726,5.7284952603123905e-06,difference of equal-sample representative means; not paired
B1,B1-M00,4,second_derivative,1109.6868235294119,7.281608552868976e-06,difference of equal-sample representative means; not paired
B1,B1-M00,4,second_derivative,1115.1475686274512,9.04650454104382e-06,difference of equal-sample representative means; not paired
B1,B1-M00,4,second_derivative,1120.6083137254902,9.70696434230914e-06,difference of equal-sample representative means; not paired
B1,B1-M00,4,second_derivative,1126.0690588235295,6.514223731388534e-06,difference of equal-sample representative means; not paired
B1,B1-M00,4,second_derivative,1131.5298039215686,1.1922128132167252e-06,difference of equal-sample representative means; not paired
B1,B1-M00,4,second_derivative,1136.990549019608,-6.911865318805007e-07,difference of equal-sample representative means; not paired
B1,B1-M00,4,second_derivative,1142.4512941176472,-1.3370718827880682e-06,difference of equal-sample representative means; not paired
B1,B1-M00,4,second_derivative,1147.9120392156863,-7.025243404996226e-07,difference of equal-sample representative means; not paired
B1,B1-M00,4,second_derivative,1153.3727843137256,-3.8477568142860067e-07,difference of equal-sample representative means; not paired
B1,B1-M00,4,second_derivative,1158.8335294117649,-1.5662903850587188e-06,difference of equal-sample representative means; not paired
B1,B1-M00,4,second_derivative,1164.294274509804,-2.8210941931385335e-06,difference of equal-sample representative means; not paired
B1,B1-M00,4,second_derivative,1169.7550196078432,-2.337055522041353e-06,difference of equal-sample representative means; not paired
B1,B1-M00,4,second_derivative,1175.2157647058825,-1.2806859451522896e-06,difference of equal-sample representative means; not paired
B1,B1-M00,4,second_derivative,1180.6765098039216,-2.0368274317380454e-06,difference of equal-sample representative means; not paired
B1,B1-M00,4,second_derivative,1186.137254901961,-4.5367845936256565e-06,difference of equal-sample representative means; not paired
B1,B1-M00,4,second_derivative,1191.598,-7.660683658339478e-06,difference of equal-sample representative means; not paired
B1,B1-M00,4,second_derivative,1197.0587450980393,-9.351569360377207e-06,difference of equal-sample representative means; not paired
B1,B1-M00,4,second_derivative,1202.5194901960786,-8.877347332663265e-06,difference of equal-sample representative means; not paired
B1,B1-M00,4,second_derivative,1207.9802352941178,-7.971909671301902e-06,difference of equal-sample representative means; not paired
B1,B1-M00,4,second_derivative,1213.440980392157,-7.727646039715597e-06,difference of equal-sample representative means; not paired
B1,B1-M00,4,second_derivative,1218.9017254901962,-6.9872346235832395e-06,difference of equal-sample representative means; not paired
B1,B1-M00,4,second_derivative,1224.3624705882353,-5.843333293472917e-06,difference of equal-sample representative means; not paired
B1,B1-M00,4,second_derivative,1229.8232156862746,-4.1248487426702935e-06,difference of equal-sample representative means; not paired
B1,B1-M00,4,second_derivative,1235.2839607843139,-2.601520590727786e-06,difference of equal-sample representative means; not paired
B1,B1-M00,4,second_derivative,1240.7447058823532,-1.465054809783049e-06,difference of equal-sample representative means; not paired
B1,B1-M00,4,second_derivative,1246.2054509803922,2.48410478138036e-07,difference of equal-sample representative means; not paired
B1,B1-M00,4,second_derivative,1251.6661960784315,1.932275872569073e-06,difference of equal-sample representative means; not paired
B1,B1-M00,4,second_derivative,1257.1269411764706,2.3265114068325984e-06,difference of equal-sample representative means; not paired
B1,B1-M00,4,second_derivative,1262.58768627451,1.157848695020944e-06,difference of equal-sample representative means; not paired
B1,B1-M00,4,second_derivative,1268.0484313725492,-2.944000850140619e-07,difference of equal-sample representative means; not paired
B1,B1-M00,4,second_derivative,1273.5091764705883,-1.5962677477619767e-06,difference of equal-sample representative means; not paired
B1,B1-M00,4,second_derivative,1278.9699215686276,-1.6681318153889635e-06,difference of equal-sample representative means; not paired
B1,B1-M00,4,second_derivative,1284.4306666666666,1.7767591975352073e-07,difference of equal-sample representative means; not paired
B1,B1-M00,4,second_derivative,1289.891411764706,2.9899858766544416e-06,difference of equal-sample representative means; not paired
B1,B1-M00,4,second_derivative,1295.3521568627452,5.10705420435698e-06,difference of equal-sample representative means; not paired
B1,B1-M00,4,second_derivative,1300.8129019607845,5.865365646657238e-06,difference of equal-sample representative means; not paired
B1,B1-M00,4,second_derivative,1306.2736470588236,5.382000684517137e-06,difference of equal-sample representative means; not paired
B1,B1-M00,4,second_derivative,1311.734392156863,4.907017355242561e-06,difference of equal-sample representative means; not paired
B1,B1-M00,4,second_derivative,1317.195137254902,5.462869606669612e-06,difference of equal-sample representative means; not paired
B1,B1-M00,4,second_derivative,1322.6558823529413,7.478204046861403e-06,difference of equal-sample representative means; not paired
B1,B1-M00,4,second_derivative,1328.1166274509806,9.295211087879427e-06,difference of equal-sample representative means; not paired
B1,B1-M00,4,second_derivative,1333.5773725490199,7.129422553070278e-06,difference of equal-sample representative means; not paired
B1,B1-M00,4,second_derivative,1339.038117647059,6.173776154404521e-06,difference of equal-sample representative means; not paired
B1,B1-M00,4,second_derivative,1344.4988627450982,2.6340694393190346e-06,difference of equal-sample representative means; not paired
B1,B1-M00,4,second_derivative,1349.9596078431373,-4.5756438621580775e-07,difference of equal-sample representative means; not paired
B1,B1-M00,4,second_derivative,1355.4203529411766,-2.640885029204314e-06,difference of equal-sample representative means; not paired
B1,B1-M00,4,second_derivative,1360.8810980392159,-5.173833869030755e-06,difference of equal-sample representative means; not paired
B1,B1-M00,4,second_derivative,1366.341843137255,-7.929350464655863e-06,difference of equal-sample representative means; not paired
B1,B1-M00,4,second_derivative,1371.8025882352943,-5.242429072311895e-06,difference of equal-sample representative means; not paired
B1,B1-M00,4,second_derivative,1377.2633333333333,-2.6999090157440545e-06,difference of equal-sample representative means; not paired
B1,B1-M00,4,second_derivative,1382.7240784313726,3.3249863712832937e-06,difference of equal-sample representative means; not paired
B1,B1-M00,4,second_derivative,1388.184823529412,1.014631104924957e-05,difference of equal-sample representative means; not paired
B1,B1-M00,4,second_derivative,1393.6455686274512,1.3437140471346564e-05,difference of equal-sample representative means; not paired
B1,B1-M00,4,second_derivative,1399.1063137254903,1.2666126383409777e-05,difference of equal-sample representative means; not paired
B1,B1-M00,4,second_derivative,1404.5670588235296,9.82248598095573e-06,difference of equal-sample representative means; not paired
B1,B1-M00,4,second_derivative,1410.0278039215686,5.655639436595117e-06,difference of equal-sample representative means; not paired
B1,B1-M00,4,second_derivative,1415.488549019608,7.549069737632063e-07,difference of equal-sample representative means; not paired
B1,B1-M00,4,second_derivative,1420.9492941176472,-5.799391108625361e-06,difference of equal-sample representative means; not paired
B1,B1-M00,4,second_derivative,1426.4100392156865,-1.3044514145311699e-05,difference of equal-sample representative means; not paired
B1,B1-M00,4,second_derivative,1431.8707843137256,-1.654905661160758e-05,difference of equal-sample representative means; not paired
B1,B1-M00,4,second_derivative,1437.3315294117647,-1.5693619591223217e-05,difference of equal-sample representative means; not paired
B1,B1-M00,4,second_derivative,1442.792274509804,-1.2025283238461149e-05,difference of equal-sample representative means; not paired
B1,B1-M00,4,second_derivative,1448.2530196078433,-7.999272745012667e-06,difference of equal-sample representative means; not paired
B1,B1-M00,4,second_derivative,1453.7137647058826,-4.47532284752519e-06,difference of equal-sample representative means; not paired
B1,B1-M00,4,second_derivative,1459.1745098039219,-4.602552594408269e-06,difference of equal-sample representative means; not paired
B1,B1-M00,4,second_derivative,1464.635254901961,-3.7499748220042437e-06,difference of equal-sample representative means; not paired
B1,B1-M00,4,second_derivative,1470.096,-4.0288604331273756e-06,difference of equal-sample representative means; not paired
B1,B1-M00,4,second_derivative,1475.5567450980393,-4.321642250069501e-06,difference of equal-sample representative means; not paired
B1,B1-M00,4,second_derivative,1481.0174901960786,-2.5602036468535165e-06,difference of equal-sample representative means; not paired
B1,B1-M00,4,second_derivative,1486.478235294118,-3.3981997009199956e-07,difference of equal-sample representative means; not paired
B1,B1-M00,4,second_derivative,1491.938980392157,-1.8056204802055799e-06,difference of equal-sample representative means; not paired
B1,B1-M00,4,second_derivative,1497.3997254901963,-9.342517730542533e-07,difference of equal-sample representative means; not paired
B1,B1-M00,4,second_derivative,1502.8604705882353,-9.704961068350588e-07,difference of equal-sample representative means; not paired
B1,B1-M00,4,second_derivative,1508.3212156862746,-2.5454749012824774e-06,difference of equal-sample representative means; not paired
B1,B1-M00,4,second_derivative,1513.781960784314,-8.750114607850388e-07,difference of equal-sample representative means; not paired
B1,B1-M00,4,second_derivative,1519.2427058823532,1.3275924633336328e-06,difference of equal-sample representative means; not paired
B1,B1-M00,4,second_derivative,1524.7034509803923,1.1280552936958882e-06,difference of equal-sample representative means; not paired
B1,B1-M00,4,second_derivative,1530.1641960784316,5.214162106443904e-07,difference of equal-sample representative means; not paired
B1,B1-M00,4,second_derivative,1535.6249411764707,1.1348505623885975e-06,difference of equal-sample representative means; not paired
B1,B1-M00,4,second_derivative,1541.08568627451,-2.3418379991678146e-08,difference of equal-sample representative means; not paired
B1,B1-M00,4,second_derivative,1546.5464313725493,1.5009355388109754e-06,difference of equal-sample representative means; not paired
B1,B1-M00,4,second_derivative,1552.0071764705885,1.702132169347349e-06,difference of equal-sample representative means; not paired
B1,B1-M00,4,second_derivative,1557.4679215686276,3.7029098965060845e-07,difference of equal-sample representative means; not paired
B1,B1-M00,4,second_derivative,1562.9286666666667,-1.0127038526307876e-06,difference of equal-sample representative means; not paired
B1,B1-M00,4,second_derivative,1568.389411764706,-6.490129390649967e-07,difference of equal-sample representative means; not paired
B1,B1-M00,4,second_derivative,1573.8501568627453,-7.366134493843711e-07,difference of equal-sample representative means; not paired
B1,B1-M00,4,second_derivative,1579.3109019607846,-1.5579418418137179e-06,difference of equal-sample representative means; not paired
B1,B1-M00,4,second_derivative,1584.7716470588239,-2.7599291779487573e-06,difference of equal-sample representative means; not paired
B1,B1-M00,4,second_derivative,1590.232392156863,-4.173052650438146e-06,difference of equal-sample representative means; not paired
B1,B1-M00,4,second_derivative,1595.693137254902,-5.442060150184146e-06,difference of equal-sample representative means; not paired
B1,B1-M00,4,second_derivative,1601.1538823529413,-4.69921192318885e-06,difference of equal-sample representative means; not paired
B1,B1-M00,4,second_derivative,1606.6146274509806,-1.8203681780237804e-06,difference of equal-sample representative means; not paired
B1,B1-M00,4,second_derivative,1612.07537254902,-4.077658689947195e-07,difference of equal-sample representative means; not paired
B1,B1-M00,4,second_derivative,1617.536117647059,1.1428705253760193e-06,difference of equal-sample representative means; not paired
B1,B1-M00,4,second_derivative,1622.9968627450983,2.7193618693316805e-06,difference of equal-sample representative means; not paired
B1,B1-M00,4,second_derivative,1628.4576078431373,3.029818917500771e-06,difference of equal-sample representative means; not paired
B1,B1-M00,4,second_derivative,1633.9183529411766,4.166065344189895e-06,difference of equal-sample representative means; not paired
B1,B1-M00,4,second_derivative,1639.379098039216,6.718173101579734e-06,difference of equal-sample representative means; not paired
B1,B1-M00,4,second_derivative,1644.8398431372552,9.448252789253216e-06,difference of equal-sample representative means; not paired
B1,B1-M00,4,second_derivative,1650.3005882352943,1.0379169442054073e-05,difference of equal-sample representative means; not paired
B1,B1-M00,4,second_derivative,1655.7613333333334,7.798791424459512e-06,difference of equal-sample representative means; not paired
B1,B1-M00,4,second_derivative,1661.2220784313727,2.7286771621409257e-06,difference of equal-sample representative means; not paired
B1,B1-M00,4,second_derivative,1666.682823529412,-2.590693372384512e-06,difference of equal-sample representative means; not paired
B1,B1-M00,4,second_derivative,1672.1435686274513,-5.690239775605554e-06,difference of equal-sample representative means; not paired
B1,B1-M00,4,second_derivative,1677.6043137254906,-4.0221430037790164e-06,difference of equal-sample representative means; not paired
B1,B1-M00,4,second_derivative,1683.0650588235296,-6.263798852850836e-07,difference of equal-sample representative means; not paired
B1,B1-M00,4,second_derivative,1688.5258039215687,1.412576271886261e-06,difference of equal-sample representative means; not paired
B1,B1-M00,4,second_derivative,1693.986549019608,1.5895160427351062e-06,difference of equal-sample representative means; not paired
B1,B1-M00,4,second_derivative,1699.4472941176473,-1.8855131863461944e-06,difference of equal-sample representative means; not paired
B1,B1-M00,4,second_derivative,1704.9080392156866,-4.435614281313484e-06,difference of equal-sample representative means; not paired
B1,B1-M00,4,second_derivative,1710.3687843137257,-2.243272938398934e-06,difference of equal-sample representative means; not paired
B1,B1-M00,4,second_derivative,1715.829529411765,6.399589225914349e-07,difference of equal-sample representative means; not paired
B1,B1-M00,4,second_derivative,1721.290274509804,7.181367799641692e-07,difference of equal-sample representative means; not paired
B1,B1-M00,4,second_derivative,1726.7510196078433,8.942063465972986e-08,difference of equal-sample representative means; not paired
B1,B1-M00,4,second_derivative,1732.2117647058826,4.2991609085075357e-07,difference of equal-sample representative means; not paired
B1,B1-M00,4,second_derivative,1737.672509803922,9.264938831459141e-07,difference of equal-sample representative means; not paired
B1,B1-M00,4,second_derivative,1743.133254901961,2.544562301826754e-06,difference of equal-sample representative means; not paired
B1,B1-M00,4,second_derivative,1748.594,1.1315055747467334e-06,difference of equal-sample representative means; not paired
B1,B1-M00,4,second_derivative,1754.0547450980393,-1.1078435445317057e-06,difference of equal-sample representative means; not paired
B1,B1-M00,4,second_derivative,1759.5154901960786,-1.883890887046264e-06,difference of equal-sample representative means; not paired
B1,B1-M00,4,second_derivative,1764.976235294118,-1.4400851973351906e-06,difference of equal-sample representative means; not paired
B1,B1-M00,4,second_derivative,1770.4369803921572,-1.2583349744774823e-06,difference of equal-sample representative means; not paired
B1,B1-M00,4,second_derivative,1775.8977254901963,-4.387022994107683e-07,difference of equal-sample representative means; not paired
B1,B1-M00,4,second_derivative,1781.3584705882354,-1.270347793933911e-06,difference of equal-sample representative means; not paired
B1,B1-M00,4,second_derivative,1786.8192156862747,-1.404611035075455e-06,difference of equal-sample representative means; not paired
B1,B1-M00,4,second_derivative,1792.279960784314,-2.862148631981967e-06,difference of equal-sample representative means; not paired
B1,B1-M00,4,second_derivative,1797.7407058823533,-1.890555882130278e-06,difference of equal-sample representative means; not paired
B1,B1-M00,4,second_derivative,1803.2014509803923,-8.474632648073178e-07,difference of equal-sample representative means; not paired
B1,B1-M00,4,second_derivative,1808.6621960784316,1.2066077686731344e-07,difference of equal-sample representative means; not paired
B1,B1-M00,4,second_derivative,1814.1229411764707,7.720725133206907e-07,difference of equal-sample representative means; not paired
B1,B1-M00,4,second_derivative,1819.58368627451,-5.1107254723164626e-08,difference of equal-sample representative means; not paired
B1,B1-M00,4,second_derivative,1825.0444313725493,-1.8599072491654333e-06,difference of equal-sample representative means; not paired
B1,B1-M00,4,second_derivative,1830.5051764705886,-1.4171774204041188e-05,difference of equal-sample representative means; not paired
B1,B1-M00,4,second_derivative,1835.9659215686277,-4.657907299408507e-06,difference of equal-sample representative means; not paired
B1,B1-M00,4,second_derivative,1841.4266666666667,6.24770505091527e-06,difference of equal-sample representative means; not paired
B1,B1-M00,4,second_derivative,1846.887411764706,1.2632133888500252e-05,difference of equal-sample representative means; not paired
B1,B1-M00,4,second_derivative,1852.3481568627453,1.3384460319607819e-05,difference of equal-sample representative means; not paired
B1,B1-M00,4,second_derivative,1857.8089019607846,8.614326639677731e-06,difference of equal-sample representative means; not paired
B1,B1-M00,4,second_derivative,1863.269647058824,-2.42629926911379e-06,difference of equal-sample representative means; not paired
B1,B1-M00,4,second_derivative,1868.730392156863,8.915951954302623e-06,difference of equal-sample representative means; not paired
B1,B1-M00,4,second_derivative,1874.191137254902,1.4270394686030465e-05,difference of equal-sample representative means; not paired
B1,B1-M00,4,second_derivative,1879.6518823529414,1.6685714464267215e-05,difference of equal-sample representative means; not paired
B1,B1-M00,4,second_derivative,1885.1126274509807,1.3180454578987495e-05,difference of equal-sample representative means; not paired
B1,B1-M00,4,second_derivative,1890.57337254902,8.8055746333727e-06,difference of equal-sample representative means; not paired
B1,B1-M00,4,second_derivative,1896.034117647059,4.359322953060104e-06,difference of equal-sample representative means; not paired
B1,B1-M00,4,second_derivative,1901.4948627450983,-3.940324074425196e-06,difference of equal-sample representative means; not paired
B1,B1-M00,4,second_derivative,1906.9556078431374,-9.257396484574267e-06,difference of equal-sample representative means; not paired
B1,B1-M00,4,second_derivative,1912.4163529411767,-1.31317287919698e-05,difference of equal-sample representative means; not paired
B1,B1-M00,4,second_derivative,1917.877098039216,-1.5226369288311566e-05,difference of equal-sample representative means; not paired
B1,B1-M00,4,second_derivative,1923.3378431372553,-1.3385903197288154e-05,difference of equal-sample representative means; not paired
B1,B1-M00,4,second_derivative,1928.7985882352943,-1.0874745574087052e-05,difference of equal-sample representative means; not paired
B1,B1-M00,4,second_derivative,1934.2593333333336,-9.663878715841497e-06,difference of equal-sample representative means; not paired
B1,B1-M00,4,second_derivative,1939.7200784313727,-6.465652454502521e-06,difference of equal-sample representative means; not paired
B1,B1-M00,4,second_derivative,1945.180823529412,-5.1255806990398005e-06,difference of equal-sample representative means; not paired
B1,B1-M00,4,second_derivative,1950.6415686274513,-3.0937264332417044e-06,difference of equal-sample representative means; not paired
B1,B1-M00,4,second_derivative,1956.1023137254906,-1.4921960214169382e-06,difference of equal-sample representative means; not paired
B1,B1-M00,4,second_derivative,1961.5630588235294,-2.7027198671911463e-06,difference of equal-sample representative means; not paired
B1,B1-M00,4,second_derivative,1967.0238039215687,-1.9595284737571914e-06,difference of equal-sample representative means; not paired
B1,B1-M00,4,second_derivative,1972.484549019608,7.237031239518545e-07,difference of equal-sample representative means; not paired
B1,B1-M00,4,second_derivative,1977.9452941176473,1.7760632825638328e-06,difference of equal-sample representative means; not paired
B1,B1-M00,4,second_derivative,1983.4060392156866,2.7722544605559985e-06,difference of equal-sample representative means; not paired
B1,B1-M00,4,second_derivative,1988.866784313726,5.3411525582912445e-06,difference of equal-sample representative means; not paired
B1,B1-M00,4,second_derivative,1994.3275294117648,3.484217806724695e-06,difference of equal-sample representative means; not paired
B1,B1-M00,4,second_derivative,1999.788274509804,1.7416105502062e-06,difference of equal-sample representative means; not paired
B1,B1-M00,4,second_derivative,2005.2490196078434,3.8661726763561646e-06,difference of equal-sample representative means; not paired
B1,B1-M00,4,second_derivative,2010.7097647058827,4.69635878446428e-06,difference of equal-sample representative means; not paired
B1,B1-M00,4,second_derivative,2016.170509803922,4.4889110017052065e-06,difference of equal-sample representative means; not paired
B1,B1-M00,4,second_derivative,2021.6312549019613,5.008895890773226e-06,difference of equal-sample representative means; not paired
B1,B1-M00,4,second_derivative,2027.092,3.4630053422112964e-06,difference of equal-sample representative means; not paired
B1,B1-M00,4,second_derivative,2032.5527450980394,2.816954451652507e-06,difference of equal-sample representative means; not paired
B1,B1-M00,4,second_derivative,2038.0134901960787,4.506439831113639e-06,difference of equal-sample representative means; not paired
B1,B1-M00,4,second_derivative,2043.474235294118,-5.092941043971383e-08,difference of equal-sample representative means; not paired
B1,B1-M00,4,second_derivative,2048.9349803921573,-1.0259647961535126e-06,difference of equal-sample representative means; not paired
B1,B1-M00,4,second_derivative,2054.3957254901966,-1.8653668606355653e-06,difference of equal-sample representative means; not paired
B1,B1-M00,4,second_derivative,2059.8564705882354,-3.3365308794231946e-06,difference of equal-sample representative means; not paired
B1,B1-M00,4,second_derivative,2065.3172156862747,-3.3312963093182233e-06,difference of equal-sample representative means; not paired
B1,B1-M00,4,second_derivative,2070.777960784314,-4.357700698665417e-06,difference of equal-sample representative means; not paired
B1,B1-M00,4,second_derivative,2076.2387058823533,-5.928341088071336e-06,difference of equal-sample representative means; not paired
B1,B1-M00,4,second_derivative,2081.6994509803926,-2.8304985817903166e-06,difference of equal-sample representative means; not paired
B1,B1-M00,4,second_derivative,2087.1601960784315,-3.3188865111798924e-06,difference of equal-sample representative means; not paired
B1,B1-M00,4,second_derivative,2092.6209411764708,-3.19124635098325e-06,difference of equal-sample representative means; not paired
B1,B1-M00,4,second_derivative,2098.08168627451,-7.498132159365654e-07,difference of equal-sample representative means; not paired
B1,B1-M00,4,second_derivative,2103.5424313725493,8.952257706313542e-07,difference of equal-sample representative means; not paired
B1,B1-M00,4,second_derivative,2109.0031764705886,1.068264664575582e-06,difference of equal-sample representative means; not paired
B1,B1-M00,4,second_derivative,2114.463921568628,-1.861525377608417e-06,difference of equal-sample representative means; not paired
B1,B1-M00,4,second_derivative,2119.924666666667,-8.39178428926603e-06,difference of equal-sample representative means; not paired
B1,B1-M00,4,second_derivative,2125.385411764706,-1.5833839680751724e-05,difference of equal-sample representative means; not paired
B1,B1-M00,4,second_derivative,2130.8461568627454,-6.016009138816991e-06,difference of equal-sample representative means; not paired
B1,B1-M00,4,second_derivative,2136.3069019607847,7.081240846162875e-06,difference of equal-sample representative means; not paired
B1,B1-M00,4,second_derivative,2141.767647058824,1.1234132346269118e-05,difference of equal-sample representative means; not paired
B1,B1-M00,4,second_derivative,2147.2283921568633,8.715963982467229e-06,difference of equal-sample representative means; not paired
B1,B1-M00,4,second_derivative,2152.689137254902,2.0453111560451333e-06,difference of equal-sample representative means; not paired
B1,B1-M00,4,second_derivative,2158.1498823529414,-1.1469099141954032e-05,difference of equal-sample representative means; not paired
B1,B1-M00,4,second_derivative,2163.6106274509807,-4.262968216561829e-06,difference of equal-sample representative means; not paired
B1,B1-M00,4,second_derivative,2169.07137254902,-1.0528265400093182e-06,difference of equal-sample representative means; not paired
B1,B1-M00,4,second_derivative,2174.5321176470593,-3.4471800155420992e-06,difference of equal-sample representative means; not paired
B1,B1-M00,4,second_derivative,2179.992862745098,-1.3642601385245783e-06,difference of equal-sample representative means; not paired
B1,B1-M00,4,second_derivative,2185.4536078431374,2.0358675361917863e-06,difference of equal-sample representative means; not paired
B1,B1-M00,4,second_derivative,2190.9143529411767,-9.691460194225194e-07,difference of equal-sample representative means; not paired
B1,B1-M00,4,second_derivative,2196.375098039216,4.091198053464875e-06,difference of equal-sample representative means; not paired
B1,B1-M00,4,second_derivative,2201.8358431372553,7.416693704604235e-06,difference of equal-sample representative means; not paired
B1,B1-M00,4,second_derivative,2207.2965882352946,5.216132393185586e-06,difference of equal-sample representative means; not paired
B1,B1-M00,4,second_derivative,2212.7573333333335,1.0291445487968367e-05,difference of equal-sample representative means; not paired
B1,B1-M00,4,second_derivative,2218.2180784313728,1.2194285603817931e-05,difference of equal-sample representative means; not paired
B1,B1-M00,4,second_derivative,2223.678823529412,8.22402484187991e-06,difference of equal-sample representative means; not paired
B1,B1-M00,4,second_derivative,2229.1395686274514,5.189480125553756e-06,difference of equal-sample representative means; not paired
B1,B1-M00,4,second_derivative,2234.6003137254907,5.636113525736864e-06,difference of equal-sample representative means; not paired
B1,B1-M00,4,second_derivative,2240.06105882353,5.127433661480566e-06,difference of equal-sample representative means; not paired
B1,B1-M00,4,second_derivative,2245.521803921569,9.864621866359838e-06,difference of equal-sample representative means; not paired
B1,B1-M00,4,second_derivative,2250.982549019608,7.83679249743455e-06,difference of equal-sample representative means; not paired
B1,B1-M00,4,second_derivative,2256.4432941176474,-1.1305920415743867e-06,difference of equal-sample representative means; not paired
B1,B1-M00,4,second_derivative,2261.9040392156867,-5.787686787586996e-06,difference of equal-sample representative means; not paired
B1,B1-M00,4,second_derivative,2267.364784313726,-2.6240848955089515e-06,difference of equal-sample representative means; not paired
B1,B1-M00,4,second_derivative,2272.825529411765,7.659311985231082e-06,difference of equal-sample representative means; not paired
B1,B1-M00,4,second_derivative,2278.286274509804,1.0844518684291081e-05,difference of equal-sample representative means; not paired
B1,B1-M00,4,second_derivative,2283.7470196078434,-9.47086483434194e-06,difference of equal-sample representative means; not paired
B1,B1-M00,4,second_derivative,2289.2077647058827,-1.552851504398815e-05,difference of equal-sample representative means; not paired
B1,B1-M00,4,second_derivative,2294.668509803922,-1.5528515043988217e-05,difference of equal-sample representative means; not paired
B1,B1-M00,4,second_derivative,2300.1292549019613,-1.5528515043988217e-05,difference of equal-sample representative means; not paired
B1,B1-M00,4,second_derivative,2305.59,-1.5528515043988217e-05,difference of equal-sample representative means; not paired
B1,B1-M00,5,reflectance,913.1,0.05006023867900711,difference of equal-sample representative means; not paired
B1,B1-M00,5,reflectance,918.5607450980392,0.03828990575966995,difference of equal-sample representative means; not paired
B1,B1-M00,5,reflectance,924.0214901960785,0.03434944536949802,difference of equal-sample representative means; not paired
B1,B1-M00,5,reflectance,929.4822352941177,0.03018084006631183,difference of equal-sample representative means; not paired
B1,B1-M00,5,reflectance,934.9429803921569,0.027626200276552715,difference of equal-sample representative means; not paired
B1,B1-M00,5,reflectance,940.4037254901962,0.026791267475291147,difference of equal-sample representative means; not paired
B1,B1-M00,5,reflectance,945.8644705882353,0.025068372545380635,difference of equal-sample representative means; not paired
B1,B1-M00,5,reflectance,951.3252156862745,0.02338656537259609,difference of equal-sample representative means; not paired
B1,B1-M00,5,reflectance,956.7859607843137,0.02173648989141852,difference of equal-sample representative means; not paired
B1,B1-M00,5,reflectance,962.246705882353,0.019966948777020543,difference of equal-sample representative means; not paired
B1,B1-M00,5,reflectance,967.7074509803922,0.01827336324801243,difference of equal-sample representative means; not paired
B1,B1-M00,5,reflectance,973.1681960784314,0.016534426950171044,difference of equal-sample representative means; not paired
B1,B1-M00,5,reflectance,978.6289411764706,0.014894296345154046,difference of equal-sample representative means; not paired
B1,B1-M00,5,reflectance,984.0896862745099,0.013592815898413435,difference of equal-sample representative means; not paired
B1,B1-M00,5,reflectance,989.550431372549,0.012646287158506797,difference of equal-sample representative means; not paired
B1,B1-M00,5,reflectance,995.0111764705882,0.012214635736507051,difference of equal-sample representative means; not paired
B1,B1-M00,5,reflectance,1000.4719215686275,0.012207268586785891,difference of equal-sample representative means; not paired
B1,B1-M00,5,reflectance,1005.9326666666667,0.01235374220567742,difference of equal-sample representative means; not paired
B1,B1-M00,5,reflectance,1011.3934117647059,0.012643685437652707,difference of equal-sample representative means; not paired
B1,B1-M00,5,reflectance,1016.8541568627452,0.013010654887902429,difference of equal-sample representative means; not paired
B1,B1-M00,5,reflectance,1022.3149019607844,0.013434951142420881,difference of equal-sample representative means; not paired
B1,B1-M00,5,reflectance,1027.7756470588236,0.013980643650434055,difference of equal-sample representative means; not paired
B1,B1-M00,5,reflectance,1033.2363921568628,0.014533782829893815,difference of equal-sample representative means; not paired
B1,B1-M00,5,reflectance,1038.697137254902,0.015015528739821371,difference of equal-sample representative means; not paired
B1,B1-M00,5,reflectance,1044.1578823529412,0.015393321574952323,difference of equal-sample representative means; not paired
B1,B1-M00,5,reflectance,1049.6186274509805,0.015707081708260406,difference of equal-sample representative means; not paired
B1,B1-M00,5,reflectance,1055.0793725490196,0.01601112572990071,difference of equal-sample representative means; not paired
B1,B1-M00,5,reflectance,1060.5401176470589,0.01629675784441187,difference of equal-sample representative means; not paired
B1,B1-M00,5,reflectance,1066.0008627450982,0.016522840955893625,difference of equal-sample representative means; not paired
B1,B1-M00,5,reflectance,1071.4616078431372,0.016760989512811908,difference of equal-sample representative means; not paired
B1,B1-M00,5,reflectance,1076.9223529411765,0.017037584915538972,difference of equal-sample representative means; not paired
B1,B1-M00,5,reflectance,1082.3830980392158,0.01747135546405043,difference of equal-sample representative means; not paired
B1,B1-M00,5,reflectance,1087.843843137255,0.017997076515386623,difference of equal-sample representative means; not paired
B1,B1-M00,5,reflectance,1093.3045882352942,0.01842767975418902,difference of equal-sample representative means; not paired
B1,B1-M00,5,reflectance,1098.7653333333333,0.0186188197951358,difference of equal-sample representative means; not paired
B1,B1-M00,5,reflectance,1104.2260784313726,0.018505352246786066,difference of equal-sample representative means; not paired
B1,B1-M00,5,reflectance,1109.6868235294119,0.018044056500793215,difference of equal-sample representative means; not paired
B1,B1-M00,5,reflectance,1115.1475686274512,0.01694350434600911,difference of equal-sample representative means; not paired
B1,B1-M00,5,reflectance,1120.6083137254902,0.014975702277401748,difference of equal-sample representative means; not paired
B1,B1-M00,5,reflectance,1126.0690588235295,0.012133359228972962,difference of equal-sample representative means; not paired
B1,B1-M00,5,reflectance,1131.5298039215686,0.008800651075974497,difference of equal-sample representative means; not paired
B1,B1-M00,5,reflectance,1136.990549019608,0.00550095884625923,difference of equal-sample representative means; not paired
B1,B1-M00,5,reflectance,1142.4512941176472,0.002595262472192883,difference of equal-sample representative means; not paired
B1,B1-M00,5,reflectance,1147.9120392156863,4.776422221175469e-05,difference of equal-sample representative means; not paired
B1,B1-M00,5,reflectance,1153.3727843137256,-0.0026668692361142554,difference of equal-sample representative means; not paired
B1,B1-M00,5,reflectance,1158.8335294117649,-0.005326213729594742,difference of equal-sample representative means; not paired
B1,B1-M00,5,reflectance,1164.294274509804,-0.007717034372110465,difference of equal-sample representative means; not paired
B1,B1-M00,5,reflectance,1169.7550196078432,-0.00981098306009065,difference of equal-sample representative means; not paired
B1,B1-M00,5,reflectance,1175.2157647058825,-0.01166407871529318,difference of equal-sample representative means; not paired
B1,B1-M00,5,reflectance,1180.6765098039216,-0.013427596421790144,difference of equal-sample representative means; not paired
B1,B1-M00,5,reflectance,1186.137254901961,-0.015255638830013796,difference of equal-sample representative means; not paired
B1,B1-M00,5,reflectance,1191.598,-0.01708730543322301,difference of equal-sample representative means; not paired
B1,B1-M00,5,reflectance,1197.0587450980393,-0.0184378082736667,difference of equal-sample representative means; not paired
B1,B1-M00,5,reflectance,1202.5194901960786,-0.019256428222073296,difference of equal-sample representative means; not paired
B1,B1-M00,5,reflectance,1207.9802352941178,-0.019750209027177834,difference of equal-sample representative means; not paired
B1,B1-M00,5,reflectance,1213.440980392157,-0.020007674320884683,difference of equal-sample representative means; not paired
B1,B1-M00,5,reflectance,1218.9017254901962,-0.020109829279986946,difference of equal-sample representative means; not paired
B1,B1-M00,5,reflectance,1224.3624705882353,-0.020023504514872115,difference of equal-sample representative means; not paired
B1,B1-M00,5,reflectance,1229.8232156862746,-0.019489414091887536,difference of equal-sample representative means; not paired
B1,B1-M00,5,reflectance,1235.2839607843139,-0.018746884406326214,difference of equal-sample representative means; not paired
B1,B1-M00,5,reflectance,1240.7447058823532,-0.017923507551132034,difference of equal-sample representative means; not paired
B1,B1-M00,5,reflectance,1246.2054509803922,-0.01707302046390957,difference of equal-sample representative means; not paired
B1,B1-M00,5,reflectance,1251.6661960784315,-0.016353045369039032,difference of equal-sample representative means; not paired
B1,B1-M00,5,reflectance,1257.1269411764706,-0.015751098652891815,difference of equal-sample representative means; not paired
B1,B1-M00,5,reflectance,1262.58768627451,-0.015177012603653561,difference of equal-sample representative means; not paired
B1,B1-M00,5,reflectance,1268.0484313725492,-0.014634451086335987,difference of equal-sample representative means; not paired
B1,B1-M00,5,reflectance,1273.5091764705883,-0.014383768026508537,difference of equal-sample representative means; not paired
B1,B1-M00,5,reflectance,1278.9699215686276,-0.013787839409272196,difference of equal-sample representative means; not paired
B1,B1-M00,5,reflectance,1284.4306666666666,-0.013223695874476915,difference of equal-sample representative means; not paired
B1,B1-M00,5,reflectance,1289.891411764706,-0.012642646434134597,difference of equal-sample representative means; not paired
B1,B1-M00,5,reflectance,1295.3521568627452,-0.012192399339972515,difference of equal-sample representative means; not paired
B1,B1-M00,5,reflectance,1300.8129019607845,-0.011935270353221727,difference of equal-sample representative means; not paired
B1,B1-M00,5,reflectance,1306.2736470588236,-0.011850176441119742,difference of equal-sample representative means; not paired
B1,B1-M00,5,reflectance,1311.734392156863,-0.012161822393406685,difference of equal-sample representative means; not paired
B1,B1-M00,5,reflectance,1317.195137254902,-0.012928846931323013,difference of equal-sample representative means; not paired
B1,B1-M00,5,reflectance,1322.6558823529413,-0.013999595074763671,difference of equal-sample representative means; not paired
B1,B1-M00,5,reflectance,1328.1166274509806,-0.015449690930551374,difference of equal-sample representative means; not paired
B1,B1-M00,5,reflectance,1333.5773725490199,-0.017268417565129424,difference of equal-sample representative means; not paired
B1,B1-M00,5,reflectance,1339.038117647059,-0.019400717790101885,difference of equal-sample representative means; not paired
B1,B1-M00,5,reflectance,1344.4988627450982,-0.021741257091355992,difference of equal-sample representative means; not paired
B1,B1-M00,5,reflectance,1349.9596078431373,-0.024116417215380603,difference of equal-sample representative means; not paired
B1,B1-M00,5,reflectance,1355.4203529411766,-0.02622852770706252,difference of equal-sample representative means; not paired
B1,B1-M00,5,reflectance,1360.8810980392159,-0.028108138313703956,difference of equal-sample representative means; not paired
B1,B1-M00,5,reflectance,1366.341843137255,-0.02989407613996453,difference of equal-sample representative means; not paired
B1,B1-M00,5,reflectance,1371.8025882352943,-0.031278404629937806,difference of equal-sample representative means; not paired
B1,B1-M00,5,reflectance,1377.2633333333333,-0.03233133046045966,difference of equal-sample representative means; not paired
B1,B1-M00,5,reflectance,1382.7240784313726,-0.03330595603946984,difference of equal-sample representative means; not paired
B1,B1-M00,5,reflectance,1388.184823529412,-0.03441771895201984,difference of equal-sample representative means; not paired
B1,B1-M00,5,reflectance,1393.6455686274512,-0.03586838194071562,difference of equal-sample representative means; not paired
B1,B1-M00,5,reflectance,1399.1063137254903,-0.03735252096491182,difference of equal-sample representative means; not paired
B1,B1-M00,5,reflectance,1404.5670588235296,-0.03855453174976048,difference of equal-sample representative means; not paired
B1,B1-M00,5,reflectance,1410.0278039215686,-0.03943243943580915,difference of equal-sample representative means; not paired
B1,B1-M00,5,reflectance,1415.488549019608,-0.040074588949220225,difference of equal-sample representative means; not paired
B1,B1-M00,5,reflectance,1420.9492941176472,-0.040467332910694875,difference of equal-sample representative means; not paired
B1,B1-M00,5,reflectance,1426.4100392156865,-0.040561910350606634,difference of equal-sample representative means; not paired
B1,B1-M00,5,reflectance,1431.8707843137256,-0.04049964507398118,difference of equal-sample representative means; not paired
B1,B1-M00,5,reflectance,1437.3315294117647,-0.04047710609221916,difference of equal-sample representative means; not paired
B1,B1-M00,5,reflectance,1442.792274509804,-0.040407747492401,difference of equal-sample representative means; not paired
B1,B1-M00,5,reflectance,1448.2530196078433,-0.04024400583461307,difference of equal-sample representative means; not paired
B1,B1-M00,5,reflectance,1453.7137647058826,-0.04001483640521214,difference of equal-sample representative means; not paired
B1,B1-M00,5,reflectance,1459.1745098039219,-0.039851838962992325,difference of equal-sample representative means; not paired
B1,B1-M00,5,reflectance,1464.635254901961,-0.039833604961953706,difference of equal-sample representative means; not paired
B1,B1-M00,5,reflectance,1470.096,-0.039870040618521396,difference of equal-sample representative means; not paired
B1,B1-M00,5,reflectance,1475.5567450980393,-0.03977883377451624,difference of equal-sample representative means; not paired
B1,B1-M00,5,reflectance,1481.0174901960786,-0.039823975274119794,difference of equal-sample representative means; not paired
B1,B1-M00,5,reflectance,1486.478235294118,-0.03985636022066247,difference of equal-sample representative means; not paired
B1,B1-M00,5,reflectance,1491.938980392157,-0.03988975081230384,difference of equal-sample representative means; not paired
B1,B1-M00,5,reflectance,1497.3997254901963,-0.03993565174388192,difference of equal-sample representative means; not paired
B1,B1-M00,5,reflectance,1502.8604705882353,-0.04000490894871134,difference of equal-sample representative means; not paired
B1,B1-M00,5,reflectance,1508.3212156862746,-0.04010826651403182,difference of equal-sample representative means; not paired
B1,B1-M00,5,reflectance,1513.781960784314,-0.04024340837931045,difference of equal-sample representative means; not paired
B1,B1-M00,5,reflectance,1519.2427058823532,-0.040240877454725044,difference of equal-sample representative means; not paired
B1,B1-M00,5,reflectance,1524.7034509803923,-0.04022993412253428,difference of equal-sample representative means; not paired
B1,B1-M00,5,reflectance,1530.1641960784316,-0.04022638449907545,difference of equal-sample representative means; not paired
B1,B1-M00,5,reflectance,1535.6249411764707,-0.04024385330011909,difference of equal-sample representative means; not paired
B1,B1-M00,5,reflectance,1541.08568627451,-0.04025116525030786,difference of equal-sample representative means; not paired
B1,B1-M00,5,reflectance,1546.5464313725493,-0.04022576972727748,difference of equal-sample representative means; not paired
B1,B1-M00,5,reflectance,1552.0071764705885,-0.04020994119389376,difference of equal-sample representative means; not paired
B1,B1-M00,5,reflectance,1557.4679215686276,-0.04029171812243887,difference of equal-sample representative means; not paired
B1,B1-M00,5,reflectance,1562.9286666666667,-0.04014512723602248,difference of equal-sample representative means; not paired
B1,B1-M00,5,reflectance,1568.389411764706,-0.040132187198759384,difference of equal-sample representative means; not paired
B1,B1-M00,5,reflectance,1573.8501568627453,-0.04010063176945572,difference of equal-sample representative means; not paired
B1,B1-M00,5,reflectance,1579.3109019607846,-0.040032896304139864,difference of equal-sample representative means; not paired
B1,B1-M00,5,reflectance,1584.7716470588239,-0.03992815045738318,difference of equal-sample representative means; not paired
B1,B1-M00,5,reflectance,1590.232392156863,-0.039770387992198786,difference of equal-sample representative means; not paired
B1,B1-M00,5,reflectance,1595.693137254902,-0.039618120182371985,difference of equal-sample representative means; not paired
B1,B1-M00,5,reflectance,1601.1538823529413,-0.03944151398999324,difference of equal-sample representative means; not paired
B1,B1-M00,5,reflectance,1606.6146274509806,-0.03919597904985195,difference of equal-sample representative means; not paired
B1,B1-M00,5,reflectance,1612.07537254902,-0.03890026773630245,difference of equal-sample representative means; not paired
B1,B1-M00,5,reflectance,1617.536117647059,-0.03854722903274299,difference of equal-sample representative means; not paired
B1,B1-M00,5,reflectance,1622.9968627450983,-0.0381599348069237,difference of equal-sample representative means; not paired
B1,B1-M00,5,reflectance,1628.4576078431373,-0.03773477579933032,difference of equal-sample representative means; not paired
B1,B1-M00,5,reflectance,1633.9183529411766,-0.03722281733153521,difference of equal-sample representative means; not paired
B1,B1-M00,5,reflectance,1639.379098039216,-0.03675241247800076,difference of equal-sample representative means; not paired
B1,B1-M00,5,reflectance,1644.8398431372552,-0.03627095527812274,difference of equal-sample representative means; not paired
B1,B1-M00,5,reflectance,1650.3005882352943,-0.035747865179536265,difference of equal-sample representative means; not paired
B1,B1-M00,5,reflectance,1655.7613333333334,-0.03531862945658604,difference of equal-sample representative means; not paired
B1,B1-M00,5,reflectance,1661.2220784313727,-0.034979591646139674,difference of equal-sample representative means; not paired
B1,B1-M00,5,reflectance,1666.682823529412,-0.03471262374582734,difference of equal-sample representative means; not paired
B1,B1-M00,5,reflectance,1672.1435686274513,-0.034522829641406794,difference of equal-sample representative means; not paired
B1,B1-M00,5,reflectance,1677.6043137254906,-0.03435601842317415,difference of equal-sample representative means; not paired
B1,B1-M00,5,reflectance,1683.0650588235296,-0.034041175089101205,difference of equal-sample representative means; not paired
B1,B1-M00,5,reflectance,1688.5258039215687,-0.033681114853912564,difference of equal-sample representative means; not paired
B1,B1-M00,5,reflectance,1693.986549019608,-0.03333397984045794,difference of equal-sample representative means; not paired
B1,B1-M00,5,reflectance,1699.4472941176473,-0.03313140939044168,difference of equal-sample representative means; not paired
B1,B1-M00,5,reflectance,1704.9080392156866,-0.03306669294405418,difference of equal-sample representative means; not paired
B1,B1-M00,5,reflectance,1710.3687843137257,-0.03306358785987212,difference of equal-sample representative means; not paired
B1,B1-M00,5,reflectance,1715.829529411765,-0.03307184137232472,difference of equal-sample representative means; not paired
B1,B1-M00,5,reflectance,1721.290274509804,-0.03296389622193058,difference of equal-sample representative means; not paired
B1,B1-M00,5,reflectance,1726.7510196078433,-0.03296184426229609,difference of equal-sample representative means; not paired
B1,B1-M00,5,reflectance,1732.2117647058826,-0.03282480007240651,difference of equal-sample representative means; not paired
B1,B1-M00,5,reflectance,1737.672509803922,-0.03273352552266151,difference of equal-sample representative means; not paired
B1,B1-M00,5,reflectance,1743.133254901961,-0.03275090642985584,difference of equal-sample representative means; not paired
B1,B1-M00,5,reflectance,1748.594,-0.032810224952820044,difference of equal-sample representative means; not paired
B1,B1-M00,5,reflectance,1754.0547450980393,-0.032848636259761976,difference of equal-sample representative means; not paired
B1,B1-M00,5,reflectance,1759.5154901960786,-0.03297759791532018,difference of equal-sample representative means; not paired
B1,B1-M00,5,reflectance,1764.976235294118,-0.03306294974930574,difference of equal-sample representative means; not paired
B1,B1-M00,5,reflectance,1770.4369803921572,-0.03308086924535536,difference of equal-sample representative means; not paired
B1,B1-M00,5,reflectance,1775.8977254901963,-0.03312801446285479,difference of equal-sample representative means; not paired
B1,B1-M00,5,reflectance,1781.3584705882354,-0.033102914236484704,difference of equal-sample representative means; not paired
B1,B1-M00,5,reflectance,1786.8192156862747,-0.033050935640976276,difference of equal-sample representative means; not paired
B1,B1-M00,5,reflectance,1792.279960784314,-0.03302765417224546,difference of equal-sample representative means; not paired
B1,B1-M00,5,reflectance,1797.7407058823533,-0.03296995200087782,difference of equal-sample representative means; not paired
B1,B1-M00,5,reflectance,1803.2014509803923,-0.032849345990505596,difference of equal-sample representative means; not paired
B1,B1-M00,5,reflectance,1808.6621960784316,-0.032916070896973515,difference of equal-sample representative means; not paired
B1,B1-M00,5,reflectance,1814.1229411764707,-0.032815959410979534,difference of equal-sample representative means; not paired
B1,B1-M00,5,reflectance,1819.58368627451,-0.03253344995448726,difference of equal-sample representative means; not paired
B1,B1-M00,5,reflectance,1825.0444313725493,-0.03241805936820036,difference of equal-sample representative means; not paired
B1,B1-M00,5,reflectance,1830.5051764705886,-0.032434138615720864,difference of equal-sample representative means; not paired
B1,B1-M00,5,reflectance,1835.9659215686277,-0.032307082638050766,difference of equal-sample representative means; not paired
B1,B1-M00,5,reflectance,1841.4266666666667,-0.032137422540526595,difference of equal-sample representative means; not paired
B1,B1-M00,5,reflectance,1846.887411764706,-0.032059446188428986,difference of equal-sample representative means; not paired
B1,B1-M00,5,reflectance,1852.3481568627453,-0.03199637317329107,difference of equal-sample representative means; not paired
B1,B1-M00,5,reflectance,1857.8089019607846,-0.03207835510407614,difference of equal-sample representative means; not paired
B1,B1-M00,5,reflectance,1863.269647058824,-0.03226423518362076,difference of equal-sample representative means; not paired
B1,B1-M00,5,reflectance,1868.730392156863,-0.032469166723674336,difference of equal-sample representative means; not paired
B1,B1-M00,5,reflectance,1874.191137254902,-0.03268906529016047,difference of equal-sample representative means; not paired
B1,B1-M00,5,reflectance,1879.6518823529414,-0.03299085058468226,difference of equal-sample representative means; not paired
B1,B1-M00,5,reflectance,1885.1126274509807,-0.03330610089715075,difference of equal-sample representative means; not paired
B1,B1-M00,5,reflectance,1890.57337254902,-0.03314213046240394,difference of equal-sample representative means; not paired
B1,B1-M00,5,reflectance,1896.034117647059,-0.032085102609655414,difference of equal-sample representative means; not paired
B1,B1-M00,5,reflectance,1901.4948627450983,-0.03049752949607326,difference of equal-sample representative means; not paired
B1,B1-M00,5,reflectance,1906.9556078431374,-0.02889417267409633,difference of equal-sample representative means; not paired
B1,B1-M00,5,reflectance,1912.4163529411767,-0.027562280168545727,difference of equal-sample representative means; not paired
B1,B1-M00,5,reflectance,1917.877098039216,-0.02654853213843411,difference of equal-sample representative means; not paired
B1,B1-M00,5,reflectance,1923.3378431372553,-0.02581376193430407,difference of equal-sample representative means; not paired
B1,B1-M00,5,reflectance,1928.7985882352943,-0.025362579911376915,difference of equal-sample representative means; not paired
B1,B1-M00,5,reflectance,1934.2593333333336,-0.025242843018427052,difference of equal-sample representative means; not paired
B1,B1-M00,5,reflectance,1939.7200784313727,-0.025355125753902252,difference of equal-sample representative means; not paired
B1,B1-M00,5,reflectance,1945.180823529412,-0.025532235208228615,difference of equal-sample representative means; not paired
B1,B1-M00,5,reflectance,1950.6415686274513,-0.025832505247654514,difference of equal-sample representative means; not paired
B1,B1-M00,5,reflectance,1956.1023137254906,-0.026230753901892112,difference of equal-sample representative means; not paired
B1,B1-M00,5,reflectance,1961.5630588235294,-0.026582032283830437,difference of equal-sample representative means; not paired
B1,B1-M00,5,reflectance,1967.0238039215687,-0.02687834182986465,difference of equal-sample representative means; not paired
B1,B1-M00,5,reflectance,1972.484549019608,-0.027184391108907968,difference of equal-sample representative means; not paired
B1,B1-M00,5,reflectance,1977.9452941176473,-0.027375745519935546,difference of equal-sample representative means; not paired
B1,B1-M00,5,reflectance,1983.4060392156866,-0.02754407495839123,difference of equal-sample representative means; not paired
B1,B1-M00,5,reflectance,1988.866784313726,-0.027658264763310125,difference of equal-sample representative means; not paired
B1,B1-M00,5,reflectance,1994.3275294117648,-0.027659406167582612,difference of equal-sample representative means; not paired
B1,B1-M00,5,reflectance,1999.788274509804,-0.027603132816953813,difference of equal-sample representative means; not paired
B1,B1-M00,5,reflectance,2005.2490196078434,-0.027576307254657706,difference of equal-sample representative means; not paired
B1,B1-M00,5,reflectance,2010.7097647058827,-0.027179701285514446,difference of equal-sample representative means; not paired
B1,B1-M00,5,reflectance,2016.170509803922,-0.027076401822203167,difference of equal-sample representative means; not paired
B1,B1-M00,5,reflectance,2021.6312549019613,-0.02681313139884073,difference of equal-sample representative means; not paired
B1,B1-M00,5,reflectance,2027.092,-0.026637934294939714,difference of equal-sample representative means; not paired
B1,B1-M00,5,reflectance,2032.5527450980394,-0.026307189756067995,difference of equal-sample representative means; not paired
B1,B1-M00,5,reflectance,2038.0134901960787,-0.02585727971449958,difference of equal-sample representative means; not paired
B1,B1-M00,5,reflectance,2043.474235294118,-0.025464452280852312,difference of equal-sample representative means; not paired
B1,B1-M00,5,reflectance,2048.9349803921573,-0.025042440100137342,difference of equal-sample representative means; not paired
B1,B1-M00,5,reflectance,2054.3957254901966,-0.024902161909552856,difference of equal-sample representative means; not paired
B1,B1-M00,5,reflectance,2059.8564705882354,-0.02454548385551042,difference of equal-sample representative means; not paired
B1,B1-M00,5,reflectance,2065.3172156862747,-0.024248865883002124,difference of equal-sample representative means; not paired
B1,B1-M00,5,reflectance,2070.777960784314,-0.02402390634545376,difference of equal-sample representative means; not paired
B1,B1-M00,5,reflectance,2076.2387058823533,-0.02375219690892738,difference of equal-sample representative means; not paired
B1,B1-M00,5,reflectance,2081.6994509803926,-0.023480933126439008,difference of equal-sample representative means; not paired
B1,B1-M00,5,reflectance,2087.1601960784315,-0.023385872003106878,difference of equal-sample representative means; not paired
B1,B1-M00,5,reflectance,2092.6209411764708,-0.02341312310098148,difference of equal-sample representative means; not paired
B1,B1-M00,5,reflectance,2098.08168627451,-0.02332256727920362,difference of equal-sample representative means; not paired
B1,B1-M00,5,reflectance,2103.5424313725493,-0.023295471182905536,difference of equal-sample representative means; not paired
B1,B1-M00,5,reflectance,2109.0031764705886,-0.023258384607009353,difference of equal-sample representative means; not paired
B1,B1-M00,5,reflectance,2114.463921568628,-0.023193805557878477,difference of equal-sample representative means; not paired
B1,B1-M00,5,reflectance,2119.924666666667,-0.02319597339938645,difference of equal-sample representative means; not paired
B1,B1-M00,5,reflectance,2125.385411764706,-0.023327481794599703,difference of equal-sample representative means; not paired
B1,B1-M00,5,reflectance,2130.8461568627454,-0.0234901053637786,difference of equal-sample representative means; not paired
B1,B1-M00,5,reflectance,2136.3069019607847,-0.023436375868238546,difference of equal-sample representative means; not paired
B1,B1-M00,5,reflectance,2141.767647058824,-0.02350330428287517,difference of equal-sample representative means; not paired
B1,B1-M00,5,reflectance,2147.2283921568633,-0.023690627459131974,difference of equal-sample representative means; not paired
B1,B1-M00,5,reflectance,2152.689137254902,-0.023823866998543053,difference of equal-sample representative means; not paired
B1,B1-M00,5,reflectance,2158.1498823529414,-0.023984509028189716,difference of equal-sample representative means; not paired
B1,B1-M00,5,reflectance,2163.6106274509807,-0.02414497907754737,difference of equal-sample representative means; not paired
B1,B1-M00,5,reflectance,2169.07137254902,-0.02425281264783874,difference of equal-sample representative means; not paired
B1,B1-M00,5,reflectance,2174.5321176470593,-0.024407145691809795,difference of equal-sample representative means; not paired
B1,B1-M00,5,reflectance,2179.992862745098,-0.02459556777321098,difference of equal-sample representative means; not paired
B1,B1-M00,5,reflectance,2185.4536078431374,-0.024685649823523836,difference of equal-sample representative means; not paired
B1,B1-M00,5,reflectance,2190.9143529411767,-0.024842333370060476,difference of equal-sample representative means; not paired
B1,B1-M00,5,reflectance,2196.375098039216,-0.024686078842374448,difference of equal-sample representative means; not paired
B1,B1-M00,5,reflectance,2201.8358431372553,-0.024629958912150696,difference of equal-sample representative means; not paired
B1,B1-M00,5,reflectance,2207.2965882352946,-0.02474856464900632,difference of equal-sample representative means; not paired
B1,B1-M00,5,reflectance,2212.7573333333335,-0.024801931475462113,difference of equal-sample representative means; not paired
B1,B1-M00,5,reflectance,2218.2180784313728,-0.025022730397722737,difference of equal-sample representative means; not paired
B1,B1-M00,5,reflectance,2223.678823529412,-0.024640699341611394,difference of equal-sample representative means; not paired
B1,B1-M00,5,reflectance,2229.1395686274514,-0.024861419389111405,difference of equal-sample representative means; not paired
B1,B1-M00,5,reflectance,2234.6003137254907,-0.0248004223778725,difference of equal-sample representative means; not paired
B1,B1-M00,5,reflectance,2240.06105882353,-0.02448736947856489,difference of equal-sample representative means; not paired
B1,B1-M00,5,reflectance,2245.521803921569,-0.02407198299674168,difference of equal-sample representative means; not paired
B1,B1-M00,5,reflectance,2250.982549019608,-0.02351439284517981,difference of equal-sample representative means; not paired
B1,B1-M00,5,reflectance,2256.4432941176474,-0.022582948661047153,difference of equal-sample representative means; not paired
B1,B1-M00,5,reflectance,2261.9040392156867,-0.021193770870316875,difference of equal-sample representative means; not paired
B1,B1-M00,5,reflectance,2267.364784313726,-0.020427986046407276,difference of equal-sample representative means; not paired
B1,B1-M00,5,reflectance,2272.825529411765,-0.019104232935234666,difference of equal-sample representative means; not paired
B1,B1-M00,5,reflectance,2278.286274509804,-0.017761862570216086,difference of equal-sample representative means; not paired
B1,B1-M00,5,reflectance,2283.7470196078434,-0.016600479282712993,difference of equal-sample representative means; not paired
B1,B1-M00,5,reflectance,2289.2077647058827,-0.015493032171394333,difference of equal-sample representative means; not paired
B1,B1-M00,5,reflectance,2294.668509803922,-0.014059608487852038,difference of equal-sample representative means; not paired
B1,B1-M00,5,reflectance,2300.1292549019613,-0.012172220650444487,difference of equal-sample representative means; not paired
B1,B1-M00,5,reflectance,2305.59,-0.011147794355535728,difference of equal-sample representative means; not paired
B1,B1-M00,5,snv,913.1,0.422470999278479,difference of equal-sample representative means; not paired
B1,B1-M00,5,snv,918.5607450980392,0.3205090110542169,difference of equal-sample representative means; not paired
B1,B1-M00,5,snv,924.0214901960785,0.27809095964017017,difference of equal-sample representative means; not paired
B1,B1-M00,5,snv,929.4822352941177,0.23811204641671702,difference of equal-sample representative means; not paired
B1,B1-M00,5,snv,934.9429803921569,0.2110934538108522,difference of equal-sample representative means; not paired
B1,B1-M00,5,snv,940.4037254901962,0.1975352563566053,difference of equal-sample representative means; not paired
B1,B1-M00,5,snv,945.8644705882353,0.1808443718574626,difference of equal-sample representative means; not paired
B1,B1-M00,5,snv,951.3252156862745,0.16792866729842193,difference of equal-sample representative means; not paired
B1,B1-M00,5,snv,956.7859607843137,0.15573703883298373,difference of equal-sample representative means; not paired
B1,B1-M00,5,snv,962.246705882353,0.14494539618717606,difference of equal-sample representative means; not paired
B1,B1-M00,5,snv,967.7074509803922,0.1355598543344434,difference of equal-sample representative means; not paired
B1,B1-M00,5,snv,973.1681960784314,0.12593426688357412,difference of equal-sample representative means; not paired
B1,B1-M00,5,snv,978.6289411764706,0.11671872061387889,difference of equal-sample representative means; not paired
B1,B1-M00,5,snv,984.0896862745099,0.10917365196285855,difference of equal-sample representative means; not paired
B1,B1-M00,5,snv,989.550431372549,0.10266847058647444,difference of equal-sample representative means; not paired
B1,B1-M00,5,snv,995.0111764705882,0.09933260097925567,difference of equal-sample representative means; not paired
B1,B1-M00,5,snv,1000.4719215686275,0.09971375686468398,difference of equal-sample representative means; not paired
B1,B1-M00,5,snv,1005.9326666666667,0.09848828437075086,difference of equal-sample representative means; not paired
B1,B1-M00,5,snv,1011.3934117647059,0.09838170511687361,difference of equal-sample representative means; not paired
B1,B1-M00,5,snv,1016.8541568627452,0.09940611562900448,difference of equal-sample representative means; not paired
B1,B1-M00,5,snv,1022.3149019607844,0.10045650372479709,difference of equal-sample representative means; not paired
B1,B1-M00,5,snv,1027.7756470588236,0.10170063704193044,difference of equal-sample representative means; not paired
B1,B1-M00,5,snv,1033.2363921568628,0.10412820089605468,difference of equal-sample representative means; not paired
B1,B1-M00,5,snv,1038.697137254902,0.10510586883326867,difference of equal-sample representative means; not paired
B1,B1-M00,5,snv,1044.1578823529412,0.10592882037086704,difference of equal-sample representative means; not paired
B1,B1-M00,5,snv,1049.6186274509805,0.10634928377677788,difference of equal-sample representative means; not paired
B1,B1-M00,5,snv,1055.0793725490196,0.10704063948350662,difference of equal-sample representative means; not paired
B1,B1-M00,5,snv,1060.5401176470589,0.10778933141055469,difference of equal-sample representative means; not paired
B1,B1-M00,5,snv,1066.0008627450982,0.10764850904358325,difference of equal-sample representative means; not paired
B1,B1-M00,5,snv,1071.4616078431372,0.10745630109189874,difference of equal-sample representative means; not paired
B1,B1-M00,5,snv,1076.9223529411765,0.1077848921796265,difference of equal-sample representative means; not paired
B1,B1-M00,5,snv,1082.3830980392158,0.10846055363493656,difference of equal-sample representative means; not paired
B1,B1-M00,5,snv,1087.843843137255,0.1102004190861674,difference of equal-sample representative means; not paired
B1,B1-M00,5,snv,1093.3045882352942,0.1114217378770408,difference of equal-sample representative means; not paired
B1,B1-M00,5,snv,1098.7653333333333,0.1109997878790665,difference of equal-sample representative means; not paired
B1,B1-M00,5,snv,1104.2260784313726,0.10906566647402127,difference of equal-sample representative means; not paired
B1,B1-M00,5,snv,1109.6868235294119,0.1063003186978222,difference of equal-sample representative means; not paired
B1,B1-M00,5,snv,1115.1475686274512,0.09986063975803772,difference of equal-sample representative means; not paired
B1,B1-M00,5,snv,1120.6083137254902,0.08950155091933665,difference of equal-sample representative means; not paired
B1,B1-M00,5,snv,1126.0690588235295,0.07483059627569322,difference of equal-sample representative means; not paired
B1,B1-M00,5,snv,1131.5298039215686,0.05793957321053522,difference of equal-sample representative means; not paired
B1,B1-M00,5,snv,1136.990549019608,0.041358361874373584,difference of equal-sample representative means; not paired
B1,B1-M00,5,snv,1142.4512941176472,0.026836086160985984,difference of equal-sample representative means; not paired
B1,B1-M00,5,snv,1147.9120392156863,0.014365564992471658,difference of equal-sample representative means; not paired
B1,B1-M00,5,snv,1153.3727843137256,0.0008467938713845324,difference of equal-sample representative means; not paired
B1,B1-M00,5,snv,1158.8335294117649,-0.011585358213891839,difference of equal-sample representative means; not paired
B1,B1-M00,5,snv,1164.294274509804,-0.022730541667360882,difference of equal-sample representative means; not paired
B1,B1-M00,5,snv,1169.7550196078432,-0.03254017442956636,difference of equal-sample representative means; not paired
B1,B1-M00,5,snv,1175.2157647058825,-0.04138384960217323,difference of equal-sample representative means; not paired
B1,B1-M00,5,snv,1180.6765098039216,-0.04960425173927274,difference of equal-sample representative means; not paired
B1,B1-M00,5,snv,1186.137254901961,-0.057294670380878765,difference of equal-sample representative means; not paired
B1,B1-M00,5,snv,1191.598,-0.06445208486468745,difference of equal-sample representative means; not paired
B1,B1-M00,5,snv,1197.0587450980393,-0.07263362414106533,difference of equal-sample representative means; not paired
B1,B1-M00,5,snv,1202.5194901960786,-0.07706887950629282,difference of equal-sample representative means; not paired
B1,B1-M00,5,snv,1207.9802352941178,-0.07997915712822523,difference of equal-sample representative means; not paired
B1,B1-M00,5,snv,1213.440980392157,-0.08125936272846745,difference of equal-sample representative means; not paired
B1,B1-M00,5,snv,1218.9017254901962,-0.08217110873813505,difference of equal-sample representative means; not paired
B1,B1-M00,5,snv,1224.3624705882353,-0.08334173637069076,difference of equal-sample representative means; not paired
B1,B1-M00,5,snv,1229.8232156862746,-0.08133483421484744,difference of equal-sample representative means; not paired
B1,B1-M00,5,snv,1235.2839607843139,-0.07886170573943319,difference of equal-sample representative means; not paired
B1,B1-M00,5,snv,1240.7447058823532,-0.07672572151203627,difference of equal-sample representative means; not paired
B1,B1-M00,5,snv,1246.2054509803922,-0.07394030957232833,difference of equal-sample representative means; not paired
B1,B1-M00,5,snv,1251.6661960784315,-0.07161171388016863,difference of equal-sample representative means; not paired
B1,B1-M00,5,snv,1257.1269411764706,-0.06972341328490206,difference of equal-sample representative means; not paired
B1,B1-M00,5,snv,1262.58768627451,-0.06731952388062235,difference of equal-sample representative means; not paired
B1,B1-M00,5,snv,1268.0484313725492,-0.06420662035556557,difference of equal-sample representative means; not paired
B1,B1-M00,5,snv,1273.5091764705883,-0.06494424445719527,difference of equal-sample representative means; not paired
B1,B1-M00,5,snv,1278.9699215686276,-0.062204764347684405,difference of equal-sample representative means; not paired
B1,B1-M00,5,snv,1284.4306666666666,-0.060431338845190696,difference of equal-sample representative means; not paired
B1,B1-M00,5,snv,1289.891411764706,-0.05871703471320955,difference of equal-sample representative means; not paired
B1,B1-M00,5,snv,1295.3521568627452,-0.05762085498996017,difference of equal-sample representative means; not paired
B1,B1-M00,5,snv,1300.8129019607845,-0.05721266921227586,difference of equal-sample representative means; not paired
B1,B1-M00,5,snv,1306.2736470588236,-0.057076328180837965,difference of equal-sample representative means; not paired
B1,B1-M00,5,snv,1311.734392156863,-0.058708838835070276,difference of equal-sample representative means; not paired
B1,B1-M00,5,snv,1317.195137254902,-0.06253596998955624,difference of equal-sample representative means; not paired
B1,B1-M00,5,snv,1322.6558823529413,-0.06682900640087475,difference of equal-sample representative means; not paired
B1,B1-M00,5,snv,1328.1166274509806,-0.07291199989310537,difference of equal-sample representative means; not paired
B1,B1-M00,5,snv,1333.5773725490199,-0.08032314732299684,difference of equal-sample representative means; not paired
B1,B1-M00,5,snv,1339.038117647059,-0.08854561243363546,difference of equal-sample representative means; not paired
B1,B1-M00,5,snv,1344.4988627450982,-0.09729897838399193,difference of equal-sample representative means; not paired
B1,B1-M00,5,snv,1349.9596078431373,-0.1061825088465882,difference of equal-sample representative means; not paired
B1,B1-M00,5,snv,1355.4203529411766,-0.11398250743271876,difference of equal-sample representative means; not paired
B1,B1-M00,5,snv,1360.8810980392159,-0.12053596185761528,difference of equal-sample representative means; not paired
B1,B1-M00,5,snv,1366.341843137255,-0.12671529400155035,difference of equal-sample representative means; not paired
B1,B1-M00,5,snv,1371.8025882352943,-0.13077322246484768,difference of equal-sample representative means; not paired
B1,B1-M00,5,snv,1377.2633333333333,-0.1334756431466967,difference of equal-sample representative means; not paired
B1,B1-M00,5,snv,1382.7240784313726,-0.1360774794915125,difference of equal-sample representative means; not paired
B1,B1-M00,5,snv,1388.184823529412,-0.1386754282480966,difference of equal-sample representative means; not paired
B1,B1-M00,5,snv,1393.6455686274512,-0.14115744268716063,difference of equal-sample representative means; not paired
B1,B1-M00,5,snv,1399.1063137254903,-0.142010942791771,difference of equal-sample representative means; not paired
B1,B1-M00,5,snv,1404.5670588235296,-0.13911369333809684,difference of equal-sample representative means; not paired
B1,B1-M00,5,snv,1410.0278039215686,-0.133141828877855,difference of equal-sample representative means; not paired
B1,B1-M00,5,snv,1415.488549019608,-0.12594916706463796,difference of equal-sample representative means; not paired
B1,B1-M00,5,snv,1420.9492941176472,-0.1182321847116276,difference of equal-sample representative means; not paired
B1,B1-M00,5,snv,1426.4100392156865,-0.1100194468104071,difference of equal-sample representative means; not paired
B1,B1-M00,5,snv,1431.8707843137256,-0.10269116798688221,difference of equal-sample representative means; not paired
B1,B1-M00,5,snv,1437.3315294117647,-0.09794539700391164,difference of equal-sample representative means; not paired
B1,B1-M00,5,snv,1442.792274509804,-0.09459155819464982,difference of equal-sample representative means; not paired
B1,B1-M00,5,snv,1448.2530196078433,-0.09130998981814203,difference of equal-sample representative means; not paired
B1,B1-M00,5,snv,1453.7137647058826,-0.08828338905399025,difference of equal-sample representative means; not paired
B1,B1-M00,5,snv,1459.1745098039219,-0.08593931391124127,difference of equal-sample representative means; not paired
B1,B1-M00,5,snv,1464.635254901961,-0.08472795667351829,difference of equal-sample representative means; not paired
B1,B1-M00,5,snv,1470.096,-0.0846729582346708,difference of equal-sample representative means; not paired
B1,B1-M00,5,snv,1475.5567450980393,-0.08380120005460101,difference of equal-sample representative means; not paired
B1,B1-M00,5,snv,1481.0174901960786,-0.08406000377811085,difference of equal-sample representative means; not paired
B1,B1-M00,5,snv,1486.478235294118,-0.08471471946151077,difference of equal-sample representative means; not paired
B1,B1-M00,5,snv,1491.938980392157,-0.08576784937825888,difference of equal-sample representative means; not paired
B1,B1-M00,5,snv,1497.3997254901963,-0.08707481617537188,difference of equal-sample representative means; not paired
B1,B1-M00,5,snv,1502.8604705882353,-0.08862186112940851,difference of equal-sample representative means; not paired
B1,B1-M00,5,snv,1508.3212156862746,-0.09052205246733835,difference of equal-sample representative means; not paired
B1,B1-M00,5,snv,1513.781960784314,-0.09271116101607835,difference of equal-sample representative means; not paired
B1,B1-M00,5,snv,1519.2427058823532,-0.09430775931051982,difference of equal-sample representative means; not paired
B1,B1-M00,5,snv,1524.7034509803923,-0.09546537596155258,difference of equal-sample representative means; not paired
B1,B1-M00,5,snv,1530.1641960784316,-0.09634346987795978,difference of equal-sample representative means; not paired
B1,B1-M00,5,snv,1535.6249411764707,-0.09731542138994259,difference of equal-sample representative means; not paired
B1,B1-M00,5,snv,1541.08568627451,-0.0981169833011693,difference of equal-sample representative means; not paired
B1,B1-M00,5,snv,1546.5464313725493,-0.09850535927596688,difference of equal-sample representative means; not paired
B1,B1-M00,5,snv,1552.0071764705885,-0.09901450476270274,difference of equal-sample representative means; not paired
B1,B1-M00,5,snv,1557.4679215686276,-0.10061826236889182,difference of equal-sample representative means; not paired
B1,B1-M00,5,snv,1562.9286666666667,-0.09992160625847007,difference of equal-sample representative means; not paired
B1,B1-M00,5,snv,1568.389411764706,-0.10094504165824414,difference of equal-sample representative means; not paired
B1,B1-M00,5,snv,1573.8501568627453,-0.10163462553539965,difference of equal-sample representative means; not paired
B1,B1-M00,5,snv,1579.3109019607846,-0.10187292306763457,difference of equal-sample representative means; not paired
B1,B1-M00,5,snv,1584.7716470588239,-0.10183300750558044,difference of equal-sample representative means; not paired
B1,B1-M00,5,snv,1590.232392156863,-0.10149233722681528,difference of equal-sample representative means; not paired
B1,B1-M00,5,snv,1595.693137254902,-0.10175676631520864,difference of equal-sample representative means; not paired
B1,B1-M00,5,snv,1601.1538823529413,-0.10219850317038634,difference of equal-sample representative means; not paired
B1,B1-M00,5,snv,1606.6146274509806,-0.10276099422638765,difference of equal-sample representative means; not paired
B1,B1-M00,5,snv,1612.07537254902,-0.10307679486620819,difference of equal-sample representative means; not paired
B1,B1-M00,5,snv,1617.536117647059,-0.10294912826013372,difference of equal-sample representative means; not paired
B1,B1-M00,5,snv,1622.9968627450983,-0.10242023395846975,difference of equal-sample representative means; not paired
B1,B1-M00,5,snv,1628.4576078431373,-0.10107114057004661,difference of equal-sample representative means; not paired
B1,B1-M00,5,snv,1633.9183529411766,-0.09825456698871803,difference of equal-sample representative means; not paired
B1,B1-M00,5,snv,1639.379098039216,-0.09728310767527223,difference of equal-sample representative means; not paired
B1,B1-M00,5,snv,1644.8398431372552,-0.09466273864150215,difference of equal-sample representative means; not paired
B1,B1-M00,5,snv,1650.3005882352943,-0.09048715741084755,difference of equal-sample representative means; not paired
B1,B1-M00,5,snv,1655.7613333333334,-0.08609447580691769,difference of equal-sample representative means; not paired
B1,B1-M00,5,snv,1661.2220784313727,-0.08225130071567002,difference of equal-sample representative means; not paired
B1,B1-M00,5,snv,1666.682823529412,-0.07881223703314938,difference of equal-sample representative means; not paired
B1,B1-M00,5,snv,1672.1435686274513,-0.07552416288958438,difference of equal-sample representative means; not paired
B1,B1-M00,5,snv,1677.6043137254906,-0.073427165420127,difference of equal-sample representative means; not paired
B1,B1-M00,5,snv,1683.0650588235296,-0.07157024115024568,difference of equal-sample representative means; not paired
B1,B1-M00,5,snv,1688.5258039215687,-0.06888493719572433,difference of equal-sample representative means; not paired
B1,B1-M00,5,snv,1693.986549019608,-0.06593738580603672,difference of equal-sample representative means; not paired
B1,B1-M00,5,snv,1699.4472941176473,-0.0639381883822038,difference of equal-sample representative means; not paired
B1,B1-M00,5,snv,1704.9080392156866,-0.06292084649565391,difference of equal-sample representative means; not paired
B1,B1-M00,5,snv,1710.3687843137257,-0.06259902696292877,difference of equal-sample representative means; not paired
B1,B1-M00,5,snv,1715.829529411765,-0.06287901757019534,difference of equal-sample representative means; not paired
B1,B1-M00,5,snv,1721.290274509804,-0.060742021526677875,difference of equal-sample representative means; not paired
B1,B1-M00,5,snv,1726.7510196078433,-0.060246316806004785,difference of equal-sample representative means; not paired
B1,B1-M00,5,snv,1732.2117647058826,-0.05930166962197164,difference of equal-sample representative means; not paired
B1,B1-M00,5,snv,1737.672509803922,-0.05834073965458175,difference of equal-sample representative means; not paired
B1,B1-M00,5,snv,1743.133254901961,-0.05812252182983485,difference of equal-sample representative means; not paired
B1,B1-M00,5,snv,1748.594,-0.05806718669140687,difference of equal-sample representative means; not paired
B1,B1-M00,5,snv,1754.0547450980393,-0.05743961635432432,difference of equal-sample representative means; not paired
B1,B1-M00,5,snv,1759.5154901960786,-0.05808128889513975,difference of equal-sample representative means; not paired
B1,B1-M00,5,snv,1764.976235294118,-0.058239709736175704,difference of equal-sample representative means; not paired
B1,B1-M00,5,snv,1770.4369803921572,-0.057291337101459394,difference of equal-sample representative means; not paired
B1,B1-M00,5,snv,1775.8977254901963,-0.05711074149115186,difference of equal-sample representative means; not paired
B1,B1-M00,5,snv,1781.3584705882354,-0.056361337503407605,difference of equal-sample representative means; not paired
B1,B1-M00,5,snv,1786.8192156862747,-0.05550482598511397,difference of equal-sample representative means; not paired
B1,B1-M00,5,snv,1792.279960784314,-0.055403598750380034,difference of equal-sample representative means; not paired
B1,B1-M00,5,snv,1797.7407058823533,-0.055510379426147005,difference of equal-sample representative means; not paired
B1,B1-M00,5,snv,1803.2014509803923,-0.05471627617385094,difference of equal-sample representative means; not paired
B1,B1-M00,5,snv,1808.6621960784316,-0.05604619489542706,difference of equal-sample representative means; not paired
B1,B1-M00,5,snv,1814.1229411764707,-0.056304589461900034,difference of equal-sample representative means; not paired
B1,B1-M00,5,snv,1819.58368627451,-0.05331051994086905,difference of equal-sample representative means; not paired
B1,B1-M00,5,snv,1825.0444313725493,-0.05337150727104317,difference of equal-sample representative means; not paired
B1,B1-M00,5,snv,1830.5051764705886,-0.05564120417690066,difference of equal-sample representative means; not paired
B1,B1-M00,5,snv,1835.9659215686277,-0.055165661373416525,difference of equal-sample representative means; not paired
B1,B1-M00,5,snv,1841.4266666666667,-0.05520139201441279,difference of equal-sample representative means; not paired
B1,B1-M00,5,snv,1846.887411764706,-0.05567526481965818,difference of equal-sample representative means; not paired
B1,B1-M00,5,snv,1852.3481568627453,-0.05553337491770599,difference of equal-sample representative means; not paired
B1,B1-M00,5,snv,1857.8089019607846,-0.0556378534088561,difference of equal-sample representative means; not paired
B1,B1-M00,5,snv,1863.269647058824,-0.056322905135047036,difference of equal-sample representative means; not paired
B1,B1-M00,5,snv,1868.730392156863,-0.0564626090547764,difference of equal-sample representative means; not paired
B1,B1-M00,5,snv,1874.191137254902,-0.05538021960089673,difference of equal-sample representative means; not paired
B1,B1-M00,5,snv,1879.6518823529414,-0.053205702367447094,difference of equal-sample representative means; not paired
B1,B1-M00,5,snv,1885.1126274509807,-0.04820461782264962,difference of equal-sample representative means; not paired
B1,B1-M00,5,snv,1890.57337254902,-0.03777181741808122,difference of equal-sample representative means; not paired
B1,B1-M00,5,snv,1896.034117647059,-0.020958477344742987,difference of equal-sample representative means; not paired
B1,B1-M00,5,snv,1901.4948627450983,0.0008574381336138304,difference of equal-sample representative means; not paired
B1,B1-M00,5,snv,1906.9556078431374,0.022456173969434556,difference of equal-sample representative means; not paired
B1,B1-M00,5,snv,1912.4163529411767,0.040506408729552135,difference of equal-sample representative means; not paired
B1,B1-M00,5,snv,1917.877098039216,0.05419406399230131,difference of equal-sample representative means; not paired
B1,B1-M00,5,snv,1923.3378431372553,0.06367150375460673,difference of equal-sample representative means; not paired
B1,B1-M00,5,snv,1928.7985882352943,0.069224108899542,difference of equal-sample representative means; not paired
B1,B1-M00,5,snv,1934.2593333333336,0.07127352848525859,difference of equal-sample representative means; not paired
B1,B1-M00,5,snv,1939.7200784313727,0.07027358836461506,difference of equal-sample representative means; not paired
B1,B1-M00,5,snv,1945.180823529412,0.06832886229509993,difference of equal-sample representative means; not paired
B1,B1-M00,5,snv,1950.6415686274513,0.06485342845343411,difference of equal-sample representative means; not paired
B1,B1-M00,5,snv,1956.1023137254906,0.06025882358080947,difference of equal-sample representative means; not paired
B1,B1-M00,5,snv,1961.5630588235294,0.05627573004867137,difference of equal-sample representative means; not paired
B1,B1-M00,5,snv,1967.0238039215687,0.052693169497650016,difference of equal-sample representative means; not paired
B1,B1-M00,5,snv,1972.484549019608,0.0485033604389169,difference of equal-sample representative means; not paired
B1,B1-M00,5,snv,1977.9452941176473,0.04534039261535994,difference of equal-sample representative means; not paired
B1,B1-M00,5,snv,1983.4060392156866,0.041753466273137585,difference of equal-sample representative means; not paired
B1,B1-M00,5,snv,1988.866784313726,0.038725583707396316,difference of equal-sample representative means; not paired
B1,B1-M00,5,snv,1994.3275294117648,0.036742317115391776,difference of equal-sample representative means; not paired
B1,B1-M00,5,snv,1999.788274509804,0.03536950877423706,difference of equal-sample representative means; not paired
B1,B1-M00,5,snv,2005.2490196078434,0.034512847388917356,difference of equal-sample representative means; not paired
B1,B1-M00,5,snv,2010.7097647058827,0.037506134033942984,difference of equal-sample representative means; not paired
B1,B1-M00,5,snv,2016.170509803922,0.036548668701064435,difference of equal-sample representative means; not paired
B1,B1-M00,5,snv,2021.6312549019613,0.03768745840765364,difference of equal-sample representative means; not paired
B1,B1-M00,5,snv,2027.092,0.03904176053666375,difference of equal-sample representative means; not paired
B1,B1-M00,5,snv,2032.5527450980394,0.04198805187899002,difference of equal-sample representative means; not paired
B1,B1-M00,5,snv,2038.0134901960787,0.04650720425305077,difference of equal-sample representative means; not paired
B1,B1-M00,5,snv,2043.474235294118,0.05104966950700718,difference of equal-sample representative means; not paired
B1,B1-M00,5,snv,2048.9349803921573,0.054722081559686386,difference of equal-sample representative means; not paired
B1,B1-M00,5,snv,2054.3957254901966,0.058283055220102575,difference of equal-sample representative means; not paired
B1,B1-M00,5,snv,2059.8564705882354,0.062197460769805035,difference of equal-sample representative means; not paired
B1,B1-M00,5,snv,2065.3172156862747,0.06606107841984876,difference of equal-sample representative means; not paired
B1,B1-M00,5,snv,2070.777960784314,0.06874707074852471,difference of equal-sample representative means; not paired
B1,B1-M00,5,snv,2076.2387058823533,0.07141074866555375,difference of equal-sample representative means; not paired
B1,B1-M00,5,snv,2081.6994509803926,0.07386615532494734,difference of equal-sample representative means; not paired
B1,B1-M00,5,snv,2087.1601960784315,0.0747386951225899,difference of equal-sample representative means; not paired
B1,B1-M00,5,snv,2092.6209411764708,0.07546451129976295,difference of equal-sample representative means; not paired
B1,B1-M00,5,snv,2098.08168627451,0.07664941002130199,difference of equal-sample representative means; not paired
B1,B1-M00,5,snv,2103.5424313725493,0.07794778408805314,difference of equal-sample representative means; not paired
B1,B1-M00,5,snv,2109.0031764705886,0.07808674098151336,difference of equal-sample representative means; not paired
B1,B1-M00,5,snv,2114.463921568628,0.07824492624985502,difference of equal-sample representative means; not paired
B1,B1-M00,5,snv,2119.924666666667,0.07785655057196061,difference of equal-sample representative means; not paired
B1,B1-M00,5,snv,2125.385411764706,0.07631485201578703,difference of equal-sample representative means; not paired
B1,B1-M00,5,snv,2130.8461568627454,0.07476411670001815,difference of equal-sample representative means; not paired
B1,B1-M00,5,snv,2136.3069019607847,0.07520452143100176,difference of equal-sample representative means; not paired
B1,B1-M00,5,snv,2141.767647058824,0.07464746955546042,difference of equal-sample representative means; not paired
B1,B1-M00,5,snv,2147.2283921568633,0.0717564501429937,difference of equal-sample representative means; not paired
B1,B1-M00,5,snv,2152.689137254902,0.0710494635749952,difference of equal-sample representative means; not paired
B1,B1-M00,5,snv,2158.1498823529414,0.07007209266219405,difference of equal-sample representative means; not paired
B1,B1-M00,5,snv,2163.6106274509807,0.06763704824659489,difference of equal-sample representative means; not paired
B1,B1-M00,5,snv,2169.07137254902,0.06505986078416504,difference of equal-sample representative means; not paired
B1,B1-M00,5,snv,2174.5321176470593,0.0635758260885051,difference of equal-sample representative means; not paired
B1,B1-M00,5,snv,2179.992862745098,0.061235011140490236,difference of equal-sample representative means; not paired
B1,B1-M00,5,snv,2185.4536078431374,0.06016834775298108,difference of equal-sample representative means; not paired
B1,B1-M00,5,snv,2190.9143529411767,0.058812965226342384,difference of equal-sample representative means; not paired
B1,B1-M00,5,snv,2196.375098039216,0.058930630291510355,difference of equal-sample representative means; not paired
B1,B1-M00,5,snv,2201.8358431372553,0.05894041537206296,difference of equal-sample representative means; not paired
B1,B1-M00,5,snv,2207.2965882352946,0.05819877596111289,difference of equal-sample representative means; not paired
B1,B1-M00,5,snv,2212.7573333333335,0.05714939362106952,difference of equal-sample representative means; not paired
B1,B1-M00,5,snv,2218.2180784313728,0.05487023629172583,difference of equal-sample representative means; not paired
B1,B1-M00,5,snv,2223.678823529412,0.05687236954998853,difference of equal-sample representative means; not paired
B1,B1-M00,5,snv,2229.1395686274514,0.05672833274586142,difference of equal-sample representative means; not paired
B1,B1-M00,5,snv,2234.6003137254907,0.058456717711487305,difference of equal-sample representative means; not paired
B1,B1-M00,5,snv,2240.06105882353,0.0626853372207381,difference of equal-sample representative means; not paired
B1,B1-M00,5,snv,2245.521803921569,0.06751775833237672,difference of equal-sample representative means; not paired
B1,B1-M00,5,snv,2250.982549019608,0.07453191497782963,difference of equal-sample representative means; not paired
B1,B1-M00,5,snv,2256.4432941176474,0.08690629657575766,difference of equal-sample representative means; not paired
B1,B1-M00,5,snv,2261.9040392156867,0.09804212900695664,difference of equal-sample representative means; not paired
B1,B1-M00,5,snv,2267.364784313726,0.1050231472978993,difference of equal-sample representative means; not paired
B1,B1-M00,5,snv,2272.825529411765,0.11807842987798534,difference of equal-sample representative means; not paired
B1,B1-M00,5,snv,2278.286274509804,0.13101153070005944,difference of equal-sample representative means; not paired
B1,B1-M00,5,snv,2283.7470196078434,0.13873816233291514,difference of equal-sample representative means; not paired
B1,B1-M00,5,snv,2289.2077647058827,0.14555296743991608,difference of equal-sample representative means; not paired
B1,B1-M00,5,snv,2294.668509803922,0.1565296241652978,difference of equal-sample representative means; not paired
B1,B1-M00,5,snv,2300.1292549019613,0.1692628828721272,difference of equal-sample representative means; not paired
B1,B1-M00,5,snv,2305.59,0.17766197702204334,difference of equal-sample representative means; not paired
B1,B1-M00,5,second_derivative,913.1,-5.475194658715633e-05,difference of equal-sample representative means; not paired
B1,B1-M00,5,second_derivative,918.5607450980392,-5.475194658715633e-05,difference of equal-sample representative means; not paired
B1,B1-M00,5,second_derivative,924.0214901960785,-5.475194658715633e-05,difference of equal-sample representative means; not paired
B1,B1-M00,5,second_derivative,929.4822352941177,-5.4751946587156537e-05,difference of equal-sample representative means; not paired
B1,B1-M00,5,second_derivative,934.9429803921569,-2.2576172842174006e-05,difference of equal-sample representative means; not paired
B1,B1-M00,5,second_derivative,940.4037254901962,-1.425085410412283e-05,difference of equal-sample representative means; not paired
B1,B1-M00,5,second_derivative,945.8644705882353,-5.119332132928395e-06,difference of equal-sample representative means; not paired
B1,B1-M00,5,second_derivative,951.3252156862745,-1.666624311058641e-06,difference of equal-sample representative means; not paired
B1,B1-M00,5,second_derivative,956.7859607843137,-2.4755946587982967e-06,difference of equal-sample representative means; not paired
B1,B1-M00,5,second_derivative,962.246705882353,-1.412159988591893e-06,difference of equal-sample representative means; not paired
B1,B1-M00,5,second_derivative,967.7074509803922,-1.7545210310961455e-06,difference of equal-sample representative means; not paired
B1,B1-M00,5,second_derivative,973.1681960784314,-2.7156805175581503e-06,difference of equal-sample representative means; not paired
B1,B1-M00,5,second_derivative,978.6289411764706,-4.681968016042466e-06,difference of equal-sample representative means; not paired
B1,B1-M00,5,second_derivative,984.0896862745099,-7.075808175131688e-06,difference of equal-sample representative means; not paired
B1,B1-M00,5,second_derivative,989.550431372549,-7.64782672515842e-06,difference of equal-sample representative means; not paired
B1,B1-M00,5,second_derivative,995.0111764705882,-6.6255078230384185e-06,difference of equal-sample representative means; not paired
B1,B1-M00,5,second_derivative,1000.4719215686275,-4.8068760488840864e-06,difference of equal-sample representative means; not paired
B1,B1-M00,5,second_derivative,1005.9326666666667,-2.7010022644977757e-06,difference of equal-sample representative means; not paired
B1,B1-M00,5,second_derivative,1011.3934117647059,-1.7845190368337697e-06,difference of equal-sample representative means; not paired
B1,B1-M00,5,second_derivative,1016.8541568627452,-1.8404986436931625e-06,difference of equal-sample representative means; not paired
B1,B1-M00,5,second_derivative,1022.3149019607844,-1.059557430083824e-06,difference of equal-sample representative means; not paired
B1,B1-M00,5,second_derivative,1027.7756470588236,-5.7887552363630885e-08,difference of equal-sample representative means; not paired
B1,B1-M00,5,second_derivative,1033.2363921568628,8.897269541516963e-07,difference of equal-sample representative means; not paired
B1,B1-M00,5,second_derivative,1038.697137254902,1.3381093851901136e-06,difference of equal-sample representative means; not paired
B1,B1-M00,5,second_derivative,1044.1578823529412,1.0302385045445175e-06,difference of equal-sample representative means; not paired
B1,B1-M00,5,second_derivative,1049.6186274509805,5.840232215712002e-07,difference of equal-sample representative means; not paired
B1,B1-M00,5,second_derivative,1055.0793725490196,6.307310784760444e-07,difference of equal-sample representative means; not paired
B1,B1-M00,5,second_derivative,1060.5401176470589,5.103937841912276e-07,difference of equal-sample representative means; not paired
B1,B1-M00,5,second_derivative,1066.0008627450982,6.625683654278318e-08,difference of equal-sample representative means; not paired
B1,B1-M00,5,second_derivative,1071.4616078431372,-8.970709390104659e-07,difference of equal-sample representative means; not paired
B1,B1-M00,5,second_derivative,1076.9223529411765,-1.3909517970073983e-06,difference of equal-sample representative means; not paired
B1,B1-M00,5,second_derivative,1082.3830980392158,-4.6225229743803035e-07,difference of equal-sample representative means; not paired
B1,B1-M00,5,second_derivative,1087.843843137255,1.4782316814902298e-06,difference of equal-sample representative means; not paired
B1,B1-M00,5,second_derivative,1093.3045882352942,3.4710787493344963e-06,difference of equal-sample representative means; not paired
B1,B1-M00,5,second_derivative,1098.7653333333333,5.7283430773369795e-06,difference of equal-sample representative means; not paired
B1,B1-M00,5,second_derivative,1104.2260784313726,8.106005728895006e-06,difference of equal-sample representative means; not paired
B1,B1-M00,5,second_derivative,1109.6868235294119,1.0907278339392471e-05,difference of equal-sample representative means; not paired
B1,B1-M00,5,second_derivative,1115.1475686274512,1.2946921927186801e-05,difference of equal-sample representative means; not paired
B1,B1-M00,5,second_derivative,1120.6083137254902,1.2244155520378534e-05,difference of equal-sample representative means; not paired
B1,B1-M00,5,second_derivative,1126.0690588235295,7.96897035797703e-06,difference of equal-sample representative means; not paired
B1,B1-M00,5,second_derivative,1131.5298039215686,2.271842212202508e-06,difference of equal-sample representative means; not paired
B1,B1-M00,5,second_derivative,1136.990549019608,-1.3166989877646178e-06,difference of equal-sample representative means; not paired
B1,B1-M00,5,second_derivative,1142.4512941176472,-2.006349105957707e-06,difference of equal-sample representative means; not paired
B1,B1-M00,5,second_derivative,1147.9120392156863,-1.3718304153884091e-06,difference of equal-sample representative means; not paired
B1,B1-M00,5,second_derivative,1153.3727843137256,-1.3042408005596327e-06,difference of equal-sample representative means; not paired
B1,B1-M00,5,second_derivative,1158.8335294117649,-2.4936265984225363e-06,difference of equal-sample representative means; not paired
B1,B1-M00,5,second_derivative,1164.294274509804,-3.7261805528986738e-06,difference of equal-sample representative means; not paired
B1,B1-M00,5,second_derivative,1169.7550196078432,-3.0038160190722186e-06,difference of equal-sample representative means; not paired
B1,B1-M00,5,second_derivative,1175.2157647058825,-1.531178584033806e-06,difference of equal-sample representative means; not paired
B1,B1-M00,5,second_derivative,1180.6765098039216,-1.3216510990924186e-06,difference of equal-sample representative means; not paired
B1,B1-M00,5,second_derivative,1186.137254901961,-3.4324251634553305e-06,difference of equal-sample representative means; not paired
B1,B1-M00,5,second_derivative,1191.598,-6.459104313139141e-06,difference of equal-sample representative means; not paired
B1,B1-M00,5,second_derivative,1197.0587450980393,-8.63136171938597e-06,difference of equal-sample representative means; not paired
B1,B1-M00,5,second_derivative,1202.5194901960786,-8.59787313535447e-06,difference of equal-sample representative means; not paired
B1,B1-M00,5,second_derivative,1207.9802352941178,-6.793657625735518e-06,difference of equal-sample representative means; not paired
B1,B1-M00,5,second_derivative,1213.440980392157,-6.0089589883380105e-06,difference of equal-sample representative means; not paired
B1,B1-M00,5,second_derivative,1218.9017254901962,-6.1365214676377985e-06,difference of equal-sample representative means; not paired
B1,B1-M00,5,second_derivative,1224.3624705882353,-5.800328435201638e-06,difference of equal-sample representative means; not paired
B1,B1-M00,5,second_derivative,1229.8232156862746,-4.699107591869928e-06,difference of equal-sample representative means; not paired
B1,B1-M00,5,second_derivative,1235.2839607843139,-2.4004087653496428e-06,difference of equal-sample representative means; not paired
B1,B1-M00,5,second_derivative,1240.7447058823532,1.94026698884871e-07,difference of equal-sample representative means; not paired
B1,B1-M00,5,second_derivative,1246.2054509803922,1.2617334181830413e-06,difference of equal-sample representative means; not paired
B1,B1-M00,5,second_derivative,1251.6661960784315,1.5003322633516276e-06,difference of equal-sample representative means; not paired
B1,B1-M00,5,second_derivative,1257.1269411764706,2.222102404581463e-06,difference of equal-sample representative means; not paired
B1,B1-M00,5,second_derivative,1262.58768627451,1.322454404953249e-06,difference of equal-sample representative means; not paired
B1,B1-M00,5,second_derivative,1268.0484313725492,4.491416702499329e-07,difference of equal-sample representative means; not paired
B1,B1-M00,5,second_derivative,1273.5091764705883,-2.2147441792100282e-07,difference of equal-sample representative means; not paired
B1,B1-M00,5,second_derivative,1278.9699215686276,-3.9339213253336496e-07,difference of equal-sample representative means; not paired
B1,B1-M00,5,second_derivative,1284.4306666666666,4.686974775927419e-07,difference of equal-sample representative means; not paired
B1,B1-M00,5,second_derivative,1289.891411764706,2.517518135106746e-06,difference of equal-sample representative means; not paired
B1,B1-M00,5,second_derivative,1295.3521568627452,3.8021688822542558e-06,difference of equal-sample representative means; not paired
B1,B1-M00,5,second_derivative,1300.8129019607845,5.7951640176704285e-06,difference of equal-sample representative means; not paired
B1,B1-M00,5,second_derivative,1306.2736470588236,7.036791269481749e-06,difference of equal-sample representative means; not paired
B1,B1-M00,5,second_derivative,1311.734392156863,7.972887477306922e-06,difference of equal-sample representative means; not paired
B1,B1-M00,5,second_derivative,1317.195137254902,8.525324937341923e-06,difference of equal-sample representative means; not paired
B1,B1-M00,5,second_derivative,1322.6558823529413,8.57016517431051e-06,difference of equal-sample representative means; not paired
B1,B1-M00,5,second_derivative,1328.1166274509806,8.60919156612118e-06,difference of equal-sample representative means; not paired
B1,B1-M00,5,second_derivative,1333.5773725490199,8.16584380482293e-06,difference of equal-sample representative means; not paired
B1,B1-M00,5,second_derivative,1339.038117647059,5.755052014594781e-06,difference of equal-sample representative means; not paired
B1,B1-M00,5,second_derivative,1344.4988627450982,2.2917433434890444e-06,difference of equal-sample representative means; not paired
B1,B1-M00,5,second_derivative,1349.9596078431373,-6.585572829717183e-07,difference of equal-sample representative means; not paired
B1,B1-M00,5,second_derivative,1355.4203529411766,-3.168908322492285e-06,difference of equal-sample representative means; not paired
B1,B1-M00,5,second_derivative,1360.8810980392159,-4.929216343283272e-06,difference of equal-sample representative means; not paired
B1,B1-M00,5,second_derivative,1366.341843137255,-5.398833443742189e-06,difference of equal-sample representative means; not paired
B1,B1-M00,5,second_derivative,1371.8025882352943,-4.305055114265865e-06,difference of equal-sample representative means; not paired
B1,B1-M00,5,second_derivative,1377.2633333333333,-1.1761935825416628e-07,difference of equal-sample representative means; not paired
B1,B1-M00,5,second_derivative,1382.7240784313726,5.791812377200001e-06,difference of equal-sample representative means; not paired
B1,B1-M00,5,second_derivative,1388.184823529412,9.190805070168718e-06,difference of equal-sample representative means; not paired
B1,B1-M00,5,second_derivative,1393.6455686274512,8.741584118215714e-06,difference of equal-sample representative means; not paired
B1,B1-M00,5,second_derivative,1399.1063137254903,5.740029547316372e-06,difference of equal-sample representative means; not paired
B1,B1-M00,5,second_derivative,1404.5670588235296,1.8559679924209623e-06,difference of equal-sample representative means; not paired
B1,B1-M00,5,second_derivative,1410.0278039215686,-1.7677806152075941e-06,difference of equal-sample representative means; not paired
B1,B1-M00,5,second_derivative,1415.488549019608,-5.5443323513309906e-06,difference of equal-sample representative means; not paired
B1,B1-M00,5,second_derivative,1420.9492941176472,-9.009580142475903e-06,difference of equal-sample representative means; not paired
B1,B1-M00,5,second_derivative,1426.4100392156865,-1.1005689780300268e-05,difference of equal-sample representative means; not paired
B1,B1-M00,5,second_derivative,1431.8707843137256,-1.1099665313883816e-05,difference of equal-sample representative means; not paired
B1,B1-M00,5,second_derivative,1437.3315294117647,-9.95040272022827e-06,difference of equal-sample representative means; not paired
B1,B1-M00,5,second_derivative,1442.792274509804,-8.251547812677774e-06,difference of equal-sample representative means; not paired
B1,B1-M00,5,second_derivative,1448.2530196078433,-5.5993162151152346e-06,difference of equal-sample representative means; not paired
B1,B1-M00,5,second_derivative,1453.7137647058826,-2.308329009841939e-06,difference of equal-sample representative means; not paired
B1,B1-M00,5,second_derivative,1459.1745098039219,-8.250865447842206e-07,difference of equal-sample representative means; not paired
B1,B1-M00,5,second_derivative,1464.635254901961,-6.927404355593818e-07,difference of equal-sample representative means; not paired
B1,B1-M00,5,second_derivative,1470.096,-1.7639348976188033e-06,difference of equal-sample representative means; not paired
B1,B1-M00,5,second_derivative,1475.5567450980393,-2.6380560614674876e-06,difference of equal-sample representative means; not paired
B1,B1-M00,5,second_derivative,1481.0174901960786,-2.4634421199844386e-06,difference of equal-sample representative means; not paired
B1,B1-M00,5,second_derivative,1486.478235294118,-1.616049943287105e-06,difference of equal-sample representative means; not paired
B1,B1-M00,5,second_derivative,1491.938980392157,-1.240056336609099e-06,difference of equal-sample representative means; not paired
B1,B1-M00,5,second_derivative,1497.3997254901963,-3.499690918347008e-07,difference of equal-sample representative means; not paired
B1,B1-M00,5,second_derivative,1502.8604705882353,-3.609709380035574e-07,difference of equal-sample representative means; not paired
B1,B1-M00,5,second_derivative,1508.3212156862746,-7.468803524889573e-07,difference of equal-sample representative means; not paired
B1,B1-M00,5,second_derivative,1513.781960784314,-7.916732873387566e-07,difference of equal-sample representative means; not paired
B1,B1-M00,5,second_derivative,1519.2427058823532,-2.0109819426983556e-07,difference of equal-sample representative means; not paired
B1,B1-M00,5,second_derivative,1524.7034509803923,6.71124114417053e-07,difference of equal-sample representative means; not paired
B1,B1-M00,5,second_derivative,1530.1641960784316,1.0058894126897695e-06,difference of equal-sample representative means; not paired
B1,B1-M00,5,second_derivative,1535.6249411764707,4.608324271074477e-07,difference of equal-sample representative means; not paired
B1,B1-M00,5,second_derivative,1541.08568627451,4.569583841442483e-07,difference of equal-sample representative means; not paired
B1,B1-M00,5,second_derivative,1546.5464313725493,-5.344213966629158e-07,difference of equal-sample representative means; not paired
B1,B1-M00,5,second_derivative,1552.0071764705885,-3.87158730125059e-07,difference of equal-sample representative means; not paired
B1,B1-M00,5,second_derivative,1557.4679215686276,-9.716343898700645e-08,difference of equal-sample representative means; not paired
B1,B1-M00,5,second_derivative,1562.9286666666667,-1.8615892615897103e-07,difference of equal-sample representative means; not paired
B1,B1-M00,5,second_derivative,1568.389411764706,-3.438388205126995e-07,difference of equal-sample representative means; not paired
B1,B1-M00,5,second_derivative,1573.8501568627453,-4.84214399802258e-07,difference of equal-sample representative means; not paired
B1,B1-M00,5,second_derivative,1579.3109019607846,-1.86592095963943e-06,difference of equal-sample representative means; not paired
B1,B1-M00,5,second_derivative,1584.7716470588239,-2.270551546611885e-06,difference of equal-sample representative means; not paired
B1,B1-M00,5,second_derivative,1590.232392156863,-2.6690461447880006e-06,difference of equal-sample representative means; not paired
B1,B1-M00,5,second_derivative,1595.693137254902,-2.912116460153453e-06,difference of equal-sample representative means; not paired
B1,B1-M00,5,second_derivative,1601.1538823529413,-2.761543117998e-06,difference of equal-sample representative means; not paired
B1,B1-M00,5,second_derivative,1606.6146274509806,-2.221864751524373e-06,difference of equal-sample representative means; not paired
B1,B1-M00,5,second_derivative,1612.07537254902,-1.368695176066633e-06,difference of equal-sample representative means; not paired
B1,B1-M00,5,second_derivative,1617.536117647059,-1.0141059124695116e-06,difference of equal-sample representative means; not paired
B1,B1-M00,5,second_derivative,1622.9968627450983,1.4524450530660717e-07,difference of equal-sample representative means; not paired
B1,B1-M00,5,second_derivative,1628.4576078431373,1.1375947955567096e-06,difference of equal-sample representative means; not paired
B1,B1-M00,5,second_derivative,1633.9183529411766,1.861349387871043e-06,difference of equal-sample representative means; not paired
B1,B1-M00,5,second_derivative,1639.379098039216,2.7514330078156263e-06,difference of equal-sample representative means; not paired
B1,B1-M00,5,second_derivative,1644.8398431372552,3.5678969905693133e-06,difference of equal-sample representative means; not paired
B1,B1-M00,5,second_derivative,1650.3005882352943,3.938896169388639e-06,difference of equal-sample representative means; not paired
B1,B1-M00,5,second_derivative,1655.7613333333334,4.319431064121664e-06,difference of equal-sample representative means; not paired
B1,B1-M00,5,second_derivative,1661.2220784313727,3.4788587013530093e-06,difference of equal-sample representative means; not paired
B1,B1-M00,5,second_derivative,1666.682823529412,1.2875357876927098e-06,difference of equal-sample representative means; not paired
B1,B1-M00,5,second_derivative,1672.1435686274513,-1.2201010285717035e-06,difference of equal-sample representative means; not paired
B1,B1-M00,5,second_derivative,1677.6043137254906,-2.35151834334518e-06,difference of equal-sample representative means; not paired
B1,B1-M00,5,second_derivative,1683.0650588235296,-1.591481114818951e-06,difference of equal-sample representative means; not paired
B1,B1-M00,5,second_derivative,1688.5258039215687,4.3372496610828375e-07,difference of equal-sample representative means; not paired
B1,B1-M00,5,second_derivative,1693.986549019608,2.384505721805932e-06,difference of equal-sample representative means; not paired
B1,B1-M00,5,second_derivative,1699.4472941176473,2.826996304487065e-06,difference of equal-sample representative means; not paired
B1,B1-M00,5,second_derivative,1704.9080392156866,1.3214423808602794e-06,difference of equal-sample representative means; not paired
B1,B1-M00,5,second_derivative,1710.3687843137257,5.680318630012641e-07,difference of equal-sample representative means; not paired
B1,B1-M00,5,second_derivative,1715.829529411765,-2.753302535090042e-07,difference of equal-sample representative means; not paired
B1,B1-M00,5,second_derivative,1721.290274509804,-8.939525257266447e-07,difference of equal-sample representative means; not paired
B1,B1-M00,5,second_derivative,1726.7510196078433,-4.491786926605223e-07,difference of equal-sample representative means; not paired
B1,B1-M00,5,second_derivative,1732.2117647058826,6.921751661417135e-07,difference of equal-sample representative means; not paired
B1,B1-M00,5,second_derivative,1737.672509803922,1.1368324020588166e-06,difference of equal-sample representative means; not paired
B1,B1-M00,5,second_derivative,1743.133254901961,2.2078885275602903e-06,difference of equal-sample representative means; not paired
B1,B1-M00,5,second_derivative,1748.594,1.7489632766446208e-06,difference of equal-sample representative means; not paired
B1,B1-M00,5,second_derivative,1754.0547450980393,4.896233867452809e-07,difference of equal-sample representative means; not paired
B1,B1-M00,5,second_derivative,1759.5154901960786,-1.8882137370879815e-07,difference of equal-sample representative means; not paired
B1,B1-M00,5,second_derivative,1764.976235294118,-9.140048932333742e-07,difference of equal-sample representative means; not paired
B1,B1-M00,5,second_derivative,1770.4369803921572,-1.6938162038888846e-06,difference of equal-sample representative means; not paired
B1,B1-M00,5,second_derivative,1775.8977254901963,-1.3898652954701965e-06,difference of equal-sample representative means; not paired
B1,B1-M00,5,second_derivative,1781.3584705882354,-1.2020021147439502e-06,difference of equal-sample representative means; not paired
B1,B1-M00,5,second_derivative,1786.8192156862747,-2.132178356235977e-06,difference of equal-sample representative means; not paired
B1,B1-M00,5,second_derivative,1792.279960784314,-1.1379086164334518e-06,difference of equal-sample representative means; not paired
B1,B1-M00,5,second_derivative,1797.7407058823533,-6.989227179845279e-07,difference of equal-sample representative means; not paired
B1,B1-M00,5,second_derivative,1803.2014509803923,-1.954627446973649e-06,difference of equal-sample representative means; not paired
B1,B1-M00,5,second_derivative,1808.6621960784316,-1.7378169604053068e-06,difference of equal-sample representative means; not paired
B1,B1-M00,5,second_derivative,1814.1229411764707,-5.744150273194961e-08,difference of equal-sample representative means; not paired
B1,B1-M00,5,second_derivative,1819.58368627451,7.076500615614643e-08,difference of equal-sample representative means; not paired
B1,B1-M00,5,second_derivative,1825.0444313725493,7.029519936143891e-07,difference of equal-sample representative means; not paired
B1,B1-M00,5,second_derivative,1830.5051764705886,7.721219791227647e-08,difference of equal-sample representative means; not paired
B1,B1-M00,5,second_derivative,1835.9659215686277,-1.3141161511723251e-06,difference of equal-sample representative means; not paired
B1,B1-M00,5,second_derivative,1841.4266666666667,5.879729916624527e-07,difference of equal-sample representative means; not paired
B1,B1-M00,5,second_derivative,1846.887411764706,4.07881707580713e-06,difference of equal-sample representative means; not paired
B1,B1-M00,5,second_derivative,1852.3481568627453,5.4483593540802445e-06,difference of equal-sample representative means; not paired
B1,B1-M00,5,second_derivative,1857.8089019607846,5.510324527610622e-06,difference of equal-sample representative means; not paired
B1,B1-M00,5,second_derivative,1863.269647058824,5.8822864075766735e-06,difference of equal-sample representative means; not paired
B1,B1-M00,5,second_derivative,1868.730392156863,7.627091605616742e-06,difference of equal-sample representative means; not paired
B1,B1-M00,5,second_derivative,1874.191137254902,8.543705638569416e-06,difference of equal-sample representative means; not paired
B1,B1-M00,5,second_derivative,1879.6518823529414,5.882778877915908e-06,difference of equal-sample representative means; not paired
B1,B1-M00,5,second_derivative,1885.1126274509807,-5.856333864244674e-07,difference of equal-sample representative means; not paired
B1,B1-M00,5,second_derivative,1890.57337254902,-6.730717528974562e-06,difference of equal-sample representative means; not paired
B1,B1-M00,5,second_derivative,1896.034117647059,-8.23253314931529e-06,difference of equal-sample representative means; not paired
B1,B1-M00,5,second_derivative,1901.4948627450983,-4.849087209485463e-06,difference of equal-sample representative means; not paired
B1,B1-M00,5,second_derivative,1906.9556078431374,-1.7243363428990607e-06,difference of equal-sample representative means; not paired
B1,B1-M00,5,second_derivative,1912.4163529411767,-1.0461937098144003e-06,difference of equal-sample representative means; not paired
B1,B1-M00,5,second_derivative,1917.877098039216,-1.983037110880637e-06,difference of equal-sample representative means; not paired
B1,B1-M00,5,second_derivative,1923.3378431372553,-2.3361159167858264e-06,difference of equal-sample representative means; not paired
B1,B1-M00,5,second_derivative,1928.7985882352943,-2.261665920304316e-06,difference of equal-sample representative means; not paired
B1,B1-M00,5,second_derivative,1934.2593333333336,-1.9191660550441656e-06,difference of equal-sample representative means; not paired
B1,B1-M00,5,second_derivative,1939.7200784313727,-1.740541026292987e-06,difference of equal-sample representative means; not paired
B1,B1-M00,5,second_derivative,1945.180823529412,-2.291511924177591e-06,difference of equal-sample representative means; not paired
B1,B1-M00,5,second_derivative,1950.6415686274513,-3.0362836203647048e-06,difference of equal-sample representative means; not paired
B1,B1-M00,5,second_derivative,1956.1023137254906,-2.482239109325741e-06,difference of equal-sample representative means; not paired
B1,B1-M00,5,second_derivative,1961.5630588235294,-2.8076458113617926e-06,difference of equal-sample representative means; not paired
B1,B1-M00,5,second_derivative,1967.0238039215687,-2.406689130272318e-06,difference of equal-sample representative means; not paired
B1,B1-M00,5,second_derivative,1972.484549019608,-1.71041439130518e-06,difference of equal-sample representative means; not paired
B1,B1-M00,5,second_derivative,1977.9452941176473,-2.0520740873625885e-06,difference of equal-sample representative means; not paired
B1,B1-M00,5,second_derivative,1983.4060392156866,-2.3231777959552025e-06,difference of equal-sample representative means; not paired
B1,B1-M00,5,second_derivative,1988.866784313726,-7.599386450174934e-07,difference of equal-sample representative means; not paired
B1,B1-M00,5,second_derivative,1994.3275294117648,-1.9514808473494582e-06,difference of equal-sample representative means; not paired
B1,B1-M00,5,second_derivative,1999.788274509804,-6.026048128106182e-07,difference of equal-sample representative means; not paired
B1,B1-M00,5,second_derivative,2005.2490196078434,1.4587701336930223e-06,difference of equal-sample representative means; not paired
B1,B1-M00,5,second_derivative,2010.7097647058827,3.9635202526553575e-06,difference of equal-sample representative means; not paired
B1,B1-M00,5,second_derivative,2016.170509803922,4.733005467437941e-06,difference of equal-sample representative means; not paired
B1,B1-M00,5,second_derivative,2021.6312549019613,3.267942852312976e-06,difference of equal-sample representative means; not paired
B1,B1-M00,5,second_derivative,2027.092,1.5953160862759827e-07,difference of equal-sample representative means; not paired
B1,B1-M00,5,second_derivative,2032.5527450980394,-3.609669105513846e-07,difference of equal-sample representative means; not paired
B1,B1-M00,5,second_derivative,2038.0134901960787,1.5970386596215806e-06,difference of equal-sample representative means; not paired
B1,B1-M00,5,second_derivative,2043.474235294118,3.3769840889030886e-06,difference of equal-sample representative means; not paired
B1,B1-M00,5,second_derivative,2048.9349803921573,2.5414051398928253e-06,difference of equal-sample representative means; not paired
B1,B1-M00,5,second_derivative,2054.3957254901966,1.1027170397567804e-06,difference of equal-sample representative means; not paired
B1,B1-M00,5,second_derivative,2059.8564705882354,-8.263477386010573e-08,difference of equal-sample representative means; not paired
B1,B1-M00,5,second_derivative,2065.3172156862747,-1.4828320207530997e-06,difference of equal-sample representative means; not paired
B1,B1-M00,5,second_derivative,2070.777960784314,-6.099607499509164e-08,difference of equal-sample representative means; not paired
B1,B1-M00,5,second_derivative,2076.2387058823533,1.2592520221383567e-06,difference of equal-sample representative means; not paired
B1,B1-M00,5,second_derivative,2081.6994509803926,9.457542294274368e-07,difference of equal-sample representative means; not paired
B1,B1-M00,5,second_derivative,2087.1601960784315,7.985943289377739e-07,difference of equal-sample representative means; not paired
B1,B1-M00,5,second_derivative,2092.6209411764708,-1.655383816701976e-07,difference of equal-sample representative means; not paired
B1,B1-M00,5,second_derivative,2098.08168627451,-1.7089274990609506e-06,difference of equal-sample representative means; not paired
B1,B1-M00,5,second_derivative,2103.5424313725493,-1.3776930626364157e-06,difference of equal-sample representative means; not paired
B1,B1-M00,5,second_derivative,2109.0031764705886,6.950713984934485e-07,difference of equal-sample representative means; not paired
B1,B1-M00,5,second_derivative,2114.463921568628,1.2905209455239143e-06,difference of equal-sample representative means; not paired
B1,B1-M00,5,second_derivative,2119.924666666667,4.852711089688228e-07,difference of equal-sample representative means; not paired
B1,B1-M00,5,second_derivative,2125.385411764706,-7.219997019281513e-07,difference of equal-sample representative means; not paired
B1,B1-M00,5,second_derivative,2130.8461568627454,-9.737439978513002e-07,difference of equal-sample representative means; not paired
B1,B1-M00,5,second_derivative,2136.3069019607847,-8.84972990373708e-07,difference of equal-sample representative means; not paired
B1,B1-M00,5,second_derivative,2141.767647058824,7.76847491385125e-08,difference of equal-sample representative means; not paired
B1,B1-M00,5,second_derivative,2147.2283921568633,7.308824318558645e-07,difference of equal-sample representative means; not paired
B1,B1-M00,5,second_derivative,2152.689137254902,-9.397970521974897e-08,difference of equal-sample representative means; not paired
B1,B1-M00,5,second_derivative,2158.1498823529414,-7.890705651536438e-07,difference of equal-sample representative means; not paired
B1,B1-M00,5,second_derivative,2163.6106274509807,5.055797661317538e-07,difference of equal-sample representative means; not paired
B1,B1-M00,5,second_derivative,2169.07137254902,1.725746521975338e-08,difference of equal-sample representative means; not paired
B1,B1-M00,5,second_derivative,2174.5321176470593,-4.095393342819271e-08,difference of equal-sample representative means; not paired
B1,B1-M00,5,second_derivative,2179.992862745098,-1.3748593945942623e-06,difference of equal-sample representative means; not paired
B1,B1-M00,5,second_derivative,2185.4536078431374,-2.6146726068204493e-06,difference of equal-sample representative means; not paired
B1,B1-M00,5,second_derivative,2190.9143529411767,-1.8145719936698666e-06,difference of equal-sample representative means; not paired
B1,B1-M00,5,second_derivative,2196.375098039216,1.1224852430222945e-06,difference of equal-sample representative means; not paired
B1,B1-M00,5,second_derivative,2201.8358431372553,3.1262245517606564e-06,difference of equal-sample representative means; not paired
B1,B1-M00,5,second_derivative,2207.2965882352946,6.697994642128845e-07,difference of equal-sample representative means; not paired
B1,B1-M00,5,second_derivative,2212.7573333333335,-2.9000408145041364e-07,difference of equal-sample representative means; not paired
B1,B1-M00,5,second_derivative,2218.2180784313728,1.3465800510016395e-07,difference of equal-sample representative means; not paired
B1,B1-M00,5,second_derivative,2223.678823529412,8.37923967861022e-07,difference of equal-sample representative means; not paired
B1,B1-M00,5,second_derivative,2229.1395686274514,1.5607419773389498e-06,difference of equal-sample representative means; not paired
B1,B1-M00,5,second_derivative,2234.6003137254907,1.5246317230446104e-06,difference of equal-sample representative means; not paired
B1,B1-M00,5,second_derivative,2240.06105882353,-3.4817293029722234e-06,difference of equal-sample representative means; not paired
B1,B1-M00,5,second_derivative,2245.521803921569,-5.058619974765039e-06,difference of equal-sample representative means; not paired
B1,B1-M00,5,second_derivative,2250.982549019608,-2.450330936206097e-06,difference of equal-sample representative means; not paired
B1,B1-M00,5,second_derivative,2256.4432941176474,-5.960644664204828e-06,difference of equal-sample representative means; not paired
B1,B1-M00,5,second_derivative,2261.9040392156867,-1.1560556452837353e-05,difference of equal-sample representative means; not paired
B1,B1-M00,5,second_derivative,2267.364784313726,-1.3315253045809625e-05,difference of equal-sample representative means; not paired
B1,B1-M00,5,second_derivative,2272.825529411765,-1.2100732372151825e-05,difference of equal-sample representative means; not paired
B1,B1-M00,5,second_derivative,2278.286274509804,-1.0462876669142414e-05,difference of equal-sample representative means; not paired
B1,B1-M00,5,second_derivative,2283.7470196078434,-9.326708346642415e-06,difference of equal-sample representative means; not paired
B1,B1-M00,5,second_derivative,2289.2077647058827,-8.932145154454319e-06,difference of equal-sample representative means; not paired
B1,B1-M00,5,second_derivative,2294.668509803922,-8.932145154454737e-06,difference of equal-sample representative means; not paired
B1,B1-M00,5,second_derivative,2300.1292549019613,-8.932145154454737e-06,difference of equal-sample representative means; not paired
B1,B1-M00,5,second_derivative,2305.59,-8.932145154454737e-06,difference of equal-sample representative means; not paired
B1,B1-M00,6,reflectance,913.1,0.01190143285388523,difference of equal-sample representative means; not paired
B1,B1-M00,6,reflectance,918.5607450980392,0.016442934363225636,difference of equal-sample representative means; not paired
B1,B1-M00,6,reflectance,924.0214901960785,0.021437734386285046,difference of equal-sample representative means; not paired
B1,B1-M00,6,reflectance,929.4822352941177,0.023439810719156573,difference of equal-sample representative means; not paired
B1,B1-M00,6,reflectance,934.9429803921569,0.024492212515923817,difference of equal-sample representative means; not paired
B1,B1-M00,6,reflectance,940.4037254901962,0.025411480892999827,difference of equal-sample representative means; not paired
B1,B1-M00,6,reflectance,945.8644705882353,0.02519972218777411,difference of equal-sample representative means; not paired
B1,B1-M00,6,reflectance,951.3252156862745,0.024647953168903447,difference of equal-sample representative means; not paired
B1,B1-M00,6,reflectance,956.7859607843137,0.02378327089077814,difference of equal-sample representative means; not paired
B1,B1-M00,6,reflectance,962.246705882353,0.02283498232811121,difference of equal-sample representative means; not paired
B1,B1-M00,6,reflectance,967.7074509803922,0.021721148487356623,difference of equal-sample representative means; not paired
B1,B1-M00,6,reflectance,973.1681960784314,0.02053157150437357,difference of equal-sample representative means; not paired
B1,B1-M00,6,reflectance,978.6289411764706,0.019438333857211942,difference of equal-sample representative means; not paired
B1,B1-M00,6,reflectance,984.0896862745099,0.018565275856458063,difference of equal-sample representative means; not paired
B1,B1-M00,6,reflectance,989.550431372549,0.017893522531686634,difference of equal-sample representative means; not paired
B1,B1-M00,6,reflectance,995.0111764705882,0.017413733007895393,difference of equal-sample representative means; not paired
B1,B1-M00,6,reflectance,1000.4719215686275,0.01704231589421823,difference of equal-sample representative means; not paired
B1,B1-M00,6,reflectance,1005.9326666666667,0.016798983101088183,difference of equal-sample representative means; not paired
B1,B1-M00,6,reflectance,1011.3934117647059,0.016656993936227105,difference of equal-sample representative means; not paired
B1,B1-M00,6,reflectance,1016.8541568627452,0.01656222357525927,difference of equal-sample representative means; not paired
B1,B1-M00,6,reflectance,1022.3149019607844,0.016503595138773863,difference of equal-sample representative means; not paired
B1,B1-M00,6,reflectance,1027.7756470588236,0.016528294809703192,difference of equal-sample representative means; not paired
B1,B1-M00,6,reflectance,1033.2363921568628,0.016614378579508426,difference of equal-sample representative means; not paired
B1,B1-M00,6,reflectance,1038.697137254902,0.016526262094882616,difference of equal-sample representative means; not paired
B1,B1-M00,6,reflectance,1044.1578823529412,0.016485147545465595,difference of equal-sample representative means; not paired
B1,B1-M00,6,reflectance,1049.6186274509805,0.016463341627673822,difference of equal-sample representative means; not paired
B1,B1-M00,6,reflectance,1055.0793725490196,0.016406064726282255,difference of equal-sample representative means; not paired
B1,B1-M00,6,reflectance,1060.5401176470589,0.016314553581602498,difference of equal-sample representative means; not paired
B1,B1-M00,6,reflectance,1066.0008627450982,0.016231590767521897,difference of equal-sample representative means; not paired
B1,B1-M00,6,reflectance,1071.4616078431372,0.01612930831843684,difference of equal-sample representative means; not paired
B1,B1-M00,6,reflectance,1076.9223529411765,0.01613223533807784,difference of equal-sample representative means; not paired
B1,B1-M00,6,reflectance,1082.3830980392158,0.016102831065028522,difference of equal-sample representative means; not paired
B1,B1-M00,6,reflectance,1087.843843137255,0.016102029078554958,difference of equal-sample representative means; not paired
B1,B1-M00,6,reflectance,1093.3045882352942,0.016065114012280057,difference of equal-sample representative means; not paired
B1,B1-M00,6,reflectance,1098.7653333333333,0.015946691546621428,difference of equal-sample representative means; not paired
B1,B1-M00,6,reflectance,1104.2260784313726,0.015721473022020538,difference of equal-sample representative means; not paired
B1,B1-M00,6,reflectance,1109.6868235294119,0.01531435165340489,difference of equal-sample representative means; not paired
B1,B1-M00,6,reflectance,1115.1475686274512,0.014558029386457783,difference of equal-sample representative means; not paired
B1,B1-M00,6,reflectance,1120.6083137254902,0.013360421200270145,difference of equal-sample representative means; not paired
B1,B1-M00,6,reflectance,1126.0690588235295,0.011888256501963235,difference of equal-sample representative means; not paired
B1,B1-M00,6,reflectance,1131.5298039215686,0.010184466774097678,difference of equal-sample representative means; not paired
B1,B1-M00,6,reflectance,1136.990549019608,0.008456854426008742,difference of equal-sample representative means; not paired
B1,B1-M00,6,reflectance,1142.4512941176472,0.006947748863891046,difference of equal-sample representative means; not paired
B1,B1-M00,6,reflectance,1147.9120392156863,0.005757399047664702,difference of equal-sample representative means; not paired
B1,B1-M00,6,reflectance,1153.3727843137256,0.004816283565656887,difference of equal-sample representative means; not paired
B1,B1-M00,6,reflectance,1158.8335294117649,0.003973108309667683,difference of equal-sample representative means; not paired
B1,B1-M00,6,reflectance,1164.294274509804,0.00312066820035084,difference of equal-sample representative means; not paired
B1,B1-M00,6,reflectance,1169.7550196078432,0.0023063575137366454,difference of equal-sample representative means; not paired
B1,B1-M00,6,reflectance,1175.2157647058825,0.0015006949204682263,difference of equal-sample representative means; not paired
B1,B1-M00,6,reflectance,1180.6765098039216,0.0007070597741692941,difference of equal-sample representative means; not paired
B1,B1-M00,6,reflectance,1186.137254901961,4.5481671455682715e-06,difference of equal-sample representative means; not paired
B1,B1-M00,6,reflectance,1191.598,-0.0005272477808796472,difference of equal-sample representative means; not paired
B1,B1-M00,6,reflectance,1197.0587450980393,-0.000698615551463444,difference of equal-sample representative means; not paired
B1,B1-M00,6,reflectance,1202.5194901960786,-0.0006765099854662004,difference of equal-sample representative means; not paired
B1,B1-M00,6,reflectance,1207.9802352941178,-0.0005397851972115397,difference of equal-sample representative means; not paired
B1,B1-M00,6,reflectance,1213.440980392157,-0.0004421291309744113,difference of equal-sample representative means; not paired
B1,B1-M00,6,reflectance,1218.9017254901962,-0.0002698153653337698,difference of equal-sample representative means; not paired
B1,B1-M00,6,reflectance,1224.3624705882353,0.00010262273466699057,difference of equal-sample representative means; not paired
B1,B1-M00,6,reflectance,1229.8232156862746,0.00036639699581220153,difference of equal-sample representative means; not paired
B1,B1-M00,6,reflectance,1235.2839607843139,0.00045147464235584245,difference of equal-sample representative means; not paired
B1,B1-M00,6,reflectance,1240.7447058823532,0.0008771346464497842,difference of equal-sample representative means; not paired
B1,B1-M00,6,reflectance,1246.2054509803922,0.0011718755836457317,difference of equal-sample representative means; not paired
B1,B1-M00,6,reflectance,1251.6661960784315,0.0013617444907393361,difference of equal-sample representative means; not paired
B1,B1-M00,6,reflectance,1257.1269411764706,0.0014654330610794908,difference of equal-sample representative means; not paired
B1,B1-M00,6,reflectance,1262.58768627451,0.0015105942976344489,difference of equal-sample representative means; not paired
B1,B1-M00,6,reflectance,1268.0484313725492,0.0015803795170447055,difference of equal-sample representative means; not paired
B1,B1-M00,6,reflectance,1273.5091764705883,0.0016588354475739475,difference of equal-sample representative means; not paired
B1,B1-M00,6,reflectance,1278.9699215686276,0.0017526357196008258,difference of equal-sample representative means; not paired
B1,B1-M00,6,reflectance,1284.4306666666666,0.001959204725928143,difference of equal-sample representative means; not paired
B1,B1-M00,6,reflectance,1289.891411764706,0.002213165230991798,difference of equal-sample representative means; not paired
B1,B1-M00,6,reflectance,1295.3521568627452,0.002499208611543735,difference of equal-sample representative means; not paired
B1,B1-M00,6,reflectance,1300.8129019607845,0.002610943606619842,difference of equal-sample representative means; not paired
B1,B1-M00,6,reflectance,1306.2736470588236,0.0023379435639188095,difference of equal-sample representative means; not paired
B1,B1-M00,6,reflectance,1311.734392156863,0.002061896888304937,difference of equal-sample representative means; not paired
B1,B1-M00,6,reflectance,1317.195137254902,0.0017600150277624627,difference of equal-sample representative means; not paired
B1,B1-M00,6,reflectance,1322.6558823529413,0.0014094437086619171,difference of equal-sample representative means; not paired
B1,B1-M00,6,reflectance,1328.1166274509806,0.0009388037456975473,difference of equal-sample representative means; not paired
B1,B1-M00,6,reflectance,1333.5773725490199,0.0004068860409601749,difference of equal-sample representative means; not paired
B1,B1-M00,6,reflectance,1339.038117647059,-0.00017183440287205087,difference of equal-sample representative means; not paired
B1,B1-M00,6,reflectance,1344.4988627450982,-0.0008219104163192936,difference of equal-sample representative means; not paired
B1,B1-M00,6,reflectance,1349.9596078431373,-0.0015282876067883588,difference of equal-sample representative means; not paired
B1,B1-M00,6,reflectance,1355.4203529411766,-0.0021722475606510416,difference of equal-sample representative means; not paired
B1,B1-M00,6,reflectance,1360.8810980392159,-0.0027083203818599744,difference of equal-sample representative means; not paired
B1,B1-M00,6,reflectance,1366.341843137255,-0.0030269137372977983,difference of equal-sample representative means; not paired
B1,B1-M00,6,reflectance,1371.8025882352943,-0.0032076727265392124,difference of equal-sample representative means; not paired
B1,B1-M00,6,reflectance,1377.2633333333333,-0.00333349744260103,difference of equal-sample representative means; not paired
B1,B1-M00,6,reflectance,1382.7240784313726,-0.0034200191291268167,difference of equal-sample representative means; not paired
B1,B1-M00,6,reflectance,1388.184823529412,-0.0034160628005517335,difference of equal-sample representative means; not paired
B1,B1-M00,6,reflectance,1393.6455686274512,-0.0032923859482567597,difference of equal-sample representative means; not paired
B1,B1-M00,6,reflectance,1399.1063137254903,-0.0031068787600981307,difference of equal-sample representative means; not paired
B1,B1-M00,6,reflectance,1404.5670588235296,-0.0028093883096271255,difference of equal-sample representative means; not paired
B1,B1-M00,6,reflectance,1410.0278039215686,-0.002463709148852189,difference of equal-sample representative means; not paired
B1,B1-M00,6,reflectance,1415.488549019608,-0.0020670161359442885,difference of equal-sample representative means; not paired
B1,B1-M00,6,reflectance,1420.9492941176472,-0.0016592611982059746,difference of equal-sample representative means; not paired
B1,B1-M00,6,reflectance,1426.4100392156865,-0.00130013817197977,difference of equal-sample representative means; not paired
B1,B1-M00,6,reflectance,1431.8707843137256,-0.0009751735886443513,difference of equal-sample representative means; not paired
B1,B1-M00,6,reflectance,1437.3315294117647,-0.000688041275334117,difference of equal-sample representative means; not paired
B1,B1-M00,6,reflectance,1442.792274509804,-0.0004755419483071788,difference of equal-sample representative means; not paired
B1,B1-M00,6,reflectance,1448.2530196078433,-0.00028535801845763764,difference of equal-sample representative means; not paired
B1,B1-M00,6,reflectance,1453.7137647058826,-0.00018115711245025867,difference of equal-sample representative means; not paired
B1,B1-M00,6,reflectance,1459.1745098039219,-5.563029660815566e-05,difference of equal-sample representative means; not paired
B1,B1-M00,6,reflectance,1464.635254901961,0.0001269146501256535,difference of equal-sample representative means; not paired
B1,B1-M00,6,reflectance,1470.096,0.0001992630237727666,difference of equal-sample representative means; not paired
B1,B1-M00,6,reflectance,1475.5567450980393,0.00023370273670575425,difference of equal-sample representative means; not paired
B1,B1-M00,6,reflectance,1481.0174901960786,0.0001852111624548458,difference of equal-sample representative means; not paired
B1,B1-M00,6,reflectance,1486.478235294118,0.00012878674715838256,difference of equal-sample representative means; not paired
B1,B1-M00,6,reflectance,1491.938980392157,2.056665852173678e-05,difference of equal-sample representative means; not paired
B1,B1-M00,6,reflectance,1497.3997254901963,-5.940442844348803e-05,difference of equal-sample representative means; not paired
B1,B1-M00,6,reflectance,1502.8604705882353,-0.00012026486971672412,difference of equal-sample representative means; not paired
B1,B1-M00,6,reflectance,1508.3212156862746,-0.000231280353331198,difference of equal-sample representative means; not paired
B1,B1-M00,6,reflectance,1513.781960784314,-0.0002957907680896654,difference of equal-sample representative means; not paired
B1,B1-M00,6,reflectance,1519.2427058823532,-0.0002991142619770404,difference of equal-sample representative means; not paired
B1,B1-M00,6,reflectance,1524.7034509803923,-0.00016302030583892346,difference of equal-sample representative means; not paired
B1,B1-M00,6,reflectance,1530.1641960784316,-0.00038520942666564473,difference of equal-sample representative means; not paired
B1,B1-M00,6,reflectance,1535.6249411764707,-0.0006375974886395075,difference of equal-sample representative means; not paired
B1,B1-M00,6,reflectance,1541.08568627451,-0.0007702158447204788,difference of equal-sample representative means; not paired
B1,B1-M00,6,reflectance,1546.5464313725493,-0.0008320235289104305,difference of equal-sample representative means; not paired
B1,B1-M00,6,reflectance,1552.0071764705885,-0.0008551713952786866,difference of equal-sample representative means; not paired
B1,B1-M00,6,reflectance,1557.4679215686276,-0.0008521032487215918,difference of equal-sample representative means; not paired
B1,B1-M00,6,reflectance,1562.9286666666667,-0.0008095732266406586,difference of equal-sample representative means; not paired
B1,B1-M00,6,reflectance,1568.389411764706,-0.0009794384044020665,difference of equal-sample representative means; not paired
B1,B1-M00,6,reflectance,1573.8501568627453,-0.0011098987706308905,difference of equal-sample representative means; not paired
B1,B1-M00,6,reflectance,1579.3109019607846,-0.0012120293947097127,difference of equal-sample representative means; not paired
B1,B1-M00,6,reflectance,1584.7716470588239,-0.0013271794016914695,difference of equal-sample representative means; not paired
B1,B1-M00,6,reflectance,1590.232392156863,-0.0014507755209357542,difference of equal-sample representative means; not paired
B1,B1-M00,6,reflectance,1595.693137254902,-0.0016620293384723706,difference of equal-sample representative means; not paired
B1,B1-M00,6,reflectance,1601.1538823529413,-0.0018231934404233097,difference of equal-sample representative means; not paired
B1,B1-M00,6,reflectance,1606.6146274509806,-0.0020438094136361884,difference of equal-sample representative means; not paired
B1,B1-M00,6,reflectance,1612.07537254902,-0.0022268146010872014,difference of equal-sample representative means; not paired
B1,B1-M00,6,reflectance,1617.536117647059,-0.002391973178400786,difference of equal-sample representative means; not paired
B1,B1-M00,6,reflectance,1622.9968627450983,-0.0025574265723227185,difference of equal-sample representative means; not paired
B1,B1-M00,6,reflectance,1628.4576078431373,-0.0027188277097928704,difference of equal-sample representative means; not paired
B1,B1-M00,6,reflectance,1633.9183529411766,-0.0028684839641527904,difference of equal-sample representative means; not paired
B1,B1-M00,6,reflectance,1639.379098039216,-0.0030410515581243414,difference of equal-sample representative means; not paired
B1,B1-M00,6,reflectance,1644.8398431372552,-0.003207399966907276,difference of equal-sample representative means; not paired
B1,B1-M00,6,reflectance,1650.3005882352943,-0.0033883857985854693,difference of equal-sample representative means; not paired
B1,B1-M00,6,reflectance,1655.7613333333334,-0.0035384381903869055,difference of equal-sample representative means; not paired
B1,B1-M00,6,reflectance,1661.2220784313727,-0.0037621142520709028,difference of equal-sample representative means; not paired
B1,B1-M00,6,reflectance,1666.682823529412,-0.0040939717997794944,difference of equal-sample representative means; not paired
B1,B1-M00,6,reflectance,1672.1435686274513,-0.00444226876679743,difference of equal-sample representative means; not paired
B1,B1-M00,6,reflectance,1677.6043137254906,-0.004733000356704875,difference of equal-sample representative means; not paired
B1,B1-M00,6,reflectance,1683.0650588235296,-0.005069731551358425,difference of equal-sample representative means; not paired
B1,B1-M00,6,reflectance,1688.5258039215687,-0.005284051249612065,difference of equal-sample representative means; not paired
B1,B1-M00,6,reflectance,1693.986549019608,-0.0054817810828725055,difference of equal-sample representative means; not paired
B1,B1-M00,6,reflectance,1699.4472941176473,-0.005637457393193435,difference of equal-sample representative means; not paired
B1,B1-M00,6,reflectance,1704.9080392156866,-0.0057237552640893585,difference of equal-sample representative means; not paired
B1,B1-M00,6,reflectance,1710.3687843137257,-0.005754760100301792,difference of equal-sample representative means; not paired
B1,B1-M00,6,reflectance,1715.829529411765,-0.005773484837134413,difference of equal-sample representative means; not paired
B1,B1-M00,6,reflectance,1721.290274509804,-0.005753593330315276,difference of equal-sample representative means; not paired
B1,B1-M00,6,reflectance,1726.7510196078433,-0.005717944796593433,difference of equal-sample representative means; not paired
B1,B1-M00,6,reflectance,1732.2117647058826,-0.005631358852864254,difference of equal-sample representative means; not paired
B1,B1-M00,6,reflectance,1737.672509803922,-0.005570426193061362,difference of equal-sample representative means; not paired
B1,B1-M00,6,reflectance,1743.133254901961,-0.005565837135385832,difference of equal-sample representative means; not paired
B1,B1-M00,6,reflectance,1748.594,-0.005591829889269151,difference of equal-sample representative means; not paired
B1,B1-M00,6,reflectance,1754.0547450980393,-0.005579074350768931,difference of equal-sample representative means; not paired
B1,B1-M00,6,reflectance,1759.5154901960786,-0.005453583085373526,difference of equal-sample representative means; not paired
B1,B1-M00,6,reflectance,1764.976235294118,-0.005323087217689593,difference of equal-sample representative means; not paired
B1,B1-M00,6,reflectance,1770.4369803921572,-0.00514819411520967,difference of equal-sample representative means; not paired
B1,B1-M00,6,reflectance,1775.8977254901963,-0.004984886238026898,difference of equal-sample representative means; not paired
B1,B1-M00,6,reflectance,1781.3584705882354,-0.00488093522866867,difference of equal-sample representative means; not paired
B1,B1-M00,6,reflectance,1786.8192156862747,-0.004813624119703708,difference of equal-sample representative means; not paired
B1,B1-M00,6,reflectance,1792.279960784314,-0.004756566750013125,difference of equal-sample representative means; not paired
B1,B1-M00,6,reflectance,1797.7407058823533,-0.00473623660643846,difference of equal-sample representative means; not paired
B1,B1-M00,6,reflectance,1803.2014509803923,-0.004790221614238033,difference of equal-sample representative means; not paired
B1,B1-M00,6,reflectance,1808.6621960784316,-0.004811397740361989,difference of equal-sample representative means; not paired
B1,B1-M00,6,reflectance,1814.1229411764707,-0.004848293753415112,difference of equal-sample representative means; not paired
B1,B1-M00,6,reflectance,1819.58368627451,-0.004924314061379886,difference of equal-sample representative means; not paired
B1,B1-M00,6,reflectance,1825.0444313725493,-0.0050051661681539406,difference of equal-sample representative means; not paired
B1,B1-M00,6,reflectance,1830.5051764705886,-0.005056554062856156,difference of equal-sample representative means; not paired
B1,B1-M00,6,reflectance,1835.9659215686277,-0.0050935895360317285,difference of equal-sample representative means; not paired
B1,B1-M00,6,reflectance,1841.4266666666667,-0.005176241712193275,difference of equal-sample representative means; not paired
B1,B1-M00,6,reflectance,1846.887411764706,-0.005115192690898329,difference of equal-sample representative means; not paired
B1,B1-M00,6,reflectance,1852.3481568627453,-0.005159568812033499,difference of equal-sample representative means; not paired
B1,B1-M00,6,reflectance,1857.8089019607846,-0.005216079836088738,difference of equal-sample representative means; not paired
B1,B1-M00,6,reflectance,1863.269647058824,-0.005086259151968031,difference of equal-sample representative means; not paired
B1,B1-M00,6,reflectance,1868.730392156863,-0.004913625313042069,difference of equal-sample representative means; not paired
B1,B1-M00,6,reflectance,1874.191137254902,-0.004733921469107616,difference of equal-sample representative means; not paired
B1,B1-M00,6,reflectance,1879.6518823529414,-0.004341379411018087,difference of equal-sample representative means; not paired
B1,B1-M00,6,reflectance,1885.1126274509807,-0.0038494314017016307,difference of equal-sample representative means; not paired
B1,B1-M00,6,reflectance,1890.57337254902,-0.0032183920801174826,difference of equal-sample representative means; not paired
B1,B1-M00,6,reflectance,1896.034117647059,-0.002490483629323803,difference of equal-sample representative means; not paired
B1,B1-M00,6,reflectance,1901.4948627450983,-0.0017146449834813948,difference of equal-sample representative means; not paired
B1,B1-M00,6,reflectance,1906.9556078431374,-0.0009551960585995056,difference of equal-sample representative means; not paired
B1,B1-M00,6,reflectance,1912.4163529411767,-0.00018589003118246739,difference of equal-sample representative means; not paired
B1,B1-M00,6,reflectance,1917.877098039216,0.0005277690692819248,difference of equal-sample representative means; not paired
B1,B1-M00,6,reflectance,1923.3378431372553,0.000909961237625434,difference of equal-sample representative means; not paired
B1,B1-M00,6,reflectance,1928.7985882352943,0.001016008310221167,difference of equal-sample representative means; not paired
B1,B1-M00,6,reflectance,1934.2593333333336,0.0011449475921433971,difference of equal-sample representative means; not paired
B1,B1-M00,6,reflectance,1939.7200784313727,0.0011748578786107133,difference of equal-sample representative means; not paired
B1,B1-M00,6,reflectance,1945.180823529412,0.0011190803311078579,difference of equal-sample representative means; not paired
B1,B1-M00,6,reflectance,1950.6415686274513,0.0009601857798930413,difference of equal-sample representative means; not paired
B1,B1-M00,6,reflectance,1956.1023137254906,0.0007305005899854722,difference of equal-sample representative means; not paired
B1,B1-M00,6,reflectance,1961.5630588235294,0.0005024676482264789,difference of equal-sample representative means; not paired
B1,B1-M00,6,reflectance,1967.0238039215687,0.00028585142632348015,difference of equal-sample representative means; not paired
B1,B1-M00,6,reflectance,1972.484549019608,6.76901280397546e-05,difference of equal-sample representative means; not paired
B1,B1-M00,6,reflectance,1977.9452941176473,-0.00015607428975400461,difference of equal-sample representative means; not paired
B1,B1-M00,6,reflectance,1983.4060392156866,-0.00034606137648407476,difference of equal-sample representative means; not paired
B1,B1-M00,6,reflectance,1988.866784313726,-0.0005867503668536833,difference of equal-sample representative means; not paired
B1,B1-M00,6,reflectance,1994.3275294117648,-0.0008050098601057321,difference of equal-sample representative means; not paired
B1,B1-M00,6,reflectance,1999.788274509804,-0.00094794702779194,difference of equal-sample representative means; not paired
B1,B1-M00,6,reflectance,2005.2490196078434,-0.001106863497063293,difference of equal-sample representative means; not paired
B1,B1-M00,6,reflectance,2010.7097647058827,-0.001307745662340043,difference of equal-sample representative means; not paired
B1,B1-M00,6,reflectance,2016.170509803922,-0.0014996866454720648,difference of equal-sample representative means; not paired
B1,B1-M00,6,reflectance,2021.6312549019613,-0.0015096997229512854,difference of equal-sample representative means; not paired
B1,B1-M00,6,reflectance,2027.092,-0.001523704332327347,difference of equal-sample representative means; not paired
B1,B1-M00,6,reflectance,2032.5527450980394,-0.0015137597115904566,difference of equal-sample representative means; not paired
B1,B1-M00,6,reflectance,2038.0134901960787,-0.0014601971388287227,difference of equal-sample representative means; not paired
B1,B1-M00,6,reflectance,2043.474235294118,-0.0013856905797896557,difference of equal-sample representative means; not paired
B1,B1-M00,6,reflectance,2048.9349803921573,-0.0012793936148933205,difference of equal-sample representative means; not paired
B1,B1-M00,6,reflectance,2054.3957254901966,-0.0010081183953927764,difference of equal-sample representative means; not paired
B1,B1-M00,6,reflectance,2059.8564705882354,-0.000891806846795351,difference of equal-sample representative means; not paired
B1,B1-M00,6,reflectance,2065.3172156862747,-0.0007783384622576661,difference of equal-sample representative means; not paired
B1,B1-M00,6,reflectance,2070.777960784314,-0.0006245734000164815,difference of equal-sample representative means; not paired
B1,B1-M00,6,reflectance,2076.2387058823533,-0.0004808699442045983,difference of equal-sample representative means; not paired
B1,B1-M00,6,reflectance,2081.6994509803926,-0.0003634983938419767,difference of equal-sample representative means; not paired
B1,B1-M00,6,reflectance,2087.1601960784315,-0.0002255978196379349,difference of equal-sample representative means; not paired
B1,B1-M00,6,reflectance,2092.6209411764708,-5.3866786744072304e-05,difference of equal-sample representative means; not paired
B1,B1-M00,6,reflectance,2098.08168627451,-7.372148992473848e-05,difference of equal-sample representative means; not paired
B1,B1-M00,6,reflectance,2103.5424313725493,7.26527895353879e-05,difference of equal-sample representative means; not paired
B1,B1-M00,6,reflectance,2109.0031764705886,5.485851240494277e-05,difference of equal-sample representative means; not paired
B1,B1-M00,6,reflectance,2114.463921568628,3.193597436002005e-05,difference of equal-sample representative means; not paired
B1,B1-M00,6,reflectance,2119.924666666667,3.8603053897912076e-05,difference of equal-sample representative means; not paired
B1,B1-M00,6,reflectance,2125.385411764706,3.0085925830536375e-05,difference of equal-sample representative means; not paired
B1,B1-M00,6,reflectance,2130.8461568627454,1.9120210012879557e-05,difference of equal-sample representative means; not paired
B1,B1-M00,6,reflectance,2136.3069019607847,7.707476650858913e-05,difference of equal-sample representative means; not paired
B1,B1-M00,6,reflectance,2141.767647058824,-8.476639370713634e-05,difference of equal-sample representative means; not paired
B1,B1-M00,6,reflectance,2147.2283921568633,-5.661787318711475e-05,difference of equal-sample representative means; not paired
B1,B1-M00,6,reflectance,2152.689137254902,-0.00016780855804376937,difference of equal-sample representative means; not paired
B1,B1-M00,6,reflectance,2158.1498823529414,-0.00029283465598251013,difference of equal-sample representative means; not paired
B1,B1-M00,6,reflectance,2163.6106274509807,-0.00043999273170985953,difference of equal-sample representative means; not paired
B1,B1-M00,6,reflectance,2169.07137254902,-0.000598034174987716,difference of equal-sample representative means; not paired
B1,B1-M00,6,reflectance,2174.5321176470593,-0.0005347343043423658,difference of equal-sample representative means; not paired
B1,B1-M00,6,reflectance,2179.992862745098,-0.0006880438286383517,difference of equal-sample representative means; not paired
B1,B1-M00,6,reflectance,2185.4536078431374,-0.000734626090478474,difference of equal-sample representative means; not paired
B1,B1-M00,6,reflectance,2190.9143529411767,-0.000755285431142394,difference of equal-sample representative means; not paired
B1,B1-M00,6,reflectance,2196.375098039216,-0.0009365992288119518,difference of equal-sample representative means; not paired
B1,B1-M00,6,reflectance,2201.8358431372553,-0.0010898765929907572,difference of equal-sample representative means; not paired
B1,B1-M00,6,reflectance,2207.2965882352946,-0.0011204694718915387,difference of equal-sample representative means; not paired
B1,B1-M00,6,reflectance,2212.7573333333335,-0.0011143077304229254,difference of equal-sample representative means; not paired
B1,B1-M00,6,reflectance,2218.2180784313728,-0.0011121619982906727,difference of equal-sample representative means; not paired
B1,B1-M00,6,reflectance,2223.678823529412,-0.0013521563930987135,difference of equal-sample representative means; not paired
B1,B1-M00,6,reflectance,2229.1395686274514,-0.0013628474870370222,difference of equal-sample representative means; not paired
B1,B1-M00,6,reflectance,2234.6003137254907,-0.0012985738553157877,difference of equal-sample representative means; not paired
B1,B1-M00,6,reflectance,2240.06105882353,-0.0013188663587136995,difference of equal-sample representative means; not paired
B1,B1-M00,6,reflectance,2245.521803921569,-0.001438978404722735,difference of equal-sample representative means; not paired
B1,B1-M00,6,reflectance,2250.982549019608,-0.0015128077980100518,difference of equal-sample representative means; not paired
B1,B1-M00,6,reflectance,2256.4432941176474,-0.0014290865498806093,difference of equal-sample representative means; not paired
B1,B1-M00,6,reflectance,2261.9040392156867,-0.0014590306677399745,difference of equal-sample representative means; not paired
B1,B1-M00,6,reflectance,2267.364784313726,-0.0016124354744380953,difference of equal-sample representative means; not paired
B1,B1-M00,6,reflectance,2272.825529411765,-0.0015218116403161452,difference of equal-sample representative means; not paired
B1,B1-M00,6,reflectance,2278.286274509804,-0.0017300940324961045,difference of equal-sample representative means; not paired
B1,B1-M00,6,reflectance,2283.7470196078434,-0.0021745609456879644,difference of equal-sample representative means; not paired
B1,B1-M00,6,reflectance,2289.2077647058827,-0.002793803848483628,difference of equal-sample representative means; not paired
B1,B1-M00,6,reflectance,2294.668509803922,-0.003568019668374056,difference of equal-sample representative means; not paired
B1,B1-M00,6,reflectance,2300.1292549019613,-0.004517855374984808,difference of equal-sample representative means; not paired
B1,B1-M00,6,reflectance,2305.59,-0.0059356573989826356,difference of equal-sample representative means; not paired
B1,B1-M00,6,snv,913.1,0.03707652402569783,difference of equal-sample representative means; not paired
B1,B1-M00,6,snv,918.5607450980392,0.055816716669185196,difference of equal-sample representative means; not paired
B1,B1-M00,6,snv,924.0214901960785,0.08082972525280407,difference of equal-sample representative means; not paired
B1,B1-M00,6,snv,929.4822352941177,0.09064521897298738,difference of equal-sample representative means; not paired
B1,B1-M00,6,snv,934.9429803921569,0.0949088895538972,difference of equal-sample representative means; not paired
B1,B1-M00,6,snv,940.4037254901962,0.09802969360322655,difference of equal-sample representative means; not paired
B1,B1-M00,6,snv,945.8644705882353,0.09538587773978802,difference of equal-sample representative means; not paired
B1,B1-M00,6,snv,951.3252156862745,0.09177676412740965,difference of equal-sample representative means; not paired
B1,B1-M00,6,snv,956.7859607843137,0.08634597169584723,difference of equal-sample representative means; not paired
B1,B1-M00,6,snv,962.246705882353,0.08087766116700412,difference of equal-sample representative means; not paired
B1,B1-M00,6,snv,967.7074509803922,0.07456384243766268,difference of equal-sample representative means; not paired
B1,B1-M00,6,snv,973.1681960784314,0.06787149075541632,difference of equal-sample representative means; not paired
B1,B1-M00,6,snv,978.6289411764706,0.061745075777602576,difference of equal-sample representative means; not paired
B1,B1-M00,6,snv,984.0896862745099,0.05679760643751086,difference of equal-sample representative means; not paired
B1,B1-M00,6,snv,989.550431372549,0.052827400294261695,difference of equal-sample representative means; not paired
B1,B1-M00,6,snv,995.0111764705882,0.05003479499709651,difference of equal-sample representative means; not paired
B1,B1-M00,6,snv,1000.4719215686275,0.04745293902484793,difference of equal-sample representative means; not paired
B1,B1-M00,6,snv,1005.9326666666667,0.04567885601295352,difference of equal-sample representative means; not paired
B1,B1-M00,6,snv,1011.3934117647059,0.04444507727523894,difference of equal-sample representative means; not paired
B1,B1-M00,6,snv,1016.8541568627452,0.04345444952315858,difference of equal-sample representative means; not paired
B1,B1-M00,6,snv,1022.3149019607844,0.04268378104671,difference of equal-sample representative means; not paired
B1,B1-M00,6,snv,1027.7756470588236,0.04233909303601324,difference of equal-sample representative means; not paired
B1,B1-M00,6,snv,1033.2363921568628,0.04221360158401044,difference of equal-sample representative means; not paired
B1,B1-M00,6,snv,1038.697137254902,0.04138673221142297,difference of equal-sample representative means; not paired
B1,B1-M00,6,snv,1044.1578823529412,0.04079180007440364,difference of equal-sample representative means; not paired
B1,B1-M00,6,snv,1049.6186274509805,0.0403535670157511,difference of equal-sample representative means; not paired
B1,B1-M00,6,snv,1055.0793725490196,0.039663595292041,difference of equal-sample representative means; not paired
B1,B1-M00,6,snv,1060.5401176470589,0.0387507741340849,difference of equal-sample representative means; not paired
B1,B1-M00,6,snv,1066.0008627450982,0.03797189155327407,difference of equal-sample representative means; not paired
B1,B1-M00,6,snv,1071.4616078431372,0.036953710728795164,difference of equal-sample representative means; not paired
B1,B1-M00,6,snv,1076.9223529411765,0.036583249848893384,difference of equal-sample representative means; not paired
B1,B1-M00,6,snv,1082.3830980392158,0.03585306521887266,difference of equal-sample representative means; not paired
B1,B1-M00,6,snv,1087.843843137255,0.03540361460076924,difference of equal-sample representative means; not paired
B1,B1-M00,6,snv,1093.3045882352942,0.034691009689467034,difference of equal-sample representative means; not paired
B1,B1-M00,6,snv,1098.7653333333333,0.033492702986301914,difference of equal-sample representative means; not paired
B1,B1-M00,6,snv,1104.2260784313726,0.03188431273911663,difference of equal-sample representative means; not paired
B1,B1-M00,6,snv,1109.6868235294119,0.029471080991995358,difference of equal-sample representative means; not paired
B1,B1-M00,6,snv,1115.1475686274512,0.02517080691432816,difference of equal-sample representative means; not paired
B1,B1-M00,6,snv,1120.6083137254902,0.01888345026652516,difference of equal-sample representative means; not paired
B1,B1-M00,6,snv,1126.0690588235295,0.011185609297800214,difference of equal-sample representative means; not paired
B1,B1-M00,6,snv,1131.5298039215686,0.0023651325942046775,difference of equal-sample representative means; not paired
B1,B1-M00,6,snv,1136.990549019608,-0.006513818952357919,difference of equal-sample representative means; not paired
B1,B1-M00,6,snv,1142.4512941176472,-0.014150866739750745,difference of equal-sample representative means; not paired
B1,B1-M00,6,snv,1147.9120392156863,-0.019813696245422507,difference of equal-sample representative means; not paired
B1,B1-M00,6,snv,1153.3727843137256,-0.023804126279630244,difference of equal-sample representative means; not paired
B1,B1-M00,6,snv,1158.8335294117649,-0.027014876935675503,difference of equal-sample representative means; not paired
B1,B1-M00,6,snv,1164.294274509804,-0.03077983234435755,difference of equal-sample representative means; not paired
B1,B1-M00,6,snv,1169.7550196078432,-0.03424634122892489,difference of equal-sample representative means; not paired
B1,B1-M00,6,snv,1175.2157647058825,-0.037752027731831506,difference of equal-sample representative means; not paired
B1,B1-M00,6,snv,1180.6765098039216,-0.04134360732006037,difference of equal-sample representative means; not paired
B1,B1-M00,6,snv,1186.137254901961,-0.04427268941645379,difference of equal-sample representative means; not paired
B1,B1-M00,6,snv,1191.598,-0.04621482785280251,difference of equal-sample representative means; not paired
B1,B1-M00,6,snv,1197.0587450980393,-0.04616714571275626,difference of equal-sample representative means; not paired
B1,B1-M00,6,snv,1202.5194901960786,-0.0454149962037238,difference of equal-sample representative means; not paired
B1,B1-M00,6,snv,1207.9802352941178,-0.04417458404226282,difference of equal-sample representative means; not paired
B1,B1-M00,6,snv,1213.440980392157,-0.04416010692783734,difference of equal-sample representative means; not paired
B1,B1-M00,6,snv,1218.9017254901962,-0.043506696725820304,difference of equal-sample representative means; not paired
B1,B1-M00,6,snv,1224.3624705882353,-0.040396597017365976,difference of equal-sample representative means; not paired
B1,B1-M00,6,snv,1229.8232156862746,-0.03939981103198442,difference of equal-sample representative means; not paired
B1,B1-M00,6,snv,1235.2839607843139,-0.041258876344836715,difference of equal-sample representative means; not paired
B1,B1-M00,6,snv,1240.7447058823532,-0.038130191340449704,difference of equal-sample representative means; not paired
B1,B1-M00,6,snv,1246.2054509803922,-0.03670995429625323,difference of equal-sample representative means; not paired
B1,B1-M00,6,snv,1251.6661960784315,-0.0362232908629494,difference of equal-sample representative means; not paired
B1,B1-M00,6,snv,1257.1269411764706,-0.0361617325208381,difference of equal-sample representative means; not paired
B1,B1-M00,6,snv,1262.58768627451,-0.03635247879031689,difference of equal-sample representative means; not paired
B1,B1-M00,6,snv,1268.0484313725492,-0.03621396480576822,difference of equal-sample representative means; not paired
B1,B1-M00,6,snv,1273.5091764705883,-0.036062069939725605,difference of equal-sample representative means; not paired
B1,B1-M00,6,snv,1278.9699215686276,-0.03592136105003152,difference of equal-sample representative means; not paired
B1,B1-M00,6,snv,1284.4306666666666,-0.035320888764935,difference of equal-sample representative means; not paired
B1,B1-M00,6,snv,1289.891411764706,-0.03453598403723346,difference of equal-sample representative means; not paired
B1,B1-M00,6,snv,1295.3521568627452,-0.03356670867189848,difference of equal-sample representative means; not paired
B1,B1-M00,6,snv,1300.8129019607845,-0.03333131150684454,difference of equal-sample representative means; not paired
B1,B1-M00,6,snv,1306.2736470588236,-0.03482607730518228,difference of equal-sample representative means; not paired
B1,B1-M00,6,snv,1311.734392156863,-0.03631898081339768,difference of equal-sample representative means; not paired
B1,B1-M00,6,snv,1317.195137254902,-0.037620919534981034,difference of equal-sample representative means; not paired
B1,B1-M00,6,snv,1322.6558823529413,-0.038816954910220636,difference of equal-sample representative means; not paired
B1,B1-M00,6,snv,1328.1166274509806,-0.040382205370154356,difference of equal-sample representative means; not paired
B1,B1-M00,6,snv,1333.5773725490199,-0.04191425858335607,difference of equal-sample representative means; not paired
B1,B1-M00,6,snv,1339.038117647059,-0.043346805863708315,difference of equal-sample representative means; not paired
B1,B1-M00,6,snv,1344.4988627450982,-0.044912965495781165,difference of equal-sample representative means; not paired
B1,B1-M00,6,snv,1349.9596078431373,-0.046631051016358116,difference of equal-sample representative means; not paired
B1,B1-M00,6,snv,1355.4203529411766,-0.04815295526974028,difference of equal-sample representative means; not paired
B1,B1-M00,6,snv,1360.8810980392159,-0.049256201095997154,difference of equal-sample representative means; not paired
B1,B1-M00,6,snv,1366.341843137255,-0.04919962818258439,difference of equal-sample representative means; not paired
B1,B1-M00,6,snv,1371.8025882352943,-0.048539751901364725,difference of equal-sample representative means; not paired
B1,B1-M00,6,snv,1377.2633333333333,-0.047864961394523675,difference of equal-sample representative means; not paired
B1,B1-M00,6,snv,1382.7240784313726,-0.047090421169789065,difference of equal-sample representative means; not paired
B1,B1-M00,6,snv,1388.184823529412,-0.04542338452449829,difference of equal-sample representative means; not paired
B1,B1-M00,6,snv,1393.6455686274512,-0.04229324927565259,difference of equal-sample representative means; not paired
B1,B1-M00,6,snv,1399.1063137254903,-0.038236368069801796,difference of equal-sample representative means; not paired
B1,B1-M00,6,snv,1404.5670588235296,-0.032428345251252766,difference of equal-sample representative means; not paired
B1,B1-M00,6,snv,1410.0278039215686,-0.026108222736765142,difference of equal-sample representative means; not paired
B1,B1-M00,6,snv,1415.488549019608,-0.019572865462189018,difference of equal-sample representative means; not paired
B1,B1-M00,6,snv,1420.9492941176472,-0.013323558570558058,difference of equal-sample representative means; not paired
B1,B1-M00,6,snv,1426.4100392156865,-0.008004740900822649,difference of equal-sample representative means; not paired
B1,B1-M00,6,snv,1431.8707843137256,-0.0036312185236941907,difference of equal-sample representative means; not paired
B1,B1-M00,6,snv,1437.3315294117647,-0.0002012924495002899,difference of equal-sample representative means; not paired
B1,B1-M00,6,snv,1442.792274509804,0.002377558137098168,difference of equal-sample representative means; not paired
B1,B1-M00,6,snv,1448.2530196078433,0.004303699945602646,difference of equal-sample representative means; not paired
B1,B1-M00,6,snv,1453.7137647058826,0.005607286032133896,difference of equal-sample representative means; not paired
B1,B1-M00,6,snv,1459.1745098039219,0.006870119426925836,difference of equal-sample representative means; not paired
B1,B1-M00,6,snv,1464.635254901961,0.008242226175266154,difference of equal-sample representative means; not paired
B1,B1-M00,6,snv,1470.096,0.009015267635149704,difference of equal-sample representative means; not paired
B1,B1-M00,6,snv,1475.5567450980393,0.009479406116124522,difference of equal-sample representative means; not paired
B1,B1-M00,6,snv,1481.0174901960786,0.009252951017425737,difference of equal-sample representative means; not paired
B1,B1-M00,6,snv,1486.478235294118,0.008883999624792138,difference of equal-sample representative means; not paired
B1,B1-M00,6,snv,1491.938980392157,0.008075831839861158,difference of equal-sample representative means; not paired
B1,B1-M00,6,snv,1497.3997254901963,0.0073107741684047545,difference of equal-sample representative means; not paired
B1,B1-M00,6,snv,1502.8604705882353,0.006558819503170943,difference of equal-sample representative means; not paired
B1,B1-M00,6,snv,1508.3212156862746,0.005452961907911669,difference of equal-sample representative means; not paired
B1,B1-M00,6,snv,1513.781960784314,0.004650426716001355,difference of equal-sample representative means; not paired
B1,B1-M00,6,snv,1519.2427058823532,0.004178165036047843,difference of equal-sample representative means; not paired
B1,B1-M00,6,snv,1524.7034509803923,0.004479842577883586,difference of equal-sample representative means; not paired
B1,B1-M00,6,snv,1530.1641960784316,0.002905604313607091,difference of equal-sample representative means; not paired
B1,B1-M00,6,snv,1535.6249411764707,0.0011907916595722545,difference of equal-sample representative means; not paired
B1,B1-M00,6,snv,1541.08568627451,0.00021283108976066778,difference of equal-sample representative means; not paired
B1,B1-M00,6,snv,1546.5464313725493,-0.00028980864674765794,difference of equal-sample representative means; not paired
B1,B1-M00,6,snv,1552.0071764705885,-0.000665952219836119,difference of equal-sample representative means; not paired
B1,B1-M00,6,snv,1557.4679215686276,-0.0009639070468216437,difference of equal-sample representative means; not paired
B1,B1-M00,6,snv,1562.9286666666667,-0.0010834914846680754,difference of equal-sample representative means; not paired
B1,B1-M00,6,snv,1568.389411764706,-0.0022685911071858578,difference of equal-sample representative means; not paired
B1,B1-M00,6,snv,1573.8501568627453,-0.003229778801477068,difference of equal-sample representative means; not paired
B1,B1-M00,6,snv,1579.3109019607846,-0.004037872155942035,difference of equal-sample representative means; not paired
B1,B1-M00,6,snv,1584.7716470588239,-0.00491636735532941,difference of equal-sample representative means; not paired
B1,B1-M00,6,snv,1590.232392156863,-0.005886357237651518,difference of equal-sample representative means; not paired
B1,B1-M00,6,snv,1595.693137254902,-0.00749376220535658,difference of equal-sample representative means; not paired
B1,B1-M00,6,snv,1601.1538823529413,-0.009047372239067542,difference of equal-sample representative means; not paired
B1,B1-M00,6,snv,1606.6146274509806,-0.011083502503698495,difference of equal-sample representative means; not paired
B1,B1-M00,6,snv,1612.07537254902,-0.013022154547210674,difference of equal-sample representative means; not paired
B1,B1-M00,6,snv,1617.536117647059,-0.014828223838366461,difference of equal-sample representative means; not paired
B1,B1-M00,6,snv,1622.9968627450983,-0.016525742930361575,difference of equal-sample representative means; not paired
B1,B1-M00,6,snv,1628.4576078431373,-0.018107627402658588,difference of equal-sample representative means; not paired
B1,B1-M00,6,snv,1633.9183529411766,-0.019572641160758353,difference of equal-sample representative means; not paired
B1,B1-M00,6,snv,1639.379098039216,-0.020983250803461945,difference of equal-sample representative means; not paired
B1,B1-M00,6,snv,1644.8398431372552,-0.022275701674224074,difference of equal-sample representative means; not paired
B1,B1-M00,6,snv,1650.3005882352943,-0.023292710561137353,difference of equal-sample representative means; not paired
B1,B1-M00,6,snv,1655.7613333333334,-0.02388182143879003,difference of equal-sample representative means; not paired
B1,B1-M00,6,snv,1661.2220784313727,-0.024926067439808935,difference of equal-sample representative means; not paired
B1,B1-M00,6,snv,1666.682823529412,-0.026600406576532842,difference of equal-sample representative means; not paired
B1,B1-M00,6,snv,1672.1435686274513,-0.028171093597492203,difference of equal-sample representative means; not paired
B1,B1-M00,6,snv,1677.6043137254906,-0.02947771586518183,difference of equal-sample representative means; not paired
B1,B1-M00,6,snv,1683.0650588235296,-0.03151827465203011,difference of equal-sample representative means; not paired
B1,B1-M00,6,snv,1688.5258039215687,-0.03276110938640958,difference of equal-sample representative means; not paired
B1,B1-M00,6,snv,1693.986549019608,-0.033707284690663586,difference of equal-sample representative means; not paired
B1,B1-M00,6,snv,1699.4472941176473,-0.03438563511828918,difference of equal-sample representative means; not paired
B1,B1-M00,6,snv,1704.9080392156866,-0.03471844227651277,difference of equal-sample representative means; not paired
B1,B1-M00,6,snv,1710.3687843137257,-0.034768962172833484,difference of equal-sample representative means; not paired
B1,B1-M00,6,snv,1715.829529411765,-0.03474215894750293,difference of equal-sample representative means; not paired
B1,B1-M00,6,snv,1721.290274509804,-0.03434147074218252,difference of equal-sample representative means; not paired
B1,B1-M00,6,snv,1726.7510196078433,-0.03377224865074463,difference of equal-sample representative means; not paired
B1,B1-M00,6,snv,1732.2117647058826,-0.0330930220095606,difference of equal-sample representative means; not paired
B1,B1-M00,6,snv,1737.672509803922,-0.03277954875577688,difference of equal-sample representative means; not paired
B1,B1-M00,6,snv,1743.133254901961,-0.032678327850563293,difference of equal-sample representative means; not paired
B1,B1-M00,6,snv,1748.594,-0.03259437264129339,difference of equal-sample representative means; not paired
B1,B1-M00,6,snv,1754.0547450980393,-0.03231326286439229,difference of equal-sample representative means; not paired
B1,B1-M00,6,snv,1759.5154901960786,-0.031248626280619363,difference of equal-sample representative means; not paired
B1,B1-M00,6,snv,1764.976235294118,-0.030320054815588526,difference of equal-sample representative means; not paired
B1,B1-M00,6,snv,1770.4369803921572,-0.029027841367338603,difference of equal-sample representative means; not paired
B1,B1-M00,6,snv,1775.8977254901963,-0.02784307791265872,difference of equal-sample representative means; not paired
B1,B1-M00,6,snv,1781.3584705882354,-0.027014797235952404,difference of equal-sample representative means; not paired
B1,B1-M00,6,snv,1786.8192156862747,-0.026485037752442486,difference of equal-sample representative means; not paired
B1,B1-M00,6,snv,1792.279960784314,-0.02614811112711929,difference of equal-sample representative means; not paired
B1,B1-M00,6,snv,1797.7407058823533,-0.026101684163694294,difference of equal-sample representative means; not paired
B1,B1-M00,6,snv,1803.2014509803923,-0.02665794566513502,difference of equal-sample representative means; not paired
B1,B1-M00,6,snv,1808.6621960784316,-0.026905188913759537,difference of equal-sample representative means; not paired
B1,B1-M00,6,snv,1814.1229411764707,-0.0272913240463159,difference of equal-sample representative means; not paired
B1,B1-M00,6,snv,1819.58368627451,-0.027878299255824857,difference of equal-sample representative means; not paired
B1,B1-M00,6,snv,1825.0444313725493,-0.02852887116318481,difference of equal-sample representative means; not paired
B1,B1-M00,6,snv,1830.5051764705886,-0.02909854937866746,difference of equal-sample representative means; not paired
B1,B1-M00,6,snv,1835.9659215686277,-0.029679526587542304,difference of equal-sample representative means; not paired
B1,B1-M00,6,snv,1841.4266666666667,-0.030593576089948282,difference of equal-sample representative means; not paired
B1,B1-M00,6,snv,1846.887411764706,-0.030553864127988717,difference of equal-sample representative means; not paired
B1,B1-M00,6,snv,1852.3481568627453,-0.03118283492163665,difference of equal-sample representative means; not paired
B1,B1-M00,6,snv,1857.8089019607846,-0.03279374881216501,difference of equal-sample representative means; not paired
B1,B1-M00,6,snv,1863.269647058824,-0.031461831635267945,difference of equal-sample representative means; not paired
B1,B1-M00,6,snv,1868.730392156863,-0.029209214757343893,difference of equal-sample representative means; not paired
B1,B1-M00,6,snv,1874.191137254902,-0.027487019110448097,difference of equal-sample representative means; not paired
B1,B1-M00,6,snv,1879.6518823529414,-0.023949577425164847,difference of equal-sample representative means; not paired
B1,B1-M00,6,snv,1885.1126274509807,-0.01862736101307111,difference of equal-sample representative means; not paired
B1,B1-M00,6,snv,1890.57337254902,-0.011981796579480952,difference of equal-sample representative means; not paired
B1,B1-M00,6,snv,1896.034117647059,-0.004267773030897315,difference of equal-sample representative means; not paired
B1,B1-M00,6,snv,1901.4948627450983,0.004202637248797769,difference of equal-sample representative means; not paired
B1,B1-M00,6,snv,1906.9556078431374,0.012557360639100179,difference of equal-sample representative means; not paired
B1,B1-M00,6,snv,1912.4163529411767,0.02047384509453165,difference of equal-sample representative means; not paired
B1,B1-M00,6,snv,1917.877098039216,0.02733321800370825,difference of equal-sample representative means; not paired
B1,B1-M00,6,snv,1923.3378431372553,0.03151246721079404,difference of equal-sample representative means; not paired
B1,B1-M00,6,snv,1928.7985882352943,0.03310057523498289,difference of equal-sample representative means; not paired
B1,B1-M00,6,snv,1934.2593333333336,0.034242897184705745,difference of equal-sample representative means; not paired
B1,B1-M00,6,snv,1939.7200784313727,0.034553263507975496,difference of equal-sample representative means; not paired
B1,B1-M00,6,snv,1945.180823529412,0.03379750692262573,difference of equal-sample representative means; not paired
B1,B1-M00,6,snv,1950.6415686274513,0.03226371909556747,difference of equal-sample representative means; not paired
B1,B1-M00,6,snv,1956.1023137254906,0.03026665258278638,difference of equal-sample representative means; not paired
B1,B1-M00,6,snv,1961.5630588235294,0.02804496618349228,difference of equal-sample representative means; not paired
B1,B1-M00,6,snv,1967.0238039215687,0.02599635064995387,difference of equal-sample representative means; not paired
B1,B1-M00,6,snv,1972.484549019608,0.02373316936915648,difference of equal-sample representative means; not paired
B1,B1-M00,6,snv,1977.9452941176473,0.021332081787216017,difference of equal-sample representative means; not paired
B1,B1-M00,6,snv,1983.4060392156866,0.01920266350967814,difference of equal-sample representative means; not paired
B1,B1-M00,6,snv,1988.866784313726,0.0169745842793545,difference of equal-sample representative means; not paired
B1,B1-M00,6,snv,1994.3275294117648,0.014902422766312484,difference of equal-sample representative means; not paired
B1,B1-M00,6,snv,1999.788274509804,0.013224265258426904,difference of equal-sample representative means; not paired
B1,B1-M00,6,snv,2005.2490196078434,0.011574201489584213,difference of equal-sample representative means; not paired
B1,B1-M00,6,snv,2010.7097647058827,0.009525055198126298,difference of equal-sample representative means; not paired
B1,B1-M00,6,snv,2016.170509803922,0.008163384854669387,difference of equal-sample representative means; not paired
B1,B1-M00,6,snv,2021.6312549019613,0.008047038148245145,difference of equal-sample representative means; not paired
B1,B1-M00,6,snv,2027.092,0.007803796899864102,difference of equal-sample representative means; not paired
B1,B1-M00,6,snv,2032.5527450980394,0.007968714048810166,difference of equal-sample representative means; not paired
B1,B1-M00,6,snv,2038.0134901960787,0.008821253285142938,difference of equal-sample representative means; not paired
B1,B1-M00,6,snv,2043.474235294118,0.010016119372909138,difference of equal-sample representative means; not paired
B1,B1-M00,6,snv,2048.9349803921573,0.011285317371022785,difference of equal-sample representative means; not paired
B1,B1-M00,6,snv,2054.3957254901966,0.013236988326083887,difference of equal-sample representative means; not paired
B1,B1-M00,6,snv,2059.8564705882354,0.014682792247421639,difference of equal-sample representative means; not paired
B1,B1-M00,6,snv,2065.3172156862747,0.015978381204012626,difference of equal-sample representative means; not paired
B1,B1-M00,6,snv,2070.777960784314,0.017347091820715033,difference of equal-sample representative means; not paired
B1,B1-M00,6,snv,2076.2387058823533,0.01879725155689349,difference of equal-sample representative means; not paired
B1,B1-M00,6,snv,2081.6994509803926,0.01997177523420479,difference of equal-sample representative means; not paired
B1,B1-M00,6,snv,2087.1601960784315,0.020806501525530763,difference of equal-sample representative means; not paired
B1,B1-M00,6,snv,2092.6209411764708,0.02243345273021613,difference of equal-sample representative means; not paired
B1,B1-M00,6,snv,2098.08168627451,0.022034679585986483,difference of equal-sample representative means; not paired
B1,B1-M00,6,snv,2103.5424313725493,0.023248451003382353,difference of equal-sample representative means; not paired
B1,B1-M00,6,snv,2109.0031764705886,0.023053871740087883,difference of equal-sample representative means; not paired
B1,B1-M00,6,snv,2114.463921568628,0.022959490222283385,difference of equal-sample representative means; not paired
B1,B1-M00,6,snv,2119.924666666667,0.023047605003276628,difference of equal-sample representative means; not paired
B1,B1-M00,6,snv,2125.385411764706,0.0227776747641677,difference of equal-sample representative means; not paired
B1,B1-M00,6,snv,2130.8461568627454,0.022397978464679724,difference of equal-sample representative means; not paired
B1,B1-M00,6,snv,2136.3069019607847,0.02236749697331719,difference of equal-sample representative means; not paired
B1,B1-M00,6,snv,2141.767647058824,0.021115778067325897,difference of equal-sample representative means; not paired
B1,B1-M00,6,snv,2147.2283921568633,0.021220063243644782,difference of equal-sample representative means; not paired
B1,B1-M00,6,snv,2152.689137254902,0.02020949241894865,difference of equal-sample representative means; not paired
B1,B1-M00,6,snv,2158.1498823529414,0.01907713468644978,difference of equal-sample representative means; not paired
B1,B1-M00,6,snv,2163.6106274509807,0.017860958735937293,difference of equal-sample representative means; not paired
B1,B1-M00,6,snv,2169.07137254902,0.01654088280336241,difference of equal-sample representative means; not paired
B1,B1-M00,6,snv,2174.5321176470593,0.016538404225167502,difference of equal-sample representative means; not paired
B1,B1-M00,6,snv,2179.992862745098,0.01522624554243246,difference of equal-sample representative means; not paired
B1,B1-M00,6,snv,2185.4536078431374,0.01452875538734233,difference of equal-sample representative means; not paired
B1,B1-M00,6,snv,2190.9143529411767,0.01452361087166476,difference of equal-sample representative means; not paired
B1,B1-M00,6,snv,2196.375098039216,0.01313802796857022,difference of equal-sample representative means; not paired
B1,B1-M00,6,snv,2201.8358431372553,0.011968005545856086,difference of equal-sample representative means; not paired
B1,B1-M00,6,snv,2207.2965882352946,0.011592360810745217,difference of equal-sample representative means; not paired
B1,B1-M00,6,snv,2212.7573333333335,0.011181814250828537,difference of equal-sample representative means; not paired
B1,B1-M00,6,snv,2218.2180784313728,0.011304167069472681,difference of equal-sample representative means; not paired
B1,B1-M00,6,snv,2223.678823529412,0.010032844569100585,difference of equal-sample representative means; not paired
B1,B1-M00,6,snv,2229.1395686274514,0.01014557128181881,difference of equal-sample representative means; not paired
B1,B1-M00,6,snv,2234.6003137254907,0.010754388833973505,difference of equal-sample representative means; not paired
B1,B1-M00,6,snv,2240.06105882353,0.01141702139828027,difference of equal-sample representative means; not paired
B1,B1-M00,6,snv,2245.521803921569,0.011682154293510605,difference of equal-sample representative means; not paired
B1,B1-M00,6,snv,2250.982549019608,0.01271658275139087,difference of equal-sample representative means; not paired
B1,B1-M00,6,snv,2256.4432941176474,0.01576534684328168,difference of equal-sample representative means; not paired
B1,B1-M00,6,snv,2261.9040392156867,0.017205235304751598,difference of equal-sample representative means; not paired
B1,B1-M00,6,snv,2267.364784313726,0.017890745140229702,difference of equal-sample representative means; not paired
B1,B1-M00,6,snv,2272.825529411765,0.020108209000915478,difference of equal-sample representative means; not paired
B1,B1-M00,6,snv,2278.286274509804,0.02069301621641939,difference of equal-sample representative means; not paired
B1,B1-M00,6,snv,2283.7470196078434,0.018802122999409976,difference of equal-sample representative means; not paired
B1,B1-M00,6,snv,2289.2077647058827,0.015574905217909052,difference of equal-sample representative means; not paired
B1,B1-M00,6,snv,2294.668509803922,0.011914101168317925,difference of equal-sample representative means; not paired
B1,B1-M00,6,snv,2300.1292549019613,0.006886456384659123,difference of equal-sample representative means; not paired
B1,B1-M00,6,snv,2305.59,-0.0012247183788938187,difference of equal-sample representative means; not paired
B1,B1-M00,6,second_derivative,913.1,2.1892203287827896e-05,difference of equal-sample representative means; not paired
B1,B1-M00,6,second_derivative,918.5607450980392,2.1892203287827896e-05,difference of equal-sample representative means; not paired
B1,B1-M00,6,second_derivative,924.0214901960785,2.1892203287827896e-05,difference of equal-sample representative means; not paired
B1,B1-M00,6,second_derivative,929.4822352941177,2.1892203287827652e-05,difference of equal-sample representative means; not paired
B1,B1-M00,6,second_derivative,934.9429803921569,1.8482919056152935e-05,difference of equal-sample representative means; not paired
B1,B1-M00,6,second_derivative,940.4037254901962,1.0680352573352457e-05,difference of equal-sample representative means; not paired
B1,B1-M00,6,second_derivative,945.8644705882353,7.728803055920242e-06,difference of equal-sample representative means; not paired
B1,B1-M00,6,second_derivative,951.3252156862745,5.284246382299693e-06,difference of equal-sample representative means; not paired
B1,B1-M00,6,second_derivative,956.7859607843137,2.653828573420253e-06,difference of equal-sample representative means; not paired
B1,B1-M00,6,second_derivative,962.246705882353,1.69591743274289e-06,difference of equal-sample representative means; not paired
B1,B1-M00,6,second_derivative,967.7074509803922,2.5113359299575405e-07,difference of equal-sample representative means; not paired
B1,B1-M00,6,second_derivative,973.1681960784314,-1.1543944792644448e-06,difference of equal-sample representative means; not paired
B1,B1-M00,6,second_derivative,978.6289411764706,-2.6819164348409222e-06,difference of equal-sample representative means; not paired
B1,B1-M00,6,second_derivative,984.0896862745099,-3.2816990511399158e-06,difference of equal-sample representative means; not paired
B1,B1-M00,6,second_derivative,989.550431372549,-3.096822023647975e-06,difference of equal-sample representative means; not paired
B1,B1-M00,6,second_derivative,995.0111764705882,-2.6148877089278696e-06,difference of equal-sample representative means; not paired
B1,B1-M00,6,second_derivative,1000.4719215686275,-2.1263319180187248e-06,difference of equal-sample representative means; not paired
B1,B1-M00,6,second_derivative,1005.9326666666667,-1.6689874366786964e-06,difference of equal-sample representative means; not paired
B1,B1-M00,6,second_derivative,1011.3934117647059,-1.4039526437102217e-06,difference of equal-sample representative means; not paired
B1,B1-M00,6,second_derivative,1016.8541568627452,-1.1728491153115747e-06,difference of equal-sample representative means; not paired
B1,B1-M00,6,second_derivative,1022.3149019607844,-6.434884973919979e-07,difference of equal-sample representative means; not paired
B1,B1-M00,6,second_derivative,1027.7756470588236,-1.8265030163533548e-07,difference of equal-sample representative means; not paired
B1,B1-M00,6,second_derivative,1033.2363921568628,1.185716450846228e-07,difference of equal-sample representative means; not paired
B1,B1-M00,6,second_derivative,1038.697137254902,2.9263422128227024e-07,difference of equal-sample representative means; not paired
B1,B1-M00,6,second_derivative,1044.1578823529412,2.7295841504448215e-07,difference of equal-sample representative means; not paired
B1,B1-M00,6,second_derivative,1049.6186274509805,1.3319776961605586e-07,difference of equal-sample representative means; not paired
B1,B1-M00,6,second_derivative,1055.0793725490196,3.2987786238857643e-07,difference of equal-sample representative means; not paired
B1,B1-M00,6,second_derivative,1060.5401176470589,6.027231835061342e-08,difference of equal-sample representative means; not paired
B1,B1-M00,6,second_derivative,1066.0008627450982,-2.1038759433367712e-07,difference of equal-sample representative means; not paired
B1,B1-M00,6,second_derivative,1071.4616078431372,-3.616978843358907e-07,difference of equal-sample representative means; not paired
B1,B1-M00,6,second_derivative,1076.9223529411765,-2.526590451742795e-07,difference of equal-sample representative means; not paired
B1,B1-M00,6,second_derivative,1082.3830980392158,1.1351753508984122e-07,difference of equal-sample representative means; not paired
B1,B1-M00,6,second_derivative,1087.843843137255,7.007358266476169e-07,difference of equal-sample representative means; not paired
B1,B1-M00,6,second_derivative,1093.3045882352942,1.2556074984611944e-06,difference of equal-sample representative means; not paired
B1,B1-M00,6,second_derivative,1098.7653333333333,2.375998723749467e-06,difference of equal-sample representative means; not paired
B1,B1-M00,6,second_derivative,1104.2260784313726,3.856016358458491e-06,difference of equal-sample representative means; not paired
B1,B1-M00,6,second_derivative,1109.6868235294119,5.2068294075942244e-06,difference of equal-sample representative means; not paired
B1,B1-M00,6,second_derivative,1115.1475686274512,5.9640948014545885e-06,difference of equal-sample representative means; not paired
B1,B1-M00,6,second_derivative,1120.6083137254902,5.497334387705044e-06,difference of equal-sample representative means; not paired
B1,B1-M00,6,second_derivative,1126.0690588235295,3.5300701938869867e-06,difference of equal-sample representative means; not paired
B1,B1-M00,6,second_derivative,1131.5298039215686,6.26233432735517e-07,difference of equal-sample representative means; not paired
B1,B1-M00,6,second_derivative,1136.990549019608,-2.2061537006147836e-06,difference of equal-sample representative means; not paired
B1,B1-M00,6,second_derivative,1142.4512941176472,-3.927106258391592e-06,difference of equal-sample representative means; not paired
B1,B1-M00,6,second_derivative,1147.9120392156863,-3.6475371552486614e-06,difference of equal-sample representative means; not paired
B1,B1-M00,6,second_derivative,1153.3727843137256,-2.1823478817393706e-06,difference of equal-sample representative means; not paired
B1,B1-M00,6,second_derivative,1158.8335294117649,-6.634104052542376e-07,difference of equal-sample representative means; not paired
B1,B1-M00,6,second_derivative,1164.294274509804,1.6565811118090182e-07,difference of equal-sample representative means; not paired
B1,B1-M00,6,second_derivative,1169.7550196078432,4.53654280281257e-08,difference of equal-sample representative means; not paired
B1,B1-M00,6,second_derivative,1175.2157647058825,-7.985086891059631e-07,difference of equal-sample representative means; not paired
B1,B1-M00,6,second_derivative,1180.6765098039216,-2.4811875030210574e-06,difference of equal-sample representative means; not paired
B1,B1-M00,6,second_derivative,1186.137254901961,-4.355409844707483e-06,difference of equal-sample representative means; not paired
B1,B1-M00,6,second_derivative,1191.598,-5.356994409112563e-06,difference of equal-sample representative means; not paired
B1,B1-M00,6,second_derivative,1197.0587450980393,-4.581552940503899e-06,difference of equal-sample representative means; not paired
B1,B1-M00,6,second_derivative,1202.5194901960786,-2.9550347034286765e-06,difference of equal-sample representative means; not paired
B1,B1-M00,6,second_derivative,1207.9802352941178,-2.042741163783245e-06,difference of equal-sample representative means; not paired
B1,B1-M00,6,second_derivative,1213.440980392157,-1.5518408870782462e-06,difference of equal-sample representative means; not paired
B1,B1-M00,6,second_derivative,1218.9017254901962,-4.197313544578573e-07,difference of equal-sample representative means; not paired
B1,B1-M00,6,second_derivative,1224.3624705882353,-4.6059413222626175e-07,difference of equal-sample representative means; not paired
B1,B1-M00,6,second_derivative,1229.8232156862746,-1.5868139363878949e-07,difference of equal-sample representative means; not paired
B1,B1-M00,6,second_derivative,1235.2839607843139,1.5642190398373924e-07,difference of equal-sample representative means; not paired
B1,B1-M00,6,second_derivative,1240.7447058823532,2.823074195483909e-07,difference of equal-sample representative means; not paired
B1,B1-M00,6,second_derivative,1246.2054509803922,1.2158388774423381e-06,difference of equal-sample representative means; not paired
B1,B1-M00,6,second_derivative,1251.6661960784315,2.0504684511438975e-06,difference of equal-sample representative means; not paired
B1,B1-M00,6,second_derivative,1257.1269411764706,1.0725741354724788e-06,difference of equal-sample representative means; not paired
B1,B1-M00,6,second_derivative,1262.58768627451,3.142033955122237e-07,difference of equal-sample representative means; not paired
B1,B1-M00,6,second_derivative,1268.0484313725492,-3.8718716317859626e-07,difference of equal-sample representative means; not paired
B1,B1-M00,6,second_derivative,1273.5091764705883,-8.580638524786533e-07,difference of equal-sample representative means; not paired
B1,B1-M00,6,second_derivative,1278.9699215686276,-1.0092807335593027e-06,difference of equal-sample representative means; not paired
B1,B1-M00,6,second_derivative,1284.4306666666666,-5.043303630289174e-07,difference of equal-sample representative means; not paired
B1,B1-M00,6,second_derivative,1289.891411764706,1.1586166222424951e-06,difference of equal-sample representative means; not paired
B1,B1-M00,6,second_derivative,1295.3521568627452,2.6889574017472423e-06,difference of equal-sample representative means; not paired
B1,B1-M00,6,second_derivative,1300.8129019607845,3.166915512379025e-06,difference of equal-sample representative means; not paired
B1,B1-M00,6,second_derivative,1306.2736470588236,2.6448982934769604e-06,difference of equal-sample representative means; not paired
B1,B1-M00,6,second_derivative,1311.734392156863,1.778704646185201e-06,difference of equal-sample representative means; not paired
B1,B1-M00,6,second_derivative,1317.195137254902,1.3698066648006507e-06,difference of equal-sample representative means; not paired
B1,B1-M00,6,second_derivative,1322.6558823529413,1.7009229115042123e-06,difference of equal-sample representative means; not paired
B1,B1-M00,6,second_derivative,1328.1166274509806,1.9253026309660424e-06,difference of equal-sample representative means; not paired
B1,B1-M00,6,second_derivative,1333.5773725490199,2.0170789170481125e-06,difference of equal-sample representative means; not paired
B1,B1-M00,6,second_derivative,1339.038117647059,1.6987453174408852e-06,difference of equal-sample representative means; not paired
B1,B1-M00,6,second_derivative,1344.4988627450982,9.512178567331535e-07,difference of equal-sample representative means; not paired
B1,B1-M00,6,second_derivative,1349.9596078431373,-5.376830120436805e-07,difference of equal-sample representative means; not paired
B1,B1-M00,6,second_derivative,1355.4203529411766,-2.1750411978040763e-06,difference of equal-sample representative means; not paired
B1,B1-M00,6,second_derivative,1360.8810980392159,-3.061904508362649e-06,difference of equal-sample representative means; not paired
B1,B1-M00,6,second_derivative,1366.341843137255,-2.933209418409999e-06,difference of equal-sample representative means; not paired
B1,B1-M00,6,second_derivative,1371.8025882352943,-2.3963080700355484e-06,difference of equal-sample representative means; not paired
B1,B1-M00,6,second_derivative,1377.2633333333333,-1.957684077667804e-06,difference of equal-sample representative means; not paired
B1,B1-M00,6,second_derivative,1382.7240784313726,-1.8144160215886925e-06,difference of equal-sample representative means; not paired
B1,B1-M00,6,second_derivative,1388.184823529412,-2.0187976856316257e-06,difference of equal-sample representative means; not paired
B1,B1-M00,6,second_derivative,1393.6455686274512,-2.1314561227845724e-06,difference of equal-sample representative means; not paired
B1,B1-M00,6,second_derivative,1399.1063137254903,-2.1588969666512108e-06,difference of equal-sample representative means; not paired
B1,B1-M00,6,second_derivative,1404.5670588235296,-2.164850884489388e-06,difference of equal-sample representative means; not paired
B1,B1-M00,6,second_derivative,1410.0278039215686,-1.8377726622120536e-06,difference of equal-sample representative means; not paired
B1,B1-M00,6,second_derivative,1415.488549019608,-1.1459315458203064e-06,difference of equal-sample representative means; not paired
B1,B1-M00,6,second_derivative,1420.9492941176472,-5.473055176561975e-07,difference of equal-sample representative means; not paired
B1,B1-M00,6,second_derivative,1426.4100392156865,1.8192555880642669e-07,difference of equal-sample representative means; not paired
B1,B1-M00,6,second_derivative,1431.8707843137256,6.656642996183057e-07,difference of equal-sample representative means; not paired
B1,B1-M00,6,second_derivative,1437.3315294117647,1.1711042512896954e-06,difference of equal-sample representative means; not paired
B1,B1-M00,6,second_derivative,1442.792274509804,1.3386494054943248e-06,difference of equal-sample representative means; not paired
B1,B1-M00,6,second_derivative,1448.2530196078433,7.864778107866257e-07,difference of equal-sample representative means; not paired
B1,B1-M00,6,second_derivative,1453.7137647058826,5.268822315302634e-07,difference of equal-sample representative means; not paired
B1,B1-M00,6,second_derivative,1459.1745098039219,7.057343584883469e-07,difference of equal-sample representative means; not paired
B1,B1-M00,6,second_derivative,1464.635254901961,1.342491727639999e-06,difference of equal-sample representative means; not paired
B1,B1-M00,6,second_derivative,1470.096,2.066127807486088e-06,difference of equal-sample representative means; not paired
B1,B1-M00,6,second_derivative,1475.5567450980393,2.2338323031392443e-06,difference of equal-sample representative means; not paired
B1,B1-M00,6,second_derivative,1481.0174901960786,1.513408068836843e-06,difference of equal-sample representative means; not paired
B1,B1-M00,6,second_derivative,1486.478235294118,7.798190873259773e-07,difference of equal-sample representative means; not paired
B1,B1-M00,6,second_derivative,1491.938980392157,3.100413751385435e-07,difference of equal-sample representative means; not paired
B1,B1-M00,6,second_derivative,1497.3997254901963,3.851190489953768e-09,difference of equal-sample representative means; not paired
B1,B1-M00,6,second_derivative,1502.8604705882353,-4.3936775483191436e-07,difference of equal-sample representative means; not paired
B1,B1-M00,6,second_derivative,1508.3212156862746,-1.2778962913217076e-06,difference of equal-sample representative means; not paired
B1,B1-M00,6,second_derivative,1513.781960784314,-5.171959584496509e-07,difference of equal-sample representative means; not paired
B1,B1-M00,6,second_derivative,1519.2427058823532,1.0205545807145087e-06,difference of equal-sample representative means; not paired
B1,B1-M00,6,second_derivative,1524.7034509803923,1.9858088498457615e-06,difference of equal-sample representative means; not paired
B1,B1-M00,6,second_derivative,1530.1641960784316,1.4217558240814807e-06,difference of equal-sample representative means; not paired
B1,B1-M00,6,second_derivative,1535.6249411764707,-2.554899823750533e-07,difference of equal-sample representative means; not paired
B1,B1-M00,6,second_derivative,1541.08568627451,-2.159998940552172e-06,difference of equal-sample representative means; not paired
B1,B1-M00,6,second_derivative,1546.5464313725493,-1.9652047066862824e-06,difference of equal-sample representative means; not paired
B1,B1-M00,6,second_derivative,1552.0071764705885,-3.2822027476002927e-07,difference of equal-sample representative means; not paired
B1,B1-M00,6,second_derivative,1557.4679215686276,8.679993574475554e-07,difference of equal-sample representative means; not paired
B1,B1-M00,6,second_derivative,1562.9286666666667,1.2762032801992664e-06,difference of equal-sample representative means; not paired
B1,B1-M00,6,second_derivative,1568.389411764706,1.070311369992808e-06,difference of equal-sample representative means; not paired
B1,B1-M00,6,second_derivative,1573.8501568627453,4.6665873607547005e-07,difference of equal-sample representative means; not paired
B1,B1-M00,6,second_derivative,1579.3109019607846,2.4771605603597856e-07,difference of equal-sample representative means; not paired
B1,B1-M00,6,second_derivative,1584.7716470588239,6.546344937002668e-07,difference of equal-sample representative means; not paired
B1,B1-M00,6,second_derivative,1590.232392156863,8.178403467596967e-07,difference of equal-sample representative means; not paired
B1,B1-M00,6,second_derivative,1595.693137254902,5.148821490727757e-07,difference of equal-sample representative means; not paired
B1,B1-M00,6,second_derivative,1601.1538823529413,1.1777870433261607e-08,difference of equal-sample representative means; not paired
B1,B1-M00,6,second_derivative,1606.6146274509806,-3.9780946874637903e-07,difference of equal-sample representative means; not paired
B1,B1-M00,6,second_derivative,1612.07537254902,-3.6707198036225794e-07,difference of equal-sample representative means; not paired
B1,B1-M00,6,second_derivative,1617.536117647059,-4.352331049825992e-07,difference of equal-sample representative means; not paired
B1,B1-M00,6,second_derivative,1622.9968627450983,-1.0499848515731536e-07,difference of equal-sample representative means; not paired
B1,B1-M00,6,second_derivative,1628.4576078431373,6.316301996909154e-08,difference of equal-sample representative means; not paired
B1,B1-M00,6,second_derivative,1633.9183529411766,2.6292216248517897e-07,difference of equal-sample representative means; not paired
B1,B1-M00,6,second_derivative,1639.379098039216,3.6205128119634486e-07,difference of equal-sample representative means; not paired
B1,B1-M00,6,second_derivative,1644.8398431372552,7.208747458209235e-07,difference of equal-sample representative means; not paired
B1,B1-M00,6,second_derivative,1650.3005882352943,1.4987610141173016e-06,difference of equal-sample representative means; not paired
B1,B1-M00,6,second_derivative,1655.7613333333334,2.178200984702834e-06,difference of equal-sample representative means; not paired
B1,B1-M00,6,second_derivative,1661.2220784313727,1.986156162904437e-06,difference of equal-sample representative means; not paired
B1,B1-M00,6,second_derivative,1666.682823529412,1.3484060578865605e-06,difference of equal-sample representative means; not paired
B1,B1-M00,6,second_derivative,1672.1435686274513,-1.4778184170272836e-07,difference of equal-sample representative means; not paired
B1,B1-M00,6,second_derivative,1677.6043137254906,-1.2750550888277939e-06,difference of equal-sample representative means; not paired
B1,B1-M00,6,second_derivative,1683.0650588235296,-1.6940290502237128e-06,difference of equal-sample representative means; not paired
B1,B1-M00,6,second_derivative,1688.5258039215687,-1.9430674439978605e-06,difference of equal-sample representative means; not paired
B1,B1-M00,6,second_derivative,1693.986549019608,-2.2251138892096415e-06,difference of equal-sample representative means; not paired
B1,B1-M00,6,second_derivative,1699.4472941176473,-2.038965212886747e-06,difference of equal-sample representative means; not paired
B1,B1-M00,6,second_derivative,1704.9080392156866,-1.948795991625801e-06,difference of equal-sample representative means; not paired
B1,B1-M00,6,second_derivative,1710.3687843137257,-1.5209080791982916e-06,difference of equal-sample representative means; not paired
B1,B1-M00,6,second_derivative,1715.829529411765,-1.2317572626192213e-06,difference of equal-sample representative means; not paired
B1,B1-M00,6,second_derivative,1721.290274509804,-9.785938198700068e-07,difference of equal-sample representative means; not paired
B1,B1-M00,6,second_derivative,1726.7510196078433,-4.471402501689852e-07,difference of equal-sample representative means; not paired
B1,B1-M00,6,second_derivative,1732.2117647058826,3.585268703034219e-07,difference of equal-sample representative means; not paired
B1,B1-M00,6,second_derivative,1737.672509803922,7.60234338172328e-07,difference of equal-sample representative means; not paired
B1,B1-M00,6,second_derivative,1743.133254901961,1.3233325580119366e-07,difference of equal-sample representative means; not paired
B1,B1-M00,6,second_derivative,1748.594,-1.0042498366813554e-06,difference of equal-sample representative means; not paired
B1,B1-M00,6,second_derivative,1754.0547450980393,-1.8658372390479936e-06,difference of equal-sample representative means; not paired
B1,B1-M00,6,second_derivative,1759.5154901960786,-1.815567224809648e-06,difference of equal-sample representative means; not paired
B1,B1-M00,6,second_derivative,1764.976235294118,-8.399490751158775e-07,difference of equal-sample representative means; not paired
B1,B1-M00,6,second_derivative,1770.4369803921572,3.1893326468214993e-07,difference of equal-sample representative means; not paired
B1,B1-M00,6,second_derivative,1775.8977254901963,9.406306268619194e-07,difference of equal-sample representative means; not paired
B1,B1-M00,6,second_derivative,1781.3584705882354,1.3198511686434534e-06,difference of equal-sample representative means; not paired
B1,B1-M00,6,second_derivative,1786.8192156862747,1.4344623900633552e-06,difference of equal-sample representative means; not paired
B1,B1-M00,6,second_derivative,1792.279960784314,1.1386165785053324e-06,difference of equal-sample representative means; not paired
B1,B1-M00,6,second_derivative,1797.7407058823533,8.070879082532993e-07,difference of equal-sample representative means; not paired
B1,B1-M00,6,second_derivative,1803.2014509803923,6.741789242259677e-07,difference of equal-sample representative means; not paired
B1,B1-M00,6,second_derivative,1808.6621960784316,5.571754002861308e-07,difference of equal-sample representative means; not paired
B1,B1-M00,6,second_derivative,1814.1229411764707,3.453599452233122e-07,difference of equal-sample representative means; not paired
B1,B1-M00,6,second_derivative,1819.58368627451,1.3982528442731133e-07,difference of equal-sample representative means; not paired
B1,B1-M00,6,second_derivative,1825.0444313725493,-1.4974137000278204e-07,difference of equal-sample representative means; not paired
B1,B1-M00,6,second_derivative,1830.5051764705886,-8.176957917788403e-07,difference of equal-sample representative means; not paired
B1,B1-M00,6,second_derivative,1835.9659215686277,-6.836483513890908e-07,difference of equal-sample representative means; not paired
B1,B1-M00,6,second_derivative,1841.4266666666667,-8.470963834445932e-08,difference of equal-sample representative means; not paired
B1,B1-M00,6,second_derivative,1846.887411764706,-3.7252239021225665e-07,difference of equal-sample representative means; not paired
B1,B1-M00,6,second_derivative,1852.3481568627453,-9.88241050974684e-07,difference of equal-sample representative means; not paired
B1,B1-M00,6,second_derivative,1857.8089019607846,-1.3154235988245116e-06,difference of equal-sample representative means; not paired
B1,B1-M00,6,second_derivative,1863.269647058824,-2.5044648571801557e-06,difference of equal-sample representative means; not paired
B1,B1-M00,6,second_derivative,1868.730392156863,-2.8378375072318735e-06,difference of equal-sample representative means; not paired
B1,B1-M00,6,second_derivative,1874.191137254902,-2.996048966072201e-06,difference of equal-sample representative means; not paired
B1,B1-M00,6,second_derivative,1879.6518823529414,-3.787781199944437e-06,difference of equal-sample representative means; not paired
B1,B1-M00,6,second_derivative,1885.1126274509807,-4.272408519114874e-06,difference of equal-sample representative means; not paired
B1,B1-M00,6,second_derivative,1890.57337254902,-4.161596997667667e-06,difference of equal-sample representative means; not paired
B1,B1-M00,6,second_derivative,1896.034117647059,-4.437080316043433e-06,difference of equal-sample representative means; not paired
B1,B1-M00,6,second_derivative,1901.4948627450983,-4.07621546353685e-06,difference of equal-sample representative means; not paired
B1,B1-M00,6,second_derivative,1906.9556078431374,-1.2404372604627367e-06,difference of equal-sample representative means; not paired
B1,B1-M00,6,second_derivative,1912.4163529411767,3.8090874110700173e-06,difference of equal-sample representative means; not paired
B1,B1-M00,6,second_derivative,1917.877098039216,7.4410562460690125e-06,difference of equal-sample representative means; not paired
B1,B1-M00,6,second_derivative,1923.3378431372553,8.782471823420108e-06,difference of equal-sample representative means; not paired
B1,B1-M00,6,second_derivative,1928.7985882352943,7.498314575678618e-06,difference of equal-sample representative means; not paired
B1,B1-M00,6,second_derivative,1934.2593333333336,5.280126320571167e-06,difference of equal-sample representative means; not paired
B1,B1-M00,6,second_derivative,1939.7200784313727,4.674743039702103e-06,difference of equal-sample representative means; not paired
B1,B1-M00,6,second_derivative,1945.180823529412,4.586371384167695e-06,difference of equal-sample representative means; not paired
B1,B1-M00,6,second_derivative,1950.6415686274513,2.8215880918483233e-06,difference of equal-sample representative means; not paired
B1,B1-M00,6,second_derivative,1956.1023137254906,1.0345797757077733e-06,difference of equal-sample representative means; not paired
B1,B1-M00,6,second_derivative,1961.5630588235294,-1.5020030624833726e-07,difference of equal-sample representative means; not paired
B1,B1-M00,6,second_derivative,1967.0238039215687,-7.336881300386935e-07,difference of equal-sample representative means; not paired
B1,B1-M00,6,second_derivative,1972.484549019608,-5.041969360975799e-07,difference of equal-sample representative means; not paired
B1,B1-M00,6,second_derivative,1977.9452941176473,-3.3577424470320123e-07,difference of equal-sample representative means; not paired
B1,B1-M00,6,second_derivative,1983.4060392156866,-7.742191038913341e-07,difference of equal-sample representative means; not paired
B1,B1-M00,6,second_derivative,1988.866784313726,-1.0364010184821727e-06,difference of equal-sample representative means; not paired
B1,B1-M00,6,second_derivative,1994.3275294117648,-7.754227971441597e-07,difference of equal-sample representative means; not paired
B1,B1-M00,6,second_derivative,1999.788274509804,-4.388570281256706e-07,difference of equal-sample representative means; not paired
B1,B1-M00,6,second_derivative,2005.2490196078434,-7.930417380870236e-07,difference of equal-sample representative means; not paired
B1,B1-M00,6,second_derivative,2010.7097647058827,-1.411590999456761e-06,difference of equal-sample representative means; not paired
B1,B1-M00,6,second_derivative,2016.170509803922,-2.1217145310190784e-06,difference of equal-sample representative means; not paired
B1,B1-M00,6,second_derivative,2021.6312549019613,-2.2636746596551975e-06,difference of equal-sample representative means; not paired
B1,B1-M00,6,second_derivative,2027.092,-1.6480470392308158e-06,difference of equal-sample representative means; not paired
B1,B1-M00,6,second_derivative,2032.5527450980394,-9.457887580001698e-07,difference of equal-sample representative means; not paired
B1,B1-M00,6,second_derivative,2038.0134901960787,-1.992684207813064e-06,difference of equal-sample representative means; not paired
B1,B1-M00,6,second_derivative,2043.474235294118,-1.92244875359646e-06,difference of equal-sample representative means; not paired
B1,B1-M00,6,second_derivative,2048.9349803921573,-1.2174652595986296e-06,difference of equal-sample representative means; not paired
B1,B1-M00,6,second_derivative,2054.3957254901966,-5.461980690460666e-07,difference of equal-sample representative means; not paired
B1,B1-M00,6,second_derivative,2059.8564705882354,1.0646858869908481e-07,difference of equal-sample representative means; not paired
B1,B1-M00,6,second_derivative,2065.3172156862747,4.668320776517399e-07,difference of equal-sample representative means; not paired
B1,B1-M00,6,second_derivative,2070.777960784314,-2.3291544567001062e-07,difference of equal-sample representative means; not paired
B1,B1-M00,6,second_derivative,2076.2387058823533,-5.100008887607923e-07,difference of equal-sample representative means; not paired
B1,B1-M00,6,second_derivative,2081.6994509803926,7.210635711403515e-07,difference of equal-sample representative means; not paired
B1,B1-M00,6,second_derivative,2087.1601960784315,7.802017832535949e-07,difference of equal-sample representative means; not paired
B1,B1-M00,6,second_derivative,2092.6209411764708,1.3720123952626623e-06,difference of equal-sample representative means; not paired
B1,B1-M00,6,second_derivative,2098.08168627451,1.9352893390951357e-06,difference of equal-sample representative means; not paired
B1,B1-M00,6,second_derivative,2103.5424313725493,1.6004890014977517e-06,difference of equal-sample representative means; not paired
B1,B1-M00,6,second_derivative,2109.0031764705886,7.480731744235215e-07,difference of equal-sample representative means; not paired
B1,B1-M00,6,second_derivative,2114.463921568628,7.799845050354214e-07,difference of equal-sample representative means; not paired
B1,B1-M00,6,second_derivative,2119.924666666667,-6.896392255403719e-07,difference of equal-sample representative means; not paired
B1,B1-M00,6,second_derivative,2125.385411764706,2.8314381231323786e-07,difference of equal-sample representative means; not paired
B1,B1-M00,6,second_derivative,2130.8461568627454,5.551172220055794e-07,difference of equal-sample representative means; not paired
B1,B1-M00,6,second_derivative,2136.3069019607847,1.1233299645666335e-06,difference of equal-sample representative means; not paired
B1,B1-M00,6,second_derivative,2141.767647058824,1.4227096793352845e-06,difference of equal-sample representative means; not paired
B1,B1-M00,6,second_derivative,2147.2283921568633,1.2904351985519338e-06,difference of equal-sample representative means; not paired
B1,B1-M00,6,second_derivative,2152.689137254902,9.211905820212458e-07,difference of equal-sample representative means; not paired
B1,B1-M00,6,second_derivative,2158.1498823529414,-1.8384561133987558e-07,difference of equal-sample representative means; not paired
B1,B1-M00,6,second_derivative,2163.6106274509807,-1.1714122464991634e-06,difference of equal-sample representative means; not paired
B1,B1-M00,6,second_derivative,2169.07137254902,-1.2021677407490907e-06,difference of equal-sample representative means; not paired
B1,B1-M00,6,second_derivative,2174.5321176470593,-1.0243323363140231e-06,difference of equal-sample representative means; not paired
B1,B1-M00,6,second_derivative,2179.992862745098,4.633318311482293e-07,difference of equal-sample representative means; not paired
B1,B1-M00,6,second_derivative,2185.4536078431374,1.6840258683064384e-06,difference of equal-sample representative means; not paired
B1,B1-M00,6,second_derivative,2190.9143529411767,4.492822116993172e-07,difference of equal-sample representative means; not paired
B1,B1-M00,6,second_derivative,2196.375098039216,-3.750908335105306e-07,difference of equal-sample representative means; not paired
B1,B1-M00,6,second_derivative,2201.8358431372553,-1.4757139060689887e-06,difference of equal-sample representative means; not paired
B1,B1-M00,6,second_derivative,2207.2965882352946,-4.5815059791343647e-07,difference of equal-sample representative means; not paired
B1,B1-M00,6,second_derivative,2212.7573333333335,7.129262897688454e-07,difference of equal-sample representative means; not paired
B1,B1-M00,6,second_derivative,2218.2180784313728,2.808686487328901e-07,difference of equal-sample representative means; not paired
B1,B1-M00,6,second_derivative,2223.678823529412,-5.948596527855695e-07,difference of equal-sample representative means; not paired
B1,B1-M00,6,second_derivative,2229.1395686274514,-2.856589348231161e-07,difference of equal-sample representative means; not paired
B1,B1-M00,6,second_derivative,2234.6003137254907,8.352619961660016e-07,difference of equal-sample representative means; not paired
B1,B1-M00,6,second_derivative,2240.06105882353,1.4197314350088548e-06,difference of equal-sample representative means; not paired
B1,B1-M00,6,second_derivative,2245.521803921569,9.127695948859274e-07,difference of equal-sample representative means; not paired
B1,B1-M00,6,second_derivative,2250.982549019608,1.1358137911891483e-06,difference of equal-sample representative means; not paired
B1,B1-M00,6,second_derivative,2256.4432941176474,3.880017982555993e-07,difference of equal-sample representative means; not paired
B1,B1-M00,6,second_derivative,2261.9040392156867,2.0006526353818657e-06,difference of equal-sample representative means; not paired
B1,B1-M00,6,second_derivative,2267.364784313726,4.814525628797776e-06,difference of equal-sample representative means; not paired
B1,B1-M00,6,second_derivative,2272.825529411765,7.740306808156982e-06,difference of equal-sample representative means; not paired
B1,B1-M00,6,second_derivative,2278.286274509804,1.1623927088111162e-05,difference of equal-sample representative means; not paired
B1,B1-M00,6,second_derivative,2283.7470196078434,1.4183537296482828e-05,difference of equal-sample representative means; not paired
B1,B1-M00,6,second_derivative,2289.2077647058827,2.060706307379715e-05,difference of equal-sample representative means; not paired
B1,B1-M00,6,second_derivative,2294.668509803922,2.0607063073797248e-05,difference of equal-sample representative means; not paired
B1,B1-M00,6,second_derivative,2300.1292549019613,2.0607063073797248e-05,difference of equal-sample representative means; not paired
B1,B1-M00,6,second_derivative,2305.59,2.0607063073797248e-05,difference of equal-sample representative means; not paired
B1,B1-M00,7,reflectance,913.1,-0.045235153031147446,difference of equal-sample representative means; not paired
B1,B1-M00,7,reflectance,918.5607450980392,-0.03992392905380626,difference of equal-sample representative means; not paired
B1,B1-M00,7,reflectance,924.0214901960785,-0.03835962761067513,difference of equal-sample representative means; not paired
B1,B1-M00,7,reflectance,929.4822352941177,-0.03636544846699463,difference of equal-sample representative means; not paired
B1,B1-M00,7,reflectance,934.9429803921569,-0.03492967147459802,difference of equal-sample representative means; not paired
B1,B1-M00,7,reflectance,940.4037254901962,-0.03420684476825919,difference of equal-sample representative means; not paired
B1,B1-M00,7,reflectance,945.8644705882353,-0.03283465722099843,difference of equal-sample representative means; not paired
B1,B1-M00,7,reflectance,951.3252156862745,-0.030935755323186487,difference of equal-sample representative means; not paired
B1,B1-M00,7,reflectance,956.7859607843137,-0.028629809650535187,difference of equal-sample representative means; not paired
B1,B1-M00,7,reflectance,962.246705882353,-0.025687127330415005,difference of equal-sample representative means; not paired
B1,B1-M00,7,reflectance,967.7074509803922,-0.02258862249971927,difference of equal-sample representative means; not paired
B1,B1-M00,7,reflectance,973.1681960784314,-0.019433742012956445,difference of equal-sample representative means; not paired
B1,B1-M00,7,reflectance,978.6289411764706,-0.016526100227905793,difference of equal-sample representative means; not paired
B1,B1-M00,7,reflectance,984.0896862745099,-0.014187639484681158,difference of equal-sample representative means; not paired
B1,B1-M00,7,reflectance,989.550431372549,-0.0124472591515431,difference of equal-sample representative means; not paired
B1,B1-M00,7,reflectance,995.0111764705882,-0.011489067954906451,difference of equal-sample representative means; not paired
B1,B1-M00,7,reflectance,1000.4719215686275,-0.010890774522540614,difference of equal-sample representative means; not paired
B1,B1-M00,7,reflectance,1005.9326666666667,-0.010649340922615491,difference of equal-sample representative means; not paired
B1,B1-M00,7,reflectance,1011.3934117647059,-0.010586619883530046,difference of equal-sample representative means; not paired
B1,B1-M00,7,reflectance,1016.8541568627452,-0.010585819858711654,difference of equal-sample representative means; not paired
B1,B1-M00,7,reflectance,1022.3149019607844,-0.010640062739075473,difference of equal-sample representative means; not paired
B1,B1-M00,7,reflectance,1027.7756470588236,-0.01079992443133837,difference of equal-sample representative means; not paired
B1,B1-M00,7,reflectance,1033.2363921568628,-0.010980523802419762,difference of equal-sample representative means; not paired
B1,B1-M00,7,reflectance,1038.697137254902,-0.011195730103040424,difference of equal-sample representative means; not paired
B1,B1-M00,7,reflectance,1044.1578823529412,-0.011353164198319998,difference of equal-sample representative means; not paired
B1,B1-M00,7,reflectance,1049.6186274509805,-0.011436566153375405,difference of equal-sample representative means; not paired
B1,B1-M00,7,reflectance,1055.0793725490196,-0.011543847920694184,difference of equal-sample representative means; not paired
B1,B1-M00,7,reflectance,1060.5401176470589,-0.011680769541959735,difference of equal-sample representative means; not paired
B1,B1-M00,7,reflectance,1066.0008627450982,-0.01177542117875563,difference of equal-sample representative means; not paired
B1,B1-M00,7,reflectance,1071.4616078431372,-0.01194415283624961,difference of equal-sample representative means; not paired
B1,B1-M00,7,reflectance,1076.9223529411765,-0.012065153247717064,difference of equal-sample representative means; not paired
B1,B1-M00,7,reflectance,1082.3830980392158,-0.012214309678357682,difference of equal-sample representative means; not paired
B1,B1-M00,7,reflectance,1087.843843137255,-0.012343312427616993,difference of equal-sample representative means; not paired
B1,B1-M00,7,reflectance,1093.3045882352942,-0.012438089508942984,difference of equal-sample representative means; not paired
B1,B1-M00,7,reflectance,1098.7653333333333,-0.012407987381084395,difference of equal-sample representative means; not paired
B1,B1-M00,7,reflectance,1104.2260784313726,-0.01210655380038883,difference of equal-sample representative means; not paired
B1,B1-M00,7,reflectance,1109.6868235294119,-0.011400718905651974,difference of equal-sample representative means; not paired
B1,B1-M00,7,reflectance,1115.1475686274512,-0.00994492026461824,difference of equal-sample representative means; not paired
B1,B1-M00,7,reflectance,1120.6083137254902,-0.00750545527205293,difference of equal-sample representative means; not paired
B1,B1-M00,7,reflectance,1126.0690588235295,-0.004043926114603136,difference of equal-sample representative means; not paired
B1,B1-M00,7,reflectance,1131.5298039215686,-2.554656915454423e-06,difference of equal-sample representative means; not paired
B1,B1-M00,7,reflectance,1136.990549019608,0.004055743859276539,difference of equal-sample representative means; not paired
B1,B1-M00,7,reflectance,1142.4512941176472,0.007718634297136484,difference of equal-sample representative means; not paired
B1,B1-M00,7,reflectance,1147.9120392156863,0.01091171483798059,difference of equal-sample representative means; not paired
B1,B1-M00,7,reflectance,1153.3727843137256,0.013967276470409518,difference of equal-sample representative means; not paired
B1,B1-M00,7,reflectance,1158.8335294117649,0.016902060622452364,difference of equal-sample representative means; not paired
B1,B1-M00,7,reflectance,1164.294274509804,0.01950769533532115,difference of equal-sample representative means; not paired
B1,B1-M00,7,reflectance,1169.7550196078432,0.021750598583127223,difference of equal-sample representative means; not paired
B1,B1-M00,7,reflectance,1175.2157647058825,0.023682346862249903,difference of equal-sample representative means; not paired
B1,B1-M00,7,reflectance,1180.6765098039216,0.025489891356870298,difference of equal-sample representative means; not paired
B1,B1-M00,7,reflectance,1186.137254901961,0.027381945508716088,difference of equal-sample representative means; not paired
B1,B1-M00,7,reflectance,1191.598,0.029273748750438644,difference of equal-sample representative means; not paired
B1,B1-M00,7,reflectance,1197.0587450980393,0.030503664769094163,difference of equal-sample representative means; not paired
B1,B1-M00,7,reflectance,1202.5194901960786,0.0313029603678161,difference of equal-sample representative means; not paired
B1,B1-M00,7,reflectance,1207.9802352941178,0.031768558744637465,difference of equal-sample representative means; not paired
B1,B1-M00,7,reflectance,1213.440980392157,0.032018916316246315,difference of equal-sample representative means; not paired
B1,B1-M00,7,reflectance,1218.9017254901962,0.032111366112640205,difference of equal-sample representative means; not paired
B1,B1-M00,7,reflectance,1224.3624705882353,0.03199472736151543,difference of equal-sample representative means; not paired
B1,B1-M00,7,reflectance,1229.8232156862746,0.031549798475314694,difference of equal-sample representative means; not paired
B1,B1-M00,7,reflectance,1235.2839607843139,0.031108933798757343,difference of equal-sample representative means; not paired
B1,B1-M00,7,reflectance,1240.7447058823532,0.03061095088855359,difference of equal-sample representative means; not paired
B1,B1-M00,7,reflectance,1246.2054509803922,0.030157318601296446,difference of equal-sample representative means; not paired
B1,B1-M00,7,reflectance,1251.6661960784315,0.029726343802340294,difference of equal-sample representative means; not paired
B1,B1-M00,7,reflectance,1257.1269411764706,0.029354618718028913,difference of equal-sample representative means; not paired
B1,B1-M00,7,reflectance,1262.58768627451,0.02903434443064512,difference of equal-sample representative means; not paired
B1,B1-M00,7,reflectance,1268.0484313725492,0.028674632431611502,difference of equal-sample representative means; not paired
B1,B1-M00,7,reflectance,1273.5091764705883,0.02840870905134396,difference of equal-sample representative means; not paired
B1,B1-M00,7,reflectance,1278.9699215686276,0.02777495895001747,difference of equal-sample representative means; not paired
B1,B1-M00,7,reflectance,1284.4306666666666,0.027231691282421755,difference of equal-sample representative means; not paired
B1,B1-M00,7,reflectance,1289.891411764706,0.026638000836090803,difference of equal-sample representative means; not paired
B1,B1-M00,7,reflectance,1295.3521568627452,0.026240581355307158,difference of equal-sample representative means; not paired
B1,B1-M00,7,reflectance,1300.8129019607845,0.026097125635245577,difference of equal-sample representative means; not paired
B1,B1-M00,7,reflectance,1306.2736470588236,0.026033064088304525,difference of equal-sample representative means; not paired
B1,B1-M00,7,reflectance,1311.734392156863,0.026229798706259966,difference of equal-sample representative means; not paired
B1,B1-M00,7,reflectance,1317.195137254902,0.026816502720320212,difference of equal-sample representative means; not paired
B1,B1-M00,7,reflectance,1322.6558823529413,0.02794096173520677,difference of equal-sample representative means; not paired
B1,B1-M00,7,reflectance,1328.1166274509806,0.02935598317197019,difference of equal-sample representative means; not paired
B1,B1-M00,7,reflectance,1333.5773725490199,0.031088542207268532,difference of equal-sample representative means; not paired
B1,B1-M00,7,reflectance,1339.038117647059,0.03313166424921321,difference of equal-sample representative means; not paired
B1,B1-M00,7,reflectance,1344.4988627450982,0.03535444206672733,difference of equal-sample representative means; not paired
B1,B1-M00,7,reflectance,1349.9596078431373,0.037527330291076244,difference of equal-sample representative means; not paired
B1,B1-M00,7,reflectance,1355.4203529411766,0.03936707466214873,difference of equal-sample representative means; not paired
B1,B1-M00,7,reflectance,1360.8810980392159,0.04060459230094582,difference of equal-sample representative means; not paired
B1,B1-M00,7,reflectance,1366.341843137255,0.04168654789443299,difference of equal-sample representative means; not paired
B1,B1-M00,7,reflectance,1371.8025882352943,0.04252978339388619,difference of equal-sample representative means; not paired
B1,B1-M00,7,reflectance,1377.2633333333333,0.043085417887236854,difference of equal-sample representative means; not paired
B1,B1-M00,7,reflectance,1382.7240784313726,0.04353332979499097,difference of equal-sample representative means; not paired
B1,B1-M00,7,reflectance,1388.184823529412,0.0441889693123772,difference of equal-sample representative means; not paired
B1,B1-M00,7,reflectance,1393.6455686274512,0.0450126551555336,difference of equal-sample representative means; not paired
B1,B1-M00,7,reflectance,1399.1063137254903,0.04577602316500318,difference of equal-sample representative means; not paired
B1,B1-M00,7,reflectance,1404.5670588235296,0.04621805162404796,difference of equal-sample representative means; not paired
B1,B1-M00,7,reflectance,1410.0278039215686,0.046228917623164056,difference of equal-sample representative means; not paired
B1,B1-M00,7,reflectance,1415.488549019608,0.04583381753617738,difference of equal-sample representative means; not paired
B1,B1-M00,7,reflectance,1420.9492941176472,0.04514738574690502,difference of equal-sample representative means; not paired
B1,B1-M00,7,reflectance,1426.4100392156865,0.04434288986184137,difference of equal-sample representative means; not paired
B1,B1-M00,7,reflectance,1431.8707843137256,0.04362003403581327,difference of equal-sample representative means; not paired
B1,B1-M00,7,reflectance,1437.3315294117647,0.04308851789235929,difference of equal-sample representative means; not paired
B1,B1-M00,7,reflectance,1442.792274509804,0.04270895657151208,difference of equal-sample representative means; not paired
B1,B1-M00,7,reflectance,1448.2530196078433,0.042344560939093584,difference of equal-sample representative means; not paired
B1,B1-M00,7,reflectance,1453.7137647058826,0.04203522834260437,difference of equal-sample representative means; not paired
B1,B1-M00,7,reflectance,1459.1745098039219,0.04182598227496029,difference of equal-sample representative means; not paired
B1,B1-M00,7,reflectance,1464.635254901961,0.04173048766644699,difference of equal-sample representative means; not paired
B1,B1-M00,7,reflectance,1470.096,0.04170281546371432,difference of equal-sample representative means; not paired
B1,B1-M00,7,reflectance,1475.5567450980393,0.04154957084236127,difference of equal-sample representative means; not paired
B1,B1-M00,7,reflectance,1481.0174901960786,0.04143532030429767,difference of equal-sample representative means; not paired
B1,B1-M00,7,reflectance,1486.478235294118,0.04158105330230527,difference of equal-sample representative means; not paired
B1,B1-M00,7,reflectance,1491.938980392157,0.04172763441063035,difference of equal-sample representative means; not paired
B1,B1-M00,7,reflectance,1497.3997254901963,0.04181059725765157,difference of equal-sample representative means; not paired
B1,B1-M00,7,reflectance,1502.8604705882353,0.04194905980669272,difference of equal-sample representative means; not paired
B1,B1-M00,7,reflectance,1508.3212156862746,0.04222782281192758,difference of equal-sample representative means; not paired
B1,B1-M00,7,reflectance,1513.781960784314,0.042410951921788786,difference of equal-sample representative means; not paired
B1,B1-M00,7,reflectance,1519.2427058823532,0.04253832008905667,difference of equal-sample representative means; not paired
B1,B1-M00,7,reflectance,1524.7034509803923,0.042663422621762814,difference of equal-sample representative means; not paired
B1,B1-M00,7,reflectance,1530.1641960784316,0.04281955270807547,difference of equal-sample representative means; not paired
B1,B1-M00,7,reflectance,1535.6249411764707,0.04286006379735946,difference of equal-sample representative means; not paired
B1,B1-M00,7,reflectance,1541.08568627451,0.042913538981657506,difference of equal-sample representative means; not paired
B1,B1-M00,7,reflectance,1546.5464313725493,0.04309276938775769,difference of equal-sample representative means; not paired
B1,B1-M00,7,reflectance,1552.0071764705885,0.043214758657329155,difference of equal-sample representative means; not paired
B1,B1-M00,7,reflectance,1557.4679215686276,0.04325028041369705,difference of equal-sample representative means; not paired
B1,B1-M00,7,reflectance,1562.9286666666667,0.04338033066071251,difference of equal-sample representative means; not paired
B1,B1-M00,7,reflectance,1568.389411764706,0.043377079109361394,difference of equal-sample representative means; not paired
B1,B1-M00,7,reflectance,1573.8501568627453,0.04342698302480108,difference of equal-sample representative means; not paired
B1,B1-M00,7,reflectance,1579.3109019607846,0.04342934288987749,difference of equal-sample representative means; not paired
B1,B1-M00,7,reflectance,1584.7716470588239,0.04340271106910637,difference of equal-sample representative means; not paired
B1,B1-M00,7,reflectance,1590.232392156863,0.04348873006306203,difference of equal-sample representative means; not paired
B1,B1-M00,7,reflectance,1595.693137254902,0.04353247119261566,difference of equal-sample representative means; not paired
B1,B1-M00,7,reflectance,1601.1538823529413,0.04361671678968765,difference of equal-sample representative means; not paired
B1,B1-M00,7,reflectance,1606.6146274509806,0.043638834969057294,difference of equal-sample representative means; not paired
B1,B1-M00,7,reflectance,1612.07537254902,0.043592895529600884,difference of equal-sample representative means; not paired
B1,B1-M00,7,reflectance,1617.536117647059,0.04353151906575664,difference of equal-sample representative means; not paired
B1,B1-M00,7,reflectance,1622.9968627450983,0.043467434334940436,difference of equal-sample representative means; not paired
B1,B1-M00,7,reflectance,1628.4576078431373,0.043364668500807335,difference of equal-sample representative means; not paired
B1,B1-M00,7,reflectance,1633.9183529411766,0.043181193544589214,difference of equal-sample representative means; not paired
B1,B1-M00,7,reflectance,1639.379098039216,0.0429651236190719,difference of equal-sample representative means; not paired
B1,B1-M00,7,reflectance,1644.8398431372552,0.042525192750043794,difference of equal-sample representative means; not paired
B1,B1-M00,7,reflectance,1650.3005882352943,0.04189973277608239,difference of equal-sample representative means; not paired
B1,B1-M00,7,reflectance,1655.7613333333334,0.041283090022867175,difference of equal-sample representative means; not paired
B1,B1-M00,7,reflectance,1661.2220784313727,0.04077340732264473,difference of equal-sample representative means; not paired
B1,B1-M00,7,reflectance,1666.682823529412,0.040461735245634456,difference of equal-sample representative means; not paired
B1,B1-M00,7,reflectance,1672.1435686274513,0.040385272807028805,difference of equal-sample representative means; not paired
B1,B1-M00,7,reflectance,1677.6043137254906,0.04036340081691425,difference of equal-sample representative means; not paired
B1,B1-M00,7,reflectance,1683.0650588235296,0.04046127529337096,difference of equal-sample representative means; not paired
B1,B1-M00,7,reflectance,1688.5258039215687,0.04055820159878171,difference of equal-sample representative means; not paired
B1,B1-M00,7,reflectance,1693.986549019608,0.040655029826940525,difference of equal-sample representative means; not paired
B1,B1-M00,7,reflectance,1699.4472941176473,0.04077397686232109,difference of equal-sample representative means; not paired
B1,B1-M00,7,reflectance,1704.9080392156866,0.04083021047309421,difference of equal-sample representative means; not paired
B1,B1-M00,7,reflectance,1710.3687843137257,0.04083572231314625,difference of equal-sample representative means; not paired
B1,B1-M00,7,reflectance,1715.829529411765,0.04097045500991209,difference of equal-sample representative means; not paired
B1,B1-M00,7,reflectance,1721.290274509804,0.04098338994074685,difference of equal-sample representative means; not paired
B1,B1-M00,7,reflectance,1726.7510196078433,0.0409338887577555,difference of equal-sample representative means; not paired
B1,B1-M00,7,reflectance,1732.2117647058826,0.040725276863489646,difference of equal-sample representative means; not paired
B1,B1-M00,7,reflectance,1737.672509803922,0.040687649259168124,difference of equal-sample representative means; not paired
B1,B1-M00,7,reflectance,1743.133254901961,0.04070476998598177,difference of equal-sample representative means; not paired
B1,B1-M00,7,reflectance,1748.594,0.04065412037581978,difference of equal-sample representative means; not paired
B1,B1-M00,7,reflectance,1754.0547450980393,0.040604766438755435,difference of equal-sample representative means; not paired
B1,B1-M00,7,reflectance,1759.5154901960786,0.040696781779973434,difference of equal-sample representative means; not paired
B1,B1-M00,7,reflectance,1764.976235294118,0.04077546057515563,difference of equal-sample representative means; not paired
B1,B1-M00,7,reflectance,1770.4369803921572,0.04081297429971237,difference of equal-sample representative means; not paired
B1,B1-M00,7,reflectance,1775.8977254901963,0.040708402861776016,difference of equal-sample representative means; not paired
B1,B1-M00,7,reflectance,1781.3584705882354,0.040668429522440486,difference of equal-sample representative means; not paired
B1,B1-M00,7,reflectance,1786.8192156862747,0.040623481691901775,difference of equal-sample representative means; not paired
B1,B1-M00,7,reflectance,1792.279960784314,0.04049480468516514,difference of equal-sample representative means; not paired
B1,B1-M00,7,reflectance,1797.7407058823533,0.040434292503977676,difference of equal-sample representative means; not paired
B1,B1-M00,7,reflectance,1803.2014509803923,0.04052996381558982,difference of equal-sample representative means; not paired
B1,B1-M00,7,reflectance,1808.6621960784316,0.0404701156815816,difference of equal-sample representative means; not paired
B1,B1-M00,7,reflectance,1814.1229411764707,0.040464625448430214,difference of equal-sample representative means; not paired
B1,B1-M00,7,reflectance,1819.58368627451,0.04049197886931766,difference of equal-sample representative means; not paired
B1,B1-M00,7,reflectance,1825.0444313725493,0.04043468294627145,difference of equal-sample representative means; not paired
B1,B1-M00,7,reflectance,1830.5051764705886,0.04030556319388351,difference of equal-sample representative means; not paired
B1,B1-M00,7,reflectance,1835.9659215686277,0.040191318557415645,difference of equal-sample representative means; not paired
B1,B1-M00,7,reflectance,1841.4266666666667,0.04006030437280139,difference of equal-sample representative means; not paired
B1,B1-M00,7,reflectance,1846.887411764706,0.03993716178284301,difference of equal-sample representative means; not paired
B1,B1-M00,7,reflectance,1852.3481568627453,0.040015983115867515,difference of equal-sample representative means; not paired
B1,B1-M00,7,reflectance,1857.8089019607846,0.039934688474413504,difference of equal-sample representative means; not paired
B1,B1-M00,7,reflectance,1863.269647058824,0.03992276414289897,difference of equal-sample representative means; not paired
B1,B1-M00,7,reflectance,1868.730392156863,0.039762247397968575,difference of equal-sample representative means; not paired
B1,B1-M00,7,reflectance,1874.191137254902,0.039326543457724294,difference of equal-sample representative means; not paired
B1,B1-M00,7,reflectance,1879.6518823529414,0.038899561848119324,difference of equal-sample representative means; not paired
B1,B1-M00,7,reflectance,1885.1126274509807,0.03872360176759826,difference of equal-sample representative means; not paired
B1,B1-M00,7,reflectance,1890.57337254902,0.037842837660137185,difference of equal-sample representative means; not paired
B1,B1-M00,7,reflectance,1896.034117647059,0.036636453156566495,difference of equal-sample representative means; not paired
B1,B1-M00,7,reflectance,1901.4948627450983,0.03487427051815556,difference of equal-sample representative means; not paired
B1,B1-M00,7,reflectance,1906.9556078431374,0.03259131130052928,difference of equal-sample representative means; not paired
B1,B1-M00,7,reflectance,1912.4163529411767,0.030301984732320847,difference of equal-sample representative means; not paired
B1,B1-M00,7,reflectance,1917.877098039216,0.028500643093813144,difference of equal-sample representative means; not paired
B1,B1-M00,7,reflectance,1923.3378431372553,0.027160087194788046,difference of equal-sample representative means; not paired
B1,B1-M00,7,reflectance,1928.7985882352943,0.026421031085714225,difference of equal-sample representative means; not paired
B1,B1-M00,7,reflectance,1934.2593333333336,0.02616977012100377,difference of equal-sample representative means; not paired
B1,B1-M00,7,reflectance,1939.7200784313727,0.0262200659721272,difference of equal-sample representative means; not paired
B1,B1-M00,7,reflectance,1945.180823529412,0.02635919552361396,difference of equal-sample representative means; not paired
B1,B1-M00,7,reflectance,1950.6415686274513,0.026576849853042983,difference of equal-sample representative means; not paired
B1,B1-M00,7,reflectance,1956.1023137254906,0.026848042806309147,difference of equal-sample representative means; not paired
B1,B1-M00,7,reflectance,1961.5630588235294,0.0271507830545539,difference of equal-sample representative means; not paired
B1,B1-M00,7,reflectance,1967.0238039215687,0.027673273294034628,difference of equal-sample representative means; not paired
B1,B1-M00,7,reflectance,1972.484549019608,0.028147649054745566,difference of equal-sample representative means; not paired
B1,B1-M00,7,reflectance,1977.9452941176473,0.028309930632401864,difference of equal-sample representative means; not paired
B1,B1-M00,7,reflectance,1983.4060392156866,0.02868194415697642,difference of equal-sample representative means; not paired
B1,B1-M00,7,reflectance,1988.866784313726,0.02903072318410943,difference of equal-sample representative means; not paired
B1,B1-M00,7,reflectance,1994.3275294117648,0.029296590784828186,difference of equal-sample representative means; not paired
B1,B1-M00,7,reflectance,1999.788274509804,0.02956421970651399,difference of equal-sample representative means; not paired
B1,B1-M00,7,reflectance,2005.2490196078434,0.029854142557464602,difference of equal-sample representative means; not paired
B1,B1-M00,7,reflectance,2010.7097647058827,0.030038008832286522,difference of equal-sample representative means; not paired
B1,B1-M00,7,reflectance,2016.170509803922,0.030152836388089327,difference of equal-sample representative means; not paired
B1,B1-M00,7,reflectance,2021.6312549019613,0.030230019074311776,difference of equal-sample representative means; not paired
B1,B1-M00,7,reflectance,2027.092,0.03026351973804331,difference of equal-sample representative means; not paired
B1,B1-M00,7,reflectance,2032.5527450980394,0.03008803198726251,difference of equal-sample representative means; not paired
B1,B1-M00,7,reflectance,2038.0134901960787,0.029798018553736816,difference of equal-sample representative means; not paired
B1,B1-M00,7,reflectance,2043.474235294118,0.029548683102500112,difference of equal-sample representative means; not paired
B1,B1-M00,7,reflectance,2048.9349803921573,0.02922612399417321,difference of equal-sample representative means; not paired
B1,B1-M00,7,reflectance,2054.3957254901966,0.028978443162094247,difference of equal-sample representative means; not paired
B1,B1-M00,7,reflectance,2059.8564705882354,0.02864824062034793,difference of equal-sample representative means; not paired
B1,B1-M00,7,reflectance,2065.3172156862747,0.028313531531989733,difference of equal-sample representative means; not paired
B1,B1-M00,7,reflectance,2070.777960784314,0.028025797687373455,difference of equal-sample representative means; not paired
B1,B1-M00,7,reflectance,2076.2387058823533,0.02768301612661439,difference of equal-sample representative means; not paired
B1,B1-M00,7,reflectance,2081.6994509803926,0.027272659606408456,difference of equal-sample representative means; not paired
B1,B1-M00,7,reflectance,2087.1601960784315,0.02696403615590215,difference of equal-sample representative means; not paired
B1,B1-M00,7,reflectance,2092.6209411764708,0.026966453169772864,difference of equal-sample representative means; not paired
B1,B1-M00,7,reflectance,2098.08168627451,0.027085554691839403,difference of equal-sample representative means; not paired
B1,B1-M00,7,reflectance,2103.5424313725493,0.0271418017123633,difference of equal-sample representative means; not paired
B1,B1-M00,7,reflectance,2109.0031764705886,0.027209321699655925,difference of equal-sample representative means; not paired
B1,B1-M00,7,reflectance,2114.463921568628,0.027278414339128837,difference of equal-sample representative means; not paired
B1,B1-M00,7,reflectance,2119.924666666667,0.027305180662928807,difference of equal-sample representative means; not paired
B1,B1-M00,7,reflectance,2125.385411764706,0.027439996365059643,difference of equal-sample representative means; not paired
B1,B1-M00,7,reflectance,2130.8461568627454,0.027867532407808926,difference of equal-sample representative means; not paired
B1,B1-M00,7,reflectance,2136.3069019607847,0.02793256016225132,difference of equal-sample representative means; not paired
B1,B1-M00,7,reflectance,2141.767647058824,0.028103550795328947,difference of equal-sample representative means; not paired
B1,B1-M00,7,reflectance,2147.2283921568633,0.028355136357697486,difference of equal-sample representative means; not paired
B1,B1-M00,7,reflectance,2152.689137254902,0.028457941274806026,difference of equal-sample representative means; not paired
B1,B1-M00,7,reflectance,2158.1498823529414,0.028829857565073252,difference of equal-sample representative means; not paired
B1,B1-M00,7,reflectance,2163.6106274509807,0.029293563805490946,difference of equal-sample representative means; not paired
B1,B1-M00,7,reflectance,2169.07137254902,0.029508621776397653,difference of equal-sample representative means; not paired
B1,B1-M00,7,reflectance,2174.5321176470593,0.029748039440521817,difference of equal-sample representative means; not paired
B1,B1-M00,7,reflectance,2179.992862745098,0.030034389954740726,difference of equal-sample representative means; not paired
B1,B1-M00,7,reflectance,2185.4536078431374,0.030223145180375527,difference of equal-sample representative means; not paired
B1,B1-M00,7,reflectance,2190.9143529411767,0.030439988846182153,difference of equal-sample representative means; not paired
B1,B1-M00,7,reflectance,2196.375098039216,0.03048744565531178,difference of equal-sample representative means; not paired
B1,B1-M00,7,reflectance,2201.8358431372553,0.030547110433426033,difference of equal-sample representative means; not paired
B1,B1-M00,7,reflectance,2207.2965882352946,0.030738592396537923,difference of equal-sample representative means; not paired
B1,B1-M00,7,reflectance,2212.7573333333335,0.030948605079892444,difference of equal-sample representative means; not paired
B1,B1-M00,7,reflectance,2218.2180784313728,0.030981407868181904,difference of equal-sample representative means; not paired
B1,B1-M00,7,reflectance,2223.678823529412,0.030855118172074092,difference of equal-sample representative means; not paired
B1,B1-M00,7,reflectance,2229.1395686274514,0.030950800793627303,difference of equal-sample representative means; not paired
B1,B1-M00,7,reflectance,2234.6003137254907,0.03101128074325804,difference of equal-sample representative means; not paired
B1,B1-M00,7,reflectance,2240.06105882353,0.03078809378480757,difference of equal-sample representative means; not paired
B1,B1-M00,7,reflectance,2245.521803921569,0.03021042800890411,difference of equal-sample representative means; not paired
B1,B1-M00,7,reflectance,2250.982549019608,0.02937650921885504,difference of equal-sample representative means; not paired
B1,B1-M00,7,reflectance,2256.4432941176474,0.02839492648122066,difference of equal-sample representative means; not paired
B1,B1-M00,7,reflectance,2261.9040392156867,0.027151419472765503,difference of equal-sample representative means; not paired
B1,B1-M00,7,reflectance,2267.364784313726,0.02595020294107278,difference of equal-sample representative means; not paired
B1,B1-M00,7,reflectance,2272.825529411765,0.02477055982357329,difference of equal-sample representative means; not paired
B1,B1-M00,7,reflectance,2278.286274509804,0.023878096417086686,difference of equal-sample representative means; not paired
B1,B1-M00,7,reflectance,2283.7470196078434,0.022561924479083395,difference of equal-sample representative means; not paired
B1,B1-M00,7,reflectance,2289.2077647058827,0.021441296174191687,difference of equal-sample representative means; not paired
B1,B1-M00,7,reflectance,2294.668509803922,0.020798013404675325,difference of equal-sample representative means; not paired
B1,B1-M00,7,reflectance,2300.1292549019613,0.01998370521383394,difference of equal-sample representative means; not paired
B1,B1-M00,7,reflectance,2305.59,0.021288427857501846,difference of equal-sample representative means; not paired
B1,B1-M00,7,snv,913.1,-0.303559601954726,difference of equal-sample representative means; not paired
B1,B1-M00,7,snv,918.5607450980392,-0.26334400868369734,difference of equal-sample representative means; not paired
B1,B1-M00,7,snv,924.0214901960785,-0.24937749217304161,difference of equal-sample representative means; not paired
B1,B1-M00,7,snv,929.4822352941177,-0.2351519828690214,difference of equal-sample representative means; not paired
B1,B1-M00,7,snv,934.9429803921569,-0.22380405855648977,difference of equal-sample representative means; not paired
B1,B1-M00,7,snv,940.4037254901962,-0.21599635700315623,difference of equal-sample representative means; not paired
B1,B1-M00,7,snv,945.8644705882353,-0.20557481589618054,difference of equal-sample representative means; not paired
B1,B1-M00,7,snv,951.3252156862745,-0.19435579155270655,difference of equal-sample representative means; not paired
B1,B1-M00,7,snv,956.7859607843137,-0.1813937723447412,difference of equal-sample representative means; not paired
B1,B1-M00,7,snv,962.246705882353,-0.16637473241633383,difference of equal-sample representative means; not paired
B1,B1-M00,7,snv,967.7074509803922,-0.1510037920447369,difference of equal-sample representative means; not paired
B1,B1-M00,7,snv,973.1681960784314,-0.1354761850974726,difference of equal-sample representative means; not paired
B1,B1-M00,7,snv,978.6289411764706,-0.12103152409397677,difference of equal-sample representative means; not paired
B1,B1-M00,7,snv,984.0896862745099,-0.10916356508961855,difference of equal-sample representative means; not paired
B1,B1-M00,7,snv,989.550431372549,-0.10018800300657826,difference of equal-sample representative means; not paired
B1,B1-M00,7,snv,995.0111764705882,-0.09471813414755603,difference of equal-sample representative means; not paired
B1,B1-M00,7,snv,1000.4719215686275,-0.09074158365272478,difference of equal-sample representative means; not paired
B1,B1-M00,7,snv,1005.9326666666667,-0.08830889518049156,difference of equal-sample representative means; not paired
B1,B1-M00,7,snv,1011.3934117647059,-0.086762460620182,difference of equal-sample representative means; not paired
B1,B1-M00,7,snv,1016.8541568627452,-0.08548755504345573,difference of equal-sample representative means; not paired
B1,B1-M00,7,snv,1022.3149019607844,-0.0843582512681127,difference of equal-sample representative means; not paired
B1,B1-M00,7,snv,1027.7756470588236,-0.08367619485845212,difference of equal-sample representative means; not paired
B1,B1-M00,7,snv,1033.2363921568628,-0.08312924274922096,difference of equal-sample representative means; not paired
B1,B1-M00,7,snv,1038.697137254902,-0.0829749094154113,difference of equal-sample representative means; not paired
B1,B1-M00,7,snv,1044.1578823529412,-0.0825284026193609,difference of equal-sample representative means; not paired
B1,B1-M00,7,snv,1049.6186274509805,-0.08171991013849489,difference of equal-sample representative means; not paired
B1,B1-M00,7,snv,1055.0793725490196,-0.08104269131516251,difference of equal-sample representative means; not paired
B1,B1-M00,7,snv,1060.5401176470589,-0.08052286531699249,difference of equal-sample representative means; not paired
B1,B1-M00,7,snv,1066.0008627450982,-0.0797954976201325,difference of equal-sample representative means; not paired
B1,B1-M00,7,snv,1071.4616078431372,-0.07942899958213268,difference of equal-sample representative means; not paired
B1,B1-M00,7,snv,1076.9223529411765,-0.07878831388048124,difference of equal-sample representative means; not paired
B1,B1-M00,7,snv,1082.3830980392158,-0.07820332672798735,difference of equal-sample representative means; not paired
B1,B1-M00,7,snv,1087.843843137255,-0.07759084555337648,difference of equal-sample representative means; not paired
B1,B1-M00,7,snv,1093.3045882352942,-0.07675120118439804,difference of equal-sample representative means; not paired
B1,B1-M00,7,snv,1098.7653333333333,-0.07534420379918383,difference of equal-sample representative means; not paired
B1,B1-M00,7,snv,1104.2260784313726,-0.0729539190890951,difference of equal-sample representative means; not paired
B1,B1-M00,7,snv,1109.6868235294119,-0.06911613479807555,difference of equal-sample representative means; not paired
B1,B1-M00,7,snv,1115.1475686274512,-0.06224813082838043,difference of equal-sample representative means; not paired
B1,B1-M00,7,snv,1120.6083137254902,-0.051269857221973414,difference of equal-sample representative means; not paired
B1,B1-M00,7,snv,1126.0690588235295,-0.03615208964428218,difference of equal-sample representative means; not paired
B1,B1-M00,7,snv,1131.5298039215686,-0.01877340374470582,difference of equal-sample representative means; not paired
B1,B1-M00,7,snv,1136.990549019608,-0.0014066753184514003,difference of equal-sample representative means; not paired
B1,B1-M00,7,snv,1142.4512941176472,0.014192846917520319,difference of equal-sample representative means; not paired
B1,B1-M00,7,snv,1147.9120392156863,0.027439561378147515,difference of equal-sample representative means; not paired
B1,B1-M00,7,snv,1153.3727843137256,0.03947541673226418,difference of equal-sample representative means; not paired
B1,B1-M00,7,snv,1158.8335294117649,0.050480596370516384,difference of equal-sample representative means; not paired
B1,B1-M00,7,snv,1164.294274509804,0.060088424201529156,difference of equal-sample representative means; not paired
B1,B1-M00,7,snv,1169.7550196078432,0.06824074823534798,difference of equal-sample representative means; not paired
B1,B1-M00,7,snv,1175.2157647058825,0.07507201624206106,difference of equal-sample representative means; not paired
B1,B1-M00,7,snv,1180.6765098039216,0.08124283627264628,difference of equal-sample representative means; not paired
B1,B1-M00,7,snv,1186.137254901961,0.08760176972295142,difference of equal-sample representative means; not paired
B1,B1-M00,7,snv,1191.598,0.09400178646988455,difference of equal-sample representative means; not paired
B1,B1-M00,7,snv,1197.0587450980393,0.09825975073863902,difference of equal-sample representative means; not paired
B1,B1-M00,7,snv,1202.5194901960786,0.10130845852285619,difference of equal-sample representative means; not paired
B1,B1-M00,7,snv,1207.9802352941178,0.10325647606386479,difference of equal-sample representative means; not paired
B1,B1-M00,7,snv,1213.440980392157,0.10437956362931278,difference of equal-sample representative means; not paired
B1,B1-M00,7,snv,1218.9017254901962,0.10512868722674928,difference of equal-sample representative means; not paired
B1,B1-M00,7,snv,1224.3624705882353,0.10552408988138817,difference of equal-sample representative means; not paired
B1,B1-M00,7,snv,1229.8232156862746,0.10472078946965868,difference of equal-sample representative means; not paired
B1,B1-M00,7,snv,1235.2839607843139,0.1044712859332948,difference of equal-sample representative means; not paired
B1,B1-M00,7,snv,1240.7447058823532,0.10405849350366836,difference of equal-sample representative means; not paired
B1,B1-M00,7,snv,1246.2054509803922,0.10384078460833801,difference of equal-sample representative means; not paired
B1,B1-M00,7,snv,1251.6661960784315,0.10344355811644079,difference of equal-sample representative means; not paired
B1,B1-M00,7,snv,1257.1269411764706,0.10304414454351662,difference of equal-sample representative means; not paired
B1,B1-M00,7,snv,1262.58768627451,0.10267240528734356,difference of equal-sample representative means; not paired
B1,B1-M00,7,snv,1268.0484313725492,0.10186925507785194,difference of equal-sample representative means; not paired
B1,B1-M00,7,snv,1273.5091764705883,0.10156781476120136,difference of equal-sample representative means; not paired
B1,B1-M00,7,snv,1278.9699215686276,0.09974518183054726,difference of equal-sample representative means; not paired
B1,B1-M00,7,snv,1284.4306666666666,0.0986372584206694,difference of equal-sample representative means; not paired
B1,B1-M00,7,snv,1289.891411764706,0.09727131094923491,difference of equal-sample representative means; not paired
B1,B1-M00,7,snv,1295.3521568627452,0.09679271757315999,difference of equal-sample representative means; not paired
B1,B1-M00,7,snv,1300.8129019607845,0.09720078976399038,difference of equal-sample representative means; not paired
B1,B1-M00,7,snv,1306.2736470588236,0.09720630039705314,difference of equal-sample representative means; not paired
B1,B1-M00,7,snv,1311.734392156863,0.09773793899248528,difference of equal-sample representative means; not paired
B1,B1-M00,7,snv,1317.195137254902,0.09916172541420987,difference of equal-sample representative means; not paired
B1,B1-M00,7,snv,1322.6558823529413,0.10284732984296086,difference of equal-sample representative means; not paired
B1,B1-M00,7,snv,1328.1166274509806,0.10707808830828025,difference of equal-sample representative means; not paired
B1,B1-M00,7,snv,1333.5773725490199,0.11192558466167579,difference of equal-sample representative means; not paired
B1,B1-M00,7,snv,1339.038117647059,0.11732496776278989,difference of equal-sample representative means; not paired
B1,B1-M00,7,snv,1344.4988627450982,0.122705015510299,difference of equal-sample representative means; not paired
B1,B1-M00,7,snv,1349.9596078431373,0.127335683061357,difference of equal-sample representative means; not paired
B1,B1-M00,7,snv,1355.4203529411766,0.13073018953307913,difference of equal-sample representative means; not paired
B1,B1-M00,7,snv,1360.8810980392159,0.13160373974453188,difference of equal-sample representative means; not paired
B1,B1-M00,7,snv,1366.341843137255,0.13188327050286897,difference of equal-sample representative means; not paired
B1,B1-M00,7,snv,1371.8025882352943,0.13152547360896294,difference of equal-sample representative means; not paired
B1,B1-M00,7,snv,1377.2633333333333,0.13049302283083059,difference of equal-sample representative means; not paired
B1,B1-M00,7,snv,1382.7240784313726,0.12932484719927884,difference of equal-sample representative means; not paired
B1,B1-M00,7,snv,1388.184823529412,0.12854302396945821,difference of equal-sample representative means; not paired
B1,B1-M00,7,snv,1393.6455686274512,0.12638739599791138,difference of equal-sample representative means; not paired
B1,B1-M00,7,snv,1399.1063137254903,0.12199310785535086,difference of equal-sample representative means; not paired
B1,B1-M00,7,snv,1404.5670588235296,0.1145325797669981,difference of equal-sample representative means; not paired
B1,B1-M00,7,snv,1410.0278039215686,0.10413175539783243,difference of equal-sample representative means; not paired
B1,B1-M00,7,snv,1415.488549019608,0.09184648839858722,difference of equal-sample representative means; not paired
B1,B1-M00,7,snv,1420.9492941176472,0.07902842767597251,difference of equal-sample representative means; not paired
B1,B1-M00,7,snv,1426.4100392156865,0.06709738747607819,difference of equal-sample representative means; not paired
B1,B1-M00,7,snv,1431.8707843137256,0.05748330274098168,difference of equal-sample representative means; not paired
B1,B1-M00,7,snv,1437.3315294117647,0.05075962170014792,difference of equal-sample representative means; not paired
B1,B1-M00,7,snv,1442.792274509804,0.0459370606834808,difference of equal-sample representative means; not paired
B1,B1-M00,7,snv,1448.2530196078433,0.042001691620706216,difference of equal-sample representative means; not paired
B1,B1-M00,7,snv,1453.7137647058826,0.03886130447784797,difference of equal-sample representative means; not paired
B1,B1-M00,7,snv,1459.1745098039219,0.03658624249715914,difference of equal-sample representative means; not paired
B1,B1-M00,7,snv,1464.635254901961,0.03517103775687558,difference of equal-sample representative means; not paired
B1,B1-M00,7,snv,1470.096,0.03431744954545479,difference of equal-sample representative means; not paired
B1,B1-M00,7,snv,1475.5567450980393,0.033034246480690865,difference of equal-sample representative means; not paired
B1,B1-M00,7,snv,1481.0174901960786,0.0323333643995769,difference of equal-sample representative means; not paired
B1,B1-M00,7,snv,1486.478235294118,0.033356568256336705,difference of equal-sample representative means; not paired
B1,B1-M00,7,snv,1491.938980392157,0.03458604371346119,difference of equal-sample representative means; not paired
B1,B1-M00,7,snv,1497.3997254901963,0.035674873507011595,difference of equal-sample representative means; not paired
B1,B1-M00,7,snv,1502.8604705882353,0.03721540627095654,difference of equal-sample representative means; not paired
B1,B1-M00,7,snv,1508.3212156862746,0.03958314268761154,difference of equal-sample representative means; not paired
B1,B1-M00,7,snv,1513.781960784314,0.041564600164539,difference of equal-sample representative means; not paired
B1,B1-M00,7,snv,1519.2427058823532,0.04326799383925384,difference of equal-sample representative means; not paired
B1,B1-M00,7,snv,1524.7034509803923,0.04482716797945274,difference of equal-sample representative means; not paired
B1,B1-M00,7,snv,1530.1641960784316,0.0464299325501184,difference of equal-sample representative means; not paired
B1,B1-M00,7,snv,1535.6249411764707,0.047202241749863205,difference of equal-sample representative means; not paired
B1,B1-M00,7,snv,1541.08568627451,0.04796341955096217,difference of equal-sample representative means; not paired
B1,B1-M00,7,snv,1546.5464313725493,0.04949086243133116,difference of equal-sample representative means; not paired
B1,B1-M00,7,snv,1552.0071764705885,0.05078771607545518,difference of equal-sample representative means; not paired
B1,B1-M00,7,snv,1557.4679215686276,0.05154128572379635,difference of equal-sample representative means; not paired
B1,B1-M00,7,snv,1562.9286666666667,0.053575952571199736,difference of equal-sample representative means; not paired
B1,B1-M00,7,snv,1568.389411764706,0.05374057611551064,difference of equal-sample representative means; not paired
B1,B1-M00,7,snv,1573.8501568627453,0.05433727221379947,difference of equal-sample representative means; not paired
B1,B1-M00,7,snv,1579.3109019607846,0.05491966768095108,difference of equal-sample representative means; not paired
B1,B1-M00,7,snv,1584.7716470588239,0.05538796441613153,difference of equal-sample representative means; not paired
B1,B1-M00,7,snv,1590.232392156863,0.056571791333918764,difference of equal-sample representative means; not paired
B1,B1-M00,7,snv,1595.693137254902,0.057795212677972996,difference of equal-sample representative means; not paired
B1,B1-M00,7,snv,1601.1538823529413,0.05980619864669101,difference of equal-sample representative means; not paired
B1,B1-M00,7,snv,1606.6146274509806,0.06175773535721818,difference of equal-sample representative means; not paired
B1,B1-M00,7,snv,1612.07537254902,0.06353710030834586,difference of equal-sample representative means; not paired
B1,B1-M00,7,snv,1617.536117647059,0.06525057406739493,difference of equal-sample representative means; not paired
B1,B1-M00,7,snv,1622.9968627450983,0.06684916156410886,difference of equal-sample representative means; not paired
B1,B1-M00,7,snv,1628.4576078431373,0.06804804168114997,difference of equal-sample representative means; not paired
B1,B1-M00,7,snv,1633.9183529411766,0.06852536088769207,difference of equal-sample representative means; not paired
B1,B1-M00,7,snv,1639.379098039216,0.06864352007570579,difference of equal-sample representative means; not paired
B1,B1-M00,7,snv,1644.8398431372552,0.06713567208245896,difference of equal-sample representative means; not paired
B1,B1-M00,7,snv,1650.3005882352943,0.0639122033175824,difference of equal-sample representative means; not paired
B1,B1-M00,7,snv,1655.7613333333334,0.060164683885505,difference of equal-sample representative means; not paired
B1,B1-M00,7,snv,1661.2220784313727,0.05666689087329463,difference of equal-sample representative means; not paired
B1,B1-M00,7,snv,1666.682823529412,0.05403762371921006,difference of equal-sample representative means; not paired
B1,B1-M00,7,snv,1672.1435686274513,0.05256867475016097,difference of equal-sample representative means; not paired
B1,B1-M00,7,snv,1677.6043137254906,0.05165779503912532,difference of equal-sample representative means; not paired
B1,B1-M00,7,snv,1683.0650588235296,0.052009470432626326,difference of equal-sample representative means; not paired
B1,B1-M00,7,snv,1688.5258039215687,0.052336772093176276,difference of equal-sample representative means; not paired
B1,B1-M00,7,snv,1693.986549019608,0.05220916442060791,difference of equal-sample representative means; not paired
B1,B1-M00,7,snv,1699.4472941176473,0.05222609061033329,difference of equal-sample representative means; not paired
B1,B1-M00,7,snv,1704.9080392156866,0.05206563165520428,difference of equal-sample representative means; not paired
B1,B1-M00,7,snv,1710.3687843137257,0.05173957906666243,difference of equal-sample representative means; not paired
B1,B1-M00,7,snv,1715.829529411765,0.0522686765411543,difference of equal-sample representative means; not paired
B1,B1-M00,7,snv,1721.290274509804,0.051831500709768996,difference of equal-sample representative means; not paired
B1,B1-M00,7,snv,1726.7510196078433,0.05106052113230214,difference of equal-sample representative means; not paired
B1,B1-M00,7,snv,1732.2117647058826,0.04969137648129485,difference of equal-sample representative means; not paired
B1,B1-M00,7,snv,1737.672509803922,0.04938510873720359,difference of equal-sample representative means; not paired
B1,B1-M00,7,snv,1743.133254901961,0.04924913385854435,difference of equal-sample representative means; not paired
B1,B1-M00,7,snv,1748.594,0.04858536955666126,difference of equal-sample representative means; not paired
B1,B1-M00,7,snv,1754.0547450980393,0.047895162619930765,difference of equal-sample representative means; not paired
B1,B1-M00,7,snv,1759.5154901960786,0.04785491962355143,difference of equal-sample representative means; not paired
B1,B1-M00,7,snv,1764.976235294118,0.04779803723328463,difference of equal-sample representative means; not paired
B1,B1-M00,7,snv,1770.4369803921572,0.04744672778584352,difference of equal-sample representative means; not paired
B1,B1-M00,7,snv,1775.8977254901963,0.046477702532964016,difference of equal-sample representative means; not paired
B1,B1-M00,7,snv,1781.3584705882354,0.04592648820073364,difference of equal-sample representative means; not paired
B1,B1-M00,7,snv,1786.8192156862747,0.045465798377034405,difference of equal-sample representative means; not paired
B1,B1-M00,7,snv,1792.279960784314,0.044778038215274596,difference of equal-sample representative means; not paired
B1,B1-M00,7,snv,1797.7407058823533,0.04472384120076289,difference of equal-sample representative means; not paired
B1,B1-M00,7,snv,1803.2014509803923,0.04579169385367232,difference of equal-sample representative means; not paired
B1,B1-M00,7,snv,1808.6621960784316,0.04585892339479675,difference of equal-sample representative means; not paired
B1,B1-M00,7,snv,1814.1229411764707,0.04645559259832349,difference of equal-sample representative means; not paired
B1,B1-M00,7,snv,1819.58368627451,0.04715895732766279,difference of equal-sample representative means; not paired
B1,B1-M00,7,snv,1825.0444313725493,0.04742699664684413,difference of equal-sample representative means; not paired
B1,B1-M00,7,snv,1830.5051764705886,0.047386208478555736,difference of equal-sample representative means; not paired
B1,B1-M00,7,snv,1835.9659215686277,0.04754615273477458,difference of equal-sample representative means; not paired
B1,B1-M00,7,snv,1841.4266666666667,0.04796402968037722,difference of equal-sample representative means; not paired
B1,B1-M00,7,snv,1846.887411764706,0.048397012347985935,difference of equal-sample representative means; not paired
B1,B1-M00,7,snv,1852.3481568627453,0.04945148848167236,difference of equal-sample representative means; not paired
B1,B1-M00,7,snv,1857.8089019607846,0.049079746132857205,difference of equal-sample representative means; not paired
B1,B1-M00,7,snv,1863.269647058824,0.048543683520642644,difference of equal-sample representative means; not paired
B1,B1-M00,7,snv,1868.730392156863,0.04672430287555329,difference of equal-sample representative means; not paired
B1,B1-M00,7,snv,1874.191137254902,0.04275779329825752,difference of equal-sample representative means; not paired
B1,B1-M00,7,snv,1879.6518823529414,0.03751749448716302,difference of equal-sample representative means; not paired
B1,B1-M00,7,snv,1885.1126274509807,0.031097908202545377,difference of equal-sample representative means; not paired
B1,B1-M00,7,snv,1890.57337254902,0.01964439575866228,difference of equal-sample representative means; not paired
B1,B1-M00,7,snv,1896.034117647059,0.005394412252441305,difference of equal-sample representative means; not paired
B1,B1-M00,7,snv,1901.4948627450983,-0.012060183132617808,difference of equal-sample representative means; not paired
B1,B1-M00,7,snv,1906.9556078431374,-0.03162222520788627,difference of equal-sample representative means; not paired
B1,B1-M00,7,snv,1912.4163529411767,-0.050039000192446226,difference of equal-sample representative means; not paired
B1,B1-M00,7,snv,1917.877098039216,-0.06435820730791386,difference of equal-sample representative means; not paired
B1,B1-M00,7,snv,1923.3378431372553,-0.07442901441807703,difference of equal-sample representative means; not paired
B1,B1-M00,7,snv,1928.7985882352943,-0.08028850782435581,difference of equal-sample representative means; not paired
B1,B1-M00,7,snv,1934.2593333333336,-0.08240616319366989,difference of equal-sample representative means; not paired
B1,B1-M00,7,snv,1939.7200784313727,-0.08210983453301357,difference of equal-sample representative means; not paired
B1,B1-M00,7,snv,1945.180823529412,-0.08074951733763713,difference of equal-sample representative means; not paired
B1,B1-M00,7,snv,1950.6415686274513,-0.07857824506349043,difference of equal-sample representative means; not paired
B1,B1-M00,7,snv,1956.1023137254906,-0.07581240658565647,difference of equal-sample representative means; not paired
B1,B1-M00,7,snv,1961.5630588235294,-0.07259035905379951,difference of equal-sample representative means; not paired
B1,B1-M00,7,snv,1967.0238039215687,-0.06803595206660418,difference of equal-sample representative means; not paired
B1,B1-M00,7,snv,1972.484549019608,-0.06385988387430075,difference of equal-sample representative means; not paired
B1,B1-M00,7,snv,1977.9452941176473,-0.06126253463083686,difference of equal-sample representative means; not paired
B1,B1-M00,7,snv,1983.4060392156866,-0.057324645379212336,difference of equal-sample representative means; not paired
B1,B1-M00,7,snv,1988.866784313726,-0.05358634370512949,difference of equal-sample representative means; not paired
B1,B1-M00,7,snv,1994.3275294117648,-0.05041152829728246,difference of equal-sample representative means; not paired
B1,B1-M00,7,snv,1999.788274509804,-0.04734246020762911,difference of equal-sample representative means; not paired
B1,B1-M00,7,snv,2005.2490196078434,-0.0443972969469556,difference of equal-sample representative means; not paired
B1,B1-M00,7,snv,2010.7097647058827,-0.04223776256741296,difference of equal-sample representative means; not paired
B1,B1-M00,7,snv,2016.170509803922,-0.04102108346903888,difference of equal-sample representative means; not paired
B1,B1-M00,7,snv,2021.6312549019613,-0.040311213775092836,difference of equal-sample representative means; not paired
B1,B1-M00,7,snv,2027.092,-0.04036003289257584,difference of equal-sample representative means; not paired
B1,B1-M00,7,snv,2032.5527450980394,-0.04189998318701338,difference of equal-sample representative means; not paired
B1,B1-M00,7,snv,2038.0134901960787,-0.04443299521291155,difference of equal-sample representative means; not paired
B1,B1-M00,7,snv,2043.474235294118,-0.04704430460892928,difference of equal-sample representative means; not paired
B1,B1-M00,7,snv,2048.9349803921573,-0.04988379499907125,difference of equal-sample representative means; not paired
B1,B1-M00,7,snv,2054.3957254901966,-0.05271111951651364,difference of equal-sample representative means; not paired
B1,B1-M00,7,snv,2059.8564705882354,-0.05580658698613594,difference of equal-sample representative means; not paired
B1,B1-M00,7,snv,2065.3172156862747,-0.05885364257761594,difference of equal-sample representative means; not paired
B1,B1-M00,7,snv,2070.777960784314,-0.06137513377226245,difference of equal-sample representative means; not paired
B1,B1-M00,7,snv,2076.2387058823533,-0.06407156396073532,difference of equal-sample representative means; not paired
B1,B1-M00,7,snv,2081.6994509803926,-0.06701298643592224,difference of equal-sample representative means; not paired
B1,B1-M00,7,snv,2087.1601960784315,-0.06919288934569934,difference of equal-sample representative means; not paired
B1,B1-M00,7,snv,2092.6209411764708,-0.06983335530535661,difference of equal-sample representative means; not paired
B1,B1-M00,7,snv,2098.08168627451,-0.06911962426661211,difference of equal-sample representative means; not paired
B1,B1-M00,7,snv,2103.5424313725493,-0.06936681867812367,difference of equal-sample representative means; not paired
B1,B1-M00,7,snv,2109.0031764705886,-0.06915612165937579,difference of equal-sample representative means; not paired
B1,B1-M00,7,snv,2114.463921568628,-0.0688607887736522,difference of equal-sample representative means; not paired
B1,B1-M00,7,snv,2119.924666666667,-0.06864426911879185,difference of equal-sample representative means; not paired
B1,B1-M00,7,snv,2125.385411764706,-0.06762668700435315,difference of equal-sample representative means; not paired
B1,B1-M00,7,snv,2130.8461568627454,-0.06507467809363832,difference of equal-sample representative means; not paired
B1,B1-M00,7,snv,2136.3069019607847,-0.06438726978753018,difference of equal-sample representative means; not paired
B1,B1-M00,7,snv,2141.767647058824,-0.063110470868596,difference of equal-sample representative means; not paired
B1,B1-M00,7,snv,2147.2283921568633,-0.06122201804222971,difference of equal-sample representative means; not paired
B1,B1-M00,7,snv,2152.689137254902,-0.06010607520563138,difference of equal-sample representative means; not paired
B1,B1-M00,7,snv,2158.1498823529414,-0.05753574603757561,difference of equal-sample representative means; not paired
B1,B1-M00,7,snv,2163.6106274509807,-0.054444901428881476,difference of equal-sample representative means; not paired
B1,B1-M00,7,snv,2169.07137254902,-0.05259898887241732,difference of equal-sample representative means; not paired
B1,B1-M00,7,snv,2174.5321176470593,-0.050485608845981744,difference of equal-sample representative means; not paired
B1,B1-M00,7,snv,2179.992862745098,-0.048459739180160444,difference of equal-sample representative means; not paired
B1,B1-M00,7,snv,2185.4536078431374,-0.04677672777184749,difference of equal-sample representative means; not paired
B1,B1-M00,7,snv,2190.9143529411767,-0.04502129476727457,difference of equal-sample representative means; not paired
B1,B1-M00,7,snv,2196.375098039216,-0.044062050517018725,difference of equal-sample representative means; not paired
B1,B1-M00,7,snv,2201.8358431372553,-0.043219654002847885,difference of equal-sample representative means; not paired
B1,B1-M00,7,snv,2207.2965882352946,-0.041795651796200706,difference of equal-sample representative means; not paired
B1,B1-M00,7,snv,2212.7573333333335,-0.04015483698393396,difference of equal-sample representative means; not paired
B1,B1-M00,7,snv,2218.2180784313728,-0.039678481631284845,difference of equal-sample representative means; not paired
B1,B1-M00,7,snv,2223.678823529412,-0.039797275878187044,difference of equal-sample representative means; not paired
B1,B1-M00,7,snv,2229.1395686274514,-0.03988068445667192,difference of equal-sample representative means; not paired
B1,B1-M00,7,snv,2234.6003137254907,-0.040286887934642635,difference of equal-sample representative means; not paired
B1,B1-M00,7,snv,2240.06105882353,-0.04274990802684797,difference of equal-sample representative means; not paired
B1,B1-M00,7,snv,2245.521803921569,-0.04751589121213384,difference of equal-sample representative means; not paired
B1,B1-M00,7,snv,2250.982549019608,-0.054187618772364554,difference of equal-sample representative means; not paired
B1,B1-M00,7,snv,2256.4432941176474,-0.06241403621371222,difference of equal-sample representative means; not paired
B1,B1-M00,7,snv,2261.9040392156867,-0.0715257044244395,difference of equal-sample representative means; not paired
B1,B1-M00,7,snv,2267.364784313726,-0.08080256579317457,difference of equal-sample representative means; not paired
B1,B1-M00,7,snv,2272.825529411765,-0.08921816517762626,difference of equal-sample representative means; not paired
B1,B1-M00,7,snv,2278.286274509804,-0.09537029524295737,difference of equal-sample representative means; not paired
B1,B1-M00,7,snv,2283.7470196078434,-0.10285440510080002,difference of equal-sample representative means; not paired
B1,B1-M00,7,snv,2289.2077647058827,-0.10861855748888738,difference of equal-sample representative means; not paired
B1,B1-M00,7,snv,2294.668509803922,-0.1116369562236863,difference of equal-sample representative means; not paired
B1,B1-M00,7,snv,2300.1292549019613,-0.11575893977389318,difference of equal-sample representative means; not paired
B1,B1-M00,7,snv,2305.59,-0.10913178656749123,difference of equal-sample representative means; not paired
B1,B1-M00,7,second_derivative,913.1,2.370761611969081e-05,difference of equal-sample representative means; not paired
B1,B1-M00,7,second_derivative,918.5607450980392,2.370761611969081e-05,difference of equal-sample representative means; not paired
B1,B1-M00,7,second_derivative,924.0214901960785,2.370761611969081e-05,difference of equal-sample representative means; not paired
B1,B1-M00,7,second_derivative,929.4822352941177,2.3707616119691028e-05,difference of equal-sample representative means; not paired
B1,B1-M00,7,second_derivative,934.9429803921569,5.548344789869055e-06,difference of equal-sample representative means; not paired
B1,B1-M00,7,second_derivative,940.4037254901962,4.5184173869337445e-07,difference of equal-sample representative means; not paired
B1,B1-M00,7,second_derivative,945.8644705882353,-5.260066305225274e-06,difference of equal-sample representative means; not paired
B1,B1-M00,7,second_derivative,951.3252156862745,-7.641830655529505e-06,difference of equal-sample representative means; not paired
B1,B1-M00,7,second_derivative,956.7859607843137,-6.301592665335319e-06,difference of equal-sample representative means; not paired
B1,B1-M00,7,second_derivative,962.246705882353,-3.955113044850609e-06,difference of equal-sample representative means; not paired
B1,B1-M00,7,second_derivative,967.7074509803922,3.591998852725263e-08,difference of equal-sample representative means; not paired
B1,B1-M00,7,second_derivative,973.1681960784314,4.75102301259527e-06,difference of equal-sample representative means; not paired
B1,B1-M00,7,second_derivative,978.6289411764706,9.070095497148173e-06,difference of equal-sample representative means; not paired
B1,B1-M00,7,second_derivative,984.0896862745099,1.1678880269714487e-05,difference of equal-sample representative means; not paired
B1,B1-M00,7,second_derivative,989.550431372549,1.1807367789184539e-05,difference of equal-sample representative means; not paired
B1,B1-M00,7,second_derivative,995.0111764705882,9.873202058068341e-06,difference of equal-sample representative means; not paired
B1,B1-M00,7,second_derivative,1000.4719215686275,7.016402166866646e-06,difference of equal-sample representative means; not paired
B1,B1-M00,7,second_derivative,1005.9326666666667,4.276399116274329e-06,difference of equal-sample representative means; not paired
B1,B1-M00,7,second_derivative,1011.3934117647059,2.7092920396764753e-06,difference of equal-sample representative means; not paired
B1,B1-M00,7,second_derivative,1016.8541568627452,1.6244092047408883e-06,difference of equal-sample representative means; not paired
B1,B1-M00,7,second_derivative,1022.3149019607844,1.2388483433906965e-06,difference of equal-sample representative means; not paired
B1,B1-M00,7,second_derivative,1027.7756470588236,8.38546297107858e-07,difference of equal-sample representative means; not paired
B1,B1-M00,7,second_derivative,1033.2363921568628,1.4406509764000237e-07,difference of equal-sample representative means; not paired
B1,B1-M00,7,second_derivative,1038.697137254902,-3.964105218458781e-07,difference of equal-sample representative means; not paired
B1,B1-M00,7,second_derivative,1044.1578823529412,-4.763786037401935e-07,difference of equal-sample representative means; not paired
B1,B1-M00,7,second_derivative,1049.6186274509805,-3.872353622126613e-07,difference of equal-sample representative means; not paired
B1,B1-M00,7,second_derivative,1055.0793725490196,5.33491259253802e-08,difference of equal-sample representative means; not paired
B1,B1-M00,7,second_derivative,1060.5401176470589,1.6601829660126254e-07,difference of equal-sample representative means; not paired
B1,B1-M00,7,second_derivative,1066.0008627450982,7.905991436580216e-08,difference of equal-sample representative means; not paired
B1,B1-M00,7,second_derivative,1071.4616078431372,1.9803035266483662e-08,difference of equal-sample representative means; not paired
B1,B1-M00,7,second_derivative,1076.9223529411765,-1.0287934000603026e-07,difference of equal-sample representative means; not paired
B1,B1-M00,7,second_derivative,1082.3830980392158,-5.910858599694053e-07,difference of equal-sample representative means; not paired
B1,B1-M00,7,second_derivative,1087.843843137255,-1.4479119861009013e-06,difference of equal-sample representative means; not paired
B1,B1-M00,7,second_derivative,1093.3045882352942,-3.052933282967056e-06,difference of equal-sample representative means; not paired
B1,B1-M00,7,second_derivative,1098.7653333333333,-5.6714988583566285e-06,difference of equal-sample representative means; not paired
B1,B1-M00,7,second_derivative,1104.2260784313726,-9.465905317417127e-06,difference of equal-sample representative means; not paired
B1,B1-M00,7,second_derivative,1109.6868235294119,-1.3791241150094845e-05,difference of equal-sample representative means; not paired
B1,B1-M00,7,second_derivative,1115.1475686274512,-1.6751192917836392e-05,difference of equal-sample representative means; not paired
B1,B1-M00,7,second_derivative,1120.6083137254902,-1.627463087065588e-05,difference of equal-sample representative means; not paired
B1,B1-M00,7,second_derivative,1126.0690588235295,-1.15933456436198e-05,difference of equal-sample representative means; not paired
B1,B1-M00,7,second_derivative,1131.5298039215686,-4.595651667253775e-06,difference of equal-sample representative means; not paired
B1,B1-M00,7,second_derivative,1136.990549019608,1.009838602224519e-06,difference of equal-sample representative means; not paired
B1,B1-M00,7,second_derivative,1142.4512941176472,3.1468876841008318e-06,difference of equal-sample representative means; not paired
B1,B1-M00,7,second_derivative,1147.9120392156863,3.142337601989961e-06,difference of equal-sample representative means; not paired
B1,B1-M00,7,second_derivative,1153.3727843137256,3.08249535624582e-06,difference of equal-sample representative means; not paired
B1,B1-M00,7,second_derivative,1158.8335294117649,4.106299458410366e-06,difference of equal-sample representative means; not paired
B1,B1-M00,7,second_derivative,1164.294274509804,5.23049535037239e-06,difference of equal-sample representative means; not paired
B1,B1-M00,7,second_derivative,1169.7550196078432,4.217659444766455e-06,difference of equal-sample representative means; not paired
B1,B1-M00,7,second_derivative,1175.2157647058825,1.6142088404762867e-06,difference of equal-sample representative means; not paired
B1,B1-M00,7,second_derivative,1180.6765098039216,1.6759390659543368e-06,difference of equal-sample representative means; not paired
B1,B1-M00,7,second_derivative,1186.137254901961,4.799690589238578e-06,difference of equal-sample representative means; not paired
B1,B1-M00,7,second_derivative,1191.598,9.15121912717121e-06,difference of equal-sample representative means; not paired
B1,B1-M00,7,second_derivative,1197.0587450980393,1.1812820467237168e-05,difference of equal-sample representative means; not paired
B1,B1-M00,7,second_derivative,1202.5194901960786,1.115103922642374e-05,difference of equal-sample representative means; not paired
B1,B1-M00,7,second_derivative,1207.9802352941178,8.702083176897531e-06,difference of equal-sample representative means; not paired
B1,B1-M00,7,second_derivative,1213.440980392157,7.90694092105679e-06,difference of equal-sample representative means; not paired
B1,B1-M00,7,second_derivative,1218.9017254901962,7.370987092423362e-06,difference of equal-sample representative means; not paired
B1,B1-M00,7,second_derivative,1224.3624705882353,6.346542107750932e-06,difference of equal-sample representative means; not paired
B1,B1-M00,7,second_derivative,1229.8232156862746,4.214021132220845e-06,difference of equal-sample representative means; not paired
B1,B1-M00,7,second_derivative,1235.2839607843139,1.5374506432064625e-06,difference of equal-sample representative means; not paired
B1,B1-M00,7,second_derivative,1240.7447058823532,-6.41420571854138e-07,difference of equal-sample representative means; not paired
B1,B1-M00,7,second_derivative,1246.2054509803922,-1.658141128312248e-06,difference of equal-sample representative means; not paired
B1,B1-M00,7,second_derivative,1251.6661960784315,-1.925436184358468e-06,difference of equal-sample representative means; not paired
B1,B1-M00,7,second_derivative,1257.1269411764706,-1.770152833915523e-06,difference of equal-sample representative means; not paired
B1,B1-M00,7,second_derivative,1262.58768627451,-2.4439605464612184e-07,difference of equal-sample representative means; not paired
B1,B1-M00,7,second_derivative,1268.0484313725492,1.1872627543680363e-06,difference of equal-sample representative means; not paired
B1,B1-M00,7,second_derivative,1273.5091764705883,1.943984911831913e-06,difference of equal-sample representative means; not paired
B1,B1-M00,7,second_derivative,1278.9699215686276,1.2012868931557207e-06,difference of equal-sample representative means; not paired
B1,B1-M00,7,second_derivative,1284.4306666666666,-9.85777651170878e-07,difference of equal-sample representative means; not paired
B1,B1-M00,7,second_derivative,1289.891411764706,-3.6235891546878998e-06,difference of equal-sample representative means; not paired
B1,B1-M00,7,second_derivative,1295.3521568627452,-5.268859906948891e-06,difference of equal-sample representative means; not paired
B1,B1-M00,7,second_derivative,1300.8129019607845,-7.029907796639296e-06,difference of equal-sample representative means; not paired
B1,B1-M00,7,second_derivative,1306.2736470588236,-8.905387925952168e-06,difference of equal-sample representative means; not paired
B1,B1-M00,7,second_derivative,1311.734392156863,-1.0702328565446213e-05,difference of equal-sample representative means; not paired
B1,B1-M00,7,second_derivative,1317.195137254902,-1.2047317035249604e-05,difference of equal-sample representative means; not paired
B1,B1-M00,7,second_derivative,1322.6558823529413,-1.257550424592016e-05,difference of equal-sample representative means; not paired
B1,B1-M00,7,second_derivative,1328.1166274509806,-1.263071925745521e-05,difference of equal-sample representative means; not paired
B1,B1-M00,7,second_derivative,1333.5773725490199,-1.1619621605974198e-05,difference of equal-sample representative means; not paired
B1,B1-M00,7,second_derivative,1339.038117647059,-8.580079902214581e-06,difference of equal-sample representative means; not paired
B1,B1-M00,7,second_derivative,1344.4988627450982,-2.4775335527776196e-06,difference of equal-sample representative means; not paired
B1,B1-M00,7,second_derivative,1349.9596078431373,3.2261851185691046e-06,difference of equal-sample representative means; not paired
B1,B1-M00,7,second_derivative,1355.4203529411766,6.867692877026653e-06,difference of equal-sample representative means; not paired
B1,B1-M00,7,second_derivative,1360.8810980392159,8.444749279107122e-06,difference of equal-sample representative means; not paired
B1,B1-M00,7,second_derivative,1366.341843137255,8.06006076284439e-06,difference of equal-sample representative means; not paired
B1,B1-M00,7,second_derivative,1371.8025882352943,5.043755132766937e-06,difference of equal-sample representative means; not paired
B1,B1-M00,7,second_derivative,1377.2633333333333,-1.4170472524970102e-06,difference of equal-sample representative means; not paired
B1,B1-M00,7,second_derivative,1382.7240784313726,-1.0263925849500846e-05,difference of equal-sample representative means; not paired
B1,B1-M00,7,second_derivative,1388.184823529412,-1.6478558367786117e-05,difference of equal-sample representative means; not paired
B1,B1-M00,7,second_derivative,1393.6455686274512,-1.6627882346757794e-05,difference of equal-sample representative means; not paired
B1,B1-M00,7,second_derivative,1399.1063137254903,-1.1120240036495416e-05,difference of equal-sample representative means; not paired
B1,B1-M00,7,second_derivative,1404.5670588235296,-3.0898567998723943e-06,difference of equal-sample representative means; not paired
B1,B1-M00,7,second_derivative,1410.0278039215686,4.666566284435399e-06,difference of equal-sample representative means; not paired
B1,B1-M00,7,second_derivative,1415.488549019608,1.1078301856424518e-05,difference of equal-sample representative means; not paired
B1,B1-M00,7,second_derivative,1420.9492941176472,1.5421644291718515e-05,difference of equal-sample representative means; not paired
B1,B1-M00,7,second_derivative,1426.4100392156865,1.6636467421844036e-05,difference of equal-sample representative means; not paired
B1,B1-M00,7,second_derivative,1431.8707843137256,1.55566754173736e-05,difference of equal-sample representative means; not paired
B1,B1-M00,7,second_derivative,1437.3315294117647,1.3164598302043676e-05,difference of equal-sample representative means; not paired
B1,B1-M00,7,second_derivative,1442.792274509804,9.974618988159634e-06,difference of equal-sample representative means; not paired
B1,B1-M00,7,second_derivative,1448.2530196078433,6.178464986242131e-06,difference of equal-sample representative means; not paired
B1,B1-M00,7,second_derivative,1453.7137647058826,2.931392912733351e-06,difference of equal-sample representative means; not paired
B1,B1-M00,7,second_derivative,1459.1745098039219,1.8861157304879254e-06,difference of equal-sample representative means; not paired
B1,B1-M00,7,second_derivative,1464.635254901961,3.1105849448681935e-06,difference of equal-sample representative means; not paired
B1,B1-M00,7,second_derivative,1470.096,3.555488405262274e-06,difference of equal-sample representative means; not paired
B1,B1-M00,7,second_derivative,1475.5567450980393,3.0148919313213577e-06,difference of equal-sample representative means; not paired
B1,B1-M00,7,second_derivative,1481.0174901960786,2.1949853138237155e-06,difference of equal-sample representative means; not paired
B1,B1-M00,7,second_derivative,1486.478235294118,1.4504117530922354e-06,difference of equal-sample representative means; not paired
B1,B1-M00,7,second_derivative,1491.938980392157,1.1514442961981526e-06,difference of equal-sample representative means; not paired
B1,B1-M00,7,second_derivative,1497.3997254901963,1.3541748411198274e-06,difference of equal-sample representative means; not paired
B1,B1-M00,7,second_derivative,1502.8604705882353,1.1731223473936337e-06,difference of equal-sample representative means; not paired
B1,B1-M00,7,second_derivative,1508.3212156862746,1.2480726995304257e-06,difference of equal-sample representative means; not paired
B1,B1-M00,7,second_derivative,1513.781960784314,8.94874193721322e-07,difference of equal-sample representative means; not paired
B1,B1-M00,7,second_derivative,1519.2427058823532,2.0797283003249332e-07,difference of equal-sample representative means; not paired
B1,B1-M00,7,second_derivative,1524.7034509803923,-1.0692727525551229e-06,difference of equal-sample representative means; not paired
B1,B1-M00,7,second_derivative,1530.1641960784316,-1.89023729990105e-06,difference of equal-sample representative means; not paired
B1,B1-M00,7,second_derivative,1535.6249411764707,-1.3120640591072164e-06,difference of equal-sample representative means; not paired
B1,B1-M00,7,second_derivative,1541.08568627451,-2.980475791866014e-07,difference of equal-sample representative means; not paired
B1,B1-M00,7,second_derivative,1546.5464313725493,-2.9795150728228633e-08,difference of equal-sample representative means; not paired
B1,B1-M00,7,second_derivative,1552.0071764705885,1.125037687993843e-06,difference of equal-sample representative means; not paired
B1,B1-M00,7,second_derivative,1557.4679215686276,1.3027339322062e-06,difference of equal-sample representative means; not paired
B1,B1-M00,7,second_derivative,1562.9286666666667,7.17544208705189e-07,difference of equal-sample representative means; not paired
B1,B1-M00,7,second_derivative,1568.389411764706,8.908558134180846e-07,difference of equal-sample representative means; not paired
B1,B1-M00,7,second_derivative,1573.8501568627453,7.332830653227516e-07,difference of equal-sample representative means; not paired
B1,B1-M00,7,second_derivative,1579.3109019607846,8.492240380955449e-07,difference of equal-sample representative means; not paired
B1,B1-M00,7,second_derivative,1584.7716470588239,2.156131456746006e-06,difference of equal-sample representative means; not paired
B1,B1-M00,7,second_derivative,1590.232392156863,3.6119357397192337e-06,difference of equal-sample representative means; not paired
B1,B1-M00,7,second_derivative,1595.693137254902,5.177983190697166e-06,difference of equal-sample representative means; not paired
B1,B1-M00,7,second_derivative,1601.1538823529413,5.45727812404752e-06,difference of equal-sample representative means; not paired
B1,B1-M00,7,second_derivative,1606.6146274509806,3.6374983822954813e-06,difference of equal-sample representative means; not paired
B1,B1-M00,7,second_derivative,1612.07537254902,1.4417178506461466e-06,difference of equal-sample representative means; not paired
B1,B1-M00,7,second_derivative,1617.536117647059,-5.712480532575999e-07,difference of equal-sample representative means; not paired
B1,B1-M00,7,second_derivative,1622.9968627450983,-1.4459710117185518e-06,difference of equal-sample representative means; not paired
B1,B1-M00,7,second_derivative,1628.4576078431373,-8.802270916359064e-07,difference of equal-sample representative means; not paired
B1,B1-M00,7,second_derivative,1633.9183529411766,-1.0688041788273813e-07,difference of equal-sample representative means; not paired
B1,B1-M00,7,second_derivative,1639.379098039216,-5.452933915007396e-07,difference of equal-sample representative means; not paired
B1,B1-M00,7,second_derivative,1644.8398431372552,-2.4397897880470363e-06,difference of equal-sample representative means; not paired
B1,B1-M00,7,second_derivative,1650.3005882352943,-5.46546940362221e-06,difference of equal-sample representative means; not paired
B1,B1-M00,7,second_derivative,1655.7613333333334,-8.508693425474017e-06,difference of equal-sample representative means; not paired
B1,B1-M00,7,second_derivative,1661.2220784313727,-8.665971576181354e-06,difference of equal-sample representative means; not paired
B1,B1-M00,7,second_derivative,1666.682823529412,-6.07775707893456e-06,difference of equal-sample representative means; not paired
B1,B1-M00,7,second_derivative,1672.1435686274513,-2.6932871185708157e-06,difference of equal-sample representative means; not paired
B1,B1-M00,7,second_derivative,1677.6043137254906,-7.271760706337418e-07,difference of equal-sample representative means; not paired
B1,B1-M00,7,second_derivative,1683.0650588235296,-6.773327885250903e-07,difference of equal-sample representative means; not paired
B1,B1-M00,7,second_derivative,1688.5258039215687,-1.2083428525061292e-06,difference of equal-sample representative means; not paired
B1,B1-M00,7,second_derivative,1693.986549019608,-3.435848377510467e-07,difference of equal-sample representative means; not paired
B1,B1-M00,7,second_derivative,1699.4472941176473,5.005179826105358e-07,difference of equal-sample representative means; not paired
B1,B1-M00,7,second_derivative,1704.9080392156866,7.665683233410408e-07,difference of equal-sample representative means; not paired
B1,B1-M00,7,second_derivative,1710.3687843137257,3.4871893046348097e-07,difference of equal-sample representative means; not paired
B1,B1-M00,7,second_derivative,1715.829529411765,1.4994369098144143e-06,difference of equal-sample representative means; not paired
B1,B1-M00,7,second_derivative,1721.290274509804,2.5513819687471157e-06,difference of equal-sample representative means; not paired
B1,B1-M00,7,second_derivative,1726.7510196078433,2.1942096323708373e-06,difference of equal-sample representative means; not paired
B1,B1-M00,7,second_derivative,1732.2117647058826,4.28256770375396e-07,difference of equal-sample representative means; not paired
B1,B1-M00,7,second_derivative,1737.672509803922,-1.308477481843595e-06,difference of equal-sample representative means; not paired
B1,B1-M00,7,second_derivative,1743.133254901961,-2.9375204651700726e-06,difference of equal-sample representative means; not paired
B1,B1-M00,7,second_derivative,1748.594,-2.7791359551416505e-06,difference of equal-sample representative means; not paired
B1,B1-M00,7,second_derivative,1754.0547450980393,-2.5778764040421067e-06,difference of equal-sample representative means; not paired
B1,B1-M00,7,second_derivative,1759.5154901960786,-8.756424965541337e-07,difference of equal-sample representative means; not paired
B1,B1-M00,7,second_derivative,1764.976235294118,1.301975664433972e-06,difference of equal-sample representative means; not paired
B1,B1-M00,7,second_derivative,1770.4369803921572,2.899108992885353e-06,difference of equal-sample representative means; not paired
B1,B1-M00,7,second_derivative,1775.8977254901963,3.366646314964514e-06,difference of equal-sample representative means; not paired
B1,B1-M00,7,second_derivative,1781.3584705882354,3.1413043192637847e-06,difference of equal-sample representative means; not paired
B1,B1-M00,7,second_derivative,1786.8192156862747,2.347974899586982e-06,difference of equal-sample representative means; not paired
B1,B1-M00,7,second_derivative,1792.279960784314,2.214791200754296e-06,difference of equal-sample representative means; not paired
B1,B1-M00,7,second_derivative,1797.7407058823533,1.498402117139325e-06,difference of equal-sample representative means; not paired
B1,B1-M00,7,second_derivative,1803.2014509803923,7.35640526977089e-07,difference of equal-sample representative means; not paired
B1,B1-M00,7,second_derivative,1808.6621960784316,1.043159698205417e-06,difference of equal-sample representative means; not paired
B1,B1-M00,7,second_derivative,1814.1229411764707,1.6051184083374464e-06,difference of equal-sample representative means; not paired
B1,B1-M00,7,second_derivative,1819.58368627451,1.934053265000998e-06,difference of equal-sample representative means; not paired
B1,B1-M00,7,second_derivative,1825.0444313725493,2.703951502306712e-06,difference of equal-sample representative means; not paired
B1,B1-M00,7,second_derivative,1830.5051764705886,2.5581654814588106e-06,difference of equal-sample representative means; not paired
B1,B1-M00,7,second_derivative,1835.9659215686277,-2.3094765239178772e-07,difference of equal-sample representative means; not paired
B1,B1-M00,7,second_derivative,1841.4266666666667,-3.032473930224288e-06,difference of equal-sample representative means; not paired
B1,B1-M00,7,second_derivative,1846.887411764706,-5.588391999720825e-06,difference of equal-sample representative means; not paired
B1,B1-M00,7,second_derivative,1852.3481568627453,-6.304035882940756e-06,difference of equal-sample representative means; not paired
B1,B1-M00,7,second_derivative,1857.8089019607846,-4.2124670292100435e-06,difference of equal-sample representative means; not paired
B1,B1-M00,7,second_derivative,1863.269647058824,-3.8679859048761935e-06,difference of equal-sample representative means; not paired
B1,B1-M00,7,second_derivative,1868.730392156863,-1.0799238167692737e-05,difference of equal-sample representative means; not paired
B1,B1-M00,7,second_derivative,1874.191137254902,-1.4977670778914051e-05,difference of equal-sample representative means; not paired
B1,B1-M00,7,second_derivative,1879.6518823529414,-1.5594360023581734e-05,difference of equal-sample representative means; not paired
B1,B1-M00,7,second_derivative,1885.1126274509807,-8.212211077242851e-06,difference of equal-sample representative means; not paired
B1,B1-M00,7,second_derivative,1890.57337254902,6.975041422592671e-06,difference of equal-sample representative means; not paired
B1,B1-M00,7,second_derivative,1896.034117647059,2.0295699238108883e-05,difference of equal-sample representative means; not paired
B1,B1-M00,7,second_derivative,1901.4948627450983,2.256679201704372e-05,difference of equal-sample representative means; not paired
B1,B1-M00,7,second_derivative,1906.9556078431374,2.0299674545164574e-05,difference of equal-sample representative means; not paired
B1,B1-M00,7,second_derivative,1912.4163529411767,9.765767050572458e-06,difference of equal-sample representative means; not paired
B1,B1-M00,7,second_derivative,1917.877098039216,-1.653764411331765e-06,difference of equal-sample representative means; not paired
B1,B1-M00,7,second_derivative,1923.3378431372553,-7.962130064974337e-06,difference of equal-sample representative means; not paired
B1,B1-M00,7,second_derivative,1928.7985882352943,-8.079079360215043e-06,difference of equal-sample representative means; not paired
B1,B1-M00,7,second_derivative,1934.2593333333336,-4.908737892000406e-06,difference of equal-sample representative means; not paired
B1,B1-M00,7,second_derivative,1939.7200784313727,5.455918943950036e-07,difference of equal-sample representative means; not paired
B1,B1-M00,7,second_derivative,1945.180823529412,3.5292396752640914e-06,difference of equal-sample representative means; not paired
B1,B1-M00,7,second_derivative,1950.6415686274513,1.7346286623320245e-06,difference of equal-sample representative means; not paired
B1,B1-M00,7,second_derivative,1956.1023137254906,-9.768062396585368e-07,difference of equal-sample representative means; not paired
B1,B1-M00,7,second_derivative,1961.5630588235294,8.045014761819583e-07,difference of equal-sample representative means; not paired
B1,B1-M00,7,second_derivative,1967.0238039215687,2.0347823353842154e-06,difference of equal-sample representative means; not paired
B1,B1-M00,7,second_derivative,1972.484549019608,2.814744085625461e-06,difference of equal-sample representative means; not paired
B1,B1-M00,7,second_derivative,1977.9452941176473,3.0579284045286215e-06,difference of equal-sample representative means; not paired
B1,B1-M00,7,second_derivative,1983.4060392156866,2.0488523740123872e-07,difference of equal-sample representative means; not paired
B1,B1-M00,7,second_derivative,1988.866784313726,-2.0902187970149487e-06,difference of equal-sample representative means; not paired
B1,B1-M00,7,second_derivative,1994.3275294117648,-1.2393161398244285e-06,difference of equal-sample representative means; not paired
B1,B1-M00,7,second_derivative,1999.788274509804,-2.011800802477537e-06,difference of equal-sample representative means; not paired
B1,B1-M00,7,second_derivative,2005.2490196078434,-2.3627366865147713e-06,difference of equal-sample representative means; not paired
B1,B1-M00,7,second_derivative,2010.7097647058827,-2.5939549563127438e-06,difference of equal-sample representative means; not paired
B1,B1-M00,7,second_derivative,2016.170509803922,-2.252266337196226e-06,difference of equal-sample representative means; not paired
B1,B1-M00,7,second_derivative,2021.6312549019613,-1.2817700723982266e-06,difference of equal-sample representative means; not paired
B1,B1-M00,7,second_derivative,2027.092,-9.188104174064483e-08,difference of equal-sample representative means; not paired
B1,B1-M00,7,second_derivative,2032.5527450980394,4.7152283021194085e-07,difference of equal-sample representative means; not paired
B1,B1-M00,7,second_derivative,2038.0134901960787,-1.1443199589731765e-06,difference of equal-sample representative means; not paired
B1,B1-M00,7,second_derivative,2043.474235294118,-1.2361897314742345e-06,difference of equal-sample representative means; not paired
B1,B1-M00,7,second_derivative,2048.9349803921573,-1.338988408948214e-07,difference of equal-sample representative means; not paired
B1,B1-M00,7,second_derivative,2054.3957254901966,1.2056280387993554e-06,difference of equal-sample representative means; not paired
B1,B1-M00,7,second_derivative,2059.8564705882354,2.3790666582919407e-06,difference of equal-sample representative means; not paired
B1,B1-M00,7,second_derivative,2065.3172156862747,3.773117487520932e-06,difference of equal-sample representative means; not paired
B1,B1-M00,7,second_derivative,2070.777960784314,2.994618774488393e-06,difference of equal-sample representative means; not paired
B1,B1-M00,7,second_derivative,2076.2387058823533,-2.835017577101222e-07,difference of equal-sample representative means; not paired
B1,B1-M00,7,second_derivative,2081.6994509803926,-4.2305216308745915e-06,difference of equal-sample representative means; not paired
B1,B1-M00,7,second_derivative,2087.1601960784315,-7.466816253719285e-06,difference of equal-sample representative means; not paired
B1,B1-M00,7,second_derivative,2092.6209411764708,-5.9838293218782115e-06,difference of equal-sample representative means; not paired
B1,B1-M00,7,second_derivative,2098.08168627451,-1.5426731593387228e-06,difference of equal-sample representative means; not paired
B1,B1-M00,7,second_derivative,2103.5424313725493,2.3208586654417298e-06,difference of equal-sample representative means; not paired
B1,B1-M00,7,second_derivative,2109.0031764705886,1.9898996249448895e-06,difference of equal-sample representative means; not paired
B1,B1-M00,7,second_derivative,2114.463921568628,-8.69578087833189e-07,difference of equal-sample representative means; not paired
B1,B1-M00,7,second_derivative,2119.924666666667,-1.7898125162087228e-06,difference of equal-sample representative means; not paired
B1,B1-M00,7,second_derivative,2125.385411764706,-7.402525094934068e-07,difference of equal-sample representative means; not paired
B1,B1-M00,7,second_derivative,2130.8461568627454,4.20345117050053e-07,difference of equal-sample representative means; not paired
B1,B1-M00,7,second_derivative,2136.3069019607847,2.625536094576059e-06,difference of equal-sample representative means; not paired
B1,B1-M00,7,second_derivative,2141.767647058824,8.783110079853131e-07,difference of equal-sample representative means; not paired
B1,B1-M00,7,second_derivative,2147.2283921568633,-3.999987545224586e-06,difference of equal-sample representative means; not paired
B1,B1-M00,7,second_derivative,2152.689137254902,-2.6271490636818797e-06,difference of equal-sample representative means; not paired
B1,B1-M00,7,second_derivative,2158.1498823529414,-1.520873704422066e-07,difference of equal-sample representative means; not paired
B1,B1-M00,7,second_derivative,2163.6106274509807,1.1828079123398252e-06,difference of equal-sample representative means; not paired
B1,B1-M00,7,second_derivative,2169.07137254902,3.5564241693461987e-06,difference of equal-sample representative means; not paired
B1,B1-M00,7,second_derivative,2174.5321176470593,2.2878517968365604e-06,difference of equal-sample representative means; not paired
B1,B1-M00,7,second_derivative,2179.992862745098,1.7827848415605385e-06,difference of equal-sample representative means; not paired
B1,B1-M00,7,second_derivative,2185.4536078431374,3.298814916958917e-06,difference of equal-sample representative means; not paired
B1,B1-M00,7,second_derivative,2190.9143529411767,2.568546500144143e-06,difference of equal-sample representative means; not paired
B1,B1-M00,7,second_derivative,2196.375098039216,-4.875361620925058e-07,difference of equal-sample representative means; not paired
B1,B1-M00,7,second_derivative,2201.8358431372553,-1.3725256093230787e-06,difference of equal-sample representative means; not paired
B1,B1-M00,7,second_derivative,2207.2965882352946,6.717001431900937e-07,difference of equal-sample representative means; not paired
B1,B1-M00,7,second_derivative,2212.7573333333335,-4.467960983010225e-07,difference of equal-sample representative means; not paired
B1,B1-M00,7,second_derivative,2218.2180784313728,-3.41784341060056e-06,difference of equal-sample representative means; not paired
B1,B1-M00,7,second_derivative,2223.678823529412,-4.887242605896848e-06,difference of equal-sample representative means; not paired
B1,B1-M00,7,second_derivative,2229.1395686274514,-1.923938303975074e-06,difference of equal-sample representative means; not paired
B1,B1-M00,7,second_derivative,2234.6003137254907,4.218138784924233e-06,difference of equal-sample representative means; not paired
B1,B1-M00,7,second_derivative,2240.06105882353,1.014118754227969e-05,difference of equal-sample representative means; not paired
B1,B1-M00,7,second_derivative,2245.521803921569,1.260363418488046e-05,difference of equal-sample representative means; not paired
B1,B1-M00,7,second_derivative,2250.982549019608,1.0046314494132917e-05,difference of equal-sample representative means; not paired
B1,B1-M00,7,second_derivative,2256.4432941176474,9.019764285187665e-06,difference of equal-sample representative means; not paired
B1,B1-M00,7,second_derivative,2261.9040392156867,7.727567818158214e-06,difference of equal-sample representative means; not paired
B1,B1-M00,7,second_derivative,2267.364784313726,1.1667600697082308e-05,difference of equal-sample representative means; not paired
B1,B1-M00,7,second_derivative,2272.825529411765,1.4808903476870938e-05,difference of equal-sample representative means; not paired
B1,B1-M00,7,second_derivative,2278.286274509804,1.2917197901155409e-05,difference of equal-sample representative means; not paired
B1,B1-M00,7,second_derivative,2283.7470196078434,5.170197451862552e-06,difference of equal-sample representative means; not paired
B1,B1-M00,7,second_derivative,2289.2077647058827,-2.5361373454781747e-05,difference of equal-sample representative means; not paired
B1,B1-M00,7,second_derivative,2294.668509803922,-2.5361373454780887e-05,difference of equal-sample representative means; not paired
B1,B1-M00,7,second_derivative,2300.1292549019613,-2.5361373454780887e-05,difference of equal-sample representative means; not paired
B1,B1-M00,7,second_derivative,2305.59,-2.5361373454780887e-05,difference of equal-sample representative means; not paired
B1,B1-M00,8,reflectance,913.1,0.07233456475918348,difference of equal-sample representative means; not paired
B1,B1-M00,8,reflectance,918.5607450980392,0.0885540972824973,difference of equal-sample representative means; not paired
B1,B1-M00,8,reflectance,924.0214901960785,0.10576635600603901,difference of equal-sample representative means; not paired
B1,B1-M00,8,reflectance,929.4822352941177,0.11277348489684447,difference of equal-sample representative means; not paired
B1,B1-M00,8,reflectance,934.9429803921569,0.11683423067608989,difference of equal-sample representative means; not paired
B1,B1-M00,8,reflectance,940.4037254901962,0.12087696236749068,difference of equal-sample representative means; not paired
B1,B1-M00,8,reflectance,945.8644705882353,0.12115911176311622,difference of equal-sample representative means; not paired
B1,B1-M00,8,reflectance,951.3252156862745,0.11920654241306128,difference of equal-sample representative means; not paired
B1,B1-M00,8,reflectance,956.7859607843137,0.11708867976992732,difference of equal-sample representative means; not paired
B1,B1-M00,8,reflectance,962.246705882353,0.11429095215911278,difference of equal-sample representative means; not paired
B1,B1-M00,8,reflectance,967.7074509803922,0.11129429591231188,difference of equal-sample representative means; not paired
B1,B1-M00,8,reflectance,973.1681960784314,0.10823059761670994,difference of equal-sample representative means; not paired
B1,B1-M00,8,reflectance,978.6289411764706,0.10545346264156807,difference of equal-sample representative means; not paired
B1,B1-M00,8,reflectance,984.0896862745099,0.10330089705827761,difference of equal-sample representative means; not paired
B1,B1-M00,8,reflectance,989.550431372549,0.10172870694363823,difference of equal-sample representative means; not paired
B1,B1-M00,8,reflectance,995.0111764705882,0.10069357018738412,difference of equal-sample representative means; not paired
B1,B1-M00,8,reflectance,1000.4719215686275,0.09987382347649354,difference of equal-sample representative means; not paired
B1,B1-M00,8,reflectance,1005.9326666666667,0.09922226392802136,difference of equal-sample representative means; not paired
B1,B1-M00,8,reflectance,1011.3934117647059,0.09878363591069939,difference of equal-sample representative means; not paired
B1,B1-M00,8,reflectance,1016.8541568627452,0.09859098452454418,difference of equal-sample representative means; not paired
B1,B1-M00,8,reflectance,1022.3149019607844,0.09860153496019564,difference of equal-sample representative means; not paired
B1,B1-M00,8,reflectance,1027.7756470588236,0.09873126147360944,difference of equal-sample representative means; not paired
B1,B1-M00,8,reflectance,1033.2363921568628,0.0991216129512088,difference of equal-sample representative means; not paired
B1,B1-M00,8,reflectance,1038.697137254902,0.09908747848228583,difference of equal-sample representative means; not paired
B1,B1-M00,8,reflectance,1044.1578823529412,0.0990181536205671,difference of equal-sample representative means; not paired
B1,B1-M00,8,reflectance,1049.6186274509805,0.0988661123059168,difference of equal-sample representative means; not paired
B1,B1-M00,8,reflectance,1055.0793725490196,0.09862836401188146,difference of equal-sample representative means; not paired
B1,B1-M00,8,reflectance,1060.5401176470589,0.09830803873526417,difference of equal-sample representative means; not paired
B1,B1-M00,8,reflectance,1066.0008627450982,0.09793074359643694,difference of equal-sample representative means; not paired
B1,B1-M00,8,reflectance,1071.4616078431372,0.09763770486080214,difference of equal-sample representative means; not paired
B1,B1-M00,8,reflectance,1076.9223529411765,0.09733792238102679,difference of equal-sample representative means; not paired
B1,B1-M00,8,reflectance,1082.3830980392158,0.09707827942875813,difference of equal-sample representative means; not paired
B1,B1-M00,8,reflectance,1087.843843137255,0.09706226429394105,difference of equal-sample representative means; not paired
B1,B1-M00,8,reflectance,1093.3045882352942,0.09703096165391567,difference of equal-sample representative means; not paired
B1,B1-M00,8,reflectance,1098.7653333333333,0.09679651240055542,difference of equal-sample representative means; not paired
B1,B1-M00,8,reflectance,1104.2260784313726,0.09623551025273369,difference of equal-sample representative means; not paired
B1,B1-M00,8,reflectance,1109.6868235294119,0.09504819221572613,difference of equal-sample representative means; not paired
B1,B1-M00,8,reflectance,1115.1475686274512,0.09296355355213215,difference of equal-sample representative means; not paired
B1,B1-M00,8,reflectance,1120.6083137254902,0.08969686044174185,difference of equal-sample representative means; not paired
B1,B1-M00,8,reflectance,1126.0690588235295,0.08531948810109002,difference of equal-sample representative means; not paired
B1,B1-M00,8,reflectance,1131.5298039215686,0.08038971427499719,difference of equal-sample representative means; not paired
B1,B1-M00,8,reflectance,1136.990549019608,0.07541089703416082,difference of equal-sample representative means; not paired
B1,B1-M00,8,reflectance,1142.4512941176472,0.07073750810271695,difference of equal-sample representative means; not paired
B1,B1-M00,8,reflectance,1147.9120392156863,0.06653867429247595,difference of equal-sample representative means; not paired
B1,B1-M00,8,reflectance,1153.3727843137256,0.0625303386490057,difference of equal-sample representative means; not paired
B1,B1-M00,8,reflectance,1158.8335294117649,0.05850097428210488,difference of equal-sample representative means; not paired
B1,B1-M00,8,reflectance,1164.294274509804,0.05485790368268728,difference of equal-sample representative means; not paired
B1,B1-M00,8,reflectance,1169.7550196078432,0.05161566748585589,difference of equal-sample representative means; not paired
B1,B1-M00,8,reflectance,1175.2157647058825,0.04868637992956448,difference of equal-sample representative means; not paired
B1,B1-M00,8,reflectance,1180.6765098039216,0.04589418109991994,difference of equal-sample representative means; not paired
B1,B1-M00,8,reflectance,1186.137254901961,0.04309366616159804,difference of equal-sample representative means; not paired
B1,B1-M00,8,reflectance,1191.598,0.040424801108353337,difference of equal-sample representative means; not paired
B1,B1-M00,8,reflectance,1197.0587450980393,0.0385069001807099,difference of equal-sample representative means; not paired
B1,B1-M00,8,reflectance,1202.5194901960786,0.03737794283257179,difference of equal-sample representative means; not paired
B1,B1-M00,8,reflectance,1207.9802352941178,0.03668568030611685,difference of equal-sample representative means; not paired
B1,B1-M00,8,reflectance,1213.440980392157,0.036374935705628664,difference of equal-sample representative means; not paired
B1,B1-M00,8,reflectance,1218.9017254901962,0.03620007155809046,difference of equal-sample representative means; not paired
B1,B1-M00,8,reflectance,1224.3624705882353,0.03606957961579749,difference of equal-sample representative means; not paired
B1,B1-M00,8,reflectance,1229.8232156862746,0.0365707382415843,difference of equal-sample representative means; not paired
B1,B1-M00,8,reflectance,1235.2839607843139,0.03735564895865329,difference of equal-sample representative means; not paired
B1,B1-M00,8,reflectance,1240.7447058823532,0.03823295649211855,difference of equal-sample representative means; not paired
B1,B1-M00,8,reflectance,1246.2054509803922,0.03905200130626296,difference of equal-sample representative means; not paired
B1,B1-M00,8,reflectance,1251.6661960784315,0.03968970840640673,difference of equal-sample representative means; not paired
B1,B1-M00,8,reflectance,1257.1269411764706,0.04010265131281765,difference of equal-sample representative means; not paired
B1,B1-M00,8,reflectance,1262.58768627451,0.04042219164633443,difference of equal-sample representative means; not paired
B1,B1-M00,8,reflectance,1268.0484313725492,0.040818425580565476,difference of equal-sample representative means; not paired
B1,B1-M00,8,reflectance,1273.5091764705883,0.04070124900940797,difference of equal-sample representative means; not paired
B1,B1-M00,8,reflectance,1278.9699215686276,0.041057969106712444,difference of equal-sample representative means; not paired
B1,B1-M00,8,reflectance,1284.4306666666666,0.04152694470240126,difference of equal-sample representative means; not paired
B1,B1-M00,8,reflectance,1289.891411764706,0.04195373954215431,difference of equal-sample representative means; not paired
B1,B1-M00,8,reflectance,1295.3521568627452,0.042382800589804925,difference of equal-sample representative means; not paired
B1,B1-M00,8,reflectance,1300.8129019607845,0.04252129768871915,difference of equal-sample representative means; not paired
B1,B1-M00,8,reflectance,1306.2736470588236,0.04201688730318487,difference of equal-sample representative means; not paired
B1,B1-M00,8,reflectance,1311.734392156863,0.041497030161435466,difference of equal-sample representative means; not paired
B1,B1-M00,8,reflectance,1317.195137254902,0.04002412899631147,difference of equal-sample representative means; not paired
B1,B1-M00,8,reflectance,1322.6558823529413,0.038421537856468846,difference of equal-sample representative means; not paired
B1,B1-M00,8,reflectance,1328.1166274509806,0.03642313222683524,difference of equal-sample representative means; not paired
B1,B1-M00,8,reflectance,1333.5773725490199,0.03406006599610978,difference of equal-sample representative means; not paired
B1,B1-M00,8,reflectance,1339.038117647059,0.03138509943861578,difference of equal-sample representative means; not paired
B1,B1-M00,8,reflectance,1344.4988627450982,0.02846738158067985,difference of equal-sample representative means; not paired
B1,B1-M00,8,reflectance,1349.9596078431373,0.0254824013375895,difference of equal-sample representative means; not paired
B1,B1-M00,8,reflectance,1355.4203529411766,0.02278312332623922,difference of equal-sample representative means; not paired
B1,B1-M00,8,reflectance,1360.8810980392159,0.02038328148982327,difference of equal-sample representative means; not paired
B1,B1-M00,8,reflectance,1366.341843137255,0.018343489142073177,difference of equal-sample representative means; not paired
B1,B1-M00,8,reflectance,1371.8025882352943,0.016774678349336436,difference of equal-sample representative means; not paired
B1,B1-M00,8,reflectance,1377.2633333333333,0.015527879405838663,difference of equal-sample representative means; not paired
B1,B1-M00,8,reflectance,1382.7240784313726,0.014369020346838957,difference of equal-sample representative means; not paired
B1,B1-M00,8,reflectance,1388.184823529412,0.013090760217689956,difference of equal-sample representative means; not paired
B1,B1-M00,8,reflectance,1393.6455686274512,0.011375455178582627,difference of equal-sample representative means; not paired
B1,B1-M00,8,reflectance,1399.1063137254903,0.009700575953917046,difference of equal-sample representative means; not paired
B1,B1-M00,8,reflectance,1404.5670588235296,0.008205698688934615,difference of equal-sample representative means; not paired
B1,B1-M00,8,reflectance,1410.0278039215686,0.006999796447629492,difference of equal-sample representative means; not paired
B1,B1-M00,8,reflectance,1415.488549019608,0.006072809666607615,difference of equal-sample representative means; not paired
B1,B1-M00,8,reflectance,1420.9492941176472,0.005418664204343782,difference of equal-sample representative means; not paired
B1,B1-M00,8,reflectance,1426.4100392156865,0.005042041239142425,difference of equal-sample representative means; not paired
B1,B1-M00,8,reflectance,1431.8707843137256,0.004893513611540612,difference of equal-sample representative means; not paired
B1,B1-M00,8,reflectance,1437.3315294117647,0.004910323711211029,difference of equal-sample representative means; not paired
B1,B1-M00,8,reflectance,1442.792274509804,0.00510915312648641,difference of equal-sample representative means; not paired
B1,B1-M00,8,reflectance,1448.2530196078433,0.005226592741941649,difference of equal-sample representative means; not paired
B1,B1-M00,8,reflectance,1453.7137647058826,0.005364317429390808,difference of equal-sample representative means; not paired
B1,B1-M00,8,reflectance,1459.1745098039219,0.005574553649131675,difference of equal-sample representative means; not paired
B1,B1-M00,8,reflectance,1464.635254901961,0.0058445959726046715,difference of equal-sample representative means; not paired
B1,B1-M00,8,reflectance,1470.096,0.006125532558250213,difference of equal-sample representative means; not paired
B1,B1-M00,8,reflectance,1475.5567450980393,0.006236566379872965,difference of equal-sample representative means; not paired
B1,B1-M00,8,reflectance,1481.0174901960786,0.006404595586065764,difference of equal-sample representative means; not paired
B1,B1-M00,8,reflectance,1486.478235294118,0.0065354445204534595,difference of equal-sample representative means; not paired
B1,B1-M00,8,reflectance,1491.938980392157,0.006620348019238054,difference of equal-sample representative means; not paired
B1,B1-M00,8,reflectance,1497.3997254901963,0.006718056674822281,difference of equal-sample representative means; not paired
B1,B1-M00,8,reflectance,1502.8604705882353,0.006785081737850862,difference of equal-sample representative means; not paired
B1,B1-M00,8,reflectance,1508.3212156862746,0.006750300153492428,difference of equal-sample representative means; not paired
B1,B1-M00,8,reflectance,1513.781960784314,0.006767327841184001,difference of equal-sample representative means; not paired
B1,B1-M00,8,reflectance,1519.2427058823532,0.006965839314032551,difference of equal-sample representative means; not paired
B1,B1-M00,8,reflectance,1524.7034509803923,0.007159673257545851,difference of equal-sample representative means; not paired
B1,B1-M00,8,reflectance,1530.1641960784316,0.007136201773927153,difference of equal-sample representative means; not paired
B1,B1-M00,8,reflectance,1535.6249411764707,0.007051846506189341,difference of equal-sample representative means; not paired
B1,B1-M00,8,reflectance,1541.08568627451,0.006994065092462476,difference of equal-sample representative means; not paired
B1,B1-M00,8,reflectance,1546.5464313725493,0.006993655539073218,difference of equal-sample representative means; not paired
B1,B1-M00,8,reflectance,1552.0071764705885,0.00708294647249097,difference of equal-sample representative means; not paired
B1,B1-M00,8,reflectance,1557.4679215686276,0.007055298890203121,difference of equal-sample representative means; not paired
B1,B1-M00,8,reflectance,1562.9286666666667,0.007031535644923315,difference of equal-sample representative means; not paired
B1,B1-M00,8,reflectance,1568.389411764706,0.007086747176493546,difference of equal-sample representative means; not paired
B1,B1-M00,8,reflectance,1573.8501568627453,0.007151516774416444,difference of equal-sample representative means; not paired
B1,B1-M00,8,reflectance,1579.3109019607846,0.007168666690126113,difference of equal-sample representative means; not paired
B1,B1-M00,8,reflectance,1584.7716470588239,0.00716637100785511,difference of equal-sample representative means; not paired
B1,B1-M00,8,reflectance,1590.232392156863,0.007195187475277254,difference of equal-sample representative means; not paired
B1,B1-M00,8,reflectance,1595.693137254902,0.007166760609858103,difference of equal-sample representative means; not paired
B1,B1-M00,8,reflectance,1601.1538823529413,0.007164235267771379,difference of equal-sample representative means; not paired
B1,B1-M00,8,reflectance,1606.6146274509806,0.007178230679796449,difference of equal-sample representative means; not paired
B1,B1-M00,8,reflectance,1612.07537254902,0.007232125080577967,difference of equal-sample representative means; not paired
B1,B1-M00,8,reflectance,1617.536117647059,0.007298037952935099,difference of equal-sample representative means; not paired
B1,B1-M00,8,reflectance,1622.9968627450983,0.007359156338647921,difference of equal-sample representative means; not paired
B1,B1-M00,8,reflectance,1628.4576078431373,0.007471139095591106,difference of equal-sample representative means; not paired
B1,B1-M00,8,reflectance,1633.9183529411766,0.007691018300196306,difference of equal-sample representative means; not paired
B1,B1-M00,8,reflectance,1639.379098039216,0.007565435806989651,difference of equal-sample representative means; not paired
B1,B1-M00,8,reflectance,1644.8398431372552,0.007621487028204255,difference of equal-sample representative means; not paired
B1,B1-M00,8,reflectance,1650.3005882352943,0.007502436269876345,difference of equal-sample representative means; not paired
B1,B1-M00,8,reflectance,1655.7613333333334,0.007247536893067896,difference of equal-sample representative means; not paired
B1,B1-M00,8,reflectance,1661.2220784313727,0.006810400301343389,difference of equal-sample representative means; not paired
B1,B1-M00,8,reflectance,1666.682823529412,0.006197137194719815,difference of equal-sample representative means; not paired
B1,B1-M00,8,reflectance,1672.1435686274513,0.005541801460933138,difference of equal-sample representative means; not paired
B1,B1-M00,8,reflectance,1677.6043137254906,0.005057920194139143,difference of equal-sample representative means; not paired
B1,B1-M00,8,reflectance,1683.0650588235296,0.004774286625052915,difference of equal-sample representative means; not paired
B1,B1-M00,8,reflectance,1688.5258039215687,0.004783942359387949,difference of equal-sample representative means; not paired
B1,B1-M00,8,reflectance,1693.986549019608,0.0047177756543937965,difference of equal-sample representative means; not paired
B1,B1-M00,8,reflectance,1699.4472941176473,0.004617857385888491,difference of equal-sample representative means; not paired
B1,B1-M00,8,reflectance,1704.9080392156866,0.004585448683435522,difference of equal-sample representative means; not paired
B1,B1-M00,8,reflectance,1710.3687843137257,0.004644336594861798,difference of equal-sample representative means; not paired
B1,B1-M00,8,reflectance,1715.829529411765,0.0047222065046446104,difference of equal-sample representative means; not paired
B1,B1-M00,8,reflectance,1721.290274509804,0.004788449558886743,difference of equal-sample representative means; not paired
B1,B1-M00,8,reflectance,1726.7510196078433,0.0049182270999793,difference of equal-sample representative means; not paired
B1,B1-M00,8,reflectance,1732.2117647058826,0.00498692624353525,difference of equal-sample representative means; not paired
B1,B1-M00,8,reflectance,1737.672509803922,0.005085318920507287,difference of equal-sample representative means; not paired
B1,B1-M00,8,reflectance,1743.133254901961,0.005163729916318305,difference of equal-sample representative means; not paired
B1,B1-M00,8,reflectance,1748.594,0.0052294784775788195,difference of equal-sample representative means; not paired
B1,B1-M00,8,reflectance,1754.0547450980393,0.005313039700151345,difference of equal-sample representative means; not paired
B1,B1-M00,8,reflectance,1759.5154901960786,0.005273113030368037,difference of equal-sample representative means; not paired
B1,B1-M00,8,reflectance,1764.976235294118,0.005292007626967132,difference of equal-sample representative means; not paired
B1,B1-M00,8,reflectance,1770.4369803921572,0.005462450977540334,difference of equal-sample representative means; not paired
B1,B1-M00,8,reflectance,1775.8977254901963,0.005546837376370961,difference of equal-sample representative means; not paired
B1,B1-M00,8,reflectance,1781.3584705882354,0.005613066145169376,difference of equal-sample representative means; not paired
B1,B1-M00,8,reflectance,1786.8192156862747,0.005718758595641471,difference of equal-sample representative means; not paired
B1,B1-M00,8,reflectance,1792.279960784314,0.005800573402218678,difference of equal-sample representative means; not paired
B1,B1-M00,8,reflectance,1797.7407058823533,0.0057735816540949725,difference of equal-sample representative means; not paired
B1,B1-M00,8,reflectance,1803.2014509803923,0.00596790886651799,difference of equal-sample representative means; not paired
B1,B1-M00,8,reflectance,1808.6621960784316,0.0060180186219456755,difference of equal-sample representative means; not paired
B1,B1-M00,8,reflectance,1814.1229411764707,0.006110655800531384,difference of equal-sample representative means; not paired
B1,B1-M00,8,reflectance,1819.58368627451,0.006209671362643443,difference of equal-sample representative means; not paired
B1,B1-M00,8,reflectance,1825.0444313725493,0.0062570080903371905,difference of equal-sample representative means; not paired
B1,B1-M00,8,reflectance,1830.5051764705886,0.006304075052402325,difference of equal-sample representative means; not paired
B1,B1-M00,8,reflectance,1835.9659215686277,0.006406765500491962,difference of equal-sample representative means; not paired
B1,B1-M00,8,reflectance,1841.4266666666667,0.0064603799042161625,difference of equal-sample representative means; not paired
B1,B1-M00,8,reflectance,1846.887411764706,0.00664993138910841,difference of equal-sample representative means; not paired
B1,B1-M00,8,reflectance,1852.3481568627453,0.006805176630907295,difference of equal-sample representative means; not paired
B1,B1-M00,8,reflectance,1857.8089019607846,0.006968090925636494,difference of equal-sample representative means; not paired
B1,B1-M00,8,reflectance,1863.269647058824,0.007055563480843907,difference of equal-sample representative means; not paired
B1,B1-M00,8,reflectance,1868.730392156863,0.007111609502073235,difference of equal-sample representative means; not paired
B1,B1-M00,8,reflectance,1874.191137254902,0.007137583431674699,difference of equal-sample representative means; not paired
B1,B1-M00,8,reflectance,1879.6518823529414,0.007062843629750681,difference of equal-sample representative means; not paired
B1,B1-M00,8,reflectance,1885.1126274509807,0.007019600895781852,difference of equal-sample representative means; not paired
B1,B1-M00,8,reflectance,1890.57337254902,0.007149283058900391,difference of equal-sample representative means; not paired
B1,B1-M00,8,reflectance,1896.034117647059,0.0076492414383439455,difference of equal-sample representative means; not paired
B1,B1-M00,8,reflectance,1901.4948627450983,0.008281544258894935,difference of equal-sample representative means; not paired
B1,B1-M00,8,reflectance,1906.9556078431374,0.009014760531630917,difference of equal-sample representative means; not paired
B1,B1-M00,8,reflectance,1912.4163529411767,0.009717720972026722,difference of equal-sample representative means; not paired
B1,B1-M00,8,reflectance,1917.877098039216,0.010242700176515629,difference of equal-sample representative means; not paired
B1,B1-M00,8,reflectance,1923.3378431372553,0.01060106962547766,difference of equal-sample representative means; not paired
B1,B1-M00,8,reflectance,1928.7985882352943,0.010827028591235882,difference of equal-sample representative means; not paired
B1,B1-M00,8,reflectance,1934.2593333333336,0.010970527504685024,difference of equal-sample representative means; not paired
B1,B1-M00,8,reflectance,1939.7200784313727,0.01099162159881914,difference of equal-sample representative means; not paired
B1,B1-M00,8,reflectance,1945.180823529412,0.011033111421554331,difference of equal-sample representative means; not paired
B1,B1-M00,8,reflectance,1950.6415686274513,0.010961238505245052,difference of equal-sample representative means; not paired
B1,B1-M00,8,reflectance,1956.1023137254906,0.010818586061334762,difference of equal-sample representative means; not paired
B1,B1-M00,8,reflectance,1961.5630588235294,0.010767248751699765,difference of equal-sample representative means; not paired
B1,B1-M00,8,reflectance,1967.0238039215687,0.010597729300041325,difference of equal-sample representative means; not paired
B1,B1-M00,8,reflectance,1972.484549019608,0.01066043410348283,difference of equal-sample representative means; not paired
B1,B1-M00,8,reflectance,1977.9452941176473,0.010500902815164248,difference of equal-sample representative means; not paired
B1,B1-M00,8,reflectance,1983.4060392156866,0.010341842131872836,difference of equal-sample representative means; not paired
B1,B1-M00,8,reflectance,1988.866784313726,0.010106074895682604,difference of equal-sample representative means; not paired
B1,B1-M00,8,reflectance,1994.3275294117648,0.009927934676936367,difference of equal-sample representative means; not paired
B1,B1-M00,8,reflectance,1999.788274509804,0.0098764642797331,difference of equal-sample representative means; not paired
B1,B1-M00,8,reflectance,2005.2490196078434,0.009774431398438532,difference of equal-sample representative means; not paired
B1,B1-M00,8,reflectance,2010.7097647058827,0.009579579910022507,difference of equal-sample representative means; not paired
B1,B1-M00,8,reflectance,2016.170509803922,0.009636088021608868,difference of equal-sample representative means; not paired
B1,B1-M00,8,reflectance,2021.6312549019613,0.00982351912046231,difference of equal-sample representative means; not paired
B1,B1-M00,8,reflectance,2027.092,0.009954256275448548,difference of equal-sample representative means; not paired
B1,B1-M00,8,reflectance,2032.5527450980394,0.010047162356832173,difference of equal-sample representative means; not paired
B1,B1-M00,8,reflectance,2038.0134901960787,0.01024021692242999,difference of equal-sample representative means; not paired
B1,B1-M00,8,reflectance,2043.474235294118,0.010496794700471102,difference of equal-sample representative means; not paired
B1,B1-M00,8,reflectance,2048.9349803921573,0.010519264358391789,difference of equal-sample representative means; not paired
B1,B1-M00,8,reflectance,2054.3957254901966,0.010953188329974217,difference of equal-sample representative means; not paired
B1,B1-M00,8,reflectance,2059.8564705882354,0.011295994295290657,difference of equal-sample representative means; not paired
B1,B1-M00,8,reflectance,2065.3172156862747,0.01163447187948985,difference of equal-sample representative means; not paired
B1,B1-M00,8,reflectance,2070.777960784314,0.012036218399086696,difference of equal-sample representative means; not paired
B1,B1-M00,8,reflectance,2076.2387058823533,0.012397353195478078,difference of equal-sample representative means; not paired
B1,B1-M00,8,reflectance,2081.6994509803926,0.012748641465947619,difference of equal-sample representative means; not paired
B1,B1-M00,8,reflectance,2087.1601960784315,0.013162723194309944,difference of equal-sample representative means; not paired
B1,B1-M00,8,reflectance,2092.6209411764708,0.01333815919852116,difference of equal-sample representative means; not paired
B1,B1-M00,8,reflectance,2098.08168627451,0.013579656587644318,difference of equal-sample representative means; not paired
B1,B1-M00,8,reflectance,2103.5424313725493,0.013696809802839549,difference of equal-sample representative means; not paired
B1,B1-M00,8,reflectance,2109.0031764705886,0.013751574859896643,difference of equal-sample representative means; not paired
B1,B1-M00,8,reflectance,2114.463921568628,0.013924280809957557,difference of equal-sample representative means; not paired
B1,B1-M00,8,reflectance,2119.924666666667,0.013985406968958225,difference of equal-sample representative means; not paired
B1,B1-M00,8,reflectance,2125.385411764706,0.013940369077427683,difference of equal-sample representative means; not paired
B1,B1-M00,8,reflectance,2130.8461568627454,0.014144897206220752,difference of equal-sample representative means; not paired
B1,B1-M00,8,reflectance,2136.3069019607847,0.013983726748174219,difference of equal-sample representative means; not paired
B1,B1-M00,8,reflectance,2141.767647058824,0.014107709100326105,difference of equal-sample representative means; not paired
B1,B1-M00,8,reflectance,2147.2283921568633,0.014049146488432307,difference of equal-sample representative means; not paired
B1,B1-M00,8,reflectance,2152.689137254902,0.014079111625740104,difference of equal-sample representative means; not paired
B1,B1-M00,8,reflectance,2158.1498823529414,0.014025404458391288,difference of equal-sample representative means; not paired
B1,B1-M00,8,reflectance,2163.6106274509807,0.013934090325811055,difference of equal-sample representative means; not paired
B1,B1-M00,8,reflectance,2169.07137254902,0.013939357542848085,difference of equal-sample representative means; not paired
B1,B1-M00,8,reflectance,2174.5321176470593,0.013955339041370862,difference of equal-sample representative means; not paired
B1,B1-M00,8,reflectance,2179.992862745098,0.014118517821070153,difference of equal-sample representative means; not paired
B1,B1-M00,8,reflectance,2185.4536078431374,0.014007241453990404,difference of equal-sample representative means; not paired
B1,B1-M00,8,reflectance,2190.9143529411767,0.014026678275582238,difference of equal-sample representative means; not paired
B1,B1-M00,8,reflectance,2196.375098039216,0.013905229196300384,difference of equal-sample representative means; not paired
B1,B1-M00,8,reflectance,2201.8358431372553,0.013768263999428043,difference of equal-sample representative means; not paired
B1,B1-M00,8,reflectance,2207.2965882352946,0.013728036343480021,difference of equal-sample representative means; not paired
B1,B1-M00,8,reflectance,2212.7573333333335,0.013762825105240961,difference of equal-sample representative means; not paired
B1,B1-M00,8,reflectance,2218.2180784313728,0.013862711256627025,difference of equal-sample representative means; not paired
B1,B1-M00,8,reflectance,2223.678823529412,0.013731334231605219,difference of equal-sample representative means; not paired
B1,B1-M00,8,reflectance,2229.1395686274514,0.013644423366926228,difference of equal-sample representative means; not paired
B1,B1-M00,8,reflectance,2234.6003137254907,0.013447875126262276,difference of equal-sample representative means; not paired
B1,B1-M00,8,reflectance,2240.06105882353,0.013130214335198398,difference of equal-sample representative means; not paired
B1,B1-M00,8,reflectance,2245.521803921569,0.012868021849119449,difference of equal-sample representative means; not paired
B1,B1-M00,8,reflectance,2250.982549019608,0.012723158260038336,difference of equal-sample representative means; not paired
B1,B1-M00,8,reflectance,2256.4432941176474,0.012506106744193002,difference of equal-sample representative means; not paired
B1,B1-M00,8,reflectance,2261.9040392156867,0.011971004277950142,difference of equal-sample representative means; not paired
B1,B1-M00,8,reflectance,2267.364784313726,0.011495496109313552,difference of equal-sample representative means; not paired
B1,B1-M00,8,reflectance,2272.825529411765,0.0111061855106305,difference of equal-sample representative means; not paired
B1,B1-M00,8,reflectance,2278.286274509804,0.010741308121633014,difference of equal-sample representative means; not paired
B1,B1-M00,8,reflectance,2283.7470196078434,0.009960507646583877,difference of equal-sample representative means; not paired
B1,B1-M00,8,reflectance,2289.2077647058827,0.008804527997864325,difference of equal-sample representative means; not paired
B1,B1-M00,8,reflectance,2294.668509803922,0.007618810781558516,difference of equal-sample representative means; not paired
B1,B1-M00,8,reflectance,2300.1292549019613,0.006598034662492536,difference of equal-sample representative means; not paired
B1,B1-M00,8,reflectance,2305.59,0.005479622929862732,difference of equal-sample representative means; not paired
B1,B1-M00,8,snv,913.1,0.17498695125384445,difference of equal-sample representative means; not paired
B1,B1-M00,8,snv,918.5607450980392,0.2353917006202486,difference of equal-sample representative means; not paired
B1,B1-M00,8,snv,924.0214901960785,0.3241679460950533,difference of equal-sample representative means; not paired
B1,B1-M00,8,snv,929.4822352941177,0.35651129562859063,difference of equal-sample representative means; not paired
B1,B1-M00,8,snv,934.9429803921569,0.37117082437672244,difference of equal-sample representative means; not paired
B1,B1-M00,8,snv,940.4037254901962,0.3855981817893307,difference of equal-sample representative means; not paired
B1,B1-M00,8,snv,945.8644705882353,0.3786489645196054,difference of equal-sample representative means; not paired
B1,B1-M00,8,snv,951.3252156862745,0.3621981807204233,difference of equal-sample representative means; not paired
B1,B1-M00,8,snv,956.7859607843137,0.3453882293140995,difference of equal-sample representative means; not paired
B1,B1-M00,8,snv,962.246705882353,0.32713747234489854,difference of equal-sample representative means; not paired
B1,B1-M00,8,snv,967.7074509803922,0.3087895341773572,difference of equal-sample representative means; not paired
B1,B1-M00,8,snv,973.1681960784314,0.29039395028931714,difference of equal-sample representative means; not paired
B1,B1-M00,8,snv,978.6289411764706,0.27332152145101896,difference of equal-sample representative means; not paired
B1,B1-M00,8,snv,984.0896862745099,0.2594048213012017,difference of equal-sample representative means; not paired
B1,B1-M00,8,snv,989.550431372549,0.24913017040178587,difference of equal-sample representative means; not paired
B1,B1-M00,8,snv,995.0111764705882,0.24119393292083968,difference of equal-sample representative means; not paired
B1,B1-M00,8,snv,1000.4719215686275,0.23370199065212716,difference of equal-sample representative means; not paired
B1,B1-M00,8,snv,1005.9326666666667,0.22670337216667358,difference of equal-sample representative means; not paired
B1,B1-M00,8,snv,1011.3934117647059,0.22109517649087373,difference of equal-sample representative means; not paired
B1,B1-M00,8,snv,1016.8541568627452,0.21694940702217935,difference of equal-sample representative means; not paired
B1,B1-M00,8,snv,1022.3149019607844,0.21367101902398455,difference of equal-sample representative means; not paired
B1,B1-M00,8,snv,1027.7756470588236,0.2108144287930842,difference of equal-sample representative means; not paired
B1,B1-M00,8,snv,1033.2363921568628,0.20976149755084617,difference of equal-sample representative means; not paired
B1,B1-M00,8,snv,1038.697137254902,0.20678401432394056,difference of equal-sample representative means; not paired
B1,B1-M00,8,snv,1044.1578823529412,0.20340152585997795,difference of equal-sample representative means; not paired
B1,B1-M00,8,snv,1049.6186274509805,0.19964681651895422,difference of equal-sample representative means; not paired
B1,B1-M00,8,snv,1055.0793725490196,0.19526748239188496,difference of equal-sample representative means; not paired
B1,B1-M00,8,snv,1060.5401176470589,0.19030070886393036,difference of equal-sample representative means; not paired
B1,B1-M00,8,snv,1066.0008627450982,0.18518918002173224,difference of equal-sample representative means; not paired
B1,B1-M00,8,snv,1071.4616078431372,0.18036607612871824,difference of equal-sample representative means; not paired
B1,B1-M00,8,snv,1076.9223529411765,0.17543686728360108,difference of equal-sample representative means; not paired
B1,B1-M00,8,snv,1082.3830980392158,0.17037822827556304,difference of equal-sample representative means; not paired
B1,B1-M00,8,snv,1087.843843137255,0.1670291294214119,difference of equal-sample representative means; not paired
B1,B1-M00,8,snv,1093.3045882352942,0.16353609852039597,difference of equal-sample representative means; not paired
B1,B1-M00,8,snv,1098.7653333333333,0.1588919588252382,difference of equal-sample representative means; not paired
B1,B1-M00,8,snv,1104.2260784313726,0.1530134377744865,difference of equal-sample representative means; not paired
B1,B1-M00,8,snv,1109.6868235294119,0.14472068666414595,difference of equal-sample representative means; not paired
B1,B1-M00,8,snv,1115.1475686274512,0.1324803771346752,difference of equal-sample representative means; not paired
B1,B1-M00,8,snv,1120.6083137254902,0.11459430303801255,difference of equal-sample representative means; not paired
B1,B1-M00,8,snv,1126.0690588235295,0.09170896201166534,difference of equal-sample representative means; not paired
B1,B1-M00,8,snv,1131.5298039215686,0.06680851732431115,difference of equal-sample representative means; not paired
B1,B1-M00,8,snv,1136.990549019608,0.04190876046001657,difference of equal-sample representative means; not paired
B1,B1-M00,8,snv,1142.4512941176472,0.01850891463181581,difference of equal-sample representative means; not paired
B1,B1-M00,8,snv,1147.9120392156863,-0.0018678044070745692,difference of equal-sample representative means; not paired
B1,B1-M00,8,snv,1153.3727843137256,-0.019891710733884738,difference of equal-sample representative means; not paired
B1,B1-M00,8,snv,1158.8335294117649,-0.03741277807898946,difference of equal-sample representative means; not paired
B1,B1-M00,8,snv,1164.294274509804,-0.05301677121034709,difference of equal-sample representative means; not paired
B1,B1-M00,8,snv,1169.7550196078432,-0.06718215922859394,difference of equal-sample representative means; not paired
B1,B1-M00,8,snv,1175.2157647058825,-0.08000820430568645,difference of equal-sample representative means; not paired
B1,B1-M00,8,snv,1180.6765098039216,-0.09182898649458981,difference of equal-sample representative means; not paired
B1,B1-M00,8,snv,1186.137254901961,-0.1031542645149337,difference of equal-sample representative means; not paired
B1,B1-M00,8,snv,1191.598,-0.11350329478353771,difference of equal-sample representative means; not paired
B1,B1-M00,8,snv,1197.0587450980393,-0.12188654557888756,difference of equal-sample representative means; not paired
B1,B1-M00,8,snv,1202.5194901960786,-0.1271694969714816,difference of equal-sample representative means; not paired
B1,B1-M00,8,snv,1207.9802352941178,-0.13083195308404427,difference of equal-sample representative means; not paired
B1,B1-M00,8,snv,1213.440980392157,-0.13252638097907843,difference of equal-sample representative means; not paired
B1,B1-M00,8,snv,1218.9017254901962,-0.1345081726741233,difference of equal-sample representative means; not paired
B1,B1-M00,8,snv,1224.3624705882353,-0.1381958551390774,difference of equal-sample representative means; not paired
B1,B1-M00,8,snv,1229.8232156862746,-0.1387674146524145,difference of equal-sample representative means; not paired
B1,B1-M00,8,snv,1235.2839607843139,-0.13841300554683955,difference of equal-sample representative means; not paired
B1,B1-M00,8,snv,1240.7447058823532,-0.13782526395460404,difference of equal-sample representative means; not paired
B1,B1-M00,8,snv,1246.2054509803922,-0.1374935568126927,difference of equal-sample representative means; not paired
B1,B1-M00,8,snv,1251.6661960784315,-0.13771189421174013,difference of equal-sample representative means; not paired
B1,B1-M00,8,snv,1257.1269411764706,-0.13867792008744662,difference of equal-sample representative means; not paired
B1,B1-M00,8,snv,1262.58768627451,-0.13960712080858695,difference of equal-sample representative means; not paired
B1,B1-M00,8,snv,1268.0484313725492,-0.13946665434190364,difference of equal-sample representative means; not paired
B1,B1-M00,8,snv,1273.5091764705883,-0.14288545870440994,difference of equal-sample representative means; not paired
B1,B1-M00,8,snv,1278.9699215686276,-0.14382382671279825,difference of equal-sample representative means; not paired
B1,B1-M00,8,snv,1284.4306666666666,-0.1447229974576778,difference of equal-sample representative means; not paired
B1,B1-M00,8,snv,1289.891411764706,-0.1461243699134689,difference of equal-sample representative means; not paired
B1,B1-M00,8,snv,1295.3521568627452,-0.14708242438723418,difference of equal-sample representative means; not paired
B1,B1-M00,8,snv,1300.8129019607845,-0.148574140858158,difference of equal-sample representative means; not paired
B1,B1-M00,8,snv,1306.2736470588236,-0.15218105729848763,difference of equal-sample representative means; not paired
B1,B1-M00,8,snv,1311.734392156863,-0.15433156122364888,difference of equal-sample representative means; not paired
B1,B1-M00,8,snv,1317.195137254902,-0.1617237728067964,difference of equal-sample representative means; not paired
B1,B1-M00,8,snv,1322.6558823529413,-0.16794456171954675,difference of equal-sample representative means; not paired
B1,B1-M00,8,snv,1328.1166274509806,-0.17437961704884364,difference of equal-sample representative means; not paired
B1,B1-M00,8,snv,1333.5773725490199,-0.18094921167275024,difference of equal-sample representative means; not paired
B1,B1-M00,8,snv,1339.038117647059,-0.1872238213865174,difference of equal-sample representative means; not paired
B1,B1-M00,8,snv,1344.4988627450982,-0.19297924374923792,difference of equal-sample representative means; not paired
B1,B1-M00,8,snv,1349.9596078431373,-0.19831494320192256,difference of equal-sample representative means; not paired
B1,B1-M00,8,snv,1355.4203529411766,-0.20268508308741362,difference of equal-sample representative means; not paired
B1,B1-M00,8,snv,1360.8810980392159,-0.20628998825891598,difference of equal-sample representative means; not paired
B1,B1-M00,8,snv,1366.341843137255,-0.20789973405277862,difference of equal-sample representative means; not paired
B1,B1-M00,8,snv,1371.8025882352943,-0.20773282049511366,difference of equal-sample representative means; not paired
B1,B1-M00,8,snv,1377.2633333333333,-0.20712194807454065,difference of equal-sample representative means; not paired
B1,B1-M00,8,snv,1382.7240784313726,-0.20668677661531742,difference of equal-sample representative means; not paired
B1,B1-M00,8,snv,1388.184823529412,-0.20542399688053825,difference of equal-sample representative means; not paired
B1,B1-M00,8,snv,1393.6455686274512,-0.20176408361866816,difference of equal-sample representative means; not paired
B1,B1-M00,8,snv,1399.1063137254903,-0.1929404002728095,difference of equal-sample representative means; not paired
B1,B1-M00,8,snv,1404.5670588235296,-0.17943973818969763,difference of equal-sample representative means; not paired
B1,B1-M00,8,snv,1410.0278039215686,-0.16209791074009375,difference of equal-sample representative means; not paired
B1,B1-M00,8,snv,1415.488549019608,-0.14290494923454256,difference of equal-sample representative means; not paired
B1,B1-M00,8,snv,1420.9492941176472,-0.12397774852442922,difference of equal-sample representative means; not paired
B1,B1-M00,8,snv,1426.4100392156865,-0.1069492972418197,difference of equal-sample representative means; not paired
B1,B1-M00,8,snv,1431.8707843137256,-0.09277433182569045,difference of equal-sample representative means; not paired
B1,B1-M00,8,snv,1437.3315294117647,-0.08247349027375317,difference of equal-sample representative means; not paired
B1,B1-M00,8,snv,1442.792274509804,-0.07398745210176261,difference of equal-sample representative means; not paired
B1,B1-M00,8,snv,1448.2530196078433,-0.06811728859357641,difference of equal-sample representative means; not paired
B1,B1-M00,8,snv,1453.7137647058826,-0.06317600174070037,difference of equal-sample representative means; not paired
B1,B1-M00,8,snv,1459.1745098039219,-0.05864397858299597,difference of equal-sample representative means; not paired
B1,B1-M00,8,snv,1464.635254901961,-0.054615711813914225,difference of equal-sample representative means; not paired
B1,B1-M00,8,snv,1470.096,-0.051033014901054385,difference of equal-sample representative means; not paired
B1,B1-M00,8,snv,1475.5567450980393,-0.04905603310041429,difference of equal-sample representative means; not paired
B1,B1-M00,8,snv,1481.0174901960786,-0.04774978440231392,difference of equal-sample representative means; not paired
B1,B1-M00,8,snv,1486.478235294118,-0.04776198456844161,difference of equal-sample representative means; not paired
B1,B1-M00,8,snv,1491.938980392157,-0.04858797206682541,difference of equal-sample representative means; not paired
B1,B1-M00,8,snv,1497.3997254901963,-0.04988806252334277,difference of equal-sample representative means; not paired
B1,B1-M00,8,snv,1502.8604705882353,-0.05184947279408991,difference of equal-sample representative means; not paired
B1,B1-M00,8,snv,1508.3212156862746,-0.05466314744080458,difference of equal-sample representative means; not paired
B1,B1-M00,8,snv,1513.781960784314,-0.05746848860107373,difference of equal-sample representative means; not paired
B1,B1-M00,8,snv,1519.2427058823532,-0.05914180396860752,difference of equal-sample representative means; not paired
B1,B1-M00,8,snv,1524.7034509803923,-0.06081946096782892,difference of equal-sample representative means; not paired
B1,B1-M00,8,snv,1530.1641960784316,-0.06277869089846522,difference of equal-sample representative means; not paired
B1,B1-M00,8,snv,1535.6249411764707,-0.06481562925179007,difference of equal-sample representative means; not paired
B1,B1-M00,8,snv,1541.08568627451,-0.06669318706212751,difference of equal-sample representative means; not paired
B1,B1-M00,8,snv,1546.5464313725493,-0.06820704124555571,difference of equal-sample representative means; not paired
B1,B1-M00,8,snv,1552.0071764705885,-0.06938873300617632,difference of equal-sample representative means; not paired
B1,B1-M00,8,snv,1557.4679215686276,-0.07155727314832178,difference of equal-sample representative means; not paired
B1,B1-M00,8,snv,1562.9286666666667,-0.07361748657572709,difference of equal-sample representative means; not paired
B1,B1-M00,8,snv,1568.389411764706,-0.07459643223928736,difference of equal-sample representative means; not paired
B1,B1-M00,8,snv,1573.8501568627453,-0.07570655943888904,difference of equal-sample representative means; not paired
B1,B1-M00,8,snv,1579.3109019607846,-0.07712961885133418,difference of equal-sample representative means; not paired
B1,B1-M00,8,snv,1584.7716470588239,-0.07864153831968734,difference of equal-sample representative means; not paired
B1,B1-M00,8,snv,1590.232392156863,-0.08034644497285776,difference of equal-sample representative means; not paired
B1,B1-M00,8,snv,1595.693137254902,-0.08307544965668867,difference of equal-sample representative means; not paired
B1,B1-M00,8,snv,1601.1538823529413,-0.08709458578476859,difference of equal-sample representative means; not paired
B1,B1-M00,8,snv,1606.6146274509806,-0.09149570784192015,difference of equal-sample representative means; not paired
B1,B1-M00,8,snv,1612.07537254902,-0.09607469042407185,difference of equal-sample representative means; not paired
B1,B1-M00,8,snv,1617.536117647059,-0.10059305623928178,difference of equal-sample representative means; not paired
B1,B1-M00,8,snv,1622.9968627450983,-0.10483842031701118,difference of equal-sample representative means; not paired
B1,B1-M00,8,snv,1628.4576078431373,-0.10824067832561932,difference of equal-sample representative means; not paired
B1,B1-M00,8,snv,1633.9183529411766,-0.11024530275441138,difference of equal-sample representative means; not paired
B1,B1-M00,8,snv,1639.379098039216,-0.11372714034137363,difference of equal-sample representative means; not paired
B1,B1-M00,8,snv,1644.8398431372552,-0.11484271862343302,difference of equal-sample representative means; not paired
B1,B1-M00,8,snv,1650.3005882352943,-0.11487126546156631,difference of equal-sample representative means; not paired
B1,B1-M00,8,snv,1655.7613333333334,-0.11439486474526399,difference of equal-sample representative means; not paired
B1,B1-M00,8,snv,1661.2220784313727,-0.1145293822982218,difference of equal-sample representative means; not paired
B1,B1-M00,8,snv,1666.682823529412,-0.11553598401027063,difference of equal-sample representative means; not paired
B1,B1-M00,8,snv,1672.1435686274513,-0.11672170764307602,difference of equal-sample representative means; not paired
B1,B1-M00,8,snv,1677.6043137254906,-0.11772167593694075,difference of equal-sample representative means; not paired
B1,B1-M00,8,snv,1683.0650588235296,-0.11892750542097491,difference of equal-sample representative means; not paired
B1,B1-M00,8,snv,1688.5258039215687,-0.11824476953375043,difference of equal-sample representative means; not paired
B1,B1-M00,8,snv,1693.986549019608,-0.11693456092197485,difference of equal-sample representative means; not paired
B1,B1-M00,8,snv,1699.4472941176473,-0.11593501170990608,difference of equal-sample representative means; not paired
B1,B1-M00,8,snv,1704.9080392156866,-0.11499096943571305,difference of equal-sample representative means; not paired
B1,B1-M00,8,snv,1710.3687843137257,-0.1137669507111864,difference of equal-sample representative means; not paired
B1,B1-M00,8,snv,1715.829529411765,-0.11267550641498558,difference of equal-sample representative means; not paired
B1,B1-M00,8,snv,1721.290274509804,-0.11093976446490819,difference of equal-sample representative means; not paired
B1,B1-M00,8,snv,1726.7510196078433,-0.10852015634063136,difference of equal-sample representative means; not paired
B1,B1-M00,8,snv,1732.2117647058826,-0.1071670876822918,difference of equal-sample representative means; not paired
B1,B1-M00,8,snv,1737.672509803922,-0.10626099857867033,difference of equal-sample representative means; not paired
B1,B1-M00,8,snv,1743.133254901961,-0.10522075433089698,difference of equal-sample representative means; not paired
B1,B1-M00,8,snv,1748.594,-0.10362018833499992,difference of equal-sample representative means; not paired
B1,B1-M00,8,snv,1754.0547450980393,-0.10175004088717532,difference of equal-sample representative means; not paired
B1,B1-M00,8,snv,1759.5154901960786,-0.10112035294082533,difference of equal-sample representative means; not paired
B1,B1-M00,8,snv,1764.976235294118,-0.09973057611349978,difference of equal-sample representative means; not paired
B1,B1-M00,8,snv,1770.4369803921572,-0.09707199579161713,difference of equal-sample representative means; not paired
B1,B1-M00,8,snv,1775.8977254901963,-0.09547246236819473,difference of equal-sample representative means; not paired
B1,B1-M00,8,snv,1781.3584705882354,-0.09407098684446413,difference of equal-sample representative means; not paired
B1,B1-M00,8,snv,1786.8192156862747,-0.09264090929507224,difference of equal-sample representative means; not paired
B1,B1-M00,8,snv,1792.279960784314,-0.09188557520197277,difference of equal-sample representative means; not paired
B1,B1-M00,8,snv,1797.7407058823533,-0.09241165315850086,difference of equal-sample representative means; not paired
B1,B1-M00,8,snv,1803.2014509803923,-0.09285150150526178,difference of equal-sample representative means; not paired
B1,B1-M00,8,snv,1808.6621960784316,-0.09362801211484523,difference of equal-sample representative means; not paired
B1,B1-M00,8,snv,1814.1229411764707,-0.09443562349713669,difference of equal-sample representative means; not paired
B1,B1-M00,8,snv,1819.58368627451,-0.09477276344053176,difference of equal-sample representative means; not paired
B1,B1-M00,8,snv,1825.0444313725493,-0.09567457757837539,difference of equal-sample representative means; not paired
B1,B1-M00,8,snv,1830.5051764705886,-0.0969751898329076,difference of equal-sample representative means; not paired
B1,B1-M00,8,snv,1835.9659215686277,-0.09812436764371937,difference of equal-sample representative means; not paired
B1,B1-M00,8,snv,1841.4266666666667,-0.10036240046449763,difference of equal-sample representative means; not paired
B1,B1-M00,8,snv,1846.887411764706,-0.10170764705428631,difference of equal-sample representative means; not paired
B1,B1-M00,8,snv,1852.3481568627453,-0.10248706032185179,difference of equal-sample representative means; not paired
B1,B1-M00,8,snv,1857.8089019607846,-0.10156393606694886,difference of equal-sample representative means; not paired
B1,B1-M00,8,snv,1863.269647058824,-0.09979657841865511,difference of equal-sample representative means; not paired
B1,B1-M00,8,snv,1868.730392156863,-0.09677310014001042,difference of equal-sample representative means; not paired
B1,B1-M00,8,snv,1874.191137254902,-0.09191915110747495,difference of equal-sample representative means; not paired
B1,B1-M00,8,snv,1879.6518823529414,-0.08435506521724928,difference of equal-sample representative means; not paired
B1,B1-M00,8,snv,1885.1126274509807,-0.07003822589361458,difference of equal-sample representative means; not paired
B1,B1-M00,8,snv,1890.57337254902,-0.05045443927370141,difference of equal-sample representative means; not paired
B1,B1-M00,8,snv,1896.034117647059,-0.024819599382095547,difference of equal-sample representative means; not paired
B1,B1-M00,8,snv,1901.4948627450983,0.0036459796931084254,difference of equal-sample representative means; not paired
B1,B1-M00,8,snv,1906.9556078431374,0.031771851560790654,difference of equal-sample representative means; not paired
B1,B1-M00,8,snv,1912.4163529411767,0.05633688351394195,difference of equal-sample representative means; not paired
B1,B1-M00,8,snv,1917.877098039216,0.07492708472887655,difference of equal-sample representative means; not paired
B1,B1-M00,8,snv,1923.3378431372553,0.08707412461897412,difference of equal-sample representative means; not paired
B1,B1-M00,8,snv,1928.7985882352943,0.094723736454283,difference of equal-sample representative means; not paired
B1,B1-M00,8,snv,1934.2593333333336,0.0980799017508045,difference of equal-sample representative means; not paired
B1,B1-M00,8,snv,1939.7200784313727,0.09822233930452362,difference of equal-sample representative means; not paired
B1,B1-M00,8,snv,1945.180823529412,0.09656710434688054,difference of equal-sample representative means; not paired
B1,B1-M00,8,snv,1950.6415686274513,0.09290205131051987,difference of equal-sample representative means; not paired
B1,B1-M00,8,snv,1956.1023137254906,0.08774855931113357,difference of equal-sample representative means; not paired
B1,B1-M00,8,snv,1961.5630588235294,0.08226873360710685,difference of equal-sample representative means; not paired
B1,B1-M00,8,snv,1967.0238039215687,0.0759572394593353,difference of equal-sample representative means; not paired
B1,B1-M00,8,snv,1972.484549019608,0.07105253544834711,difference of equal-sample representative means; not paired
B1,B1-M00,8,snv,1977.9452941176473,0.0649780254041481,difference of equal-sample representative means; not paired
B1,B1-M00,8,snv,1983.4060392156866,0.058254044895460044,difference of equal-sample representative means; not paired
B1,B1-M00,8,snv,1988.866784313726,0.05130627020912648,difference of equal-sample representative means; not paired
B1,B1-M00,8,snv,1994.3275294117648,0.04513143527415442,difference of equal-sample representative means; not paired
B1,B1-M00,8,snv,1999.788274509804,0.04010863475557991,difference of equal-sample representative means; not paired
B1,B1-M00,8,snv,2005.2490196078434,0.03547042191056582,difference of equal-sample representative means; not paired
B1,B1-M00,8,snv,2010.7097647058827,0.030897676324522783,difference of equal-sample representative means; not paired
B1,B1-M00,8,snv,2016.170509803922,0.029498707206507158,difference of equal-sample representative means; not paired
B1,B1-M00,8,snv,2021.6312549019613,0.029698536512373197,difference of equal-sample representative means; not paired
B1,B1-M00,8,snv,2027.092,0.031223371481200912,difference of equal-sample representative means; not paired
B1,B1-M00,8,snv,2032.5527450980394,0.03361746938584875,difference of equal-sample representative means; not paired
B1,B1-M00,8,snv,2038.0134901960787,0.037634175755557164,difference of equal-sample representative means; not paired
B1,B1-M00,8,snv,2043.474235294118,0.04301676220750017,difference of equal-sample representative means; not paired
B1,B1-M00,8,snv,2048.9349803921573,0.04703934074714056,difference of equal-sample representative means; not paired
B1,B1-M00,8,snv,2054.3957254901966,0.05431156092075429,difference of equal-sample representative means; not paired
B1,B1-M00,8,snv,2059.8564705882354,0.06053755073719502,difference of equal-sample representative means; not paired
B1,B1-M00,8,snv,2065.3172156862747,0.06664852981260205,difference of equal-sample representative means; not paired
B1,B1-M00,8,snv,2070.777960784314,0.07269774260084438,difference of equal-sample representative means; not paired
B1,B1-M00,8,snv,2076.2387058823533,0.07793472418619785,difference of equal-sample representative means; not paired
B1,B1-M00,8,snv,2081.6994509803926,0.08252752500519311,difference of equal-sample representative means; not paired
B1,B1-M00,8,snv,2087.1601960784315,0.08707240699575691,difference of equal-sample representative means; not paired
B1,B1-M00,8,snv,2092.6209411764708,0.09022118417449887,difference of equal-sample representative means; not paired
B1,B1-M00,8,snv,2098.08168627451,0.09178292203454608,difference of equal-sample representative means; not paired
B1,B1-M00,8,snv,2103.5424313725493,0.0939680318041991,difference of equal-sample representative means; not paired
B1,B1-M00,8,snv,2109.0031764705886,0.09483754735987482,difference of equal-sample representative means; not paired
B1,B1-M00,8,snv,2114.463921568628,0.09601361133319464,difference of equal-sample representative means; not paired
B1,B1-M00,8,snv,2119.924666666667,0.09617346306770158,difference of equal-sample representative means; not paired
B1,B1-M00,8,snv,2125.385411764706,0.09518265716178109,difference of equal-sample representative means; not paired
B1,B1-M00,8,snv,2130.8461568627454,0.09538743613071432,difference of equal-sample representative means; not paired
B1,B1-M00,8,snv,2136.3069019607847,0.09330218420750791,difference of equal-sample representative means; not paired
B1,B1-M00,8,snv,2141.767647058824,0.09309633633127379,difference of equal-sample representative means; not paired
B1,B1-M00,8,snv,2147.2283921568633,0.09069757579698678,difference of equal-sample representative means; not paired
B1,B1-M00,8,snv,2152.689137254902,0.08919724908355686,difference of equal-sample representative means; not paired
B1,B1-M00,8,snv,2158.1498823529414,0.08707141356941484,difference of equal-sample representative means; not paired
B1,B1-M00,8,snv,2163.6106274509807,0.08457402574098283,difference of equal-sample representative means; not paired
B1,B1-M00,8,snv,2169.07137254902,0.0826046894815764,difference of equal-sample representative means; not paired
B1,B1-M00,8,snv,2174.5321176470593,0.08011247423807477,difference of equal-sample representative means; not paired
B1,B1-M00,8,snv,2179.992862745098,0.07944040168959932,difference of equal-sample representative means; not paired
B1,B1-M00,8,snv,2185.4536078431374,0.07672792704704001,difference of equal-sample representative means; not paired
B1,B1-M00,8,snv,2190.9143529411767,0.0753654811790565,difference of equal-sample representative means; not paired
B1,B1-M00,8,snv,2196.375098039216,0.07299291446763656,difference of equal-sample representative means; not paired
B1,B1-M00,8,snv,2201.8358431372553,0.07083109841840118,difference of equal-sample representative means; not paired
B1,B1-M00,8,snv,2207.2965882352946,0.06967346986312617,difference of equal-sample representative means; not paired
B1,B1-M00,8,snv,2212.7573333333335,0.06893594473644316,difference of equal-sample representative means; not paired
B1,B1-M00,8,snv,2218.2180784313728,0.06846697267430135,difference of equal-sample representative means; not paired
B1,B1-M00,8,snv,2223.678823529412,0.06649270479238611,difference of equal-sample representative means; not paired
B1,B1-M00,8,snv,2229.1395686274514,0.06731810542099104,difference of equal-sample representative means; not paired
B1,B1-M00,8,snv,2234.6003137254907,0.0683987044938249,difference of equal-sample representative means; not paired
B1,B1-M00,8,snv,2240.06105882353,0.07063926696330469,difference of equal-sample representative means; not paired
B1,B1-M00,8,snv,2245.521803921569,0.07492527934268067,difference of equal-sample representative means; not paired
B1,B1-M00,8,snv,2250.982549019608,0.08167819271606325,difference of equal-sample representative means; not paired
B1,B1-M00,8,snv,2256.4432941176474,0.09020079211927512,difference of equal-sample representative means; not paired
B1,B1-M00,8,snv,2261.9040392156867,0.09766205160985342,difference of equal-sample representative means; not paired
B1,B1-M00,8,snv,2267.364784313726,0.10455574406058443,difference of equal-sample representative means; not paired
B1,B1-M00,8,snv,2272.825529411765,0.1101784766631746,difference of equal-sample representative means; not paired
B1,B1-M00,8,snv,2278.286274509804,0.11424567504886407,difference of equal-sample representative means; not paired
B1,B1-M00,8,snv,2283.7470196078434,0.11315698140965469,difference of equal-sample representative means; not paired
B1,B1-M00,8,snv,2289.2077647058827,0.10813120770973894,difference of equal-sample representative means; not paired
B1,B1-M00,8,snv,2294.668509803922,0.10278086154845267,difference of equal-sample representative means; not paired
B1,B1-M00,8,snv,2300.1292549019613,0.0987775768799124,difference of equal-sample representative means; not paired
B1,B1-M00,8,snv,2305.59,0.09470516733272749,difference of equal-sample representative means; not paired
B1,B1-M00,8,second_derivative,913.1,7.155296896700194e-05,difference of equal-sample representative means; not paired
B1,B1-M00,8,second_derivative,918.5607450980392,7.155296896700194e-05,difference of equal-sample representative means; not paired
B1,B1-M00,8,second_derivative,924.0214901960785,7.155296896700194e-05,difference of equal-sample representative means; not paired
B1,B1-M00,8,second_derivative,929.4822352941177,7.15529689670014e-05,difference of equal-sample representative means; not paired
B1,B1-M00,8,second_derivative,934.9429803921569,6.541659397267164e-05,difference of equal-sample representative means; not paired
B1,B1-M00,8,second_derivative,940.4037254901962,3.8212797885811064e-05,difference of equal-sample representative means; not paired
B1,B1-M00,8,second_derivative,945.8644705882353,2.8390323690034734e-05,difference of equal-sample representative means; not paired
B1,B1-M00,8,second_derivative,951.3252156862745,1.8048015985443262e-05,difference of equal-sample representative means; not paired
B1,B1-M00,8,second_derivative,956.7859607843137,5.27776866673814e-06,difference of equal-sample representative means; not paired
B1,B1-M00,8,second_derivative,962.246705882353,5.048231370431565e-07,difference of equal-sample representative means; not paired
B1,B1-M00,8,second_derivative,967.7074509803922,-2.025708818496006e-06,difference of equal-sample representative means; not paired
B1,B1-M00,8,second_derivative,973.1681960784314,-5.642698591569915e-06,difference of equal-sample representative means; not paired
B1,B1-M00,8,second_derivative,978.6289411764706,-8.589246924046262e-06,difference of equal-sample representative means; not paired
B1,B1-M00,8,second_derivative,984.0896862745099,-9.382331446853188e-06,difference of equal-sample representative means; not paired
B1,B1-M00,8,second_derivative,989.550431372549,-7.699500816192847e-06,difference of equal-sample representative means; not paired
B1,B1-M00,8,second_derivative,995.0111764705882,-5.30488132244073e-06,difference of equal-sample representative means; not paired
B1,B1-M00,8,second_derivative,1000.4719215686275,-3.956021798305615e-06,difference of equal-sample representative means; not paired
B1,B1-M00,8,second_derivative,1005.9326666666667,-3.806845034796987e-06,difference of equal-sample representative means; not paired
B1,B1-M00,8,second_derivative,1011.3934117647059,-3.916832398738275e-06,difference of equal-sample representative means; not paired
B1,B1-M00,8,second_derivative,1016.8541568627452,-3.944469472032316e-06,difference of equal-sample representative means; not paired
B1,B1-M00,8,second_derivative,1022.3149019607844,-2.5622037264864446e-06,difference of equal-sample representative means; not paired
B1,B1-M00,8,second_derivative,1027.7756470588236,-8.060055862415341e-07,difference of equal-sample representative means; not paired
B1,B1-M00,8,second_derivative,1033.2363921568628,7.007667961931679e-07,difference of equal-sample representative means; not paired
B1,B1-M00,8,second_derivative,1038.697137254902,1.7560543300165723e-06,difference of equal-sample representative means; not paired
B1,B1-M00,8,second_derivative,1044.1578823529412,2.117495066855462e-06,difference of equal-sample representative means; not paired
B1,B1-M00,8,second_derivative,1049.6186274509805,1.4389599025598447e-06,difference of equal-sample representative means; not paired
B1,B1-M00,8,second_derivative,1055.0793725490196,1.0913339476820145e-06,difference of equal-sample representative means; not paired
B1,B1-M00,8,second_derivative,1060.5401176470589,5.457950060971755e-07,difference of equal-sample representative means; not paired
B1,B1-M00,8,second_derivative,1066.0008627450982,9.229356211887535e-08,difference of equal-sample representative means; not paired
B1,B1-M00,8,second_derivative,1071.4616078431372,-7.559836235505081e-07,difference of equal-sample representative means; not paired
B1,B1-M00,8,second_derivative,1076.9223529411765,-1.3119347228887977e-06,difference of equal-sample representative means; not paired
B1,B1-M00,8,second_derivative,1082.3830980392158,-1.011480350429916e-06,difference of equal-sample representative means; not paired
B1,B1-M00,8,second_derivative,1087.843843137255,1.411599253296015e-07,difference of equal-sample representative means; not paired
B1,B1-M00,8,second_derivative,1093.3045882352942,2.4604436160864084e-06,difference of equal-sample representative means; not paired
B1,B1-M00,8,second_derivative,1098.7653333333333,5.819700063028961e-06,difference of equal-sample representative means; not paired
B1,B1-M00,8,second_derivative,1104.2260784313726,9.55584516203763e-06,difference of equal-sample representative means; not paired
B1,B1-M00,8,second_derivative,1109.6868235294119,1.3381757074507736e-05,difference of equal-sample representative means; not paired
B1,B1-M00,8,second_derivative,1115.1475686274512,1.5357193175890268e-05,difference of equal-sample representative means; not paired
B1,B1-M00,8,second_derivative,1120.6083137254902,1.3894571513103335e-05,difference of equal-sample representative means; not paired
B1,B1-M00,8,second_derivative,1126.0690588235295,9.235697731912278e-06,difference of equal-sample representative means; not paired
B1,B1-M00,8,second_derivative,1131.5298039215686,2.9130863258435232e-06,difference of equal-sample representative means; not paired
B1,B1-M00,8,second_derivative,1136.990549019608,-2.2388590097388327e-06,difference of equal-sample representative means; not paired
B1,B1-M00,8,second_derivative,1142.4512941176472,-4.282494056402557e-06,difference of equal-sample representative means; not paired
B1,B1-M00,8,second_derivative,1147.9120392156863,-4.524673202797354e-06,difference of equal-sample representative means; not paired
B1,B1-M00,8,second_derivative,1153.3727843137256,-4.147322410018602e-06,difference of equal-sample representative means; not paired
B1,B1-M00,8,second_derivative,1158.8335294117649,-4.074952558173358e-06,difference of equal-sample representative means; not paired
B1,B1-M00,8,second_derivative,1164.294274509804,-4.428719703839153e-06,difference of equal-sample representative means; not paired
B1,B1-M00,8,second_derivative,1169.7550196078432,-4.057350037311418e-06,difference of equal-sample representative means; not paired
B1,B1-M00,8,second_derivative,1175.2157647058825,-2.833940217423062e-06,difference of equal-sample representative means; not paired
B1,B1-M00,8,second_derivative,1180.6765098039216,-3.1595429733956075e-06,difference of equal-sample representative means; not paired
B1,B1-M00,8,second_derivative,1186.137254901961,-5.642685020135562e-06,difference of equal-sample representative means; not paired
B1,B1-M00,8,second_derivative,1191.598,-8.630975135882998e-06,difference of equal-sample representative means; not paired
B1,B1-M00,8,second_derivative,1197.0587450980393,-1.0466071834276108e-05,difference of equal-sample representative means; not paired
B1,B1-M00,8,second_derivative,1202.5194901960786,-9.555553206120042e-06,difference of equal-sample representative means; not paired
B1,B1-M00,8,second_derivative,1207.9802352941178,-6.261455450445885e-06,difference of equal-sample representative means; not paired
B1,B1-M00,8,second_derivative,1213.440980392157,-4.493294140492422e-06,difference of equal-sample representative means; not paired
B1,B1-M00,8,second_derivative,1218.9017254901962,-4.584747547556675e-06,difference of equal-sample representative means; not paired
B1,B1-M00,8,second_derivative,1224.3624705882353,-4.953700066391296e-06,difference of equal-sample representative means; not paired
B1,B1-M00,8,second_derivative,1229.8232156862746,-4.5980963165701225e-06,difference of equal-sample representative means; not paired
B1,B1-M00,8,second_derivative,1235.2839607843139,-2.51032924173025e-06,difference of equal-sample representative means; not paired
B1,B1-M00,8,second_derivative,1240.7447058823532,6.742948514654369e-07,difference of equal-sample representative means; not paired
B1,B1-M00,8,second_derivative,1246.2054509803922,2.170236055897461e-06,difference of equal-sample representative means; not paired
B1,B1-M00,8,second_derivative,1251.6661960784315,2.015569261227541e-06,difference of equal-sample representative means; not paired
B1,B1-M00,8,second_derivative,1257.1269411764706,2.527723673326953e-06,difference of equal-sample representative means; not paired
B1,B1-M00,8,second_derivative,1262.58768627451,1.7842058114375482e-06,difference of equal-sample representative means; not paired
B1,B1-M00,8,second_derivative,1268.0484313725492,5.02108127330931e-07,difference of equal-sample representative means; not paired
B1,B1-M00,8,second_derivative,1273.5091764705883,-3.952195327553816e-07,difference of equal-sample representative means; not paired
B1,B1-M00,8,second_derivative,1278.9699215686276,-1.061015907078762e-06,difference of equal-sample representative means; not paired
B1,B1-M00,8,second_derivative,1284.4306666666666,-7.990270706490365e-07,difference of equal-sample representative means; not paired
B1,B1-M00,8,second_derivative,1289.891411764706,2.3171831234993525e-06,difference of equal-sample representative means; not paired
B1,B1-M00,8,second_derivative,1295.3521568627452,3.6158378600831616e-06,difference of equal-sample representative means; not paired
B1,B1-M00,8,second_derivative,1300.8129019607845,6.053751065855953e-06,difference of equal-sample representative means; not paired
B1,B1-M00,8,second_derivative,1306.2736470588236,7.443074891628987e-06,difference of equal-sample representative means; not paired
B1,B1-M00,8,second_derivative,1311.734392156863,7.42335282780972e-06,difference of equal-sample representative means; not paired
B1,B1-M00,8,second_derivative,1317.195137254902,6.820892287817871e-06,difference of equal-sample representative means; not paired
B1,B1-M00,8,second_derivative,1322.6558823529413,6.249236078250719e-06,difference of equal-sample representative means; not paired
B1,B1-M00,8,second_derivative,1328.1166274509806,4.985922226350794e-06,difference of equal-sample representative means; not paired
B1,B1-M00,8,second_derivative,1333.5773725490199,5.095137926153921e-06,difference of equal-sample representative means; not paired
B1,B1-M00,8,second_derivative,1339.038117647059,3.4096395438737385e-06,difference of equal-sample representative means; not paired
B1,B1-M00,8,second_derivative,1344.4988627450982,9.187378466632747e-07,difference of equal-sample representative means; not paired
B1,B1-M00,8,second_derivative,1349.9596078431373,-1.966305195902091e-06,difference of equal-sample representative means; not paired
B1,B1-M00,8,second_derivative,1355.4203529411766,-4.779971894058584e-06,difference of equal-sample representative means; not paired
B1,B1-M00,8,second_derivative,1360.8810980392159,-6.478409987909831e-06,difference of equal-sample representative means; not paired
B1,B1-M00,8,second_derivative,1366.341843137255,-6.3496523646780515e-06,difference of equal-sample representative means; not paired
B1,B1-M00,8,second_derivative,1371.8025882352943,-4.709875215716073e-06,difference of equal-sample representative means; not paired
B1,B1-M00,8,second_derivative,1377.2633333333333,-1.2047592479113295e-06,difference of equal-sample representative means; not paired
B1,B1-M00,8,second_derivative,1382.7240784313726,1.256906363206455e-06,difference of equal-sample representative means; not paired
B1,B1-M00,8,second_derivative,1388.184823529412,1.1299886952027572e-06,difference of equal-sample representative means; not paired
B1,B1-M00,8,second_derivative,1393.6455686274512,-1.44541852315935e-06,difference of equal-sample representative means; not paired
B1,B1-M00,8,second_derivative,1399.1063137254903,-4.89254029688493e-06,difference of equal-sample representative means; not paired
B1,B1-M00,8,second_derivative,1404.5670588235296,-7.39911867863383e-06,difference of equal-sample representative means; not paired
B1,B1-M00,8,second_derivative,1410.0278039215686,-7.739098303838209e-06,difference of equal-sample representative means; not paired
B1,B1-M00,8,second_derivative,1415.488549019608,-7.195447155170091e-06,difference of equal-sample representative means; not paired
B1,B1-M00,8,second_derivative,1420.9492941176472,-5.776833999421505e-06,difference of equal-sample representative means; not paired
B1,B1-M00,8,second_derivative,1426.4100392156865,-4.4431331884429385e-06,difference of equal-sample representative means; not paired
B1,B1-M00,8,second_derivative,1431.8707843137256,-2.430102941830816e-06,difference of equal-sample representative means; not paired
B1,B1-M00,8,second_derivative,1437.3315294117647,-5.249899469531982e-07,difference of equal-sample representative means; not paired
B1,B1-M00,8,second_derivative,1442.792274509804,3.691394531162869e-07,difference of equal-sample representative means; not paired
B1,B1-M00,8,second_derivative,1448.2530196078433,3.357701786058372e-07,difference of equal-sample representative means; not paired
B1,B1-M00,8,second_derivative,1453.7137647058826,-1.0438934428744624e-07,difference of equal-sample representative means; not paired
B1,B1-M00,8,second_derivative,1459.1745098039219,1.8381685929839796e-08,difference of equal-sample representative means; not paired
B1,B1-M00,8,second_derivative,1464.635254901961,1.0449422390374028e-06,difference of equal-sample representative means; not paired
B1,B1-M00,8,second_derivative,1470.096,2.1269674316819033e-06,difference of equal-sample representative means; not paired
B1,B1-M00,8,second_derivative,1475.5567450980393,2.6509252081483352e-06,difference of equal-sample representative means; not paired
B1,B1-M00,8,second_derivative,1481.0174901960786,2.413307573535653e-06,difference of equal-sample representative means; not paired
B1,B1-M00,8,second_derivative,1486.478235294118,1.9872348343569195e-06,difference of equal-sample representative means; not paired
B1,B1-M00,8,second_derivative,1491.938980392157,2.256940771990915e-06,difference of equal-sample representative means; not paired
B1,B1-M00,8,second_derivative,1497.3997254901963,1.9336944889848157e-06,difference of equal-sample representative means; not paired
B1,B1-M00,8,second_derivative,1502.8604705882353,6.453943544099024e-07,difference of equal-sample representative means; not paired
B1,B1-M00,8,second_derivative,1508.3212156862746,-7.741577150677586e-07,difference of equal-sample representative means; not paired
B1,B1-M00,8,second_derivative,1513.781960784314,-1.0246594226178638e-06,difference of equal-sample representative means; not paired
B1,B1-M00,8,second_derivative,1519.2427058823532,-3.359894978880651e-08,difference of equal-sample representative means; not paired
B1,B1-M00,8,second_derivative,1524.7034509803923,1.374730853580274e-06,difference of equal-sample representative means; not paired
B1,B1-M00,8,second_derivative,1530.1641960784316,1.6026329908951505e-06,difference of equal-sample representative means; not paired
B1,B1-M00,8,second_derivative,1535.6249411764707,2.0274106556951613e-08,difference of equal-sample representative means; not paired
B1,B1-M00,8,second_derivative,1541.08568627451,-6.791460449977467e-07,difference of equal-sample representative means; not paired
B1,B1-M00,8,second_derivative,1546.5464313725493,-2.5197262068495327e-07,difference of equal-sample representative means; not paired
B1,B1-M00,8,second_derivative,1552.0071764705885,5.649836620568079e-08,difference of equal-sample representative means; not paired
B1,B1-M00,8,second_derivative,1557.4679215686276,-1.0413936497802538e-07,difference of equal-sample representative means; not paired
B1,B1-M00,8,second_derivative,1562.9286666666667,-4.4754937016639464e-07,difference of equal-sample representative means; not paired
B1,B1-M00,8,second_derivative,1568.389411764706,-6.162247333700077e-07,difference of equal-sample representative means; not paired
B1,B1-M00,8,second_derivative,1573.8501568627453,1.4113405023472508e-07,difference of equal-sample representative means; not paired
B1,B1-M00,8,second_derivative,1579.3109019607846,9.016119729941336e-07,difference of equal-sample representative means; not paired
B1,B1-M00,8,second_derivative,1584.7716470588239,1.2614415793751217e-06,difference of equal-sample representative means; not paired
B1,B1-M00,8,second_derivative,1590.232392156863,1.2798459126647774e-06,difference of equal-sample representative means; not paired
B1,B1-M00,8,second_derivative,1595.693137254902,1.0484293672669207e-06,difference of equal-sample representative means; not paired
B1,B1-M00,8,second_derivative,1601.1538823529413,5.389292123375686e-07,difference of equal-sample representative means; not paired
B1,B1-M00,8,second_derivative,1606.6146274509806,-1.2810991143764556e-07,difference of equal-sample representative means; not paired
B1,B1-M00,8,second_derivative,1612.07537254902,-7.04117414516504e-07,difference of equal-sample representative means; not paired
B1,B1-M00,8,second_derivative,1617.536117647059,-1.569119082230821e-06,difference of equal-sample representative means; not paired
B1,B1-M00,8,second_derivative,1622.9968627450983,-5.032391744614777e-07,difference of equal-sample representative means; not paired
B1,B1-M00,8,second_derivative,1628.4576078431373,4.915921596618196e-08,difference of equal-sample representative means; not paired
B1,B1-M00,8,second_derivative,1633.9183529411766,7.228207616601583e-07,difference of equal-sample representative means; not paired
B1,B1-M00,8,second_derivative,1639.379098039216,1.3988973239233523e-06,difference of equal-sample representative means; not paired
B1,B1-M00,8,second_derivative,1644.8398431372552,1.958526177305405e-06,difference of equal-sample representative means; not paired
B1,B1-M00,8,second_derivative,1650.3005882352943,2.6617060601636576e-06,difference of equal-sample representative means; not paired
B1,B1-M00,8,second_derivative,1655.7613333333334,4.2070763076684145e-06,difference of equal-sample representative means; not paired
B1,B1-M00,8,second_derivative,1661.2220784313727,2.890934111085094e-06,difference of equal-sample representative means; not paired
B1,B1-M00,8,second_derivative,1666.682823529412,3.911783279316816e-07,difference of equal-sample representative means; not paired
B1,B1-M00,8,second_derivative,1672.1435686274513,-3.1603078508850126e-06,difference of equal-sample representative means; not paired
B1,B1-M00,8,second_derivative,1677.6043137254906,-5.135409107197691e-06,difference of equal-sample representative means; not paired
B1,B1-M00,8,second_derivative,1683.0650588235296,-4.666880990267811e-06,difference of equal-sample representative means; not paired
B1,B1-M00,8,second_derivative,1688.5258039215687,-2.9895547636973466e-06,difference of equal-sample representative means; not paired
B1,B1-M00,8,second_derivative,1693.986549019608,-1.7223076475205944e-06,difference of equal-sample representative means; not paired
B1,B1-M00,8,second_derivative,1699.4472941176473,-1.10560978099357e-06,difference of equal-sample representative means; not paired
B1,B1-M00,8,second_derivative,1704.9080392156866,-1.3437972316601177e-06,difference of equal-sample representative means; not paired
B1,B1-M00,8,second_derivative,1710.3687843137257,-1.3296036620165395e-06,difference of equal-sample representative means; not paired
B1,B1-M00,8,second_derivative,1715.829529411765,-6.397246880403465e-07,difference of equal-sample representative means; not paired
B1,B1-M00,8,second_derivative,1721.290274509804,-1.0705221930725804e-07,difference of equal-sample representative means; not paired
B1,B1-M00,8,second_derivative,1726.7510196078433,1.155206190408985e-07,difference of equal-sample representative means; not paired
B1,B1-M00,8,second_derivative,1732.2117647058826,2.4264460519406026e-07,difference of equal-sample representative means; not paired
B1,B1-M00,8,second_derivative,1737.672509803922,9.872855829351438e-08,difference of equal-sample representative means; not paired
B1,B1-M00,8,second_derivative,1743.133254901961,2.4381522558345806e-07,difference of equal-sample representative means; not paired
B1,B1-M00,8,second_derivative,1748.594,5.680304189510405e-07,difference of equal-sample representative means; not paired
B1,B1-M00,8,second_derivative,1754.0547450980393,-7.459011289872506e-08,difference of equal-sample representative means; not paired
B1,B1-M00,8,second_derivative,1759.5154901960786,-5.101835054506032e-07,difference of equal-sample representative means; not paired
B1,B1-M00,8,second_derivative,1764.976235294118,-5.926249265717793e-07,difference of equal-sample representative means; not paired
B1,B1-M00,8,second_derivative,1770.4369803921572,-5.003463187421417e-07,difference of equal-sample representative means; not paired
B1,B1-M00,8,second_derivative,1775.8977254901963,3.240549162556891e-07,difference of equal-sample representative means; not paired
B1,B1-M00,8,second_derivative,1781.3584705882354,1.2352522038535968e-06,difference of equal-sample representative means; not paired
B1,B1-M00,8,second_derivative,1786.8192156862747,5.325861040736412e-07,difference of equal-sample representative means; not paired
B1,B1-M00,8,second_derivative,1792.279960784314,4.3896911692727295e-07,difference of equal-sample representative means; not paired
B1,B1-M00,8,second_derivative,1797.7407058823533,3.3024207828473033e-07,difference of equal-sample representative means; not paired
B1,B1-M00,8,second_derivative,1803.2014509803923,-2.1112158352599436e-08,difference of equal-sample representative means; not paired
B1,B1-M00,8,second_derivative,1808.6621960784316,1.2376411308037107e-07,difference of equal-sample representative means; not paired
B1,B1-M00,8,second_derivative,1814.1229411764707,7.102101775691123e-07,difference of equal-sample representative means; not paired
B1,B1-M00,8,second_derivative,1819.58368627451,2.2878980953190452e-07,difference of equal-sample representative means; not paired
B1,B1-M00,8,second_derivative,1825.0444313725493,5.236924281067683e-07,difference of equal-sample representative means; not paired
B1,B1-M00,8,second_derivative,1830.5051764705886,3.686720904269594e-08,difference of equal-sample representative means; not paired
B1,B1-M00,8,second_derivative,1835.9659215686277,-6.360536227733193e-07,difference of equal-sample representative means; not paired
B1,B1-M00,8,second_derivative,1841.4266666666667,-1.1083746922369782e-06,difference of equal-sample representative means; not paired
B1,B1-M00,8,second_derivative,1846.887411764706,-1.0986335072794502e-06,difference of equal-sample representative means; not paired
B1,B1-M00,8,second_derivative,1852.3481568627453,-8.364081424556405e-07,difference of equal-sample representative means; not paired
B1,B1-M00,8,second_derivative,1857.8089019607846,-3.526214229278922e-07,difference of equal-sample representative means; not paired
B1,B1-M00,8,second_derivative,1863.269647058824,-5.365517561895617e-07,difference of equal-sample representative means; not paired
B1,B1-M00,8,second_derivative,1868.730392156863,-1.7593855933581003e-06,difference of equal-sample representative means; not paired
B1,B1-M00,8,second_derivative,1874.191137254902,-4.630236228725561e-06,difference of equal-sample representative means; not paired
B1,B1-M00,8,second_derivative,1879.6518823529414,-9.052385795798608e-06,difference of equal-sample representative means; not paired
B1,B1-M00,8,second_derivative,1885.1126274509807,-1.3023096643962202e-05,difference of equal-sample representative means; not paired
B1,B1-M00,8,second_derivative,1890.57337254902,-1.4828525278755728e-05,difference of equal-sample representative means; not paired
B1,B1-M00,8,second_derivative,1896.034117647059,-1.2987086503934755e-05,difference of equal-sample representative means; not paired
B1,B1-M00,8,second_derivative,1901.4948627450983,-7.451162155795424e-06,difference of equal-sample representative means; not paired
B1,B1-M00,8,second_derivative,1906.9556078431374,5.414871926632945e-07,difference of equal-sample representative means; not paired
B1,B1-M00,8,second_derivative,1912.4163529411767,7.606670453964192e-06,difference of equal-sample representative means; not paired
B1,B1-M00,8,second_derivative,1917.877098039216,1.2776524025201176e-05,difference of equal-sample representative means; not paired
B1,B1-M00,8,second_derivative,1923.3378431372553,1.5011717970897872e-05,difference of equal-sample representative means; not paired
B1,B1-M00,8,second_derivative,1928.7985882352943,1.3843292600156977e-05,difference of equal-sample representative means; not paired
B1,B1-M00,8,second_derivative,1934.2593333333336,1.1857826006132706e-05,difference of equal-sample representative means; not paired
B1,B1-M00,8,second_derivative,1939.7200784313727,1.017343965757273e-05,difference of equal-sample representative means; not paired
B1,B1-M00,8,second_derivative,1945.180823529412,7.493240331249413e-06,difference of equal-sample representative means; not paired
B1,B1-M00,8,second_derivative,1950.6415686274513,5.458303451360659e-06,difference of equal-sample representative means; not paired
B1,B1-M00,8,second_derivative,1956.1023137254906,2.404144095531398e-06,difference of equal-sample representative means; not paired
B1,B1-M00,8,second_derivative,1961.5630588235294,3.774897129294638e-07,difference of equal-sample representative means; not paired
B1,B1-M00,8,second_derivative,1967.0238039215687,4.477807397924949e-07,difference of equal-sample representative means; not paired
B1,B1-M00,8,second_derivative,1972.484549019608,1.7537144330541085e-06,difference of equal-sample representative means; not paired
B1,B1-M00,8,second_derivative,1977.9452941176473,1.8118850188950746e-06,difference of equal-sample representative means; not paired
B1,B1-M00,8,second_derivative,1983.4060392156866,3.9660631992563537e-07,difference of equal-sample representative means; not paired
B1,B1-M00,8,second_derivative,1988.866784313726,-2.583665328436603e-06,difference of equal-sample representative means; not paired
B1,B1-M00,8,second_derivative,1994.3275294117648,-2.953351132889346e-06,difference of equal-sample representative means; not paired
B1,B1-M00,8,second_derivative,1999.788274509804,-3.967423614095893e-06,difference of equal-sample representative means; not paired
B1,B1-M00,8,second_derivative,2005.2490196078434,-5.085544021646629e-06,difference of equal-sample representative means; not paired
B1,B1-M00,8,second_derivative,2010.7097647058827,-5.960114653417352e-06,difference of equal-sample representative means; not paired
B1,B1-M00,8,second_derivative,2016.170509803922,-6.092059907389591e-06,difference of equal-sample representative means; not paired
B1,B1-M00,8,second_derivative,2021.6312549019613,-5.278361191194608e-06,difference of equal-sample representative means; not paired
B1,B1-M00,8,second_derivative,2027.092,-4.120199029594334e-06,difference of equal-sample representative means; not paired
B1,B1-M00,8,second_derivative,2032.5527450980394,-2.869282999542416e-06,difference of equal-sample representative means; not paired
B1,B1-M00,8,second_derivative,2038.0134901960787,-3.8133027495360856e-06,difference of equal-sample representative means; not paired
B1,B1-M00,8,second_derivative,2043.474235294118,-4.287426457869545e-06,difference of equal-sample representative means; not paired
B1,B1-M00,8,second_derivative,2048.9349803921573,-3.814855541958646e-06,difference of equal-sample representative means; not paired
B1,B1-M00,8,second_derivative,2054.3957254901966,-3.377984324664987e-06,difference of equal-sample representative means; not paired
B1,B1-M00,8,second_derivative,2059.8564705882354,-1.9006279922583018e-06,difference of equal-sample representative means; not paired
B1,B1-M00,8,second_derivative,2065.3172156862747,1.0974430124189785e-06,difference of equal-sample representative means; not paired
B1,B1-M00,8,second_derivative,2070.777960784314,9.096739125019417e-07,difference of equal-sample representative means; not paired
B1,B1-M00,8,second_derivative,2076.2387058823533,2.3626174865471055e-06,difference of equal-sample representative means; not paired
B1,B1-M00,8,second_derivative,2081.6994509803926,3.7430422846502935e-06,difference of equal-sample representative means; not paired
B1,B1-M00,8,second_derivative,2087.1601960784315,4.004429079013061e-06,difference of equal-sample representative means; not paired
B1,B1-M00,8,second_derivative,2092.6209411764708,4.428458001732701e-06,difference of equal-sample representative means; not paired
B1,B1-M00,8,second_derivative,2098.08168627451,3.2371408828877326e-06,difference of equal-sample representative means; not paired
B1,B1-M00,8,second_derivative,2103.5424313725493,2.1000306225993695e-06,difference of equal-sample representative means; not paired
B1,B1-M00,8,second_derivative,2109.0031764705886,3.4861948992603305e-06,difference of equal-sample representative means; not paired
B1,B1-M00,8,second_derivative,2114.463921568628,2.6930097689195662e-06,difference of equal-sample representative means; not paired
B1,B1-M00,8,second_derivative,2119.924666666667,3.2854817923645182e-06,difference of equal-sample representative means; not paired
B1,B1-M00,8,second_derivative,2125.385411764706,2.534634169274563e-06,difference of equal-sample representative means; not paired
B1,B1-M00,8,second_derivative,2130.8461568627454,1.8547328724244864e-06,difference of equal-sample representative means; not paired
B1,B1-M00,8,second_derivative,2136.3069019607847,1.215204730429398e-06,difference of equal-sample representative means; not paired
B1,B1-M00,8,second_derivative,2141.767647058824,1.6239316038293607e-06,difference of equal-sample representative means; not paired
B1,B1-M00,8,second_derivative,2147.2283921568633,1.1948650859333766e-06,difference of equal-sample representative means; not paired
B1,B1-M00,8,second_derivative,2152.689137254902,1.6686664016719608e-06,difference of equal-sample representative means; not paired
B1,B1-M00,8,second_derivative,2158.1498823529414,4.503317627826063e-07,difference of equal-sample representative means; not paired
B1,B1-M00,8,second_derivative,2163.6106274509807,-1.020792184529865e-06,difference of equal-sample representative means; not paired
B1,B1-M00,8,second_derivative,2169.07137254902,-8.747285802383757e-07,difference of equal-sample representative means; not paired
B1,B1-M00,8,second_derivative,2174.5321176470593,-3.847863319172441e-07,difference of equal-sample representative means; not paired
B1,B1-M00,8,second_derivative,2179.992862745098,1.1655000857116249e-06,difference of equal-sample representative means; not paired
B1,B1-M00,8,second_derivative,2185.4536078431374,1.6546824271726138e-06,difference of equal-sample representative means; not paired
B1,B1-M00,8,second_derivative,2190.9143529411767,7.850622195532063e-07,difference of equal-sample representative means; not paired
B1,B1-M00,8,second_derivative,2196.375098039216,-1.6365153918509208e-06,difference of equal-sample representative means; not paired
B1,B1-M00,8,second_derivative,2201.8358431372553,-2.1830001658575257e-06,difference of equal-sample representative means; not paired
B1,B1-M00,8,second_derivative,2207.2965882352946,-2.2282401407971626e-06,difference of equal-sample representative means; not paired
B1,B1-M00,8,second_derivative,2212.7573333333335,-9.931161515388507e-07,difference of equal-sample representative means; not paired
B1,B1-M00,8,second_derivative,2218.2180784313728,8.078473754713261e-09,difference of equal-sample representative means; not paired
B1,B1-M00,8,second_derivative,2223.678823529412,-1.7404444897077835e-08,difference of equal-sample representative means; not paired
B1,B1-M00,8,second_derivative,2229.1395686274514,-9.836075879347448e-07,difference of equal-sample representative means; not paired
B1,B1-M00,8,second_derivative,2234.6003137254907,-3.2430631058215083e-06,difference of equal-sample representative means; not paired
B1,B1-M00,8,second_derivative,2240.06105882353,-4.763744037002021e-06,difference of equal-sample representative means; not paired
B1,B1-M00,8,second_derivative,2245.521803921569,-3.656063281384358e-06,difference of equal-sample representative means; not paired
B1,B1-M00,8,second_derivative,2250.982549019608,-4.896745023182445e-07,difference of equal-sample representative means; not paired
B1,B1-M00,8,second_derivative,2256.4432941176474,2.7263125720942662e-06,difference of equal-sample representative means; not paired
B1,B1-M00,8,second_derivative,2261.9040392156867,3.7320071776793154e-06,difference of equal-sample representative means; not paired
B1,B1-M00,8,second_derivative,2267.364784313726,7.443634287118552e-06,difference of equal-sample representative means; not paired
B1,B1-M00,8,second_derivative,2272.825529411765,1.4498444367761442e-05,difference of equal-sample representative means; not paired
B1,B1-M00,8,second_derivative,2278.286274509804,2.051721529967843e-05,difference of equal-sample representative means; not paired
B1,B1-M00,8,second_derivative,2283.7470196078434,1.8213447650717964e-05,difference of equal-sample representative means; not paired
B1,B1-M00,8,second_derivative,2289.2077647058827,1.0924283866565917e-05,difference of equal-sample representative means; not paired
B1,B1-M00,8,second_derivative,2294.668509803922,1.0924283866566425e-05,difference of equal-sample representative means; not paired
B1,B1-M00,8,second_derivative,2300.1292549019613,1.0924283866566425e-05,difference of equal-sample representative means; not paired
B1,B1-M00,8,second_derivative,2305.59,1.0924283866566425e-05,difference of equal-sample representative means; not paired
